date,close,adj_close
2014-12-01,60.04999923706055,47.64103698730469
2014-12-02,60.310001373291016,47.84732437133789
2014-12-03,60.470001220703125,47.97425842285156
2014-12-04,60.33000183105469,47.863189697265625
2014-12-05,60.38999938964844,47.910789489746094
2014-12-08,59.83000183105469,47.46651077270508
2014-12-09,59.63999938964844,47.31576919555664
2014-12-10,58.7400016784668,46.60174560546875
2014-12-11,58.779998779296875,46.633480072021484
2014-12-12,57.790000915527344,45.84805679321289
2014-12-15,57.15999984741211,45.34823989868164
2014-12-16,56.9900016784668,45.213382720947266
2014-12-17,57.459999084472656,45.9799690246582
2014-12-18,58.709999084472656,46.98023223876953
2014-12-19,58.869998931884766,47.108272552490234
2014-12-22,59.220001220703125,47.388343811035156
2014-12-23,59.20000076293945,47.37232971191406
2014-12-24,59.310001373291016,47.460357666015625
2014-12-26,59.54999923706055,47.65240478515625
2014-12-29,59.41999816894531,47.54838180541992
2014-12-30,59.029998779296875,47.23630142211914
2014-12-31,58.5,46.812191009521484
2015-01-02,58.36000061035156,46.70016860961914
2015-01-05,57.209999084472656,45.77992630004883
2015-01-06,56.619998931884766,45.307796478271484
2015-01-07,57.36000061035156,45.89995193481445
2015-01-08,58.2599983215332,46.620140075683594
2015-01-09,57.900001525878906,46.332069396972656
2015-01-12,57.56999969482422,46.06798553466797
2015-01-13,57.61000061035156,46.100006103515625
2015-01-14,57.34000015258789,45.883949279785156
2015-01-15,57.209999084472656,45.77992630004883
2015-01-16,57.880001068115234,46.316062927246094
2015-01-20,58.0099983215332,46.42009353637695
2015-01-21,58.439998626708984,46.76417922973633
2015-01-22,59.119998931884766,47.308311462402344
2015-01-23,58.7599983215332,47.02024459838867
2015-01-26,59.15999984741211,47.3403205871582
2015-01-27,58.75,47.012245178222656
2015-01-28,57.970001220703125,46.38808059692383
2015-01-29,58.52000045776367,46.82819747924805
2015-01-30,57.72999954223633,46.19602584838867
2015-02-02,58.47999954223633,46.79618453979492
2015-02-03,59.38999938964844,47.524375915527344
2015-02-04,59.040000915527344,47.24431610107422
2015-02-05,59.68000030517578,47.75643539428711
2015-02-06,59.18000030517578,47.35633087158203
2015-02-09,58.970001220703125,47.18828582763672
2015-02-10,59.470001220703125,47.5883903503418
2015-02-11,59.31999969482422,47.46836471557617
2015-02-12,60.060001373291016,48.060516357421875
2015-02-13,60.439998626708984,48.364593505859375
2015-02-17,60.4900016784668,48.404605865478516
2015-02-18,60.61000061035156,48.50062942504883
2015-02-19,60.599998474121094,48.49262619018555
2015-02-20,61.0099983215332,48.820709228515625
2015-02-23,60.849998474121094,48.69267272949219
2015-02-24,61.130001068115234,48.91673278808594
2015-02-25,61.15999984741211,48.940757751464844
2015-02-26,61.060001373291016,48.860721588134766
2015-02-27,60.90999984741211,48.740699768066406
2015-03-02,61.150001525878906,48.9327392578125
2015-03-03,60.83000183105469,48.67668151855469
2015-03-04,60.54999923706055,48.452613830566406
2015-03-05,60.61000061035156,48.50062942504883
2015-03-06,59.790000915527344,47.844459533691406
2015-03-09,59.869998931884766,47.90848159790039
2015-03-10,58.779998779296875,47.036251068115234
2015-03-11,58.810001373291016,47.06025314331055
2015-03-12,59.5,47.61240005493164
2015-03-13,59.119998931884766,47.308311462402344
2015-03-16,59.83000183105469,47.876461029052734
2015-03-17,59.77000045776367,47.82844924926758
2015-03-18,60.7400016784668,48.60466003417969
2015-03-19,60.220001220703125,48.18854904174805
2015-03-20,61.119998931884766,48.90873718261719
2015-03-23,61.18000030517578,48.95675277709961
2015-03-24,61.0,48.812713623046875
2015-03-25,60.36000061035156,48.300575256347656
2015-03-26,60.060001373291016,48.060516357421875
2015-03-27,60.119998931884766,48.10853576660156
2015-03-30,60.63999938964844,48.52463912963867
2015-03-31,60.02000045776367,48.02851486206055
2015-04-01,60.20000076293945,48.17253494262695
2015-04-02,60.560001373291016,48.46062469482422
2015-04-06,61.060001373291016,48.860721588134766
2015-04-07,60.959999084472656,48.78069305419922
2015-04-08,61.349998474121094,49.09278869628906
2015-04-09,61.59000015258789,49.28483581542969
2015-04-10,61.86000061035156,49.500892639160156
2015-04-13,61.529998779296875,49.236820220947266
2015-04-14,61.7599983215332,49.420860290527344
2015-04-15,62.099998474121094,49.692935943603516
2015-04-16,62.189998626708984,49.764957427978516
2015-04-17,61.41999816894531,49.148799896240234
2015-04-20,61.75,49.41285705566406
2015-04-21,61.93000030517578,49.5568962097168
2015-04-22,62.20000076293945,49.77296829223633
2015-04-23,62.43000030517578,49.957008361816406
2015-04-24,62.650001525878906,50.13306427001953
2015-04-27,62.630001068115234,50.11705017089844
2015-04-28,62.75,50.21307373046875
2015-04-29,62.38999938964844,49.92500305175781
2015-04-30,61.7400016784668,49.40485763549805
2015-05-01,62.29999923706055,49.85298156738281
2015-05-04,62.439998626708984,49.96501159667969
2015-05-05,61.650001525878906,49.33284378051758
2015-05-06,61.47999954223633,49.19681167602539
2015-05-07,61.4900016784668,49.20481872558594
2015-05-08,62.470001220703125,49.98902130126953
2015-05-11,62.099998474121094,49.692935943603516
2015-05-12,61.970001220703125,49.588905334472656
2015-05-13,62.130001068115234,49.71695327758789
2015-05-14,62.790000915527344,50.24508285522461
2015-05-15,62.90999984741211,50.34111785888672
2015-05-18,62.86000061035156,50.30110549926758
2015-05-19,62.75,50.21307373046875
2015-05-20,62.7400016784668,50.20507049560547
2015-05-21,62.9900016784668,50.40512466430664
2015-05-22,62.7400016784668,50.20507049560547
2015-05-26,61.88999938964844,49.52488708496094
2015-05-27,62.34000015258789,49.88499069213867
2015-05-28,62.22999954223633,49.796974182128906
2015-05-29,61.7400016784668,49.40485763549805
2015-06-01,61.70000076293945,49.37285614013672
2015-06-02,61.79999923706055,49.45288848876953
2015-06-03,62.02000045776367,49.62893295288086
2015-06-04,61.41999816894531,49.148799896240234
2015-06-05,61.04999923706055,48.852718353271484
2015-06-08,60.810001373291016,48.66067886352539
2015-06-09,60.65999984741211,48.5406379699707
2015-06-10,61.560001373291016,49.260826110839844
2015-06-11,61.7400016784668,49.40485763549805
2015-06-12,61.310001373291016,49.060768127441406
2015-06-15,60.9900016784668,48.80471420288086
2015-06-16,61.13999938964844,48.92475509643555
2015-06-17,61.18000030517578,48.95675277709961
2015-06-18,61.790000915527344,49.44488525390625
2015-06-19,61.41999816894531,49.148799896240234
2015-06-22,62.15999984741211,49.7409553527832
2015-06-23,62.29999923706055,49.85298156738281
2015-06-24,61.86000061035156,49.500892639160156
2015-06-25,60.959999084472656,49.353546142578125
2015-06-26,60.900001525878906,49.304962158203125
2015-06-29,59.349998474121094,48.05008316040039
2015-06-30,59.45000076293945,48.131038665771484
2015-07-01,59.810001373291016,48.42250061035156
2015-07-02,59.849998474121094,48.45487976074219
2015-07-06,59.13999938964844,47.88005828857422
2015-07-07,59.20000076293945,47.92863845825195
2015-07-08,58.0,46.95711898803711
2015-07-09,58.47999954223633,47.34572219848633
2015-07-10,59.720001220703125,48.349647521972656
2015-07-13,60.18000030517578,48.72206115722656
2015-07-14,60.54999923706055,49.02159881591797
2015-07-15,60.38999938964844,48.892066955566406
2015-07-16,60.83000183105469,49.2483024597168
2015-07-17,60.790000915527344,49.215911865234375
2015-07-20,60.79999923706055,49.224002838134766
2015-07-21,60.650001525878906,49.102561950683594
2015-07-22,60.31999969482422,48.83538818359375
2015-07-23,60.02000045776367,48.5925178527832
2015-07-24,59.380001068115234,48.074378967285156
2015-07-27,58.83000183105469,47.629085540771484
2015-07-28,59.529998779296875,48.19580841064453
2015-07-29,59.900001525878906,48.495365142822266
2015-07-30,59.86000061035156,48.462982177734375
2015-07-31,59.939998626708984,48.52774429321289
2015-08-03,59.75,48.37392044067383
2015-08-04,59.689998626708984,48.325340270996094
2015-08-05,59.939998626708984,48.52774429321289
2015-08-06,59.540000915527344,48.203914642333984
2015-08-07,59.439998626708984,48.12294387817383
2015-08-10,60.220001220703125,48.75444030761719
2015-08-11,59.41999816894531,48.10674285888672
2015-08-12,59.209999084472656,47.93673324584961
2015-08-13,59.150001525878906,47.88816452026367
2015-08-14,59.290000915527344,48.001502990722656
2015-08-17,59.310001373291016,48.01769256591797
2015-08-18,59.029998779296875,47.791011810302734
2015-08-19,58.47999954223633,47.34572219848633
2015-08-20,57.189998626708984,46.301334381103516
2015-08-21,55.560001373291016,44.98167419433594
2015-08-24,53.459999084472656,43.2815055847168
2015-08-25,53.36000061035156,43.20054626464844
2015-08-26,55.16999816894531,44.66592788696289
2015-08-27,56.349998474121094,45.62125778198242
2015-08-28,56.29999923706055,45.58078384399414
2015-08-31,55.86000061035156,45.22455978393555
2015-09-01,54.029998779296875,43.74298095703125
2015-09-02,54.97999954223633,44.51210021972656
2015-09-03,55.09000015258789,44.60116195678711
2015-09-04,54.04999923706055,43.75917434692383
2015-09-08,55.47999954223633,44.91690444946289
2015-09-09,54.939998626708984,44.47971725463867
2015-09-10,55.310001373291016,44.779273986816406
2015-09-11,55.41999816894531,44.86833190917969
2015-09-14,55.150001525878906,44.64974594116211
2015-09-15,55.70000076293945,45.09502029418945
2015-09-16,56.47999954223633,45.72651290893555
2015-09-17,56.400001525878906,45.661739349365234
2015-09-18,55.25,44.7307014465332
2015-09-21,55.40999984741211,44.860233306884766
2015-09-22,54.43000030517578,44.06681442260742
2015-09-23,54.18000030517578,43.86442565917969
2015-09-24,53.9900016784668,43.71058654785156
2015-09-25,54.130001068115234,43.82394027709961
2015-09-28,52.849998474121094,42.78763961791992
2015-09-29,52.83000183105469,42.771453857421875
2015-09-30,53.939998626708984,43.67010498046875
2015-10-01,54.060001373291016,43.767269134521484
2015-10-02,54.9900016784668,44.52020263671875
2015-10-05,56.040000915527344,45.37028503417969
2015-10-06,55.9900016784668,45.32980728149414
2015-10-07,56.61000061035156,45.83177185058594
2015-10-08,57.11000061035156,46.236568450927734
2015-10-09,57.209999084472656,46.31752395629883
2015-10-12,57.150001525878906,46.26894760131836
2015-10-13,56.56999969482422,45.79937744140625
2015-10-14,56.630001068115234,45.84796142578125
2015-10-15,57.560001373291016,46.600887298583984
2015-10-16,57.65999984741211,46.681854248046875
2015-10-19,57.4900016784668,46.544212341308594
2015-10-20,57.38999938964844,46.4632568359375
2015-10-21,57.08000183105469,46.2122802734375
2015-10-22,57.90999984741211,46.88424301147461
2015-10-23,58.52000045776367,47.37810516357422
2015-10-26,58.290000915527344,47.19189453125
2015-10-27,57.970001220703125,46.932823181152344
2015-10-28,58.4900016784668,47.35382080078125
2015-10-29,58.29999923706055,47.20000457763672
2015-10-30,58.06999969482422,47.0137825012207
2015-11-02,58.72999954223633,47.548118591308594
2015-11-03,58.90999984741211,47.69385528564453
2015-11-04,58.689998626708984,47.515743255615234
2015-11-05,58.56999969482422,47.4185905456543
2015-11-06,58.380001068115234,47.264766693115234
2015-11-09,57.75,46.754703521728516
2015-11-10,57.79999923706055,46.79520034790039
2015-11-11,57.70000076293945,46.7142333984375
2015-11-12,57.0,46.14751052856445
2015-11-13,56.40999984741211,45.66984176635742
2015-11-16,57.16999816894531,46.28513717651367
2015-11-17,57.189998626708984,46.301334381103516
2015-11-18,57.86000061035156,46.84376907348633
2015-11-19,58.0099983215332,46.965206146240234
2015-11-20,58.13999938964844,47.07045364379883
2015-11-23,57.90999984741211,46.88424301147461
2015-11-24,57.959999084472656,46.92473220825195
2015-11-25,58.0099983215332,46.965206146240234
2015-11-27,57.93000030517578,46.90044021606445
2015-11-30,57.7599983215332,46.76279830932617
2015-12-01,58.33000183105469,47.224281311035156
2015-12-02,57.7400016784668,46.746620178222656
2015-12-03,57.099998474121094,46.228458404541016
2015-12-04,57.91999816894531,46.89234161376953
2015-12-07,57.41999816894531,46.487545013427734
2015-12-08,56.849998474121094,46.026065826416016
2015-12-09,56.54999923706055,45.783180236816406
2015-12-10,56.5099983215332,45.750797271728516
2015-12-11,55.41999816894531,44.86833190917969
2015-12-14,55.619998931884766,45.03025817871094
2015-12-15,56.16999816894531,45.47552490234375
2015-12-16,57.150001525878906,46.26894760131836
2015-12-17,56.36000061035156,45.629356384277344
2015-12-18,55.560001373291016,44.98167419433594
2015-12-21,55.310001373291016,45.331642150878906
2015-12-22,55.7400016784668,45.6840705871582
2015-12-23,56.540000915527344,46.339744567871094
2015-12-24,56.470001220703125,46.282371520996094
2015-12-28,56.29999923706055,46.14303970336914
2015-12-29,56.790000915527344,46.573585510253906
2015-12-30,56.380001068115234,46.237342834472656
2015-12-31,55.81999969482422,45.77809143066406
2016-01-04,54.83000183105469,44.96619415283203
2016-01-05,54.880001068115234,45.007198333740234
2016-01-06,54.04999923706055,44.32651138305664
2016-01-07,52.790000915527344,43.29318618774414
2016-01-08,52.18000030517578,42.79291915893555
2016-01-11,52.2400016784668,42.842124938964844
2016-01-12,52.58000183105469,43.1209602355957
2016-01-13,51.5099983215332,42.24345779418945
2016-01-14,52.2599983215332,42.85853958129883
2016-01-15,50.779998779296875,41.644775390625
2016-01-19,51.08000183105469,41.89081573486328
2016-01-20,50.2599983215332,41.21832275390625
2016-01-21,50.540000915527344,41.44795227050781
2016-01-22,51.81999969482422,42.4976806640625
2016-01-25,51.04999923706055,41.866207122802734
2016-01-26,51.900001525878906,42.563289642333984
2016-01-27,51.470001220703125,42.21065139770508
2016-01-28,51.75,42.440277099609375
2016-01-29,52.86000061035156,43.350589752197266
2016-02-01,52.7599983215332,43.268585205078125
2016-02-02,51.63999938964844,42.350067138671875
2016-02-03,52.040000915527344,42.6781005859375
2016-02-04,52.189998626708984,42.80112075805664
2016-02-05,51.31999969482422,42.0876350402832
2016-02-08,50.47999954223633,41.398746490478516
2016-02-09,50.20000076293945,41.16912078857422
2016-02-10,50.189998626708984,41.160919189453125
2016-02-11,49.52000045776367,40.6114501953125
2016-02-12,50.38999938964844,41.3249397277832
2016-02-16,51.400001525878906,42.15324401855469
2016-02-17,52.33000183105469,42.91594314575195
2016-02-18,52.11000061035156,42.73552322387695
2016-02-19,52.02000045776367,42.66169738769531
2016-02-22,52.75,43.26038360595703
2016-02-23,51.970001220703125,42.62069320678711
2016-02-24,52.04999923706055,42.686302185058594
2016-02-25,52.61000061035156,43.145572662353516
2016-02-26,52.47999954223633,43.0389518737793
2016-02-29,52.20000076293945,42.809326171875
2016-03-01,53.47999954223633,43.85906219482422
2016-03-02,53.81999969482422,44.13788604736328
2016-03-03,54.220001220703125,44.46593475341797
2016-03-04,54.560001373291016,44.7447624206543
2016-03-07,54.599998474121094,44.777565002441406
2016-03-08,54.0099983215332,44.2937126159668
2016-03-09,54.29999923706055,44.53153610229492
2016-03-10,54.27000045776367,44.506935119628906
2016-03-11,55.36000061035156,45.400848388671875
2016-03-14,55.2400016784668,45.30242919921875
2016-03-15,54.880001068115234,45.007198333740234
2016-03-16,55.400001525878906,45.43365478515625
2016-03-17,55.88999938964844,45.83549499511719
2016-03-18,56.0,45.92571258544922
2016-03-21,56.0,45.92571258544922
2016-03-22,55.93000030517578,45.86830139160156
2016-03-23,55.349998474121094,45.39263916015625
2016-03-24,55.22999954223633,45.294227600097656
2016-03-28,55.400001525878906,45.43365478515625
2016-03-29,55.97999954223633,45.9093132019043
2016-03-30,56.33000183105469,46.19634246826172
2016-03-31,56.060001373291016,45.974918365478516
2016-04-01,56.02000045776367,45.942115783691406
2016-04-04,55.81999969482422,45.77809143066406
2016-04-05,55.02000045776367,45.12201690673828
2016-04-06,55.68000030517578,45.66328430175781
2016-04-07,54.970001220703125,45.08100128173828
2016-04-08,55.54999923706055,45.556663513183594
2016-04-11,55.529998779296875,45.54025650024414
2016-04-12,56.22999954223633,46.114341735839844
2016-04-13,56.90999984741211,46.6720085144043
2016-04-14,56.9900016784668,46.73760986328125
2016-04-15,56.900001525878906,46.663814544677734
2016-04-18,57.310001373291016,47.000038146972656
2016-04-19,57.849998474121094,47.44288635253906
2016-04-20,57.79999923706055,47.401893615722656
2016-04-21,57.52000045776367,47.172271728515625
2016-04-22,57.5099983215332,47.1640625
2016-04-25,57.29999923706055,46.991844177246094
2016-04-26,57.5,47.15586853027344
2016-04-27,57.59000015258789,47.229679107666016
2016-04-28,57.060001373291016,46.795013427734375
2016-04-29,56.810001373291016,46.589996337890625
2016-05-02,57.15999984741211,46.87703323364258
2016-05-03,56.34000015258789,46.20454788208008
2016-05-04,55.810001373291016,45.769893646240234
2016-05-05,55.81999969482422,45.77809143066406
2016-05-06,55.97999954223633,45.9093132019043
2016-05-09,55.849998474121094,45.80268859863281
2016-05-10,56.650001525878906,46.45877456665039
2016-05-11,56.2400016784668,46.12254333496094
2016-05-12,56.22999954223633,46.114341735839844
2016-05-13,55.599998474121094,45.5976676940918
2016-05-16,56.27000045776367,46.14714813232422
2016-05-17,55.84000015258789,45.794490814208984
2016-05-18,55.77000045776367,45.73708724975586
2016-05-19,55.5099983215332,45.52385711669922
2016-05-20,55.88999938964844,45.83549499511719
2016-05-23,55.7599983215332,45.7288932800293
2016-05-24,56.5,46.33576583862305
2016-05-25,56.970001220703125,46.72121047973633
2016-05-26,57.08000183105469,46.81141662597656
2016-05-27,57.13999938964844,46.86062240600586
2016-05-31,57.0,46.745819091796875
2016-06-01,57.08000183105469,46.81141662597656
2016-06-02,57.18000030517578,46.893436431884766
2016-06-03,57.34000015258789,47.02463912963867
2016-06-06,57.689998626708984,47.31167221069336
2016-06-07,57.91999816894531,47.500301361083984
2016-06-08,58.13999938964844,47.68073272705078
2016-06-09,57.720001220703125,47.3362922668457
2016-06-10,56.709999084472656,46.50798416137695
2016-06-13,56.11000061035156,46.01593017578125
2016-06-14,55.72999954223633,45.70428466796875
2016-06-15,55.900001525878906,45.843692779541016
2016-06-16,55.939998626708984,45.87651062011719
2016-06-17,56.09000015258789,45.99951934814453
2016-06-20,56.880001068115234,46.64740753173828
2016-06-21,57.150001525878906,46.86882019042969
2016-06-22,56.349998474121094,46.822303771972656
2016-06-23,57.38999938964844,47.686439514160156
2016-06-24,54.29999923706055,45.11891174316406
2016-06-27,53.290000915527344,44.279685974121094
2016-06-28,54.45000076293945,45.243553161621094
2016-06-29,55.47999954223633,46.09939956665039
2016-06-30,56.22999954223633,46.722591400146484
2016-07-01,56.349998474121094,46.822303771972656
2016-07-05,55.650001525878906,46.240657806396484
2016-07-06,55.7400016784668,46.31544876098633
2016-07-07,55.61000061035156,46.20742416381836
2016-07-08,56.459999084472656,46.91368865966797
2016-07-11,56.95000076293945,47.32084655761719
2016-07-12,57.5,47.777862548828125
2016-07-13,57.47999954223633,47.76123809814453
2016-07-14,57.83000183105469,48.05206298828125
2016-07-15,57.709999084472656,47.95233917236328
2016-07-18,57.88999938964844,48.10190963745117
2016-07-19,57.619998931884766,47.877567291259766
2016-07-20,57.95000076293945,48.151771545410156
2016-07-21,57.779998779296875,48.0105094909668
2016-07-22,57.959999084472656,48.16007995605469
2016-07-25,57.810001373291016,48.03544235229492
2016-07-26,57.90999984741211,48.1185302734375
2016-07-27,57.9900016784668,48.18500900268555
2016-07-28,58.02000045776367,48.20993423461914
2016-07-29,58.349998474121094,48.484130859375
2016-08-01,58.15999984741211,48.326263427734375
2016-08-02,57.79999923706055,48.027130126953125
2016-08-03,57.86000061035156,48.07699203491211
2016-08-04,58.06999969482422,48.2514762878418
2016-08-05,58.439998626708984,48.55891799926758
2016-08-08,58.529998779296875,48.63370895385742
2016-08-09,58.86000061035156,48.90789794921875
2016-08-10,58.83000183105469,48.88297653198242
2016-08-11,59.220001220703125,49.20704650878906
2016-08-12,59.119998931884766,49.12394332885742
2016-08-15,59.369998931884766,49.331668853759766
2016-08-16,59.119998931884766,49.12394332885742
2016-08-17,59.18000030517578,49.17380142211914
2016-08-18,59.38999938964844,49.34828186035156
2016-08-19,59.16999816894531,49.16548538208008
2016-08-22,59.099998474121094,49.10732650756836
2016-08-23,59.220001220703125,49.20704650878906
2016-08-24,59.0,49.024234771728516
2016-08-25,58.869998931884766,48.91621017456055
2016-08-26,58.630001068115234,48.71678924560547
2016-08-29,58.88999938964844,48.932823181152344
2016-08-30,58.779998779296875,48.84143829345703
2016-08-31,58.54999923706055,48.650325775146484
2016-09-01,58.7599983215332,48.82481002807617
2016-09-02,59.220001220703125,49.20704650878906
2016-09-06,59.630001068115234,49.547706604003906
2016-09-07,59.619998931884766,49.539398193359375
2016-09-08,59.459999084472656,49.406463623046875
2016-09-09,58.08000183105469,48.259788513183594
2016-09-12,58.72999954223633,48.79988479614258
2016-09-13,57.689998626708984,47.93572235107422
2016-09-14,57.63999938964844,47.89418411254883
2016-09-15,58.25,48.401039123535156
2016-09-16,57.83000183105469,48.05206298828125
2016-09-19,57.97999954223633,48.17669677734375
2016-09-20,58.189998626708984,48.351192474365234
2016-09-21,59.11000061035156,49.11563491821289
2016-09-22,59.540000915527344,49.47291946411133
2016-09-23,59.130001068115234,49.13225173950195
2016-09-26,58.599998474121094,48.69186782836914
2016-09-27,58.93000030517578,48.966068267822266
2016-09-28,59.310001373291016,49.28181838989258
2016-09-29,58.689998626708984,48.76665115356445
2016-09-30,59.099998474121094,49.10732650756836
2016-10-03,58.97999954223633,49.00762176513672
2016-10-04,58.7400016784668,48.80820083618164
2016-10-05,59.09000015258789,49.09901428222656
2016-10-06,59.0,49.024234771728516
2016-10-07,58.7599983215332,48.82481002807617
2016-10-10,59.040000915527344,49.05746841430664
2016-10-11,58.220001220703125,48.37611389160156
2016-10-12,58.220001220703125,48.37611389160156
2016-10-13,57.970001220703125,48.16838455200195
2016-10-14,58.0099983215332,48.201629638671875
2016-10-17,57.84000015258789,48.060359954833984
2016-10-18,58.349998474121094,48.484130859375
2016-10-19,58.54999923706055,48.650325775146484
2016-10-20,58.459999084472656,48.575531005859375
2016-10-21,58.439998626708984,48.55891799926758
2016-10-24,58.619998931884766,48.70847702026367
2016-10-25,58.529998779296875,48.63370895385742
2016-10-26,58.2599983215332,48.40935134887695
2016-10-27,58.13999938964844,48.30965042114258
2016-10-28,57.95000076293945,48.151771545410156
2016-10-31,57.970001220703125,48.16838455200195
2016-11-01,57.61000061035156,47.86925506591797
2016-11-02,57.189998626708984,47.520259857177734
2016-11-03,57.029998779296875,47.3873291015625
2016-11-04,56.7400016784668,47.1463623046875
2016-11-07,57.900001525878906,48.110225677490234
2016-11-08,58.220001220703125,48.37611389160156
2016-11-09,58.400001525878906,48.52568817138672
2016-11-10,58.2400016784668,48.392738342285156
2016-11-11,57.91999816894531,48.126834869384766
2016-11-14,57.7599983215332,47.99388885498047
2016-11-15,58.2599983215332,48.40935134887695
2016-11-16,58.02000045776367,48.20993423461914
2016-11-17,58.29999923706055,48.44258117675781
2016-11-18,58.02000045776367,48.20993423461914
2016-11-21,58.470001220703125,48.583839416503906
2016-11-22,58.709999084472656,48.783267974853516
2016-11-23,58.56999969482422,48.66693878173828
2016-11-25,58.790000915527344,48.84974670410156
2016-11-28,58.56999969482422,48.66693878173828
2016-11-29,58.720001220703125,48.79157638549805
2016-11-30,58.56999969482422,48.66693878173828
2016-12-01,58.290000915527344,48.43429183959961
2016-12-02,58.38999938964844,48.51737594604492
2016-12-05,58.790000915527344,48.84974670410156
2016-12-06,59.11000061035156,49.11563491821289
2016-12-07,59.91999816894531,49.78867721557617
2016-12-08,60.029998779296875,49.88007736206055
2016-12-09,60.310001373291016,50.11274337768555
2016-12-12,60.119998931884766,49.95486068725586
2016-12-13,60.599998474121094,50.353694915771484
2016-12-14,59.869998931884766,49.74714279174805
2016-12-15,59.959999084472656,49.82191848754883
2016-12-16,59.84000015258789,49.722206115722656
2016-12-19,59.90999984741211,49.78036880493164
2016-12-20,60.119998931884766,49.95486068725586
2016-12-21,59.41999816894531,49.83158493041992
2016-12-22,59.31999969482422,49.74771499633789
2016-12-23,59.36000061035156,49.78126525878906
2016-12-27,59.439998626708984,49.848350524902344
2016-12-28,59.150001525878906,49.60514831542969
2016-12-29,59.2599983215332,49.697391510009766
2016-12-30,59.16999816894531,49.62192916870117
2017-01-03,59.630001068115234,50.00770568847656
2017-01-04,60.13999938964844,50.43539047241211
2017-01-05,60.369998931884766,50.62827682495117
2017-01-06,60.380001068115234,50.63667678833008
2017-01-09,60.2400016784668,50.519264221191406
2017-01-10,60.2400016784668,50.519264221191406
2017-01-11,60.56999969482422,50.79600524902344
2017-01-12,60.540000915527344,50.77085494995117
2017-01-13,60.70000076293945,50.905033111572266
2017-01-17,60.5099983215332,50.745697021484375
2017-01-18,60.40999984741211,50.66183090209961
2017-01-19,60.2400016784668,50.519264221191406
2017-01-20,60.4900016784668,50.728919982910156
2017-01-23,60.5,50.737300872802734
2017-01-24,60.83000183105469,51.01405715942383
2017-01-25,61.43000030517578,51.51723861694336
2017-01-26,61.310001373291016,51.41659927368164
2017-01-27,61.189998626708984,51.31596755981445
2017-01-30,60.79999923706055,50.9888916015625
2017-01-31,60.88999938964844,51.06437683105469
2017-02-01,60.91999816894531,51.08952331542969
2017-02-02,61.0,51.15662384033203
2017-02-03,61.349998474121094,51.45014190673828
2017-02-06,61.119998931884766,51.25726318359375
2017-02-07,61.06999969482422,51.215328216552734
2017-02-08,61.22999954223633,51.34951400756836
2017-02-09,61.47999954223633,51.559165954589844
2017-02-10,61.72999954223633,51.768821716308594
2017-02-13,62.02000045776367,52.01202392578125
2017-02-14,62.150001525878906,52.12105178833008
2017-02-15,62.45000076293945,52.37264633178711
2017-02-16,62.459999084472656,52.38103103637695
2017-02-17,62.41999816894531,52.34748458862305
2017-02-21,62.689998626708984,52.57391357421875
2017-02-22,62.709999084472656,52.5906867980957
2017-02-23,62.7400016784668,52.61585235595703
2017-02-24,62.58000183105469,52.481658935546875
2017-02-27,62.630001068115234,52.52359390258789
2017-02-28,62.41999816894531,52.34748458862305
2017-03-01,63.189998626708984,52.99322509765625
2017-03-02,62.790000915527344,52.65777587890625
2017-03-03,62.939998626708984,52.7835693359375
2017-03-06,62.7599983215332,52.63261795043945
2017-03-07,62.61000061035156,52.50682067871094
2017-03-08,62.400001525878906,52.33070373535156
2017-03-09,62.439998626708984,52.36425018310547
2017-03-10,62.779998779296875,52.64939880371094
2017-03-13,63.02000045776367,52.85066604614258
2017-03-14,62.65999984741211,52.54875946044922
2017-03-15,63.40999984741211,53.1777229309082
2017-03-16,63.540000915527344,53.286746978759766
2017-03-17,63.5099983215332,53.26158142089844
2017-03-20,63.52000045776367,53.269981384277344
2017-03-21,62.90999984741211,52.75840759277344
2017-03-22,63.029998779296875,52.859046936035156
2017-03-23,63.060001373291016,52.88421630859375
2017-03-24,63.08000183105469,52.90098190307617
2017-03-27,63.130001068115234,52.94292068481445
2017-03-28,63.40999984741211,53.1777229309082
2017-03-29,63.439998626708984,53.202880859375
2017-03-30,63.40999984741211,53.1777229309082
2017-03-31,63.2599983215332,53.05192565917969
2017-04-03,63.25,53.043548583984375
2017-04-04,63.27000045776367,53.0603141784668
2017-04-05,63.099998474121094,52.917755126953125
2017-04-06,63.15999984741211,52.96806716918945
2017-04-07,63.099998474121094,52.917755126953125
2017-04-10,63.08000183105469,52.90098190307617
2017-04-11,63.15999984741211,52.96806716918945
2017-04-12,63.0099983215332,52.84226989746094
2017-04-13,62.59000015258789,52.49005889892578
2017-04-17,63.08000183105469,52.90098190307617
2017-04-18,62.77000045776367,52.6410026550293
2017-04-19,62.61000061035156,52.50682067871094
2017-04-20,63.11000061035156,52.926143646240234
2017-04-21,63.02000045776367,52.85066604614258
2017-04-24,63.97999954223633,53.65575408935547
2017-04-25,64.41000366210938,54.016361236572266
2017-04-26,64.27999877929688,53.9073371887207
2017-04-27,64.30000305175781,53.92410659790039
2017-04-28,64.27999877929688,53.9073371887207
2017-05-01,64.44999694824219,54.049896240234375
2017-05-02,64.63999938964844,54.20924377441406
2017-05-03,64.44999694824219,54.049896240234375
2017-05-04,64.58999633789062,54.16730880737305
2017-05-05,65.0199966430664,54.52792739868164
2017-05-08,64.88999938964844,54.41889190673828
2017-05-09,64.87000274658203,54.402137756347656
2017-05-10,65.0199966430664,54.52792739868164
2017-05-11,64.93000030517578,54.45244598388672
2017-05-12,65.01000213623047,54.5195426940918
2017-05-15,65.37000274658203,54.82145309448242
2017-05-16,65.48999786376953,54.92207717895508
2017-05-17,64.5,54.09184265136719
2017-05-18,64.58000183105469,54.158931732177734
2017-05-19,65.25,54.720821380615234
2017-05-22,65.51000213623047,54.93886184692383
2017-05-23,65.54000091552734,54.96402359008789
2017-05-24,65.66999816894531,55.07304382324219
2017-05-25,65.87000274658203,55.24076461791992
2017-05-26,65.83000183105469,55.20722579956055
2017-05-30,65.80000305175781,55.18206024169922
2017-05-31,65.69999694824219,55.09820556640625
2017-06-01,66.23999786376953,55.55105972290039
2017-06-02,66.61000061035156,55.86134719848633
2017-06-05,66.54000091552734,55.802635192871094
2017-06-06,66.37000274658203,55.660072326660156
2017-06-07,66.41000366210938,55.69363784790039
2017-06-08,66.45999908447266,55.735557556152344
2017-06-09,66.2300033569336,55.54267883300781
2017-06-12,66.11000061035156,55.442039489746094
2017-06-13,66.4800033569336,55.7523307800293
2017-06-14,66.38999938964844,55.676856994628906
2017-06-15,66.02999877929688,55.37494659423828
2017-06-16,66.2699966430664,55.57621765136719
2017-06-19,66.66000366210938,55.90329360961914
2017-06-20,65.41000366210938,55.46405792236328
2017-06-21,65.44000244140625,55.489501953125
2017-06-22,65.43000030517578,55.48100662231445
2017-06-23,65.54000091552734,55.574275970458984
2017-06-26,65.69999694824219,55.7099609375
2017-06-27,65.41999816894531,55.47252655029297
2017-06-28,65.93000030517578,55.90498352050781
2017-06-29,65.33000183105469,55.396217346191406
2017-06-30,65.48999786376953,55.531883239746094
2017-07-03,65.56999969482422,55.59971618652344
2017-07-05,65.58000183105469,55.60820007324219
2017-07-06,65.08999633789062,55.19270706176758
2017-07-07,65.33999633789062,55.404693603515625
2017-07-10,65.5,55.54035949707031
2017-07-11,65.5999984741211,55.62516403198242
2017-07-12,66.18000030517578,56.11697006225586
2017-07-13,66.33000183105469,56.24415588378906
2017-07-14,66.72000122070312,56.57485580444336
2017-07-17,66.63999938964844,56.507022857666016
2017-07-18,66.76000213623047,56.60877990722656
2017-07-19,67.12999725341797,56.922515869140625
2017-07-20,67.19999694824219,56.98187255859375
2017-07-21,67.11000061035156,56.905555725097656
2017-07-24,67.05999755859375,56.8631591796875
2017-07-25,67.19999694824219,56.98187255859375
2017-07-26,67.4000015258789,57.151458740234375
2017-07-27,67.2699966430664,57.04123306274414
2017-07-28,67.19999694824219,56.98187255859375
2017-07-31,67.27999877929688,57.04970932006836
2017-08-01,67.5,57.23625564575195
2017-08-02,67.54000091552734,57.27016830444336
2017-08-03,67.4000015258789,57.151458740234375
2017-08-04,67.52999877929688,57.261688232421875
2017-08-07,67.58999633789062,57.31256866455078
2017-08-08,67.4000015258789,57.151458740234375
2017-08-09,67.31999969482422,57.08363342285156
2017-08-10,66.33999633789062,56.25263214111328
2017-08-11,66.3499984741211,56.26111602783203
2017-08-14,66.94000244140625,56.76140594482422
2017-08-15,66.8499984741211,56.685096740722656
2017-08-16,67.16000366210938,56.94795227050781
2017-08-17,66.27999877929688,56.20176696777344
2017-08-18,66.33999633789062,56.25263214111328
2017-08-21,66.4000015258789,56.303524017333984
2017-08-22,66.94000244140625,56.76140594482422
2017-08-23,66.83000183105469,56.66813278198242
2017-08-24,66.79000091552734,56.63420486450195
2017-08-25,67.05000305175781,56.85468292236328
2017-08-28,66.98999786376953,56.80379867553711
2017-08-29,66.94000244140625,56.76140594482422
2017-08-30,67.13999938964844,56.93098449707031
2017-08-31,67.55000305175781,57.278656005859375
2017-09-01,67.70999908447266,57.4143180847168
2017-09-05,67.19000244140625,56.97339630126953
2017-09-06,67.5,57.23625564575195
2017-09-07,67.76000213623047,57.45672607421875
2017-09-08,67.69000244140625,57.39737319946289
2017-09-11,68.30999755859375,57.923099517822266
2017-09-12,68.58999633789062,58.16051483154297
2017-09-13,68.41000366210938,58.007896423339844
2017-09-14,68.44000244140625,58.033329010009766
2017-09-15,68.56999969482422,58.14354705810547
2017-09-18,68.69999694824219,58.25377655029297
2017-09-19,68.83999633789062,58.372493743896484
2017-09-20,68.87000274658203,58.397953033447266
2017-09-21,68.68000030517578,58.23683166503906
2017-09-22,68.69000244140625,58.24531936645508
2017-09-25,68.4000015258789,57.9994010925293
2017-09-26,68.26000213623047,57.880699157714844
2017-09-27,68.36000061035156,57.965484619140625
2017-09-28,68.44000244140625,58.033329010009766
2017-09-29,68.81999969482422,58.355533599853516
2017-10-02,68.9000015258789,58.423377990722656
2017-10-03,69.16999816894531,58.65230178833008
2017-10-04,69.22000122070312,58.69471740722656
2017-10-05,69.48999786376953,58.92367172241211
2017-10-06,69.4000015258789,58.84733581542969
2017-10-09,69.2699966430664,58.73710632324219
2017-10-10,69.66000366210938,59.06781768798828
2017-10-11,69.83999633789062,59.2204475402832
2017-10-12,69.83000183105469,59.211952209472656
2017-10-13,70.0,59.35610580444336
2017-10-16,70.06999969482422,59.415470123291016
2017-10-17,70.0,59.35610580444336
2017-10-18,70.11000061035156,59.44938659667969
2017-10-19,70.05000305175781,59.39852523803711
2017-10-20,70.31999969482422,59.627464294433594
2017-10-23,69.9800033569336,59.33915328979492
2017-10-24,70.0199966430664,59.37308120727539
2017-10-25,69.7699966430664,59.16108703613281
2017-10-26,69.75,59.14412307739258
2017-10-27,70.19000244140625,59.51723098754883
2017-10-30,70.08000183105469,59.423954010009766
2017-10-31,70.30000305175781,59.61050796508789
2017-11-01,70.41999816894531,59.71226119995117
2017-11-02,70.5199966430664,59.79705047607422
2017-11-03,70.58999633789062,59.85638427734375
2017-11-06,70.79000091552734,60.026004791259766
2017-11-07,70.69999694824219,59.949676513671875
2017-11-08,70.83999633789062,60.0683708190918
2017-11-09,70.5,59.78009796142578
2017-11-10,70.37999725341797,59.67832946777344
2017-11-13,70.27999877929688,59.593528747558594
2017-11-14,70.13999938964844,59.47483444213867
2017-11-15,69.79000091552734,59.17805099487305
2017-11-16,70.48999786376953,59.771602630615234
2017-11-17,70.37999725341797,59.67832946777344
2017-11-20,70.5199966430664,59.79705047607422
2017-11-21,71.05999755859375,60.25493240356445
2017-11-22,71.1500015258789,60.331241607666016
2017-11-24,71.3499984741211,60.5008544921875
2017-11-27,71.08999633789062,60.28036117553711
2017-11-28,71.6500015258789,60.75521469116211
2017-11-29,71.37999725341797,60.52627944946289
2017-11-30,71.72000122070312,60.81458282470703
2017-12-01,71.54000091552734,60.661956787109375
2017-12-04,71.36000061035156,60.50931930541992
2017-12-05,71.1500015258789,60.331241607666016
2017-12-06,71.01000213623047,60.21253967285156
2017-12-07,71.19999694824219,60.37363815307617
2017-12-08,71.61000061035156,60.72132110595703
2017-12-11,71.87999725341797,60.95024108886719
2017-12-12,71.87999725341797,60.95024108886719
2017-12-13,72.05000305175781,61.09441375732422
2017-12-14,71.68000030517578,60.78065872192383
2017-12-15,71.97000122070312,61.02656936645508
2017-12-18,72.62999725341797,61.58621597290039
2017-12-19,71.7300033569336,61.38851547241211
2017-12-20,71.68000030517578,61.34572219848633
2017-12-21,71.91999816894531,61.551116943359375
2017-12-22,72.0,61.61958694458008
2017-12-26,71.91999816894531,61.551116943359375
2017-12-27,72.0,61.61958694458008
2017-12-28,72.16000366210938,61.75653076171875
2017-12-29,72.08999633789062,61.69660186767578
2018-01-02,72.7699966430664,62.27858352661133
2018-01-03,73.13999938964844,62.59523010253906
2018-01-04,73.6500015258789,63.03169250488281
2018-01-05,74.12999725341797,63.442481994628906
2018-01-08,74.19999694824219,63.50239562988281
2018-01-09,74.29000091552734,63.579437255859375
2018-01-10,74.12000274658203,63.43394470214844
2018-01-11,74.62999725341797,63.87040710449219
2018-01-12,75.19999694824219,64.35823822021484
2018-01-16,75.06999969482422,64.24698638916016
2018-01-17,75.66000366210938,64.75189971923828
2018-01-18,75.55999755859375,64.66632080078125
2018-01-19,75.91999816894531,64.97442626953125
2018-01-22,76.47000122070312,65.44514465332031
2018-01-23,76.70999908447266,65.6505355834961
2018-01-24,76.77999877929688,65.71044921875
2018-01-25,76.70999908447266,65.6505355834961
2018-01-26,77.54000091552734,66.36087036132812
2018-01-29,76.87000274658203,65.78746795654297
2018-01-30,76.12000274658203,65.14559936523438
2018-01-31,76.19999694824219,65.21406555175781
2018-02-01,76.1500015258789,65.1712646484375
2018-02-02,74.48999786376953,63.75059509277344
2018-02-05,71.52999877929688,61.21733474731445
2018-02-06,73.05000305175781,62.5181999206543
2018-02-07,72.19999694824219,61.7907600402832
2018-02-08,69.83000183105469,59.76243209838867
2018-02-09,70.63999938964844,60.45565414428711
2018-02-12,71.62000274658203,61.294368743896484
2018-02-13,71.75,61.40563201904297
2018-02-14,72.97000122070312,62.449745178222656
2018-02-15,73.79000091552734,63.15150451660156
2018-02-16,73.87000274658203,63.219993591308594
2018-02-20,73.25,62.68937301635742
2018-02-21,72.93000030517578,62.41550064086914
2018-02-22,73.08000183105469,62.54386901855469
2018-02-23,73.98999786376953,63.32270050048828
2018-02-26,74.77999877929688,63.9987907409668
2018-02-27,73.63999938964844,63.02314376831055
2018-02-28,72.79000091552734,62.295692443847656
2018-03-01,71.87999725341797,61.51687240600586
2018-03-02,72.20999908447266,61.7993049621582
2018-03-05,72.77999877929688,62.28712844848633
2018-03-06,73.16000366210938,62.612361907958984
2018-03-07,73.11000061035156,62.56956481933594
2018-03-08,73.37999725341797,62.800628662109375
2018-03-09,74.33000183105469,63.61366653442383
2018-03-12,74.36000061035156,63.63935089111328
2018-03-13,73.86000061035156,63.21143341064453
2018-03-14,73.70999908447266,63.08306884765625
2018-03-15,73.68000030517578,63.05736541748047
2018-03-16,73.6500015258789,63.03169250488281
2018-03-19,72.87000274658203,62.36416244506836
2018-03-20,72.97000122070312,62.449745178222656
2018-03-21,73.04000091552734,62.509639739990234
2018-03-22,71.30999755859375,61.02906036376953
2018-03-23,70.08999633789062,59.984947204589844
2018-03-26,71.7300033569336,61.38851547241211
2018-03-27,70.69999694824219,60.50700378417969
2018-03-28,70.75,60.549800872802734
2018-03-29,71.69999694824219,61.36283874511719
2018-04-02,70.26000213623047,60.13045120239258
2018-04-03,71.01000213623047,60.77231979370117
2018-04-04,71.51000213623047,61.200218200683594
2018-04-05,72.0199966430664,61.63670349121094
2018-04-06,70.81999969482422,60.60969543457031
2018-04-09,71.19000244140625,60.92636489868164
2018-04-10,72.30000305175781,61.8763427734375
2018-04-11,71.9800033569336,61.602481842041016
2018-04-12,72.37999725341797,61.94478988647461
2018-04-13,72.22000122070312,61.807861328125
2018-04-16,72.56999969482422,62.107398986816406
2018-04-17,73.0999984741211,62.56100845336914
2018-04-18,73.33999633789062,62.76639938354492
2018-04-19,73.02999877929688,62.501094818115234
2018-04-20,72.45999908447266,62.01326370239258
2018-04-23,72.36000061035156,61.92769241333008
2018-04-24,71.66999816894531,61.33716583251953
2018-04-25,71.68000030517578,61.34572219848633
2018-04-26,72.26000213623047,61.84211349487305
2018-04-27,72.41000366210938,61.970481872558594
2018-04-30,71.98999786376953,61.611026763916016
2018-05-01,71.91000366210938,61.54257583618164
2018-05-02,71.61000061035156,61.28582763671875
2018-05-03,71.62000274658203,61.294368743896484
2018-05-04,72.22000122070312,61.807861328125
2018-05-07,72.33999633789062,61.91054916381836
2018-05-08,72.37000274658203,61.936241149902344
2018-05-09,72.79000091552734,62.295692443847656
2018-05-10,73.52999877929688,62.92900085449219
2018-05-11,73.69000244140625,63.06592559814453
2018-05-14,73.80000305175781,63.16007995605469
2018-05-15,73.16000366210938,62.612361907958984
2018-05-16,73.48999786376953,62.894775390625
2018-05-17,73.4000015258789,62.817745208740234
2018-05-18,73.1500015258789,62.60380172729492
2018-05-21,73.62000274658203,63.00603103637695
2018-05-22,73.54000091552734,62.93755340576172
2018-05-23,73.38999938964844,62.80918502807617
2018-05-24,73.12000274658203,62.57810974121094
2018-05-25,72.91000366210938,62.398399353027344
2018-05-29,71.80000305175781,61.44844055175781
2018-05-30,72.73999786376953,62.25289535522461
2018-05-31,72.33000183105469,61.90200424194336
2018-06-01,73.08000183105469,62.54386901855469
2018-06-04,73.51000213623047,62.91188430786133
2018-06-05,73.43000030517578,62.843414306640625
2018-06-06,74.12999725341797,63.442481994628906
2018-06-07,73.80000305175781,63.16007995605469
2018-06-08,73.94999694824219,63.288448333740234
2018-06-11,74.19000244140625,63.493858337402344
2018-06-12,74.08999633789062,63.40827560424805
2018-06-13,73.94000244140625,63.27991485595703
2018-06-14,73.91999816894531,63.26277542114258
2018-06-15,73.62999725341797,63.01457214355469
2018-06-18,73.30999755859375,62.7407112121582
2018-06-19,72.01000213623047,62.30979537963867
2018-06-20,72.18000030517578,62.45690155029297
2018-06-21,71.63999938964844,61.989646911621094
2018-06-22,72.0199966430664,62.31844711303711
2018-06-25,71.0,61.43585205078125
2018-06-26,71.0999984741211,61.52239227294922
2018-06-27,70.41000366210938,60.92532730102539
2018-06-28,70.77999877929688,61.24550247192383
2018-06-29,71.12000274658203,61.53969955444336
2018-07-02,70.91000366210938,61.35797882080078
2018-07-03,70.8499984741211,61.306060791015625
2018-07-05,71.36000061035156,61.74736785888672
2018-07-06,71.87999725341797,62.197296142578125
2018-07-09,72.58000183105469,62.803016662597656
2018-07-10,72.7300033569336,62.93281936645508
2018-07-11,71.87000274658203,62.18865966796875
2018-07-12,72.55000305175781,62.77705001831055
2018-07-13,72.66000366210938,62.87224197387695
2018-07-16,72.55999755859375,62.78572082519531
2018-07-17,72.83999633789062,63.02799987792969
2018-07-18,72.87999725341797,63.06261444091797
2018-07-19,72.54000091552734,62.768394470214844
2018-07-20,72.79000091552734,62.984745025634766
2018-07-23,72.79000091552734,62.984745025634766
2018-07-24,73.16000366210938,63.30489730834961
2018-07-25,73.87999725341797,63.92790985107422
2018-07-26,73.56999969482422,63.65964889526367
2018-07-27,73.3499984741211,63.469303131103516
2018-07-30,73.11000061035156,63.261627197265625
2018-07-31,73.30000305175781,63.4260368347168
2018-08-01,73.13999938964844,63.28759765625
2018-08-02,73.0999984741211,63.25297164916992
2018-08-03,73.37000274658203,63.48661422729492
2018-08-06,73.36000061035156,63.47795867919922
2018-08-07,73.69999694824219,63.772159576416016
2018-08-08,73.70999908447266,63.78081130981445
2018-08-09,73.5199966430664,63.61637496948242
2018-08-10,72.6500015258789,62.86359405517578
2018-08-13,72.22000122070312,62.49150848388672
2018-08-14,72.55000305175781,62.77705001831055
2018-08-15,71.69000244140625,62.03290939331055
2018-08-16,72.2300033569336,62.50018310546875
2018-08-17,72.55999755859375,62.78572082519531
2018-08-20,72.83000183105469,63.019344329833984
2018-08-21,73.16999816894531,63.313533782958984
2018-08-22,73.27999877929688,63.40872573852539
2018-08-23,72.93000030517578,63.10588073730469
2018-08-24,73.48999786376953,63.590450286865234
2018-08-27,74.19999694824219,64.2048110961914
2018-08-28,74.23999786376953,64.23939514160156
2018-08-29,74.68000030517578,64.62013244628906
2018-08-30,74.04000091552734,64.06634521484375
2018-08-31,73.80999755859375,63.86734390258789
2018-09-04,73.4000015258789,63.51255798339844
2018-09-05,73.0,63.166439056396484
2018-09-06,72.73999786376953,62.941471099853516
2018-09-07,72.44000244140625,62.68187713623047
2018-09-10,72.55999755859375,62.78572082519531
2018-09-11,72.77999877929688,62.976070404052734
2018-09-12,72.91999816894531,63.09721374511719
2018-09-13,73.41999816894531,63.52987289428711
2018-09-14,73.4800033569336,63.58179473876953
2018-09-17,73.23999786376953,63.374114990234375
2018-09-18,73.76000213623047,63.82406234741211
2018-09-19,73.94999694824219,63.98847579956055
2018-09-20,74.6500015258789,64.59417724609375
2018-09-21,74.69000244140625,64.6287841796875
2018-09-24,74.33999633789062,64.32593536376953
2018-09-25,74.48999786376953,64.45573425292969
2018-09-26,74.44000244140625,64.41246795654297
2018-09-27,74.44000244140625,64.41246795654297
2018-09-28,74.26000213623047,64.2567138671875
2018-10-01,74.47000122070312,64.43843078613281
2018-10-02,74.22000122070312,64.22209167480469
2018-10-03,74.16999816894531,64.17882537841797
2018-10-04,73.37999725341797,63.4952507019043
2018-10-05,72.94999694824219,63.12318420410156
2018-10-08,72.83000183105469,63.019344329833984
2018-10-09,72.69000244140625,62.898223876953125
2018-10-10,70.58000183105469,61.07242965698242
2018-10-11,69.38999938964844,60.042728424072266
2018-10-12,70.2300033569336,60.76958084106445
2018-10-15,69.8499984741211,60.44077682495117
2018-10-16,71.26000213623047,61.66083526611328
2018-10-17,71.06999969482422,61.49642562866211
2018-10-18,69.93000030517578,60.50999069213867
2018-10-19,70.06999969482422,60.631134033203125
2018-10-22,69.88999938964844,60.47538375854492
2018-10-23,69.3499984741211,60.00812911987305
2018-10-24,67.43000030517578,58.34675216674805
2018-10-25,68.38999938964844,59.17744064331055
2018-10-26,67.47000122070312,58.381378173828125
2018-10-29,67.02999877929688,58.000640869140625
2018-10-30,67.98999786376953,58.83131790161133
2018-10-31,68.73999786376953,59.48030090332031
2018-11-01,69.69999694824219,60.310977935791016
2018-11-02,69.56999969482422,60.19849395751953
2018-11-05,69.77999877929688,60.380191802978516
2018-11-06,70.08000183105469,60.63977813720703
2018-11-07,71.36000061035156,61.74736785888672
2018-11-08,70.77999877929688,61.24550247192383
2018-11-09,70.18000030517578,60.72631072998047
2018-11-12,68.88999938964844,59.61008834838867
2018-11-13,68.98999786376953,59.69662094116211
2018-11-14,68.73999786376953,59.48030090332031
2018-11-15,69.4000015258789,60.05137634277344
2018-11-16,69.58000183105469,60.20714569091797
2018-11-19,68.52999877929688,59.29859924316406
2018-11-20,67.27999877929688,58.21697235107422
2018-11-21,67.9000015258789,58.753456115722656
2018-11-23,67.44999694824219,58.36405944824219
2018-11-26,68.44000244140625,59.220699310302734
2018-11-27,68.5199966430664,59.28993225097656
2018-11-28,69.91000366210938,60.49269485473633
2018-11-29,69.62000274658203,60.24174499511719
2018-11-30,69.83000183105469,60.423458099365234
2018-12-03,70.7300033569336,61.20222473144531
2018-12-04,68.75,59.48895263671875
2018-12-06,68.44999694824219,59.229347229003906
2018-12-07,67.13999938964844,58.09581756591797
2018-12-10,66.94000244140625,57.92277145385742
2018-12-11,67.02999877929688,58.000640869140625
2018-12-12,67.73999786376953,58.614994049072266
2018-12-13,67.68000030517578,58.563087463378906
2018-12-14,66.58999633789062,57.619903564453125
2018-12-17,65.58000183105469,56.74597930908203
2018-12-18,64.94999694824219,56.71800994873047
2018-12-19,64.05000305175781,55.932090759277344
2018-12-20,63.4900016784668,55.44307327270508
2018-12-21,62.290000915527344,54.39515686035156
2018-12-24,61.18000030517578,53.42584228515625
2018-12-26,63.439998626708984,55.3994026184082
2018-12-27,63.7400016784668,55.66138458251953
2018-12-28,63.849998474121094,55.795955657958984
2018-12-31,64.16000366210938,56.06684494018555
2019-01-02,64.13999938964844,56.049373626708984
2019-01-03,63.04999923706055,55.09687042236328
2019-01-04,65.05999755859375,56.85332489013672
2019-01-07,65.45999908447266,57.20286560058594
2019-01-08,65.94000244140625,57.62232208251953
2019-01-09,66.55000305175781,58.15536880493164
2019-01-10,66.86000061035156,58.42626953125
2019-01-11,66.62000274658203,58.216556549072266
2019-01-14,66.23999786376953,57.88447952270508
2019-01-15,66.83999633789062,58.40879440307617
2019-01-16,67.02999877929688,58.574825286865234
2019-01-17,67.5199966430664,59.00300979614258
2019-01-18,68.2300033569336,59.62345886230469
2019-01-22,67.33000183105469,58.83698272705078
2019-01-23,67.5,58.98554229736328
2019-01-24,67.62000274658203,59.09040451049805
2019-01-25,68.37000274658203,59.74578857421875
2019-01-28,67.9000015258789,59.33509063720703
2019-01-29,67.91000366210938,59.34382247924805
2019-01-30,68.87000274658203,60.18273162841797
2019-01-31,69.31999969482422,60.57596206665039
2019-02-01,69.23999786376953,60.50604248046875
2019-02-04,69.63999938964844,60.85560607910156
2019-02-05,70.05000305175781,61.21389389038086
2019-02-06,69.77999877929688,60.977935791015625
2019-02-07,69.05000305175781,60.340023040771484
2019-02-08,69.02999877929688,60.322547912597656
2019-02-11,68.94000244140625,60.243900299072266
2019-02-12,69.79000091552734,60.98667526245117
2019-02-13,69.83000183105469,61.021629333496094
2019-02-14,69.79000091552734,60.98667526245117
2019-02-15,70.51000213623047,61.61585235595703
2019-02-19,70.75,61.825584411621094
2019-02-20,70.94000244140625,61.99161148071289
2019-02-21,70.7699966430664,61.84306716918945
2019-02-22,71.19999694824219,62.21881103515625
2019-02-25,71.37999725341797,62.37611770629883
2019-02-26,71.43000030517578,62.4198112487793
2019-02-27,71.27999877929688,62.28872299194336
2019-02-28,71.02999877929688,62.07025146484375
2019-03-01,71.41000366210938,62.40234375
2019-03-04,71.19999694824219,62.21881103515625
2019-03-05,71.20999908447266,62.22755432128906
2019-03-06,70.86000061035156,61.92170715332031
2019-03-07,70.12000274658203,61.275062561035156
2019-03-08,69.94000244140625,61.117767333984375
2019-03-11,70.87000274658203,61.93046569824219
2019-03-12,71.13999938964844,62.166385650634766
2019-03-13,71.55000305175781,62.52468490600586
2019-03-14,71.4800033569336,62.4635009765625
2019-03-15,72.05999755859375,62.97034454345703
2019-03-18,72.45999908447266,63.31988525390625
2019-03-19,72.5199966430664,63.37232208251953
2019-03-20,72.33999633789062,63.21501541137695
2019-03-21,72.8499984741211,63.66068649291992
2019-03-22,71.33999633789062,62.341156005859375
2019-03-25,71.33000183105469,62.33242416381836
2019-03-26,71.81999969482422,62.76061248779297
2019-03-27,71.48999786376953,62.472225189208984
2019-03-28,71.69999694824219,62.655757904052734
2019-03-29,72.1500015258789,63.04898452758789
2019-04-01,73.02999877929688,63.817989349365234
2019-04-02,73.0,63.79175567626953
2019-04-03,73.33999633789062,64.0888900756836
2019-04-04,73.44999694824219,64.18501281738281
2019-04-05,73.7300033569336,64.4296875
2019-04-08,73.81999969482422,64.50833129882812
2019-04-09,73.43000030517578,64.16752624511719
2019-04-10,73.73999786376953,64.43842315673828
2019-04-11,73.51000213623047,64.23744201660156
2019-04-12,74.02999877929688,64.69185638427734
2019-04-15,74.0,64.66563415527344
2019-04-16,74.08000183105469,64.73553466796875
2019-04-17,74.11000061035156,64.7617416381836
2019-04-18,74.12999725341797,64.77923583984375
2019-04-22,74.12000274658203,64.77050018310547
2019-04-23,74.5199966430664,65.12003326416016
2019-04-24,74.11000061035156,64.7617416381836
2019-04-25,74.08999633789062,64.74427795410156
2019-04-26,74.37000274658203,64.98896026611328
2019-04-29,74.55000305175781,65.1462631225586
2019-04-30,74.62000274658203,65.20743560791016
2019-05-01,74.11000061035156,64.7617416381836
2019-05-02,73.94000244140625,64.61321258544922
2019-05-03,74.72000122070312,65.29481506347656
2019-05-06,74.0999984741211,64.75300598144531
2019-05-07,72.83999633789062,63.651947021484375
2019-05-08,72.80000305175781,63.61700439453125
2019-05-09,72.43000030517578,63.293678283691406
2019-05-10,72.87999725341797,63.68690872192383
2019-05-13,71.05000305175781,62.087745666503906
2019-05-14,71.70999908447266,62.66450500488281
2019-05-15,72.0,62.91790771484375
2019-05-16,72.54000091552734,63.38978576660156
2019-05-17,71.98999786376953,62.90916442871094
2019-05-20,71.55000305175781,62.52468490600586
2019-05-21,72.19999694824219,63.09268569946289
2019-05-22,71.91000366210938,62.83927917480469
2019-05-23,71.0999984741211,62.13144302368164
2019-05-24,71.48999786376953,62.472225189208984
2019-05-28,70.87999725341797,61.93919372558594
2019-05-29,70.47000122070312,61.58089828491211
2019-05-30,70.77999877929688,61.85181427001953
2019-05-31,70.08999633789062,61.24882888793945
2019-06-03,70.22000122070312,61.3624382019043
2019-06-04,71.36000061035156,62.358642578125
2019-06-05,71.61000061035156,62.57711410522461
2019-06-06,71.98999786376953,62.90916442871094
2019-06-07,72.75,63.57331085205078
2019-06-10,73.05999755859375,63.84419631958008
2019-06-11,73.2699966430664,64.02770233154297
2019-06-12,72.8499984741211,63.66068649291992
2019-06-13,73.0999984741211,63.879154205322266
2019-06-14,72.77999877929688,63.59951400756836
2019-06-17,71.94000244140625,63.657928466796875
2019-06-18,72.87000274658203,64.48084259033203
2019-06-19,73.11000061035156,64.6932144165039
2019-06-20,73.94000244140625,65.42768096923828
2019-06-21,73.73999786376953,65.25071716308594
2019-06-24,73.66000366210938,65.1799087524414
2019-06-25,73.06999969482422,64.6578369140625
2019-06-26,73.12000274658203,64.70207214355469
2019-06-27,73.4000015258789,64.9498519897461
2019-06-28,73.70999908447266,65.22415161132812
2019-07-01,74.29000091552734,65.73738861083984
2019-07-02,74.47000122070312,65.89665222167969
2019-07-03,74.94000244140625,66.31253814697266
2019-07-05,74.58999633789062,66.00284576416016
2019-07-08,74.19999694824219,65.65774536132812
2019-07-09,74.16000366210938,65.62235260009766
2019-07-10,74.54000091552734,65.95860290527344
2019-07-11,74.62999725341797,66.03823852539062
2019-07-12,74.8499984741211,66.23291015625
2019-07-15,74.91000366210938,66.2860107421875
2019-07-16,74.62999725341797,66.03823852539062
2019-07-17,74.30000305175781,65.74623107910156
2019-07-18,74.6500015258789,66.05593872070312
2019-07-19,74.22000122070312,65.6754379272461
2019-07-22,74.4000015258789,65.83472442626953
2019-07-23,74.80999755859375,66.197509765625
2019-07-24,75.05000305175781,66.40989685058594
2019-07-25,74.48999786376953,65.91434478759766
2019-07-26,74.86000061035156,66.24177551269531
2019-07-29,74.80999755859375,66.197509765625
2019-07-30,74.44999694824219,65.87895965576172
2019-07-31,73.76000213623047,65.26840209960938
2019-08-01,73.16000366210938,64.73748016357422
2019-08-02,72.51000213623047,64.16230773925781
2019-08-05,70.37000274658203,62.26865768432617
2019-08-06,71.16999816894531,62.97657775878906
2019-08-07,71.41999816894531,63.197784423828125
2019-08-08,72.47000122070312,64.12690734863281
2019-08-09,71.9800033569336,63.69331359863281
2019-08-12,71.16999816894531,62.97657775878906
2019-08-13,72.20999908447266,63.89683151245117
2019-08-14,70.1500015258789,62.07399368286133
2019-08-15,70.27999877929688,62.18903350830078
2019-08-16,71.23999786376953,63.038516998291016
2019-08-19,71.83999633789062,63.569435119628906
2019-08-20,71.45999908447266,63.233192443847656
2019-08-21,72.05000305175781,63.75526428222656
2019-08-22,71.94000244140625,63.657928466796875
2019-08-23,70.44000244140625,62.33061218261719
2019-08-26,71.08999633789062,62.905765533447266
2019-08-27,70.9000015258789,62.737648010253906
2019-08-28,71.19000244140625,62.994258880615234
2019-08-29,71.98999786376953,63.70216751098633
2019-08-30,72.12999725341797,63.8260498046875
2019-09-03,71.73999786376953,63.48093795776367
2019-09-04,72.69999694824219,64.3304214477539
2019-09-05,73.48999786376953,65.02947998046875
2019-09-06,73.58999633789062,65.11797332763672
2019-09-09,73.68000030517578,65.19761657714844
2019-09-10,73.69000244140625,65.20647430419922
2019-09-11,74.26000213623047,65.71083068847656
2019-09-12,74.58000183105469,65.99398040771484
2019-09-13,74.66000366210938,66.0647964477539
2019-09-16,74.3499984741211,65.79046630859375
2019-09-17,74.47000122070312,65.89665222167969
2019-09-18,74.43000030517578,65.86126708984375
2019-09-19,74.51000213623047,65.93205261230469
2019-09-20,74.2300033569336,65.68428039550781
2019-09-23,74.12999725341797,65.59580993652344
2019-09-24,73.69000244140625,65.20647430419922
2019-09-25,73.88999938964844,65.38343811035156
2019-09-26,73.80999755859375,65.3126449584961
2019-09-27,73.4000015258789,64.9498519897461
2019-09-30,73.75,65.2595443725586
2019-10-01,72.9000015258789,64.50739288330078
2019-10-02,71.68000030517578,63.427852630615234
2019-10-03,72.27999877929688,63.95879364013672
2019-10-04,73.04000091552734,64.63128662109375
2019-10-07,72.75,64.37467193603516
2019-10-08,71.79000091552734,63.52519226074219
2019-10-09,72.41000366210938,64.07380676269531
2019-10-10,72.9800033569336,64.57818603515625
2019-10-11,73.97000122070312,65.45423126220703
2019-10-14,73.7699966430664,65.27722930908203
2019-10-15,74.51000213623047,65.93205261230469
2019-10-16,74.52999877929688,65.94975280761719
2019-10-17,74.70999908447266,66.10901641845703
2019-10-18,74.45999908447266,65.88780212402344
2019-10-21,75.0,66.36564636230469
2019-10-22,74.76000213623047,66.15326690673828
2019-10-23,75.02999877929688,66.39219665527344
2019-10-24,75.19999694824219,66.5426254272461
2019-10-25,75.41000366210938,66.72844696044922
2019-10-28,75.86000061035156,67.12664031982422
2019-10-29,75.7699966430664,67.04698181152344
2019-10-30,75.94999694824219,67.20626068115234
2019-10-31,75.7699966430664,67.04698181152344
2019-11-01,76.54000091552734,67.72835540771484
2019-11-04,76.87000274658203,68.02035522460938
2019-11-05,76.88999938964844,68.03805541992188
2019-11-06,76.8499984741211,68.0026626586914
2019-11-07,77.16999816894531,68.28581237792969
2019-11-08,77.16999816894531,68.28581237792969
2019-11-11,76.98999786376953,68.12654876708984
2019-11-12,76.94000244140625,68.08228302001953
2019-11-13,76.87000274658203,68.02035522460938
2019-11-14,76.87999725341797,68.0291976928711
2019-11-15,77.38999938964844,68.48049926757812
2019-11-18,77.45999908447266,68.54243469238281
2019-11-19,77.37000274658203,68.46280670166016
2019-11-20,77.04000091552734,68.17079162597656
2019-11-21,77.01000213623047,68.14424133300781
2019-11-22,77.08000183105469,68.2061767578125
2019-11-25,77.66999816894531,68.72825622558594
2019-11-26,77.7300033569336,68.7813491821289
2019-11-27,78.0199966430664,69.03797912597656
2019-11-29,77.54000091552734,68.61322021484375
2019-12-02,77.04000091552734,68.17079162597656
2019-12-03,76.6500015258789,67.82569885253906
2019-12-04,77.18000030517578,68.29466247558594
2019-12-05,77.26000213623047,68.3654556274414
2019-12-06,77.87000274658203,68.90523529052734
2019-12-09,77.62000274658203,68.68401336669922
2019-12-10,77.56999969482422,68.63976287841797
2019-12-11,77.94000244140625,68.96717834472656
2019-12-12,78.62999725341797,69.57772827148438
2019-12-13,78.87999725341797,69.7989730834961
2019-12-16,78.51000213623047,70.31212615966797
2019-12-17,78.5,70.30317687988281
2019-12-18,78.55000305175781,70.34795379638672
2019-12-19,78.7300033569336,70.5091552734375
2019-12-20,78.87000274658203,70.63452911376953
2019-12-23,79.05000305175781,70.79574584960938
2019-12-24,79.06999969482422,70.81364440917969
2019-12-26,79.5,71.1987533569336
2019-12-27,79.55000305175781,71.2435302734375
2019-12-30,79.06999969482422,70.81364440917969
2019-12-31,79.25,70.974853515625
2020-01-02,80.06999969482422,71.709228515625
2020-01-03,79.37999725341797,71.09127044677734
2020-01-06,79.55999755859375,71.25248718261719
2020-01-07,79.36000061035156,71.0733642578125
2020-01-08,79.75,71.42264556884766
2020-01-09,80.19999694824219,71.8256607055664
2020-01-10,80.0199966430664,71.6644515991211
2020-01-13,80.62000274658203,72.2018051147461
2020-01-14,80.55000305175781,72.13910675048828
2020-01-15,80.5,72.0943374633789
2020-01-16,81.08999633789062,72.62271881103516
2020-01-17,81.30999755859375,72.81974029541016
2020-01-21,80.87000274658203,72.42569732666016
2020-01-22,80.93000030517578,72.47944641113281
2020-01-23,80.94000244140625,72.48839569091797
2020-01-24,80.2699966430664,71.88834381103516
2020-01-27,78.77999877929688,70.55392456054688
2020-01-28,79.5199966430664,71.2166519165039
2020-01-29,79.51000213623047,71.20770263671875
2020-01-30,79.51000213623047,71.20770263671875
2020-01-31,78.11000061035156,69.95389556884766
2020-02-03,78.63999938964844,70.42853546142578
2020-02-04,79.98999786376953,71.63758087158203
2020-02-05,80.75,72.3182144165039
2020-02-06,80.91000366210938,72.4615249633789
2020-02-07,80.37999725341797,71.98684692382812
2020-02-10,80.77999877929688,72.34508514404297
2020-02-11,81.19000244140625,72.7122802734375
2020-02-12,81.7300033569336,73.19590759277344
2020-02-13,81.36000061035156,72.86453247070312
2020-02-14,81.44000244140625,72.93618774414062
2020-02-18,81.12000274658203,72.64958953857422
2020-02-19,81.45999908447266,72.95409393310547
2020-02-20,80.98999786376953,72.53317260742188
2020-02-21,80.36000061035156,71.96894073486328
2020-02-24,77.5999984741211,69.49713897705078
2020-02-25,75.61000061035156,67.71492767333984
2020-02-26,75.68000030517578,67.77763366699219
2020-02-27,73.02999877929688,65.40435028076172
2020-02-28,72.26000213623047,64.71472930908203
2020-03-02,74.6500015258789,66.85518646240234
2020-03-03,72.87000274658203,65.26103973388672
2020-03-04,75.86000061035156,67.93885040283203
2020-03-05,73.54000091552734,65.86109161376953
2020-03-06,72.2300033569336,64.68788146972656
2020-03-09,66.79000091552734,59.815895080566406
2020-03-10,69.86000061035156,62.56535339355469
2020-03-11,66.25,59.33229446411133
2020-03-12,59.7400016784668,53.50205612182617
2020-03-13,64.0199966430664,57.335140228271484
2020-03-16,56.84000015258789,50.904869079589844
2020-03-17,60.38999938964844,54.08418273925781
2020-03-18,56.7599983215332,50.833221435546875
2020-03-19,57.119998931884766,51.15563201904297
2020-03-20,55.310001373291016,49.53462600708008
2020-03-23,54.33000183105469,48.65695571899414
2020-03-24,58.75,52.61543273925781
2020-03-25,60.36000061035156,54.057315826416016
2020-03-26,63.540000915527344,56.90526580810547
2020-03-27,61.68000030517578,55.23948669433594
2020-03-30,63.040000915527344,56.45746994018555
2020-03-31,62.56999969482422,56.03655242919922
2020-04-01,59.70000076293945,53.46622848510742
2020-04-02,60.900001525878906,54.540931701660156
2020-04-03,59.9900016784668,53.7259521484375
2020-04-06,63.689998626708984,57.03960037231445
2020-04-07,63.7599983215332,57.102298736572266
2020-04-08,65.30000305175781,58.48149490356445
2020-04-09,66.25,59.33229446411133
2020-04-13,65.72000122070312,58.85763168334961
2020-04-14,67.41000366210938,60.37116622924805
2020-04-15,65.7300033569336,58.86659240722656
2020-04-16,66.01000213623047,59.117347717285156
2020-04-17,67.80999755859375,60.729400634765625
2020-04-20,66.81999969482422,59.8427734375
2020-04-21,64.7699966430664,58.0068244934082
2020-04-22,66.29000091552734,59.36811447143555
2020-04-23,66.22000122070312,59.305419921875
2020-04-24,66.9000015258789,59.91442108154297
2020-04-27,67.98999786376953,60.89059066772461
2020-04-28,68.0,60.89955520629883
2020-04-29,69.80000305175781,62.5116081237793
2020-04-30,68.72000122070312,61.544368743896484
2020-05-01,66.91000366210938,59.92337417602539
2020-05-04,67.12999725341797,60.12039566040039
2020-05-05,67.5999984741211,60.54132080078125
2020-05-06,67.23999786376953,60.21891784667969
2020-05-07,68.12999725341797,61.01597595214844
2020-05-08,69.26000213623047,62.02799606323242
2020-05-11,69.33000183105469,62.09069061279297
2020-05-12,68.16000366210938,61.0428581237793
2020-05-13,67.26000213623047,60.23682403564453
2020-05-14,67.68000030517578,60.612979888916016
2020-05-15,67.73999786376953,60.66670608520508
2020-05-18,70.04000091552734,62.7265510559082
2020-05-19,69.33000183105469,62.09069061279297
2020-05-20,70.48999786376953,63.129554748535156
2020-05-21,69.87000274658203,62.574302673339844
2020-05-22,69.79000091552734,62.502647399902344
2020-05-26,71.0999984741211,63.67586898803711
2020-05-27,71.98999786376953,64.4729232788086
2020-05-28,72.05000305175781,64.52667236328125
2020-05-29,72.22000122070312,64.67890930175781
2020-06-01,73.13999938964844,65.50284576416016
2020-06-02,73.94000244140625,66.21932220458984
2020-06-03,75.1500015258789,67.30297088623047
2020-06-04,74.73999786376953,66.93578338623047
2020-06-05,76.44999694824219,68.46722412109375
2020-06-08,77.33999633789062,69.2642822265625
2020-06-09,76.66000366210938,68.65530395507812
2020-06-10,76.44999694824219,68.46722412109375
2020-06-11,72.1500015258789,64.61622619628906
2020-06-12,73.19000244140625,65.54761505126953
2020-06-15,73.06999969482422,65.99378967285156
2020-06-16,74.27999877929688,67.08661651611328
2020-06-17,74.23999786376953,67.05048370361328
2020-06-18,74.1500015258789,66.96920776367188
2020-06-19,73.7300033569336,66.58988952636719
2020-06-22,74.47000122070312,67.25822448730469
2020-06-23,74.81999969482422,67.5743179321289
2020-06-24,73.05999755859375,65.9847640991211
2020-06-25,73.83999633789062,66.68922424316406
2020-06-26,72.41000366210938,65.397705078125
2020-06-29,73.23999786376953,66.14732360839844
2020-06-30,73.72000122070312,66.58084106445312
2020-07-01,74.2699966430664,67.07756042480469
2020-07-02,74.95999908447266,67.70075988769531
2020-07-06,76.4000015258789,69.00131225585938
2020-07-07,75.51000213623047,68.19750213623047
2020-07-08,76.29000091552734,68.9019546508789
2020-07-09,75.81999969482422,68.47748565673828
2020-07-10,76.43000030517578,69.02840423583984
2020-07-13,75.76000213623047,68.42327880859375
2020-07-14,76.69999694824219,69.27224731445312
2020-07-15,77.45999908447266,69.95865631103516
2020-07-16,76.98999786376953,69.53417205810547
2020-07-17,77.26000213623047,69.77802276611328
2020-07-20,77.94000244140625,70.39216613769531
2020-07-21,78.18000030517578,70.60892486572266
2020-07-22,78.43000030517578,70.83472442626953
2020-07-23,77.62000274658203,70.10317993164062
2020-07-24,77.16000366210938,69.68771362304688
2020-07-27,78.0199966430664,70.46442413330078
2020-07-28,77.48999786376953,69.98575592041016
2020-07-29,78.41000366210938,70.816650390625
2020-07-30,77.9000015258789,70.35604858398438
2020-07-31,77.66999816894531,70.1483154296875
2020-08-03,78.48999786376953,70.8888931274414
2020-08-04,78.9000015258789,71.25921630859375
2020-08-05,79.44000244140625,71.74691009521484
2020-08-06,79.72000122070312,71.9997787475586
2020-08-07,79.36000061035156,71.67464447021484
2020-08-10,79.55999755859375,71.85528564453125
2020-08-11,79.27999877929688,71.60240936279297
2020-08-12,80.52999877929688,72.7313461303711
2020-08-13,80.36000061035156,72.57779693603516
2020-08-14,80.18000030517578,72.4152603149414
2020-08-17,80.76000213623047,72.93907928466797
2020-08-18,80.8499984741211,73.02037048339844
2020-08-19,80.41000366210938,72.62298583984375
2020-08-20,80.48999786376953,72.6952133178711
2020-08-21,80.62000274658203,72.8126220703125
2020-08-24,81.4800033569336,73.58935546875
2020-08-25,81.80000305175781,73.87834930419922
2020-08-26,82.47000122070312,74.48347473144531
2020-08-27,82.22000122070312,74.2576904296875
2020-08-28,82.8499984741211,74.82666015625
2020-08-31,82.3499984741211,74.37510681152344
2020-09-01,83.05999755859375,75.01634216308594
2020-09-02,84.01000213623047,75.87435150146484
2020-09-03,81.44999694824219,73.562255859375
2020-09-04,81.05000305175781,73.20100402832031
2020-09-08,79.1500015258789,71.48500061035156
2020-09-09,80.69999694824219,72.8848876953125
2020-09-10,79.51000213623047,71.81012725830078
2020-09-11,79.80000305175781,72.0720443725586
2020-09-14,80.77999877929688,72.95714569091797
2020-09-15,81.31999969482422,73.44483947753906
2020-09-16,81.0999984741211,73.24614715576172
2020-09-17,80.66000366210938,72.84876251220703
2020-09-18,79.9000015258789,72.162353515625
2020-09-21,78.80000305175781,71.16888427734375
2020-09-22,79.16999816894531,71.50305938720703
2020-09-23,77.69999694824219,70.1754150390625
2020-09-24,77.73999786376953,70.21153259277344
2020-09-25,78.58999633789062,70.97921752929688
2020-09-28,79.83999633789062,72.10818481445312
2020-09-29,79.55999755859375,71.85528564453125
2020-09-30,79.91999816894531,72.18042755126953
2020-10-01,80.5199966430664,72.7223129272461
2020-10-02,79.91000366210938,72.17139434814453
2020-10-05,81.2300033569336,73.36355590820312
2020-10-06,80.36000061035156,72.57779693603516
2020-10-07,81.45999908447266,73.5712890625
2020-10-08,82.12000274658203,74.1673812866211
2020-10-09,82.81999969482422,74.79957580566406
2020-10-12,83.79000091552734,75.6756362915039
2020-10-13,83.2300033569336,75.16987609863281
2020-10-14,82.83000183105469,74.80862426757812
2020-10-15,82.4000015258789,74.42024993896484
2020-10-16,82.44999694824219,74.46541595458984
2020-10-19,81.63999938964844,73.7338638305664
2020-10-20,82.02999877929688,74.08609008789062
2020-10-21,81.83000183105469,73.90547180175781
2020-10-22,82.08999633789062,74.1402816772461
2020-10-23,82.44000244140625,74.45639038085938
2020-10-26,81.05000305175781,73.20100402832031
2020-10-27,80.77999877929688,72.95714569091797
2020-10-28,78.19999694824219,70.6269760131836
2020-10-29,78.81999969482422,71.18694305419922
2020-10-30,78.13999938964844,70.57280731201172
2020-11-02,79.0,71.34951782226562
2020-11-03,80.44999694824219,72.65911102294922
2020-11-04,82.1500015258789,74.19447326660156
2020-11-05,83.81999969482422,75.7027359008789
2020-11-06,83.93000030517578,75.80208587646484
2020-11-09,85.1500015258789,76.9039306640625
2020-11-10,85.08000183105469,76.84071350097656
2020-11-11,85.79000091552734,77.48197174072266
2020-11-12,84.86000061035156,76.64203643798828
2020-11-13,86.0,77.67162322998047
2020-11-16,87.05999755859375,78.62897491455078
2020-11-17,86.8499984741211,78.4393081665039
2020-11-18,86.12000274658203,77.7800064086914
2020-11-19,86.55999755859375,78.17740631103516
2020-11-20,86.3499984741211,77.98772430419922
2020-11-23,86.66999816894531,78.27674865722656
2020-11-24,87.95999908447266,79.44181823730469
2020-11-25,87.87000274658203,79.36053466796875
2020-11-27,88.41000366210938,79.8482437133789
2020-11-30,87.33000183105469,78.8728256225586
2020-12-01,88.56999969482422,79.99274444580078
2020-12-02,88.75,80.15531158447266
2020-12-03,88.9000015258789,80.29078674316406
2020-12-04,89.68000030517578,80.99524688720703
2020-12-07,89.47000122070312,80.80558013916016
2020-12-08,89.77999877929688,81.0855712890625
2020-12-09,89.1500015258789,80.51657104492188
2020-12-10,89.38999938964844,80.73333740234375
2020-12-11,89.16000366210938,80.52560424804688
2020-12-14,88.20999908447266,80.28533172607422
2020-12-15,89.33000183105469,81.30469512939453
2020-12-16,89.55000305175781,81.50493621826172
2020-12-17,90.19000244140625,82.08744812011719
2020-12-18,89.77999877929688,81.71427154541016
2020-12-21,89.20999908447266,81.19547271728516
2020-12-22,89.05999755859375,81.0589599609375
2020-12-23,89.4800033569336,81.44122314453125
2020-12-24,89.58999633789062,81.54134368896484
2020-12-28,90.18000030517578,82.07833862304688
2020-12-29,90.36000061035156,82.24217987060547
2020-12-30,90.66000366210938,82.51522064208984
2020-12-31,90.72000122070312,82.56982421875
2021-01-04,90.22000122070312,82.11474609375
2021-01-05,91.1500015258789,82.96119689941406
2021-01-06,91.66000366210938,83.42537689208984
2021-01-07,92.62000274658203,84.29913330078125
2021-01-08,93.44000244140625,85.04546356201172
2021-01-11,92.62000274658203,84.29913330078125
2021-01-12,92.94999694824219,84.5994873046875
2021-01-13,93.01000213623047,84.65409851074219
2021-01-14,93.1500015258789,84.7815170288086
2021-01-15,92.16999816894531,83.88956451416016
2021-01-19,93.02999877929688,84.67229461669922
2021-01-20,94.19000244140625,85.72809600830078
2021-01-21,94.20999908447266,85.74629211425781
2021-01-22,93.7699966430664,85.34581756591797
2021-01-25,94.08000183105469,85.62798309326172
2021-01-26,93.79000091552734,85.36402130126953
2021-01-27,91.4800033569336,83.26155853271484
2021-01-28,92.25,83.96237182617188
2021-01-29,90.44000244140625,82.31498718261719
2021-02-01,91.9800033569336,83.71663665771484
2021-02-02,93.1500015258789,84.7815170288086
2021-02-03,93.30999755859375,84.92713928222656
2021-02-04,93.94999694824219,85.5096435546875
2021-02-05,94.48999786376953,86.00113677978516
2021-02-08,95.19999694824219,86.64734649658203
2021-02-09,95.38999938964844,86.82028198242188
2021-02-10,95.41000366210938,86.83848571777344
2021-02-11,95.87999725341797,87.26625061035156
2021-02-12,96.33999633789062,87.6849365234375
2021-02-16,96.5199966430664,87.84876251220703
2021-02-17,96.33000183105469,87.67584991455078
2021-02-18,95.66000366210938,87.06603240966797
2021-02-19,95.83000183105469,87.22075653076172
2021-02-22,94.83999633789062,86.31968688964844
2021-02-23,94.91000366210938,86.3833999633789
2021-02-24,95.44999694824219,86.87489318847656
2021-02-25,93.33999633789062,84.95446014404297
2021-02-26,92.51000213623047,84.19902038574219
2021-03-01,94.63999938964844,86.13764953613281
2021-03-02,94.02999877929688,85.58245849609375
2021-03-03,93.0,84.64498138427734
2021-03-04,91.66999816894531,83.4344711303711
2021-03-05,92.95999908447266,84.60858917236328
2021-03-08,92.13999938964844,83.86225891113281
2021-03-09,93.70999908447266,85.29120635986328
2021-03-10,94.12999725341797,85.67346954345703
2021-03-11,95.3499984741211,86.78387451171875
2021-03-12,95.16999816894531,86.62005615234375
2021-03-15,95.68000030517578,87.084228515625
2021-03-16,95.66999816894531,87.07511901855469
2021-03-17,95.94999694824219,87.3299560546875
2021-03-18,94.66000366210938,86.15586853027344
2021-03-19,94.7300033569336,86.2195816040039
2021-03-22,95.20999908447266,86.65644836425781
2021-03-23,94.12999725341797,85.67346954345703
2021-03-24,93.3499984741211,84.96354675292969
2021-03-25,93.7699966430664,85.34581756591797
2021-03-26,95.33000183105469,86.76568603515625
2021-03-29,95.11000061035156,86.56544494628906
2021-03-30,94.95999908447266,86.42890930175781
2021-03-31,95.1500015258789,86.60183715820312
2021-04-01,96.38999938964844,87.73043823242188
2021-04-05,97.45999908447266,88.7043228149414
2021-04-06,97.3499984741211,88.60419464111328
2021-04-07,97.19000244140625,88.45855712890625
2021-04-08,97.79000091552734,89.00466918945312
2021-04-09,98.2300033569336,89.40514373779297
2021-04-12,97.95999908447266,89.15939331054688
2021-04-13,98.41999816894531,89.57807159423828
2021-04-14,98.36000061035156,89.52346801757812
2021-04-15,99.29000091552734,90.36990356445312
2021-04-16,99.68000030517578,90.72486877441406
2021-04-19,99.2699966430664,90.3517074584961
2021-04-20,98.20999908447266,89.38693237304688
2021-04-21,99.08000183105469,90.17877960205078
2021-04-22,98.4800033569336,89.63268280029297
2021-04-23,99.55000305175781,90.60655212402344
2021-04-26,99.76000213623047,90.79767608642578
2021-04-27,99.72000122070312,90.76128387451172
2021-04-28,99.87999725341797,90.90690612792969
2021-04-29,100.12000274658203,91.12535858154297
2021-04-30,99.19000244140625,90.27890014648438
2021-05-03,99.58000183105469,90.63385772705078
2021-05-04,98.63999938964844,89.7782974243164
2021-05-05,99.0,90.10595703125
2021-05-06,99.70999908447266,90.75218200683594
2021-05-07,100.61000061035156,91.57132720947266
2021-05-10,99.62000274658203,90.67027282714844
2021-05-11,98.80000305175781,89.9239501953125
2021-05-12,96.76000213623047,88.06719970703125
2021-05-13,97.54000091552734,88.77713775634766
2021-05-14,99.08000183105469,90.17877960205078
2021-05-17,98.93000030517578,90.04224395751953
2021-05-18,98.66000366210938,89.79651641845703
2021-05-19,98.19999694824219,89.37782287597656
2021-05-20,99.33000183105469,90.40631103515625
2021-05-21,99.22000122070312,90.30619812011719
2021-05-24,100.0,91.01612091064453
2021-05-25,100.0,91.01612091064453
2021-05-26,100.23999786376953,91.23456573486328
2021-05-27,100.3499984741211,91.33468627929688
2021-05-28,100.6500015258789,91.60771942138672
2021-06-01,100.9800033569336,91.90808868408203
2021-06-02,101.08999633789062,92.00818634033203
2021-06-03,100.55999755859375,91.52581787109375
2021-06-04,101.48999786376953,92.37225341796875
2021-06-07,101.5199966430664,92.3995590209961
2021-06-08,101.47000122070312,92.35406494140625
2021-06-09,101.20999908447266,92.1174087524414
2021-06-10,100.98999786376953,92.57943725585938
2021-06-11,101.18000030517578,92.75363159179688
2021-06-14,101.44000244140625,92.99198150634766
2021-06-15,101.23999786376953,92.80862426757812
2021-06-16,100.58999633789062,92.21275329589844
2021-06-17,100.4000015258789,92.03858947753906
2021-06-18,99.06999969482422,90.8193359375
2021-06-21,100.23999786376953,91.89190673828125
2021-06-22,100.6500015258789,92.26775360107422
2021-06-23,100.45999908447266,92.09358978271484
2021-06-24,101.16999816894531,92.74444580078125
2021-06-25,101.58000183105469,93.12030792236328
2021-06-28,101.55000305175781,93.09281921386719
2021-06-29,101.58999633789062,93.12947082519531
2021-06-30,101.19000244140625,92.7627944946289
2021-07-01,101.61000061035156,93.14781188964844
2021-07-02,102.08000183105469,93.57868957519531
2021-07-06,101.6500015258789,93.18448638916016
2021-07-07,101.87000274658203,93.38617706298828
2021-07-08,100.75,92.35944366455078
2021-07-09,102.08000183105469,93.57868957519531
2021-07-12,102.37999725341797,93.85368347167969
2021-07-13,102.02999877929688,93.5328369140625
2021-07-14,102.16999816894531,93.66117858886719
2021-07-15,101.73999786376953,93.26697540283203
2021-07-16,100.97000122070312,92.56111145019531
2021-07-19,99.44000244140625,91.15853881835938
2021-07-20,100.54000091552734,92.16692352294922
2021-07-21,101.5999984741211,93.13865661621094
2021-07-22,101.7699966430664,93.29449462890625
2021-07-23,102.41000366210938,93.88118743896484
2021-07-26,102.3499984741211,93.82617950439453
2021-07-27,101.66000366210938,93.19364929199219
2021-07-28,102.12999725341797,93.62451171875
2021-07-29,102.69000244140625,94.13787078857422
2021-07-30,102.11000061035156,93.6061782836914
2021-08-02,102.16000366210938,93.65201568603516
2021-08-03,102.88999938964844,94.32122039794922
2021-08-04,102.68000030517578,94.12870025634766
2021-08-05,103.12000274658203,94.53206634521484
2021-08-06,102.94999694824219,94.37621307373047
2021-08-09,103.0,94.42205810546875
2021-08-10,103.12999725341797,94.54121398925781
2021-08-11,103.44999694824219,94.8345718383789
2021-08-12,103.5,94.88042449951172
2021-08-13,103.76000213623047,95.11875915527344
2021-08-16,103.62000274658203,94.99041748046875
2021-08-17,102.66000366210938,94.11035919189453
2021-08-18,101.95999908447266,93.46866607666016
2021-08-19,101.41999816894531,92.97364044189453
2021-08-20,102.0199966430664,93.52366638183594
2021-08-23,103.05000305175781,94.46788024902344
2021-08-24,103.5199966430664,94.89875030517578
2021-08-25,103.6500015258789,95.0179214477539
2021-08-26,102.98999786376953,94.41288757324219
2021-08-27,103.9800033569336,95.3204345703125
2021-08-30,104.26000213623047,95.57711791992188
2021-08-31,104.33000183105469,95.64129638671875
2021-09-01,104.76000213623047,96.03547668457031
2021-09-02,105.05000305175781,96.30133056640625
2021-09-03,105.29000091552734,96.5213394165039
2021-09-07,105.12999725341797,96.3746566772461
2021-09-08,104.56999969482422,95.86129760742188
2021-09-09,104.29000091552734,95.6046142578125
2021-09-10,103.68000030517578,95.04542541503906
2021-09-13,104.05999755859375,95.39376068115234
2021-09-14,103.44000244140625,94.82540130615234
2021-09-15,104.05999755859375,95.39376068115234
2021-09-16,103.79000091552734,95.1462631225586
2021-09-17,102.76000213623047,94.20204162597656
2021-09-20,100.94999694824219,92.54277801513672
2021-09-21,101.19000244140625,92.7627944946289
2021-09-22,102.12000274658203,93.61534881591797
2021-09-23,103.23999786376953,94.64205932617188
2021-09-24,102.94999694824219,94.37621307373047
2021-09-27,102.83999633789062,94.27537536621094
2021-09-28,100.80999755859375,92.4144287109375
2021-09-29,100.63999938964844,92.25858306884766
2021-09-30,99.91999816894531,91.59855651855469
2021-10-01,100.76000213623047,92.36859893798828
2021-10-04,99.5199966430664,91.23186492919922
2021-10-05,100.37999725341797,92.0202407836914
2021-10-06,100.45999908447266,92.09358978271484
2021-10-07,101.55999755859375,93.10197448730469
2021-10-08,101.44999694824219,93.00114440917969
2021-10-11,100.8499984741211,92.45109558105469
2021-10-12,100.72000122070312,92.33193969726562
2021-10-13,101.4800033569336,93.02864837646484
2021-10-14,102.79000091552734,94.22954559326172
2021-10-15,103.62999725341797,94.99958801269531
2021-10-18,103.69000244140625,95.05460357666016
2021-10-19,104.56999969482422,95.86129760742188
2021-10-20,104.87999725341797,96.14547729492188
2021-10-21,104.9000015258789,96.16382598876953
2021-10-22,104.91000366210938,96.17298126220703
2021-10-25,105.2699966430664,96.50300598144531
2021-10-26,105.20999908447266,96.44800567626953
2021-10-27,104.69000244140625,95.97130584716797
2021-10-28,105.5999984741211,96.80551147460938
2021-10-29,105.30999755859375,96.5396728515625
2021-11-01,105.83999633789062,97.0255355834961
2021-11-02,105.9000015258789,97.0805435180664
2021-11-03,106.58000183105469,97.70391082763672
2021-11-04,106.80999755859375,97.91474914550781
2021-11-05,107.0199966430664,98.10726165771484
2021-11-08,107.22000122070312,98.29060363769531
2021-11-09,106.94999694824219,98.0430908203125
2021-11-10,105.9800033569336,97.15387725830078
2021-11-11,106.33000183105469,97.4747314453125
2021-11-12,107.06999969482422,98.1530990600586
2021-11-15,107.01000213623047,98.09809875488281
2021-11-16,107.2300033569336,98.29977416992188
2021-11-17,106.93000030517578,98.0247573852539
2021-11-18,106.95999908447266,98.05224609375
2021-11-19,106.58000183105469,97.70391082763672
2021-11-22,105.94000244140625,97.11720275878906
2021-11-23,105.91000366210938,97.0896987915039
2021-11-24,105.94999694824219,97.12635803222656
2021-11-26,103.37000274658203,94.76123809814453
2021-11-29,104.30000305175781,95.61378479003906
2021-11-30,102.87999725341797,94.31204223632812
2021-12-01,101.73999786376953,93.26697540283203
2021-12-02,103.20999908447266,94.61457061767578
2021-12-03,102.33000183105469,93.80784606933594
2021-12-06,103.36000061035156,94.7520751953125
2021-12-07,105.5999984741211,96.80551147460938
2021-12-08,105.9000015258789,97.0805435180664
2021-12-09,105.05999755859375,96.31050109863281
2021-12-10,105.62999725341797,96.83301544189453
2021-12-13,103.56999969482422,95.86758422851562
2021-12-14,103.01000213623047,95.34923553466797
2021-12-15,104.29000091552734,96.53402709960938
2021-12-16,103.79000091552734,96.07123565673828
2021-12-17,102.7699966430664,95.1270751953125
2021-12-20,101.80000305175781,94.22923278808594
2021-12-21,103.45999908447266,95.76577758789062
2021-12-22,104.43000030517578,96.66363525390625
2021-12-23,105.0999984741211,97.28380584716797
2021-12-27,106.25,98.34828186035156
2021-12-28,106.13999938964844,98.24645233154297
2021-12-29,106.1500015258789,98.2557144165039
2021-12-30,105.94999694824219,98.13623046875
2021-12-31,105.77999877929688,97.978759765625
2022-01-03,106.33999633789062,98.49746704101562
2022-01-04,106.25,98.41411590576172
2022-01-05,104.5199966430664,96.81169128417969
2022-01-06,104.30000305175781,96.60791778564453
2022-01-07,104.27999877929688,96.58939361572266
2022-01-10,103.9800033569336,96.3115234375
2022-01-11,105.22000122070312,97.46006774902344
2022-01-12,105.86000061035156,98.05287170410156
2022-01-13,104.44000244140625,96.73760223388672
2022-01-14,104.47000122070312,96.76537322998047
2022-01-18,102.66000366210938,95.08887481689453
2022-01-19,102.04000091552734,94.51459503173828
2022-01-20,101.23999786376953,93.7735824584961
2022-01-21,99.5199966430664,92.1804428100586
2022-01-24,99.36000061035156,92.0322494506836
2022-01-25,98.36000061035156,91.10599517822266
2022-01-26,97.87000274658203,90.65213775634766
2022-01-27,97.37000274658203,90.18900299072266
2022-01-28,98.93000030517578,91.63395690917969
2022-01-31,100.97000122070312,93.52351379394531
2022-02-01,101.75,94.24597930908203
2022-02-02,102.4000015258789,94.8480453491211
2022-02-03,100.44000244140625,93.03260040283203
2022-02-04,100.88999938964844,93.44940185546875
2022-02-07,100.69000244140625,93.26416015625
2022-02-08,101.47000122070312,93.98663330078125
2022-02-09,103.06999969482422,95.4686279296875
2022-02-10,101.58000183105469,94.0885238647461
2022-02-11,99.6500015258789,92.30084991455078
2022-02-14,99.27999877929688,91.95814514160156
2022-02-15,101.0199966430664,93.56980895996094
2022-02-16,101.25,93.7828369140625
2022-02-17,99.29000091552734,91.9674072265625
2022-02-18,98.55000305175781,91.281982421875
2022-02-22,97.41000366210938,90.2260513305664
2022-02-23,96.02999877929688,88.94782257080078
2022-02-24,96.43000030517578,89.3183364868164
2022-02-25,98.56999969482422,91.30049896240234
2022-02-28,97.87999725341797,90.66139221191406
2022-03-01,96.22000122070312,89.12381744384766
2022-03-02,97.5999984741211,90.40203094482422
2022-03-03,96.61000061035156,89.48505401611328
2022-03-04,95.18000030517578,88.1605224609375
2022-03-07,92.22000122070312,85.41880798339844
2022-03-08,92.11000061035156,85.3169174194336
2022-03-09,94.9000015258789,87.90116882324219
2022-03-10,94.1500015258789,87.20647430419922
2022-03-11,92.8499984741211,86.00235748291016
2022-03-14,92.25,85.44660949707031
2022-03-15,93.69000244140625,86.78040313720703
2022-03-16,96.86000061035156,89.71660614013672
2022-03-17,97.8499984741211,90.63360595703125
2022-03-18,98.93000030517578,91.63395690917969
2022-03-21,98.58000183105469,91.30976867675781
2022-03-22,99.7699966430664,92.41199493408203
2022-03-23,98.6500015258789,91.3746109008789
2022-03-24,99.79000091552734,92.4305191040039
2022-03-25,99.9800033569336,92.60652923583984
2022-03-28,100.37000274658203,92.96775817871094
2022-03-29,101.9800033569336,94.4590072631836
2022-03-30,101.41000366210938,93.93106079101562
2022-03-31,99.77999877929688,92.42125701904297
2022-04-01,100.43000030517578,93.02333068847656
2022-04-04,101.4000015258789,93.92179870605469
2022-04-05,99.94999694824219,92.57872009277344
2022-04-06,98.80000305175781,91.5135498046875
2022-04-07,99.01000213623047,91.70803833007812
2022-04-08,98.91999816894531,91.62468719482422
2022-04-11,97.51000213623047,90.31867980957031
2022-04-12,96.97000122070312,89.8185043334961
2022-04-13,98.13999938964844,90.90221405029297
2022-04-14,97.11000061035156,89.94818878173828
2022-04-18,96.94999694824219,89.79998016357422
2022-04-19,97.9800033569336,90.75401306152344
2022-04-20,98.06999969482422,90.83737182617188
2022-04-21,96.55000305175781,89.42948150634766
2022-04-22,94.37999725341797,87.41951751708984
2022-04-25,94.52999877929688,87.55844116210938
2022-04-26,91.91999816894531,85.14093017578125
2022-04-27,92.2699966430664,85.46511840820312
2022-04-28,94.19999694824219,87.25279998779297
2022-04-29,91.7300033569336,84.96495056152344
2022-05-02,92.02999877929688,85.24282836914062
2022-05-03,92.58999633789062,85.76152801513672
2022-05-04,94.7699966430664,87.78075408935547
2022-05-05,91.54000091552734,84.7889633178711
2022-05-06,90.62999725341797,83.94607543945312
2022-05-09,87.76000213623047,81.2877426147461
2022-05-10,88.06999969482422,81.57488250732422
2022-05-11,86.97000122070312,80.5560073852539
2022-05-12,86.8499984741211,80.4448471069336
2022-05-13,89.13999938964844,82.56597137451172
2022-05-16,88.8499984741211,82.29735565185547
2022-05-17,90.6500015258789,83.96460723876953
2022-05-18,87.62000274658203,81.15807342529297
2022-05-19,87.69999694824219,81.23216247558594
2022-05-20,87.94999694824219,81.46370697021484
2022-05-23,89.37000274658203,82.77899169921875
2022-05-24,88.62999725341797,82.09356689453125
2022-05-25,89.23999786376953,82.65858459472656
2022-05-26,90.70999908447266,84.02017974853516
2022-05-27,92.55999755859375,85.73373413085938
2022-05-31,92.13999938964844,85.34471130371094
2022-06-01,91.45999908447266,84.7148666381836
2022-06-02,93.30000305175781,86.41917419433594
2022-06-03,91.75,84.98345947265625
2022-06-06,92.08000183105469,85.28914642333984
2022-06-07,92.77999877929688,85.93751525878906
2022-06-08,91.91000366210938,85.13167572021484
2022-06-09,88.94000244140625,83.14695739746094
2022-06-10,86.62999725341797,80.98741149902344
2022-06-13,83.41999816894531,77.98649597167969
2022-06-14,83.16999816894531,77.7527847290039
2022-06-15,84.44000244140625,78.94005584716797
2022-06-16,81.97000122070312,76.63095092773438
2022-06-17,81.93000030517578,76.59354400634766
2022-06-21,83.76000213623047,78.30435180664062
2022-06-22,83.27999877929688,77.8556137084961
2022-06-23,83.76000213623047,78.30435180664062
2022-06-24,86.30999755859375,80.6882553100586
2022-06-27,86.05999755859375,80.45453643798828
2022-06-28,84.79000091552734,79.26727294921875
2022-06-29,84.55999755859375,79.05224609375
2022-06-30,83.88999938964844,78.4258804321289
2022-07-01,84.4800033569336,78.97746276855469
2022-07-05,84.05000305175781,78.5754623413086
2022-07-06,84.16999816894531,78.6876449584961
2022-07-07,85.51000213623047,79.94038391113281
2022-07-08,85.44999694824219,79.88426208496094
2022-07-11,84.23999786376953,78.75308990478516
2022-07-12,83.72000122070312,78.2669677734375
2022-07-13,83.37999725341797,77.94908905029297
2022-07-14,82.80999755859375,77.41622924804688
2022-07-15,84.22000122070312,78.73440551757812
2022-07-18,83.98999786376953,78.51937103271484
2022-07-19,86.12000274658203,80.51063537597656
2022-07-20,86.38999938964844,80.76304626464844
2022-07-21,87.2699966430664,81.58573150634766
2022-07-22,86.52999877929688,80.89393615722656
2022-07-25,86.80000305175781,81.14635467529297
2022-07-26,85.75,80.16473388671875
2022-07-27,87.8499984741211,82.12794494628906
2022-07-28,88.69000244140625,82.91324615478516
2022-07-29,89.81999969482422,83.96964263916016
2022-08-01,89.52999877929688,83.69852447509766
2022-08-02,88.83000183105469,83.04412078857422
2022-08-03,89.97000122070312,84.10987091064453
2022-08-04,90.11000061035156,84.2407455444336
2022-08-05,89.83000183105469,83.97899627685547
2022-08-08,89.87000274658203,84.01638793945312
2022-08-09,89.44000244140625,83.6143798828125
2022-08-10,91.30999755859375,85.36257934570312
2022-08-11,91.38999938964844,85.43737030029297
2022-08-12,92.6500015258789,86.61531066894531
2022-08-15,92.62999725341797,86.59660339355469
2022-08-16,92.69999694824219,86.66204833984375
2022-08-17,92.02999877929688,86.03568267822266
2022-08-18,92.0,86.00762939453125
2022-08-19,90.7699966430664,84.8577651977539
2022-08-22,89.05999755859375,83.25914001464844
2022-08-23,89.05000305175781,83.24980163574219
2022-08-24,89.27999877929688,83.46480560302734
2022-08-25,90.5999984741211,84.69884490966797
2022-08-26,87.9000015258789,82.17469787597656
2022-08-29,87.36000061035156,81.66987609863281
2022-08-30,86.45999908447266,80.8284912109375
2022-08-31,85.9000015258789,80.30496215820312
2022-09-01,85.69000244140625,80.10863494873047
2022-09-02,84.94999694824219,79.41683197021484
2022-09-06,84.4800033569336,78.97746276855469
2022-09-07,85.73999786376953,80.15538787841797
2022-09-08,86.13999938964844,80.52932739257812
2022-09-09,87.7300033569336,82.01577758789062
2022-09-12,88.80999755859375,83.02542877197266
2022-09-13,85.30000305175781,79.74404907226562
2022-09-14,85.63999938964844,80.0618896484375
2022-09-15,84.75,79.22986602783203
2022-09-16,83.98999786376953,78.51937103271484
2022-09-19,84.54000091552734,79.0335464477539
2022-09-20,83.5,78.06129455566406
2022-09-21,82.12999725341797,76.78050994873047
2022-09-22,81.5199966430664,76.21025848388672
2022-09-23,79.80999755859375,74.61163330078125
2022-09-26,78.86000061035156,73.7235107421875
2022-09-27,78.5999984741211,73.48045349121094
2022-09-28,80.20999908447266,74.98558807373047
2022-09-29,78.69999694824219,73.57392120361328
2022-09-30,77.83000183105469,72.76061248779297
2022-10-03,79.68000030517578,74.49009704589844
2022-10-04,82.4000015258789,77.0329360961914
2022-10-05,82.02999877929688,76.6870346069336
2022-10-06,81.08000183105469,75.79891204833984
2022-10-07,79.0199966430664,73.87308502197266
2022-10-10,78.38999938964844,73.28412628173828
2022-10-11,77.7300033569336,72.6671142578125
2022-10-12,77.5199966430664,72.47078704833984
2022-10-13,79.2699966430664,74.10679626464844
2022-10-14,77.58999633789062,72.53622436523438
2022-10-17,79.5999984741211,74.4153060913086
2022-10-18,80.3499984741211,75.116455078125
2022-10-19,79.52999877929688,74.34986114501953
2022-10-20,79.1500015258789,73.99462890625
2022-10-21,80.83000183105469,75.56519317626953
2022-10-24,81.06999969482422,75.78955841064453
2022-10-25,82.5,77.12641143798828
2022-10-26,82.51000213623047,77.1357650756836
2022-10-27,82.01000213623047,76.66834259033203
2022-10-28,83.31999969482422,77.89301300048828
2022-10-31,82.7699966430664,77.37882995605469
2022-11-01,82.8499984741211,77.45361328125
2022-11-02,81.1500015258789,75.8643569946289
2022-11-03,80.44000244140625,75.20060729980469
2022-11-04,82.33000183105469,76.96749114990234
2022-11-07,82.8499984741211,77.45361328125
2022-11-08,83.43000030517578,77.99584197998047
2022-11-09,81.88999938964844,76.55615997314453
2022-11-10,86.27999877929688,80.66021728515625
2022-11-11,87.58999633789062,81.88488006591797
2022-11-14,86.80000305175781,81.14635467529297
2022-11-15,87.63999938964844,81.93163299560547
2022-11-16,86.9800033569336,81.31462097167969
2022-11-17,86.7699966430664,81.11829376220703
2022-11-18,86.94000244140625,81.2772216796875
2022-11-21,86.45999908447266,80.8284912109375
2022-11-22,87.54000091552734,81.83815002441406
2022-11-23,88.22000122070312,82.47384643554688
2022-11-25,88.29000091552734,82.5392837524414
2022-11-28,87.01000213623047,81.34266662597656
2022-11-29,87.19000244140625,81.51093292236328
2022-11-30,89.66999816894531,83.82940673828125
2022-12-01,89.80000305175781,83.95093536376953
2022-12-02,89.72000122070312,83.87615203857422
2022-12-05,88.19000244140625,82.44580841064453
2022-12-06,87.25,81.56702423095703
2022-12-07,87.08999633789062,81.41744232177734
2022-12-08,87.76000213623047,82.04381561279297
2022-12-09,87.33999633789062,81.65116882324219
2022-12-12,88.12000274658203,82.38037109375
2022-12-13,88.25,83.13967895507812
2022-12-14,87.91000366210938,82.81938171386719
2022-12-15,85.75,80.78446197509766
2022-12-16,84.91999816894531,80.00253295898438
2022-12-19,84.4000015258789,79.51263427734375
2022-12-20,84.58999633789062,79.69161987304688
2022-12-21,85.69999694824219,80.73735046386719
2022-12-22,84.66999816894531,79.76699829101562
2022-12-23,85.05999755859375,80.1343994140625
2022-12-27,85.02999877929688,80.10614776611328
2022-12-28,83.93000030517578,79.0698471069336
2022-12-29,85.38999938964844,80.44530487060547
2022-12-30,84.87999725341797,79.96484375
2023-01-03,84.9000015258789,79.98368835449219
2023-01-04,85.9800033569336,81.00113677978516
2023-01-05,85.0999984741211,80.1720962524414
2023-01-06,87.06999969482422,82.02802276611328
2023-01-09,87.26000213623047,82.20702362060547
2023-01-10,87.75,82.66864776611328
2023-01-11,88.66999816894531,83.53536987304688
2023-01-12,89.29000091552734,84.11946868896484
2023-01-13,89.69000244140625,84.49629974365234
2023-01-17,89.62999725341797,84.43978118896484
2023-01-18,88.6500015258789,83.51653289794922
2023-01-19,88.30000305175781,83.1867904663086
2023-01-20,89.66999816894531,84.47745513916016
2023-01-23,90.45999908447266,85.22171783447266
2023-01-24,90.33999633789062,85.1086654663086
2023-01-25,90.55000305175781,85.3065185546875
2023-01-26,91.31999969482422,86.03191375732422
2023-01-27,91.37000274658203,86.07903289794922
2023-01-30,90.2699966430664,85.042724609375
2023-01-31,91.25,85.96597290039062
2023-02-01,92.18000030517578,86.84210968017578
2023-02-02,92.93000030517578,87.54869079589844
2023-02-03,91.86000061035156,86.5406494140625
2023-02-06,91.0999984741211,85.82465362548828
2023-02-07,92.06999969482422,86.73849487304688
2023-02-08,91.27999877929688,85.99422454833984
2023-02-09,90.87999725341797,85.61738586425781
2023-02-10,90.80000305175781,85.54203033447266
2023-02-13,91.76000213623047,86.44644165039062
2023-02-14,91.80999755859375,86.49353790283203
2023-02-15,91.87000274658203,86.5500717163086
2023-02-16,90.94000244140625,85.67391967773438
2023-02-17,90.70999908447266,85.45724487304688
2023-02-21,89.16000366210938,83.99700164794922
2023-02-22,88.91999816894531,83.7708969116211
2023-02-23,89.3499984741211,84.17599487304688
2023-02-24,88.16000366210938,83.05490112304688
2023-02-27,88.68000030517578,83.54479217529297
2023-02-28,88.22000122070312,83.11141967773438
2023-03-01,88.41000366210938,83.2904281616211
2023-03-02,88.88999938964844,83.74263763427734
2023-03-03,90.2300033569336,85.00504302978516
2023-03-06,90.16999816894531,84.94851684570312
2023-03-07,88.75,83.6107406616211
2023-03-08,88.94000244140625,83.78974914550781
2023-03-09,87.51000213623047,82.44254302978516
2023-03-10,86.36000061035156,81.35914611816406
2023-03-13,86.13999938964844,81.1518783569336
2023-03-14,87.33000183105469,82.2729721069336
2023-03-15,86.12000274658203,81.1330337524414
2023-03-16,87.5199966430664,82.45196533203125
2023-03-17,86.56999969482422,81.55696868896484
2023-03-20,87.41000366210938,82.34833526611328
2023-03-21,88.56999969482422,83.44116973876953
2023-03-22,87.62000274658203,82.54618072509766
2023-03-23,87.8499984741211,82.76284790039062
2023-03-24,88.05999755859375,82.960693359375
2023-03-27,88.37000274658203,83.25273895263672
2023-03-28,88.44999694824219,83.3281021118164
2023-03-29,89.52999877929688,84.34556579589844
2023-03-30,90.26000213623047,85.03330993652344
2023-03-31,91.16000366210938,85.88119506835938
2023-04-03,91.69000244140625,86.3804931640625
2023-04-04,91.37000274658203,86.07903289794922
2023-04-05,90.9000015258789,85.63623809814453
2023-04-06,91.26000213623047,85.97539520263672
2023-04-10,91.31999969482422,86.03191375732422
2023-04-11,91.5,86.20149230957031
2023-04-12,91.3499984741211,86.0601806640625
2023-04-13,92.56999969482422,87.20953369140625
2023-04-14,92.30000305175781,86.9551773071289
2023-04-17,92.47000122070312,87.11531829833984
2023-04-18,92.63999938964844,87.27547454833984
2023-04-19,92.44999694824219,87.09648132324219
2023-04-20,92.11000061035156,86.77617645263672
2023-04-21,92.16999816894531,86.83269500732422
2023-04-24,92.20999908447266,86.87037658691406
2023-04-25,90.7300033569336,85.47608184814453
2023-04-26,90.5,85.25940704345703
2023-04-27,92.05000305175781,86.71965789794922
2023-04-28,92.58999633789062,87.22837829589844
2023-05-01,92.47000122070312,87.11531829833984
2023-05-02,91.43000030517578,86.13554382324219
2023-05-03,91.0999984741211,85.82465362548828
2023-05-04,90.7699966430664,85.5137710571289
2023-05-05,92.30999755859375,86.9645767211914
2023-05-08,92.3499984741211,87.00226593017578
2023-05-09,91.95999908447266,86.63485717773438
2023-05-10,92.19000244140625,86.8515396118164
2023-05-11,91.95999908447266,86.63485717773438
2023-05-12,91.69999694824219,86.3899154663086
2023-05-15,92.33000183105469,86.9834213256836
2023-05-16,91.58999633789062,86.2862777709961
2023-05-17,92.44999694824219,87.09648132324219
2023-05-18,92.91000366210938,87.52984619140625
2023-05-19,92.97000122070312,87.58637237548828
2023-05-22,93.11000061035156,87.71825408935547
2023-05-23,91.94000244140625,86.61601257324219
2023-05-24,91.08999633789062,85.81523132324219
2023-05-25,91.45999908447266,86.16381072998047
2023-05-26,92.66000366210938,87.29431915283203
2023-05-30,92.27999877929688,86.93631744384766
2023-05-31,91.62000274658203,86.3145523071289
2023-06-01,92.70999908447266,87.34142303466797
2023-06-02,94.08999633789062,88.64151763916016
2023-06-05,93.83999633789062,88.40599060058594
2023-06-06,94.29000091552734,88.82994079589844
2023-06-07,92.83999633789062,88.35694122314453
2023-06-08,93.51000213623047,88.99458312988281
2023-06-09,93.63999938964844,89.11830139160156
2023-06-12,94.31999969482422,89.76547241210938
2023-06-13,95.05000305175781,90.46021270751953
2023-06-14,95.27999877929688,90.67910766601562
2023-06-15,96.36000061035156,91.70695495605469
2023-06-16,96.08000183105469,91.44048309326172
2023-06-20,95.19999694824219,90.60296630859375
2023-06-21,94.87000274658203,90.28890991210938
2023-06-22,94.88999938964844,90.30793762207031
2023-06-23,93.91000366210938,89.37525939941406
2023-06-26,93.75,89.22298431396484
2023-06-27,94.73999786376953,90.16517639160156
2023-06-28,94.7300033569336,90.15567016601562
2023-06-29,94.88999938964844,90.30793762207031
2023-06-30,95.94000244140625,91.30724334716797
2023-07-03,96.16999816894531,91.52613830566406
2023-07-05,95.69999694824219,91.07882690429688
2023-07-06,94.5199966430664,89.95580291748047
2023-07-07,94.70999908447266,90.13662719726562
2023-07-10,94.94999694824219,90.36503601074219
2023-07-11,95.69999694824219,91.07882690429688
2023-07-12,96.8499984741211,92.17329406738281
2023-07-13,97.94999694824219,93.22017669677734
2023-07-14,97.68000030517578,92.96321868896484
2023-07-17,97.93000030517578,93.20114135742188
2023-07-18,98.4800033569336,93.72460174560547
2023-07-19,98.5999984741211,93.83878326416016
2023-07-20,97.94000244140625,93.21066284179688
2023-07-21,97.98999786376953,93.25823974609375
2023-07-24,98.33999633789062,93.59134674072266
2023-07-25,98.66000366210938,93.8958969116211
2023-07-26,98.79000091552734,94.01962280273438
2023-07-27,98.16999816894531,93.42955780029297
2023-07-28,99.19999694824219,94.4098129272461
2023-07-31,99.38999938964844,94.59063720703125
2023-08-01,98.69999694824219,93.93395233154297
2023-08-02,97.06999969482422,92.3826675415039
2023-08-03,96.83999633789062,92.16378021240234
2023-08-04,96.63999938964844,91.97344207763672
2023-08-07,97.29000091552734,92.59204864501953
2023-08-08,96.7300033569336,92.05909729003906
2023-08-09,96.31999969482422,91.66888427734375
2023-08-10,96.47000122070312,91.81165313720703
2023-08-11,96.11000061035156,91.46902465820312
2023-08-14,96.30000305175781,91.64985656738281
2023-08-15,95.12000274658203,90.52684020996094
2023-08-16,94.38999938964844,89.83208465576172
2023-08-17,93.7699966430664,89.24202728271484
2023-08-18,93.7300033569336,89.2039566040039
2023-08-21,94.22000122070312,89.67029571533203
2023-08-22,94.01000213623047,89.4704360961914
2023-08-23,95.12000274658203,90.52684020996094
2023-08-24,93.91000366210938,89.37525939941406
2023-08-25,94.4800033569336,89.91773986816406
2023-08-28,95.20999908447266,90.61248779296875
2023-08-29,96.55999755859375,91.89729309082031
2023-08-30,96.80000305175781,92.1257095336914
2023-08-31,96.5,91.84019470214844
2023-09-01,96.7699966430664,92.09716033935547
2023-09-05,96.20999908447266,91.56420135498047
2023-09-06,95.6500015258789,91.03124237060547
2023-09-07,95.29000091552734,90.68862915039062
2023-09-08,95.33000183105469,90.72669982910156
2023-09-11,96.1500015258789,91.50709533691406
2023-09-12,95.69000244140625,91.0693130493164
2023-09-13,95.72000122070312,91.09785461425781
2023-09-14,96.5999984741211,91.93536376953125
2023-09-15,95.81999969482422,91.19302368164062
2023-09-18,95.72000122070312,91.09785461425781
2023-09-19,95.51000213623047,90.89801788330078
2023-09-20,94.88999938964844,90.30793762207031
2023-09-21,93.31999969482422,88.81375885009766
2023-09-22,93.26000213623047,88.75664520263672
2023-09-25,93.37999725341797,88.87085723876953
2023-09-26,92.0199966430664,87.5765151977539
2023-09-27,92.05999755859375,87.6146011352539
2023-09-28,92.62999725341797,88.1570816040039
2023-09-29,92.37000274658203,87.90962982177734
2023-10-02,91.95999908447266,87.51942443847656
2023-10-03,90.7300033569336,86.34883117675781
2023-10-04,91.12000274658203,86.71997833251953
2023-10-05,91.3499984741211,86.93888092041016
2023-10-06,92.4800033569336,88.01431274414062
2023-10-09,92.80999755859375,88.32837677001953
2023-10-10,93.58999633789062,89.07070922851562
2023-10-11,94.0199966430664,89.47994995117188
2023-10-12,93.30000305175781,88.79472351074219
2023-10-13,92.7699966430664,88.29031372070312
2023-10-16,93.62000274658203,89.0992660522461
2023-10-17,93.66000366210938,89.13734436035156
2023-10-18,92.31999969482422,87.86204528808594
2023-10-19,91.48999786376953,87.0721206665039
2023-10-20,90.4000015258789,86.03475189208984
2023-10-23,90.33000183105469,85.9681396484375
2023-10-24,90.98999786376953,86.59627532958984
2023-10-25,89.83000183105469,85.49227905273438
2023-10-26,88.91000366210938,84.61671447753906
2023-10-27,88.58999633789062,84.3121566772461
2023-10-30,89.62000274658203,85.29242706298828
2023-10-31,90.0199966430664,85.673095703125
2023-11-01,90.91999816894531,86.52964782714844
2023-11-02,92.72000122070312,88.24272918701172
2023-11-03,93.79000091552734,89.26106262207031
2023-11-06,93.87000274658203,89.33718872070312
2023-11-07,93.81999969482422,89.28960418701172
2023-11-08,93.80000305175781,89.27058410644531
2023-11-09,93.23999786376953,88.73761749267578
2023-11-10,94.30999755859375,89.75594329833984
2023-11-13,94.33000183105469,89.77499389648438
2023-11-14,96.38999938964844,91.73551177978516
2023-11-15,96.58999633789062,91.92583465576172
2023-11-16,96.5199966430664,91.8592300415039
2023-11-17,96.94999694824219,92.26847076416016
2023-11-20,97.62999725341797,92.91564178466797
2023-11-21,97.37000274658203,92.6681900024414
2023-11-22,97.63999938964844,92.92514038085938
2023-11-24,97.87999725341797,93.153564453125
2023-11-27,97.62000274658203,92.90612030029297
2023-11-28,97.77999877929688,93.05838012695312
2023-11-29,97.7699966430664,93.04886627197266
2023-11-30,98.0199966430664,93.28679656982422
2023-12-01,98.75,93.9815444946289
2023-12-04,98.13999938964844,93.40099334716797
2023-12-05,97.94999694824219,93.22017669677734
2023-12-06,97.76000213623047,93.03935241699219
2023-12-07,98.38999938964844,93.63893127441406
2023-12-08,98.70999908447266,93.9434814453125
2023-12-11,99.05999755859375,94.27657318115234
2023-12-12,99.37999725341797,94.58112335205078
2023-12-13,100.75,95.88497924804688
2023-12-14,101.4000015258789,96.50357818603516
2023-12-15,100.97000122070312,96.09434509277344
2023-12-18,101.41999816894531,96.52262115478516
2023-12-19,102.1500015258789,97.21736907958984
2023-12-20,99.77999877929688,95.86461639404297
2023-12-21,101.02999877929688,97.0655746459961
2023-12-22,101.18000030517578,97.20967864990234
2023-12-26,101.66999816894531,97.68045806884766
2023-12-27,101.95999908447266,97.95907592773438
2023-12-28,101.95999908447266,97.95907592773438
2023-12-29,101.7699966430664,97.77652740478516
2024-01-02,100.9000015258789,96.940673828125
2024-01-03,100.0999984741211,96.17206573486328
2024-01-04,99.98999786376953,96.0663833618164
2024-01-05,100.08000183105469,96.1528549194336
2024-01-08,101.27999877929688,97.30575561523438
2024-01-09,100.81999969482422,96.86380767822266
2024-01-10,101.29000091552734,97.31536865234375
2024-01-11,101.23999786376953,97.26732635498047
2024-01-12,101.44999694824219,97.46908569335938
2024-01-16,100.55999755859375,96.614013671875
2024-01-17,99.79000091552734,95.87422180175781
2024-01-18,100.66000366210938,96.71009063720703
2024-01-19,101.66999816894531,97.68045806884766
2024-01-22,101.83000183105469,97.83418273925781
2024-01-23,102.04000091552734,98.03593444824219
2024-01-24,102.37999725341797,98.36258697509766
2024-01-25,102.79000091552734,98.75650787353516
2024-01-26,102.87999725341797,98.84297180175781
2024-01-29,103.55999755859375,99.49628448486328
2024-01-30,103.38999938964844,99.33296966552734
2024-01-31,102.05000305175781,98.04553985595703
2024-02-01,103.31999969482422,99.26571655273438
2024-02-02,103.73999786376953,99.66922760009766
2024-02-05,103.33999633789062,99.28491973876953
2024-02-06,103.94000244140625,99.86138153076172
2024-02-07,104.47000122070312,100.3705825805664
2024-02-08,104.44999694824219,100.35137176513672
2024-02-09,105.01000213623047,100.88939666748047
2024-02-12,105.13999938964844,101.01428985595703
2024-02-13,103.47000122070312,99.40982055664062
2024-02-14,104.61000061035156,100.50508880615234
2024-02-15,105.44999694824219,101.31212615966797
2024-02-16,105.19000244140625,101.06233215332031
2024-02-20,104.88999938964844,100.77410125732422
2024-02-21,104.91999816894531,100.80292510986328
2024-02-22,106.7300033569336,102.54190063476562
2024-02-23,106.7699966430664,102.58032989501953
2024-02-26,106.4800033569336,102.30171966552734
2024-02-27,106.69000244140625,102.50347137451172
2024-02-28,106.23999786376953,102.07112884521484
2024-02-29,106.6500015258789,102.46504211425781
2024-03-01,107.68000030517578,103.45462799072266
2024-03-04,107.5199966430664,103.3009033203125
2024-03-05,106.6500015258789,102.46504211425781
2024-03-06,107.4800033569336,103.2624740600586
2024-03-07,108.5999984741211,104.33851623535156
2024-03-08,108.06999969482422,103.82931518554688
2024-03-11,107.8499984741211,103.61795806884766
2024-03-12,108.94000244140625,104.66519165039062
2024-03-13,108.80000305175781,104.53067779541016
2024-03-14,108.37000274658203,104.1175537109375
2024-03-15,107.81999969482422,103.58912658691406
2024-03-18,108.26000213623047,104.01187133789062
2024-03-19,108.63999938964844,104.376953125
2024-03-20,109.73999786376953,105.43379211425781
2024-03-21,109.9800033569336,105.66436004638672
2024-03-22,109.72000122070312,105.41456604003906
2024-03-25,109.5,105.20320129394531
2024-03-26,109.3499984741211,105.05908966064453
2024-03-27,110.1500015258789,105.82769775390625
2024-03-28,110.12999725341797,105.80848693847656
2024-04-01,109.87000274658203,105.55868530273438
2024-04-02,109.22000122070312,104.93418884277344
2024-04-03,109.4800033569336,105.18399810791016
2024-04-04,108.37999725341797,104.12715148925781
2024-04-05,109.2300033569336,104.94380950927734
2024-04-08,109.45999908447266,105.16477966308594
2024-04-09,109.62000274658203,105.3185043334961
2024-04-10,108.37000274658203,104.1175537109375
2024-04-11,109.01000213623047,104.73243713378906
2024-04-12,107.33000183105469,103.11836242675781
2024-04-15,106.29000091552734,102.11917114257812
2024-04-16,105.7300033569336,101.5811538696289
2024-04-17,105.33999633789062,101.20645141601562
2024-04-18,105.19000244140625,101.06233215332031
2024-04-19,104.54000091552734,100.4378433227539
2024-04-22,105.5999984741211,101.45624542236328
2024-04-23,106.77999877929688,102.58993530273438
2024-04-24,106.72000122070312,102.53229522705078
2024-04-25,106.38999938964844,102.21524810791016
2024-04-26,107.37999725341797,103.16639709472656
2024-04-29,107.8499984741211,103.61795806884766
2024-04-30,106.22000122070312,102.05191802978516
2024-05-01,105.94000244140625,101.78290557861328
2024-05-02,107.26000213623047,103.05110931396484
2024-05-03,108.43000030517578,104.17518615722656
2024-05-06,109.41000366210938,105.11674499511719
2024-05-07,109.44000244140625,105.14555358886719
2024-05-08,109.37999725341797,105.0879135131836
2024-05-09,110.04000091552734,105.72201538085938
2024-05-10,110.18000030517578,105.85652923583984
2024-05-13,110.25,105.92377471923828
2024-05-14,110.86000061035156,106.50983428955078
2024-05-15,112.12999725341797,107.72999572753906
2024-05-16,111.9000015258789,107.509033203125
2024-05-17,112.16000366210938,107.75882720947266
2024-05-20,112.2300033569336,107.82608795166016
2024-05-21,112.25,107.84528350830078
2024-05-22,111.72000122070312,107.33609771728516
2024-05-23,110.9800033569336,106.62513732910156
2024-05-24,111.69999694824219,107.31687927246094
2024-05-28,111.7300033569336,107.345703125
2024-05-29,110.5999984741211,106.26004791259766
2024-05-30,110.31999969482422,105.99102783203125
2024-05-31,111.08000183105469,106.72120666503906
2024-06-03,111.30000305175781,106.93257141113281
2024-06-04,111.1500015258789,106.78845977783203
2024-06-05,112.43000030517578,108.01823425292969
2024-06-06,112.54000091552734,108.12390899658203
2024-06-07,111.9800033569336,107.58589935302734
2024-06-10,112.30999755859375,107.90294647216797
2024-06-11,111.1500015258789,107.6849594116211
2024-06-12,112.22000122070312,108.72160339355469
2024-06-13,111.87000274658203,108.38250732421875
2024-06-14,111.66000366210938,108.1790542602539
2024-06-17,112.37000274658203,108.8669204711914
2024-06-18,112.83000183105469,109.31258392333984
2024-06-20,112.5999984741211,109.08973693847656
2024-06-21,112.1500015258789,108.65379333496094
2024-06-24,112.25,108.75065612792969
2024-06-25,112.58999633789062,109.08006286621094
2024-06-26,112.45999908447266,108.95411682128906
2024-06-27,112.62000274658203,109.10913848876953
2024-06-28,112.4000015258789,108.89598846435547
2024-07-01,112.58999633789062,109.08006286621094
2024-07-02,113.19000244140625,109.66136169433594
2024-07-03,114.01000213623047,110.45580291748047
2024-07-05,114.66000366210938,111.08553314208984
2024-07-08,114.66000366210938,111.08553314208984
2024-07-09,114.62999725341797,111.05646514892578
2024-07-10,115.80000305175781,112.18999481201172
2024-07-11,115.3499984741211,111.75402069091797
2024-07-12,116.19000244140625,112.56784057617188
2024-07-15,116.06999969482422,112.45157623291016
2024-07-16,116.69000244140625,113.05224609375
2024-07-17,115.22000122070312,111.6280746459961
2024-07-18,114.23999786376953,110.67862701416016
2024-07-19,113.48999786376953,109.9520034790039
2024-07-22,114.66000366210938,111.08553314208984
2024-07-23,114.2699966430664,110.70769500732422
2024-07-24,112.0199966430664,108.52783203125
2024-07-25,111.44999694824219,107.97560119628906
2024-07-26,112.7699966430664,109.25444793701172
2024-07-29,112.66999816894531,109.15756225585938
2024-07-30,112.29000091552734,108.78941345214844
2024-07-31,114.12999725341797,110.57205200195312
2024-08-01,112.0999984741211,108.60533905029297
2024-08-02,110.12999725341797,106.69674682617188
2024-08-05,107.23999786376953,103.89684295654297
2024-08-06,107.97000122070312,104.60409545898438
2024-08-07,107.7699966430664,104.41031646728516
2024-08-08,110.04000091552734,106.60955047607422
2024-08-09,110.52999877929688,107.08428192138672
2024-08-12,110.61000061035156,107.16178894042969
2024-08-13,112.30999755859375,108.80879974365234
2024-08-14,112.61000061035156,109.09944152832031
2024-08-15,114.4000015258789,110.83363342285156
2024-08-16,114.80000305175781,111.2211685180664
2024-08-19,115.94999694824219,112.33531951904297
2024-08-20,115.66000366210938,112.05436706542969
2024-08-21,116.26000213623047,112.63565826416016
2024-08-22,115.33999633789062,111.74433135986328
2024-08-23,116.9000015258789,113.25569915771484
2024-08-26,116.47000122070312,112.83910369873047
2024-08-27,116.69999694824219,113.06193542480469
2024-08-28,116.05999755859375,112.44188690185547
2024-08-29,116.16000366210938,112.53877258300781
2024-08-30,116.9800033569336,113.33321380615234
2024-09-03,114.73999786376953,111.16304016113281
2024-09-04,114.38999938964844,110.8239517211914
2024-09-05,114.25,110.68831634521484
2024-09-06,112.30999755859375,108.80879974365234
2024-09-09,113.47000122070312,109.9326400756836
2024-09-10,113.62999725341797,110.087646484375
2024-09-11,114.62999725341797,111.05646514892578
2024-09-12,115.62999725341797,112.0252914428711
2024-09-13,116.20999908447266,112.58721160888672
2024-09-16,116.61000061035156,112.97474670410156
2024-09-17,116.48999786376953,112.85848236083984
2024-09-18,116.16000366210938,112.53877258300781
2024-09-19,118.2300033569336,114.54424285888672
2024-09-20,117.76000213623047,114.0888900756836
2024-09-23,118.20999908447266,114.52486419677734
2024-09-24,119.0199966430664,115.30960083007812
2024-09-25,118.5199966430664,114.8251953125
2024-09-26,119.83999633789062,116.10404205322266
2024-09-27,119.55999755859375,115.83277130126953
2024-09-30,119.55000305175781,115.8230972290039
2024-10-01,118.79000091552734,115.08678436279297
2024-10-02,119.06999969482422,115.3580551147461
2024-10-03,118.4800033569336,114.78643798828125
2024-10-04,119.4800033569336,115.7552719116211
2024-10-07,118.7300033569336,115.02865600585938
2024-10-08,119.04000091552734,115.32898712158203
2024-10-09,119.52999877929688,115.8037109375
2024-10-10,119.41000366210938,115.68745422363281
2024-10-11,120.16000366210938,116.41407012939453
2024-10-14,120.77999877929688,117.0147476196289
2024-10-15,119.5199966430664,115.79402160644531
2024-10-16,120.0,116.2590560913086
2024-10-17,119.94999694824219,116.21061706542969
2024-10-18,120.6500015258789,116.8887939453125
2024-10-21,120.06999969482422,116.3268814086914
2024-10-22,119.80999755859375,116.0749740600586
2024-10-23,118.75,115.04803466796875
2024-10-24,119.02999877929688,115.31929779052734
2024-10-25,118.81999969482422,115.11585235595703
2024-10-28,119.44000244140625,115.71652221679688
2024-10-29,119.37000274658203,115.6487045288086
2024-10-30,118.83999633789062,115.13521575927734
2024-10-31,117.05000305175781,113.40103149414062
2024-11-01,117.5,113.83699798583984
2024-11-04,117.4800033569336,113.81761932373047
2024-11-05,118.8499984741211,115.14491271972656
2024-11-06,120.2699966430664,116.52064514160156
2024-11-07,121.62000274658203,117.82855987548828
2024-11-08,121.30000305175781,117.5185317993164
2024-11-11,121.44999694824219,117.66385650634766
2024-11-12,120.55000305175781,116.79192352294922
2024-11-13,120.30999755859375,116.55940246582031
2024-11-14,119.75,116.01686096191406
2024-11-15,118.63999938964844,114.94145202636719
2024-11-18,119.2300033569336,115.51307678222656
2024-11-19,119.55999755859375,115.83277130126953
2024-11-20,119.55999755859375,115.83277130126953
2024-11-21,120.01000213623047,116.26875305175781
2024-11-22,120.44000244140625,116.68534088134766
2024-11-25,120.86000061035156,117.09225463867188
2024-11-26,121.04000091552734,117.26663970947266
2024-11-27,120.94999694824219,117.179443359375
2024-11-29,121.7699966430664,117.973876953125
2024-12-02,122.02999877929688,118.22577667236328
2024-12-03,122.25,118.43891906738281
2024-12-04,122.9000015258789,119.06865692138672
2024-12-05,122.97000122070312,119.136474609375
2024-12-06,123.12000274658203,119.28179931640625
2024-12-09,122.83000183105469,119.00083923339844
2024-12-10,122.0999984741211,118.29359436035156
2024-12-11,122.97000122070312,119.136474609375
2024-12-12,122.19999694824219,118.39047241210938
2024-12-13,122.05999755859375,118.25483703613281
2024-12-16,122.30999755859375,118.49703979492188
2024-12-17,120.77999877929688,118.04356384277344
2024-12-18,117.19000244140625,114.53489685058594
2024-12-19,117.19999694824219,114.54466247558594
2024-12-20,118.12000274658203,115.44383239746094
2024-12-23,118.8499984741211,116.15727996826172
2024-12-24,119.8499984741211,117.13463592529297
2024-12-26,119.94999694824219,117.23236846923828
2024-12-27,119.04000091552734,116.34297943115234
2024-12-30,117.81999969482422,115.15061950683594
2024-12-31,117.5,114.83787536621094
2025-01-02,117.2699966430664,114.61308288574219
2025-01-03,118.48999786376953,115.8054428100586
2025-01-06,119.30999755859375,116.60685729980469
2025-01-07,118.16000366210938,115.48292541503906
2025-01-08,118.16999816894531,115.4926986694336
2025-01-10,116.37000274658203,113.73347473144531
2025-01-13,116.3499984741211,113.71392822265625
2025-01-14,116.68000030517578,114.03644561767578
2025-01-15,118.58000183105469,115.8934097290039
2025-01-16,118.58999633789062,115.90316772460938
2025-01-17,119.5999984741211,116.89029693603516
2025-01-21,120.95999908447266,118.219482421875
2025-01-22,121.4000015258789,118.6495132446289
2025-01-23,122.06999969482422,119.30432891845703
2025-01-24,122.05999755859375,119.29456329345703
2025-01-27,120.5999984741211,117.86764526367188
2025-01-28,121.4000015258789,118.6495132446289
2025-01-29,121.04000091552734,118.29766845703125
2025-01-30,121.97000122070312,119.20660400390625
2025-01-31,121.19000244140625,118.44427490234375
2025-02-03,120.20999908447266,117.4864730834961
2025-02-04,121.30000305175781,118.5517807006836
2025-02-05,121.88999938964844,119.12841033935547
2025-02-06,122.30999755859375,119.53888702392578
2025-02-07,121.33000183105469,118.58110046386719
2025-02-10,122.30999755859375,119.53888702392578
2025-02-11,122.33000183105469,119.5584487915039
2025-02-12,122.22000122070312,119.45093536376953
2025-02-13,123.63999938964844,120.8387680053711
2025-02-14,123.62000274658203,120.8192138671875
2025-02-18,124.12999725341797,121.31766510009766
2025-02-19,123.9800033569336,121.17106628417969
2025-02-20,123.80999755859375,121.0049057006836
2025-02-21,122.12999725341797,119.36296844482422
2025-02-24,121.4800033569336,118.72769927978516
2025-02-25,121.29000091552734,118.54200744628906
2025-02-26,121.5199966430664,118.76679229736328
2025-02-27,119.66999816894531,116.95870971679688
2025-02-28,120.83000183105469,118.0924301147461
2025-03-03,119.55000305175781,116.8414306640625
2025-03-04,118.68000030517578,115.99114227294922
2025-03-05,120.55999755859375,117.82854461669922
2025-03-06,118.69999694824219,116.01068878173828
2025-03-07,119.5,116.79255676269531
2025-03-10,116.41000366210938,113.77257537841797
2025-03-11,115.80000305175781,113.1763916015625
2025-03-12,116.48999786376953,113.85075378417969
2025-03-13,115.16000366210938,112.55089569091797
2025-03-14,117.44999694824219,114.78900146484375
2025-03-17,118.62000274658203,115.93250274658203
2025-03-18,117.7699966430664,115.10175323486328
2025-03-19,118.7300033569336,116.04000854492188
2025-03-20,118.2300033569336,115.55133819580078
2025-03-21,117.9800033569336,115.30699920654297
2025-03-24,119.70999908447266,116.997802734375
2025-03-25,119.7699966430664,117.05643463134766
2025-03-26,118.44999694824219,115.76634979248047
2025-03-27,118.27999877929688,115.6001968383789
2025-03-28,116.23999786376953,113.60641479492188
2025-03-31,116.38999938964844,113.75302124023438
2025-04-01,116.80000305175781,114.15373229980469
2025-04-02,117.4000015258789,114.74014282226562
2025-04-03,112.91000366210938,110.35186767578125
2025-04-04,106.0,103.59841918945312
2025-04-07,104.97000122070312,102.59175872802734
2025-04-08,103.58999633789062,101.2430191040039
2025-04-09,112.69999694824219,110.14662170410156
2025-04-10,109.25,106.77478790283203
2025-04-11,111.0999984741211,108.58287048339844
2025-04-14,112.6500015258789,110.0977554321289
2025-04-15,112.72000122070312,110.16617584228516
2025-04-16,110.93000030517578,108.4167251586914
2025-04-17,111.4000015258789,108.8760757446289
2025-04-21,109.5999984741211,107.11685943603516
2025-04-22,112.06999969482422,109.53089904785156
2025-04-23,113.44000244140625,110.86986541748047
2025-04-24,115.51000213623047,112.89295959472656
2025-04-25,116.18000030517578,113.54777526855469
2025-04-28,116.4000015258789,113.7627944946289
2025-04-29,116.98999786376953,114.33943176269531
2025-04-30,116.98999786376953,114.33943176269531
2025-05-01,117.41999816894531,114.75968170166016
2025-05-02,119.41000366210938,116.70460510253906
2025-05-05,119.16999816894531,116.47003936767578
2025-05-06,118.4800033569336,115.7956771850586
2025-05-07,118.58000183105469,115.8934097290039
2025-05-08,118.97000122070312,116.27456665039062
2025-05-09,119.12999725341797,116.43094635009766
2025-05-12,122.02999877929688,119.26524353027344
2025-05-13,122.68000030517578,119.90052032470703
2025-05-14,122.79000091552734,120.00802612304688
2025-05-15,123.44999694824219,120.65306854248047
2025-05-16,124.04000091552734,121.22970581054688
2025-05-19,124.43000030517578,121.6108627319336
2025-05-20,124.29000091552734,121.47403717041016
2025-05-21,122.75,119.96892547607422
2025-05-22,122.68000030517578,119.90052032470703
2025-05-23,122.30000305175781,119.52912902832031
2025-05-27,124.3499984741211,121.53268432617188
2025-05-28,123.45999908447266,120.662841796875
2025-05-29,123.91000366210938,121.10265350341797
2025-05-30,123.6500015258789,120.84854125976562
2025-06-02,124.56999969482422,121.74769592285156
2025-06-03,124.8499984741211,122.02135467529297
2025-06-04,125.16999816894531,122.33409881591797
2025-06-05,124.80000305175781,121.97248077392578
2025-06-06,125.76000213623047,122.91072845458984
2025-06-09,125.91999816894531,123.06710052490234
2025-06-10,126.5199966430664,123.65351867675781
2025-06-11,126.3499984741211,123.48736572265625
2025-06-12,126.8499984741211,123.97603607177734
2025-06-13,125.38999938964844,122.54911041259766
2025-06-16,125.5199966430664,123.62362670898438
2025-06-17,124.25,122.37281799316406
2025-06-18,124.29000091552734,122.41221618652344
2025-06-20,123.73999786376953,121.87052154541016
2025-06-23,124.8499984741211,122.96375274658203
2025-06-24,126.5,124.58882141113281
2025-06-25,126.41000366210938,124.50019073486328
2025-06-26,127.47000122070312,125.54417419433594
2025-06-27,128.0399932861328,126.10555267333984
2025-06-30,128.60000610351562,126.6571044921875
2025-07-01,128.52999877929688,126.5881576538086
2025-07-02,129.0500030517578,127.10030364990234
2025-07-03,129.7899932861328,127.82910919189453
2025-07-07,128.66000366210938,126.71620178222656
2025-07-08,128.8800048828125,126.93286895751953
2025-07-09,129.5800018310547,127.6222915649414
2025-07-10,129.85000610351562,127.88822174072266
2025-07-11,129.1999969482422,127.24803161621094
2025-07-14,129.3800048828125,127.4253158569336
2025-07-15,128.83999633789062,126.89347076416016
2025-07-16,129.33999633789062,127.38591003417969
2025-07-17,129.86000061035156,127.89805603027344
2025-07-18,129.75999450683594,127.799560546875
2025-07-21,130.1300048828125,128.1639862060547
2025-07-22,130.35000610351562,128.38067626953125
2025-07-23,131.89999389648438,129.90724182128906
2025-07-24,131.6300048828125,129.64132690429688
2025-07-25,131.8800048828125,129.88754272460938
2025-07-28,131.2899932861328,129.3064422607422
2025-07-29,131.0500030517578,129.07008361816406
2025-07-30,130.61000061035156,128.63673400878906
2025-07-31,129.9600067138672,127.99655151367188
2025-08-01,128.32000732421875,126.38134002685547
2025-08-04,130.1699981689453,128.203369140625
2025-08-05,129.80999755859375,127.84881591796875
2025-08-06,130.77999877929688,128.8041534423828
2025-08-07,131.08999633789062,129.10946655273438
2025-08-08,131.86000061035156,129.8678436279297
2025-08-11,131.50999450683594,129.52313232421875
2025-08-12,132.9499969482422,130.94137573242188
2025-08-13,133.55999755859375,131.5421600341797
2025-08-14,133.35000610351562,131.33534240722656
2025-08-15,133.3800048828125,131.36488342285156
2025-08-18,133.41000366210938,131.39442443847656
2025-08-19,132.6999969482422,130.6951446533203
2025-08-20,132.5500030517578,130.54742431640625
2025-08-21,132.0399932861328,130.0451202392578
2025-08-22,134.22000122070312,132.19219970703125
2025-08-25,133.35000610351562,131.33534240722656
2025-08-26,133.6300048828125,131.61109924316406
2025-08-27,133.67999267578125,131.66033935546875
2025-08-28,134.22000122070312,132.19219970703125
2025-08-29,133.44000244140625,131.42398071289062
2025-09-02,132.5,130.4981689453125
2025-09-03,133.05999755859375,131.04971313476562
2025-09-04,133.9499969482422,131.92626953125
2025-09-05,134.07000732421875,132.04446411132812
2025-09-08,134.72000122070312,132.68463134765625
2025-09-09,134.9199981689453,132.88160705566406
2025-09-10,135.22000122070312,133.1770782470703
2025-09-11,136.5500030517578,134.48699951171875
2025-09-12,136.35000610351562,134.29002380371094
2025-09-15,137.24000549316406,135.16656494140625
2025-09-16,137.10000610351562,135.0286865234375
2025-09-17,136.97000122070312,134.90065002441406
2025-09-18,137.5399932861328,135.4620361328125
2025-09-19,137.75999450683594,135.67869567871094
2025-09-22,138.41000366210938,136.3188934326172
2025-09-23,137.88999938964844,135.80674743652344
2025-09-24,137.3000030517578,135.2256622314453
2025-09-25,136.6199951171875,134.55592346191406
2025-09-26,137.33999633789062,135.26504516601562
2025-09-29,137.67999267578125,135.59991455078125
2025-09-30,138.24000549316406,136.15145874023438
2025-10-01,138.94000244140625,136.84088134765625
2025-10-02,139.25999450683594,137.15603637695312
2025-10-03,139.5,137.39242553710938
2025-10-06,140.0500030517578,137.93411254882812
2025-10-07,139.2100067138672,137.1068115234375
2025-10-08,140.02999877929688,137.91441345214844
2025-10-09,139.35000610351562,137.2447052001953
2025-10-10,135.7100067138672,133.65968322753906
2025-10-13,137.82000732421875,135.73780822753906
2025-10-14,137.67999267578125,135.59991455078125
2025-10-15,138.55999755859375,136.4666290283203
2025-10-16,138.0800018310547,135.99388122558594
2025-10-17,138.6300048828125,136.5355682373047
2025-10-20,140.02000427246094,137.90457153320312
2025-10-21,139.61000061035156,137.50076293945312
2025-10-22,139.05999755859375,136.9590606689453
2025-10-23,139.9499969482422,137.8356170654297
2025-10-24,140.86000061035156,138.73187255859375
2025-10-27,142.33999633789062,140.18951416015625
2025-10-28,142.5500030517578,140.39634704589844
2025-10-29,142.55999755859375,140.4061737060547
2025-10-30,141.1699981689453,139.0371856689453
2025-10-31,141.41000366210938,139.27357482910156
2025-11-03,141.72000122070312,139.57888793945312
2025-11-04,139.91000366210938,137.79623413085938
2025-11-05,140.55999755859375,138.4364013671875
2025-11-06,139.33999633789062,137.23483276367188
2025-11-07,139.5399932861328,137.4318084716797
2025-11-10,141.5800018310547,139.4409942626953
2025-11-11,142.0500030517578,139.90390014648438
2025-11-12,142.3300018310547,140.17967224121094
2025-11-13,140.14999389648438,138.0325927734375
2025-11-14,140.0800018310547,137.96365356445312
2025-11-17,138.5800018310547,136.48631286621094
2025-11-18,137.38999938964844,135.3142852783203
2025-11-19,137.5800018310547,135.50143432617188
2025-11-20,135.5,133.45285034179688
2025-11-21,136.83999633789062,134.77259826660156
2025-11-24,138.36000061035156,136.2696533203125
2025-11-25,139.6199951171875,137.51060485839844
2025-11-26,140.77000427246094,138.6432342529297
2025-11-28,141.47000122070312,139.33267211914062
2025-12-01,140.83999633789062,138.71217346191406
2025-12-02,141.14999389648438,139.01748657226562
2025-12-03,141.67999267578125,139.5394744873047
2025-12-04,141.97000122070312,139.82510375976562
2025-12-05,142.10000610351562,139.95314025878906
2025-12-08,141.75999450683594,139.61827087402344
2025-12-09,141.64999389648438,139.5099334716797
2025-12-10,142.8000030517578,140.64256286621094
2025-12-11,143.17999267578125,141.01681518554688
2025-12-12,141.77000427246094,139.6281280517578
2025-12-15,141.8000030517578,139.6576690673828
2025-12-16,139.99000549316406,139.0863800048828
2025-12-17,138.55999755859375,137.6656036376953
2025-12-18,139.7100067138672,138.80819702148438
2025-12-19,140.91000366210938,140.0004425048828
2025-12-22,141.74000549316406,140.82508850097656
2025-12-23,142.4600067138672,141.5404510498047
2025-12-24,142.7100067138672,141.78883361816406
2025-12-26,142.89999389648438,141.9775848388672
2025-12-29,142.41000366210938,141.4907684326172
2025-12-30,142.41000366210938,141.4907684326172
2025-12-31,141.49000549316406,140.5767059326172
2026-01-02,142.49000549316406,141.57025146484375
