date,close,adj_close
2014-12-01,0.8438106775283813,0.8438106775283813
2014-12-02,0.8478168845176697,0.8478168845176697
2014-12-03,0.846023678779602,0.846023678779602
2014-12-04,0.8401243686676025,0.8401243686676025
2014-12-05,0.8386447429656982,0.8386447429656982
2014-12-08,0.8309098482131958,0.8309098482131958
2014-12-09,0.8300132751464844,0.8300132751464844
2014-12-10,0.8300132751464844,0.8300132751464844
2014-12-11,0.8334027528762817,0.8334027528762817
2014-12-12,0.8248103260993958,0.8248103260993958
2014-12-15,0.8209506869316101,0.8209506869316101
2014-12-16,0.8216251730918884,0.8216251730918884
2014-12-17,0.8225036859512329,0.8225036859512329
2014-12-18,0.8125457167625427,0.8125457167625427
2014-12-19,0.8173273205757141,0.8173273205757141
2014-12-22,0.8149294853210449,0.8149294853210449
2014-12-23,0.8122817277908325,0.8122817277908325
2014-12-24,0.8109642267227173,0.8109642267227173
2014-12-25,0.8116224408149719,0.8116224408149719
2014-12-26,0.81089848279953,0.81089848279953
2014-12-29,0.8116224408149719,0.8116224408149719
2014-12-30,0.8136696815490723,0.8136696815490723
2014-12-31,0.818397581577301,0.818397581577301
2015-01-01,0.817126989364624,0.817126989364624
2015-01-02,0.8177952170372009,0.8177952170372009
2015-01-05,0.8067768812179565,0.8067768812179565
2015-01-06,0.8099789619445801,0.8099789619445801
2015-01-07,0.8080155253410339,0.8080155253410339
2015-01-08,0.8075587749481201,0.8075587749481201
2015-01-09,0.8114249110221863,0.8114249110221863
2015-01-12,0.8222332000732422,0.8222332000732422
2015-01-13,0.8150623440742493,0.8150623440742493
2015-01-14,0.8173941373825073,0.8173941373825073
2015-01-15,0.8144648671150208,0.8144648671150208
2015-01-16,0.8223684430122375,0.8223684430122375
2015-01-19,0.8227066993713379,0.8227066993713379
2015-01-20,0.8195378184318542,0.8195378184318542
2015-01-21,0.8165265321731567,0.8165265321731567
2015-01-22,0.8101101517677307,0.8101101517677307
2015-01-23,0.801988959312439,0.801988959312439
2015-01-26,0.787587583065033,0.787587583065033
2015-01-27,0.7922046780586243,0.7922046780586243
2015-01-28,0.7921419143676758,0.7921419143676758
2015-01-29,0.7892659902572632,0.7892659902572632
2015-01-30,0.7782101631164551,0.7782101631164551
2015-02-02,0.7782101631164551,0.7782101631164551
2015-02-03,0.7801529169082642,0.7801529169082642
2015-02-04,0.7762769460678101,0.7762769460678101
2015-02-05,0.7760962843894958,0.7760962843894958
2015-02-06,0.7799704074859619,0.7799704074859619
2015-02-09,0.7760962843894958,0.7760962843894958
2015-02-10,0.7799095511436462,0.7799095511436462
2015-02-11,0.7783918380737305,0.7783918380737305
2015-02-12,0.7722604274749756,0.7722604274749756
2015-02-13,0.7756748795509338,0.7756748795509338
2015-02-16,0.7765783667564392,0.7765783667564392
2015-02-17,0.7756748795509338,0.7756748795509338
2015-02-18,0.78118896484375,0.78118896484375
2015-02-19,0.7808229923248291,0.7808229923248291
2015-02-20,0.7795447707176208,0.7795447707176208
2015-02-23,0.7846214175224304,0.7846214175224304
2015-02-24,0.7799704074859619,0.7799704074859619
2015-02-25,0.7833307385444641,0.7833307385444641
2015-02-26,0.7883948683738708,0.7883948683738708
2015-02-27,0.780579149723053,0.780579149723053
2015-03-02,0.7785736322402954,0.7785736322402954
2015-03-03,0.7756748795509338,0.7756748795509338
2015-03-04,0.7820442914962769,0.7820442914962769
2015-03-05,0.7823501825332642,0.7823501825332642
2015-03-06,0.7785130143165588,0.7785130143165588
2015-03-09,0.7722604274749756,0.7722604274749756
2015-03-10,0.7685213685035706,0.7685213685035706
2015-03-11,0.7641754746437073,0.7641754746437073
2015-03-12,0.7605719566345215,0.7605719566345215
2015-03-13,0.770653486251831,0.770653486251831
2015-03-16,0.7616146206855774,0.7616146206855774
2015-03-17,0.7644091248512268,0.7644091248512268
2015-03-18,0.7623113393783569,0.7623113393783569
2015-03-19,0.7778469324111938,0.7778469324111938
2015-03-20,0.7658140659332275,0.7658140659332275
2015-03-23,0.7783918380737305,0.7783918380737305
2015-03-24,0.7875256538391113,0.7875256538391113
2015-03-25,0.7862871289253235,0.7862871289253235
2015-03-26,0.7830240726470947,0.7830240726470947
2015-03-27,0.783392071723938,0.783392071723938
2015-03-30,0.773455023765564,0.773455023765564
2015-03-31,0.7658140659332275,0.7658140659332275
2015-04-01,0.7613826394081116,0.7613826394081116
2015-04-02,0.7606876492500305,0.7606876492500305
2015-04-03,0.7582076191902161,0.7582076191902161
2015-04-06,0.7644091248512268,0.7644091248512268
2015-04-07,0.759013295173645,0.759013295173645
2015-04-08,0.7642922401428223,0.7642922401428223
2015-04-09,0.7684623003005981,0.7684623003005981
2015-04-10,0.7704160213470459,0.7704160213470459
2015-04-13,0.7669299840927124,0.7669299840927124
2015-04-14,0.7587253451347351,0.7587253451347351
2015-04-15,0.761440634727478,0.761440634727478
2015-04-16,0.7678722143173218,0.7678722143173218
2015-04-17,0.7789375185966492,0.7789375185966492
2015-04-20,0.7809448838233948,0.7809448838233948
2015-04-21,0.7722604274749756,0.7722604274749756
2015-04-22,0.77154541015625,0.77154541015625
2015-04-23,0.7750135660171509,0.7750135660171509
2015-04-24,0.7777259349822998,0.7777259349822998
2015-04-27,0.7833307385444641,0.7833307385444641
2015-04-28,0.7867201566696167,0.7867201566696167
2015-04-29,0.7996801733970642,0.7996801733970642
2015-04-30,0.7994883060455322,0.7994883060455322
2015-05-01,0.7903263568878174,0.7903263568878174
2015-05-04,0.7830240726470947,0.7830240726470947
2015-05-05,0.7843137383460999,0.7843137383460999
2015-05-06,0.7935248017311096,0.7935248017311096
2015-05-07,0.7956715226173401,0.7956715226173401
2015-05-08,0.7901390790939331,0.7901390790939331
2015-05-11,0.7925814390182495,0.7925814390182495
2015-05-12,0.7899518013000488,0.7899518013000488
2015-05-13,0.7990411520004272,0.7990411520004272
2015-05-14,0.8112932443618774,0.8112932443618774
2015-05-15,0.8086689114570618,0.8086689114570618
2015-05-18,0.8046994805335999,0.8046994805335999
2015-05-19,0.7994883060455322,0.7994883060455322
2015-05-20,0.7922046780586243,0.7922046780586243
2015-05-21,0.7878358364105225,0.7878358364105225
2015-05-22,0.7902015447616577,0.7902015447616577
2015-05-25,0.78118896484375,0.78118896484375
2015-05-26,0.7827175855636597,0.7827175855636597
2015-05-27,0.7744733095169067,0.7744733095169067
2015-05-28,0.7735148668289185,0.7735148668289185
2015-05-29,0.7658140659332275,0.7658140659332275
2015-06-01,0.7645260095596313,0.7645260095596313
2015-06-02,0.7614986300468445,0.7614986300468445
2015-06-03,0.7763975262641907,0.7763975262641907
2015-06-04,0.7774840593338013,0.7774840593338013
2015-06-05,0.7688168287277222,0.7688168287277222
2015-06-08,0.7621369957923889,0.7621369957923889
2015-06-09,0.7688168287277222,0.7688168287277222
2015-06-10,0.7691124677658081,0.7691124677658081
2015-06-11,0.7731559872627258,0.7731559872627258
2015-06-12,0.7748873829841614,0.7748873829841614
2015-06-15,0.7730364799499512,0.7730364799499512
2015-06-16,0.7757951617240906,0.7757951617240906
2015-06-17,0.774713397026062,0.774713397026062
2015-06-18,0.7725587487220764,0.7725587487220764
2015-06-19,0.7789981961250305,0.7789981961250305
2015-06-22,0.7765783667564392,0.7765783667564392
2015-06-23,0.7728572487831116,0.7728572487831116
2015-06-24,0.7742335200309753,0.7742335200309753
2015-06-25,0.7709506154060364,0.7709506154060364
2015-06-26,0.7733952403068542,0.7733952403068542
2015-06-29,0.7626601457595825,0.7626601457595825
2015-06-30,0.767283022403717,0.767283022403717
2015-07-01,0.7694082856178284,0.7694082856178284
2015-07-02,0.7641754746437073,0.7641754746437073
2015-07-03,0.7638835906982422,0.7638835906982422
2015-07-06,0.7484470009803772,0.7484470009803772
2015-07-07,0.7478815913200378,0.7478815913200378
2015-07-08,0.7458233833312988,0.7458233833312988
2015-07-09,0.742225170135498,0.742225170135498
2015-07-10,0.7461016178131104,0.7461016178131104
2015-07-13,0.7425007820129395,0.7425007820129395
2015-07-14,0.7394808530807495,0.7394808530807495
2015-07-15,0.7446016073226929,0.7446016073226929
2015-07-16,0.7373543977737427,0.7373543977737427
2015-07-17,0.7415096759796143,0.7415096759796143
2015-07-20,0.7369197010993958,0.7369197010993958
2015-07-21,0.7375501990318298,0.7375501990318298
2015-07-22,0.7425007820129395,0.7425007820129395
2015-07-23,0.7375174760818481,0.7375174760818481
2015-07-24,0.7356186509132385,0.7356186509132385
2015-07-27,0.7275902032852173,0.7275902032852173
2015-07-28,0.7275902032852173,0.7275902032852173
2015-07-29,0.7346999049186707,0.7346999049186707
2015-07-30,0.7298737168312073,0.7298737168312073
2015-07-31,0.7294477820396423,0.7294477820396423
2015-08-03,0.7299802899360657,0.7299802899360657
2015-08-04,0.7275902032852173,0.7275902032852173
2015-08-05,0.737626314163208,0.737626314163208
2015-08-06,0.7352941036224365,0.7352941036224365
2015-08-07,0.7345379590988159,0.7345379590988159
2015-08-10,0.7401924729347229,0.7401924729347229
2015-08-11,0.7413997650146484,0.7413997650146484
2015-08-12,0.7310475707054138,0.7310475707054138
2015-08-13,0.7381163239479065,0.7381163239479065
2015-08-14,0.7375174760818481,0.7375174760818481
2015-08-17,0.7369197010993958,0.7369197010993958
2015-08-18,0.7370826601982117,0.7370826601982117
2015-08-19,0.7339987754821777,0.7339987754821777
2015-08-20,0.7354563474655151,0.7354563474655151
2015-08-21,0.7337295413017273,0.7337295413017273
2015-08-24,0.7258474230766296,0.7258474230766296
2015-08-25,0.7172057628631592,0.7172057628631592
2015-08-26,0.7105300426483154,0.7105300426483154
2015-08-27,0.7124537229537964,0.7124537229537964
2015-08-28,0.7174115777015686,0.7174115777015686
2015-08-31,0.7140816450119019,0.7140816450119019
2015-09-01,0.7109341621398926,0.7109341621398926
2015-09-02,0.7009181976318359,0.7009181976318359
2015-09-03,0.7047216296195984,0.7047216296195984
2015-09-04,0.7019021511077881,0.7019021511077881
2015-09-07,0.6935774683952332,0.6935774683952332
2015-09-08,0.6946374177932739,0.6946374177932739
2015-09-09,0.7037792801856995,0.7037792801856995
2015-09-10,0.6965728402137756,0.6965728402137756
2015-09-11,0.7071135640144348,0.7071135640144348
2015-09-14,0.7099751830101013,0.7099751830101013
2015-09-15,0.7160758972167969,0.7160758972167969
2015-09-16,0.7128092050552368,0.7128092050552368
2015-09-17,0.7199942469596863,0.7199942469596863
2015-09-18,0.7189072370529175,0.7189072370529175
2015-09-21,0.7190106511116028,0.7190106511116028
2015-09-22,0.7130124568939209,0.7130124568939209
2015-09-23,0.7079144716262817,0.7079144716262817
2015-09-24,0.6998880505561829,0.6998880505561829
2015-09-25,0.7011638879776001,0.7011638879776001
2015-09-28,0.7020993232727051,0.7020993232727051
2015-09-29,0.6972042322158813,0.6972042322158813
2015-09-30,0.7003781795501709,0.7003781795501709
2015-10-01,0.7010164856910706,0.7010164856910706
2015-10-02,0.7036802172660828,0.7036802172660828
2015-10-05,0.704820990562439,0.704820990562439
2015-10-06,0.708817720413208,0.708817720413208
2015-10-07,0.7159220576286316,0.7159220576286316
2015-10-08,0.7194762229919434,0.7194762229919434
2015-10-09,0.7267441749572754,0.7267441749572754
2015-10-12,0.7314754128456116,0.7314754128456116
2015-10-13,0.7344300746917725,0.7344300746917725
2015-10-14,0.7222824096679688,0.7222824096679688
2015-10-15,0.7320108413696289,0.7320108413696289
2015-10-16,0.7329228520393372,0.7329228520393372
2015-10-19,0.726005494594574,0.726005494594574
2015-10-20,0.7256367206573486,0.7256367206573486
2015-10-21,0.7267441749572754,0.7267441749572754
2015-10-22,0.7215527892112732,0.7215527892112732
2015-10-23,0.721188485622406,0.721188485622406
2015-10-26,0.7223867774009705,0.7223867774009705
2015-10-27,0.7251105904579163,0.7251105904579163
2015-10-28,0.7192692160606384,0.7192692160606384
2015-10-29,0.7100759744644165,0.7100759744644165
2015-10-30,0.7090187072753906,0.7090187072753906
2015-11-02,0.7137249112129211,0.7137249112129211
2015-11-03,0.7159220576286316,0.7159220576286316
2015-11-04,0.7191140651702881,0.7191140651702881
2015-11-05,0.71387779712677,0.71387779712677
2015-11-06,0.714796245098114,0.714796245098114
2015-11-09,0.7038784027099609,0.7038784027099609
2015-11-10,0.7051191329956055,0.7051191329956055
2015-11-11,0.7046719789505005,0.7046719789505005
2015-11-12,0.7071135640144348,0.7071135640144348
2015-11-13,0.7137249112129211,0.7137249112129211
2015-11-16,0.7105805277824402,0.7105805277824402
2015-11-17,0.7095217704772949,0.7095217704772949
2015-11-18,0.7113893628120422,0.7113893628120422
2015-11-19,0.7117944359779358,0.7117944359779358
2015-11-20,0.7191658020019531,0.7191658020019531
2015-11-23,0.7229090332984924,0.7229090332984924
2015-11-24,0.7189072370529175,0.7189072370529175
2015-11-25,0.7257947325706482,0.7257947325706482
2015-11-26,0.725584089756012,0.725584089756012
2015-11-27,0.7219173908233643,0.7219173908233643
2015-11-30,0.7183908224105835,0.7183908224105835
2015-12-01,0.7232750058174133,0.7232750058174133
2015-12-02,0.7323324680328369,0.7323324680328369
2015-12-03,0.7303001284599304,0.7303001284599304
2015-12-04,0.7329766154289246,0.7329766154289246
2015-12-07,0.7342144250869751,0.7342144250869751
2015-12-08,0.7259001135826111,0.7259001135826111
2015-12-09,0.7225067615509033,0.7225067615509033
2015-12-10,0.7235366702079773,0.7235366702079773
2015-12-11,0.727219820022583,0.727219820022583
2015-12-14,0.7164863348007202,0.7164863348007202
2015-12-15,0.7254788279533386,0.7254788279533386
2015-12-16,0.7203054428100586,0.7203054428100586
2015-12-17,0.7208765745162964,0.7208765745162964
2015-12-18,0.7128092050552368,0.7128092050552368
2015-12-21,0.7166917324066162,0.7166917324066162
2015-12-22,0.7199942469596863,0.7199942469596863
2015-12-23,0.7232226729393005,0.7232226729393005
2015-12-24,0.7233796119689941,0.7233796119689941
2015-12-25,0.727219820022583,0.727219820022583
2015-12-28,0.7282790541648865,0.7282790541648865
2015-12-29,0.7257947325706482,0.7257947325706482
2015-12-30,0.7290754914283752,0.7290754914283752
2015-12-31,0.7284913063049316,0.7284913063049316
2016-01-01,0.7271669507026672,0.7271669507026672
2016-01-04,0.7287036180496216,0.7287036180496216
2016-01-05,0.7185972929000854,0.7185972929000854
2016-01-06,0.7162810564041138,0.7162810564041138
2016-01-07,0.708014726638794,0.708014726638794
2016-01-08,0.7018036246299744,0.7018036246299744
2016-01-11,0.6942998170852661,0.6942998170852661
2016-01-12,0.6987143754959106,0.6987143754959106
2016-01-13,0.6987143754959106,0.6987143754959106
2016-01-14,0.6935774683952332,0.6935774683952332
2016-01-15,0.6996921300888062,0.6996921300888062
2016-01-18,0.6861063838005066,0.6861063838005066
2016-01-19,0.6878998875617981,0.6878998875617981
2016-01-20,0.6917064189910889,0.6917064189910889
2016-01-21,0.6937218308448792,0.6937218308448792
2016-01-22,0.7016066908836365,0.7016066908836365
2016-01-25,0.7004027366638184,0.7004027366638184
2016-01-26,0.6939143538475037,0.6939143538475037
2016-01-27,0.700721800327301,0.700721800327301
2016-01-28,0.7016066908836365,0.7016066908836365
2016-01-29,0.7086167335510254,0.7086167335510254
2016-02-01,0.7068636417388916,0.7068636417388916
2016-02-02,0.711085855960846,0.711085855960846
2016-02-03,0.7029876708984375,0.7029876708984375
2016-02-04,0.7154611349105835,0.7154611349105835
2016-02-05,0.7199423909187317,0.7199423909187317
2016-02-08,0.7086167335510254,0.7086167335510254
2016-02-09,0.7079144716262817,0.7079144716262817
2016-02-10,0.7067137956619263,0.7067137956619263
2016-02-11,0.7103786468505859,0.7103786468505859
2016-02-12,0.7124029397964478,0.7124029397964478
2016-02-15,0.7116931080818176,0.7116931080818176
2016-02-16,0.714796245098114,0.714796245098114
2016-02-17,0.7119971513748169,0.7119971513748169
2016-02-18,0.7176175117492676,0.7176175117492676
2016-02-19,0.7150007486343384,0.7150007486343384
2016-02-22,0.7142857313156128,0.7142857313156128
2016-02-23,0.7234842777252197,0.7234842777252197
2016-02-24,0.7195797562599182,0.7195797562599182
2016-02-25,0.7194762229919434,0.7194762229919434
2016-02-26,0.7235890030860901,0.7235890030860901
2016-02-29,0.7128092050552368,0.7128092050552368
2016-03-01,0.7142857313156128,0.7142857313156128
2016-03-02,0.7181844115257263,0.7181844115257263
2016-03-03,0.7288098335266113,0.7288098335266113
2016-03-04,0.7357810139656067,0.7357810139656067
2016-03-07,0.7411414980888367,0.7411414980888367
2016-03-08,0.7458233833312988,0.7458233833312988
2016-03-09,0.7433839440345764,0.7433839440345764
2016-03-10,0.7471049427986145,0.7471049427986145
2016-03-11,0.7462129592895508,0.7462129592895508
2016-03-14,0.756315290927887,0.756315290927887
2016-03-15,0.7521058917045593,0.7521058917045593
2016-03-16,0.746324360370636,0.746324360370636
2016-03-17,0.7547169327735901,0.7547169327735901
2016-03-18,0.7649939060211182,0.7649939060211182
2016-03-21,0.7597629427909851,0.7597629427909851
2016-03-22,0.7571741938591003,0.7571741938591003
2016-03-23,0.7620208859443665,0.7620208859443665
2016-03-24,0.7533524632453918,0.7533524632453918
2016-03-25,0.7526719570159912,0.7526719570159912
2016-03-28,0.7505817413330078,0.7505817413330078
2016-03-29,0.7556865215301514,0.7556865215301514
2016-03-30,0.7640002965927124,0.7640002965927124
2016-03-31,0.7661073803901672,0.7661073803901672
2016-04-01,0.7669888138771057,0.7669888138771057
2016-04-04,0.7668711543083191,0.7668711543083191
2016-04-05,0.7599939703941345,0.7599939703941345
2016-04-06,0.7546030879020691,0.7546030879020691
2016-04-07,0.7612088322639465,0.7612088322639465
2016-04-08,0.7513712644577026,0.7513712644577026
2016-04-11,0.7564868927001953,0.7564868927001953
2016-04-12,0.7594744563102722,0.7594744563102722
2016-04-13,0.7685213685035706,0.7685213685035706
2016-04-14,0.7662248611450195,0.7662248611450195
2016-04-15,0.7695859670639038,0.7695859670639038
2016-04-18,0.7640002965927124,0.7640002965927124
2016-04-19,0.7771215438842773,0.7771215438842773
2016-04-20,0.7796663045883179,0.7796663045883179
2016-04-21,0.7802137732505798,0.7802137732505798
2016-04-22,0.7742934823036194,0.7742934823036194
2016-04-25,0.7710813879966736,0.7710813879966736
2016-04-26,0.7717240452766418,0.7717240452766418
2016-04-27,0.7747734189033508,0.7747734189033508
2016-04-28,0.7603984475135803,0.7603984475135803
2016-04-29,0.7634170055389404,0.7634170055389404
2016-05-02,0.7617306113243103,0.7617306113243103
2016-05-03,0.7663775086402893,0.7663775086402893
2016-05-04,0.7499625086784363,0.7499625086784363
2016-05-05,0.7467144727706909,0.7467144727706909
2016-05-06,0.7476076483726501,0.7476076483726501
2016-05-09,0.737626314163208,0.737626314163208
2016-05-10,0.731689453125,0.731689453125
2016-05-11,0.7373000383377075,0.7373000383377075
2016-05-12,0.7357810139656067,0.7357810139656067
2016-05-13,0.7317965626716614,0.7317965626716614
2016-05-16,0.7274843454360962,0.7274843454360962
2016-05-17,0.7288098335266113,0.7288098335266113
2016-05-18,0.731368362903595,0.731368362903595
2016-05-19,0.7226999998092651,0.7226999998092651
2016-05-20,0.7232226729393005,0.7232226729393005
2016-05-23,0.7228044867515564,0.7228044867515564
2016-05-24,0.7223867774009705,0.7223867774009705
2016-05-25,0.719062328338623,0.719062328338623
2016-05-26,0.7186489701271057,0.7186489701271057
2016-05-27,0.7225955128669739,0.7225955128669739
2016-05-30,0.7184939980506897,0.7184939980506897
2016-05-31,0.7195797562599182,0.7195797562599182
2016-06-01,0.7236937284469604,0.7236937284469604
2016-06-02,0.7250054478645325,0.7250054478645325
2016-06-03,0.7231180667877197,0.7231180667877197
2016-06-06,0.7346999049186707,0.7346999049186707
2016-06-07,0.7373543977737427,0.7373543977737427
2016-06-08,0.7446016073226929,0.7446016073226929
2016-06-09,0.7496814131736755,0.7496814131736755
2016-06-10,0.7416747212409973,0.7416747212409973
2016-06-13,0.7374087572097778,0.7374087572097778
2016-06-14,0.7381163239479065,0.7381163239479065
2016-06-15,0.7356186509132385,0.7356186509132385
2016-06-16,0.7416197061538696,0.7416197061538696
2016-06-17,0.7387160658836365,0.7387160658836365
2016-06-20,0.7431076765060425,0.7431076765060425
2016-06-21,0.7461016178131104,0.7461016178131104
2016-06-22,0.7453786730766296,0.7453786730766296
2016-06-23,0.7514277100563049,0.7514277100563049
2016-06-24,0.7535226941108704,0.7535226941108704
2016-06-27,0.7431076765060425,0.7431076765060425
2016-06-28,0.7357268929481506,0.7357268929481506
2016-06-29,0.7405213713645935,0.7405213713645935
2016-06-30,0.7469933032989502,0.7469933032989502
2016-07-01,0.7448789477348328,0.7448789477348328
2016-07-04,0.7463800311088562,0.7463800311088562
2016-07-05,0.7530120611190796,0.7530120611190796
2016-07-06,0.7443799376487732,0.7443799376487732
2016-07-07,0.7518796920776367,0.7518796920776367
2016-07-08,0.7494004368782043,0.7494004368782043
2016-07-11,0.7559149861335754,0.7559149861335754
2016-07-12,0.7538067698478699,0.7538067698478699
2016-07-13,0.7605719566345215,0.7605719566345215
2016-07-14,0.7596474885940552,0.7596474885940552
2016-07-15,0.7614986300468445,0.7614986300468445
2016-07-18,0.759013295173645,0.759013295173645
2016-07-19,0.7575184106826782,0.7575184106826782
2016-07-20,0.750750720500946,0.750750720500946
2016-07-21,0.747160792350769,0.747160792350769
2016-07-22,0.7506943941116333,0.7506943941116333
2016-07-25,0.7476076483726501,0.7476076483726501
2016-07-26,0.7476076483726501,0.7476076483726501
2016-07-27,0.7516536712646484,0.7516536712646484
2016-07-28,0.7517440319061279,0.7517440319061279
2016-07-29,0.751258373260498,0.751258373260498
2016-08-01,0.7587829232215881,0.7587829232215881
2016-08-02,0.7528419494628906,0.7528419494628906
2016-08-03,0.7599939703941345,0.7599939703941345
2016-08-04,0.759013295173645,0.759013295173645
2016-08-05,0.7640002965927124,0.7640002965927124
2016-08-08,0.7611798048019409,0.7611798048019409
2016-08-09,0.7660487294197083,0.7660487294197083
2016-08-10,0.7664597034454346,0.7664597034454346
2016-08-11,0.77154541015625,0.77154541015625
2016-08-12,0.7695859670639038,0.7695859670639038
2016-08-15,0.7656381726264954,0.7656381726264954
2016-08-16,0.7676364183425903,0.7676364183425903
2016-08-17,0.7700778245925903,0.7700778245925903
2016-08-18,0.766400933265686,0.766400933265686
2016-08-19,0.7678722143173218,0.7678722143173218
2016-08-22,0.7608034610748291,0.7608034610748291
2016-08-23,0.7630093097686768,0.7630093097686768
2016-08-24,0.7613826394081116,0.7613826394081116
2016-08-25,0.7610350251197815,0.7610350251197815
2016-08-26,0.7624857425689697,0.7624857425689697
2016-08-29,0.7544322609901428,0.7544322609901428
2016-08-30,0.7577479481697083,0.7577479481697083
2016-08-31,0.7524454593658447,0.7524454593658447
2016-09-01,0.7519927620887756,0.7519927620887756
2016-09-02,0.7552869915962219,0.7552869915962219
2016-09-05,0.7564868927001953,0.7564868927001953
2016-09-06,0.7593014240264893,0.7593014240264893
2016-09-07,0.7688168287277222,0.7688168287277222
2016-09-08,0.7669299840927124,0.7669299840927124
2016-09-09,0.7650523781776428,0.7650523781776428
2016-09-12,0.7544892430305481,0.7544892430305481
2016-09-13,0.7567158937454224,0.7567158937454224
2016-09-14,0.7469375729560852,0.7469375729560852
2016-09-15,0.7482229471206665,0.7482229471206665
2016-09-16,0.7513148188591003,0.7513148188591003
2016-09-19,0.7501875758171082,0.7501875758171082
2016-09-20,0.7537499070167542,0.7537499070167542
2016-09-21,0.7558007836341858,0.7558007836341858
2016-09-22,0.763242244720459,0.763242244720459
2016-09-23,0.7649353742599487,0.7649353742599487
2016-09-26,0.7616146206855774,0.7616146206855774
2016-09-27,0.763382077217102,0.763382077217102
2016-09-28,0.7669888138771057,0.7669888138771057
2016-09-29,0.7694082856178284,0.7694082856178284
2016-09-30,0.7628347277641296,0.7628347277641296
2016-10-03,0.7644091248512268,0.7644091248512268
2016-10-04,0.7686395049095154,0.7686395049095154
2016-10-05,0.7610929608345032,0.7610929608345032
2016-10-06,0.7623694539070129,0.7623694539070129
2016-10-07,0.7578054070472717,0.7578054070472717
2016-10-10,0.7599939703941345,0.7599939703941345
2016-10-11,0.7599939703941345,0.7599939703941345
2016-10-12,0.7562580704689026,0.7562580704689026
2016-10-13,0.7558007836341858,0.7558007836341858
2016-10-14,0.7563723921775818,0.7563723921775818
2016-10-17,0.7596474885940552,0.7596474885940552
2016-10-18,0.7640587091445923,0.7640587091445923
2016-10-19,0.7674597501754761,0.7674597501754761
2016-10-20,0.7726184129714966,0.7726184129714966
2016-10-21,0.7633005380630493,0.7633005380630493
2016-10-24,0.7602249979972839,0.7602249979972839
2016-10-25,0.7594167590141296,0.7594167590141296
2016-10-26,0.7650523781776428,0.7650523781776428
2016-10-27,0.7649939060211182,0.7649939060211182
2016-10-28,0.759013295173645,0.759013295173645
2016-10-31,0.7598206996917725,0.7598206996917725
2016-11-01,0.7607455253601074,0.7607455253601074
2016-11-02,0.7645260095596313,0.7645260095596313
2016-11-03,0.7653451561927795,0.7653451561927795
2016-11-04,0.768580436706543,0.768580436706543
2016-11-07,0.7678722143173218,0.7678722143173218
2016-11-08,0.7720219492912292,0.7720219492912292
2016-11-09,0.7745933532714844,0.7745933532714844
2016-11-10,0.7649353742599487,0.7649353742599487
2016-11-11,0.760861337184906,0.760861337184906
2016-11-14,0.754944920539856,0.754944920539856
2016-11-15,0.7571169137954712,0.7571169137954712
2016-11-16,0.7553440928459167,0.7553440928459167
2016-11-17,0.7494566440582275,0.7494566440582275
2016-11-18,0.7398091554641724,0.7398091554641724
2016-11-21,0.7323324680328369,0.7323324680328369
2016-11-22,0.7376807332038879,0.7376807332038879
2016-11-23,0.7410151958465576,0.7410151958465576
2016-11-24,0.7374631762504578,0.7374631762504578
2016-11-25,0.7416747212409973,0.7416747212409973
2016-11-28,0.7445462346076965,0.7445462346076965
2016-11-29,0.7494566440582275,0.7494566440582275
2016-11-30,0.7484470009803772,0.7484470009803772
2016-12-01,0.7388798594474792,0.7388798594474792
2016-12-02,0.7421150207519531,0.7421150207519531
2016-12-05,0.7443799376487732,0.7443799376487732
2016-12-06,0.747439980506897,0.747439980506897
2016-12-07,0.7472166419029236,0.7472166419029236
2016-12-08,0.748615026473999,0.748615026473999
2016-12-09,0.7459513545036316,0.7459513545036316
2016-12-12,0.7448234558105469,0.7448234558105469
2016-12-13,0.7497376203536987,0.7497376203536987
2016-12-14,0.7494566440582275,0.7494566440582275
2016-12-15,0.7410700917243958,0.7410700917243958
2016-12-16,0.7368110418319702,0.7368110418319702
2016-12-19,0.7291286587715149,0.7291286587715149
2016-12-20,0.7251105904579163,0.7251105904579163
2016-12-21,0.7269555330276489,0.7269555330276489
2016-12-22,0.7235366702079773,0.7235366702079773
2016-12-23,0.7221781015396118,0.7221781015396118
2016-12-26,0.7179266214370728,0.7179266214370728
2016-12-27,0.7180812358856201,0.7180812358856201
2016-12-28,0.7191140651702881,0.7191140651702881
2016-12-29,0.7184939980506897,0.7184939980506897
2016-12-30,0.7234842777252197,0.7234842777252197
2017-01-02,0.7209805250167847,0.7209805250167847
2017-01-03,0.7196833491325378,0.7196833491325378
2017-01-04,0.7229925990104675,0.7229925990104675
2017-01-05,0.7287036180496216,0.7287036180496216
2017-01-06,0.7338372468948364,0.7338372468948364
2017-01-09,0.7312079668045044,0.7312079668045044
2017-01-10,0.7359976172447205,0.7359976172447205
2017-01-11,0.7361602187156677,0.7361602187156677
2017-01-12,0.7447125315666199,0.7447125315666199
2017-01-13,0.7488393187522888,0.7488393187522888
2017-01-16,0.7497938275337219,0.7497938275337219
2017-01-17,0.7473283410072327,0.7473283410072327
2017-01-18,0.7550702691078186,0.7550702691078186
2017-01-19,0.7509198784828186,0.7509198784828186
2017-01-20,0.7566586136817932,0.7566586136817932
2017-01-23,0.7573462724685669,0.7573462724685669
2017-01-24,0.7582650780677795,0.7582650780677795
2017-01-25,0.7592437863349915,0.7592437863349915
2017-01-26,0.7574036121368408,0.7574036121368408
2017-01-27,0.7533524632453918,0.7533524632453918
2017-01-30,0.7553611993789673,0.7553611993789673
2017-01-31,0.7565441131591797,0.7565441131591797
2017-02-01,0.7580351233482361,0.7580351233482361
2017-02-02,0.7583800554275513,0.7583800554275513
2017-02-03,0.7654623985290527,0.7654623985290527
2017-02-06,0.7676010727882385,0.7676010727882385
2017-02-07,0.764584481716156,0.764584481716156
2017-02-08,0.7622532248497009,0.7622532248497009
2017-02-09,0.7631723284721375,0.7631723284721375
2017-02-10,0.7625904083251953,0.7625904083251953
2017-02-13,0.7670122981071472,0.7670122981071472
2017-02-14,0.7642396688461304,0.7642396688461304
2017-02-15,0.7669299840927124,0.7669299840927124
2017-02-16,0.7721471190452576,0.7721471190452576
2017-02-17,0.7698229551315308,0.7698229551315308
2017-02-20,0.7668006420135498,0.7668006420135498
2017-02-21,0.7688758969306946,0.7688758969306946
2017-02-22,0.7676364183425903,0.7676364183425903
2017-02-23,0.7697044014930725,0.7697044014930725
2017-02-24,0.7713074088096619,0.7713074088096619
2017-02-27,0.767047643661499,0.767047643661499
2017-02-28,0.7676364183425903,0.7676364183425903
2017-03-01,0.7642280459403992,0.7642280459403992
2017-03-02,0.7657554149627686,0.7657554149627686
2017-03-03,0.7572315335273743,0.7572315335273743
2017-03-06,0.7594744563102722,0.7594744563102722
2017-03-07,0.7589211463928223,0.7589211463928223
2017-03-08,0.7594974637031555,0.7594974637031555
2017-03-09,0.7528986930847168,0.7528986930847168
2017-03-10,0.750750720500946,0.750750720500946
2017-03-13,0.7543753385543823,0.7543753385543823
2017-03-14,0.7566586136817932,0.7566586136817932
2017-03-15,0.7565498352050781,0.7565498352050781
2017-03-16,0.7705941200256348,0.7705941200256348
2017-03-17,0.7669888138771057,0.7669888138771057
2017-03-20,0.7704753875732422,0.7704753875732422
2017-03-21,0.7730364799499512,0.7730364799499512
2017-03-22,0.7674126029014587,0.7674126029014587
2017-03-23,0.7669417858123779,0.7669417858123779
2017-03-24,0.7634170055389404,0.7634170055389404
2017-03-27,0.7633005380630493,0.7633005380630493
2017-03-28,0.7628929018974304,0.7628929018974304
2017-03-29,0.7652397751808167,0.7652397751808167
2017-03-30,0.767047643661499,0.767047643661499
2017-03-31,0.7655209302902222,0.7655209302902222
2017-04-03,0.7629918456077576,0.7629918456077576
2017-04-04,0.7605140805244446,0.7605140805244446
2017-04-05,0.756887674331665,0.756887674331665
2017-04-06,0.7567788362503052,0.7567788362503052
2017-04-07,0.7541478276252747,0.7541478276252747
2017-04-10,0.7507225871086121,0.7507225871086121
2017-04-11,0.7506943941116333,0.7506943941116333
2017-04-12,0.7503620386123657,0.7503620386123657
2017-04-13,0.7539090514183044,0.7539090514183044
2017-04-14,0.7566013336181641,0.7566013336181641
2017-04-17,0.7580926418304443,0.7580926418304443
2017-04-18,0.7591862082481384,0.7591862082481384
2017-04-19,0.7559149861335754,0.7559149861335754
2017-04-20,0.7496252059936523,0.7496252059936523
2017-04-21,0.751908004283905,0.751908004283905
2017-04-24,0.7555723190307617,0.7555723190307617
2017-04-25,0.755972146987915,0.755972146987915
2017-04-26,0.7536931037902832,0.7536931037902832
2017-04-27,0.7480326294898987,0.7480326294898987
2017-04-28,0.746720016002655,0.746720016002655
2017-05-01,0.7483405470848083,0.7483405470848083
2017-05-02,0.753409206867218,0.753409206867218
2017-05-03,0.7543184757232666,0.7543184757232666
2017-05-04,0.7428869009017944,0.7428869009017944
2017-05-05,0.7412348985671997,0.7412348985671997
2017-05-08,0.7415812015533447,0.7415812015533447
2017-05-09,0.7388798594474792,0.7388798594474792
2017-05-10,0.7342413067817688,0.7342413067817688
2017-05-11,0.7361059784889221,0.7361059784889221
2017-05-12,0.7378984093666077,0.7378984093666077
2017-05-15,0.7392895221710205,0.7392895221710205
2017-05-16,0.7420544624328613,0.7420544624328613
2017-05-17,0.7421150207519531,0.7421150207519531
2017-05-18,0.7431076765060425,0.7431076765060425
2017-05-19,0.742225170135498,0.742225170135498
2017-05-22,0.7452120184898376,0.7452120184898376
2017-05-23,0.7471049427986145,0.7471049427986145
2017-05-24,0.747160792350769,0.747160792350769
2017-05-25,0.7497488260269165,0.7497488260269165
2017-05-26,0.7456009387969971,0.7456009387969971
2017-05-29,0.7444353699684143,0.7444353699684143
2017-05-30,0.7438815832138062,0.7438815832138062
2017-05-31,0.7459346652030945,0.7459346652030945
2017-06-01,0.7426661252975464,0.7426661252975464
2017-06-02,0.7379528880119324,0.7379528880119324
2017-06-05,0.7428702712059021,0.7428702712059021
2017-06-06,0.7487271428108215,0.7487271428108215
2017-06-07,0.7509763240814209,0.7509763240814209
2017-06-08,0.7542046904563904,0.7542046904563904
2017-06-09,0.7528306245803833,0.7528306245803833
2017-06-12,0.7530120611190796,0.7530120611190796
2017-06-13,0.7547739148139954,0.7547739148139954
2017-06-14,0.7538067698478699,0.7538067698478699
2017-06-15,0.7588980793952942,0.7588980793952942
2017-06-16,0.7585526704788208,0.7585526704788208
2017-06-19,0.7621369957923889,0.7621369957923889
2017-06-20,0.7591918706893921,0.7591918706893921
2017-06-21,0.7576102018356323,0.7576102018356323
2017-06-22,0.7550873756408691,0.7550873756408691
2017-06-23,0.7541478276252747,0.7541478276252747
2017-06-26,0.7567674517631531,0.7567674517631531
2017-06-27,0.7584375739097595,0.7584375739097595
2017-06-28,0.7586677670478821,0.7586677670478821
2017-06-29,0.7635919451713562,0.7635919451713562
2017-06-30,0.7685213685035706,0.7685213685035706
2017-07-03,0.7688285708427429,0.7688285708427429
2017-07-04,0.7666183710098267,0.7666183710098267
2017-07-05,0.7612088322639465,0.7612088322639465
2017-07-06,0.7600921392440796,0.7600921392440796
2017-07-07,0.7579776644706726,0.7579776644706726
2017-07-10,0.7605140805244446,0.7605140805244446
2017-07-12,0.7639011144638062,0.7639011144638062
2017-07-13,0.7679194211959839,0.7679194211959839
2017-07-14,0.774053692817688,0.774053692817688
2017-07-17,0.7825216054916382,0.7825216054916382
2017-07-18,0.7791013717651367,0.7791013717651367
2017-07-19,0.7918283343315125,0.7918283343315125
2017-07-20,0.7960199117660522,0.7960199117660522
2017-07-21,0.7947861552238464,0.7947861552238464
2017-07-24,0.7925311923027039,0.7925311923027039
2017-07-25,0.7927699685096741,0.7927699685096741
2017-07-26,0.7932730913162231,0.7932730913162231
2017-07-27,0.8000128269195557,0.8000128269195557
2017-07-28,0.7973591089248657,0.7973591089248657
2017-07-31,0.7985944747924805,0.7985944747924805
2017-08-01,0.7998719811439514,0.7998719811439514
2017-08-02,0.7956082820892334,0.7956082820892334
2017-08-03,0.7955195903778076,0.7955195903778076
2017-08-04,0.7959882616996765,0.7959882616996765
2017-08-07,0.7930842638015747,0.7930842638015747
2017-08-08,0.791671633720398,0.791671633720398
2017-08-09,0.7898269891738892,0.7898269891738892
2017-08-10,0.7891601324081421,0.7891601324081421
2017-08-11,0.7866582870483398,0.7866582870483398
2017-08-14,0.7904075980186462,0.7904075980186462
2017-08-15,0.7853608131408691,0.7853608131408691
2017-08-16,0.7825950980186462,0.7825950980186462
2017-08-17,0.7932101488113403,0.7932101488113403
2017-08-18,0.7875256538391113,0.7875256538391113
2017-08-21,0.7927510738372803,0.7927510738372803
2017-08-22,0.79377681016922,0.79377681016922
2017-08-23,0.7913270592689514,0.7913270592689514
2017-08-24,0.79107666015625,0.79107666015625
2017-08-25,0.7900142073631287,0.7900142073631287
2017-08-28,0.794060468673706,0.794060468673706
2017-08-29,0.7924558520317078,0.7924558520317078
2017-08-30,0.7956715226173401,0.7956715226173401
2017-08-31,0.7907013297080994,0.7907013297080994
2017-09-01,0.7939658164978027,0.7939658164978027
2017-09-04,0.796470046043396,0.796470046043396
2017-09-05,0.7945336103439331,0.7945336103439331
2017-09-06,0.8006982207298279,0.8006982207298279
2017-09-07,0.8010895252227783,0.8010895252227783
2017-09-08,0.8058017492294312,0.8058017492294312
2017-09-11,0.8051530122756958,0.8051530122756958
2017-09-12,0.8023750185966492,0.8023750185966492
2017-09-13,0.8020082116127014,0.8020082116127014
2017-09-14,0.797957181930542,0.797957181930542
2017-09-15,0.8001792430877686,0.8001792430877686
2017-09-18,0.7996801733970642,0.7996801733970642
2017-09-19,0.7971112728118896,0.7971112728118896
2017-09-20,0.8005764484405518,0.8005764484405518
2017-09-21,0.8016674518585205,0.8016674518585205
2017-09-22,0.7930591702461243,0.7930591702461243
2017-09-25,0.7964954376220703,0.7964954376220703
2017-09-26,0.7936822772026062,0.7936822772026062
2017-09-27,0.7877613306045532,0.7877613306045532
2017-09-28,0.785071074962616,0.785071074962616
2017-09-29,0.7846275568008423,0.7846275568008423
2017-10-02,0.7845598459243774,0.7845598459243774
2017-10-03,0.7827175855636597,0.7827175855636597
2017-10-04,0.783631443977356,0.783631443977356
2017-10-05,0.7861697673797607,0.7861697673797607
2017-10-06,0.7790589332580566,0.7790589332580566
2017-10-09,0.7779377102851868,0.7779377102851868
2017-10-10,0.7759155631065369,0.7759155631065369
2017-10-11,0.7786524295806885,0.7786524295806885
2017-10-12,0.7804573774337769,0.7804573774337769
2017-10-13,0.7827788591384888,0.7827788591384888
2017-10-16,0.7885688543319702,0.7885688543319702
2017-10-17,0.7844183444976807,0.7844183444976807
2017-10-18,0.7851697206497192,0.7851697206497192
2017-10-19,0.7842522263526917,0.7842522263526917
2017-10-20,0.7875069975852966,0.7875069975852966
2017-10-23,0.7807010412216187,0.7807010412216187
2017-10-24,0.78125,0.78125
2017-10-25,0.7775444984436035,0.7775444984436035
2017-10-26,0.770790159702301,0.770790159702301
2017-10-27,0.7659724950790405,0.7659724950790405
2017-10-30,0.7668123245239258,0.7668123245239258
2017-10-31,0.7697636485099792,0.7697636485099792
2017-11-01,0.7659900188446045,0.7659900188446045
2017-11-02,0.7676953673362732,0.7676953673362732
2017-11-03,0.7713906764984131,0.7713906764984131
2017-11-06,0.7651694416999817,0.7651694416999817
2017-11-07,0.768994152545929,0.768994152545929
2017-11-08,0.7655092477798462,0.7655092477798462
2017-11-09,0.7678722143173218,0.7678722143173218
2017-11-10,0.7682615518569946,0.7682615518569946
2017-11-13,0.7647013664245605,0.7647013664245605
2017-11-14,0.7614986300468445,0.7614986300468445
2017-11-15,0.7631257772445679,0.7631257772445679
2017-11-17,0.7587311267852783,0.7587311267852783
2017-11-20,0.7554011344909668,0.7554011344909668
2017-11-21,0.7555723190307617,0.7555723190307617
2017-11-22,0.7584893703460693,0.7584893703460693
2017-11-23,0.7613826394081116,0.7613826394081116
2017-11-24,0.7625671029090881,0.7625671029090881
2017-11-27,0.7611972093582153,0.7611972093582153
2017-11-28,0.7607165575027466,0.7607165575027466
2017-11-29,0.7605488300323486,0.7605488300323486
2017-11-30,0.7566586136817932,0.7566586136817932
2017-12-01,0.7563438415527344,0.7563438415527344
2017-12-04,0.759013295173645,0.759013295173645
2017-12-05,0.7604100108146667,0.7604100108146667
2017-12-06,0.7604620456695557,0.7604620456695557
2017-12-07,0.7566872239112854,0.7566872239112854
2017-12-08,0.7512019276618958,0.7512019276618958
2017-12-11,0.7508071064949036,0.7508071064949036
2017-12-12,0.7529497146606445,0.7529497146606445
2017-12-13,0.7556580305099487,0.7556580305099487
2017-12-14,0.7633005380630493,0.7633005380630493
2017-12-15,0.7665008306503296,0.7665008306503296
2017-12-18,0.7651109099388123,0.7651109099388123
2017-12-19,0.7665772438049316,0.7665772438049316
2017-12-20,0.7653451561927795,0.7653451561927795
2017-12-21,0.767224133014679,0.767224133014679
2017-12-22,0.7707723379135132,0.7707723379135132
2017-12-25,0.7714858651161194,0.7714858651161194
2017-12-26,0.7725587487220764,0.7725587487220764
2017-12-27,0.7730425000190735,0.7730425000190735
2017-12-28,0.7774840593338013,0.7774840593338013
2017-12-29,0.7794293165206909,0.7794293165206909
2018-01-01,0.7802137732505798,0.7802137732505798
2018-01-02,0.7801042199134827,0.7801042199134827
2018-01-03,0.783392071723938,0.783392071723938
2018-01-04,0.7828401327133179,0.7828401327133179
2018-01-05,0.7863799333572388,0.7863799333572388
2018-01-08,0.786101758480072,0.786101758480072
2018-01-09,0.7848061919212341,0.7848061919212341
2018-01-10,0.7810669541358948,0.7810669541358948
2018-01-11,0.7847322225570679,0.7847322225570679
2018-01-12,0.7885813117027283,0.7885813117027283
2018-01-15,0.7908889651298523,0.7908889651298523
2018-01-16,0.7962924242019653,0.7962924242019653
2018-01-17,0.797130286693573,0.797130286693573
2018-01-18,0.7972510457038879,0.7972510457038879
2018-01-19,0.8005764484405518,0.8005764484405518
2018-01-22,0.8002112507820129,0.8002112507820129
2018-01-23,0.8008328676223755,0.8008328676223755
2018-01-24,0.8004482388496399,0.8004482388496399
2018-01-25,0.8048937320709229,0.8048937320709229
2018-01-26,0.8029226064682007,0.8029226064682007
2018-01-29,0.8116883039474487,0.8116883039474487
2018-01-30,0.8095985651016235,0.8095985651016235
2018-01-31,0.8101101517677307,0.8101101517677307
2018-02-01,0.806126594543457,0.806126594543457
2018-02-02,0.8040524125099182,0.8040524125099182
2018-02-05,0.7906388640403748,0.7906388640403748
2018-02-06,0.7874636054039001,0.7874636054039001
2018-02-07,0.7893905639648438,0.7893905639648438
2018-02-08,0.7817386388778687,0.7817386388778687
2018-02-09,0.7787495255470276,0.7787495255470276
2018-02-12,0.7820197939872742,0.7820197939872742
2018-02-13,0.7859163880348206,0.7859163880348206
2018-02-14,0.786101758480072,0.786101758480072
2018-02-15,0.7928327918052673,0.7928327918052673
2018-02-16,0.7943821549415588,0.7943821549415588
2018-02-19,0.7912018299102783,0.7912018299102783
2018-02-20,0.7908889651298523,0.7908889651298523
2018-02-21,0.7880903482437134,0.7880903482437134
2018-02-22,0.7798426151275635,0.7798426151275635
2018-02-23,0.7839509844779968,0.7839509844779968
2018-02-26,0.7838403582572937,0.7838403582572937
2018-02-27,0.7849909663200378,0.7849909663200378
2018-02-28,0.7793624997138977,0.7793624997138977
2018-03-01,0.7765783667564392,0.7765783667564392
2018-03-02,0.776469886302948,0.776469886302948
2018-03-05,0.7754703164100647,0.7754703164100647
2018-03-06,0.7766990065574646,0.7766990065574646
2018-03-07,0.7786343097686768,0.7786343097686768
2018-03-08,0.7827115058898926,0.7827115058898926
2018-03-09,0.7790589332580566,0.7790589332580566
2018-03-12,0.7862686514854431,0.7862686514854431
2018-03-13,0.7872899770736694,0.7872899770736694
2018-03-14,0.7857990264892578,0.7857990264892578
2018-03-15,0.7879785895347595,0.7879785895347595
2018-03-16,0.7789375185966492,0.7789375185966492
2018-03-19,0.7716049551963806,0.7716049551963806
2018-03-20,0.7708317637443542,0.7708317637443542
2018-03-21,0.7690532803535461,0.7690532803535461
2018-03-22,0.777478039264679,0.777478039264679
2018-03-23,0.7693490982055664,0.7693490982055664
2018-03-26,0.7708614468574524,0.7708614468574524
2018-03-27,0.7756146788597107,0.7756146788597107
2018-03-28,0.768757700920105,0.768757700920105
2018-03-29,0.766007661819458,0.766007661819458
2018-03-30,0.768580436706543,0.768580436706543
2018-04-02,0.768302857875824,0.768302857875824
2018-04-03,0.7654623985290527,0.7654623985290527
2018-04-04,0.768202543258667,0.768202543258667
2018-04-05,0.7719981074333191,0.7719981074333191
2018-04-06,0.7668300271034241,0.7668300271034241
2018-04-09,0.768226146697998,0.768226146697998
2018-04-10,0.7699592709541321,0.7699592709541321
2018-04-11,0.7763975262641907,0.7763975262641907
2018-04-12,0.7765181064605713,0.7765181064605713
2018-04-13,0.7757349610328674,0.7757349610328674
2018-04-16,0.7774477601051331,0.7774477601051331
2018-04-17,0.7772907018661499,0.7772907018661499
2018-04-18,0.7766990065574646,0.7766990065574646
2018-04-19,0.778889000415802,0.778889000415802
2018-04-20,0.7723379135131836,0.7723379135131836
2018-04-23,0.7659900188446045,0.7659900188446045
2018-04-24,0.7603406310081482,0.7603406310081482
2018-04-25,0.7606297731399536,0.7606297731399536
2018-04-26,0.7571169137954712,0.7571169137954712
2018-04-27,0.7556865215301514,0.7556865215301514
2018-04-30,0.7575184106826782,0.7575184106826782
2018-05-01,0.7532389163970947,0.7532389163970947
2018-05-02,0.7482901811599731,0.7482901811599731
2018-05-03,0.7486711144447327,0.7486711144447327
2018-05-04,0.7528419494628906,0.7528419494628906
2018-05-07,0.7524227499961853,0.7524227499961853
2018-05-08,0.7518796920776367,0.7518796920776367
2018-05-09,0.7449344992637634,0.7449344992637634
2018-05-10,0.7459346652030945,0.7459346652030945
2018-05-11,0.7526153922080994,0.7526153922080994
2018-05-14,0.7551102638244629,0.7551102638244629
2018-05-15,0.7525983452796936,0.7525983452796936
2018-05-16,0.7468482851982117,0.7468482851982117
2018-05-17,0.7517666816711426,0.7517666816711426
2018-05-18,0.7506380081176758,0.7506380081176758
2018-05-21,0.752428412437439,0.752428412437439
2018-05-22,0.7582650780677795,0.7582650780677795
2018-05-23,0.7578915357589722,0.7578915357589722
2018-05-24,0.7567158937454224,0.7567158937454224
2018-05-25,0.7571971416473389,0.7571971416473389
2018-05-28,0.7556865215301514,0.7556865215301514
2018-05-29,0.7547739148139954,0.7547739148139954
2018-05-30,0.7481670379638672,0.7481670379638672
2018-05-31,0.7571169137954712,0.7571169137954712
2018-06-01,0.7562122941017151,0.7562122941017151
2018-06-04,0.7568819522857666,0.7568819522857666
2018-06-05,0.7654037475585938,0.7654037475585938
2018-06-06,0.7624624371528625,0.7624624371528625
2018-06-07,0.7665772438049316,0.7665772438049316
2018-06-08,0.761440634727478,0.761440634727478
2018-06-11,0.7601903676986694,0.7601903676986694
2018-06-12,0.7604620456695557,0.7604620456695557
2018-06-13,0.7575757503509521,0.7575757503509521
2018-06-14,0.7570710182189941,0.7570710182189941
2018-06-15,0.7465472221374512,0.7465472221374512
2018-06-18,0.743992269039154,0.743992269039154
2018-06-19,0.7403568625450134,0.7403568625450134
2018-06-20,0.738825261592865,0.738825261592865
2018-06-21,0.7374087572097778,0.7374087572097778
2018-06-22,0.7378984093666077,0.7378984093666077
2018-06-25,0.743837296962738,0.743837296962738
2018-06-26,0.7409602999687195,0.7409602999687195
2018-06-27,0.7391692996025085,0.7391692996025085
2018-06-28,0.7343222498893738,0.7343222498893738
2018-06-29,0.7346459031105042,0.7346459031105042
2018-07-02,0.7398638129234314,0.7398638129234314
2018-07-03,0.7338911294937134,0.7338911294937134
2018-07-04,0.7378440499305725,0.7378440499305725
2018-07-05,0.7381708025932312,0.7381708025932312
2018-07-06,0.738661527633667,0.738661527633667
2018-07-09,0.7436326146125793,0.7436326146125793
2018-07-10,0.7470491528511047,0.7470491528511047
2018-07-11,0.7413997650146484,0.7413997650146484
2018-07-12,0.7365885972976685,0.7365885972976685
2018-07-13,0.7406858801841736,0.7406858801841736
2018-07-16,0.7421150207519531,0.7421150207519531
2018-07-17,0.7414712309837341,0.7414712309837341
2018-07-18,0.7377406358718872,0.7377406358718872
2018-07-19,0.7398912310600281,0.7398912310600281
2018-07-20,0.7362794280052185,0.7362794280052185
2018-07-23,0.7433009743690491,0.7433009743690491
2018-07-24,0.7380073666572571,0.7380073666572571
2018-07-25,0.7426220178604126,0.7426220178604126
2018-07-26,0.7459402084350586,0.7459402084350586
2018-07-27,0.7380073666572571,0.7380073666572571
2018-07-30,0.7400829195976257,0.7400829195976257
2018-07-31,0.7407297492027283,0.7407297492027283
2018-08-01,0.7419498562812805,0.7419498562812805
2018-08-02,0.7405816912651062,0.7405816912651062
2018-08-03,0.7360084652900696,0.7360084652900696
2018-08-06,0.7395902872085571,0.7395902872085571
2018-08-07,0.738552451133728,0.738552451133728
2018-08-08,0.7424456477165222,0.7424456477165222
2018-08-09,0.7427765130996704,0.7427765130996704
2018-08-10,0.7372456192970276,0.7372456192970276
2018-08-13,0.7288098335266113,0.7288098335266113
2018-08-14,0.7267969846725464,0.7267969846725464
2018-08-15,0.7235890030860901,0.7235890030860901
2018-08-16,0.7233691811561584,0.7233691811561584
2018-08-17,0.7259528040885925,0.7259528040885925
2018-08-20,0.7308178544044495,0.7308178544044495
2018-08-21,0.7336488366127014,0.7336488366127014
2018-08-22,0.7359814047813416,0.7359814047813416
2018-08-23,0.7332990765571594,0.7332990765571594
2018-08-24,0.7243227958679199,0.7243227958679199
2018-08-27,0.7344084978103638,0.7344084978103638
2018-08-28,0.7348618507385254,0.7348618507385254
2018-08-29,0.7341066002845764,0.7341066002845764
2018-08-30,0.7311919331550598,0.7311919331550598
2018-08-31,0.7261636853218079,0.7261636853218079
2018-09-03,0.7193209528923035,0.7193209528923035
2018-09-04,0.7208245992660522,0.7208245992660522
2018-09-05,0.718339204788208,0.718339204788208
2018-09-06,0.719610869884491,0.719610869884491
2018-09-07,0.719062328338623,0.719062328338623
2018-09-10,0.7117944359779358,0.7117944359779358
2018-09-11,0.7109847068786621,0.7109847068786621
2018-09-12,0.7110706567764282,0.7110706567764282
2018-09-13,0.7170617580413818,0.7170617580413818
2018-09-14,0.7188039422035217,0.7188039422035217
2018-09-17,0.7145919799804688,0.7145919799804688
2018-09-18,0.7145919799804688,0.7145919799804688
2018-09-19,0.7226007580757141,0.7226007580757141
2018-09-20,0.7259528040885925,0.7259528040885925
2018-09-21,0.7286505103111267,0.7286505103111267
2018-09-24,0.7278549671173096,0.7278549671173096
2018-09-25,0.7253209352493286,0.7253209352493286
2018-09-26,0.7249003052711487,0.7249003052711487
2018-09-27,0.725789487361908,0.725789487361908
2018-09-28,0.7205129861831665,0.7205129861831665
2018-10-01,0.7223920226097107,0.7223920226097107
2018-10-02,0.7228567600250244,0.7228567600250244
2018-10-03,0.7187522649765015,0.7187522649765015
2018-10-04,0.7096225023269653,0.7096225023269653
2018-10-05,0.7080999612808228,0.7080999612808228
2018-10-08,0.7052882313728333,0.7052882313728333
2018-10-09,0.7073636651039124,0.7073636651039124
2018-10-10,0.7114905714988708,0.7114905714988708
2018-10-11,0.7064142823219299,0.7064142823219299
2018-10-12,0.7124537229537964,0.7124537229537964
2018-10-15,0.710782527923584,0.710782527923584
2018-10-16,0.713541567325592,0.713541567325592
2018-10-17,0.7139134407043457,0.7139134407043457
2018-10-18,0.7111009955406189,0.7111009955406189
2018-10-19,0.709723174571991,0.709723174571991
2018-10-22,0.7113286256790161,0.7113286256790161
2018-10-23,0.7072685956954956,0.7072685956954956
2018-10-24,0.7091192603111267,0.7091192603111267
2018-10-25,0.7062994837760925,0.7062994837760925
2018-10-26,0.7081149816513062,0.7081149816513062
2018-10-29,0.709773600101471,0.709773600101471
2018-10-30,0.7063294053077698,0.7063294053077698
2018-10-31,0.7099247574806213,0.7099247574806213
2018-11-01,0.7083156108856201,0.7083156108856201
2018-11-02,0.7205129861831665,0.7205129861831665
2018-11-05,0.7198283672332764,0.7198283672332764
2018-11-06,0.7212925553321838,0.7212925553321838
2018-11-07,0.7243595123291016,0.7243595123291016
2018-11-08,0.7275902032852173,0.7275902032852173
2018-11-09,0.7266808152198792,0.7266808152198792
2018-11-12,0.7226999998092651,0.7226999998092651
2018-11-13,0.7175660133361816,0.7175660133361816
2018-11-14,0.7231390476226807,0.7231390476226807
2018-11-15,0.7234842777252197,0.7234842777252197
2018-11-16,0.7271669507026672,0.7271669507026672
2018-11-19,0.7317965626716614,0.7317965626716614
2018-11-20,0.7295010089874268,0.7295010089874268
2018-11-21,0.7216569185256958,0.7216569185256958
2018-11-22,0.7262164354324341,0.7262164354324341
2018-11-23,0.725021243095398,0.725021243095398
2018-11-26,0.7233796119689941,0.7233796119689941
2018-11-27,0.7223502397537231,0.7223502397537231
2018-11-28,0.7229612469673157,0.7229612469673157
2018-11-29,0.7302521467208862,0.7302521467208862
2018-11-30,0.7321876883506775,0.7321876883506775
2018-12-03,0.7373108863830566,0.7373108863830566
2018-12-04,0.7356890439987183,0.7356890439987183
2018-12-05,0.7345919609069824,0.7345919609069824
2018-12-06,0.7266386151313782,0.7266386151313782
2018-12-07,0.7231180667877197,0.7231180667877197
2018-12-10,0.7184939980506897,0.7184939980506897
2018-12-11,0.7190985083580017,0.7190985083580017
2018-12-12,0.7212925553321838,0.7212925553321838
2018-12-13,0.7221259474754333,0.7221259474754333
2018-12-14,0.7224911451339722,0.7224911451339722
2018-12-17,0.7175660133361816,0.7175660133361816
2018-12-18,0.7177205085754395,0.7177205085754395
2018-12-19,0.7188039422035217,0.7188039422035217
2018-12-20,0.7113893628120422,0.7113893628120422
2018-12-21,0.7115918397903442,0.7115918397903442
2018-12-24,0.7050197124481201,0.7050197124481201
2018-12-25,0.7052186131477356,0.7052186131477356
2018-12-26,0.7046124339103699,0.7046124339103699
2018-12-27,0.7074787616729736,0.7074787616729736
2018-12-28,0.7035317420959473,0.7035317420959473
2018-12-31,0.7044734358787537,0.7044734358787537
2019-01-01,0.7041757702827454,0.7041757702827454
2019-01-02,0.7047911882400513,0.7047911882400513
2019-01-03,0.6918978691101074,0.6918978691101074
2019-01-04,0.7006235718727112,0.7006235718727112
2019-01-07,0.7123776078224182,0.7123776078224182
2019-01-08,0.7145919799804688,0.7145919799804688
2019-01-09,0.7163323760032654,0.7163323760032654
2019-01-10,0.7175660133361816,0.7175660133361816
2019-01-11,0.7187005877494812,0.7187005877494812
2019-01-14,0.7205129861831665,0.7205129861831665
2019-01-15,0.7199423909187317,0.7199423909187317
2019-01-16,0.7207674384117126,0.7207674384117126
2019-01-17,0.7173087000846863,0.7173087000846863
2019-01-18,0.7190313339233398,0.7190313339233398
2019-01-21,0.716383695602417,0.716383695602417
2019-01-22,0.7158913612365723,0.7158913612365723
2019-01-23,0.7122101187705994,0.7122101187705994
2019-01-24,0.714796245098114,0.714796245098114
2019-01-25,0.7091192603111267,0.7091192603111267
2019-01-28,0.7179421186447144,0.7179421186447144
2019-01-29,0.7165992856025696,0.7165992856025696
2019-01-30,0.7159220576286316,0.7159220576286316
2019-01-31,0.7254682779312134,0.7254682779312134
2019-02-01,0.7271669507026672,0.7271669507026672
2019-02-04,0.7249003052711487,0.7249003052711487
2019-02-05,0.7214018106460571,0.7214018106460571
2019-02-06,0.7243752479553223,0.7243752479553223
2019-02-07,0.7109948396682739,0.7109948396682739
2019-02-08,0.709541916847229,0.709541916847229
2019-02-11,0.7101768255233765,0.7101768255233765
2019-02-12,0.7063493728637695,0.7063493728637695
2019-02-13,0.7104795575141907,0.7104795575141907
2019-02-14,0.7092198729515076,0.7092198729515076
2019-02-15,0.710328221321106,0.710328221321106
2019-02-18,0.7145408987998962,0.7145408987998962
2019-02-19,0.7132158875465393,0.7132158875465393
2019-02-20,0.7166917324066162,0.7166917324066162
2019-02-21,0.7170000672340393,0.7170000672340393
2019-02-22,0.710883617401123,0.710883617401123
2019-02-25,0.7159220576286316,0.7159220576286316
2019-02-26,0.7174115777015686,0.7174115777015686
2019-02-27,0.719398558139801,0.719398558139801
2019-02-28,0.7148473858833313,0.7148473858833313
2019-03-01,0.7102777361869812,0.7102777361869812
2019-03-04,0.7100305557250977,0.7100305557250977
2019-03-05,0.7092198729515076,0.7092198729515076
2019-03-06,0.7087423801422119,0.7087423801422119
2019-03-07,0.7034822702407837,0.7034822702407837
2019-03-08,0.7023458480834961,0.7023458480834961
2019-03-11,0.7039278745651245,0.7039278745651245
2019-03-12,0.7073386311531067,0.7073386311531067
2019-03-13,0.7064142823219299,0.7064142823219299
2019-03-14,0.7087172269821167,0.7087172269821167
2019-03-15,0.706813633441925,0.706813633441925
2019-03-18,0.7082905769348145,0.7082905769348145
2019-03-19,0.7099751830101013,0.7099751830101013
2019-03-20,0.7089684009552002,0.7089684009552002
2019-03-21,0.7135212421417236,0.7135212421417236
2019-03-22,0.710782527923584,0.710782527923584
2019-03-25,0.7083156108856201,0.7083156108856201
2019-03-26,0.7116121053695679,0.7116121053695679
2019-03-27,0.713699460029602,0.713699460029602
2019-03-28,0.7084510922431946,0.7084510922431946
2019-03-29,0.7083156108856201,0.7083156108856201
2019-04-01,0.7113893628120422,0.7113893628120422
2019-04-02,0.710989773273468,0.710989773273468
2019-04-03,0.7058408260345459,0.7058408260345459
2019-04-04,0.7117488384246826,0.7117488384246826
2019-04-05,0.7110353112220764,0.7110353112220764
2019-04-08,0.7101768255233765,0.7101768255233765
2019-04-09,0.7121593952178955,0.7121593952178955
2019-04-10,0.7129108309745789,0.7129108309745789
2019-04-11,0.7166917324066162,0.7166917324066162
2019-04-12,0.7122507095336914,0.7122507095336914
2019-04-15,0.7173087000846863,0.7173087000846863
2019-04-16,0.7176175117492676,0.7176175117492676
2019-04-17,0.7164915204048157,0.7164915204048157
2019-04-18,0.7174115777015686,0.7174115777015686
2019-04-19,0.714796245098114,0.714796245098114
2019-04-22,0.715103030204773,0.715103030204773
2019-04-23,0.7137249112129211,0.7137249112129211
2019-04-24,0.7096678018569946,0.7096678018569946
2019-04-25,0.7014589905738831,0.7014589905738831
2019-04-26,0.7017790079116821,0.7017790079116821
2019-04-29,0.7044287323951721,0.7044287323951721
2019-04-30,0.7055171132087708,0.7055171132087708
2019-05-01,0.705129086971283,0.705129086971283
2019-05-02,0.7014589905738831,0.7014589905738831
2019-05-03,0.6995453238487244,0.6995453238487244
2019-05-06,0.69733065366745,0.69733065366745
2019-05-07,0.6992518305778503,0.6992518305778503
2019-05-08,0.7008494734764099,0.7008494734764099
2019-05-09,0.6994963884353638,0.6994963884353638
2019-05-10,0.6987094879150391,0.6987094879150391
2019-05-13,0.6985093951225281,0.6985093951225281
2019-05-14,0.6945891380310059,0.6945891380310059
2019-05-15,0.6939143538475037,0.6939143538475037
2019-05-16,0.6927126049995422,0.6927126049995422
2019-05-17,0.6893223524093628,0.6893223524093628
2019-05-20,0.690321683883667,0.690321683883667
2019-05-21,0.6920607089996338,0.6920607089996338
2019-05-23,0.6877579092979431,0.6877579092979431
2019-05-24,0.689959704875946,0.689959704875946
2019-05-27,0.6932889819145203,0.6932889819145203
2019-05-28,0.6919936537742615,0.6919936537742615
2019-05-29,0.6926167011260986,0.6926167011260986
2019-05-30,0.691840410232544,0.691840410232544
2019-05-31,0.6906077861785889,0.6906077861785889
2019-06-03,0.6929622888565063,0.6929622888565063
2019-06-04,0.6972042322158813,0.6972042322158813
2019-06-05,0.6991393566131592,0.6991393566131592
2019-06-06,0.6971070170402527,0.6971070170402527
2019-06-07,0.6975446939468384,0.6975446939468384
2019-06-10,0.6995893716812134,0.6995893716812134
2019-06-11,0.6961122155189514,0.6961122155189514
2019-06-12,0.6960880160331726,0.6960880160331726
2019-06-13,0.6930487751960754,0.6930487751960754
2019-06-14,0.6913239359855652,0.6913239359855652
2019-06-17,0.6878904104232788,0.6878904104232788
2019-06-18,0.6854009628295898,0.6854009628295898
2019-06-19,0.6880418062210083,0.6880418062210083
2019-06-20,0.688548743724823,0.688548743724823
2019-06-21,0.6922379732131958,0.6922379732131958
2019-06-24,0.6944299936294556,0.6944299936294556
2019-06-25,0.696567952632904,0.696567952632904
2019-06-26,0.6961848735809326,0.6961848735809326
2019-06-27,0.6986606121063232,0.6986606121063232
2019-06-28,0.7003781795501709,0.7003781795501709
2019-07-01,0.702331006526947,0.702331006526947
2019-07-02,0.6964758634567261,0.6964758634567261
2019-07-03,0.699594259262085,0.699594259262085
2019-07-04,0.7031310796737671,0.7031310796737671
2019-07-05,0.702538251876831,0.702538251876831
2019-07-08,0.6982752084732056,0.6982752084732056
2019-07-09,0.6973987221717834,0.6973987221717834
2019-07-10,0.6927126049995422,0.6927126049995422
2019-07-11,0.6961848735809326,0.6961848735809326
2019-07-12,0.6972576975822449,0.6972576975822449
2019-07-15,0.7017790079116821,0.7017790079116821
2019-07-16,0.7040022611618042,0.7040022611618042
2019-07-17,0.701655924320221,0.701655924320221
2019-07-18,0.7010164856910706,0.7010164856910706
2019-07-19,0.7067188024520874,0.7067188024520874
2019-07-22,0.7043097019195557,0.7043097019195557
2019-07-23,0.7031854391098022,0.7031854391098022
2019-07-24,0.6997410655021667,0.6997410655021667
2019-07-25,0.697934091091156,0.697934091091156
2019-07-26,0.6952168941497803,0.6952168941497803
2019-07-29,0.6906220316886902,0.6906220316886902
2019-07-30,0.6899406909942627,0.6899406909942627
2019-07-31,0.6875215172767639,0.6875215172767639
2019-08-01,0.6846501231193542,0.6846501231193542
2019-08-02,0.6803507804870605,0.6803507804870605
2019-08-05,0.6793016791343689,0.6793016791343689
2019-08-06,0.6763520240783691,0.6763520240783691
2019-08-07,0.6763017177581787,0.6763017177581787
2019-08-08,0.6758126616477966,0.6758126616477966
2019-08-09,0.6811710596084595,0.6811710596084595
2019-08-12,0.6776812076568604,0.6776812076568604
2019-08-13,0.6755889058113098,0.6755889058113098
2019-08-14,0.6797772645950317,0.6797772645950317
2019-08-15,0.6754018664360046,0.6754018664360046
2019-08-16,0.6772773265838623,0.6772773265838623
2019-08-19,0.6786608695983887,0.6786608695983887
2019-08-20,0.6755843758583069,0.6755843758583069
2019-08-21,0.6775205135345459,0.6775205135345459
2019-08-22,0.678499698638916,0.678499698638916
2019-08-23,0.6755843758583069,0.6755843758583069
2019-08-26,0.6708078384399414,0.6708078384399414
2019-08-27,0.6769564151763916,0.6769564151763916
2019-08-28,0.6754383444786072,0.6754383444786072
2019-08-29,0.6739588975906372,0.6739588975906372
2019-08-30,0.673582136631012,0.673582136631012
2019-09-02,0.672766387462616,0.672766387462616
2019-09-03,0.6712490320205688,0.6712490320205688
2019-09-04,0.6763977408409119,0.6763977408409119
2019-09-05,0.6799945831298828,0.6799945831298828
2019-09-06,0.6811803579330444,0.6811803579330444
2019-09-09,0.6846688985824585,0.6846688985824585
2019-09-10,0.6865302920341492,0.6865302920341492
2019-09-11,0.6858522295951843,0.6858522295951843
2019-09-12,0.6873797178268433,0.6873797178268433
2019-09-13,0.6863889098167419,0.6863889098167419
2019-09-16,0.6879944801330566,0.6879944801330566
2019-09-17,0.686294674873352,0.686294674873352
2019-09-18,0.6866245269775391,0.6866245269775391
2019-09-19,0.6825705766677856,0.6825705766677856
2019-09-20,0.6792786121368408,0.6792786121368408
2019-09-23,0.6769014596939087,0.6769014596939087
2019-09-24,0.6775985956192017,0.6775985956192017
2019-09-25,0.6799483299255371,0.6799483299255371
2019-09-26,0.6755387783050537,0.6755387783050537
2019-09-27,0.6754018664360046,0.6754018664360046
2019-09-30,0.6760868430137634,0.6760868430137634
2019-10-01,0.6753106117248535,0.6753106117248535
2019-10-02,0.6708707809448242,0.6708707809448242
2019-10-03,0.6709608435630798,0.6709608435630798
2019-10-04,0.6745316982269287,0.6745316982269287
2019-10-07,0.6764526963233948,0.6764526963233948
2019-10-08,0.6732510924339294,0.6732510924339294
2019-10-09,0.6728116869926453,0.6728116869926453
2019-10-10,0.6718172430992126,0.6718172430992126
2019-10-11,0.6763200163841248,0.6763200163841248
2019-10-14,0.679638683795929,0.679638683795929
2019-10-15,0.6775398254394531,0.6775398254394531
2019-10-16,0.6753197908401489,0.6753197908401489
2019-10-17,0.6756391525268555,0.6756391525268555
2019-10-18,0.6825472712516785,0.6825472712516785
2019-10-21,0.6847720146179199,0.6847720146179199
2019-10-22,0.6870585680007935,0.6870585680007935
2019-10-23,0.6861298680305481,0.6861298680305481
2019-10-24,0.6850300431251526,0.6850300431251526
2019-10-25,0.6816632747650146,0.6816632747650146
2019-10-28,0.682400107383728,0.682400107383728
2019-10-29,0.6839599013328552,0.6839599013328552
2019-10-30,0.6855888962745667,0.6855888962745667
2019-10-31,0.6897883415222168,0.6897883415222168
2019-11-01,0.6892986297607422,0.6892986297607422
2019-11-04,0.6917997598648071,0.6917997598648071
2019-11-05,0.6890279054641724,0.6890279054641724
2019-11-06,0.6890848875045776,0.6890848875045776
2019-11-07,0.6877300143241882,0.6877300143241882
2019-11-08,0.6860997080802917,0.6860997080802917
2019-11-11,0.6858004927635193,0.6858004927635193
2019-11-12,0.6850253343582153,0.6850253343582153
2019-11-13,0.6843999624252319,0.6843999624252319
2019-11-14,0.6839500665664673,0.6839500665664673
2019-11-15,0.6788313388824463,0.6788313388824463
2019-11-18,0.6815982460975647,0.6815982460975647
2019-11-19,0.680522084236145,0.680522084236145
2019-11-20,0.6824899911880493,0.6824899911880493
2019-11-21,0.6798997521400452,0.6798997521400452
2019-11-22,0.6789419054985046,0.6789419054985046
2019-11-25,0.6792001724243164,0.6792001724243164
2019-11-26,0.677639901638031,0.677639901638031
2019-11-27,0.6789000034332275,0.6789000034332275
2019-11-28,0.6767200231552124,0.6767200231552124
2019-11-29,0.6769000291824341,0.6769000291824341
2019-12-02,0.6764801144599915,0.6764801144599915
2019-12-03,0.6818817257881165,0.6818817257881165
2019-12-04,0.6848700046539307,0.6848700046539307
2019-12-05,0.684960126876831,0.684960126876831
2019-12-06,0.6833000183105469,0.6833000183105469
2019-12-09,0.683531641960144,0.683531641960144
2019-12-10,0.6827998757362366,0.6827998757362366
2019-12-11,0.6811400055885315,0.6811400055885315
2019-12-12,0.687049150466919,0.687049150466919
2019-12-13,0.6927126049995422,0.6927126049995422
2019-12-16,0.6874789595603943,0.6874789595603943
2019-12-17,0.6874316930770874,0.6874316930770874
2019-12-18,0.6852600574493408,0.6852600574493408
2019-12-19,0.6854700446128845,0.6854700446128845
2019-12-20,0.6893000602722168,0.6893000602722168
2019-12-23,0.6903898119926453,0.6903898119926453
2019-12-24,0.6925197839736938,0.6925197839736938
2019-12-25,0.6921852231025696,0.6921852231025696
2019-12-26,0.6924728155136108,0.6924728155136108
2019-12-27,0.6946374177932739,0.6946374177932739
2019-12-30,0.6982996463775635,0.6982996463775635
2019-12-31,0.7001398801803589,0.7001398801803589
2020-01-01,0.7017002105712891,0.7017002105712891
2020-01-02,0.7019514441490173,0.7019514441490173
2020-01-03,0.6985191702842712,0.6985191702842712
2020-01-06,0.694420337677002,0.694420337677002
2020-01-07,0.693731427192688,0.693731427192688
2020-01-08,0.6860399842262268,0.6860399842262268
2020-01-09,0.6873801350593567,0.6873801350593567
2020-01-10,0.6853210926055908,0.6853210926055908
2020-01-13,0.6900601387023926,0.6900601387023926
2020-01-14,0.6898902058601379,0.6898902058601379
2020-01-15,0.6896551251411438,0.6896551251411438
2020-01-16,0.6907795071601868,0.6907795071601868
2020-01-17,0.6901001930236816,0.6901001930236816
2020-01-20,0.6881791353225708,0.6881791353225708
2020-01-21,0.6876397132873535,0.6876397132873535
2020-01-22,0.684689998626709,0.684689998626709
2020-01-23,0.6842987537384033,0.6842987537384033
2020-01-24,0.6839804649353027,0.6839804649353027
2020-01-27,0.680188775062561,0.680188775062561
2020-01-28,0.6761700510978699,0.6761700510978699
2020-01-29,0.6764206886291504,0.6764206886291504
2020-01-30,0.6752194762229919,0.6752194762229919
2020-01-31,0.6708257794380188,0.6708257794380188
2020-02-03,0.66936194896698,0.66936194896698
2020-02-04,0.6690497994422913,0.6690497994422913
2020-02-05,0.6731785535812378,0.6731785535812378
2020-02-06,0.6751797795295715,0.6751797795295715
2020-02-07,0.6733997464179993,0.6733997464179993
2020-02-10,0.6672316193580627,0.6672316193580627
2020-02-11,0.6690099835395813,0.6690099835395813
2020-02-12,0.6720998883247375,0.6720998883247375
2020-02-13,0.6713197827339172,0.6713197827339172
2020-02-14,0.6721997857093811,0.6721997857093811
2020-02-17,0.6725989580154419,0.6725989580154419
2020-02-18,0.6711999773979187,0.6711999773979187
2020-02-19,0.6696000099182129,0.6696000099182129
2020-02-20,0.6684000492095947,0.6684000492095947
2020-02-21,0.6613800525665283,0.6613800525665283
2020-02-24,0.6606900691986084,0.6606900691986084
2020-02-25,0.6612007021903992,0.6612007021903992
2020-02-26,0.6605198383331299,0.6605198383331299
2020-02-27,0.6546516418457031,0.6546516418457031
2020-02-28,0.6580203175544739,0.6580203175544739
2020-03-02,0.6516313552856445,0.6516313552856445
2020-03-03,0.6547498106956482,0.6547498106956482
2020-03-04,0.6582195162773132,0.6582195162773132
2020-03-05,0.6626901030540466,0.6626901030540466
2020-03-06,0.6615506410598755,0.6615506410598755
2020-03-09,0.6613581776618958,0.6613581776618958
2020-03-10,0.6597998738288879,0.6597998738288879
2020-03-11,0.6499098539352417,0.6499098539352417
2020-03-12,0.647939920425415,0.647939920425415
2020-03-13,0.6274116039276123,0.6274116039276123
2020-03-16,0.6177682876586914,0.6177682876586914
2020-03-17,0.6099420189857483,0.6099420189857483
2020-03-18,0.5992200374603271,0.5992200374603271
2020-03-19,0.5809798836708069,0.5809798836708069
2020-03-20,0.5742902159690857,0.5742902159690857
2020-03-23,0.5753309726715088,0.5753309726715088
2020-03-24,0.5876600742340088,0.5876600742340088
2020-03-25,0.597550094127655,0.597550094127655
2020-03-26,0.5908098220825195,0.5908098220825195
2020-03-27,0.60791015625,0.60791015625
2020-03-30,0.618058443069458,0.618058443069458
2020-03-31,0.6168993711471558,0.6168993711471558
2020-04-01,0.6136998534202576,0.6136998534202576
2020-04-02,0.6091395616531372,0.6091395616531372
2020-04-03,0.6063215136528015,0.6063215136528015
2020-04-06,0.5994700789451599,0.5994700789451599
2020-04-07,0.6117599606513977,0.6117599606513977
2020-04-08,0.6152199506759644,0.6152199506759644
2020-04-09,0.6235308051109314,0.6235308051109314
2020-04-10,0.6332600712776184,0.6332600712776184
2020-04-13,0.6335208415985107,0.6335208415985107
2020-04-14,0.6401106119155884,0.6401106119155884
2020-04-15,0.6434298753738403,0.6434298753738403
2020-04-16,0.6308901309967041,0.6308901309967041
2020-04-17,0.6358600854873657,0.6358600854873657
2020-04-20,0.6340188980102539,0.6340188980102539
2020-04-21,0.6345701217651367,0.6345701217651367
2020-04-22,0.6293998956680298,0.6293998956680298
2020-04-23,0.6298998594284058,0.6298998594284058
2020-04-24,0.6376798748970032,0.6376798748970032
2020-04-27,0.6397543549537659,0.6397543549537659
2020-04-28,0.6449116468429565,0.6449116468429565
2020-04-29,0.6502699255943298,0.6502699255943298
2020-04-30,0.6555013060569763,0.6555013060569763
2020-05-01,0.6495501399040222,0.6495501399040222
2020-05-04,0.6376819014549255,0.6376819014549255
2020-05-05,0.642611563205719,0.642611563205719
2020-05-06,0.6436000466346741,0.6436000466346741
2020-05-07,0.6390756368637085,0.6390756368637085
2020-05-08,0.6503299474716187,0.6503299474716187
2020-05-11,0.653710126876831,0.653710126876831
2020-05-12,0.6484664082527161,0.6484664082527161
2020-05-13,0.6455298662185669,0.6455298662185669
2020-05-14,0.6454944014549255,0.6454944014549255
2020-05-15,0.6471235156059265,0.6471235156059265
2020-05-18,0.6425785422325134,0.6425785422325134
2020-05-19,0.652600109577179,0.652600109577179
2020-05-20,0.6540094017982483,0.6540094017982483
2020-05-21,0.65923011302948,0.65923011302948
2020-05-22,0.6566894054412842,0.6566894054412842
2020-05-25,0.6545788049697876,0.6545788049697876
2020-05-26,0.6547399163246155,0.6547399163246155
2020-05-27,0.6646699905395508,0.6646699905395508
2020-05-28,0.6620806455612183,0.6620806455612183
2020-05-29,0.6633498668670654,0.6633498668670654
2020-06-01,0.6659784913063049,0.6659784913063049
2020-06-02,0.6786000728607178,0.6786000728607178
2020-06-03,0.6914199590682983,0.6914199590682983
2020-06-04,0.6929046511650085,0.6929046511650085
2020-06-05,0.6939899921417236,0.6939899921417236
2020-06-08,0.700239896774292,0.700239896774292
2020-06-09,0.7024494409561157,0.7024494409561157
2020-06-10,0.6942998170852661,0.6942998170852661
2020-06-11,0.6968300938606262,0.6968300938606262
2020-06-12,0.6830880641937256,0.6830880641937256
2020-06-15,0.6825007200241089,0.6825007200241089
2020-06-16,0.695820152759552,0.695820152759552
2020-06-17,0.6895315051078796,0.6895315051078796
2020-06-18,0.6875702142715454,0.6875702142715454
2020-06-19,0.6857205629348755,0.6857205629348755
2020-06-22,0.6822911500930786,0.6822911500930786
2020-06-23,0.6931601762771606,0.6931601762771606
2020-06-24,0.6940299272537231,0.6940299272537231
2020-06-25,0.685678243637085,0.685678243637085
2020-06-26,0.6888190507888794,0.6888190507888794
2020-06-29,0.6861910820007324,0.6861910820007324
2020-06-30,0.6871907711029053,0.6871907711029053
2020-07-01,0.69020015001297,0.69020015001297
2020-07-02,0.6913239359855652,0.6913239359855652
2020-07-03,0.6919199228286743,0.6919199228286743
2020-07-06,0.694840133190155,0.694840133190155
2020-07-07,0.6976999044418335,0.6976999044418335
2020-07-08,0.6942322850227356,0.6942322850227356
2020-07-09,0.6989096999168396,0.6989096999168396
2020-07-10,0.695894181728363,0.695894181728363
2020-07-13,0.6950284838676453,0.6950284838676453
2020-07-14,0.6940106749534607,0.6940106749534607
2020-07-15,0.6988999247550964,0.6988999247550964
2020-07-16,0.7009181976318359,0.7009181976318359
2020-07-17,0.6978002190589905,0.6978002190589905
2020-07-20,0.7004998922348022,0.7004998922348022
2020-07-21,0.7025925517082214,0.7025925517082214
2020-07-22,0.7135599255561829,0.7135599255561829
2020-07-23,0.7140816450119019,0.7140816450119019
2020-07-24,0.7100104689598083,0.7100104689598083
2020-07-27,0.7098188996315002,0.7098188996315002
2020-07-28,0.7159000635147095,0.7159000635147095
2020-07-29,0.71602463722229,0.71602463722229
2020-07-30,0.7171697616577148,0.7171697616577148
2020-07-31,0.7203676700592041,0.7203676700592041
2020-08-03,0.7146890163421631,0.7146890163421631
2020-08-04,0.7117944359779358,0.7117944359779358
2020-08-05,0.7177102565765381,0.7177102565765381
2020-08-06,0.7199097275733948,0.7199097275733948
2020-08-07,0.7230997681617737,0.7230997681617737
2020-08-10,0.7157120108604431,0.7157120108604431
2020-08-11,0.7158001661300659,0.7158001661300659
2020-08-12,0.7145199775695801,0.7145199775695801
2020-08-13,0.7164863348007202,0.7164863348007202
2020-08-14,0.7148800492286682,0.7148800492286682
2020-08-17,0.7192589044570923,0.7192589044570923
2020-08-18,0.7218131422996521,0.7218131422996521
2020-08-19,0.7257947325706482,0.7257947325706482
2020-08-20,0.7188039422035217,0.7188039422035217
2020-08-21,0.7206116914749146,0.7206116914749146
2020-08-24,0.7161374688148499,0.7161374688148499
2020-08-25,0.7168900370597839,0.7168900370597839
2020-08-26,0.7199320793151855,0.7199320793151855
2020-08-27,0.7245011925697327,0.7245011925697327
2020-08-28,0.7269898653030396,0.7269898653030396
2020-08-31,0.7373000383377075,0.7373000383377075
2020-09-01,0.738099992275238,0.738099992275238
2020-09-02,0.7378494143486023,0.7378494143486023
2020-09-03,0.7331109642982483,0.7331109642982483
2020-09-04,0.725584089756012,0.725584089756012
2020-09-07,0.7282207608222961,0.7282207608222961
2020-09-08,0.7280998229980469,0.7280998229980469
2020-09-09,0.7209399938583374,0.7209399938583374
2020-09-10,0.727660059928894,0.727660059928894
2020-09-11,0.7262997627258301,0.7262997627258301
2020-09-14,0.728151798248291,0.728151798248291
2020-09-15,0.7286000847816467,0.7286000847816467
2020-09-16,0.7296819686889648,0.7296819686889648
2020-09-17,0.7295500040054321,0.7295500040054321
2020-09-18,0.7313095927238464,0.7313095927238464
2020-09-21,0.729341447353363,0.729341447353363
2020-09-22,0.7231180667877197,0.7231180667877197
2020-09-23,0.717442512512207,0.717442512512207
2020-09-24,0.7069001197814941,0.7069001197814941
2020-09-25,0.7057162523269653,0.7057162523269653
2020-09-28,0.7041906118392944,0.7041906118392944
2020-09-29,0.7095197439193726,0.7095197439193726
2020-09-30,0.714360237121582,0.714360237121582
2020-10-01,0.716650664806366,0.716650664806366
2020-10-02,0.7182875871658325,0.7182875871658325
2020-10-05,0.7177205085754395,0.7177205085754395
2020-10-06,0.7193209528923035,0.7193209528923035
2020-10-07,0.7110099792480469,0.7110099792480469
2020-10-08,0.713820219039917,0.713820219039917
2020-10-09,0.7177998423576355,0.7177998423576355
2020-10-12,0.7224597930908203,0.7224597930908203
2020-10-13,0.721188485622406,0.721188485622406
2020-10-14,0.7164401412010193,0.7164401412010193
2020-10-15,0.7141479849815369,0.7141479849815369
2020-10-16,0.7088397741317749,0.7088397741317749
2020-10-19,0.7095997929573059,0.7095997929573059
2020-10-20,0.7056167125701904,0.7056167125701904
2020-10-21,0.7049998641014099,0.7049998641014099
2020-10-22,0.7105603218078613,0.7105603218078613
2020-10-23,0.7126100659370422,0.7126100659370422
2020-10-26,0.7132006287574768,0.7132006287574768
2020-10-27,0.7117098569869995,0.7117098569869995
2020-10-28,0.7123100757598877,0.7123100757598877
2020-10-29,0.7055200934410095,0.7055200934410095
2020-10-30,0.7037599682807922,0.7037599682807922
2020-11-02,0.7008199691772461,0.7008199691772461
2020-11-03,0.7053698301315308,0.7053698301315308
2020-11-04,0.7196833491325378,0.7196833491325378
2020-11-05,0.7180498242378235,0.7180498242378235
2020-11-06,0.7262701988220215,0.7262701988220215
2020-11-09,0.7286717891693115,0.7286717891693115
2020-11-10,0.7282000184059143,0.7282000184059143
2020-11-11,0.7281697988510132,0.7281697988510132
2020-11-12,0.7284275889396667,0.7284275889396667
2020-11-13,0.7240185737609863,0.7240185737609863
2020-11-16,0.729080855846405,0.729080855846405
2020-11-17,0.7320997714996338,0.7320997714996338
2020-11-18,0.7296000123023987,0.7296000123023987
2020-11-19,0.7301988005638123,0.7301988005638123
2020-11-20,0.7269100546836853,0.7269100546836853
2020-11-23,0.7317001819610596,0.7317001819610596
2020-11-24,0.7298204302787781,0.7298204302787781
2020-11-25,0.7366699576377869,0.7366699576377869
2020-11-26,0.736485481262207,0.736485481262207
2020-11-27,0.7357999682426453,0.7357999682426453
2020-11-30,0.7400281429290771,0.7400281429290771
2020-12-01,0.7356798052787781,0.7356798052787781
2020-12-02,0.7380890846252441,0.7380890846252441
2020-12-03,0.7418001294136047,0.7418001294136047
2020-12-04,0.7438998222351074,0.7438998222351074
2020-12-07,0.7431573867797852,0.7431573867797852
2020-12-08,0.7417599558830261,0.7417599558830261
2020-12-09,0.7410997152328491,0.7410997152328491
2020-12-10,0.7434999346733093,0.7434999346733093
2020-12-11,0.7524397969245911,0.7524397969245911
2020-12-14,0.7551102638244629,0.7551102638244629
2020-12-15,0.7539203763008118,0.7539203763008118
2020-12-16,0.7555609345436096,0.7555609345436096
2020-12-17,0.7569999694824219,0.7569999694824219
2020-12-18,0.7615299224853516,0.7615299224853516
2020-12-21,0.7587425708770752,0.7587425708770752
2020-12-22,0.7575200796127319,0.7575200796127319
2020-12-23,0.7551700472831726,0.7551700472831726
2020-12-24,0.7579599022865295,0.7579599022865295
2020-12-25,0.7606801390647888,0.7606801390647888
2020-12-28,0.7611914277076721,0.7611914277076721
2020-12-29,0.758892297744751,0.758892297744751
2020-12-30,0.7609898447990417,0.7609898447990417
2020-12-31,0.7689290642738342,0.7689290642738342
2021-01-01,0.7702973484992981,0.7702973484992981
2021-01-04,0.7712300419807434,0.7712300419807434
2021-01-05,0.7670999765396118,0.7670999765396118
2021-01-06,0.7766000628471375,0.7766000628471375
2021-01-07,0.781700074672699,0.781700074672699
2021-01-08,0.7768999934196472,0.7768999934196472
2021-01-11,0.7716525793075562,0.7716525793075562
2021-01-12,0.7707497477531433,0.7707497477531433
2021-01-13,0.7776049971580505,0.7776049971580505
2021-01-14,0.774713397026062,0.774713397026062
2021-01-15,0.777580201625824,0.777580201625824
2021-01-18,0.7688876986503601,0.7688876986503601
2021-01-19,0.7686986327171326,0.7686986327171326
2021-01-20,0.7711800932884216,0.7711800932884216
2021-01-21,0.7755701541900635,0.7755701541900635
2021-01-22,0.7761022448539734,0.7761022448539734
2021-01-25,0.7715799808502197,0.7715799808502197
2021-01-26,0.7718997597694397,0.7718997597694397
2021-01-27,0.7753139734268188,0.7753139734268188
2021-01-28,0.765099823474884,0.765099823474884
2021-01-29,0.7669699192047119,0.7669699192047119
2021-02-01,0.761997640132904,0.761997640132904
2021-02-02,0.7634601593017578,0.7634601593017578
2021-02-03,0.760820746421814,0.760820746421814
2021-02-04,0.7636000514030457,0.7636000514030457
2021-02-05,0.7603002190589905,0.7603002190589905
2021-02-08,0.7679199576377869,0.7679199576377869
2021-02-09,0.7710998058319092,0.7710998058319092
2021-02-10,0.7740501165390015,0.7740501165390015
2021-02-11,0.7725348472595215,0.7725348472595215
2021-02-12,0.7753999829292297,0.7753999829292297
2021-02-15,0.7764095664024353,0.7764095664024353
2021-02-16,0.7786197066307068,0.7786197066307068
2021-02-17,0.773790180683136,0.773790180683136
2021-02-18,0.7758697867393494,0.7758697867393494
2021-02-19,0.7767997980117798,0.7767997980117798
2021-02-22,0.7888488173484802,0.7888488173484802
2021-02-23,0.7915400266647339,0.7915400266647339
2021-02-24,0.7908827066421509,0.7908827066421509
2021-02-25,0.7977026104927063,0.7977026104927063
2021-02-26,0.7870000004768372,0.7870000004768372
2021-03-01,0.7752419114112854,0.7752419114112854
2021-03-02,0.7772001028060913,0.7772001028060913
2021-03-03,0.7825197577476501,0.7825197577476501
2021-03-04,0.7758102416992188,0.7758102416992188
2021-03-05,0.7715603113174438,0.7715603113174438
2021-03-08,0.7709101438522339,0.7709101438522339
2021-03-09,0.7656674981117249,0.7656674981117249
2021-03-10,0.7717835903167725,0.7717835903167725
2021-03-11,0.773200273513794,0.773200273513794
2021-03-12,0.7787615656852722,0.7787615656852722
2021-03-15,0.7762998938560486,0.7762998938560486
2021-03-16,0.7750135660171509,0.7750135660171509
2021-03-17,0.77455735206604,0.77455735206604
2021-03-18,0.7813000679016113,0.7813000679016113
2021-03-19,0.7753699421882629,0.7753699421882629
2021-03-22,0.7722502946853638,0.7722502946853638
2021-03-23,0.7745501399040222,0.7745501399040222
2021-03-24,0.7604701519012451,0.7604701519012451
2021-03-25,0.7591003179550171,0.7591003179550171
2021-03-26,0.7594000697135925,0.7594000697135925
2021-03-29,0.7637377381324768,0.7637377381324768
2021-03-30,0.7641170620918274,0.7641170620918274
2021-03-31,0.7608798146247864,0.7608798146247864
2021-04-01,0.7594098448753357,0.7594098448753357
2021-04-02,0.7619001269340515,0.7619001269340515
2021-04-05,0.7620998620986938,0.7620998620986938
2021-04-06,0.7658727169036865,0.7658727169036865
2021-04-07,0.7666947841644287,0.7666947841644287
2021-04-08,0.7613884806632996,0.7613884806632996
2021-04-09,0.7659003138542175,0.7659003138542175
2021-04-12,0.7626002430915833,0.7626002430915833
2021-04-13,0.7627707123756409,0.7627707123756409
2021-04-14,0.7647499442100525,0.7647499442100525
2021-04-15,0.772509753704071,0.772509753704071
2021-04-16,0.7751697301864624,0.7751697301864624
2021-04-19,0.7714025974273682,0.7714025974273682
2021-04-20,0.7767002582550049,0.7767002582550049
2021-04-21,0.7723796963691711,0.7723796963691711
2021-04-22,0.7754402756690979,0.7754402756690979
2021-04-23,0.7705348134040833,0.7705348134040833
2021-04-26,0.7743114233016968,0.7743114233016968
2021-04-27,0.7799704074859619,0.7799704074859619
2021-04-28,0.7770001888275146,0.7770001888275146
2021-04-29,0.7801297307014465,0.7801297307014465
2021-04-30,0.777762234210968,0.777762234210968
2021-05-03,0.7722997665405273,0.7722997665405273
2021-05-04,0.7758914828300476,0.7758914828300476
2021-05-05,0.7713799476623535,0.7713799476623535
2021-05-06,0.7751199007034302,0.7751199007034302
2021-05-07,0.7787312865257263,0.7787312865257263
2021-05-10,0.7858793139457703,0.7858793139457703
2021-05-11,0.7838999032974243,0.7838999032974243
2021-05-12,0.7838096022605896,0.7838096022605896
2021-05-13,0.7732301950454712,0.7732301950454712
2021-05-14,0.7726202011108398,0.7726202011108398
2021-05-17,0.7778711318969727,0.7778711318969727
2021-05-18,0.7773698568344116,0.7773698568344116
2021-05-19,0.7789981961250305,0.7789981961250305
2021-05-20,0.772030234336853,0.772030234336853
2021-05-21,0.7770001888275146,0.7770001888275146
2021-05-24,0.7730000615119934,0.7730000615119934
2021-05-25,0.7750802040100098,0.7750802040100098
2021-05-26,0.7753139734268188,0.7753139734268188
2021-05-27,0.7739902138710022,0.7739902138710022
2021-05-28,0.774250328540802,0.774250328540802
2021-05-31,0.7710099816322327,0.7710099816322327
2021-06-01,0.7743498086929321,0.7743498086929321
2021-06-02,0.7755900025367737,0.7755900025367737
2021-06-03,0.7744301557540894,0.7744301557540894
2021-06-04,0.7665772438049316,0.7665772438049316
2021-06-07,0.7744001746177673,0.7744001746177673
2021-06-08,0.7756296992301941,0.7756296992301941
2021-06-09,0.7736998200416565,0.7736998200416565
2021-06-10,0.7729498147964478,0.7729498147964478
2021-06-11,0.7747998237609863,0.7747998237609863
2021-06-14,0.7708911895751953,0.7708911895751953
2021-06-15,0.7712002992630005,0.7712002992630005
2021-06-16,0.7686217427253723,0.7686217427253723
2021-06-17,0.7616726756095886,0.7616726756095886
2021-06-18,0.7556899189949036,0.7556899189949036
2021-06-21,0.7503997683525085,0.7503997683525085
2021-06-22,0.7534897923469543,0.7534897923469543
2021-06-23,0.7554810047149658,0.7554810047149658
2021-06-24,0.7574437856674194,0.7574437856674194
2021-06-25,0.7582076191902161,0.7582076191902161
2021-06-28,0.7594998478889465,0.7594998478889465
2021-06-29,0.756840169429779,0.756840169429779
2021-06-30,0.7513599991798401,0.7513599991798401
2021-07-01,0.7497701644897461,0.7497701644897461
2021-07-02,0.7465806603431702,0.7465806603431702
2021-07-05,0.7518599033355713,0.7518599033355713
2021-07-06,0.7543002963066101,0.7543002963066101
2021-07-07,0.7494998574256897,0.7494998574256897
2021-07-08,0.7484413981437683,0.7484413981437683
2021-07-09,0.7433286309242249,0.7433286309242249
2021-07-12,0.749007523059845,0.749007523059845
2021-07-13,0.7480998039245605,0.7480998039245605
2021-07-14,0.7441999316215515,0.7441999316215515
2021-07-15,0.7480382323265076,0.7480382323265076
2021-07-16,0.7423000931739807,0.7423000931739807
2021-07-19,0.7390999794006348,0.7390999794006348
2021-07-20,0.7339202165603638,0.7339202165603638
2021-07-21,0.7338911294937134,0.7338911294937134
2021-07-22,0.7352616786956787,0.7352616786956787
2021-07-23,0.7380498647689819,0.7380498647689819
2021-07-26,0.7368219494819641,0.7368219494819641
2021-07-27,0.738825261592865,0.738825261592865
2021-07-28,0.7366374135017395,0.7366374135017395
2021-07-29,0.7377101182937622,0.7377101182937622
2021-07-30,0.739609956741333,0.739609956741333
2021-08-02,0.7342305779457092,0.7342305779457092
2021-08-03,0.7360599637031555,0.7360599637031555
2021-08-04,0.7396799921989441,0.7396799921989441
2021-08-05,0.7382999658584595,0.7382999658584595
2021-08-06,0.7402998805046082,0.7402998805046082
2021-08-09,0.7337833642959595,0.7337833642959595
2021-08-10,0.733100175857544,0.733100175857544
2021-08-11,0.7343798875808716,0.7343798875808716
2021-08-12,0.7374087572097778,0.7374087572097778
2021-08-13,0.734149694442749,0.734149694442749
2021-08-16,0.736572265625,0.736572265625
2021-08-17,0.7341066002845764,0.7341066002845764
2021-08-18,0.7255598902702332,0.7255598902702332
2021-08-19,0.7230997681617737,0.7230997681617737
2021-08-20,0.714620053768158,0.714620053768158
2021-08-23,0.7139797210693359,0.7139797210693359
2021-08-24,0.7209597229957581,0.7209597229957581
2021-08-25,0.724879801273346,0.724879801273346
2021-08-26,0.727660059928894,0.727660059928894
2021-08-27,0.7238398790359497,0.7238398790359497
2021-08-30,0.731598436832428,0.731598436832428
2021-08-31,0.7291233539581299,0.7291233539581299
2021-09-01,0.7317901849746704,0.7317901849746704
2021-09-02,0.7368001937866211,0.7368001937866211
2021-09-03,0.7399300932884216,0.7399300932884216
2021-09-06,0.7445018887519836,0.7445018887519836
2021-09-07,0.7436713576316833,0.7436713576316833
2021-09-08,0.7386598587036133,0.7386598587036133
2021-09-09,0.7363770008087158,0.7363770008087158
2021-09-10,0.7370826601982117,0.7370826601982117
2021-09-13,0.7368110418319702,0.7368110418319702
2021-09-14,0.7365902066230774,0.7365902066230774
2021-09-15,0.7317097783088684,0.7317097783088684
2021-09-16,0.7341200709342957,0.7341200709342957
2021-09-17,0.7291499972343445,0.7291499972343445
2021-09-20,0.7264010310173035,0.7264010310173035
2021-09-21,0.7259702086448669,0.7259702086448669
2021-09-22,0.7227997779846191,0.7227997779846191
2021-09-23,0.7233999967575073,0.7233999967575073
2021-09-24,0.7299802899360657,0.7299802899360657
2021-09-27,0.7266121506690979,0.7266121506690979
2021-09-28,0.7280601263046265,0.7280601263046265
2021-09-29,0.7244277596473694,0.7244277596473694
2021-09-30,0.7179998159408569,0.7179998159408569
2021-10-01,0.7231180667877197,0.7231180667877197
2021-10-04,0.7275214195251465,0.7275214195251465
2021-10-05,0.7289697527885437,0.7289697527885437
2021-10-06,0.7290754914283752,0.7290754914283752
2021-10-07,0.728141188621521,0.728141188621521
2021-10-08,0.7316797971725464,0.7316797971725464
2021-10-11,0.729490339756012,0.729490339756012
2021-10-12,0.7348402738571167,0.7348402738571167
2021-10-13,0.7335088849067688,0.7335088849067688
2021-10-14,0.7386069893836975,0.7386069893836975
2021-10-15,0.741379976272583,0.741379976272583
2021-10-18,0.7424786686897278,0.7424786686897278
2021-10-19,0.7417000532150269,0.7417000532150269
2021-10-20,0.7477194666862488,0.7477194666862488
2021-10-21,0.7515299320220947,0.7515299320220947
2021-10-22,0.7463700175285339,0.7463700175285339
2021-10-25,0.7469096779823303,0.7469096779823303
2021-10-26,0.7491798400878906,0.7491798400878906
2021-10-27,0.7512978315353394,0.7512978315353394
2021-10-28,0.7500750422477722,0.7500750422477722
2021-10-29,0.7531600594520569,0.7531600594520569
2021-11-01,0.7518287897109985,0.7518287897109985
2021-11-02,0.7520498633384705,0.7520498633384705
2021-11-03,0.7438998222351074,0.7438998222351074
2021-11-04,0.746900200843811,0.746900200843811
2021-11-05,0.740932822227478,0.740932822227478
2021-11-08,0.7395902872085571,0.7395902872085571
2021-11-09,0.7414799928665161,0.7414799928665161
2021-11-10,0.7376197576522827,0.7376197576522827
2021-11-11,0.7334120869636536,0.7334120869636536
2021-11-12,0.7291999459266663,0.7291999459266663
2021-11-15,0.7332506775856018,0.7332506775856018
2021-11-16,0.734489917755127,0.734489917755127
2021-11-17,0.7301614880561829,0.7301614880561829
2021-11-18,0.7268604040145874,0.7268604040145874
2021-11-19,0.7279000878334045,0.7279000878334045
2021-11-22,0.7231698036193848,0.7231698036193848
2021-11-23,0.7228044867515564,0.7228044867515564
2021-11-24,0.7222198247909546,0.7222198247909546
2021-11-25,0.7202001214027405,0.7202001214027405
2021-11-26,0.7173703908920288,0.7173703908920288
2021-11-29,0.7142806053161621,0.7142806053161621
2021-11-30,0.714580237865448,0.714580237865448
2021-12-01,0.7124998569488525,0.7124998569488525
2021-12-02,0.7107598185539246,0.7107598185539246
2021-12-03,0.70878005027771,0.70878005027771
2021-12-06,0.7017898559570312,0.7017898559570312
2021-12-07,0.7049203515052795,0.7049203515052795
2021-12-08,0.712259829044342,0.712259829044342
2021-12-09,0.7170000672340393,0.7170000672340393
2021-12-10,0.7146124243736267,0.7146124243736267
2021-12-13,0.7166095972061157,0.7166095972061157
2021-12-14,0.7133176326751709,0.7133176326751709
2021-12-15,0.7106002569198608,0.7106002569198608
2021-12-16,0.7166501879692078,0.7166501879692078
2021-12-17,0.717560887336731,0.717560887336731
2021-12-20,0.7116981744766235,0.7116981744766235
2021-12-21,0.7109498381614685,0.7109498381614685
2021-12-22,0.7147799134254456,0.7147799134254456
2021-12-23,0.72139972448349,0.72139972448349
2021-12-24,0.7233200073242188,0.7233200073242188
2021-12-27,0.7231285572052002,0.7231285572052002
2021-12-28,0.7236999869346619,0.7236999869346619
2021-12-29,0.7233999967575073,0.7233999967575073
2021-12-30,0.7258790135383606,0.7258790135383606
2021-12-31,0.7249801754951477,0.7249801754951477
2022-01-03,0.7268181443214417,0.7268181443214417
2022-01-04,0.7197999358177185,0.7197999358177185
2022-01-05,0.7238802313804626,0.7238802313804626
2022-01-06,0.7220800518989563,0.7220800518989563
2022-01-07,0.7162600159645081,0.7162600159645081
2022-01-10,0.7179111242294312,0.7179111242294312
2022-01-11,0.71809983253479,0.71809983253479
2022-01-12,0.7209799885749817,0.7209799885749817
2022-01-13,0.7282207608222961,0.7282207608222961
2022-01-14,0.7282260060310364,0.7282260060310364
2022-01-17,0.7216517329216003,0.7216517329216003
2022-01-18,0.7210798263549805,0.7210798263549805
2022-01-19,0.7187501788139343,0.7187501788139343
2022-01-20,0.721700131893158,0.721700131893158
2022-01-21,0.7217090129852295,0.7217090129852295
2022-01-24,0.7187884449958801,0.7187884449958801
2022-01-25,0.715449869632721,0.715449869632721
2022-01-26,0.7158800363540649,0.7158800363540649
2022-01-27,0.7122999429702759,0.7122999429702759
2022-01-28,0.7035500407218933,0.7035500407218933
2022-01-31,0.6997998356819153,0.6997998356819153
2022-02-01,0.7068301439285278,0.7068301439285278
2022-02-02,0.7133991122245789,0.7133991122245789
2022-02-03,0.7120797634124756,0.7120797634124756
2022-02-04,0.7145000696182251,0.7145000696182251
2022-02-07,0.7080298066139221,0.7080298066139221
2022-02-08,0.7129998207092285,0.7129998207092285
2022-02-09,0.7145919799804688,0.7145919799804688
2022-02-10,0.7177411317825317,0.7177411317825317
2022-02-11,0.7161697745323181,0.7161697745323181
2022-02-14,0.7144796252250671,0.7144796252250671
2022-02-15,0.7132098078727722,0.7132098078727722
2022-02-16,0.7149087190628052,0.7149087190628052
2022-02-17,0.7194502949714661,0.7194502949714661
2022-02-18,0.71893310546875,0.71893310546875
2022-02-21,0.7171697616577148,0.7171697616577148
2022-02-22,0.718450129032135,0.718450129032135
2022-02-23,0.7226895689964294,0.7226895689964294
2022-02-24,0.7227997779846191,0.7227997779846191
2022-02-25,0.7160200476646423,0.7160200476646423
2022-02-28,0.7186489701271057,0.7186489701271057
2022-03-01,0.7262001037597656,0.7262001037597656
2022-03-02,0.7261425852775574,0.7261425852775574
2022-03-03,0.729341447353363,0.729341447353363
2022-03-04,0.7336999773979187,0.7336999773979187
2022-03-07,0.7394808530807495,0.7394808530807495
2022-03-08,0.7328498363494873,0.7328498363494873
2022-03-09,0.7267916798591614,0.7267916798591614
2022-03-10,0.731689989566803,0.731689989566803
2022-03-11,0.7365999817848206,0.7365999817848206
2022-03-14,0.72965008020401,0.72965008020401
2022-03-15,0.71986985206604,0.71986985206604
2022-03-16,0.7191000580787659,0.7191000580787659
2022-03-17,0.7288799285888672,0.7288799285888672
2022-03-18,0.738099992275238,0.738099992275238
2022-03-21,0.7409987449645996,0.7409987449645996
2022-03-22,0.7395793199539185,0.7395793199539185
2022-03-23,0.7462301850318909,0.7462301850318909
2022-03-24,0.7499175071716309,0.7499175071716309
2022-03-25,0.7514277100563049,0.7514277100563049
2022-03-28,0.7518231272697449,0.7518231272697449
2022-03-29,0.7499501705169678,0.7499501705169678
2022-03-30,0.7514672875404358,0.7514672875404358
2022-03-31,0.7503001093864441,0.7503001093864441
2022-04-01,0.7491927742958069,0.7491927742958069
2022-04-04,0.7486487030982971,0.7486487030982971
2022-04-05,0.7543901801109314,0.7543901801109314
2022-04-06,0.7585699558258057,0.7585699558258057
2022-04-07,0.7505084872245789,0.7505084872245789
2022-04-08,0.7478480935096741,0.7478480935096741
2022-04-11,0.7446514964103699,0.7446514964103699
2022-04-12,0.7415317296981812,0.7415317296981812
2022-04-13,0.7454997897148132,0.7454997897148132
2022-04-14,0.7451497912406921,0.7451497912406921
2022-04-15,0.7410151958465576,0.7410151958465576
2022-04-18,0.7393824458122253,0.7393824458122253
2022-04-19,0.7357593774795532,0.7357593774795532
2022-04-20,0.7393988370895386,0.7393988370895386
2022-04-21,0.7446997761726379,0.7446997761726379
2022-04-22,0.7361114025115967,0.7361114025115967
2022-04-25,0.7236937284469604,0.7236937284469604
2022-04-26,0.717849850654602,0.717849850654602
2022-04-27,0.714600145816803,0.714600145816803
2022-04-28,0.7125704288482666,0.7125704288482666
2022-04-29,0.710883617401123,0.710883617401123
2022-05-02,0.7065390348434448,0.7065390348434448
2022-05-03,0.7050997614860535,0.7050997614860535
2022-05-04,0.7103786468505859,0.7103786468505859
2022-05-05,0.7252898812294006,0.7252898812294006
2022-05-06,0.712100088596344,0.712100088596344
2022-05-09,0.7046997547149658,0.7046997547149658
2022-05-10,0.6957392692565918,0.6957392692565918
2022-05-11,0.693600058555603,0.693600058555603
2022-05-12,0.692750096321106,0.692750096321106
2022-05-13,0.6871907711029053,0.6871907711029053
2022-05-16,0.6946181058883667,0.6946181058883667
2022-05-17,0.6972820162773132,0.6972820162773132
2022-05-18,0.7032843232154846,0.7032843232154846
2022-05-19,0.695900022983551,0.695900022983551
2022-05-20,0.7041500210762024,0.7041500210762024
2022-05-23,0.7062894701957703,0.7062894701957703
2022-05-24,0.7088980674743652,0.7088980674743652
2022-05-25,0.7103200554847717,0.7103200554847717
2022-05-26,0.708939790725708,0.708939790725708
2022-05-27,0.7098793983459473,0.7098793983459473
2022-05-30,0.7162810564041138,0.7162810564041138
2022-05-31,0.7195202112197876,0.7195202112197876
2022-06-01,0.7182618379592896,0.7182618379592896
2022-06-02,0.7173600792884827,0.7173600792884827
2022-06-03,0.726900041103363,0.726900041103363
2022-06-06,0.7204922437667847,0.7204922437667847
2022-06-07,0.7188607454299927,0.7188607454299927
2022-06-08,0.7220602631568909,0.7220602631568909
2022-06-09,0.7186489701271057,0.7186489701271057
2022-06-10,0.7098188996315002,0.7098188996315002
2022-06-13,0.7018282413482666,0.7018282413482666
2022-06-14,0.6941600441932678,0.6941600441932678
2022-06-15,0.6889899373054504,0.6889899373054504
2022-06-16,0.7016903758049011,0.7016903758049011
2022-06-17,0.704049825668335,0.704049825668335
2022-06-20,0.6953000426292419,0.6953000426292419
2022-06-21,0.6969500780105591,0.6969500780105591
2022-06-22,0.6961801052093506,0.6961801052093506
2022-06-23,0.6905218958854675,0.6905218958854675
2022-06-24,0.6903502941131592,0.6903502941131592
2022-06-27,0.6943383812904358,0.6943383812904358
2022-06-28,0.6922522783279419,0.6922522783279419
2022-06-29,0.6904398798942566,0.6904398798942566
2022-06-30,0.6880465745925903,0.6880465745925903
2022-07-01,0.6897598505020142,0.6897598505020142
2022-07-04,0.6815796494483948,0.6815796494483948
2022-07-05,0.6873797178268433,0.6873797178268433
2022-07-06,0.6793201565742493,0.6793201565742493
2022-07-07,0.6786000728607178,0.6786000728607178
2022-07-08,0.6849000453948975,0.6849000453948975
2022-07-11,0.6845798492431641,0.6845798492431641
2022-07-12,0.6743316054344177,0.6743316054344177
2022-07-13,0.674700140953064,0.674700140953064
2022-07-14,0.6732302308082581,0.6732302308082581
2022-07-15,0.6754885315895081,0.6754885315895081
2022-07-18,0.6814774870872498,0.6814774870872498
2022-07-19,0.6810198426246643,0.6810198426246643
2022-07-20,0.6897978782653809,0.6897978782653809
2022-07-21,0.6887384057044983,0.6887384057044983
2022-07-22,0.692290186882019,0.692290186882019
2022-07-25,0.6904694437980652,0.6904694437980652
2022-07-26,0.6951202750205994,0.6951202750205994
2022-07-27,0.6947387456893921,0.6947387456893921
2022-07-28,0.6994900107383728,0.6994900107383728
2022-07-29,0.7000839710235596,0.7000839710235596
2022-08-01,0.6971215605735779,0.6971215605735779
2022-08-02,0.7023902535438538,0.7023902535438538
2022-08-03,0.6890298128128052,0.6890298128128052
2022-08-04,0.693899929523468,0.693899929523468
2022-08-05,0.6959198713302612,0.6959198713302612
2022-08-08,0.6902502179145813,0.6902502179145813
2022-08-09,0.6987700462341309,0.6987700462341309
2022-08-10,0.6957005858421326,0.6957005858421326
2022-08-11,0.7078142762184143,0.7078142762184143
2022-08-12,0.7102898359298706,0.7102898359298706
2022-08-15,0.7116677761077881,0.7116677761077881
2022-08-16,0.7020002603530884,0.7020002603530884
2022-08-17,0.7019400596618652,0.7019400596618652
2022-08-18,0.693040132522583,0.693040132522583
2022-08-19,0.691119909286499,0.691119909286499
2022-08-22,0.6877105832099915,0.6877105832099915
2022-08-23,0.6878700256347656,0.6878700256347656
2022-08-24,0.6923002004623413,0.6923002004623413
2022-08-25,0.6907985806465149,0.6907985806465149
2022-08-26,0.6963981986045837,0.6963981986045837
2022-08-29,0.6866905689239502,0.6866905689239502
2022-08-30,0.6907508373260498,0.6907508373260498
2022-08-31,0.6857398152351379,0.6857398152351379
2022-09-01,0.6828502416610718,0.6828502416610718
2022-09-02,0.6795302033424377,0.6795302033424377
2022-09-05,0.6790295243263245,0.6790295243263245
2022-09-06,0.6813998818397522,0.6813998818397522
2022-09-07,0.6730109453201294,0.6730109453201294
2022-09-08,0.6751401424407959,0.6751401424407959
2022-09-09,0.6765899658203125,0.6765899658203125
2022-09-12,0.6846998333930969,0.6846998333930969
2022-09-13,0.689398467540741,0.689398467540741
2022-09-14,0.6743001937866211,0.6743001937866211
2022-09-15,0.6751797795295715,0.6751797795295715
2022-09-16,0.6687299013137817,0.6687299013137817
2022-09-19,0.6726998686790466,0.6726998686790466
2022-09-20,0.6733698844909668,0.6733698844909668
2022-09-21,0.6694202423095703,0.6694202423095703
2022-09-22,0.661010205745697,0.661010205745697
2022-09-23,0.66454017162323,0.66454017162323
2022-09-26,0.653069794178009,0.653069794178009
2022-09-27,0.6476000547409058,0.6476000547409058
2022-09-28,0.6438001394271851,0.6438001394271851
2022-09-29,0.6504995822906494,0.6504995822906494
2022-09-30,0.6512998938560486,0.6512998938560486
2022-10-03,0.6420958042144775,0.6420958042144775
2022-10-04,0.6501798629760742,0.6501798629760742
2022-10-05,0.6514102220535278,0.6514102220535278
2022-10-06,0.651269793510437,0.651269793510437
2022-10-07,0.6414409279823303,0.6414409279823303
2022-10-10,0.6369832158088684,0.6369832158088684
2022-10-11,0.6294810771942139,0.6294810771942139
2022-10-12,0.6266409754753113,0.6266409754753113
2022-10-13,0.6277306079864502,0.6277306079864502
2022-10-14,0.630099892616272,0.630099892616272
2022-10-17,0.6223937273025513,0.6223937273025513
2022-10-18,0.6298815608024597,0.6298815608024597
2022-10-19,0.6316401362419128,0.6316401362419128
2022-10-20,0.6263701915740967,0.6263701915740967
2022-10-21,0.6274706721305847,0.6274706721305847
2022-10-24,0.6371902227401733,0.6371902227401733
2022-10-25,0.6329598426818848,0.6329598426818848
2022-10-26,0.6385700106620789,0.6385700106620789
2022-10-27,0.6493498086929321,0.6493498086929321
2022-10-28,0.6450905799865723,0.6450905799865723
2022-10-31,0.6401310563087463,0.6401310563087463
2022-11-01,0.6409898996353149,0.6409898996353149
2022-11-02,0.6396700143814087,0.6396700143814087
2022-11-03,0.6338501572608948,0.6338501572608948
2022-11-04,0.6288517117500305,0.6288517117500305
2022-11-07,0.6439315676689148,0.6439315676689148
2022-11-08,0.6474796533584595,0.6474796533584595
2022-11-09,0.65091872215271,0.65091872215271
2022-11-10,0.6434178352355957,0.6434178352355957
2022-11-11,0.6606900691986084,0.6606900691986084
2022-11-14,0.6698821187019348,0.6698821187019348
2022-11-15,0.669189989566803,0.669189989566803
2022-11-16,0.6769499778747559,0.6769499778747559
2022-11-17,0.6739497780799866,0.6739497780799866
2022-11-18,0.6689200401306152,0.6689200401306152
2022-11-21,0.6682080030441284,0.6682080030441284
2022-11-22,0.6607800126075745,0.6607800126075745
2022-11-23,0.66498202085495,0.66498202085495
2022-11-24,0.6743502020835876,0.6743502020835876
2022-11-25,0.6765598058700562,0.6765598058700562
2022-11-28,0.6711905002593994,0.6711905002593994
2022-11-29,0.665198802947998,0.665198802947998
2022-11-30,0.668408989906311,0.668408989906311
2022-12-01,0.6799598932266235,0.6799598932266235
2022-12-02,0.6811015009880066,0.6811015009880066
2022-12-05,0.6813009977340698,0.6813009977340698
2022-12-06,0.6707807779312134,0.6707807779312134
2022-12-07,0.6698821187019348,0.6698821187019348
2022-12-08,0.6726998686790466,0.6726998686790466
2022-12-09,0.6776500344276428,0.6776500344276428
2022-12-12,0.6781408190727234,0.6781408190727234
2022-12-13,0.6754000186920166,0.6754000186920166
2022-12-14,0.6842299699783325,0.6842299699783325
2022-12-15,0.6857798099517822,0.6857798099517822
2022-12-16,0.6705918908119202,0.6705918908119202
2022-12-19,0.6687487363815308,0.6687487363815308
2022-12-20,0.6707807779312134,0.6707807779312134
2022-12-21,0.6688498258590698,0.6688498258590698
2022-12-22,0.6716818809509277,0.6716818809509277
2022-12-23,0.6678001284599304,0.6678001284599304
2022-12-26,0.6712490320205688,0.6712490320205688
2022-12-27,0.674458920955658,0.674458920955658
2022-12-28,0.6729927659034729,0.6729927659034729
2022-12-29,0.6747100949287415,0.6747100949287415
2022-12-30,0.6766000390052795,0.6766000390052795
2023-01-02,0.6823097467422485,0.6823097467422485
2023-01-03,0.6805600523948669,0.6805600523948669
2023-01-04,0.6727999448776245,0.6727999448776245
2023-01-05,0.6829108595848083,0.6829108595848083
2023-01-06,0.6755697727203369,0.6755697727203369
2023-01-09,0.689398467540741,0.689398467540741
2023-01-10,0.6909699440002441,0.6909699440002441
2023-01-11,0.6895001530647278,0.6895001530647278
2023-01-12,0.6910998225212097,0.6910998225212097
2023-01-13,0.6967815160751343,0.6967815160751343
2023-01-16,0.6973500847816467,0.6973500847816467
2023-01-17,0.6966398358345032,0.6966398358345032
2023-01-18,0.6988413333892822,0.6988413333892822
2023-01-19,0.6944000720977783,0.6944000720977783
2023-01-20,0.691399872303009,0.691399872303009
2023-01-23,0.6982703804969788,0.6982703804969788
2023-01-24,0.702928364276886,0.702928364276886
2023-01-25,0.7046719789505005,0.7046719789505005
2023-01-26,0.7108199596405029,0.7108199596405029
2023-01-27,0.7113898396492004,0.7113898396492004
2023-01-30,0.7107977271080017,0.7107977271080017
2023-01-31,0.7058099508285522,0.7058099508285522
2023-02-01,0.7051399946212769,0.7051399946212769
2023-02-02,0.7145000696182251,0.7145000696182251
2023-02-03,0.7074687480926514,0.7074687480926514
2023-02-06,0.6920798420906067,0.6920798420906067
2023-02-07,0.6887801885604858,0.6887801885604858
2023-02-08,0.6964598298072815,0.6964598298072815
2023-02-09,0.6930001974105835,0.6930001974105835
2023-02-10,0.6939384341239929,0.6939384341239929
2023-02-13,0.6913477778434753,0.6913477778434753
2023-02-14,0.6970000863075256,0.6970000863075256
2023-02-15,0.6987583041191101,0.6987583041191101
2023-02-16,0.690689742565155,0.690689742565155
2023-02-17,0.6862400770187378,0.6862400770187378
2023-02-20,0.686940610408783,0.686940610408783
2023-02-21,0.6909002065658569,0.6909002065658569
2023-02-22,0.686190128326416,0.686190128326416
2023-02-23,0.6812916994094849,0.6812916994094849
2023-02-24,0.6810133457183838,0.6810133457183838
2023-02-27,0.6735684871673584,0.6735684871673584
2023-02-28,0.6743001937866211,0.6743001937866211
2023-03-01,0.6730788350105286,0.6730788350105286
2023-03-02,0.6759798526763916,0.6759798526763916
2023-03-03,0.6735000014305115,0.6735000014305115
2023-03-06,0.6754611730575562,0.6754611730575562
2023-03-07,0.6733099818229675,0.6733099818229675
2023-03-08,0.6591001749038696,0.6591001749038696
2023-03-09,0.6594000458717346,0.6594000458717346
2023-03-10,0.6591001749038696,0.6591001749038696
2023-03-13,0.6634203791618347,0.6634203791618347
2023-03-14,0.6659198999404907,0.6659198999404907
2023-03-15,0.6689097881317139,0.6689097881317139
2023-03-16,0.6618300080299377,0.6618300080299377
2023-03-17,0.6663401126861572,0.6663401126861572
2023-03-20,0.6713212132453918,0.6713212132453918
2023-03-21,0.6716899871826172,0.6716899871826172
2023-03-22,0.667789876461029,0.667789876461029
2023-03-23,0.6699314713478088,0.6699314713478088
2023-03-24,0.6681597828865051,0.6681597828865051
2023-03-27,0.665530800819397,0.665530800819397
2023-03-28,0.6660095453262329,0.6660095453262329
2023-03-29,0.6706907749176025,0.6706907749176025
2023-03-30,0.6682482361793518,0.6682482361793518
2023-03-31,0.6716818809509277,0.6716818809509277
2023-04-03,0.6658897995948792,0.6658897995948792
2023-04-04,0.6788502335548401,0.6788502335548401
2023-04-05,0.6758081316947937,0.6758081316947937
2023-04-06,0.6716683506965637,0.6716683506965637
2023-04-07,0.6676012873649597,0.6676012873649597
2023-04-10,0.6673500537872314,0.6673500537872314
2023-04-11,0.6648299694061279,0.6648299694061279
2023-04-12,0.6654002070426941,0.6654002070426941
2023-04-13,0.6699000597000122,0.6699000597000122
2023-04-14,0.6783998608589172,0.6783998608589172
2023-04-17,0.6705199480056763,0.6705199480056763
2023-04-18,0.6700401306152344,0.6700401306152344
2023-04-19,0.6735698580741882,0.6735698580741882
2023-04-20,0.6705514192581177,0.6705514192581177
2023-04-21,0.6743178963661194,0.6743178963661194
2023-04-24,0.6693485379219055,0.6693485379219055
2023-04-25,0.6703805327415466,0.6703805327415466
2023-04-26,0.663640022277832,0.663640022277832
2023-04-27,0.6608380675315857,0.6608380675315857
2023-04-28,0.6630398035049438,0.6630398035049438
2023-05-01,0.6612401008605957,0.6612401008605957
2023-05-02,0.6622801423072815,0.6622801423072815
2023-05-03,0.6673001646995544,0.6673001646995544
2023-05-04,0.6641517877578735,0.6641517877578735
2023-05-05,0.6696098446846008,0.6696098446846008
2023-05-08,0.6747683882713318,0.6747683882713318
2023-05-09,0.6780994534492493,0.6780994534492493
2023-05-10,0.6766906976699829,0.6766906976699829
2023-05-11,0.6781914234161377,0.6781914234161377
2023-05-12,0.669989824295044,0.669989824295044
2023-05-15,0.6646903157234192,0.6646903157234192
2023-05-16,0.6703001260757446,0.6703001260757446
2023-05-17,0.6657789945602417,0.6657789945602417
2023-05-18,0.6655617952346802,0.6655617952346802
2023-05-19,0.6629980802536011,0.6629980802536011
2023-05-22,0.666100025177002,0.666100025177002
2023-05-23,0.6649687886238098,0.6649687886238098
2023-05-24,0.6613581776618958,0.6613581776618958
2023-05-25,0.6545102000236511,0.6545102000236511
2023-05-26,0.6498485803604126,0.6498485803604126
2023-05-29,0.6526989340782166,0.6526989340782166
2023-05-30,0.6528502106666565,0.6528502106666565
2023-05-31,0.6517800092697144,0.6517800092697144
2023-06-01,0.6506401300430298,0.6506401300430298
2023-06-02,0.657799482345581,0.657799482345581
2023-06-05,0.6599997878074646,0.6599997878074646
2023-06-06,0.6613494157791138,0.6613494157791138
2023-06-07,0.6679089665412903,0.6679089665412903
2023-06-08,0.665860116481781,0.665860116481781
2023-06-09,0.671259880065918,0.671259880065918
2023-06-12,0.6744998693466187,0.6744998693466187
2023-06-13,0.6753101944923401,0.6753101944923401
2023-06-14,0.6769289374351501,0.6769289374351501
2023-06-15,0.6796895265579224,0.6796895265579224
2023-06-16,0.688029944896698,0.688029944896698
2023-06-19,0.6875999569892883,0.6875999569892883
2023-06-20,0.6851379871368408,0.6851379871368408
2023-06-21,0.6788820624351501,0.6788820624351501
2023-06-22,0.6798702478408813,0.6798702478408813
2023-06-23,0.6760699152946472,0.6760699152946472
2023-06-26,0.6680517792701721,0.6680517792701721
2023-06-27,0.6674498319625854,0.6674498319625854
2023-06-28,0.668140172958374,0.668140172958374
2023-06-29,0.6600616574287415,0.6600616574287415
2023-06-30,0.6619710922241211,0.6619710922241211
2023-07-03,0.6658321619033813,0.6658321619033813
2023-07-04,0.6674097180366516,0.6674097180366516
2023-07-05,0.6692701578140259,0.6692701578140259
2023-07-06,0.6656903028488159,0.6656903028488159
2023-07-07,0.6628398895263672,0.6628398895263672
2023-07-10,0.6688382029533386,0.6688382029533386
2023-07-11,0.667900025844574,0.667900025844574
2023-07-12,0.6693798899650574,0.6693798899650574
2023-07-13,0.6792786121368408,0.6792786121368408
2023-07-14,0.6888617873191833,0.6888617873191833
2023-07-17,0.6837793588638306,0.6837793588638306
2023-07-18,0.6810500025749207,0.6810500025749207
2023-07-19,0.6814821362495422,0.6814821362495422
2023-07-20,0.6769999265670776,0.6769999265670776
2023-07-21,0.6778190732002258,0.6778190732002258
2023-07-24,0.6725800037384033,0.6725800037384033
2023-07-25,0.6733009219169617,0.6733009219169617
2023-07-26,0.6787599325180054,0.6787599325180054
2023-07-27,0.6759999394416809,0.6759999394416809
2023-07-28,0.6711859703063965,0.6711859703063965
2023-07-31,0.6660805344581604,0.6660805344581604
2023-08-01,0.6716818809509277,0.6716818809509277
2023-08-02,0.6617608070373535,0.6617608070373535
2023-08-03,0.6544999480247498,0.6544999480247498
2023-08-04,0.6561206579208374,0.6561206579208374
2023-08-07,0.657371461391449,0.657371461391449
2023-08-08,0.6572591066360474,0.6572591066360474
2023-08-09,0.6531601548194885,0.6531601548194885
2023-08-10,0.6536802053451538,0.6536802053451538
2023-08-11,0.6512498259544373,0.6512498259544373
2023-08-14,0.6495404839515686,0.6495404839515686
2023-08-15,0.6488400101661682,0.6488400101661682
2023-08-16,0.6457903981208801,0.6457903981208801
2023-08-17,0.6414697170257568,0.6414697170257568
2023-08-18,0.6406888961791992,0.6406888961791992
2023-08-21,0.6414697170257568,0.6414697170257568
2023-08-22,0.6414080262184143,0.6414080262184143
2023-08-23,0.6427999138832092,0.6427999138832092
2023-08-24,0.6480587720870972,0.6480587720870972
2023-08-25,0.6413956880569458,0.6413956880569458
2023-08-28,0.6416714191436768,0.6416714191436768
2023-08-29,0.6428180932998657,0.6428180932998657
2023-08-30,0.647659957408905,0.647659957408905
2023-08-31,0.6478782296180725,0.6478782296180725
2023-09-01,0.6488408446311951,0.6488408446311951
2023-09-04,0.6452862024307251,0.6452862024307251
2023-09-05,0.6458100080490112,0.6458100080490112
2023-09-06,0.6375396251678467,0.6375396251678467
2023-09-07,0.6383001804351807,0.6383001804351807
2023-09-08,0.6377400159835815,0.6377400159835815
2023-09-11,0.6397993564605713,0.6397993564605713
2023-09-12,0.643200159072876,0.643200159072876
2023-09-13,0.6428180932998657,0.6428180932998657
2023-09-14,0.6421617865562439,0.6421617865562439
2023-09-15,0.6432398557662964,0.6432398557662964
2023-09-18,0.6440501809120178,0.6440501809120178
2023-09-19,0.643960177898407,0.643960177898407
2023-09-20,0.646600067615509,0.646600067615509
2023-09-21,0.6436100006103516,0.6436100006103516
2023-09-22,0.6409598588943481,0.6409598588943481
2023-09-25,0.6440999507904053,0.6440999507904053
2023-09-26,0.6422001123428345,0.6422001123428345
2023-09-27,0.6393861770629883,0.6393861770629883
2023-09-28,0.634759783744812,0.634759783744812
2023-09-29,0.6427974700927734,0.6427974700927734
2023-10-02,0.6437202095985413,0.6437202095985413
2023-10-03,0.6362699270248413,0.6362699270248413
2023-10-04,0.6308901309967041,0.6308901309967041
2023-10-05,0.6329101920127869,0.6329101920127869
2023-10-06,0.6371049880981445,0.6371049880981445
2023-10-09,0.6371999979019165,0.6371999979019165
2023-10-10,0.6420900225639343,0.6420900225639343
2023-10-11,0.643347442150116,0.643347442150116
2023-10-12,0.6418097615242004,0.6418097615242004
2023-10-13,0.6316800117492676,0.6316800117492676
2023-10-16,0.6312999725341797,0.6312999725341797
2023-10-17,0.6337798237800598,0.6337798237800598
2023-10-18,0.6362699270248413,0.6362699270248413
2023-10-19,0.6332400441169739,0.6332400441169739
2023-10-20,0.6326999664306641,0.6326999664306641
2023-10-23,0.6320393085479736,0.6320393085479736
2023-10-24,0.6336702108383179,0.6336702108383179
2023-10-25,0.6360999345779419,0.6360999345779419
2023-10-26,0.6296999454498291,0.6296999454498291
2023-10-27,0.6335999369621277,0.6335999369621277
2023-10-30,0.6338903307914734,0.6338903307914734
2023-10-31,0.637100100517273,0.637100100517273
2023-11-01,0.6339948177337646,0.6339948177337646
2023-11-02,0.642259955406189,0.642259955406189
2023-11-03,0.6427900195121765,0.6427900195121765
2023-11-06,0.6516865491867065,0.6516865491867065
2023-11-07,0.6489419341087341,0.6489419341087341
2023-11-08,0.6430099010467529,0.6430099010467529
2023-11-09,0.6405698657035828,0.6405698657035828
2023-11-10,0.6361699104309082,0.6361699104309082
2023-11-13,0.6364598870277405,0.6364598870277405
2023-11-14,0.6381002068519592,0.6381002068519592
2023-11-15,0.6499837636947632,0.6499837636947632
2023-11-16,0.6511502265930176,0.6511502265930176
2023-11-17,0.6470816731452942,0.6470816731452942
2023-11-20,0.6513597369194031,0.6513597369194031
2023-11-21,0.6564001441001892,0.6564001441001892
2023-11-22,0.6559097170829773,0.6559097170829773
2023-11-23,0.6542789936065674,0.6542789936065674
2023-11-24,0.6560100317001343,0.6560100317001343
2023-11-27,0.658129870891571,0.658129870891571
2023-11-28,0.661250114440918,0.661250114440918
2023-11-29,0.6658999919891357,0.6658999919891357
2023-11-30,0.6619009971618652,0.6619009971618652
2023-12-01,0.6606799960136414,0.6606799960136414
2023-12-04,0.6682884097099304,0.6682884097099304
2023-12-05,0.6617100238800049,0.6617100238800049
2023-12-06,0.6554699540138245,0.6554699540138245
2023-12-07,0.6551401019096375,0.6551401019096375
2023-12-08,0.6594479084014893,0.6594479084014893
2023-12-11,0.6579799652099609,0.6579799652099609
2023-12-12,0.6565001010894775,0.6565001010894775
2023-12-13,0.6564600467681885,0.6564600467681885
2023-12-14,0.6665000319480896,0.6665000319480896
2023-12-15,0.6702682375907898,0.6702682375907898
2023-12-18,0.6698910593986511,0.6698910593986511
2023-12-19,0.6703715920448303,0.6703715920448303
2023-12-20,0.6762998700141907,0.6762998700141907
2023-12-21,0.6739816665649414,0.6739816665649414
2023-12-22,0.6796802878379822,0.6796802878379822
2023-12-25,0.6808788776397705,0.6808788776397705
2023-12-26,0.6806008219718933,0.6806008219718933
2023-12-27,0.6823800802230835,0.6823800802230835
2023-12-28,0.6854700446128845,0.6854700446128845
2023-12-29,0.6826302409172058,0.6826302409172058
2024-01-01,0.6820491552352905,0.6820491552352905
2024-01-02,0.6810504198074341,0.6810504198074341
2024-01-03,0.6765698194503784,0.6765698194503784
2024-01-04,0.6736002564430237,0.6736002564430237
2024-01-05,0.6706593036651611,0.6706593036651611
2024-01-08,0.6716412901878357,0.6716412901878357
2024-01-09,0.6720001101493835,0.6720001101493835
2024-01-10,0.6684702038764954,0.6684702038764954
2024-01-11,0.6703999042510986,0.6703999042510986
2024-01-12,0.6698498129844666,0.6698498129844666
2024-01-15,0.6689097881317139,0.6689097881317139
2024-01-16,0.6650399565696716,0.6650399565696716
2024-01-17,0.6588900089263916,0.6588900089263916
2024-01-18,0.6551997661590576,0.6551997661590576
2024-01-19,0.6582845449447632,0.6582845449447632
2024-01-22,0.6595479249954224,0.6595479249954224
2024-01-23,0.6570599675178528,0.6570599675178528
2024-01-24,0.6586300730705261,0.6586300730705261
2024-01-25,0.6576697826385498,0.6576697826385498
2024-01-26,0.6585879921913147,0.6585879921913147
2024-01-29,0.6578601002693176,0.6578601002693176
2024-01-30,0.6614194512367249,0.6614194512367249
2024-01-31,0.659480094909668,0.659480094909668
2024-02-01,0.656150758266449,0.656150758266449
2024-02-02,0.6574898362159729,0.6574898362159729
2024-02-05,0.6505080461502075,0.6505080461502075
2024-02-06,0.6480293273925781,0.6480293273925781
2024-02-07,0.6529674530029297,0.6529674530029297
2024-02-08,0.6521880626678467,0.6521880626678467
2024-02-09,0.6497599482536316,0.6497599482536316
2024-02-12,0.6525583267211914,0.6525583267211914
2024-02-13,0.6528898477554321,0.6528898477554321
2024-02-14,0.6453399062156677,0.6453399062156677
2024-02-15,0.6498798131942749,0.6498798131942749
2024-02-16,0.6525498628616333,0.6525498628616333
2024-02-19,0.6537913680076599,0.6537913680076599
2024-02-20,0.6530783176422119,0.6530783176422119
2024-02-21,0.6553500890731812,0.6553500890731812
2024-02-22,0.6553199887275696,0.6553199887275696
2024-02-23,0.6559101939201355,0.6559101939201355
2024-02-26,0.6565384864807129,0.6565384864807129
2024-02-27,0.6539598107337952,0.6539598107337952
2024-02-28,0.6543898582458496,0.6543898582458496
2024-02-29,0.6494700312614441,0.6494700312614441
2024-03-01,0.6498401165008545,0.6498401165008545
2024-03-04,0.6527883410453796,0.6527883410453796
2024-03-05,0.6507620811462402,0.6507620811462402
2024-03-06,0.6503900289535522,0.6503900289535522
2024-03-07,0.6566298604011536,0.6566298604011536
2024-03-08,0.6621301770210266,0.6621301770210266
2024-03-11,0.6624314785003662,0.6624314785003662
2024-03-12,0.6615506410598755,0.6615506410598755
2024-03-13,0.6607297658920288,0.6607297658920288
2024-03-14,0.6627599000930786,0.6627599000930786
2024-03-15,0.6579297780990601,0.6579297780990601
2024-03-18,0.6557978987693787,0.6557978987693787
2024-03-19,0.655750572681427,0.655750572681427
2024-03-20,0.6526401042938232,0.6526401042938232
2024-03-21,0.6597799062728882,0.6597799062728882
2024-03-22,0.657418966293335,0.657418966293335
2024-03-25,0.6515804529190063,0.6515804529190063
2024-03-26,0.6538896560668945,0.6538896560668945
2024-03-27,0.6538982391357422,0.6538982391357422
2024-03-28,0.6521999835968018,0.6521999835968018
2024-03-29,0.6516780853271484,0.6516780853271484
2024-04-01,0.6533001661300659,0.6533001661300659
2024-04-02,0.6487903594970703,0.6487903594970703
2024-04-03,0.651439905166626,0.651439905166626
2024-04-04,0.6568998694419861,0.6568998694419861
2024-04-05,0.6587702035903931,0.6587702035903931
2024-04-08,0.6570215821266174,0.6570215821266174
2024-04-09,0.6604998111724854,0.6604998111724854
2024-04-10,0.662850022315979,0.662850022315979
2024-04-11,0.6507201194763184,0.6507201194763184
2024-04-12,0.6540607213973999,0.6540607213973999
2024-04-15,0.6475803256034851,0.6475803256034851
2024-04-16,0.644250214099884,0.644250214099884
2024-04-17,0.6412801146507263,0.6412801146507263
2024-04-18,0.6439813375473022,0.6439813375473022
2024-04-19,0.6424699425697327,0.6424699425697327
2024-04-22,0.6425991654396057,0.6425991654396057
2024-04-23,0.6452862024307251,0.6452862024307251
2024-04-24,0.6488901376724243,0.6488901376724243
2024-04-25,0.6496999263763428,0.6496999263763428
2024-04-26,0.6523199677467346,0.6523199677467346
2024-04-29,0.6541398763656616,0.6541398763656616
2024-04-30,0.6561899185180664,0.6561899185180664
2024-05-01,0.6478001475334167,0.6478001475334167
2024-05-02,0.653190016746521,0.653190016746521
2024-05-03,0.6571398973464966,0.6571398973464966
2024-05-06,0.6609079837799072,0.6609079837799072
2024-05-07,0.6623920202255249,0.6623920202255249
2024-05-08,0.6589199900627136,0.6589199900627136
2024-05-09,0.657680094242096,0.657680094242096
2024-05-10,0.6620998978614807,0.6620998978614807
2024-05-13,0.6601008772850037,0.6601008772850037
2024-05-14,0.6612882018089294,0.6612882018089294
2024-05-15,0.6626027226448059,0.6626027226448059
2024-05-16,0.6701065301895142,0.6701065301895142
2024-05-17,0.6683151721954346,0.6683151721954346
2024-05-20,0.6700705885887146,0.6700705885887146
2024-05-21,0.6672093272209167,0.6672093272209167
2024-05-22,0.6667097806930542,0.6667097806930542
2024-05-23,0.6619185209274292,0.6619185209274292
2024-05-24,0.6601487994194031,0.6601487994194031
2024-05-27,0.6624007821083069,0.6624007821083069
2024-05-28,0.6655617952346802,0.6655617952346802
2024-05-29,0.6647999286651611,0.6647999286651611
2024-05-30,0.6613699793815613,0.6613699793815613
2024-05-31,0.6630301475524902,0.6630301475524902
2024-06-03,0.6656903028488159,0.6656903028488159
2024-06-04,0.669008195400238,0.669008195400238
2024-06-05,0.6646201014518738,0.6646201014518738
2024-06-06,0.6657789945602417,0.6657789945602417
2024-06-07,0.6669601202011108,0.6669601202011108
2024-06-10,0.6582714915275574,0.6582714915275574
2024-06-11,0.6608948111534119,0.6608948111534119
2024-06-12,0.6607699394226074,0.6607699394226074
2024-06-13,0.6662899851799011,0.6662899851799011
2024-06-14,0.6633102893829346,0.6633102893829346
2024-06-17,0.6612882018089294,0.6612882018089294
2024-06-18,0.6622077822685242,0.6622077822685242
2024-06-19,0.6661200523376465,0.6661200523376465
2024-06-20,0.6675300002098083,0.6675300002098083
2024-06-21,0.6660698652267456,0.6660698652267456
2024-06-24,0.6635000109672546,0.6635000109672546
2024-06-25,0.6654599905014038,0.6654599905014038
2024-06-26,0.6644800901412964,0.6644800901412964
2024-06-27,0.6644783020019531,0.6644783020019531
2024-06-28,0.6650599241256714,0.6650599241256714
2024-07-01,0.6674007773399353,0.6674007773399353
2024-07-02,0.6654599905014038,0.6654599905014038
2024-07-03,0.6668298244476318,0.6668298244476318
2024-07-04,0.6710900068283081,0.6710900068283081
2024-07-05,0.6725085377693176,0.6725085377693176
2024-07-08,0.6746591329574585,0.6746591329574585
2024-07-09,0.6743202209472656,0.6743202209472656
2024-07-10,0.6741496920585632,0.6741496920585632
2024-07-11,0.6751797795295715,0.6751797795295715
2024-07-12,0.6768500804901123,0.6768500804901123
2024-07-15,0.6771998405456543,0.6771998405456543
2024-07-16,0.6763300895690918,0.6763300895690918
2024-07-17,0.6731998324394226,0.6731998324394226
2024-07-18,0.6730697751045227,0.6730697751045227
2024-07-19,0.6705500483512878,0.6705500483512878
2024-07-22,0.6696308851242065,0.6696308851242065
2024-07-23,0.6640105843544006,0.6640105843544006
2024-07-24,0.6612094640731812,0.6612094640731812
2024-07-25,0.6574798822402954,0.6574798822402954
2024-07-26,0.6542999744415283,0.6542999744415283
2024-07-29,0.6554999947547913,0.6554999947547913
2024-07-30,0.6551405787467957,0.6551405787467957
2024-07-31,0.6541501879692078,0.6541501879692078
2024-08-01,0.6547001004219055,0.6547001004219055
2024-08-02,0.6494898200035095,0.6494898200035095
2024-08-05,0.6497219204902649,0.6497219204902649
2024-08-06,0.6515498757362366,0.6515498757362366
2024-08-07,0.6515001654624939,0.6515001654624939
2024-08-08,0.6515973806381226,0.6515973806381226
2024-08-09,0.659200131893158,0.659200131893158
2024-08-12,0.6569784283638,0.6569784283638
2024-08-13,0.6585316061973572,0.6585316061973572
2024-08-14,0.6638598442077637,0.6638598442077637
2024-08-15,0.6600006818771362,0.6600006818771362
2024-08-16,0.6612488627433777,0.6612488627433777
2024-08-19,0.6672983765602112,0.6672983765602112
2024-08-20,0.6735321879386902,0.6735321879386902
2024-08-21,0.6747274398803711,0.6747274398803711
2024-08-22,0.6749701499938965,0.6749701499938965
2024-08-23,0.6708199381828308,0.6708199381828308
2024-08-26,0.6787806153297424,0.6787806153297424
2024-08-27,0.6772910952568054,0.6772910952568054
2024-08-28,0.6787898540496826,0.6787898540496826
2024-08-29,0.6783100962638855,0.6783100962638855
2024-08-30,0.67958003282547,0.67958003282547
2024-09-02,0.6768001914024353,0.6768001914024353
2024-09-03,0.6787299513816833,0.6787299513816833
2024-09-04,0.6714000701904297,0.6714000701904297
2024-09-05,0.6716187596321106,0.6716187596321106
2024-09-06,0.6740502119064331,0.6740502119064331
2024-09-09,0.6670802235603333,0.6670802235603333
2024-09-10,0.6657878756523132,0.6657878756523132
2024-09-11,0.6653298139572144,0.6653298139572144
2024-09-12,0.6676998138427734,0.6676998138427734
2024-09-13,0.6726899147033691,0.6726899147033691
2024-09-16,0.6713797450065613,0.6713797450065613
2024-09-17,0.6751897931098938,0.6751897931098938
2024-09-18,0.6762696504592896,0.6762696504592896
2024-09-19,0.676369845867157,0.676369845867157
2024-09-20,0.6809576749801636,0.6809576749801636
2024-09-23,0.6809993982315063,0.6809993982315063
2024-09-24,0.6834102272987366,0.6834102272987366
2024-09-25,0.6905400156974792,0.6905400156974792
2024-09-26,0.6821599006652832,0.6821599006652832
2024-09-27,0.689280092716217,0.689280092716217
2024-09-30,0.6918787360191345,0.6918787360191345
2024-10-01,0.6915801763534546,0.6915801763534546
2024-10-02,0.6879992485046387,0.6879992485046387
2024-10-03,0.6887099742889404,0.6887099742889404
2024-10-04,0.6850300431251526,0.6850300431251526
2024-10-07,0.6800592541694641,0.6800592541694641
2024-10-08,0.6755999326705933,0.6755999326705933
2024-10-09,0.6739597916603088,0.6739597916603088
2024-10-10,0.6717401146888733,0.6717401146888733
2024-10-11,0.6740997433662415,0.6740997433662415
2024-10-14,0.6731105446815491,0.6731105446815491
2024-10-15,0.6725999116897583,0.6725999116897583
2024-10-16,0.6682080030441284,0.6682080030441284
2024-10-17,0.6664889454841614,0.6664889454841614
2024-10-18,0.6699718832969666,0.6699718832969666
2024-10-21,0.6716818809509277,0.6716818809509277
2024-10-22,0.6653094291687012,0.6653094291687012
2024-10-23,0.6685997843742371,0.6685997843742371
2024-10-24,0.663599967956543,0.663599967956543
2024-10-25,0.663702130317688,0.663702130317688
2024-10-28,0.6603406071662903,0.6603406071662903
2024-10-29,0.6582671999931335,0.6582671999931335
2024-10-30,0.6563001871109009,0.6563001871109009
2024-10-31,0.6572798490524292,0.6572798490524292
2024-11-01,0.657680094242096,0.657680094242096
2024-11-04,0.6591914296150208,0.6591914296150208
2024-11-05,0.6584101915359497,0.6584101915359497
2024-11-06,0.6641499996185303,0.6641499996185303
2024-11-07,0.6567001342773438,0.6567001342773438
2024-11-08,0.6676815152168274,0.6676815152168274
2024-11-11,0.65845787525177,0.65845787525177
2024-11-12,0.6577605605125427,0.6577605605125427
2024-11-13,0.6529401540756226,0.6529401540756226
2024-11-14,0.6492705345153809,0.6492705345153809
2024-11-15,0.6455498337745667,0.6455498337745667
2024-11-18,0.6463413834571838,0.6463413834571838
2024-11-19,0.650590181350708,0.650590181350708
2024-11-20,0.6541501879692078,0.6541501879692078
2024-11-21,0.6513999700546265,0.6513999700546265
2024-11-22,0.6510289311408997,0.6510289311408997
2024-11-25,0.6539880037307739,0.6539880037307739
2024-11-26,0.646379828453064,0.646379828453064
2024-11-27,0.6475173830986023,0.6475173830986023
2024-11-28,0.6497219204902649,0.6497219204902649
2024-11-29,0.6507400274276733,0.6507400274276733
2024-12-02,0.6502415537834167,0.6502415537834167
2024-12-03,0.6475300192832947,0.6475300192832947
2024-12-04,0.6485504508018494,0.6485504508018494
2024-12-05,0.6432936787605286,0.6432936787605286
2024-12-06,0.6449898481369019,0.6449898481369019
2024-12-09,0.639991819858551,0.639991819858551
2024-12-10,0.643790602684021,0.643790602684021
2024-12-11,0.6376001834869385,0.6376001834869385
2024-12-12,0.6383902430534363,0.6383902430534363
2024-12-13,0.6375001668930054,0.6375001668930054
2024-12-16,0.6367115378379822,0.6367115378379822
2024-12-17,0.6376400589942932,0.6376400589942932
2024-12-18,0.6341153979301453,0.6341153979301453
2024-12-19,0.6206199526786804,0.6206199526786804
2024-12-20,0.6233997941017151,0.6233997941017151
2024-12-23,0.6252892017364502,0.6252892017364502
2024-12-24,0.6244925856590271,0.6244925856590271
2024-12-25,0.6239081621170044,0.6239081621170044
2024-12-26,0.6244574785232544,0.6244574785232544
2024-12-27,0.6223007440567017,0.6223007440567017
2024-12-30,0.6225099563598633,0.6225099563598633
2024-12-31,0.621999979019165,0.621999979019165
2025-01-02,0.6194201707839966,0.6194201707839966
2025-01-03,0.6200800538063049,0.6200800538063049
2025-01-06,0.6220104694366455,0.6220104694366455
2025-01-07,0.623910129070282,0.623910129070282
2025-01-08,0.6234919428825378,0.6234919428825378
2025-01-09,0.6211604475975037,0.6211604475975037
2025-01-10,0.6189700961112976,0.6189700961112976
2025-01-13,0.6154982447624207,0.6154982447624207
2025-01-14,0.6192100048065186,0.6192100048065186
2025-01-15,0.619160532951355,0.619160532951355
2025-01-16,0.6235401034355164,0.6235401034355164
2025-01-17,0.6210300922393799,0.6210300922393799
2025-01-20,0.6195403337478638,0.6195403337478638
2025-01-21,0.6281000375747681,0.6281000375747681
2025-01-22,0.6262015104293823,0.6262015104293823
2025-01-23,0.6275002360343933,0.6275002360343933
2025-01-24,0.6283262372016907,0.6283262372016907
2025-01-27,0.6292909979820251,0.6292909979820251
2025-01-28,0.6263799667358398,0.6263799667358398
2025-01-29,0.6254573464393616,0.6254573464393616
2025-01-30,0.6239782571792603,0.6239782571792603
2025-01-31,0.6215001940727234,0.6215001940727234
2025-02-03,0.614420473575592,0.614420473575592
2025-02-04,0.6217397451400757,0.6217397451400757
2025-02-05,0.6251093745231628,0.6251093745231628
2025-02-06,0.6285473704338074,0.6285473704338074
2025-02-07,0.6281801462173462,0.6281801462173462
2025-02-10,0.6258898973464966,0.6258898973464966
2025-02-11,0.6271283030509949,0.6271283030509949
2025-02-12,0.629830002784729,0.629830002784729
2025-02-13,0.6282985806465149,0.6282985806465149
2025-02-14,0.6316919922828674,0.6316919922828674
2025-02-17,0.6356511116027832,0.6356511116027832
2025-02-18,0.6356107592582703,0.6356107592582703
2025-02-19,0.6353119015693665,0.6353119015693665
2025-02-20,0.6341274976730347,0.6341274976730347
2025-02-21,0.6404098868370056,0.6404098868370056
2025-02-24,0.6370319724082947,0.6370319724082947
2025-02-25,0.6338099837303162,0.6338099837303162
2025-02-26,0.6352877020835876,0.6352877020835876
2025-02-27,0.6310780644416809,0.6310780644416809
2025-02-28,0.623219907283783,0.623219907283783
2025-03-03,0.6220685243606567,0.6220685243606567
2025-03-04,0.6215812563896179,0.6215812563896179
2025-03-05,0.6269985437393188,0.6269985437393188
2025-03-06,0.6338099837303162,0.6338099837303162
2025-03-07,0.6332280039787292,0.6332280039787292
2025-03-10,0.6303898096084595,0.6303898096084595
2025-03-11,0.6279513835906982,0.6279513835906982
2025-03-12,0.6295286417007446,0.6295286417007446
2025-03-13,0.6327592134475708,0.6327592134475708
2025-03-14,0.6287410259246826,0.6287410259246826
2025-03-17,0.6326191425323486,0.6326191425323486
2025-03-18,0.638198733329773,0.638198733329773
2025-03-19,0.6361202001571655,0.6361202001571655
2025-03-20,0.6364116668701172,0.6364116668701172
2025-03-21,0.6303898096084595,0.6303898096084595
2025-03-24,0.6288319230079651,0.6288319230079651
2025-03-25,0.6285908222198486,0.6285908222198486
2025-03-26,0.6309000849723816,0.6309000849723816
2025-03-27,0.6287015080451965,0.6287015080451965
2025-03-28,0.6301594376564026,0.6301594376564026
2025-03-31,0.6282907128334045,0.6282907128334045
2025-04-01,0.6241885423660278,0.6241885423660278
2025-04-02,0.6289584636688232,0.6289584636688232
2025-04-03,0.6264698505401611,0.6264698505401611
2025-04-04,0.6323510408401489,0.6323510408401489
2025-04-07,0.5987701416015625,0.5987701416015625
2025-04-08,0.5997613072395325,0.5997613072395325
2025-04-09,0.595528781414032,0.595528781414032
2025-04-10,0.6133614778518677,0.6133614778518677
2025-04-11,0.6223394870758057,0.6223394870758057
2025-04-14,0.6301316618919373,0.6301316618919373
2025-04-15,0.631991446018219,0.631991446018219
2025-04-16,0.6337898373603821,0.6337898373603821
2025-04-17,0.6372998952865601,0.6372998952865601
2025-04-22,0.6421988606452942,0.6421988606452942
2025-04-23,0.6376200914382935,0.6376200914382935
2025-04-24,0.6365291476249695,0.6365291476249695
2025-04-25,0.6403483152389526,0.6403483152389526
2025-04-28,0.63840651512146,0.63840651512146
2025-04-29,0.6428800821304321,0.6428800821304321
2025-04-30,0.6386919617652893,0.6386919617652893
2025-05-01,0.6413093209266663,0.6413093209266663
2025-05-02,0.6386797428131104,0.6386797428131104
2025-05-05,0.644558310508728,0.644558310508728
2025-05-06,0.6461409330368042,0.6461409330368042
2025-05-07,0.6506688594818115,0.6506688594818115
2025-05-08,0.6434799432754517,0.6434799432754517
2025-05-09,0.6392595171928406,0.6392595171928406
2025-05-12,0.642091691493988,0.642091691493988
2025-05-13,0.6371780633926392,0.6371780633926392
2025-05-14,0.6472617387771606,0.6472617387771606
2025-05-15,0.6428800821304321,0.6428800821304321
2025-05-16,0.640578031539917,0.640578031539917
2025-05-19,0.6410001516342163,0.6410001516342163
2025-05-20,0.6455819606781006,0.6455819606781006
2025-05-21,0.6425999999046326,0.6425999999046326
2025-05-22,0.6433101892471313,0.6433101892471313
2025-05-23,0.6409804821014404,0.6409804821014404
2025-05-26,0.6501189470291138,0.6501189470291138
2025-05-27,0.6481007933616638,0.6481007933616638
2025-05-28,0.6447120904922485,0.6447120904922485
2025-05-29,0.6425207257270813,0.6425207257270813
2025-05-30,0.6445998549461365,0.6445998549461365
2025-06-02,0.644321620464325,0.644321620464325
2025-06-03,0.6498401165008545,0.6498401165008545
2025-06-04,0.646608829498291,0.646608829498291
2025-06-05,0.6490682363510132,0.6490682363510132
2025-06-06,0.6510501503944397,0.6510501503944397
2025-06-09,0.6500217914581299,0.6500217914581299
2025-06-10,0.6518101692199707,0.6518101692199707
2025-06-11,0.6527202129364014,0.6527202129364014
2025-06-12,0.6509501338005066,0.6509501338005066
2025-06-13,0.6527999043464661,0.6527999043464661
2025-06-16,0.6499997973442078,0.6499997973442078
2025-06-17,0.6511001586914062,0.6511001586914062
2025-06-18,0.6479797959327698,0.6479797959327698
2025-06-19,0.6507408618927002,0.6507408618927002
2025-06-20,0.6488786935806274,0.6488786935806274
2025-06-23,0.6446704864501953,0.6446704864501953
2025-06-24,0.6477800011634827,0.6477800011634827
2025-06-25,0.6495999097824097,0.6495999097824097
2025-06-26,0.6523114442825317,0.6523114442825317
2025-06-27,0.654630184173584,0.654630184173584
2025-06-30,0.6533215045928955,0.6533215045928955
2025-07-01,0.6578081846237183,0.6578081846237183
2025-07-02,0.6583105325698853,0.6583105325698853
2025-07-03,0.6582901477813721,0.6582901477813721
2025-07-04,0.6577298641204834,0.6577298641204834
2025-07-07,0.6551792025566101,0.6551792025566101
2025-07-08,0.6506096124649048,0.6506096124649048
2025-07-09,0.6524518728256226,0.6524518728256226
2025-07-10,0.6535905003547668,0.6535905003547668
2025-07-11,0.6594000458717346,0.6594000458717346
2025-07-14,0.6578081846237183,0.6578081846237183
2025-07-15,0.6544716358184814,0.6544716358184814
2025-07-16,0.651898980140686,0.651898980140686
2025-07-17,0.6525000333786011,0.6525000333786011
2025-07-18,0.649819016456604,0.649819016456604
2025-07-21,0.6512112617492676,0.6512112617492676
2025-07-22,0.6528096795082092,0.6528096795082092
2025-07-23,0.6554712057113647,0.6554712057113647
2025-07-24,0.6603999137878418,0.6603999137878418
2025-07-25,0.6597176194190979,0.6597176194190979
2025-07-28,0.6572980284690857,0.6572980284690857
2025-07-29,0.6524008512496948,0.6524008512496948
2025-07-30,0.651321530342102,0.651321530342102
2025-07-31,0.6447120904922485,0.6447120904922485
2025-08-01,0.6429089903831482,0.6429089903831482
2025-08-04,0.6469100117683411,0.6469100117683411
2025-08-05,0.6474796533584595,0.6474796533584595
2025-08-06,0.6472994685173035,0.6472994685173035
2025-08-07,0.6500217914581299,0.6500217914581299
2025-08-08,0.6525711417198181,0.6525711417198181
2025-08-11,0.6517715454101562,0.6517715454101562
2025-08-12,0.6514403223991394,0.6514403223991394
2025-08-13,0.6529802083969116,0.6529802083969116
2025-08-14,0.6551706194877625,0.6551706194877625
2025-08-15,0.6497514843940735,0.6497514843940735
2025-08-18,0.651296079158783,0.651296079158783
2025-08-19,0.6494801044464111,0.6494801044464111
2025-08-20,0.6454598307609558,0.6454598307609558
2025-08-21,0.6436100006103516,0.6436100006103516
2025-08-22,0.6425496339797974,0.6425496339797974
2025-08-25,0.6484898924827576,0.6484898924827576
2025-08-26,0.6481099724769592,0.6481099724769592
2025-08-27,0.6495801210403442,0.6495801210403442
2025-08-28,0.6511399745941162,0.6511399745941162
2025-08-29,0.6532399654388428,0.6532399654388428
2025-09-01,0.6543598771095276,0.6543598771095276
2025-09-02,0.6556801199913025,0.6556801199913025
2025-09-03,0.6518301367759705,0.6518301367759705
2025-09-04,0.6544399857521057,0.6544399857521057
2025-09-05,0.6521999835968018,0.6521999835968018
2025-09-08,0.655450165271759,0.655450165271759
2025-09-09,0.6598090529441833,0.6598090529441833
2025-09-10,0.6584700345993042,0.6584700345993042
2025-09-11,0.6619316339492798,0.6619316339492798
2025-09-12,0.6668000221252441,0.6668000221252441
2025-09-15,0.6648998260498047,0.6648998260498047
2025-09-16,0.6673001646995544,0.6673001646995544
2025-09-17,0.6688998937606812,0.6688998937606812
2025-09-18,0.6652501225471497,0.6652501225471497
2025-09-19,0.6617901921272278,0.6617901921272278
2025-09-22,0.6589308381080627,0.6589308381080627
2025-09-23,0.660199761390686,0.660199761390686
2025-09-24,0.6597799062728882,0.6597799062728882
2025-09-25,0.6586921215057373,0.6586921215057373
2025-09-26,0.6537314653396606,0.6537314653396606
2025-09-29,0.6553998589515686,0.6553998589515686
2025-09-30,0.6581978797912598,0.6581978797912598
2025-10-01,0.6610700488090515,0.6610700488090515
2025-10-02,0.6615498065948486,0.6615498065948486
2025-10-03,0.6598090529441833,0.6598090529441833
2025-10-06,0.6593101024627686,0.6593101024627686
2025-10-07,0.6616500020027161,0.6616500020027161
2025-10-08,0.6580505967140198,0.6580505967140198
2025-10-09,0.6584500670433044,0.6584500670433044
2025-10-10,0.6561291813850403,0.6561291813850403
2025-10-13,0.6498401165008545,0.6498401165008545
2025-10-14,0.651159942150116,0.651159942150116
2025-10-15,0.6491301655769348,0.6491301655769348
2025-10-16,0.6508001685142517,0.6508001685142517
2025-10-17,0.64823979139328,0.64823979139328
2025-10-20,0.6501701474189758,0.6501701474189758
2025-10-21,0.6516313552856445,0.6516313552856445
2025-10-22,0.6491904854774475,0.6491904854774475
2025-10-23,0.6489999890327454,0.6489999890327454
2025-10-24,0.6514798402786255,0.6514798402786255
2025-10-27,0.653398334980011,0.653398334980011
2025-10-28,0.6558598279953003,0.6558598279953003
2025-10-29,0.6585099697113037,0.6585099697113037
2025-10-30,0.657680094242096,0.657680094242096
2025-10-31,0.6559299826622009,0.6559299826622009
2025-11-03,0.6545702219009399,0.6545702219009399
2025-11-04,0.6541078090667725,0.6541078090667725
2025-11-05,0.6485601663589478,0.6485601663589478
2025-11-06,0.6509907841682434,0.6509907841682434
2025-11-07,0.6483898758888245,0.6483898758888245
2025-11-10,0.650239884853363,0.650239884853363
2025-11-11,0.653488039970398,0.653488039970398
2025-11-12,0.6529499292373657,0.6529499292373657
2025-11-13,0.6536400318145752,0.6536400318145752
2025-11-14,0.6529000401496887,0.6529000401496887
2025-11-17,0.6533001661300659,0.6533001661300659
2025-11-18,0.6492701172828674,0.6492701172828674
2025-11-19,0.6509018540382385,0.6509018540382385
2025-11-20,0.649000883102417,0.649000883102417
2025-11-21,0.6449499130249023,0.6449499130249023
2025-11-24,0.6462398767471313,0.6462398767471313
2025-11-25,0.6465799808502197,0.6465799808502197
2025-11-26,0.6470301151275635,0.6470301151275635
2025-11-27,0.6524859666824341,0.6524859666824341
2025-11-28,0.653579831123352,0.653579831123352
2025-12-01,0.6551298499107361,0.6551298499107361
2025-12-02,0.6544001698493958,0.6544001698493958
2025-12-03,0.6573700904846191,0.6573700904846191
2025-12-04,0.6605019569396973,0.6605019569396973
2025-12-05,0.660641610622406,0.660641610622406
2025-12-08,0.6635400652885437,0.6635400652885437
2025-12-09,0.6627300977706909,0.6627300977706909
2025-12-10,0.6640987992286682,0.6640987992286682
2025-12-11,0.6674498319625854,0.6674498319625854
2025-12-12,0.6665000319480896,0.6665000319480896
2025-12-15,0.6647300720214844,0.6647300720214844
2025-12-16,0.6641799807548523,0.6641799807548523
2025-12-17,0.6634001135826111,0.6634001135826111
2025-12-18,0.6601501107215881,0.6601501107215881
2025-12-19,0.6613800525665283,0.6613800525665283
2025-12-22,0.6610198020935059,0.6610198020935059
2025-12-23,0.6658400893211365,0.6658400893211365
2025-12-24,0.6701900959014893,0.6701900959014893
2025-12-26,0.6705604195594788,0.6705604195594788
2025-12-29,0.6714099645614624,0.6714099645614624
2025-12-30,0.6695501804351807,0.6695501804351807
2025-12-31,0.6697999835014343,0.6697999835014343
2026-01-02,0.6678299903869629,0.6678299903869629
