date,close,adj_close
2014-12-01,19.110000610351562,16.470285415649414
2014-12-02,19.049999237060547,16.4185733795166
2014-12-03,19.059999465942383,16.42719268798828
2014-12-04,19.0,16.37548065185547
2014-12-05,18.90999984741211,16.29791259765625
2014-12-08,18.889999389648438,16.280675888061523
2014-12-09,18.8700008392334,16.263437271118164
2014-12-10,18.799999237060547,16.203105926513672
2014-12-11,18.700000762939453,16.116920471191406
2014-12-12,18.649999618530273,16.073827743530273
2014-12-15,18.34000015258789,15.806645393371582
2014-12-16,18.309999465942383,15.780791282653809
2014-12-17,18.459999084472656,15.91007137298584
2014-12-18,18.540000915527344,15.979022026062012
2014-12-19,18.6200008392334,16.047971725463867
2014-12-22,18.700000762939453,16.116920471191406
2014-12-23,18.649999618530273,16.073827743530273
2014-12-24,18.709999084472656,16.125537872314453
2014-12-26,18.670000076293945,16.091062545776367
2014-12-29,18.579999923706055,16.01349639892578
2014-12-30,18.670000076293945,16.091062545776367
2014-12-31,18.59000015258789,16.02211570739746
2015-01-02,18.549999237060547,15.987640380859375
2015-01-05,18.40999984741211,15.866979598999023
2015-01-06,18.3700008392334,15.83250617980957
2015-01-07,18.440000534057617,15.892833709716797
2015-01-08,18.530000686645508,15.970404624938965
2015-01-09,18.56999969482422,16.0048770904541
2015-01-12,18.559999465942383,15.996257781982422
2015-01-13,18.559999465942383,15.996257781982422
2015-01-14,18.559999465942383,15.996257781982422
2015-01-15,18.510000228881836,15.953165054321289
2015-01-16,18.530000686645508,15.970404624938965
2015-01-20,18.5,15.944548606872559
2015-01-21,18.549999237060547,15.987640380859375
2015-01-22,18.610000610351562,16.039352416992188
2015-01-23,18.6200008392334,16.047971725463867
2015-01-26,18.540000915527344,15.979022026062012
2015-01-27,18.579999923706055,16.01349639892578
2015-01-28,18.510000228881836,15.953165054321289
2015-01-29,18.3799991607666,15.8411226272583
2015-01-30,18.280000686645508,15.754935264587402
2015-02-02,18.31999969482422,15.789409637451172
2015-02-03,18.549999237060547,15.987640380859375
2015-02-04,18.440000534057617,15.892833709716797
2015-02-05,18.520000457763672,15.961786270141602
2015-02-06,18.399999618530273,15.858358383178711
2015-02-09,18.43000030517578,15.88421630859375
2015-02-10,18.3700008392334,15.83250617980957
2015-02-11,18.219999313354492,15.703222274780273
2015-02-12,18.329999923706055,15.798030853271484
2015-02-13,18.40999984741211,15.866979598999023
2015-02-17,18.40999984741211,15.866979598999023
2015-02-18,18.40999984741211,15.866979598999023
2015-02-19,18.34000015258789,15.806645393371582
2015-02-20,18.34000015258789,15.806645393371582
2015-02-23,18.299999237060547,15.772172927856445
2015-02-24,18.3799991607666,15.8411226272583
2015-02-25,18.43000030517578,15.88421630859375
2015-02-26,18.3700008392334,15.83250617980957
2015-02-27,18.350000381469727,15.815268516540527
2015-03-02,18.34000015258789,15.806645393371582
2015-03-03,18.329999923706055,15.798030853271484
2015-03-04,18.190000534057617,15.677367210388184
2015-03-05,18.209999084472656,15.694604873657227
2015-03-06,18.06999969482422,15.573944091796875
2015-03-09,18.040000915527344,15.548086166381836
2015-03-10,17.829999923706055,15.367098808288574
2015-03-11,17.8799991607666,15.410186767578125
2015-03-12,17.950000762939453,15.47052001953125
2015-03-13,17.75,15.298144340515137
2015-03-16,17.81999969482422,15.358477592468262
2015-03-17,17.829999923706055,15.367098808288574
2015-03-18,18.040000915527344,15.548086166381836
2015-03-19,17.93000030517578,15.453282356262207
2015-03-20,18.110000610351562,15.608421325683594
2015-03-23,18.25,15.729082107543945
2015-03-24,18.350000381469727,15.815268516540527
2015-03-25,18.329999923706055,15.798030853271484
2015-03-26,18.229999542236328,15.711844444274902
2015-03-27,18.149999618530273,15.642892837524414
2015-03-30,18.15999984741211,15.651511192321777
2015-03-31,18.190000534057617,15.677367210388184
2015-04-01,18.260000228881836,15.737699508666992
2015-04-02,18.399999618530273,15.858358383178711
2015-04-06,18.459999084472656,15.91007137298584
2015-04-07,18.489999771118164,15.935929298400879
2015-04-08,18.59000015258789,16.02211570739746
2015-04-09,18.489999771118164,15.935929298400879
2015-04-10,18.479999542236328,15.927310943603516
2015-04-13,18.389999389648438,15.84974193572998
2015-04-14,18.510000228881836,15.953165054321289
2015-04-15,18.540000915527344,15.979022026062012
2015-04-16,18.670000076293945,16.091062545776367
2015-04-17,18.520000457763672,15.961786270141602
2015-04-20,18.5,15.944548606872559
2015-04-21,18.540000915527344,15.979022026062012
2015-04-22,18.510000228881836,15.953165054321289
2015-04-23,18.6200008392334,16.047971725463867
2015-04-24,18.649999618530273,16.073827743530273
2015-04-27,18.739999771118164,16.15139389038086
2015-04-28,18.809999465942383,16.21172332763672
2015-04-29,18.81999969482422,16.22034454345703
2015-04-30,18.729999542236328,16.14277458190918
2015-05-01,18.6200008392334,16.047971725463867
2015-05-04,18.600000381469727,16.03073501586914
2015-05-05,18.6200008392334,16.047971725463867
2015-05-06,18.719999313354492,16.1341552734375
2015-05-07,18.610000610351562,16.039352416992188
2015-05-08,18.700000762939453,16.116920471191406
2015-05-11,18.56999969482422,16.0048770904541
2015-05-12,18.600000381469727,16.03073501586914
2015-05-13,18.709999084472656,16.125537872314453
2015-05-14,18.8700008392334,16.263437271118164
2015-05-15,18.940000534057617,16.323766708374023
2015-05-18,18.860000610351562,16.254817962646484
2015-05-19,18.770000457763672,16.1772518157959
2015-05-20,18.700000762939453,16.116920471191406
2015-05-21,18.75,16.16001319885254
2015-05-22,18.68000030517578,16.099679946899414
2015-05-26,18.459999084472656,15.91007137298584
2015-05-27,18.40999984741211,15.866979598999023
2015-05-28,18.389999389648438,15.84974193572998
2015-05-29,18.399999618530273,15.858358383178711
2015-06-01,18.280000686645508,15.754935264587402
2015-06-02,18.420000076293945,15.875597953796387
2015-06-03,18.34000015258789,15.806645393371582
2015-06-04,18.219999313354492,15.703222274780273
2015-06-05,18.149999618530273,15.642892837524414
2015-06-08,18.1299991607666,15.625655174255371
2015-06-09,18.170000076293945,15.660131454467773
2015-06-10,18.34000015258789,15.806645393371582
2015-06-11,18.280000686645508,15.754935264587402
2015-06-12,18.280000686645508,15.754935264587402
2015-06-15,18.309999465942383,15.780791282653809
2015-06-16,18.309999465942383,15.780791282653809
2015-06-17,18.280000686645508,15.754935264587402
2015-06-18,18.43000030517578,15.88421630859375
2015-06-19,18.420000076293945,15.875597953796387
2015-06-22,18.450000762939453,15.901453971862793
2015-06-23,18.299999237060547,15.772172927856445
2015-06-24,18.3700008392334,15.83250617980957
2015-06-25,18.31999969482422,15.789409637451172
2015-06-26,18.299999237060547,15.772172927856445
2015-06-29,18.239999771118164,15.72046184539795
2015-06-30,18.18000030517578,15.66874885559082
2015-07-01,18.139999389648438,15.634271621704102
2015-07-02,18.270000457763672,15.746315956115723
2015-07-06,18.1200008392334,15.617037773132324
2015-07-07,18.020000457763672,15.530848503112793
2015-07-08,18.020000457763672,15.530848503112793
2015-07-09,18.030000686645508,15.539468765258789
2015-07-10,18.18000030517578,15.66874885559082
2015-07-13,18.1299991607666,15.625655174255371
2015-07-14,18.1299991607666,15.625655174255371
2015-07-15,18.100000381469727,15.599798202514648
2015-07-16,18.110000610351562,15.608421325683594
2015-07-17,18.049999237060547,15.556706428527832
2015-07-20,17.920000076293945,15.444662094116211
2015-07-21,18.030000686645508,15.539468765258789
2015-07-22,17.90999984741211,15.43604564666748
2015-07-23,17.860000610351562,15.392951011657715
2015-07-24,17.719999313354492,15.272290229797363
2015-07-27,17.770000457763672,15.31538200378418
2015-07-28,17.719999313354492,15.272290229797363
2015-07-29,17.739999771118164,15.289527893066406
2015-07-30,17.639999389648438,15.203341484069824
2015-07-31,17.610000610351562,15.177484512329102
2015-08-03,17.520000457763672,15.099918365478516
2015-08-04,17.489999771118164,15.074060440063477
2015-08-05,17.420000076293945,15.013731956481934
2015-08-06,17.450000762939453,15.039584159851074
2015-08-07,17.43000030517578,15.022348403930664
2015-08-10,17.540000915527344,15.117155075073242
2015-08-11,17.34000015258789,14.944782257080078
2015-08-12,17.270000457763672,14.884450912475586
2015-08-13,17.239999771118164,14.858593940734863
2015-08-14,17.239999771118164,14.858593940734863
2015-08-17,17.149999618530273,14.781025886535645
2015-08-18,17.139999389648438,14.772405624389648
2015-08-19,17.110000610351562,14.746548652648926
2015-08-20,17.040000915527344,14.686222076416016
2015-08-21,16.950000762939453,14.60865306854248
2015-08-24,16.75,14.436279296875
2015-08-25,16.770000457763672,14.453516960144043
2015-08-26,16.780000686645508,14.462136268615723
2015-08-27,16.969999313354492,14.62588882446289
2015-08-28,16.979999542236328,14.63450813293457
2015-08-31,17.030000686645508,14.677600860595703
2015-09-01,16.989999771118164,14.643126487731934
2015-09-02,16.90999984741211,14.574177742004395
2015-09-03,16.81999969482422,14.496609687805176
2015-09-04,16.729999542236328,14.41904067993164
2015-09-08,16.84000015258789,14.513847351074219
2015-09-09,16.729999542236328,14.41904067993164
2015-09-10,16.829999923706055,14.505227088928223
2015-09-11,16.829999923706055,14.505227088928223
2015-09-14,16.8700008392334,14.539703369140625
2015-09-15,16.920000076293945,14.58279800415039
2015-09-16,17.059999465942383,14.70345687866211
2015-09-17,17.06999969482422,14.712075233459473
2015-09-18,17.010000228881836,14.660365104675293
2015-09-21,16.950000762939453,14.60865306854248
2015-09-22,16.81999969482422,14.496609687805176
2015-09-23,16.709999084472656,14.401802062988281
2015-09-24,16.65999984741211,14.358710289001465
2015-09-25,16.709999084472656,14.401802062988281
2015-09-28,16.6200008392334,14.324236869812012
2015-09-29,16.6299991607666,14.332853317260742
2015-09-30,16.799999237060547,14.47937297821045
2015-10-01,16.719999313354492,14.410422325134277
2015-10-02,16.889999389648438,14.556940078735352
2015-10-05,17.020000457763672,14.668985366821289
2015-10-06,17.190000534057617,14.815499305725098
2015-10-07,17.31999969482422,14.927542686462402
2015-10-08,17.399999618530273,14.996492385864258
2015-10-09,17.510000228881836,15.091297149658203
2015-10-12,17.530000686645508,15.108534812927246
2015-10-13,17.280000686645508,14.893068313598633
2015-10-14,17.450000762939453,15.039584159851074
2015-10-15,17.530000686645508,15.108534812927246
2015-10-16,17.540000915527344,15.117155075073242
2015-10-19,17.350000381469727,14.953399658203125
2015-10-20,17.309999465942383,14.918922424316406
2015-10-21,17.209999084472656,14.832736015319824
2015-10-22,17.31999969482422,14.927542686462402
2015-10-23,17.270000457763672,14.884450912475586
2015-10-26,17.309999465942383,14.918922424316406
2015-10-27,17.18000030517578,14.80688190460205
2015-10-28,17.170000076293945,14.798262596130371
2015-10-29,17.149999618530273,14.781025886535645
2015-10-30,17.239999771118164,14.858593940734863
2015-11-02,17.270000457763672,14.884450912475586
2015-11-03,17.440000534057617,15.030966758728027
2015-11-04,17.309999465942383,14.918922424316406
2015-11-05,17.270000457763672,14.884450912475586
2015-11-06,17.09000015258789,14.729313850402832
2015-11-09,17.06999969482422,14.712075233459473
2015-11-10,17.059999465942383,14.70345687866211
2015-11-11,17.110000610351562,14.746548652648926
2015-11-12,17.049999237060547,14.694838523864746
2015-11-13,16.950000762939453,14.60865306854248
2015-11-16,16.969999313354492,14.62588882446289
2015-11-17,16.959999084472656,14.617270469665527
2015-11-18,16.989999771118164,14.643126487731934
2015-11-19,17.1200008392334,14.755169868469238
2015-11-20,17.170000076293945,14.798262596130371
2015-11-23,17.100000381469727,14.737933158874512
2015-11-24,17.15999984741211,14.789644241333008
2015-11-25,17.110000610351562,14.746548652648926
2015-11-27,17.020000457763672,14.668985366821289
2015-11-30,16.899999618530273,14.565559387207031
2015-12-01,16.989999771118164,14.643126487731934
2015-12-02,16.950000762939453,14.60865306854248
2015-12-03,16.969999313354492,14.62588882446289
2015-12-04,17.0,14.651747703552246
2015-12-07,16.84000015258789,14.513847351074219
2015-12-08,16.799999237060547,14.47937297821045
2015-12-09,16.81999969482422,14.496609687805176
2015-12-10,16.760000228881836,14.444897651672363
2015-12-11,16.59000015258789,14.298379898071289
2015-12-14,16.600000381469727,14.307000160217285
2015-12-15,16.739999771118164,14.427660942077637
2015-12-16,16.75,14.436279296875
2015-12-17,16.690000534057617,14.384567260742188
2015-12-18,16.719999313354492,14.410422325134277
2015-12-21,16.739999771118164,14.427660942077637
2015-12-22,16.770000457763672,14.453516960144043
2015-12-23,16.81999969482422,14.496609687805176
2015-12-24,16.860000610351562,14.531085014343262
2015-12-28,16.84000015258789,14.513847351074219
2015-12-29,16.81999969482422,14.496609687805176
2015-12-30,16.719999313354492,14.410422325134277
2015-12-31,16.799999237060547,14.47937297821045
2016-01-04,16.6200008392334,14.324236869812012
2016-01-05,16.6299991607666,14.332853317260742
2016-01-06,16.530000686645508,14.246668815612793
2016-01-07,16.469999313354492,14.194953918457031
2016-01-08,16.40999984741211,14.143244743347168
2016-01-11,16.350000381469727,14.091532707214355
2016-01-12,16.329999923706055,14.074295043945312
2016-01-13,16.3799991607666,14.117387771606445
2016-01-14,16.34000015258789,14.082914352416992
2016-01-15,16.229999542236328,13.988106727600098
2016-01-19,16.25,14.00534439086914
2016-01-20,16.15999984741211,13.927776336669922
2016-01-21,16.190000534057617,13.953633308410645
2016-01-22,16.329999923706055,14.074295043945312
2016-01-25,16.209999084472656,13.970869064331055
2016-01-26,16.3700008392334,14.108769416809082
2016-01-27,16.329999923706055,14.074295043945312
2016-01-28,16.469999313354492,14.194953918457031
2016-01-29,16.510000228881836,14.229430198669434
2016-02-01,16.559999465942383,14.272522926330566
2016-02-02,16.360000610351562,14.100151062011719
2016-02-03,16.520000457763672,14.23805046081543
2016-02-04,16.670000076293945,14.367329597473145
2016-02-05,16.6200008392334,14.324236869812012
2016-02-08,16.559999465942383,14.272522926330566
2016-02-09,16.559999465942383,14.272522926330566
2016-02-10,16.6200008392334,14.324236869812012
2016-02-11,16.579999923706055,14.289761543273926
2016-02-12,16.600000381469727,14.307000160217285
2016-02-16,16.489999771118164,14.21219253540039
2016-02-17,16.670000076293945,14.367329597473145
2016-02-18,16.6299991607666,14.332853317260742
2016-02-19,16.639999389648438,14.341471672058105
2016-02-22,16.760000228881836,14.444897651672363
2016-02-23,16.729999542236328,14.41904067993164
2016-02-24,16.719999313354492,14.410422325134277
2016-02-25,16.729999542236328,14.41904067993164
2016-02-26,16.579999923706055,14.289761543273926
2016-02-29,16.690000534057617,14.384567260742188
2016-03-01,16.8700008392334,14.539703369140625
2016-03-02,16.950000762939453,14.60865306854248
2016-03-03,17.049999237060547,14.694838523864746
2016-03-04,17.200000762939453,14.824117660522461
2016-03-07,17.190000534057617,14.815499305725098
2016-03-08,17.100000381469727,14.737933158874512
2016-03-09,17.219999313354492,14.84135627746582
2016-03-10,17.18000030517578,14.80688190460205
2016-03-11,17.350000381469727,14.953399658203125
2016-03-14,17.229999542236328,14.84997272491455
2016-03-15,17.110000610351562,14.746548652648926
2016-03-16,17.34000015258789,14.944782257080078
2016-03-17,17.56999969482422,15.143007278442383
2016-03-18,17.530000686645508,15.108534812927246
2016-03-21,17.579999923706055,15.151629447937012
2016-03-22,17.579999923706055,15.151629447937012
2016-03-23,17.420000076293945,15.013731956481934
2016-03-24,17.43000030517578,15.022348403930664
2016-03-28,17.479999542236328,15.065442085266113
2016-03-29,17.520000457763672,15.099918365478516
2016-03-30,17.65999984741211,15.220579147338867
2016-03-31,17.739999771118164,15.289527893066406
2016-04-01,17.739999771118164,15.289527893066406
2016-04-04,17.670000076293945,15.229196548461914
2016-04-05,17.510000228881836,15.091297149658203
2016-04-06,17.559999465942383,15.134390830993652
2016-04-07,17.469999313354492,15.056822776794434
2016-04-08,17.610000610351562,15.177484512329102
2016-04-11,17.760000228881836,15.306767463684082
2016-04-12,17.84000015258789,15.375715255737305
2016-04-13,17.780000686645508,15.324003219604492
2016-04-14,17.81999969482422,15.358477592468262
2016-04-15,17.729999542236328,15.280906677246094
2016-04-18,17.850000381469727,15.384332656860352
2016-04-19,17.90999984741211,15.43604564666748
2016-04-20,17.979999542236328,15.49637508392334
2016-04-21,17.799999237060547,15.341238975524902
2016-04-22,17.729999542236328,15.280906677246094
2016-04-25,17.690000534057617,15.24643325805664
2016-04-26,17.829999923706055,15.367098808288574
2016-04-27,17.729999542236328,15.280906677246094
2016-04-28,17.93000030517578,15.453282356262207
2016-04-29,17.989999771118164,15.504995346069336
2016-05-02,18.040000915527344,15.548086166381836
2016-05-03,17.770000457763672,15.31538200378418
2016-05-04,17.65999984741211,15.220579147338867
2016-05-05,17.639999389648438,15.203341484069824
2016-05-06,17.700000762939453,15.255054473876953
2016-05-09,17.5,15.08267879486084
2016-05-10,17.520000457763672,15.099918365478516
2016-05-11,17.729999542236328,15.280906677246094
2016-05-12,17.6200008392334,15.186101913452148
2016-05-13,17.579999923706055,15.151629447937012
2016-05-16,17.530000686645508,15.108534812927246
2016-05-17,17.540000915527344,15.117155075073242
2016-05-18,17.3799991607666,14.979252815246582
2016-05-19,17.25,14.867210388183594
2016-05-20,17.34000015258789,14.944782257080078
2016-05-23,17.299999237060547,14.910304069519043
2016-05-24,17.34000015258789,14.944782257080078
2016-05-25,17.329999923706055,14.93616008758545
2016-05-26,17.360000610351562,14.962018013000488
2016-05-27,17.399999618530273,14.996492385864258
2016-05-31,17.280000686645508,14.893068313598633
2016-06-01,17.270000457763672,14.884450912475586
2016-06-02,17.270000457763672,14.884450912475586
2016-06-03,17.530000686645508,15.108534812927246
2016-06-06,17.700000762939453,15.255054473876953
2016-06-07,17.799999237060547,15.341238975524902
2016-06-08,17.8700008392334,15.401570320129395
2016-06-09,17.81999969482422,15.358477592468262
2016-06-10,17.65999984741211,15.220579147338867
2016-06-13,17.56999969482422,15.143007278442383
2016-06-14,17.510000228881836,15.091297149658203
2016-06-15,17.579999923706055,15.151629447937012
2016-06-16,17.510000228881836,15.091297149658203
2016-06-17,17.6200008392334,15.186101913452148
2016-06-20,17.729999542236328,15.280906677246094
2016-06-21,17.729999542236328,15.280906677246094
2016-06-22,17.790000915527344,15.332621574401855
2016-06-23,17.90999984741211,15.43604564666748
2016-06-24,17.59000015258789,15.160248756408691
2016-06-27,17.520000457763672,15.099918365478516
2016-06-28,17.760000228881836,15.306767463684082
2016-06-29,17.780000686645508,15.324003219604492
2016-06-30,17.8799991607666,15.410186767578125
2016-07-01,18.020000457763672,15.530848503112793
2016-07-05,17.799999237060547,15.341238975524902
2016-07-06,17.700000762939453,15.255054473876953
2016-07-07,17.639999389648438,15.203341484069824
2016-07-08,17.920000076293945,15.444662094116211
2016-07-11,17.809999465942383,15.349859237670898
2016-07-12,18.010000228881836,15.522231101989746
2016-07-13,17.93000030517578,15.453282356262207
2016-07-14,18.079999923706055,15.582562446594238
2016-07-15,18.049999237060547,15.556706428527832
2016-07-18,17.989999771118164,15.504995346069336
2016-07-19,17.860000610351562,15.392951011657715
2016-07-20,17.950000762939453,15.47052001953125
2016-07-21,17.860000610351562,15.392951011657715
2016-07-22,17.860000610351562,15.392951011657715
2016-07-25,17.829999923706055,15.367098808288574
2016-07-26,17.790000915527344,15.332621574401855
2016-07-27,17.90999984741211,15.43604564666748
2016-07-28,17.829999923706055,15.367098808288574
2016-07-29,17.969999313354492,15.48775577545166
2016-08-01,17.889999389648438,15.418807983398438
2016-08-02,17.969999313354492,15.48775577545166
2016-08-03,17.850000381469727,15.384332656860352
2016-08-04,17.93000030517578,15.453282356262207
2016-08-05,18.040000915527344,15.548086166381836
2016-08-08,18.1299991607666,15.625655174255371
2016-08-09,18.170000076293945,15.660131454467773
2016-08-10,18.270000457763672,15.746315956115723
2016-08-11,18.299999237060547,15.772172927856445
2016-08-12,18.280000686645508,15.754935264587402
2016-08-15,18.389999389648438,15.84974193572998
2016-08-16,18.459999084472656,15.91007137298584
2016-08-17,18.280000686645508,15.754935264587402
2016-08-18,18.399999618530273,15.858358383178711
2016-08-19,18.389999389648438,15.84974193572998
2016-08-22,18.239999771118164,15.72046184539795
2016-08-23,18.1299991607666,15.625655174255371
2016-08-24,18.149999618530273,15.642892837524414
2016-08-25,18.18000030517578,15.66874885559082
2016-08-26,18.100000381469727,15.599798202514648
2016-08-29,18.040000915527344,15.548086166381836
2016-08-30,18.049999237060547,15.556706428527832
2016-08-31,17.920000076293945,15.444662094116211
2016-09-01,17.950000762939453,15.47052001953125
2016-09-02,18.030000686645508,15.539468765258789
2016-09-06,18.25,15.729082107543945
2016-09-07,18.34000015258789,15.806645393371582
2016-09-08,18.239999771118164,15.72046184539795
2016-09-09,18.030000686645508,15.539468765258789
2016-09-12,18.06999969482422,15.573944091796875
2016-09-13,17.899999618530273,15.427424430847168
2016-09-14,17.93000030517578,15.453282356262207
2016-09-15,18.020000457763672,15.530848503112793
2016-09-16,17.940000534057617,15.461899757385254
2016-09-19,17.979999542236328,15.49637508392334
2016-09-20,18.049999237060547,15.556706428527832
2016-09-21,18.09000015258789,15.591181755065918
2016-09-22,18.170000076293945,15.660131454467773
2016-09-23,18.200000762939453,15.685986518859863
2016-09-26,18.15999984741211,15.651511192321777
2016-09-27,18.25,15.729082107543945
2016-09-28,18.299999237060547,15.772172927856445
2016-09-29,18.149999618530273,15.642892837524414
2016-09-30,18.200000762939453,15.685986518859863
2016-10-03,18.270000457763672,15.746315956115723
2016-10-04,18.079999923706055,15.582562446594238
2016-10-05,18.1200008392334,15.617037773132324
2016-10-06,18.09000015258789,15.591181755065918
2016-10-07,18.09000015258789,15.591181755065918
2016-10-10,18.1200008392334,15.617037773132324
2016-10-11,18.030000686645508,15.539468765258789
2016-10-12,18.030000686645508,15.539468765258789
2016-10-13,18.06999969482422,15.573944091796875
2016-10-14,18.06999969482422,15.573944091796875
2016-10-17,18.030000686645508,15.539468765258789
2016-10-18,18.100000381469727,15.599798202514648
2016-10-19,18.190000534057617,15.677367210388184
2016-10-20,18.190000534057617,15.677367210388184
2016-10-21,18.110000610351562,15.608421325683594
2016-10-24,18.139999389648438,15.634271621704102
2016-10-25,18.200000762939453,15.685986518859863
2016-10-26,18.229999542236328,15.711844444274902
2016-10-27,18.06999969482422,15.573944091796875
2016-10-28,18.049999237060547,15.556706428527832
2016-10-31,18.1200008392334,15.617037773132324
2016-11-01,18.049999237060547,15.556706428527832
2016-11-02,18.079999923706055,15.582562446594238
2016-11-03,18.09000015258789,15.591181755065918
2016-11-04,18.09000015258789,15.591181755065918
2016-11-07,18.139999389648438,15.634271621704102
2016-11-08,18.229999542236328,15.711844444274902
2016-11-09,17.899999618530273,15.427424430847168
2016-11-10,17.6299991607666,15.194719314575195
2016-11-11,17.489999771118164,15.074060440063477
2016-11-14,17.389999389648438,14.987872123718262
2016-11-15,17.530000686645508,15.108534812927246
2016-11-16,17.329999923706055,14.93616008758545
2016-11-17,17.350000381469727,14.953399658203125
2016-11-18,17.31999969482422,14.927542686462402
2016-11-21,17.40999984741211,15.005111694335938
2016-11-22,17.420000076293945,15.013731956481934
2016-11-23,17.219999313354492,14.84135627746582
2016-11-25,17.290000915527344,14.901687622070312
2016-11-28,17.40999984741211,15.005111694335938
2016-11-29,17.31999969482422,14.927542686462402
2016-11-30,17.329999923706055,14.93616008758545
2016-12-01,17.309999465942383,14.918922424316406
2016-12-02,17.3700008392334,14.970636367797852
2016-12-05,17.440000534057617,15.030966758728027
2016-12-06,17.5,15.08267879486084
2016-12-07,17.579999923706055,15.151629447937012
2016-12-08,17.489999771118164,15.074060440063477
2016-12-09,17.5,15.08267879486084
2016-12-12,17.639999389648438,15.203341484069824
2016-12-13,17.6299991607666,15.194719314575195
2016-12-14,17.549999237060547,15.125770568847656
2016-12-15,17.40999984741211,15.005111694335938
2016-12-16,17.360000610351562,14.962018013000488
2016-12-19,17.440000534057617,15.030966758728027
2016-12-20,17.440000534057617,15.030966758728027
2016-12-21,17.459999084472656,15.04820442199707
2016-12-22,17.459999084472656,15.04820442199707
2016-12-23,17.489999771118164,15.074060440063477
2016-12-27,17.43000030517578,15.022348403930664
2016-12-28,17.459999084472656,15.04820442199707
2016-12-29,17.540000915527344,15.117155075073242
2016-12-30,17.489999771118164,15.074060440063477
2017-01-03,17.399999618530273,14.996492385864258
2017-01-04,17.540000915527344,15.117155075073242
2017-01-05,17.68000030517578,15.23781681060791
2017-01-06,17.600000381469727,15.168865203857422
2017-01-09,17.6200008392334,15.186101913452148
2017-01-10,17.530000686645508,15.108534812927246
2017-01-11,17.520000457763672,15.099918365478516
2017-01-12,17.690000534057617,15.24643325805664
2017-01-13,17.6299991607666,15.194719314575195
2017-01-17,17.700000762939453,15.255054473876953
2017-01-18,17.6299991607666,15.194719314575195
2017-01-19,17.65999984741211,15.220579147338867
2017-01-20,17.670000076293945,15.229196548461914
2017-01-23,17.780000686645508,15.324003219604492
2017-01-24,17.790000915527344,15.332621574401855
2017-01-25,17.809999465942383,15.349859237670898
2017-01-26,17.690000534057617,15.24643325805664
2017-01-27,17.75,15.298144340515137
2017-01-30,17.809999465942383,15.349859237670898
2017-01-31,17.8700008392334,15.401570320129395
2017-02-01,17.889999389648438,15.418807983398438
2017-02-02,17.979999542236328,15.49637508392334
2017-02-03,18.010000228881836,15.522231101989746
2017-02-06,18.020000457763672,15.530848503112793
2017-02-07,18.059999465942383,15.565324783325195
2017-02-08,17.920000076293945,15.444662094116211
2017-02-09,17.940000534057617,15.461899757385254
2017-02-10,18.040000915527344,15.548086166381836
2017-02-13,18.049999237060547,15.556706428527832
2017-02-14,18.100000381469727,15.599798202514648
2017-02-15,18.149999618530273,15.642892837524414
2017-02-16,18.110000610351562,15.608421325683594
2017-02-17,18.040000915527344,15.548086166381836
2017-02-21,18.079999923706055,15.582562446594238
2017-02-22,18.139999389648438,15.634271621704102
2017-02-23,18.229999542236328,15.711844444274902
2017-02-24,18.139999389648438,15.634271621704102
2017-02-27,18.170000076293945,15.660131454467773
2017-02-28,18.110000610351562,15.608421325683594
2017-03-01,18.100000381469727,15.599798202514648
2017-03-02,17.920000076293945,15.444662094116211
2017-03-03,18.100000381469727,15.599798202514648
2017-03-06,18.030000686645508,15.539468765258789
2017-03-07,18.06999969482422,15.573944091796875
2017-03-08,17.979999542236328,15.49637508392334
2017-03-09,17.8700008392334,15.401570320129395
2017-03-10,17.969999313354492,15.48775577545166
2017-03-13,17.979999542236328,15.49637508392334
2017-03-14,18.040000915527344,15.548086166381836
2017-03-15,18.209999084472656,15.694604873657227
2017-03-16,18.280000686645508,15.754935264587402
2017-03-17,18.290000915527344,15.763555526733398
2017-03-20,18.3799991607666,15.8411226272583
2017-03-21,18.31999969482422,15.789409637451172
2017-03-22,18.3799991607666,15.8411226272583
2017-03-23,18.3700008392334,15.83250617980957
2017-03-24,18.43000030517578,15.88421630859375
2017-03-27,18.389999389648438,15.84974193572998
2017-03-28,18.350000381469727,15.815268516540527
2017-03-29,18.40999984741211,15.866979598999023
2017-03-30,18.420000076293945,15.875597953796387
2017-03-31,18.34000015258789,15.806645393371582
2017-04-03,18.360000610351562,15.823884963989258
2017-04-04,18.34000015258789,15.806645393371582
2017-04-05,18.290000915527344,15.763555526733398
2017-04-06,18.290000915527344,15.763555526733398
2017-04-07,18.280000686645508,15.754935264587402
2017-04-10,18.270000457763672,15.746315956115723
2017-04-11,18.270000457763672,15.746315956115723
2017-04-12,18.3700008392334,15.83250617980957
2017-04-13,18.399999618530273,15.858358383178711
2017-04-17,18.479999542236328,15.927310943603516
2017-04-18,18.479999542236328,15.927310943603516
2017-04-19,18.420000076293945,15.875597953796387
2017-04-20,18.43000030517578,15.88421630859375
2017-04-21,18.399999618530273,15.858358383178711
2017-04-24,18.540000915527344,15.979022026062012
2017-04-25,18.510000228881836,15.953165054321289
2017-04-26,18.389999389648438,15.84974193572998
2017-04-27,18.3799991607666,15.8411226272583
2017-04-28,18.389999389648438,15.84974193572998
2017-05-01,18.43000030517578,15.88421630859375
2017-05-02,18.469999313354492,15.918691635131836
2017-05-03,18.450000762939453,15.901453971862793
2017-05-04,18.389999389648438,15.84974193572998
2017-05-05,18.40999984741211,15.866979598999023
2017-05-08,18.3700008392334,15.83250617980957
2017-05-09,18.280000686645508,15.754935264587402
2017-05-10,18.389999389648438,15.84974193572998
2017-05-11,18.459999084472656,15.91007137298584
2017-05-12,18.510000228881836,15.953165054321289
2017-05-15,18.600000381469727,16.03073501586914
2017-05-16,18.670000076293945,16.091062545776367
2017-05-17,18.59000015258789,16.02211570739746
2017-05-18,18.399999618530273,15.858358383178711
2017-05-19,18.59000015258789,16.02211570739746
2017-05-22,18.59000015258789,16.02211570739746
2017-05-23,18.59000015258789,16.02211570739746
2017-05-24,18.649999618530273,16.073827743530273
2017-05-25,18.639999389648438,16.065210342407227
2017-05-26,18.649999618530273,16.073827743530273
2017-05-30,18.610000610351562,16.039352416992188
2017-05-31,18.68000030517578,16.099679946899414
2017-06-01,18.719999313354492,16.1341552734375
2017-06-02,18.760000228881836,16.168630599975586
2017-06-05,18.790000915527344,16.194488525390625
2017-06-06,18.790000915527344,16.194488525390625
2017-06-07,18.719999313354492,16.1341552734375
2017-06-08,18.760000228881836,16.168630599975586
2017-06-09,18.719999313354492,16.1341552734375
2017-06-12,18.729999542236328,16.14277458190918
2017-06-13,18.760000228881836,16.168630599975586
2017-06-14,18.809999465942383,16.21172332763672
2017-06-15,18.719999313354492,16.1341552734375
2017-06-16,18.760000228881836,16.168630599975586
2017-06-19,18.690000534057617,16.108299255371094
2017-06-20,18.559999465942383,15.996257781982422
2017-06-21,18.520000457763672,15.961786270141602
2017-06-22,18.579999923706055,16.01349639892578
2017-06-23,18.639999389648438,16.065210342407227
2017-06-26,18.700000762939453,16.116920471191406
2017-06-27,18.639999389648438,16.065210342407227
2017-06-28,18.65999984741211,16.08244514465332
2017-06-29,18.6200008392334,16.047971725463867
2017-06-30,18.649999618530273,16.073827743530273
2017-07-03,18.559999465942383,15.996257781982422
2017-07-05,18.479999542236328,15.927310943603516
2017-07-06,18.489999771118164,15.935929298400879
2017-07-07,18.5,15.944548606872559
2017-07-10,18.530000686645508,15.970404624938965
2017-07-11,18.520000457763672,15.961786270141602
2017-07-12,18.649999618530273,16.073827743530273
2017-07-13,18.709999084472656,16.125537872314453
2017-07-14,18.850000381469727,16.246200561523438
2017-07-17,18.829999923706055,16.228961944580078
2017-07-18,18.899999618530273,16.289295196533203
2017-07-19,18.8700008392334,16.263437271118164
2017-07-20,18.920000076293945,16.306529998779297
2017-07-21,18.93000030517578,16.315149307250977
2017-07-24,18.889999389648438,16.280675888061523
2017-07-25,18.81999969482422,16.22034454345703
2017-07-26,18.940000534057617,16.323766708374023
2017-07-27,18.899999618530273,16.289295196533203
2017-07-28,18.920000076293945,16.306529998779297
2017-07-31,18.969999313354492,16.349624633789062
2017-08-01,18.920000076293945,16.306529998779297
2017-08-02,18.920000076293945,16.306529998779297
2017-08-03,18.959999084472656,16.34100341796875
2017-08-04,18.950000762939453,16.332387924194336
2017-08-07,18.93000030517578,16.315149307250977
2017-08-08,18.920000076293945,16.306529998779297
2017-08-09,18.860000610351562,16.254817962646484
2017-08-10,18.850000381469727,16.246200561523438
2017-08-11,18.829999923706055,16.228961944580078
2017-08-14,18.899999618530273,16.289295196533203
2017-08-15,18.84000015258789,16.237579345703125
2017-08-16,18.93000030517578,16.315149307250977
2017-08-17,18.8799991607666,16.27205467224121
2017-08-18,18.889999389648438,16.280675888061523
2017-08-21,18.969999313354492,16.349624633789062
2017-08-22,18.969999313354492,16.349624633789062
2017-08-23,19.020000457763672,16.392717361450195
2017-08-24,19.049999237060547,16.4185733795166
2017-08-25,19.149999618530273,16.5047607421875
2017-08-28,19.1299991607666,16.48752212524414
2017-08-29,19.139999389648438,16.49614143371582
2017-08-30,19.149999618530273,16.5047607421875
2017-08-31,19.139999389648438,16.49614143371582
2017-09-01,19.170000076293945,16.52199935913086
2017-09-05,19.190000534057617,16.53923797607422
2017-09-06,19.270000457763672,16.608186721801758
2017-09-07,19.350000381469727,16.677133560180664
2017-09-08,19.31999969482422,16.65127944946289
2017-09-11,19.309999465942383,16.64266014099121
2017-09-12,19.260000228881836,16.599565505981445
2017-09-13,19.239999771118164,16.58232879638672
2017-09-14,19.219999313354492,16.56509017944336
2017-09-15,19.280000686645508,16.616802215576172
2017-09-18,19.200000762939453,16.547853469848633
2017-09-19,19.18000030517578,16.530616760253906
2017-09-20,19.18000030517578,16.530616760253906
2017-09-21,19.18000030517578,16.530616760253906
2017-09-22,19.239999771118164,16.58232879638672
2017-09-25,19.1299991607666,16.48752212524414
2017-09-26,19.040000915527344,16.409955978393555
2017-09-27,18.959999084472656,16.34100341796875
2017-09-28,18.950000762939453,16.332387924194336
2017-09-29,18.969999313354492,16.349624633789062
2017-10-02,18.899999618530273,16.289295196533203
2017-10-03,18.899999618530273,16.289295196533203
2017-10-04,18.969999313354492,16.349624633789062
2017-10-05,18.950000762939453,16.332387924194336
2017-10-06,18.889999389648438,16.280675888061523
2017-10-09,18.860000610351562,16.254817962646484
2017-10-10,18.899999618530273,16.289295196533203
2017-10-11,18.979999542236328,16.358240127563477
2017-10-12,18.850000381469727,16.246200561523438
2017-10-13,19.059999465942383,16.42719268798828
2017-10-16,19.030000686645508,16.401336669921875
2017-10-17,18.989999771118164,16.36686134338379
2017-10-18,18.979999542236328,16.358240127563477
2017-10-19,18.979999542236328,16.358240127563477
2017-10-20,18.969999313354492,16.349624633789062
2017-10-23,18.8799991607666,16.27205467224121
2017-10-24,18.84000015258789,16.237579345703125
2017-10-25,18.790000915527344,16.194488525390625
2017-10-26,18.690000534057617,16.108299255371094
2017-10-27,18.790000915527344,16.194488525390625
2017-10-30,18.75,16.16001319885254
2017-10-31,18.829999923706055,16.228961944580078
2017-11-01,18.790000915527344,16.194488525390625
2017-11-02,18.829999923706055,16.228961944580078
2017-11-03,18.729999542236328,16.14277458190918
2017-11-06,18.84000015258789,16.237579345703125
2017-11-07,18.739999771118164,16.15139389038086
2017-11-08,18.850000381469727,16.246200561523438
2017-11-09,18.780000686645508,16.185869216918945
2017-11-10,18.760000228881836,16.168630599975586
2017-11-13,18.770000457763672,16.1772518157959
2017-11-14,18.809999465942383,16.21172332763672
2017-11-15,18.84000015258789,16.237579345703125
2017-11-16,18.889999389648438,16.280675888061523
2017-11-17,18.940000534057617,16.323766708374023
2017-11-20,18.899999618530273,16.289295196533203
2017-11-21,19.030000686645508,16.401336669921875
2017-11-22,19.149999618530273,16.5047607421875
2017-11-24,19.1299991607666,16.48752212524414
2017-11-27,19.149999618530273,16.5047607421875
2017-11-28,19.15999984741211,16.513378143310547
2017-11-29,19.1299991607666,16.48752212524414
2017-11-30,19.1299991607666,16.48752212524414
2017-12-01,19.170000076293945,16.52199935913086
2017-12-04,19.190000534057617,16.53923797607422
2017-12-05,19.079999923706055,16.444427490234375
2017-12-06,19.1299991607666,16.48752212524414
2017-12-07,19.049999237060547,16.4185733795166
2017-12-08,19.049999237060547,16.4185733795166
2017-12-11,19.100000381469727,16.4616641998291
2017-12-12,19.0,16.37548065185547
2017-12-13,19.06999969482422,16.43581199645996
2017-12-14,19.06999969482422,16.43581199645996
2017-12-15,19.1299991607666,16.48752212524414
2017-12-18,19.229999542236328,16.573711395263672
2017-12-19,19.239999771118164,16.58232879638672
2017-12-20,19.25,16.590946197509766
2017-12-21,19.239999771118164,16.58232879638672
2017-12-22,19.25,16.590946197509766
2017-12-26,19.309999465942383,16.64266014099121
2017-12-27,19.309999465942383,16.64266014099121
2017-12-28,19.389999389648438,16.71160888671875
2017-12-29,19.43000030517578,16.746082305908203
2018-01-02,19.579999923706055,16.875362396240234
2018-01-03,19.6200008392334,16.90983772277832
2018-01-04,19.690000534057617,16.970169067382812
2018-01-05,19.68000030517578,16.961549758911133
2018-01-08,19.6299991607666,16.918455123901367
2018-01-09,19.600000381469727,16.892602920532227
2018-01-10,19.610000610351562,16.90121841430664
2018-01-11,19.719999313354492,16.99602508544922
2018-01-12,19.770000457763672,17.03911781311035
2018-01-16,19.770000457763672,17.03911781311035
2018-01-17,19.790000915527344,17.05635643005371
2018-01-18,19.780000686645508,17.047739028930664
2018-01-19,19.809999465942383,17.073593139648438
2018-01-22,19.850000381469727,17.108068466186523
2018-01-23,19.799999237060547,17.064973831176758
2018-01-24,19.959999084472656,17.2028751373291
2018-01-25,20.010000228881836,17.245967864990234
2018-01-26,20.040000915527344,17.27182388305664
2018-01-29,19.889999389648438,17.142541885375977
2018-01-30,19.8799991607666,17.13392448425293
2018-01-31,19.989999771118164,17.228727340698242
2018-02-01,20.0,17.237350463867188
2018-02-02,19.850000381469727,17.108068466186523
2018-02-05,19.790000915527344,17.05635643005371
2018-02-06,19.899999618530273,17.151161193847656
2018-02-07,19.760000228881836,17.030498504638672
2018-02-08,19.6200008392334,16.90983772277832
2018-02-09,19.6200008392334,16.90983772277832
2018-02-12,19.780000686645508,17.047739028930664
2018-02-13,19.75,17.021879196166992
2018-02-14,19.899999618530273,17.151161193847656
2018-02-15,20.030000686645508,17.26320457458496
2018-02-16,19.989999771118164,17.228727340698242
2018-02-20,19.90999984741211,17.159778594970703
2018-02-21,19.899999618530273,17.151161193847656
2018-02-22,19.899999618530273,17.151161193847656
2018-02-23,19.920000076293945,17.168397903442383
2018-02-26,19.989999771118164,17.228727340698242
2018-02-27,19.790000915527344,17.05635643005371
2018-02-28,19.809999465942383,17.073593139648438
2018-03-01,19.729999542236328,17.0046443939209
2018-03-02,19.809999465942383,17.073593139648438
2018-03-05,19.860000610351562,17.116689682006836
2018-03-06,19.93000030517578,17.177017211914062
2018-03-07,19.8799991607666,17.13392448425293
2018-03-08,19.75,17.021879196166992
2018-03-09,19.860000610351562,17.116689682006836
2018-03-12,19.850000381469727,17.108068466186523
2018-03-13,19.8700008392334,17.125303268432617
2018-03-14,19.889999389648438,17.142541885375977
2018-03-15,19.790000915527344,17.05635643005371
2018-03-16,19.790000915527344,17.05635643005371
2018-03-19,19.729999542236328,17.0046443939209
2018-03-20,19.75,17.021879196166992
2018-03-21,19.8799991607666,17.13392448425293
2018-03-22,19.799999237060547,17.064973831176758
2018-03-23,19.739999771118164,17.013259887695312
2018-03-26,19.889999389648438,17.142541885375977
2018-03-27,19.889999389648438,17.142541885375977
2018-03-28,19.889999389648438,17.142541885375977
2018-03-29,19.899999618530273,17.151161193847656
2018-04-02,19.8799991607666,17.13392448425293
2018-04-03,19.940000534057617,17.185636520385742
2018-04-04,19.899999618530273,17.151161193847656
2018-04-05,19.899999618530273,17.151161193847656
2018-04-06,19.760000228881836,17.030498504638672
2018-04-09,19.68000030517578,16.961549758911133
2018-04-10,19.719999313354492,16.99602508544922
2018-04-11,19.709999084472656,16.987407684326172
2018-04-12,19.729999542236328,17.0046443939209
2018-04-13,19.75,17.021879196166992
2018-04-16,19.770000457763672,17.03911781311035
2018-04-17,19.75,17.021879196166992
2018-04-18,19.829999923706055,17.090829849243164
2018-04-19,19.760000228881836,17.030498504638672
2018-04-20,19.68000030517578,16.961549758911133
2018-04-23,19.5,16.80640983581543
2018-04-24,19.600000381469727,16.892602920532227
2018-04-25,19.43000030517578,16.746082305908203
2018-04-26,19.440000534057617,16.754701614379883
2018-04-27,19.540000915527344,16.84088897705078
2018-04-30,19.459999084472656,16.771936416625977
2018-05-01,19.3700008392334,16.694372177124023
2018-05-02,19.280000686645508,16.616802215576172
2018-05-03,19.280000686645508,16.616802215576172
2018-05-04,19.290000915527344,16.625425338745117
2018-05-07,19.170000076293945,16.52199935913086
2018-05-08,19.06999969482422,16.43581199645996
2018-05-09,19.079999923706055,16.444427490234375
2018-05-10,19.260000228881836,16.599565505981445
2018-05-11,19.229999542236328,16.573711395263672
2018-05-14,19.25,16.590946197509766
2018-05-15,19.040000915527344,16.409955978393555
2018-05-16,19.100000381469727,16.4616641998291
2018-05-17,19.010000228881836,16.38409996032715
2018-05-18,18.940000534057617,16.323766708374023
2018-05-21,18.950000762939453,16.332387924194336
2018-05-22,19.06999969482422,16.43581199645996
2018-05-23,19.100000381469727,16.4616641998291
2018-05-24,19.010000228881836,16.38409996032715
2018-05-25,19.020000457763672,16.392717361450195
2018-05-29,18.8700008392334,16.263437271118164
2018-05-30,19.030000686645508,16.401336669921875
2018-05-31,18.969999313354492,16.349624633789062
2018-06-01,18.950000762939453,16.332387924194336
2018-06-04,19.040000915527344,16.409955978393555
2018-06-05,19.0,16.37548065185547
2018-06-06,19.09000015258789,16.453046798706055
2018-06-07,18.920000076293945,16.306529998779297
2018-06-08,19.010000228881836,16.38409996032715
2018-06-11,18.90999984741211,16.29791259765625
2018-06-12,18.84000015258789,16.237579345703125
2018-06-13,18.920000076293945,16.306529998779297
2018-06-14,18.809999465942383,16.21172332763672
2018-06-15,18.729999542236328,16.14277458190918
2018-06-18,18.75,16.16001319885254
2018-06-19,18.6299991607666,16.056589126586914
2018-06-20,18.6200008392334,16.047971725463867
2018-06-21,18.649999618530273,16.073827743530273
2018-06-22,18.719999313354492,16.1341552734375
2018-06-25,18.649999618530273,16.073827743530273
2018-06-26,18.670000076293945,16.091062545776367
2018-06-27,18.479999542236328,15.927310943603516
2018-06-28,18.510000228881836,15.953165054321289
2018-06-29,18.56999969482422,16.0048770904541
2018-07-02,18.459999084472656,15.91007137298584
2018-07-03,18.520000457763672,15.961786270141602
2018-07-05,18.59000015258789,16.02211570739746
2018-07-06,18.65999984741211,16.08244514465332
2018-07-09,18.690000534057617,16.108299255371094
2018-07-10,18.770000457763672,16.1772518157959
2018-07-11,18.729999542236328,16.14277458190918
2018-07-12,18.670000076293945,16.091062545776367
2018-07-13,18.649999618530273,16.073827743530273
2018-07-16,18.670000076293945,16.091062545776367
2018-07-17,18.65999984741211,16.08244514465332
2018-07-18,18.700000762939453,16.116920471191406
2018-07-19,18.510000228881836,15.953165054321289
2018-07-20,18.6200008392334,16.047971725463867
2018-07-23,18.579999923706055,16.01349639892578
2018-07-24,18.639999389648438,16.065210342407227
2018-07-25,18.760000228881836,16.168630599975586
2018-07-26,18.690000534057617,16.108299255371094
2018-07-27,18.719999313354492,16.1341552734375
2018-07-30,18.75,16.16001319885254
2018-07-31,18.809999465942383,16.21172332763672
2018-08-01,18.700000762939453,16.116920471191406
2018-08-02,18.639999389648438,16.065210342407227
2018-08-03,18.639999389648438,16.065210342407227
2018-08-06,18.610000610351562,16.039352416992188
2018-08-07,18.6200008392334,16.047971725463867
2018-08-08,18.610000610351562,16.039352416992188
2018-08-09,18.469999313354492,15.918691635131836
2018-08-10,18.18000030517578,15.66874885559082
2018-08-13,17.889999389648438,15.418807983398438
2018-08-14,18.059999465942383,15.565324783325195
2018-08-15,17.989999771118164,15.504995346069336
2018-08-16,18.049999237060547,15.556706428527832
2018-08-17,18.059999465942383,15.565324783325195
2018-08-20,18.139999389648438,15.634271621704102
2018-08-21,18.15999984741211,15.651511192321777
2018-08-22,18.15999984741211,15.651511192321777
2018-08-23,18.040000915527344,15.548086166381836
2018-08-24,18.1299991607666,15.625655174255371
2018-08-27,18.229999542236328,15.711844444274902
2018-08-28,18.09000015258789,15.591181755065918
2018-08-29,18.040000915527344,15.548086166381836
2018-08-30,17.850000381469727,15.384332656860352
2018-08-31,17.93000030517578,15.453282356262207
2018-09-04,17.75,15.298144340515137
2018-09-05,17.739999771118164,15.289527893066406
2018-09-06,17.75,15.298144340515137
2018-09-07,17.729999542236328,15.280906677246094
2018-09-10,17.719999313354492,15.272290229797363
2018-09-11,17.780000686645508,15.324003219604492
2018-09-12,17.8799991607666,15.410186767578125
2018-09-13,17.950000762939453,15.47052001953125
2018-09-14,17.969999313354492,15.48775577545166
2018-09-17,17.969999313354492,15.48775577545166
2018-09-18,17.950000762939453,15.47052001953125
2018-09-19,18.020000457763672,15.530848503112793
2018-09-20,18.139999389648438,15.634271621704102
2018-09-21,18.1200008392334,15.617037773132324
2018-09-24,18.1200008392334,15.617037773132324
2018-09-25,18.079999923706055,15.582562446594238
2018-09-26,18.149999618530273,15.642892837524414
2018-09-27,18.229999542236328,15.711844444274902
2018-09-28,18.219999313354492,15.703222274780273
2018-10-01,18.25,15.729082107543945
2018-10-02,18.15999984741211,15.651511192321777
2018-10-03,18.09000015258789,15.591181755065918
2018-10-04,17.959999084472656,15.479137420654297
2018-10-05,18.020000457763672,15.530848503112793
2018-10-08,18.010000228881836,15.522231101989746
2018-10-09,18.030000686645508,15.539468765258789
2018-10-10,17.920000076293945,15.444662094116211
2018-10-11,18.06999969482422,15.573944091796875
2018-10-12,18.100000381469727,15.599798202514648
2018-10-15,18.15999984741211,15.651511192321777
2018-10-16,18.329999923706055,15.798030853271484
2018-10-17,18.309999465942383,15.780791282653809
2018-10-18,18.229999542236328,15.711844444274902
2018-10-19,18.229999542236328,15.711844444274902
2018-10-22,18.190000534057617,15.677367210388184
2018-10-23,18.18000030517578,15.66874885559082
2018-10-24,18.100000381469727,15.599798202514648
2018-10-25,18.15999984741211,15.651511192321777
2018-10-26,18.139999389648438,15.634271621704102
2018-10-29,18.010000228881836,15.522231101989746
2018-10-30,18.1200008392334,15.617037773132324
2018-10-31,18.0,15.513612747192383
2018-11-01,18.190000534057617,15.677367210388184
2018-11-02,18.270000457763672,15.746315956115723
2018-11-05,18.309999465942383,15.780791282653809
2018-11-06,18.31999969482422,15.789409637451172
2018-11-07,18.270000457763672,15.746315956115723
2018-11-08,18.260000228881836,15.737699508666992
2018-11-09,18.200000762939453,15.685986518859863
2018-11-12,18.149999618530273,15.642892837524414
2018-11-13,18.110000610351562,15.608421325683594
2018-11-14,18.190000534057617,15.677367210388184
2018-11-15,18.309999465942383,15.780791282653809
2018-11-16,18.399999618530273,15.858358383178711
2018-11-19,18.399999618530273,15.858358383178711
2018-11-20,18.360000610351562,15.823884963989258
2018-11-21,18.3799991607666,15.8411226272583
2018-11-23,18.350000381469727,15.815268516540527
2018-11-26,18.290000915527344,15.763555526733398
2018-11-27,18.270000457763672,15.746315956115723
2018-11-28,18.389999389648438,15.84974193572998
2018-11-29,18.450000762939453,15.901453971862793
2018-11-30,18.420000076293945,15.875597953796387
2018-12-03,18.510000228881836,15.953165054321289
2018-12-04,18.40999984741211,15.866979598999023
2018-12-06,18.309999465942383,15.780791282653809
2018-12-07,18.399999618530273,15.858358383178711
2018-12-10,18.309999465942383,15.780791282653809
2018-12-11,18.329999923706055,15.798030853271484
2018-12-12,18.3700008392334,15.83250617980957
2018-12-13,18.360000610351562,15.823884963989258
2018-12-14,18.309999465942383,15.780791282653809
2018-12-17,18.329999923706055,15.798030853271484
2018-12-18,18.360000610351562,15.823884963989258
2018-12-19,18.40999984741211,15.866979598999023
2018-12-20,18.3799991607666,15.8411226272583
2018-12-21,18.290000915527344,15.763555526733398
2018-12-24,17.979999542236328,15.788141250610352
2018-12-26,17.959999084472656,15.770578384399414
2018-12-27,18.010000228881836,15.814484596252441
2018-12-28,18.059999465942383,15.85838794708252
2018-12-31,18.100000381469727,15.893514633178711
2019-01-02,18.110000610351562,15.90229606628418
2019-01-03,18.09000015258789,15.884734153747559
2019-01-04,18.31999969482422,16.086692810058594
2019-01-07,18.350000381469727,16.113037109375
2019-01-08,18.329999923706055,16.095474243164062
2019-01-09,18.40999984741211,16.165721893310547
2019-01-10,18.389999389648438,16.14815902709961
2019-01-11,18.389999389648438,16.14815902709961
2019-01-14,18.40999984741211,16.165721893310547
2019-01-15,18.389999389648438,16.14815902709961
2019-01-16,18.450000762939453,16.200847625732422
2019-01-17,18.43000030517578,16.183284759521484
2019-01-18,18.420000076293945,16.174503326416016
2019-01-22,18.299999237060547,16.069129943847656
2019-01-23,18.420000076293945,16.174503326416016
2019-01-24,18.43000030517578,16.183284759521484
2019-01-25,18.489999771118164,16.23596954345703
2019-01-28,18.489999771118164,16.23596954345703
2019-01-29,18.489999771118164,16.23596954345703
2019-01-30,18.610000610351562,16.341341018676758
2019-01-31,18.700000762939453,16.420372009277344
2019-02-01,18.6299991607666,16.358901977539062
2019-02-04,18.649999618530273,16.376466751098633
2019-02-05,18.65999984741211,16.38524627685547
2019-02-06,18.610000610351562,16.341341018676758
2019-02-07,18.520000457763672,16.262311935424805
2019-02-08,18.579999923706055,16.314998626708984
2019-02-11,18.489999771118164,16.23596954345703
2019-02-12,18.540000915527344,16.27987289428711
2019-02-13,18.440000534057617,16.19206428527832
2019-02-14,18.479999542236328,16.227188110351562
2019-02-15,18.5,16.244749069213867
2019-02-19,18.600000381469727,16.33255958557129
2019-02-20,18.610000610351562,16.341341018676758
2019-02-21,18.549999237060547,16.28865623474121
2019-02-22,18.610000610351562,16.341341018676758
2019-02-25,18.6299991607666,16.358901977539062
2019-02-26,18.65999984741211,16.38524627685547
2019-02-27,18.639999389648438,16.36768341064453
2019-02-28,18.579999923706055,16.314998626708984
2019-03-01,18.520000457763672,16.262311935424805
2019-03-04,18.530000686645508,16.271093368530273
2019-03-05,18.540000915527344,16.27987289428711
2019-03-06,18.479999542236328,16.227188110351562
2019-03-07,18.329999923706055,16.095474243164062
2019-03-08,18.34000015258789,16.1042537689209
2019-03-11,18.43000030517578,16.183284759521484
2019-03-12,18.43000030517578,16.183284759521484
2019-03-13,18.459999084472656,16.209627151489258
2019-03-14,18.389999389648438,16.14815902709961
2019-03-15,18.5,16.244749069213867
2019-03-18,18.540000915527344,16.27987289428711
2019-03-19,18.530000686645508,16.271093368530273
2019-03-20,18.65999984741211,16.38524627685547
2019-03-21,18.6299991607666,16.358901977539062
2019-03-22,18.3799991607666,16.13937759399414
2019-03-25,18.520000457763672,16.262311935424805
2019-03-26,18.479999542236328,16.227188110351562
2019-03-27,18.329999923706055,16.095474243164062
2019-03-28,18.309999465942383,16.077911376953125
2019-03-29,18.360000610351562,16.121816635131836
2019-04-01,18.489999771118164,16.23596954345703
2019-04-02,18.459999084472656,16.209627151489258
2019-04-03,18.510000228881836,16.25353240966797
2019-04-04,18.530000686645508,16.271093368530273
2019-04-05,18.520000457763672,16.262311935424805
2019-04-08,18.530000686645508,16.271093368530273
2019-04-09,18.520000457763672,16.262311935424805
2019-04-10,18.610000610351562,16.341341018676758
2019-04-11,18.540000915527344,16.27987289428711
2019-04-12,18.579999923706055,16.314998626708984
2019-04-15,18.530000686645508,16.271093368530273
2019-04-16,18.540000915527344,16.27987289428711
2019-04-17,18.559999465942383,16.29743766784668
2019-04-18,18.540000915527344,16.27987289428711
2019-04-22,18.530000686645508,16.271093368530273
2019-04-23,18.479999542236328,16.227188110351562
2019-04-24,18.3799991607666,16.13937759399414
2019-04-25,18.329999923706055,16.095474243164062
2019-04-26,18.389999389648438,16.14815902709961
2019-04-29,18.3799991607666,16.13937759399414
2019-04-30,18.3799991607666,16.13937759399414
2019-05-01,18.3799991607666,16.13937759399414
2019-05-02,18.31999969482422,16.086692810058594
2019-05-03,18.389999389648438,16.14815902709961
2019-05-06,18.309999465942383,16.077911376953125
2019-05-07,18.260000228881836,16.034006118774414
2019-05-08,18.260000228881836,16.034006118774414
2019-05-09,18.219999313354492,15.998883247375488
2019-05-10,18.290000915527344,16.060352325439453
2019-05-13,18.15999984741211,15.946197509765625
2019-05-14,18.239999771118164,16.01644515991211
2019-05-15,18.25,16.025224685668945
2019-05-16,18.200000762939453,15.981322288513184
2019-05-17,18.1200008392334,15.911075592041016
2019-05-20,18.149999618530273,15.937417030334473
2019-05-21,18.170000076293945,15.954980850219727
2019-05-22,18.110000610351562,15.90229606628418
2019-05-23,18.139999389648438,15.928635597229004
2019-05-24,18.209999084472656,15.99010181427002
2019-05-28,18.110000610351562,15.90229606628418
2019-05-29,18.170000076293945,15.954980850219727
2019-05-30,18.200000762939453,15.981322288513184
2019-05-31,18.239999771118164,16.01644515991211
2019-06-03,18.31999969482422,16.086692810058594
2019-06-04,18.3700008392334,16.130599975585938
2019-06-05,18.360000610351562,16.121816635131836
2019-06-06,18.3799991607666,16.13937759399414
2019-06-07,18.389999389648438,16.14815902709961
2019-06-10,18.40999984741211,16.165721893310547
2019-06-11,18.43000030517578,16.183284759521484
2019-06-12,18.40999984741211,16.165721893310547
2019-06-13,18.3799991607666,16.13937759399414
2019-06-14,18.3799991607666,16.13937759399414
2019-06-17,18.3700008392334,16.130599975585938
2019-06-18,18.469999313354492,16.218408584594727
2019-06-19,18.559999465942383,16.29743766784668
2019-06-20,18.690000534057617,16.411590576171875
2019-06-21,18.690000534057617,16.411590576171875
2019-06-24,18.729999542236328,16.44671058654785
2019-06-25,18.719999313354492,16.437929153442383
2019-06-26,18.739999771118164,16.45549201965332
2019-06-27,18.729999542236328,16.44671058654785
2019-06-28,18.81999969482422,16.525739669799805
2019-07-01,18.81999969482422,16.525739669799805
2019-07-02,18.790000915527344,16.499401092529297
2019-07-03,18.809999465942383,16.51696014404297
2019-07-05,18.770000457763672,16.48183822631836
2019-07-08,18.75,16.464277267456055
2019-07-09,18.75,16.464277267456055
2019-07-10,18.850000381469727,16.55208396911621
2019-07-11,18.81999969482422,16.525739669799805
2019-07-12,18.860000610351562,16.560863494873047
2019-07-15,18.920000076293945,16.613548278808594
2019-07-16,18.860000610351562,16.560863494873047
2019-07-17,18.8700008392334,16.569644927978516
2019-07-18,18.93000030517578,16.622331619262695
2019-07-19,18.93000030517578,16.622331619262695
2019-07-22,18.899999618530273,16.59598731994629
2019-07-23,18.829999923706055,16.534521102905273
2019-07-24,18.81999969482422,16.525739669799805
2019-07-25,18.809999465942383,16.51696014404297
2019-07-26,18.780000686645508,16.490617752075195
2019-07-29,18.790000915527344,16.499401092529297
2019-07-30,18.799999237060547,16.5081787109375
2019-07-31,18.75,16.464277267456055
2019-08-01,18.610000610351562,16.341341018676758
2019-08-02,18.510000228881836,16.25353240966797
2019-08-05,18.270000457763672,16.042789459228516
2019-08-06,18.329999923706055,16.095474243164062
2019-08-07,18.34000015258789,16.1042537689209
2019-08-08,18.520000457763672,16.262311935424805
2019-08-09,18.420000076293945,16.174503326416016
2019-08-12,18.309999465942383,16.077911376953125
2019-08-13,18.43000030517578,16.183284759521484
2019-08-14,18.229999542236328,16.007665634155273
2019-08-15,18.200000762939453,15.981322288513184
2019-08-16,18.280000686645508,16.051570892333984
2019-08-19,18.149999618530273,15.937417030334473
2019-08-20,18.209999084472656,15.99010181427002
2019-08-21,18.280000686645508,16.051570892333984
2019-08-22,18.219999313354492,15.998883247375488
2019-08-23,18.170000076293945,15.954980850219727
2019-08-26,18.139999389648438,15.928635597229004
2019-08-27,18.100000381469727,15.893514633178711
2019-08-28,18.09000015258789,15.884734153747559
2019-08-29,18.110000610351562,15.90229606628418
2019-08-30,18.139999389648438,15.928635597229004
2019-09-03,18.149999618530273,15.937417030334473
2019-09-04,18.299999237060547,16.069129943847656
2019-09-05,18.290000915527344,16.060352325439453
2019-09-06,18.3700008392334,16.130599975585938
2019-09-09,18.389999389648438,16.14815902709961
2019-09-10,18.389999389648438,16.14815902709961
2019-09-11,18.389999389648438,16.14815902709961
2019-09-12,18.510000228881836,16.25353240966797
2019-09-13,18.530000686645508,16.271093368530273
2019-09-16,18.450000762939453,16.200847625732422
2019-09-17,18.450000762939453,16.200847625732422
2019-09-18,18.469999313354492,16.218408584594727
2019-09-19,18.40999984741211,16.165721893310547
2019-09-20,18.3799991607666,16.13937759399414
2019-09-23,18.3799991607666,16.13937759399414
2019-09-24,18.360000610351562,16.121816635131836
2019-09-25,18.34000015258789,16.1042537689209
2019-09-26,18.329999923706055,16.095474243164062
2019-09-27,18.329999923706055,16.095474243164062
2019-09-30,18.329999923706055,16.095474243164062
2019-10-01,18.25,16.025224685668945
2019-10-02,18.270000457763672,16.042789459228516
2019-10-03,18.3799991607666,16.13937759399414
2019-10-04,18.459999084472656,16.209627151489258
2019-10-07,18.360000610351562,16.121816635131836
2019-10-08,18.299999237060547,16.069129943847656
2019-10-09,18.31999969482422,16.086692810058594
2019-10-10,18.399999618530273,16.156938552856445
2019-10-11,18.530000686645508,16.271093368530273
2019-10-14,18.520000457763672,16.262311935424805
2019-10-15,18.459999084472656,16.209627151489258
2019-10-16,18.5,16.244749069213867
2019-10-17,18.520000457763672,16.262311935424805
2019-10-18,18.600000381469727,16.33255958557129
2019-10-21,18.56999969482422,16.30621910095215
2019-10-22,18.6200008392334,16.350122451782227
2019-10-23,18.690000534057617,16.411590576171875
2019-10-24,18.6299991607666,16.358901977539062
2019-10-25,18.65999984741211,16.38524627685547
2019-10-28,18.68000030517578,16.402809143066406
2019-10-29,18.729999542236328,16.44671058654785
2019-10-30,18.65999984741211,16.38524627685547
2019-10-31,18.6200008392334,16.350122451782227
2019-11-01,18.700000762939453,16.420372009277344
2019-11-04,18.729999542236328,16.44671058654785
2019-11-05,18.739999771118164,16.45549201965332
2019-11-06,18.690000534057617,16.411590576171875
2019-11-07,18.760000228881836,16.47305679321289
2019-11-08,18.649999618530273,16.376466751098633
2019-11-11,18.600000381469727,16.33255958557129
2019-11-12,18.510000228881836,16.25353240966797
2019-11-13,18.450000762939453,16.200847625732422
2019-11-14,18.469999313354492,16.218408584594727
2019-11-15,18.559999465942383,16.29743766784668
2019-11-18,18.530000686645508,16.271093368530273
2019-11-19,18.540000915527344,16.27987289428711
2019-11-20,18.469999313354492,16.218408584594727
2019-11-21,18.510000228881836,16.25353240966797
2019-11-22,18.479999542236328,16.227188110351562
2019-11-25,18.479999542236328,16.227188110351562
2019-11-26,18.450000762939453,16.200847625732422
2019-11-27,18.3799991607666,16.13937759399414
2019-11-29,18.420000076293945,16.174503326416016
2019-12-02,18.450000762939453,16.200847625732422
2019-12-03,18.43000030517578,16.183284759521484
2019-12-04,18.489999771118164,16.23596954345703
2019-12-05,18.530000686645508,16.271093368530273
2019-12-06,18.56999969482422,16.30621910095215
2019-12-09,18.559999465942383,16.29743766784668
2019-12-10,18.579999923706055,16.314998626708984
2019-12-11,18.639999389648438,16.36768341064453
2019-12-12,18.739999771118164,16.45549201965332
2019-12-13,18.729999542236328,16.44671058654785
2019-12-16,18.799999237060547,16.5081787109375
2019-12-17,18.790000915527344,16.499401092529297
2019-12-18,18.770000457763672,16.48183822631836
2019-12-19,18.780000686645508,16.490617752075195
2019-12-20,18.809999465942383,16.51696014404297
2019-12-23,18.479999542236328,16.53754234313965
2019-12-24,18.469999313354492,16.528594970703125
2019-12-26,18.530000686645508,16.58228874206543
2019-12-27,18.530000686645508,16.58228874206543
2019-12-30,18.56999969482422,16.618083953857422
2019-12-31,18.610000610351562,16.653879165649414
2020-01-02,18.610000610351562,16.653879165649414
2020-01-03,18.469999313354492,16.528594970703125
2020-01-06,18.5,16.555438995361328
2020-01-07,18.5,16.555438995361328
2020-01-08,18.600000381469727,16.644927978515625
2020-01-09,18.56999969482422,16.618083953857422
2020-01-10,18.600000381469727,16.644927978515625
2020-01-13,18.610000610351562,16.653879165649414
2020-01-14,18.549999237060547,16.60018539428711
2020-01-15,18.56999969482422,16.618083953857422
2020-01-16,18.559999465942383,16.609134674072266
2020-01-17,18.549999237060547,16.60018539428711
2020-01-21,18.469999313354492,16.528594970703125
2020-01-22,18.530000686645508,16.58228874206543
2020-01-23,18.479999542236328,16.53754234313965
2020-01-24,18.5,16.555438995361328
2020-01-27,18.329999923706055,16.403308868408203
2020-01-28,18.3799991607666,16.44805145263672
2020-01-29,18.3700008392334,16.439105987548828
2020-01-30,18.229999542236328,16.313819885253906
2020-01-31,18.219999313354492,16.30487060546875
2020-02-03,18.270000457763672,16.34961700439453
2020-02-04,18.360000610351562,16.430156707763672
2020-02-05,18.3799991607666,16.44805145263672
2020-02-06,18.299999237060547,16.376461029052734
2020-02-07,18.18000030517578,16.26907730102539
2020-02-10,18.190000534057617,16.27802848815918
2020-02-11,18.25,16.331716537475586
2020-02-12,18.270000457763672,16.34961700439453
2020-02-13,18.229999542236328,16.313819885253906
2020-02-14,18.260000228881836,16.340667724609375
2020-02-18,18.18000030517578,16.26907730102539
2020-02-19,18.190000534057617,16.27802848815918
2020-02-20,18.059999465942383,16.16168785095215
2020-02-21,18.079999923706055,16.179588317871094
2020-02-24,17.950000762939453,16.06325340270996
2020-02-25,17.940000534057617,16.054302215576172
2020-02-26,17.90999984741211,16.027456283569336
2020-02-27,17.860000610351562,15.982711791992188
2020-02-28,17.729999542236328,15.866374969482422
2020-03-02,17.860000610351562,15.982711791992188
2020-03-03,17.90999984741211,16.027456283569336
2020-03-04,17.93000030517578,16.04535484313965
2020-03-05,17.760000228881836,15.89322280883789
2020-03-06,17.719999313354492,15.857426643371582
2020-03-09,17.440000534057617,15.60685920715332
2020-03-10,17.5,15.660553932189941
2020-03-11,17.399999618530273,15.571063995361328
2020-03-12,17.110000610351562,15.311545372009277
2020-03-13,17.1200008392334,15.32049560546875
2020-03-16,16.829999923706055,15.0609769821167
2020-03-17,16.799999237060547,15.03412914276123
2020-03-18,16.440000534057617,14.711970329284668
2020-03-19,16.3700008392334,14.649328231811523
2020-03-20,16.34000015258789,14.622481346130371
2020-03-23,16.139999389648438,14.443503379821777
2020-03-24,16.420000076293945,14.694072723388672
2020-03-25,16.510000228881836,14.774612426757812
2020-03-26,16.65999984741211,14.908845901489258
2020-03-27,16.6299991607666,14.881999015808105
2020-03-30,16.489999771118164,14.756712913513184
2020-03-31,16.530000686645508,14.792510032653809
2020-04-01,16.270000457763672,14.559840202331543
2020-04-02,16.31999969482422,14.604582786560059
2020-04-03,16.290000915527344,14.577736854553223
2020-04-06,16.360000610351562,14.640378952026367
2020-04-07,16.510000228881836,14.774612426757812
2020-04-08,16.549999237060547,14.810405731201172
2020-04-09,16.670000076293945,14.917794227600098
2020-04-13,16.6299991607666,14.881999015808105
2020-04-14,16.670000076293945,14.917794227600098
2020-04-15,16.510000228881836,14.774612426757812
2020-04-16,16.43000030517578,14.703020095825195
2020-04-17,16.540000915527344,14.801460266113281
2020-04-20,16.5,14.765663146972656
2020-04-21,16.3799991607666,14.658275604248047
2020-04-22,16.3799991607666,14.658275604248047
2020-04-23,16.3799991607666,14.658275604248047
2020-04-24,16.329999923706055,14.613531112670898
2020-04-27,16.3700008392334,14.649328231811523
2020-04-28,16.450000762939453,14.720918655395508
2020-04-29,16.68000030517578,14.92674446105957
2020-04-30,16.68000030517578,14.92674446105957
2020-05-01,16.399999618530273,14.67617416381836
2020-05-04,16.520000457763672,14.783561706542969
2020-05-05,16.559999465942383,14.819356918334961
2020-05-06,16.420000076293945,14.694072723388672
2020-05-07,16.479999542236328,14.74776554107666
2020-05-08,16.579999923706055,14.837254524230957
2020-05-11,16.559999465942383,14.819356918334961
2020-05-12,16.59000015258789,14.846202850341797
2020-05-13,16.549999237060547,14.810405731201172
2020-05-14,16.610000610351562,14.864100456237793
2020-05-15,16.549999237060547,14.810405731201172
2020-05-18,16.690000534057617,14.935691833496094
2020-05-19,16.739999771118164,14.980437278747559
2020-05-20,16.889999389648438,15.114668846130371
2020-05-21,16.950000762939453,15.168362617492676
2020-05-22,16.889999389648438,15.114668846130371
2020-05-26,17.06999969482422,15.275749206542969
2020-05-27,17.06999969482422,15.275749206542969
2020-05-28,17.059999465942383,15.266800880432129
2020-05-29,17.149999618530273,15.347339630126953
2020-06-01,17.209999084472656,15.401032447814941
2020-06-02,17.399999618530273,15.571063995361328
2020-06-03,17.520000457763672,15.678451538085938
2020-06-04,17.469999313354492,15.633703231811523
2020-06-05,17.59000015258789,15.741090774536133
2020-06-08,17.65999984741211,15.803733825683594
2020-06-09,17.579999923706055,15.73214054107666
2020-06-10,17.6200008392334,15.767939567565918
2020-06-11,17.25,15.43682861328125
2020-06-12,17.360000610351562,15.53526782989502
2020-06-15,17.360000610351562,15.53526782989502
2020-06-16,17.299999237060547,15.481575012207031
2020-06-17,17.270000457763672,15.454727172851562
2020-06-18,17.170000076293945,15.365238189697266
2020-06-19,17.219999313354492,15.409982681274414
2020-06-22,17.290000915527344,15.472625732421875
2020-06-23,17.350000381469727,15.526318550109863
2020-06-24,17.25,15.43682861328125
2020-06-25,17.299999237060547,15.481575012207031
2020-06-26,17.15999984741211,15.356289863586426
2020-06-29,17.209999084472656,15.401032447814941
2020-06-30,17.190000534057617,15.383135795593262
2020-07-01,17.25,15.43682861328125
2020-07-02,17.329999923706055,15.50841999053955
2020-07-06,17.360000610351562,15.53526782989502
2020-07-07,17.309999465942383,15.490523338317871
2020-07-08,17.3799991607666,15.5531644821167
2020-07-09,17.389999389648438,15.562112808227539
2020-07-10,17.399999618530273,15.571063995361328
2020-07-13,17.329999923706055,15.50841999053955
2020-07-14,17.389999389648438,15.562112808227539
2020-07-15,17.40999984741211,15.580012321472168
2020-07-16,17.350000381469727,15.526318550109863
2020-07-17,17.350000381469727,15.526318550109863
2020-07-20,17.360000610351562,15.53526782989502
2020-07-21,17.520000457763672,15.678451538085938
2020-07-22,17.579999923706055,15.73214054107666
2020-07-23,17.479999542236328,15.642653465270996
2020-07-24,17.489999771118164,15.651603698730469
2020-07-27,17.610000610351562,15.758989334106445
2020-07-28,17.530000686645508,15.687399864196777
2020-07-29,17.56999969482422,15.723191261291504
2020-07-30,17.520000457763672,15.678451538085938
2020-07-31,17.450000762939453,15.61580753326416
2020-08-03,17.389999389648438,15.562112808227539
2020-08-04,17.3799991607666,15.5531644821167
2020-08-05,17.459999084472656,15.624755859375
2020-08-06,17.40999984741211,15.580012321472168
2020-08-07,17.299999237060547,15.481575012207031
2020-08-10,17.270000457763672,15.454727172851562
2020-08-11,17.329999923706055,15.50841999053955
2020-08-12,17.329999923706055,15.50841999053955
2020-08-13,17.34000015258789,15.517370223999023
2020-08-14,17.34000015258789,15.517370223999023
2020-08-17,17.299999237060547,15.481575012207031
2020-08-18,17.389999389648438,15.562112808227539
2020-08-19,17.420000076293945,15.58896255493164
2020-08-20,17.3700008392334,15.54421615600586
2020-08-21,17.299999237060547,15.481575012207031
2020-08-24,17.350000381469727,15.526318550109863
2020-08-25,17.3799991607666,15.5531644821167
2020-08-26,17.360000610351562,15.53526782989502
2020-08-27,17.3700008392334,15.54421615600586
2020-08-28,17.579999923706055,15.73214054107666
2020-08-31,17.520000457763672,15.678451538085938
2020-09-01,17.59000015258789,15.741090774536133
2020-09-02,17.540000915527344,15.69635009765625
2020-09-03,17.520000457763672,15.678451538085938
2020-09-04,17.559999465942383,15.714244842529297
2020-09-08,17.43000030517578,15.59791088104248
2020-09-09,17.549999237060547,15.705296516418457
2020-09-10,17.479999542236328,15.642653465270996
2020-09-11,17.530000686645508,15.687399864196777
2020-09-14,17.59000015258789,15.741090774536133
2020-09-15,17.6200008392334,15.767939567565918
2020-09-16,17.670000076293945,15.8126802444458
2020-09-17,17.690000534057617,15.83057975769043
2020-09-18,17.6299991607666,15.776885986328125
2020-09-21,17.520000457763672,15.678451538085938
2020-09-22,17.43000030517578,15.59791088104248
2020-09-23,17.239999771118164,15.42788028717041
2020-09-24,17.290000915527344,15.472625732421875
2020-09-25,17.229999542236328,15.418931007385254
2020-09-28,17.18000030517578,15.374188423156738
2020-09-29,17.219999313354492,15.409982681274414
2020-09-30,17.309999465942383,15.490523338317871
2020-10-01,17.3799991607666,15.5531644821167
2020-10-02,17.329999923706055,15.50841999053955
2020-10-05,17.440000534057617,15.60685920715332
2020-10-06,17.3700008392334,15.54421615600586
2020-10-07,17.3799991607666,15.5531644821167
2020-10-08,17.40999984741211,15.580012321472168
2020-10-09,17.540000915527344,15.69635009765625
2020-10-12,17.469999313354492,15.633703231811523
2020-10-13,17.420000076293945,15.58896255493164
2020-10-14,17.40999984741211,15.580012321472168
2020-10-15,17.350000381469727,15.526318550109863
2020-10-16,17.399999618530273,15.571063995361328
2020-10-19,17.43000030517578,15.59791088104248
2020-10-20,17.469999313354492,15.633703231811523
2020-10-21,17.549999237060547,15.705296516418457
2020-10-22,17.520000457763672,15.678451538085938
2020-10-23,17.56999969482422,15.723191261291504
2020-10-26,17.579999923706055,15.73214054107666
2020-10-27,17.540000915527344,15.69635009765625
2020-10-28,17.389999389648438,15.562112808227539
2020-10-29,17.40999984741211,15.580012321472168
2020-10-30,17.3700008392334,15.54421615600586
2020-11-02,17.420000076293945,15.58896255493164
2020-11-03,17.489999771118164,15.651603698730469
2020-11-04,17.59000015258789,15.741090774536133
2020-11-05,17.790000915527344,15.920069694519043
2020-11-06,17.829999923706055,15.955865859985352
2020-11-09,17.959999084472656,16.07219886779785
2020-11-10,17.940000534057617,16.054302215576172
2020-11-11,17.989999771118164,16.099048614501953
2020-11-12,17.950000762939453,16.06325340270996
2020-11-13,18.010000228881836,16.116945266723633
2020-11-16,18.059999465942383,16.16168785095215
2020-11-17,18.09000015258789,16.18853759765625
2020-11-18,18.079999923706055,16.179588317871094
2020-11-19,18.18000030517578,16.26907730102539
2020-11-20,18.09000015258789,16.18853759765625
2020-11-23,18.030000686645508,16.134843826293945
2020-11-24,18.079999923706055,16.179588317871094
2020-11-25,18.149999618530273,16.242229461669922
2020-11-27,18.15999984741211,16.251176834106445
2020-11-30,18.1200008392334,16.21538543701172
2020-12-01,18.25,16.331716537475586
2020-12-02,18.290000915527344,16.367515563964844
2020-12-03,18.3799991607666,16.44805145263672
2020-12-04,18.43000030517578,16.4927978515625
2020-12-07,18.440000534057617,16.501747131347656
2020-12-08,18.440000534057617,16.501747131347656
2020-12-09,18.450000762939453,16.510698318481445
2020-12-10,18.459999084472656,16.51964569091797
2020-12-11,18.450000762939453,16.510698318481445
2020-12-14,18.43000030517578,16.4927978515625
2020-12-15,18.520000457763672,16.57333755493164
2020-12-16,18.520000457763672,16.57333755493164
2020-12-17,18.639999389648438,16.68072509765625
2020-12-18,18.59000015258789,16.6359806060791
2020-12-21,18.3799991607666,16.553123474121094
2020-12-22,18.290000915527344,16.472070693969727
2020-12-23,18.31999969482422,16.499088287353516
2020-12-24,18.399999618530273,16.571134567260742
2020-12-28,18.440000534057617,16.607160568237305
2020-12-29,18.399999618530273,16.571134567260742
2020-12-30,18.489999771118164,16.652189254760742
2020-12-31,18.479999542236328,16.643184661865234
2021-01-04,18.479999542236328,16.643184661865234
2021-01-05,18.520000457763672,16.679210662841797
2021-01-06,18.5,16.661195755004883
2021-01-07,18.360000610351562,16.535114288330078
2021-01-08,18.360000610351562,16.535114288330078
2021-01-11,18.25,16.436046600341797
2021-01-12,18.329999923706055,16.508094787597656
2021-01-13,18.309999465942383,16.490081787109375
2021-01-14,18.420000076293945,16.589147567749023
2021-01-15,18.31999969482422,16.499088287353516
2021-01-19,18.34000015258789,16.517101287841797
2021-01-20,18.389999389648438,16.562129974365234
2021-01-21,18.399999618530273,16.571134567260742
2021-01-22,18.309999465942383,16.490081787109375
2021-01-25,18.229999542236328,16.41803550720215
2021-01-26,18.31999969482422,16.499088287353516
2021-01-27,18.18000030517578,16.373003005981445
2021-01-28,18.239999771118164,16.427040100097656
2021-01-29,18.239999771118164,16.427040100097656
2021-02-01,18.260000228881836,16.445051193237305
2021-02-02,18.280000686645508,16.46306610107422
2021-02-03,18.309999465942383,16.490081787109375
2021-02-04,18.270000457763672,16.454057693481445
2021-02-05,18.350000381469727,16.526105880737305
2021-02-08,18.3700008392334,16.54412078857422
2021-02-09,18.459999084472656,16.625171661376953
2021-02-10,18.459999084472656,16.625171661376953
2021-02-11,18.520000457763672,16.679210662841797
2021-02-12,18.549999237060547,16.706226348876953
2021-02-16,18.5,16.661195755004883
2021-02-17,18.479999542236328,16.643184661865234
2021-02-18,18.399999618530273,16.571134567260742
2021-02-19,18.459999084472656,16.625171661376953
2021-02-22,18.389999389648438,16.562129974365234
2021-02-23,18.440000534057617,16.607160568237305
2021-02-24,18.479999542236328,16.643184661865234
2021-02-25,18.200000762939453,16.391014099121094
2021-02-26,18.09000015258789,16.291950225830078
2021-03-01,18.200000762939453,16.391014099121094
2021-03-02,18.139999389648438,16.33698081970215
2021-03-03,18.110000610351562,16.309961318969727
2021-03-04,17.989999771118164,16.20189094543457
2021-03-05,17.959999084472656,16.174867630004883
2021-03-08,17.81999969482422,16.048784255981445
2021-03-09,17.959999084472656,16.174867630004883
2021-03-10,18.09000015258789,16.291950225830078
2021-03-11,18.219999313354492,16.409027099609375
2021-03-12,18.139999389648438,16.33698081970215
2021-03-15,18.149999618530273,16.345985412597656
2021-03-16,18.139999389648438,16.33698081970215
2021-03-17,18.190000534057617,16.38201141357422
2021-03-18,18.170000076293945,16.363998413085938
2021-03-19,18.229999542236328,16.41803550720215
2021-03-22,18.09000015258789,16.291950225830078
2021-03-23,17.90999984741211,16.129840850830078
2021-03-24,17.889999389648438,16.111827850341797
2021-03-25,17.899999618530273,16.120834350585938
2021-03-26,17.850000381469727,16.075803756713867
2021-03-29,17.790000915527344,16.02176856994629
2021-03-30,17.739999771118164,15.976736068725586
2021-03-31,17.889999389648438,16.111827850341797
2021-04-01,17.93000030517578,16.14785385131836
2021-04-05,17.950000762939453,16.165864944458008
2021-04-06,17.979999542236328,16.192882537841797
2021-04-07,17.950000762939453,16.165864944458008
2021-04-08,18.0,16.210893630981445
2021-04-09,17.950000762939453,16.165864944458008
2021-04-12,17.90999984741211,16.129840850830078
2021-04-13,17.979999542236328,16.192882537841797
2021-04-14,18.040000915527344,16.246919631958008
2021-04-15,18.110000610351562,16.309961318969727
2021-04-16,18.139999389648438,16.33698081970215
2021-04-19,18.09000015258789,16.291950225830078
2021-04-20,18.100000381469727,16.300954818725586
2021-04-21,18.100000381469727,16.300954818725586
2021-04-22,18.100000381469727,16.300954818725586
2021-04-23,18.110000610351562,16.309961318969727
2021-04-26,18.1299991607666,16.327974319458008
2021-04-27,18.1200008392334,16.318967819213867
2021-04-28,18.200000762939453,16.391014099121094
2021-04-29,18.200000762939453,16.391014099121094
2021-04-30,18.110000610351562,16.309961318969727
2021-05-03,18.15999984741211,16.354990005493164
2021-05-04,18.139999389648438,16.33698081970215
2021-05-05,18.1200008392334,16.318967819213867
2021-05-06,18.260000228881836,16.445051193237305
2021-05-07,18.40999984741211,16.580142974853516
2021-05-10,18.3799991607666,16.553123474121094
2021-05-11,18.350000381469727,16.526105880737305
2021-05-12,18.209999084472656,16.400022506713867
2021-05-13,18.260000228881836,16.445051193237305
2021-05-14,18.31999969482422,16.499088287353516
2021-05-17,18.31999969482422,16.499088287353516
2021-05-18,18.31999969482422,16.499088287353516
2021-05-19,18.280000686645508,16.46306610107422
2021-05-20,18.309999465942383,16.490081787109375
2021-05-21,18.280000686645508,16.46306610107422
2021-05-24,18.309999465942383,16.490081787109375
2021-05-25,18.309999465942383,16.490081787109375
2021-05-26,18.31999969482422,16.499088287353516
2021-05-27,18.34000015258789,16.517101287841797
2021-05-28,18.389999389648438,16.562129974365234
2021-06-01,18.43000030517578,16.598155975341797
2021-06-02,18.450000762939453,16.616168975830078
2021-06-03,18.399999618530273,16.571134567260742
2021-06-04,18.540000915527344,16.697221755981445
2021-06-07,18.56999969482422,16.724239349365234
2021-06-08,18.549999237060547,16.706226348876953
2021-06-09,18.530000686645508,16.688217163085938
2021-06-10,18.549999237060547,16.706226348876953
2021-06-11,18.530000686645508,16.688217163085938
2021-06-14,18.489999771118164,16.652189254760742
2021-06-15,18.440000534057617,16.607160568237305
2021-06-16,18.329999923706055,16.508094787597656
2021-06-17,18.190000534057617,16.38201141357422
2021-06-18,18.1299991607666,16.327974319458008
2021-06-21,18.139999389648438,16.33698081970215
2021-06-22,18.190000534057617,16.38201141357422
2021-06-23,18.219999313354492,16.409027099609375
2021-06-24,18.239999771118164,16.427040100097656
2021-06-25,18.280000686645508,16.46306610107422
2021-06-28,18.280000686645508,16.46306610107422
2021-06-29,18.219999313354492,16.409027099609375
2021-06-30,18.209999084472656,16.400022506713867
2021-07-01,18.1299991607666,16.327974319458008
2021-07-02,18.190000534057617,16.38201141357422
2021-07-06,18.06999969482422,16.273937225341797
2021-07-07,18.030000686645508,16.2379150390625
2021-07-08,17.940000534057617,16.156858444213867
2021-07-09,18.0,16.210893630981445
2021-07-12,18.010000228881836,16.21990203857422
2021-07-13,17.950000762939453,16.165864944458008
2021-07-14,18.049999237060547,16.255922317504883
2021-07-15,18.0,16.210893630981445
2021-07-16,18.020000457763672,16.228906631469727
2021-07-19,17.889999389648438,16.111827850341797
2021-07-20,17.899999618530273,16.120834350585938
2021-07-21,17.959999084472656,16.174867630004883
2021-07-22,17.950000762939453,16.165864944458008
2021-07-23,17.93000030517578,16.14785385131836
2021-07-26,17.920000076293945,16.13884735107422
2021-07-27,17.899999618530273,16.120834350585938
2021-07-28,17.940000534057617,16.156858444213867
2021-07-29,18.059999465942383,16.264930725097656
2021-07-30,18.0,16.210893630981445
2021-08-02,18.06999969482422,16.273937225341797
2021-08-03,18.040000915527344,16.246919631958008
2021-08-04,18.010000228881836,16.21990203857422
2021-08-05,17.969999313354492,16.183876037597656
2021-08-06,17.829999923706055,16.05779266357422
2021-08-09,17.829999923706055,16.05779266357422
2021-08-10,17.84000015258789,16.06679916381836
2021-08-11,17.899999618530273,16.120834350585938
2021-08-12,17.90999984741211,16.129840850830078
2021-08-13,17.940000534057617,16.156858444213867
2021-08-16,17.8799991607666,16.102821350097656
2021-08-17,17.860000610351562,16.084810256958008
2021-08-18,17.850000381469727,16.075803756713867
2021-08-19,17.760000228881836,15.994750022888184
2021-08-20,17.780000686645508,16.01276206970215
2021-08-23,17.829999923706055,16.05779266357422
2021-08-24,17.90999984741211,16.129840850830078
2021-08-25,17.950000762939453,16.165864944458008
2021-08-26,17.920000076293945,16.13884735107422
2021-08-27,18.049999237060547,16.255922317504883
2021-08-30,18.100000381469727,16.300954818725586
2021-08-31,18.18000030517578,16.373003005981445
2021-09-01,18.209999084472656,16.400022506713867
2021-09-02,18.219999313354492,16.409027099609375
2021-09-03,18.229999542236328,16.41803550720215
2021-09-07,18.149999618530273,16.345985412597656
2021-09-08,18.059999465942383,16.264930725097656
2021-09-09,18.079999923706055,16.282943725585938
2021-09-10,18.110000610351562,16.309961318969727
2021-09-13,18.139999389648438,16.33698081970215
2021-09-14,18.1200008392334,16.318967819213867
2021-09-15,18.1299991607666,16.327974319458008
2021-09-16,18.06999969482422,16.273937225341797
2021-09-17,17.979999542236328,16.192882537841797
2021-09-20,17.899999618530273,16.120834350585938
2021-09-21,17.920000076293945,16.13884735107422
2021-09-22,17.93000030517578,16.14785385131836
2021-09-23,17.950000762939453,16.165864944458008
2021-09-24,17.889999389648438,16.111827850341797
2021-09-27,17.889999389648438,16.111827850341797
2021-09-28,17.739999771118164,15.976736068725586
2021-09-29,17.729999542236328,15.967729568481445
2021-09-30,17.780000686645508,16.01276206970215
2021-10-01,17.8799991607666,16.102821350097656
2021-10-04,17.829999923706055,16.05779266357422
2021-10-05,17.809999465942383,16.039779663085938
2021-10-06,17.809999465942383,16.039779663085938
2021-10-07,17.790000915527344,16.02176856994629
2021-10-08,17.75,15.98574161529541
2021-10-11,17.760000228881836,15.994750022888184
2021-10-12,17.790000915527344,16.02176856994629
2021-10-13,17.860000610351562,16.084810256958008
2021-10-14,17.860000610351562,16.084810256958008
2021-10-15,17.899999618530273,16.120834350585938
2021-10-18,17.850000381469727,16.075803756713867
2021-10-19,17.90999984741211,16.129840850830078
2021-10-20,17.93000030517578,16.14785385131836
2021-10-21,17.81999969482422,16.048784255981445
2021-10-22,17.850000381469727,16.075803756713867
2021-10-25,17.90999984741211,16.129840850830078
2021-10-26,17.90999984741211,16.129840850830078
2021-10-27,17.81999969482422,16.048784255981445
2021-10-28,17.84000015258789,16.06679916381836
2021-10-29,17.770000457763672,16.003755569458008
2021-11-01,17.739999771118164,15.976736068725586
2021-11-02,17.719999313354492,15.958724975585938
2021-11-03,17.75,15.98574161529541
2021-11-04,17.709999084472656,15.94971752166748
2021-11-05,17.790000915527344,16.02176856994629
2021-11-08,17.850000381469727,16.075803756713867
2021-11-09,17.889999389648438,16.111827850341797
2021-11-10,17.770000457763672,16.003755569458008
2021-11-11,17.790000915527344,16.02176856994629
2021-11-12,17.75,15.98574161529541
2021-11-15,17.709999084472656,15.94971752166748
2021-11-16,17.6200008392334,15.86866569519043
2021-11-17,17.56999969482422,15.823633193969727
2021-11-18,17.479999542236328,15.74258041381836
2021-11-19,17.420000076293945,15.688544273376465
2021-11-22,17.3799991607666,15.652519226074219
2021-11-23,17.25,15.535440444946289
2021-11-24,17.270000457763672,15.553452491760254
2021-11-26,17.1200008392334,15.418362617492676
2021-11-29,17.100000381469727,15.400350570678711
2021-11-30,17.139999389648438,15.436372756958008
2021-12-01,17.1200008392334,15.418362617492676
2021-12-02,17.110000610351562,15.409356117248535
2021-12-03,17.110000610351562,15.409356117248535
2021-12-06,17.110000610351562,15.409356117248535
2021-12-07,17.190000534057617,15.481403350830078
2021-12-08,17.270000457763672,15.553452491760254
2021-12-09,17.190000534057617,15.481403350830078
2021-12-10,17.200000762939453,15.490411758422852
2021-12-13,17.170000076293945,15.463393211364746
2021-12-14,17.040000915527344,15.346315383911133
2021-12-15,17.079999923706055,15.38233757019043
2021-12-16,17.049999237060547,15.355318069458008
2021-12-17,17.040000915527344,15.346315383911133
2021-12-20,17.139999389648438,15.436372756958008
2021-12-21,17.209999084472656,15.49941349029541
2021-12-22,17.280000686645508,15.562459945678711
2021-12-23,17.399999618530273,15.670531272888184
2021-12-27,17.43000030517578,15.697547912597656
2021-12-28,17.3700008392334,15.643513679504395
2021-12-29,17.309999465942383,15.589476585388184
2021-12-30,17.260000228881836,15.544447898864746
2021-12-31,17.260000228881836,15.544447898864746
2022-01-03,17.239999771118164,15.526435852050781
2022-01-04,17.18000030517578,15.47239875793457
2022-01-05,17.18000030517578,15.47239875793457
2022-01-06,17.170000076293945,15.463393211364746
2022-01-07,17.25,15.535440444946289
2022-01-10,17.229999542236328,15.517427444458008
2022-01-11,17.34000015258789,15.616495132446289
2022-01-12,17.440000534057617,15.70655632019043
2022-01-13,17.40999984741211,15.679535865783691
2022-01-14,17.399999618530273,15.670531272888184
2022-01-18,17.31999969482422,15.598483085632324
2022-01-19,17.43000030517578,15.697547912597656
2022-01-20,17.450000762939453,15.715559959411621
2022-01-21,17.459999084472656,15.724568367004395
2022-01-24,17.360000610351562,15.634507179260254
2022-01-25,17.399999618530273,15.670531272888184
2022-01-26,17.309999465942383,15.589476585388184
2022-01-27,17.309999465942383,15.589476585388184
2022-01-28,17.280000686645508,15.562459945678711
2022-01-31,17.450000762939453,15.715559959411621
2022-02-01,17.489999771118164,15.751585006713867
2022-02-02,17.479999542236328,15.74258041381836
2022-02-03,17.43000030517578,15.697547912597656
2022-02-04,17.440000534057617,15.70655632019043
2022-02-07,17.479999542236328,15.74258041381836
2022-02-08,17.5,15.760592460632324
2022-02-09,17.579999923706055,15.832639694213867
2022-02-10,17.559999465942383,15.814627647399902
2022-02-11,17.5,15.760592460632324
2022-02-14,17.520000457763672,15.778603553771973
2022-02-15,17.6299991607666,15.877668380737305
2022-02-16,17.65999984741211,15.904688835144043
2022-02-17,17.649999618530273,15.89568042755127
2022-02-18,17.610000610351562,15.859660148620605
2022-02-22,17.520000457763672,15.778603553771973
2022-02-23,17.559999465942383,15.814627647399902
2022-02-24,17.260000228881836,15.544447898864746
2022-02-25,17.40999984741211,15.679535865783691
2022-02-28,17.010000228881836,15.319294929504395
2022-03-01,17.06999969482422,15.373330116271973
2022-03-02,17.1200008392334,15.418362617492676
2022-03-03,17.079999923706055,15.38233757019043
2022-03-04,16.84000015258789,15.166193962097168
2022-03-07,16.6200008392334,14.968061447143555
2022-03-08,16.690000534057617,15.031102180480957
2022-03-09,16.84000015258789,15.166193962097168
2022-03-10,16.809999465942383,15.13917350769043
2022-03-11,16.780000686645508,15.112157821655273
2022-03-14,16.809999465942383,15.13917350769043
2022-03-15,16.950000762939453,15.265260696411133
2022-03-16,17.1200008392334,15.418362617492676
2022-03-17,17.079999923706055,15.38233757019043
2022-03-18,17.06999969482422,15.373330116271973
2022-03-21,17.059999465942383,15.364325523376465
2022-03-22,17.1299991607666,15.427366256713867
2022-03-23,17.239999771118164,15.526435852050781
2022-03-24,17.229999542236328,15.517427444458008
2022-03-25,17.280000686645508,15.562459945678711
2022-03-28,17.34000015258789,15.616495132446289
2022-03-29,17.559999465942383,15.814627647399902
2022-03-30,17.600000381469727,15.850651741027832
2022-03-31,17.770000457763672,16.003755569458008
2022-04-01,17.579999923706055,15.832639694213867
2022-04-04,17.649999618530273,15.89568042755127
2022-04-05,17.610000610351562,15.859660148620605
2022-04-06,17.549999237060547,15.805621147155762
2022-04-07,17.56999969482422,15.823633193969727
2022-04-08,17.540000915527344,15.79661750793457
2022-04-11,17.559999465942383,15.814627647399902
2022-04-12,17.610000610351562,15.859660148620605
2022-04-13,17.610000610351562,15.859660148620605
2022-04-14,17.549999237060547,15.805621147155762
2022-04-18,17.56999969482422,15.823633193969727
2022-04-19,17.469999313354492,15.733572959899902
2022-04-20,17.489999771118164,15.751585006713867
2022-04-21,17.40999984741211,15.679535865783691
2022-04-22,17.25,15.535440444946289
2022-04-25,17.15999984741211,15.454386711120605
2022-04-26,16.979999542236328,15.292277336120605
2022-04-27,17.049999237060547,15.355318069458008
2022-04-28,16.989999771118164,15.301280975341797
2022-04-29,17.040000915527344,15.346315383911133
2022-05-02,16.940000534057617,15.256254196166992
2022-05-03,17.020000457763672,15.328303337097168
2022-05-04,17.139999389648438,15.436372756958008
2022-05-05,16.93000030517578,15.247248649597168
2022-05-06,16.950000762939453,15.265260696411133
2022-05-09,16.790000915527344,15.121161460876465
2022-05-10,16.81999969482422,15.148180961608887
2022-05-11,16.790000915527344,15.121161460876465
2022-05-12,16.75,15.085138320922852
2022-05-13,16.780000686645508,15.112157821655273
2022-05-16,16.75,15.085138320922852
2022-05-17,16.8799991607666,15.202216148376465
2022-05-18,16.809999465942383,15.13917350769043
2022-05-19,16.950000762939453,15.265260696411133
2022-05-20,16.989999771118164,15.301280975341797
2022-05-23,17.110000610351562,15.409356117248535
2022-05-24,17.09000015258789,15.39134407043457
2022-05-25,17.040000915527344,15.346315383911133
2022-05-26,17.059999465942383,15.364325523376465
2022-05-27,17.149999618530273,15.445379257202148
2022-05-31,17.190000534057617,15.481403350830078
2022-06-01,17.149999618530273,15.445379257202148
2022-06-02,17.219999313354492,15.508421897888184
2022-06-03,17.200000762939453,15.490411758422852
2022-06-06,17.1299991607666,15.427366256713867
2022-06-07,17.1299991607666,15.427366256713867
2022-06-08,17.09000015258789,15.39134407043457
2022-06-09,17.0,15.31028938293457
2022-06-10,16.860000610351562,15.184205055236816
2022-06-13,16.639999389648438,14.986071586608887
2022-06-14,16.65999984741211,15.004083633422852
2022-06-15,16.81999969482422,15.148180961608887
2022-06-16,16.739999771118164,15.076131820678711
2022-06-17,16.719999313354492,15.05811882019043
2022-06-21,16.690000534057617,15.031102180480957
2022-06-22,16.68000030517578,15.022095680236816
2022-06-23,16.610000610351562,14.959053993225098
2022-06-24,16.65999984741211,15.004083633422852
2022-06-27,16.690000534057617,15.031102180480957
2022-06-28,16.6299991607666,14.97706413269043
2022-06-29,16.639999389648438,14.986071586608887
2022-06-30,16.610000610351562,14.959053993225098
2022-07-01,16.549999237060547,14.905014991760254
2022-07-05,16.360000610351562,14.733903884887695
2022-07-06,16.270000457763672,14.652847290039062
2022-07-07,16.299999237060547,14.679864883422852
2022-07-08,16.299999237060547,14.679864883422852
2022-07-11,16.110000610351562,14.508750915527344
2022-07-12,16.06999969482422,14.472725868225098
2022-07-13,16.110000610351562,14.508750915527344
2022-07-14,15.989999771118164,14.400677680969238
2022-07-15,16.15999984741211,14.55378246307373
2022-07-18,16.170000076293945,14.562787055969238
2022-07-19,16.270000457763672,14.652847290039062
2022-07-20,16.229999542236328,14.616822242736816
2022-07-21,16.15999984741211,14.55378246307373
2022-07-22,16.200000762939453,14.58980655670166
2022-07-25,16.299999237060547,14.679864883422852
2022-07-26,16.25,14.634835243225098
2022-07-27,16.34000015258789,14.715890884399414
2022-07-28,16.420000076293945,14.787938117980957
2022-07-29,16.489999771118164,14.850980758666992
2022-08-01,16.530000686645508,14.887005805969238
2022-08-02,16.469999313354492,14.832967758178711
2022-08-03,16.399999618530273,14.769926071166992
2022-08-04,16.489999771118164,14.850980758666992
2022-08-05,16.450000762939453,14.814956665039062
2022-08-08,16.549999237060547,14.905014991760254
2022-08-09,16.549999237060547,14.905014991760254
2022-08-10,16.729999542236328,15.067126274108887
2022-08-11,16.739999771118164,15.076131820678711
2022-08-12,16.799999237060547,15.130168914794922
2022-08-15,16.75,15.085138320922852
2022-08-16,16.68000030517578,15.022095680236816
2022-08-17,16.600000381469727,14.950048446655273
2022-08-18,16.43000030517578,14.796944618225098
2022-08-19,16.360000610351562,14.733903884887695
2022-08-22,16.329999923706055,14.706883430480957
2022-08-23,16.420000076293945,14.787938117980957
2022-08-24,16.420000076293945,14.787938117980957
2022-08-25,16.479999542236328,14.841974258422852
2022-08-26,16.479999542236328,14.841974258422852
2022-08-29,16.469999313354492,14.832967758178711
2022-08-30,16.459999084472656,14.823962211608887
2022-08-31,16.420000076293945,14.787938117980957
2022-09-01,16.34000015258789,14.715890884399414
2022-09-02,16.360000610351562,14.733903884887695
2022-09-06,16.290000915527344,14.670860290527344
2022-09-07,16.389999389648438,14.760919570922852
2022-09-08,16.3700008392334,14.742908477783203
2022-09-09,16.450000762939453,14.814956665039062
2022-09-12,16.510000228881836,14.868993759155273
2022-09-13,16.329999923706055,14.706883430480957
2022-09-14,16.31999969482422,14.697877883911133
2022-09-15,16.25,14.634835243225098
2022-09-16,16.25,14.634835243225098
2022-09-19,16.290000915527344,14.670860290527344
2022-09-20,16.239999771118164,14.62583065032959
2022-09-21,16.18000030517578,14.571793556213379
2022-09-22,16.18000030517578,14.571793556213379
2022-09-23,15.970000267028809,14.382665634155273
2022-09-26,15.84000015258789,14.265586853027344
2022-09-27,15.84000015258789,14.265586853027344
2022-09-28,15.949999809265137,14.364653587341309
2022-09-29,15.90999984741211,14.328629493713379
2022-09-30,15.869999885559082,14.29260540008545
2022-10-03,16.0,14.409684181213379
2022-10-04,16.1200008392334,14.517757415771484
2022-10-05,16.059999465942383,14.463719367980957
2022-10-06,15.989999771118164,14.400677680969238
2022-10-07,15.960000038146973,14.373659133911133
2022-10-10,15.970000267028809,14.382665634155273
2022-10-11,15.9399995803833,14.355648040771484
2022-10-12,15.90999984741211,14.328629493713379
2022-10-13,15.989999771118164,14.400677680969238
2022-10-14,15.859999656677246,14.283598899841309
2022-10-17,15.90999984741211,14.328629493713379
2022-10-18,15.899999618530273,14.319623947143555
2022-10-19,15.819999694824219,14.247574806213379
2022-10-20,15.829999923706055,14.25658130645752
2022-10-21,15.920000076293945,14.33763599395752
2022-10-24,15.779999732971191,14.21155071258545
2022-10-25,15.869999885559082,14.29260540008545
2022-10-26,15.979999542236328,14.391671180725098
2022-10-27,16.010000228881836,14.41869068145752
2022-10-28,16.0,14.409684181213379
2022-10-31,15.930000305175781,14.346641540527344
2022-11-01,16.010000228881836,14.41869068145752
2022-11-02,15.949999809265137,14.364653587341309
2022-11-03,15.920000076293945,14.33763599395752
2022-11-04,16.139999389648438,14.53576946258545
2022-11-07,16.170000076293945,14.562787055969238
2022-11-08,16.270000457763672,14.652847290039062
2022-11-09,16.239999771118164,14.62583065032959
2022-11-10,16.459999084472656,14.823962211608887
2022-11-11,16.59000015258789,14.941040992736816
2022-11-14,16.56999969482422,14.923027992248535
2022-11-15,16.6299991607666,14.97706413269043
2022-11-16,16.469999313354492,14.832967758178711
2022-11-17,16.360000610351562,14.733903884887695
2022-11-18,16.40999984741211,14.778931617736816
2022-11-21,16.350000381469727,14.724896430969238
2022-11-22,16.399999618530273,14.769926071166992
2022-11-23,16.5,14.859987258911133
2022-11-25,16.520000457763672,14.877999305725098
2022-11-28,16.520000457763672,14.877999305725098
2022-11-29,16.639999389648438,14.986071586608887
2022-11-30,16.719999313354492,15.05811882019043
2022-12-01,16.809999465942383,15.13917350769043
2022-12-02,16.829999923706055,15.157185554504395
2022-12-05,16.739999771118164,15.076131820678711
2022-12-06,16.75,15.085138320922852
2022-12-07,16.809999465942383,15.13917350769043
2022-12-08,16.90999984741211,15.229233741760254
2022-12-09,16.860000610351562,15.184205055236816
2022-12-12,16.780000686645508,15.112157821655273
2022-12-13,16.90999984741211,15.229233741760254
2022-12-14,16.899999618530273,15.22022819519043
2022-12-15,16.790000915527344,15.121161460876465
2022-12-16,16.760000228881836,15.094144821166992
2022-12-19,16.81999969482422,15.148180961608887
2022-12-20,16.899999618530273,15.22022819519043
2022-12-21,16.93000030517578,15.247248649597168
2022-12-22,16.93000030517578,15.247248649597168
2022-12-23,16.84000015258789,15.287191390991211
2022-12-27,16.809999465942383,15.259955406188965
2022-12-28,16.770000457763672,15.223645210266113
2022-12-29,16.850000381469727,15.29626750946045
2022-12-30,16.84000015258789,15.287191390991211
2023-01-03,16.760000228881836,15.214566230773926
2023-01-04,16.850000381469727,15.29626750946045
2023-01-05,16.809999465942383,15.259955406188965
2023-01-06,16.989999771118164,15.423357963562012
2023-01-09,17.079999923706055,15.505059242248535
2023-01-10,17.139999389648438,15.559526443481445
2023-01-11,17.200000762939453,15.613995552062988
2023-01-12,17.31999969482422,15.722928047180176
2023-01-13,17.329999923706055,15.732007026672363
2023-01-17,17.299999237060547,15.70477294921875
2023-01-18,17.260000228881836,15.668462753295898
2023-01-19,17.280000686645508,15.686617851257324
2023-01-20,17.360000610351562,15.759242057800293
2023-01-23,17.389999389648438,15.786474227905273
2023-01-24,17.420000076293945,15.813708305358887
2023-01-25,17.440000534057617,15.831865310668945
2023-01-26,17.5,15.886332511901855
2023-01-27,17.43000030517578,15.822786331176758
2023-01-30,17.389999389648438,15.786474227905273
2023-01-31,17.420000076293945,15.813708305358887
2023-02-01,17.600000381469727,15.977109909057617
2023-02-02,17.59000015258789,15.968033790588379
2023-02-03,17.350000381469727,15.750162124633789
2023-02-06,17.209999084472656,15.62307071685791
2023-02-07,17.260000228881836,15.668462753295898
2023-02-08,17.270000457763672,15.677539825439453
2023-02-09,17.229999542236328,15.641229629516602
2023-02-10,17.200000762939453,15.613995552062988
2023-02-13,17.219999313354492,15.632148742675781
2023-02-14,17.229999542236328,15.641229629516602
2023-02-15,17.100000381469727,15.523216247558594
2023-02-16,17.09000015258789,15.514137268066406
2023-02-17,17.110000610351562,15.532294273376465
2023-02-21,17.030000686645508,15.459670066833496
2023-02-22,17.06999969482422,15.495980262756348
2023-02-23,17.110000610351562,15.532294273376465
2023-02-24,17.020000457763672,15.450591087341309
2023-02-27,17.020000457763672,15.450591087341309
2023-02-28,17.030000686645508,15.459670066833496
2023-03-01,17.149999618530273,15.568604469299316
2023-03-02,17.110000610351562,15.532294273376465
2023-03-03,17.219999313354492,15.632148742675781
2023-03-06,17.239999771118164,15.65030574798584
2023-03-07,17.100000381469727,15.523216247558594
2023-03-08,17.1299991607666,15.550447463989258
2023-03-09,17.100000381469727,15.523216247558594
2023-03-10,17.1299991607666,15.550447463989258
2023-03-13,17.149999618530273,15.568604469299316
2023-03-14,17.190000534057617,15.6049165725708
2023-03-15,17.030000686645508,15.459670066833496
2023-03-16,17.09000015258789,15.514137268066406
2023-03-17,17.09000015258789,15.514137268066406
2023-03-20,17.1299991607666,15.550447463989258
2023-03-21,17.15999984741211,15.577683448791504
2023-03-22,17.219999313354492,15.632148742675781
2023-03-23,17.290000915527344,15.695694923400879
2023-03-24,17.270000457763672,15.677539825439453
2023-03-27,17.309999465942383,15.713851928710938
2023-03-28,17.40999984741211,15.8046293258667
2023-03-29,17.469999313354492,15.859097480773926
2023-03-30,17.469999313354492,15.859097480773926
2023-03-31,17.5,15.886332511901855
2023-04-03,17.469999313354492,15.859097480773926
2023-04-04,17.440000534057617,15.831865310668945
2023-04-05,17.420000076293945,15.813708305358887
2023-04-06,17.43000030517578,15.822786331176758
2023-04-10,17.3799991607666,15.777396202087402
2023-04-11,17.459999084472656,15.850018501281738
2023-04-12,17.510000228881836,15.89540958404541
2023-04-13,17.65999984741211,16.031578063964844
2023-04-14,17.6299991607666,16.004344940185547
2023-04-17,17.56999969482422,15.94987678527832
2023-04-18,17.540000915527344,15.922642707824707
2023-04-19,17.479999542236328,15.868175506591797
2023-04-20,17.540000915527344,15.922642707824707
2023-04-21,17.510000228881836,15.89540958404541
2023-04-24,17.540000915527344,15.922642707824707
2023-04-25,17.469999313354492,15.859097480773926
2023-04-26,17.520000457763672,15.904487609863281
2023-04-27,17.479999542236328,15.868175506591797
2023-04-28,17.5,15.886332511901855
2023-05-01,17.469999313354492,15.859097480773926
2023-05-02,17.389999389648438,15.786474227905273
2023-05-03,17.459999084472656,15.850018501281738
2023-05-04,17.540000915527344,15.922642707824707
2023-05-05,17.639999389648438,16.0134220123291
2023-05-08,17.6299991607666,16.004344940185547
2023-05-09,17.6299991607666,16.004344940185547
2023-05-10,17.610000610351562,15.986188888549805
2023-05-11,17.56999969482422,15.94987678527832
2023-05-12,17.489999771118164,15.877254486083984
2023-05-15,17.709999084472656,16.076967239379883
2023-05-16,17.579999923706055,15.958954811096191
2023-05-17,17.59000015258789,15.968033790588379
2023-05-18,17.450000762939453,15.840943336486816
2023-05-19,17.469999313354492,15.859097480773926
2023-05-22,17.399999618530273,15.795551300048828
2023-05-23,17.43000030517578,15.822786331176758
2023-05-24,17.450000762939453,15.840943336486816
2023-05-25,17.350000381469727,15.750162124633789
2023-05-26,17.40999984741211,15.8046293258667
2023-05-30,17.34000015258789,15.741085052490234
2023-05-31,17.239999771118164,15.65030574798584
2023-06-01,17.3700008392334,15.76832103729248
2023-06-02,17.520000457763672,15.904487609863281
2023-06-05,17.540000915527344,15.922642707824707
2023-06-06,17.559999465942383,15.940799713134766
2023-06-07,17.510000228881836,15.89540958404541
2023-06-08,17.520000457763672,15.904487609863281
2023-06-09,17.649999618530273,16.022499084472656
2023-06-12,17.610000610351562,15.986188888549805
2023-06-13,17.690000534057617,16.058813095092773
2023-06-14,17.760000228881836,16.122356414794922
2023-06-15,17.8700008392334,16.222213745117188
2023-06-16,17.809999465942383,16.167743682861328
2023-06-20,17.770000457763672,16.13143539428711
2023-06-21,17.81999969482422,16.17682456970215
2023-06-22,17.739999771118164,16.10420036315918
2023-06-23,17.6299991607666,16.004344940185547
2023-06-26,17.6299991607666,16.004344940185547
2023-06-27,17.670000076293945,16.04065704345703
2023-06-28,17.639999389648438,16.0134220123291
2023-06-29,17.549999237060547,15.931719779968262
2023-06-30,17.6299991607666,16.004344940185547
2023-07-03,17.65999984741211,16.031578063964844
2023-07-05,17.6299991607666,16.004344940185547
2023-07-06,17.489999771118164,15.877254486083984
2023-07-07,17.6200008392334,15.995266914367676
2023-07-10,17.6299991607666,16.004344940185547
2023-07-11,17.700000762939453,16.067890167236328
2023-07-12,17.860000610351562,16.213136672973633
2023-07-13,17.969999313354492,16.3129940032959
2023-07-14,17.93000030517578,16.276681900024414
2023-07-17,17.90999984741211,16.258525848388672
2023-07-18,17.979999542236328,16.32206916809082
2023-07-19,18.0,16.340227127075195
2023-07-20,17.940000534057617,16.28575897216797
2023-07-21,17.920000076293945,16.267602920532227
2023-07-24,17.959999084472656,16.30391502380371
2023-07-25,17.979999542236328,16.32206916809082
2023-07-26,18.030000686645508,16.367460250854492
2023-07-27,17.940000534057617,16.28575897216797
2023-07-28,18.030000686645508,16.367460250854492
2023-07-31,17.989999771118164,16.331148147583008
2023-08-01,17.860000610351562,16.213136672973633
2023-08-02,17.75,16.11328125
2023-08-03,17.639999389648438,16.0134220123291
2023-08-04,17.700000762939453,16.067890167236328
2023-08-07,17.649999618530273,16.022499084472656
2023-08-08,17.549999237060547,15.931719779968262
2023-08-09,17.600000381469727,15.977109909057617
2023-08-10,17.670000076293945,16.04065704345703
2023-08-11,17.600000381469727,15.977109909057617
2023-08-14,17.520000457763672,15.904487609863281
2023-08-15,17.459999084472656,15.850018501281738
2023-08-16,17.3799991607666,15.777396202087402
2023-08-17,17.420000076293945,15.813708305358887
2023-08-18,17.479999542236328,15.868175506591797
2023-08-21,17.5,15.886332511901855
2023-08-22,17.510000228881836,15.89540958404541
2023-08-23,17.610000610351562,15.986188888549805
2023-08-24,17.65999984741211,16.031578063964844
2023-08-25,17.649999618530273,16.022499084472656
2023-08-28,17.670000076293945,16.04065704345703
2023-08-29,17.709999084472656,16.076967239379883
2023-08-30,17.68000030517578,16.049732208251953
2023-08-31,17.639999389648438,16.0134220123291
2023-09-01,17.639999389648438,16.0134220123291
2023-09-05,17.489999771118164,15.877254486083984
2023-09-06,17.459999084472656,15.850018501281738
2023-09-07,17.43000030517578,15.822786331176758
2023-09-08,17.43000030517578,15.822786331176758
2023-09-11,17.540000915527344,15.922642707824707
2023-09-12,17.510000228881836,15.89540958404541
2023-09-13,17.56999969482422,15.94987678527832
2023-09-14,17.520000457763672,15.904487609863281
2023-09-15,17.56999969482422,15.94987678527832
2023-09-18,17.59000015258789,15.968033790588379
2023-09-19,17.59000015258789,15.968033790588379
2023-09-20,17.56999969482422,15.94987678527832
2023-09-21,17.549999237060547,15.931719779968262
2023-09-22,17.56999969482422,15.94987678527832
2023-09-25,17.459999084472656,15.850018501281738
2023-09-26,17.3799991607666,15.777396202087402
2023-09-27,17.299999237060547,15.70477294921875
2023-09-28,17.360000610351562,15.759242057800293
2023-09-29,17.399999618530273,15.795551300048828
2023-10-02,17.299999237060547,15.70477294921875
2023-10-03,17.170000076293945,15.586761474609375
2023-10-04,17.200000762939453,15.613995552062988
2023-10-05,17.18000030517578,15.59583854675293
2023-10-06,17.219999313354492,15.632148742675781
2023-10-09,17.18000030517578,15.59583854675293
2023-10-10,17.290000915527344,15.695694923400879
2023-10-11,17.3700008392334,15.76832103729248
2023-10-12,17.260000228881836,15.668462753295898
2023-10-13,17.270000457763672,15.677539825439453
2023-10-16,17.350000381469727,15.750162124633789
2023-10-17,17.360000610351562,15.759242057800293
2023-10-18,17.270000457763672,15.677539825439453
2023-10-19,17.290000915527344,15.695694923400879
2023-10-20,17.299999237060547,15.70477294921875
2023-10-23,17.34000015258789,15.741085052490234
2023-10-24,17.360000610351562,15.759242057800293
2023-10-25,17.329999923706055,15.732007026672363
2023-10-26,17.360000610351562,15.759242057800293
2023-10-27,17.420000076293945,15.813708305358887
2023-10-30,17.469999313354492,15.859097480773926
2023-10-31,17.469999313354492,15.859097480773926
2023-11-01,17.510000228881836,15.89540958404541
2023-11-02,17.639999389648438,16.0134220123291
2023-11-03,17.799999237060547,16.158668518066406
2023-11-06,17.829999923706055,16.185903549194336
2023-11-07,17.790000915527344,16.14959144592285
2023-11-08,17.729999542236328,16.095121383666992
2023-11-09,17.6299991607666,16.004344940185547
2023-11-10,17.700000762939453,16.067890167236328
2023-11-13,17.68000030517578,16.049732208251953
2023-11-14,17.93000030517578,16.276681900024414
2023-11-15,17.899999618530273,16.249446868896484
2023-11-16,17.940000534057617,16.28575897216797
2023-11-17,17.950000762939453,16.294837951660156
2023-11-20,18.020000457763672,16.358383178710938
2023-11-21,17.969999313354492,16.3129940032959
2023-11-22,17.920000076293945,16.267602920532227
2023-11-24,17.959999084472656,16.30391502380371
2023-11-27,18.020000457763672,16.358383178710938
2023-11-28,18.100000381469727,16.431007385253906
2023-11-29,18.040000915527344,16.37653923034668
2023-11-30,17.969999313354492,16.3129940032959
2023-12-01,18.1299991607666,16.45823860168457
2023-12-04,17.979999542236328,16.32206916809082
2023-12-05,17.969999313354492,16.3129940032959
2023-12-06,17.979999542236328,16.32206916809082
2023-12-07,18.010000228881836,16.34930419921875
2023-12-08,18.010000228881836,16.34930419921875
2023-12-11,17.979999542236328,16.32206916809082
2023-12-12,18.0,16.340227127075195
2023-12-13,18.139999389648438,16.467317581176758
2023-12-14,18.219999313354492,16.539941787719727
2023-12-15,18.18000030517578,16.503629684448242
2023-12-18,18.170000076293945,16.494550704956055
2023-12-19,18.260000228881836,16.576251983642578
2023-12-20,18.190000534057617,16.512706756591797
2023-12-21,18.260000228881836,16.576251983642578
2023-12-22,17.889999389648438,16.566991806030273
2023-12-26,17.950000762939453,16.622556686401367
2023-12-27,18.0,16.66885757446289
2023-12-28,17.989999771118164,16.659595489501953
2023-12-29,18.010000228881836,16.678119659423828
2024-01-02,17.8799991607666,16.55773162841797
2024-01-03,17.829999923706055,16.511430740356445
2024-01-04,17.81999969482422,16.502168655395508
2024-01-05,17.8799991607666,16.55773162841797
2024-01-08,17.860000610351562,16.53921127319336
2024-01-09,17.770000457763672,16.455867767333984
2024-01-10,17.739999771118164,16.428085327148438
2024-01-11,17.739999771118164,16.428085327148438
2024-01-12,17.799999237060547,16.4836483001709
2024-01-16,17.6200008392334,16.31696128845215
2024-01-17,17.559999465942383,16.261396408081055
2024-01-18,17.6299991607666,16.326217651367188
2024-01-19,17.68000030517578,16.372522354125977
2024-01-22,17.6299991607666,16.326217651367188
2024-01-23,17.600000381469727,16.298437118530273
2024-01-24,17.670000076293945,16.363262176513672
2024-01-25,17.639999389648438,16.335479736328125
2024-01-26,17.68000030517578,16.372522354125977
2024-01-29,17.639999389648438,16.335479736328125
2024-01-30,17.68000030517578,16.372522354125977
2024-01-31,17.68000030517578,16.372522354125977
2024-02-01,17.799999237060547,16.4836483001709
2024-02-02,17.59000015258789,16.2891788482666
2024-02-05,17.56999969482422,16.27065658569336
2024-02-06,17.6299991607666,16.326217651367188
2024-02-07,17.639999389648438,16.335479736328125
2024-02-08,17.600000381469727,16.298437118530273
2024-02-09,17.610000610351562,16.30769920349121
2024-02-12,17.65999984741211,16.354000091552734
2024-02-13,17.559999465942383,16.261396408081055
2024-02-14,17.670000076293945,16.363262176513672
2024-02-15,17.639999389648438,16.335479736328125
2024-02-16,17.649999618530273,16.344741821289062
2024-02-20,17.68000030517578,16.372522354125977
2024-02-21,17.68000030517578,16.372522354125977
2024-02-22,17.670000076293945,16.363262176513672
2024-02-23,17.610000610351562,16.30769920349121
2024-02-26,17.6299991607666,16.326217651367188
2024-02-27,17.670000076293945,16.363262176513672
2024-02-28,17.6299991607666,16.326217651367188
2024-02-29,17.68000030517578,16.372522354125977
2024-03-01,17.700000762939453,16.39104461669922
2024-03-04,17.68000030517578,16.372522354125977
2024-03-05,17.65999984741211,16.354000091552734
2024-03-06,17.729999542236328,16.4188232421875
2024-03-07,17.780000686645508,16.465126037597656
2024-03-08,17.829999923706055,16.511430740356445
2024-03-11,17.84000015258789,16.520689010620117
2024-03-12,17.84000015258789,16.520689010620117
2024-03-13,17.90999984741211,16.585512161254883
2024-03-14,17.860000610351562,16.53921127319336
2024-03-15,17.850000381469727,16.529951095581055
2024-03-18,17.770000457763672,16.455867767333984
2024-03-19,17.760000228881836,16.446605682373047
2024-03-20,17.809999465942383,16.49290657043457
2024-03-21,17.780000686645508,16.465126037597656
2024-03-22,17.700000762939453,16.39104461669922
2024-03-25,17.739999771118164,16.428085327148438
2024-03-26,17.739999771118164,16.428085327148438
2024-03-27,17.770000457763672,16.455867767333984
2024-03-28,17.75,16.437345504760742
2024-04-01,17.690000534057617,16.38178253173828
2024-04-02,17.75,16.437345504760742
2024-04-03,17.799999237060547,16.4836483001709
2024-04-04,17.8700008392334,16.548471450805664
2024-04-05,17.8700008392334,16.548471450805664
2024-04-08,17.899999618530273,16.576251983642578
2024-04-09,17.950000762939453,16.622556686401367
2024-04-10,17.81999969482422,16.502168655395508
2024-04-11,17.829999923706055,16.511430740356445
2024-04-12,17.68000030517578,16.372522354125977
2024-04-15,17.600000381469727,16.298437118530273
2024-04-16,17.520000457763672,16.224355697631836
2024-04-17,17.59000015258789,16.2891788482666
2024-04-18,17.56999969482422,16.27065658569336
2024-04-19,17.6299991607666,16.326217651367188
2024-04-22,17.610000610351562,16.30769920349121
2024-04-23,17.690000534057617,16.38178253173828
2024-04-24,17.639999389648438,16.335479736328125
2024-04-25,17.670000076293945,16.363262176513672
2024-04-26,17.690000534057617,16.38178253173828
2024-04-29,17.770000457763672,16.455867767333984
2024-04-30,17.670000076293945,16.363262176513672
2024-05-01,17.700000762939453,16.39104461669922
2024-05-02,17.790000915527344,16.474388122558594
2024-05-03,17.8799991607666,16.55773162841797
2024-05-06,17.889999389648438,16.566991806030273
2024-05-07,17.889999389648438,16.566991806030273
2024-05-08,17.8700008392334,16.548471450805664
2024-05-09,17.889999389648438,16.566991806030273
2024-05-10,17.889999389648438,16.566991806030273
2024-05-13,17.899999618530273,16.576251983642578
2024-05-14,17.950000762939453,16.622556686401367
2024-05-15,18.079999923706055,16.74294090270996
2024-05-16,18.110000610351562,16.770723342895508
2024-05-17,18.149999618530273,16.807764053344727
2024-05-20,18.149999618530273,16.807764053344727
2024-05-21,18.1299991607666,16.789243698120117
2024-05-22,18.040000915527344,16.705900192260742
2024-05-23,18.020000457763672,16.6873779296875
2024-05-24,18.040000915527344,16.705900192260742
2024-05-28,18.06999969482422,16.733680725097656
2024-05-29,17.959999084472656,16.63181495666504
2024-05-30,17.93000030517578,16.604034423828125
2024-05-31,17.920000076293945,16.59477424621582
2024-06-03,17.93000030517578,16.604034423828125
2024-06-04,17.84000015258789,16.520689010620117
2024-06-05,17.8700008392334,16.548471450805664
2024-06-06,17.889999389648438,16.566991806030273
2024-06-07,17.770000457763672,16.455867767333984
2024-06-10,17.770000457763672,16.455867767333984
2024-06-11,17.719999313354492,16.409563064575195
2024-06-12,17.770000457763672,16.455867767333984
2024-06-13,17.729999542236328,16.4188232421875
2024-06-14,17.670000076293945,16.363262176513672
2024-06-17,17.68000030517578,16.372522354125977
2024-06-18,17.729999542236328,16.4188232421875
2024-06-20,17.68000030517578,16.372522354125977
2024-06-21,17.709999084472656,16.40030288696289
2024-06-24,17.760000228881836,16.446605682373047
2024-06-25,17.739999771118164,16.428085327148438
2024-06-26,17.65999984741211,16.354000091552734
2024-06-27,17.65999984741211,16.354000091552734
2024-06-28,17.719999313354492,16.409563064575195
2024-07-01,17.670000076293945,16.363262176513672
2024-07-02,17.68000030517578,16.372522354125977
2024-07-03,17.780000686645508,16.465126037597656
2024-07-05,17.860000610351562,16.53921127319336
2024-07-08,17.8799991607666,16.55773162841797
2024-07-09,17.920000076293945,16.59477424621582
2024-07-10,18.0,16.66885757446289
2024-07-11,18.040000915527344,16.705900192260742
2024-07-12,18.09000015258789,16.7522029876709
2024-07-15,18.020000457763672,16.6873779296875
2024-07-16,18.049999237060547,16.715158462524414
2024-07-17,18.020000457763672,16.6873779296875
2024-07-18,17.899999618530273,16.576251983642578
2024-07-19,17.8799991607666,16.55773162841797
2024-07-22,17.93000030517578,16.604034423828125
2024-07-23,17.90999984741211,16.585512161254883
2024-07-24,17.8799991607666,16.55773162841797
2024-07-25,17.860000610351562,16.53921127319336
2024-07-26,17.90999984741211,16.585512161254883
2024-07-29,17.860000610351562,16.53921127319336
2024-07-30,17.8700008392334,16.548471450805664
2024-07-31,17.969999313354492,16.641075134277344
2024-08-01,17.889999389648438,16.566991806030273
2024-08-02,17.979999542236328,16.65033721923828
2024-08-05,17.889999389648438,16.566991806030273
2024-08-06,17.899999618530273,16.576251983642578
2024-08-07,17.93000030517578,16.604034423828125
2024-08-08,18.030000686645508,16.696640014648438
2024-08-09,18.110000610351562,16.770723342895508
2024-08-12,18.100000381469727,16.761463165283203
2024-08-13,18.260000228881836,16.909629821777344
2024-08-14,18.239999771118164,16.891109466552734
2024-08-15,18.25,16.900367736816406
2024-08-16,18.31999969482422,16.965192794799805
2024-08-19,18.450000762939453,17.085580825805664
2024-08-20,18.43000030517578,17.06705665588379
2024-08-21,18.399999618530273,17.039276123046875
2024-08-22,18.270000457763672,16.91889190673828
2024-08-23,18.5,17.131881713867188
2024-08-26,18.479999542236328,17.113361358642578
2024-08-27,18.440000534057617,17.076318740844727
2024-08-28,18.3799991607666,17.020753860473633
2024-08-29,18.34000015258789,16.983713150024414
2024-08-30,18.31999969482422,16.965192794799805
2024-09-03,18.209999084472656,16.863327026367188
2024-09-04,18.290000915527344,16.93741226196289
2024-09-05,18.350000381469727,16.99297523498535
2024-09-06,18.34000015258789,16.983713150024414
2024-09-09,18.309999465942383,16.955930709838867
2024-09-10,18.270000457763672,16.91889190673828
2024-09-11,18.350000381469727,16.99297523498535
2024-09-12,18.43000030517578,17.06705665588379
2024-09-13,18.510000228881836,17.141141891479492
2024-09-16,18.549999237060547,17.17818260192871
2024-09-17,18.530000686645508,17.159664154052734
2024-09-18,18.559999465942383,17.187442779541016
2024-09-19,18.610000610351562,17.233745574951172
2024-09-20,18.610000610351562,17.233745574951172
2024-09-23,18.6200008392334,17.24300765991211
2024-09-24,18.739999771118164,17.3541316986084
2024-09-25,18.68000030517578,17.29857063293457
2024-09-26,18.790000915527344,17.400436401367188
2024-09-27,18.770000457763672,17.381914138793945
2024-09-30,18.729999542236328,17.344871520996094
2024-10-01,18.729999542236328,17.344871520996094
2024-10-02,18.81999969482422,17.42821502685547
2024-10-03,18.6299991607666,17.252267837524414
2024-10-04,18.68000030517578,17.29857063293457
2024-10-07,18.6299991607666,17.252267837524414
2024-10-08,18.610000610351562,17.233745574951172
2024-10-09,18.549999237060547,17.17818260192871
2024-10-10,18.399999618530273,17.039276123046875
2024-10-11,18.5,17.131881713867188
2024-10-14,18.489999771118164,17.12261962890625
2024-10-15,18.389999389648438,17.03001594543457
2024-10-16,18.3799991607666,17.020753860473633
2024-10-17,18.360000610351562,17.002235412597656
2024-10-18,18.40999984741211,17.04853630065918
2024-10-21,18.329999923706055,16.97445297241211
2024-10-22,18.34000015258789,16.983713150024414
2024-10-23,18.290000915527344,16.93741226196289
2024-10-24,18.34000015258789,16.983713150024414
2024-10-25,18.270000457763672,16.91889190673828
2024-10-28,18.280000686645508,16.928150177001953
2024-10-29,18.239999771118164,16.891109466552734
2024-10-30,18.239999771118164,16.891109466552734
2024-10-31,18.239999771118164,16.891109466552734
2024-11-01,18.15999984741211,16.817026138305664
2024-11-04,18.239999771118164,16.891109466552734
2024-11-05,18.290000915527344,16.93741226196289
2024-11-06,18.18000030517578,16.835546493530273
2024-11-07,18.31999969482422,16.965192794799805
2024-11-08,18.15999984741211,16.817026138305664
2024-11-11,18.0,16.66885757446289
2024-11-12,18.0,16.66885757446289
2024-11-13,17.979999542236328,16.65033721923828
2024-11-14,17.959999084472656,16.63181495666504
2024-11-15,18.010000228881836,16.678119659423828
2024-11-18,18.1299991607666,16.789243698120117
2024-11-19,18.100000381469727,16.761463165283203
2024-11-20,18.049999237060547,16.715158462524414
2024-11-21,18.020000457763672,16.6873779296875
2024-11-22,18.010000228881836,16.678119659423828
2024-11-25,18.059999465942383,16.72442054748535
2024-11-26,18.020000457763672,16.6873779296875
2024-11-27,18.059999465942383,16.72442054748535
2024-11-29,18.09000015258789,16.7522029876709
2024-12-02,18.0,16.66885757446289
2024-12-03,18.020000457763672,16.6873779296875
2024-12-04,18.049999237060547,16.715158462524414
2024-12-05,18.149999618530273,16.807764053344727
2024-12-06,18.1200008392334,16.779983520507812
2024-12-09,18.149999618530273,16.807764053344727
2024-12-10,18.15999984741211,16.817026138305664
2024-12-11,18.149999618530273,16.807764053344727
2024-12-12,18.1299991607666,16.789243698120117
2024-12-13,18.09000015258789,16.7522029876709
2024-12-16,18.100000381469727,16.761463165283203
2024-12-17,18.049999237060547,16.715158462524414
2024-12-18,17.850000381469727,16.529951095581055
2024-12-19,17.899999618530273,16.576251983642578
2024-12-20,17.989999771118164,16.659595489501953
2024-12-23,17.93000030517578,16.604034423828125
2024-12-24,17.950000762939453,16.622556686401367
2024-12-26,17.049999237060547,16.639144897460938
2024-12-27,17.020000457763672,16.6098690032959
2024-12-30,17.030000686645508,16.61962890625
2024-12-31,16.920000076293945,16.512277603149414
2025-01-02,16.969999313354492,16.561073303222656
2025-01-03,16.950000762939453,16.541555404663086
2025-01-06,17.049999237060547,16.639144897460938
2025-01-07,17.06999969482422,16.658662796020508
2025-01-08,17.020000457763672,16.6098690032959
2025-01-10,16.93000030517578,16.522037506103516
2025-01-13,16.93000030517578,16.522037506103516
2025-01-14,17.0,16.590351104736328
2025-01-15,17.059999465942383,16.64890480041504
2025-01-16,17.020000457763672,16.6098690032959
2025-01-17,17.020000457763672,16.6098690032959
2025-01-21,17.15999984741211,16.74649429321289
2025-01-22,17.239999771118164,16.824567794799805
2025-01-23,17.299999237060547,16.883121490478516
2025-01-24,17.40999984741211,16.99047088623047
2025-01-27,17.329999923706055,16.912399291992188
2025-01-28,17.290000915527344,16.873363494873047
2025-01-29,17.329999923706055,16.912399291992188
2025-01-30,17.3799991607666,16.961193084716797
2025-01-31,17.25,16.834325790405273
2025-02-03,17.270000457763672,16.853845596313477
2025-02-04,17.3700008392334,16.951435089111328
2025-02-05,17.440000534057617,17.01974868774414
2025-02-06,17.399999618530273,16.980710983276367
2025-02-07,17.3799991607666,16.961193084716797
2025-02-10,17.3700008392334,16.951435089111328
2025-02-11,17.389999389648438,16.9709529876709
2025-02-12,17.40999984741211,16.99047088623047
2025-02-13,17.479999542236328,17.05878448486328
2025-02-14,17.600000381469727,17.175891876220703
2025-02-18,17.559999465942383,17.136856079101562
2025-02-19,17.520000457763672,17.097820281982422
2025-02-20,17.639999389648438,17.214927673339844
2025-02-21,17.600000381469727,17.175891876220703
2025-02-24,17.579999923706055,17.156373977661133
2025-02-25,17.56999969482422,17.14661407470703
2025-02-26,17.579999923706055,17.156373977661133
2025-02-27,17.469999313354492,17.04902458190918
2025-02-28,17.3799991607666,16.961193084716797
2025-03-03,17.43000030517578,17.00998878479004
2025-03-04,17.549999237060547,17.12709617614746
2025-03-05,17.700000762939453,17.273483276367188
2025-03-06,17.68000030517578,17.253965377807617
2025-03-07,17.649999618530273,17.224687576293945
2025-03-10,17.59000015258789,17.166133880615234
2025-03-11,17.700000762939453,17.273483276367188
2025-03-12,17.65999984741211,17.234445571899414
2025-03-13,17.649999618530273,17.224687576293945
2025-03-14,17.760000228881836,17.3320369720459
2025-03-17,17.81999969482422,17.39059066772461
2025-03-18,17.770000457763672,17.341796875
2025-03-19,17.700000762939453,17.273483276367188
2025-03-20,17.65999984741211,17.234445571899414
2025-03-21,17.670000076293945,17.244205474853516
2025-03-24,17.649999618530273,17.224687576293945
2025-03-25,17.65999984741211,17.234445571899414
2025-03-26,17.610000610351562,17.185651779174805
2025-03-27,17.610000610351562,17.185651779174805
2025-03-28,17.520000457763672,17.097820281982422
2025-03-31,17.579999923706055,17.156373977661133
2025-04-01,17.56999969482422,17.14661407470703
2025-04-02,17.559999465942383,17.136856079101562
2025-04-03,17.65999984741211,17.234445571899414
2025-04-04,17.3700008392334,16.951435089111328
2025-04-07,17.100000381469727,16.68794059753418
2025-04-08,17.06999969482422,16.658662796020508
2025-04-09,17.420000076293945,17.00023078918457
2025-04-10,17.43000030517578,17.00998878479004
2025-04-11,17.600000381469727,17.175891876220703
2025-04-14,17.610000610351562,17.185651779174805
2025-04-15,17.59000015258789,17.166133880615234
2025-04-16,17.700000762939453,17.273483276367188
2025-04-17,17.739999771118164,17.312519073486328
2025-04-21,17.829999923706055,17.40035057067871
2025-04-22,17.860000610351562,17.429628372192383
2025-04-23,17.81999969482422,17.39059066772461
2025-04-24,17.850000381469727,17.41986846923828
2025-04-25,17.8799991607666,17.44914436340332
2025-04-28,17.950000762939453,17.517459869384766
2025-04-29,17.959999084472656,17.5272159576416
2025-04-30,18.040000915527344,17.60529136657715
2025-05-01,17.90999984741211,17.478422164916992
2025-05-02,18.1299991607666,17.6931209564209
2025-05-05,18.209999084472656,17.77119255065918
2025-05-06,18.270000457763672,17.829748153686523
2025-05-07,18.18000030517578,17.74191665649414
2025-05-08,18.139999389648438,17.702878952026367
2025-05-09,18.190000534057617,17.751676559448242
2025-05-12,18.079999923706055,17.644325256347656
2025-05-13,18.09000015258789,17.654085159301758
2025-05-14,18.110000610351562,17.673603057861328
2025-05-15,18.239999771118164,17.80047035217285
2025-05-16,18.139999389648438,17.702878952026367
2025-05-19,18.200000762939453,17.76143455505371
2025-05-20,18.299999237060547,17.859024047851562
2025-05-21,18.309999465942383,17.86878204345703
2025-05-22,18.290000915527344,17.849266052246094
2025-05-23,18.43000030517578,17.985891342163086
2025-05-27,18.329999923706055,17.888301849365234
2025-05-28,18.34000015258789,17.898059844970703
2025-05-29,18.399999618530273,17.956613540649414
2025-05-30,18.34000015258789,17.898059844970703
2025-06-02,18.329999923706055,17.888301849365234
2025-06-03,18.309999465942383,17.86878204345703
2025-06-04,18.389999389648438,17.946855545043945
2025-06-05,18.479999542236328,18.034687042236328
2025-06-06,18.450000762939453,18.00541114807129
2025-06-09,18.459999084472656,18.015167236328125
2025-06-10,18.440000534057617,17.995651245117188
2025-06-11,18.489999771118164,18.044445037841797
2025-06-12,18.549999237060547,18.102998733520508
2025-06-13,18.489999771118164,18.044445037841797
2025-06-16,18.530000686645508,18.08348274230957
2025-06-17,18.43000030517578,17.985891342163086
2025-06-18,18.43000030517578,17.985891342163086
2025-06-20,18.469999313354492,18.024927139282227
2025-06-23,18.420000076293945,17.976133346557617
2025-06-24,18.559999465942383,18.11275863647461
2025-06-25,18.559999465942383,18.11275863647461
2025-06-26,18.6299991607666,18.181072235107422
2025-06-27,18.610000610351562,18.16155433654785
2025-06-30,18.700000762939453,18.249385833740234
2025-07-01,18.760000228881836,18.307939529418945
2025-07-02,18.739999771118164,18.288421630859375
2025-07-03,18.729999542236328,18.278661727905273
2025-07-07,18.600000381469727,18.151796340942383
2025-07-08,18.610000610351562,18.16155433654785
2025-07-09,18.59000015258789,18.14203643798828
2025-07-10,18.600000381469727,18.151796340942383
2025-07-11,18.59000015258789,18.14203643798828
2025-07-14,18.5,18.0542049407959
2025-07-15,18.520000457763672,18.07372283935547
2025-07-16,18.579999923706055,18.13227653503418
2025-07-17,18.510000228881836,18.06396484375
2025-07-18,18.6299991607666,18.181072235107422
2025-07-21,18.690000534057617,18.239627838134766
2025-07-22,18.65999984741211,18.210350036621094
2025-07-23,18.700000762939453,18.249385833740234
2025-07-24,18.719999313354492,18.268903732299805
2025-07-25,18.59000015258789,18.14203643798828
2025-07-28,18.459999084472656,18.015167236328125
2025-07-29,18.510000228881836,18.06396484375
2025-07-30,18.420000076293945,17.976133346557617
2025-07-31,18.3700008392334,17.927337646484375
2025-08-01,18.489999771118164,18.044445037841797
2025-08-04,18.540000915527344,18.093242645263672
2025-08-05,18.440000534057617,17.995651245117188
2025-08-06,18.59000015258789,18.14203643798828
2025-08-07,18.559999465942383,18.11275863647461
2025-08-08,18.579999923706055,18.13227653503418
2025-08-11,18.549999237060547,18.102998733520508
2025-08-12,18.579999923706055,18.13227653503418
2025-08-13,18.719999313354492,18.268903732299805
2025-08-14,18.649999618530273,18.200590133666992
2025-08-15,18.59000015258789,18.14203643798828
2025-08-18,18.600000381469727,18.151796340942383
2025-08-19,18.559999465942383,18.11275863647461
2025-08-20,18.59000015258789,18.14203643798828
2025-08-21,18.56999969482422,18.12251853942871
2025-08-22,18.700000762939453,18.249385833740234
2025-08-25,18.690000534057617,18.239627838134766
2025-08-26,18.65999984741211,18.210350036621094
2025-08-27,18.700000762939453,18.249385833740234
2025-08-28,18.690000534057617,18.239627838134766
2025-08-29,18.690000534057617,18.239627838134766
2025-09-02,18.6299991607666,18.181072235107422
2025-09-03,18.68000030517578,18.229867935180664
2025-09-04,18.670000076293945,18.220108032226562
2025-09-05,18.81999969482422,18.366493225097656
2025-09-08,18.860000610351562,18.40553092956543
2025-09-09,18.799999237060547,18.346975326538086
2025-09-10,18.790000915527344,18.337217330932617
2025-09-11,18.829999923706055,18.376253128051758
2025-09-12,18.84000015258789,18.38601303100586
2025-09-15,18.84000015258789,18.38601303100586
2025-09-16,19.010000228881836,18.551916122436523
2025-09-17,18.969999313354492,18.51287841796875
2025-09-18,18.920000076293945,18.46408462524414
2025-09-19,18.8700008392334,18.41529083251953
2025-09-22,18.93000030517578,18.473844528198242
2025-09-23,18.93000030517578,18.473844528198242
2025-09-24,18.770000457763672,18.317699432373047
2025-09-25,18.780000686645508,18.32745933532715
2025-09-26,18.780000686645508,18.32745933532715
2025-09-29,18.8700008392334,18.41529083251953
2025-09-30,18.81999969482422,18.366493225097656
2025-10-01,18.850000381469727,18.395771026611328
2025-10-02,18.81999969482422,18.366493225097656
2025-10-03,18.889999389648438,18.43480682373047
2025-10-06,18.850000381469727,18.395771026611328
2025-10-07,18.81999969482422,18.366493225097656
2025-10-08,18.829999923706055,18.376253128051758
2025-10-09,18.799999237060547,18.346975326538086
2025-10-10,18.770000457763672,18.317699432373047
2025-10-13,18.809999465942383,18.356735229492188
2025-10-14,18.790000915527344,18.337217330932617
2025-10-15,18.8700008392334,18.41529083251953
2025-10-16,18.899999618530273,18.44456672668457
2025-10-17,18.920000076293945,18.46408462524414
2025-10-20,18.989999771118164,18.53239631652832
2025-10-21,18.979999542236328,18.52263832092285
2025-10-22,18.940000534057617,18.48360252380371
2025-10-23,18.959999084472656,18.50312042236328
2025-10-24,18.979999542236328,18.52263832092285
2025-10-27,18.969999313354492,18.51287841796875
2025-10-28,19.040000915527344,18.581193923950195
2025-10-29,19.049999237060547,18.59095001220703
2025-10-30,19.020000457763672,18.561674118041992
2025-10-31,19.010000228881836,18.551916122436523
2025-11-03,19.049999237060547,18.59095001220703
2025-11-04,18.950000762939453,18.493362426757812
2025-11-05,19.0,18.542156219482422
2025-11-06,19.059999465942383,18.600709915161133
2025-11-07,19.1200008392334,18.659265518188477
2025-11-10,19.100000381469727,18.639747619628906
2025-11-11,19.09000015258789,18.629987716674805
2025-11-12,19.09000015258789,18.629987716674805
2025-11-13,19.139999389648438,18.678781509399414
2025-11-14,19.079999923706055,18.620227813720703
2025-11-17,19.040000915527344,18.581193923950195
2025-11-18,19.059999465942383,18.600709915161133
2025-11-19,19.059999465942383,18.600709915161133
2025-11-20,18.989999771118164,18.53239631652832
2025-11-21,18.959999084472656,18.50312042236328
2025-11-24,18.959999084472656,18.50312042236328
2025-11-25,19.030000686645508,18.571434020996094
2025-11-26,19.100000381469727,18.639747619628906
2025-11-28,19.110000610351562,18.649505615234375
2025-12-01,19.09000015258789,18.629987716674805
2025-12-02,19.110000610351562,18.649505615234375
2025-12-03,19.149999618530273,18.688541412353516
2025-12-04,19.239999771118164,18.7763729095459
2025-12-05,19.239999771118164,18.7763729095459
2025-12-08,19.200000762939453,18.737337112426758
2025-12-09,19.219999313354492,18.756855010986328
2025-12-10,19.209999084472656,18.747095108032227
2025-12-11,19.309999465942383,18.84468650817871
2025-12-12,19.280000686645508,18.815410614013672
2025-12-15,19.309999465942383,18.84468650817871
2025-12-16,19.3799991607666,18.91299819946289
2025-12-17,19.34000015258789,18.873964309692383
2025-12-18,19.350000381469727,18.88372230529785
2025-12-19,19.290000915527344,18.82516860961914
2025-12-22,19.34000015258789,18.873964309692383
2025-12-23,19.290000915527344,18.82516860961914
2025-12-24,19.3799991607666,18.91299819946289
2025-12-26,18.899999618530273,18.899999618530273
2025-12-29,18.850000381469727,18.850000381469727
2025-12-30,18.889999389648438,18.889999389648438
2025-12-31,18.899999618530273,18.899999618530273
2026-01-02,18.979999542236328,18.979999542236328
