date,close,adj_close
2014-12-01,0.9677000045776367,0.9677000045776367
2014-12-02,0.9646900296211243,0.9646900296211243
2014-12-03,0.9718000292778015,0.9718000292778015
2014-12-04,0.977150022983551,0.977150022983551
2014-12-05,0.9706000089645386,0.9706000089645386
2014-12-08,0.9782000184059143,0.9782000184059143
2014-12-09,0.9762399792671204,0.9762399792671204
2014-12-10,0.9703999757766724,0.9703999757766724
2014-12-11,0.9646599888801575,0.9646599888801575
2014-12-12,0.9692500233650208,0.9692500233650208
2014-12-15,0.9637799859046936,0.9637799859046936
2014-12-16,0.9650999903678894,0.9650999903678894
2014-12-17,0.9596999883651733,0.9596999883651733
2014-12-18,0.9732999801635742,0.9732999801635742
2014-12-19,0.9796000123023987,0.9796000123023987
2014-12-22,0.9842000007629395,0.9842000007629395
2014-12-23,0.9843199849128723,0.9843199849128723
2014-12-24,0.9876000285148621,0.9876000285148621
2014-12-25,0.9860000014305115,0.9860000014305115
2014-12-26,0.9848999977111816,0.9848999977111816
2014-12-29,0.9883000254631042,0.9883000254631042
2014-12-30,0.9894999861717224,0.9894999861717224
2014-12-31,0.98853999376297,0.98853999376297
2015-01-01,0.9941099882125854,0.9941099882125854
2015-01-02,0.9940999746322632,0.9940999746322632
2015-01-05,1.0058000087738037,1.0058000087738037
2015-01-06,1.0061999559402466,1.0061999559402466
2015-01-07,1.011299967765808,1.011299967765808
2015-01-08,1.014739990234375,1.014739990234375
2015-01-09,1.0182900428771973,1.0182900428771973
2015-01-12,1.0118199586868286,1.0118199586868286
2015-01-13,1.0148999691009521,1.0148999691009521
2015-01-14,1.0195000171661377,1.0195000171661377
2015-01-15,1.0189299583435059,1.0189299583435059
2015-01-16,0.8543999791145325,0.8543999791145325
2015-01-19,0.8582000136375427,0.8582000136375427
2015-01-20,0.8796700239181519,0.8796700239181519
2015-01-21,0.8743199706077576,0.8743199706077576
2015-01-22,0.8604999780654907,0.8604999780654907
2015-01-23,0.8716999888420105,0.8716999888420105
2015-01-26,0.8810999989509583,0.8810999989509583
2015-01-27,0.9013000130653381,0.9013000130653381
2015-01-28,0.8992000222206116,0.8992000222206116
2015-01-29,0.9070000052452087,0.9070000052452087
2015-01-30,0.9225000143051147,0.9225000143051147
2015-02-02,0.9212999939918518,0.9212999939918518
2015-02-03,0.9271000027656555,0.9271000027656555
2015-02-04,0.9247499704360962,0.9247499704360962
2015-02-05,0.9259999990463257,0.9259999990463257
2015-02-06,0.921999990940094,0.921999990940094
2015-02-09,0.9262999892234802,0.9262999892234802
2015-02-10,0.9246000051498413,0.9246000051498413
2015-02-11,0.9265000224113464,0.9265000224113464
2015-02-12,0.9286999702453613,0.9286999702453613
2015-02-13,0.9299399852752686,0.9299399852752686
2015-02-16,0.9316999912261963,0.9316999912261963
2015-02-17,0.9324700236320496,0.9324700236320496
2015-02-18,0.9361400008201599,0.9361400008201599
2015-02-19,0.9419000148773193,0.9419000148773193
2015-02-20,0.949429988861084,0.949429988861084
2015-02-23,0.9405999779701233,0.9405999779701233
2015-02-24,0.9506000280380249,0.9506000280380249
2015-02-25,0.9501000046730042,0.9501000046730042
2015-02-26,0.9485099911689758,0.9485099911689758
2015-02-27,0.9526000022888184,0.9526000022888184
2015-03-02,0.9542999863624573,0.9542999863624573
2015-03-03,0.9585000276565552,0.9585000276565552
2015-03-04,0.9607999920845032,0.9607999920845032
2015-03-05,0.9634000062942505,0.9634000062942505
2015-03-06,0.9736300110816956,0.9736300110816956
2015-03-09,0.984499990940094,0.984499990940094
2015-03-10,0.9871900081634521,0.9871900081634521
2015-03-11,0.9980999827384949,0.9980999827384949
2015-03-12,1.0090500116348267,1.0090500116348267
2015-03-13,1.0026999711990356,1.0026999711990356
2015-03-16,1.0066499710083008,1.0066499710083008
2015-03-17,1.007699966430664,1.007699966430664
2015-03-18,1.0056300163269043,1.0056300163269043
2015-03-19,0.9811000227928162,0.9811000227928162
2015-03-20,0.9897400140762329,0.9897400140762329
2015-03-23,0.9775000214576721,0.9775000214576721
2015-03-24,0.9660000205039978,0.9660000205039978
2015-03-25,0.9595699906349182,0.9595699906349182
2015-03-26,0.9603800177574158,0.9603800177574158
2015-03-27,0.9631800055503845,0.9631800055503845
2015-03-30,0.9612200260162354,0.9612200260162354
2015-03-31,0.9673600196838379,0.9673600196838379
2015-04-01,0.9721999764442444,0.9721999764442444
2015-04-02,0.9661999940872192,0.9661999940872192
2015-04-03,0.9599699974060059,0.9599699974060059
2015-04-06,0.9521399736404419,0.9521399736404419
2015-04-07,0.9579499959945679,0.9579499959945679
2015-04-08,0.9656000137329102,0.9656000137329102
2015-04-09,0.9661499857902527,0.9661499857902527
2015-04-10,0.9769700169563293,0.9769700169563293
2015-04-13,0.9790800213813782,0.9790800213813782
2015-04-14,0.9771999716758728,0.9771999716758728
2015-04-15,0.9727399945259094,0.9727399945259094
2015-04-16,0.9648000001907349,0.9648000001907349
2015-04-17,0.9564599990844727,0.9564599990844727
2015-04-20,0.9513999819755554,0.9513999819755554
2015-04-21,0.955299973487854,0.955299973487854
2015-04-22,0.9545999765396118,0.9545999765396118
2015-04-23,0.9693999886512756,0.9693999886512756
2015-04-24,0.955299973487854,0.955299973487854
2015-04-27,0.9534400105476379,0.9534400105476379
2015-04-28,0.9552099704742432,0.9552099704742432
2015-04-29,0.9562900066375732,0.9562900066375732
2015-04-30,0.9402999877929688,0.9402999877929688
2015-05-01,0.9332000017166138,0.9332000017166138
2015-05-04,0.9333000183105469,0.9333000183105469
2015-05-05,0.9336599707603455,0.9336599707603455
2015-05-06,0.9271900057792664,0.9271900057792664
2015-05-07,0.9165499806404114,0.9165499806404114
2015-05-08,0.9217000007629395,0.9217000007629395
2015-05-11,0.9315199851989746,0.9315199851989746
2015-05-12,0.934499979019165,0.934499979019165
2015-05-13,0.9283199906349182,0.9283199906349182
2015-05-14,0.9169999957084656,0.9169999957084656
2015-05-15,0.9125999808311462,0.9125999808311462
2015-05-18,0.9153000116348267,0.9153000116348267
2015-05-19,0.9259999990463257,0.9259999990463257
2015-05-20,0.9370999932289124,0.9370999932289124
2015-05-21,0.9361000061035156,0.9361000061035156
2015-05-22,0.936959981918335,0.936959981918335
2015-05-25,0.9433000087738037,0.9433000087738037
2015-05-26,0.9455000162124634,0.9455000162124634
2015-05-27,0.95169997215271,0.95169997215271
2015-05-28,0.9497900009155273,0.9497900009155273
2015-05-29,0.9430000185966492,0.9430000185966492
2015-06-01,0.9412999749183655,0.9412999749183655
2015-06-02,0.9459999799728394,0.9459999799728394
2015-06-03,0.9334099888801575,0.9334099888801575
2015-06-04,0.9345399737358093,0.9345399737358093
2015-06-05,0.9345999956130981,0.9345999956130981
2015-06-08,0.9402599930763245,0.9402599930763245
2015-06-09,0.9273999929428101,0.9273999929428101
2015-06-10,0.9300199747085571,0.9300199747085571
2015-06-11,0.932129979133606,0.932129979133606
2015-06-12,0.933899998664856,0.933899998664856
2015-06-15,0.9297999739646912,0.9297999739646912
2015-06-16,0.9298400282859802,0.9298400282859802
2015-06-17,0.9316999912261963,0.9316999912261963
2015-06-18,0.9208999872207642,0.9208999872207642
2015-06-19,0.9212999939918518,0.9212999939918518
2015-06-22,0.9181100130081177,0.9181100130081177
2015-06-23,0.9211900234222412,0.9211900234222412
2015-06-24,0.9334999918937683,0.9334999918937683
2015-06-25,0.9334999918937683,0.9334999918937683
2015-06-26,0.9365299940109253,0.9365299940109253
2015-06-29,0.940500020980835,0.940500020980835
2015-06-30,0.9258999824523926,0.9258999824523926
2015-07-01,0.9347000122070312,0.9347000122070312
2015-07-02,0.9487400054931641,0.9487400054931641
2015-07-03,0.9434000253677368,0.9434000253677368
2015-07-06,0.944100022315979,0.944100022315979
2015-07-07,0.9429299831390381,0.9429299831390381
2015-07-08,0.9465600252151489,0.9465600252151489
2015-07-09,0.9455999732017517,0.9455999732017517
2015-07-10,0.9478999972343445,0.9478999972343445
2015-07-13,0.9400299787521362,0.9400299787521362
2015-07-14,0.9503999948501587,0.9503999948501587
2015-07-15,0.9448699951171875,0.9448699951171875
2015-07-16,0.9521999955177307,0.9521999955177307
2015-07-17,0.957099974155426,0.957099974155426
2015-07-20,0.9621999859809875,0.9621999859809875
2015-07-21,0.9634000062942505,0.9634000062942505
2015-07-22,0.9580000042915344,0.9580000042915344
2015-07-23,0.9596999883651733,0.9596999883651733
2015-07-24,0.9592999815940857,0.9592999815940857
2015-07-27,0.9624999761581421,0.9624999761581421
2015-07-28,0.9620000123977661,0.9620000123977661
2015-07-29,0.9616299867630005,0.9616299867630005
2015-07-30,0.9673699736595154,0.9673699736595154
2015-07-31,0.9682999849319458,0.9682999849319458
2015-08-03,0.9671000242233276,0.9671000242233276
2015-08-04,0.9692000150680542,0.9692000150680542
2015-08-05,0.9779000282287598,0.9779000282287598
2015-08-06,0.9790400266647339,0.9790400266647339
2015-08-07,0.9809899926185608,0.9809899926185608
2015-08-10,0.9833999872207642,0.9833999872207642
2015-08-11,0.9836000204086304,0.9836000204086304
2015-08-12,0.9881600141525269,0.9881600141525269
2015-08-13,0.9753000140190125,0.9753000140190125
2015-08-14,0.9753999710083008,0.9753999710083008
2015-08-17,0.9771000146865845,0.9771000146865845
2015-08-18,0.9782000184059143,0.9782000184059143
2015-08-19,0.977400004863739,0.977400004863739
2015-08-20,0.9656999707221985,0.9656999707221985
2015-08-21,0.9591000080108643,0.9591000080108643
2015-08-24,0.9473000168800354,0.9473000168800354
2015-08-25,0.9325000047683716,0.9325000047683716
2015-08-26,0.9391000270843506,0.9391000270843506
2015-08-27,0.9519000053405762,0.9519000053405762
2015-08-28,0.9653000235557556,0.9653000235557556
2015-08-31,0.9610999822616577,0.9610999822616577
2015-09-01,0.9650999903678894,0.9650999903678894
2015-09-02,0.9599999785423279,0.9599999785423279
2015-09-03,0.9697999954223633,0.9697999954223633
2015-09-04,0.973800003528595,0.973800003528595
2015-09-07,0.9718999862670898,0.9718999862670898
2015-09-08,0.9754999876022339,0.9754999876022339
2015-09-09,0.9778000116348267,0.9778000116348267
2015-09-10,0.9750999808311462,0.9750999808311462
2015-09-11,0.9732000231742859,0.9732000231742859
2015-09-14,0.968999981880188,0.968999981880188
2015-09-15,0.9682000279426575,0.9682000279426575
2015-09-16,0.9741100072860718,0.9741100072860718
2015-09-17,0.9700999855995178,0.9700999855995178
2015-09-18,0.9620699882507324,0.9620699882507324
2015-09-21,0.9692999720573425,0.9692999720573425
2015-09-22,0.9718000292778015,0.9718000292778015
2015-09-23,0.9753999710083008,0.9753999710083008
2015-09-24,0.9790999889373779,0.9790999889373779
2015-09-25,0.9779999852180481,0.9779999852180481
2015-09-28,0.9793000221252441,0.9793000221252441
2015-09-29,0.9746999740600586,0.9746999740600586
2015-09-30,0.9710000157356262,0.9710000157356262
2015-10-01,0.9740999937057495,0.9740999937057495
2015-10-02,0.9761999845504761,0.9761999845504761
2015-10-05,0.9710999727249146,0.9710999727249146
2015-10-06,0.9753999710083008,0.9753999710083008
2015-10-07,0.9674599766731262,0.9674599766731262
2015-10-08,0.9732999801635742,0.9732999801635742
2015-10-09,0.9661999940872192,0.9661999940872192
2015-10-12,0.9610000252723694,0.9610000252723694
2015-10-13,0.9627000093460083,0.9627000093460083
2015-10-14,0.958299994468689,0.958299994468689
2015-10-15,0.949400007724762,0.949400007724762
2015-10-16,0.9513000249862671,0.9513000249862671
2015-10-19,0.953029990196228,0.953029990196228
2015-10-20,0.9562699794769287,0.9562699794769287
2015-10-21,0.9560400247573853,0.9560400247573853
2015-10-22,0.959119975566864,0.959119975566864
2015-10-23,0.9735000133514404,0.9735000133514404
2015-10-26,0.978600025177002,0.978600025177002
2015-10-27,0.9824399948120117,0.9824399948120117
2015-10-28,0.9869999885559082,0.9869999885559082
2015-10-29,0.9936000108718872,0.9936000108718872
2015-10-30,0.9886999726295471,0.9886999726295471
2015-11-02,0.9862800240516663,0.9862800240516663
2015-11-03,0.9869800209999084,0.9869800209999084
2015-11-04,0.9909999966621399,0.9909999966621399
2015-11-05,0.992900013923645,0.992900013923645
2015-11-06,0.9951500296592712,0.9951500296592712
2015-11-09,1.0053999423980713,1.0053999423980713
2015-11-10,1.0030800104141235,1.0030800104141235
2015-11-11,1.005210041999817,1.005210041999817
2015-11-12,1.0035300254821777,1.0035300254821777
2015-11-13,1.0003600120544434,1.0003600120544434
2015-11-16,1.0080000162124634,1.0080000162124634
2015-11-17,1.0094499588012695,1.0094499588012695
2015-11-18,1.01419997215271,1.01419997215271
2015-11-19,1.0189000368118286,1.0189000368118286
2015-11-20,1.0134600400924683,1.0134600400924683
2015-11-23,1.0194900035858154,1.0194900035858154
2015-11-24,1.018180012702942,1.018180012702942
2015-11-25,1.0169999599456787,1.0169999599456787
2015-11-26,1.0217000246047974,1.0217000246047974
2015-11-27,1.0236300230026245,1.0236300230026245
2015-11-30,1.0302000045776367,1.0302000045776367
2015-12-01,1.0289000272750854,1.0289000272750854
2015-12-02,1.0262000560760498,1.0262000560760498
2015-12-03,1.0183600187301636,1.0183600187301636
2015-12-04,0.9937000274658203,0.9937000274658203
2015-12-07,0.9968000054359436,0.9968000054359436
2015-12-08,1.0003999471664429,1.0003999471664429
2015-12-09,0.9927999973297119,0.9927999973297119
2015-12-10,0.983299970626831,0.983299970626831
2015-12-11,0.9879999756813049,0.9879999756813049
2015-12-14,0.9837999939918518,0.9837999939918518
2015-12-15,0.9854999780654907,0.9854999780654907
2015-12-16,0.9906899929046631,0.9906899929046631
2015-12-17,0.9926599860191345,0.9926599860191345
2015-12-18,0.9944000244140625,0.9944000244140625
2015-12-21,0.9918199777603149,0.9918199777603149
2015-12-22,0.9926999807357788,0.9926999807357788
2015-12-23,0.9878000020980835,0.9878000020980835
2015-12-24,0.9904999732971191,0.9904999732971191
2015-12-25,0.9862499833106995,0.9862499833106995
2015-12-28,0.9867799878120422,0.9867799878120422
2015-12-29,0.9879400134086609,0.9879400134086609
2015-12-30,0.9922099709510803,0.9922099709510803
2015-12-31,0.9879999756813049,0.9879999756813049
2016-01-01,1.0013600587844849,1.0013600587844849
2016-01-04,0.9994999766349792,0.9994999766349792
2016-01-05,1.0024199485778809,1.0024199485778809
2016-01-06,1.0083999633789062,1.0083999633789062
2016-01-07,1.007390022277832,1.007390022277832
2016-01-08,0.9937000274658203,0.9937000274658203
2016-01-11,0.9921000003814697,0.9921000003814697
2016-01-12,1.0015000104904175,1.0015000104904175
2016-01-13,1.0029000043869019,1.0029000043869019
2016-01-14,1.00600004196167,1.00600004196167
2016-01-15,1.0052000284194946,1.0052000284194946
2016-01-18,1.0017000436782837,1.0017000436782837
2016-01-19,1.0049999952316284,1.0049999952316284
2016-01-20,1.0032000541687012,1.0032000541687012
2016-01-21,1.0055700540542603,1.0055700540542603
2016-01-22,1.0078999996185303,1.0078999996185303
2016-01-25,1.0161199569702148,1.0161199569702148
2016-01-26,1.0124000310897827,1.0124000310897827
2016-01-27,1.017240047454834,1.017240047454834
2016-01-28,1.014299988746643,1.014299988746643
2016-01-29,1.013800024986267,1.013800024986267
2016-02-01,1.0245000123977661,1.0245000123977661
2016-02-02,1.0195000171661377,1.0195000171661377
2016-02-03,1.0186899900436401,1.0186899900436401
2016-02-04,1.0052000284194946,1.0052000284194946
2016-02-05,0.9933900237083435,0.9933900237083435
2016-02-08,0.9927999973297119,0.9927999973297119
2016-02-09,0.9871000051498413,0.9871000051498413
2016-02-10,0.9728999733924866,0.9728999733924866
2016-02-11,0.9733999967575073,0.9733999967575073
2016-02-12,0.9722999930381775,0.9722999930381775
2016-02-15,0.9782000184059143,0.9782000184059143
2016-02-16,0.9857000112533569,0.9857000112533569
2016-02-17,0.9883000254631042,0.9883000254631042
2016-02-18,0.9925000071525574,0.9925000071525574
2016-02-19,0.9930899739265442,0.9930899739265442
2016-02-22,0.9906200170516968,0.9906200170516968
2016-02-23,0.9994999766349792,0.9994999766349792
2016-02-24,0.9909999966621399,0.9909999966621399
2016-02-25,0.9890999794006348,0.9890999794006348
2016-02-26,0.9900000095367432,0.9900000095367432
2016-02-29,0.9966999888420105,0.9966999888420105
2016-03-01,0.9976999759674072,0.9976999759674072
2016-03-02,0.9965999722480774,0.9965999722480774
2016-03-03,0.996399998664856,0.996399998664856
2016-03-04,0.9922999739646912,0.9922999739646912
2016-03-07,0.9939000010490417,0.9939000010490417
2016-03-08,0.9952999949455261,0.9952999949455261
2016-03-09,0.9964100122451782,0.9964100122451782
2016-03-10,0.998199999332428,0.998199999332428
2016-03-11,0.984499990940094,0.984499990940094
2016-03-14,0.982699990272522,0.982699990272522
2016-03-15,0.9870200157165527,0.9870200157165527
2016-03-16,0.9869999885559082,0.9869999885559082
2016-03-17,0.9779300093650818,0.9779300093650818
2016-03-18,0.9670500159263611,0.9670500159263611
2016-03-21,0.9693300127983093,0.9693300127983093
2016-03-22,0.970740020275116,0.970740020275116
2016-03-23,0.9728000164031982,0.9728000164031982
2016-03-24,0.9753000140190125,0.9753000140190125
2016-03-25,0.9759899973869324,0.9759899973869324
2016-03-28,0.9782999753952026,0.9782999753952026
2016-03-29,0.9734500050544739,0.9734500050544739
2016-03-30,0.9664000272750854,0.9664000272750854
2016-03-31,0.9649500250816345,0.9649500250816345
2016-04-01,0.9610000252723694,0.9610000252723694
2016-04-04,0.9585999846458435,0.9585999846458435
2016-04-05,0.9588000178337097,0.9588000178337097
2016-04-06,0.9564099907875061,0.9564099907875061
2016-04-07,0.9555100202560425,0.9555100202560425
2016-04-08,0.9560999870300293,0.9560999870300293
2016-04-11,0.9533500075340271,0.9533500075340271
2016-04-12,0.9540600180625916,0.9540600180625916
2016-04-13,0.955299973487854,0.955299973487854
2016-04-14,0.9664999842643738,0.9664999842643738
2016-04-15,0.9663000106811523,0.9663000106811523
2016-04-18,0.9663000106811523,0.9663000106811523
2016-04-19,0.9645500183105469,0.9645500183105469
2016-04-20,0.9618499875068665,0.9618499875068665
2016-04-21,0.9711999893188477,0.9711999893188477
2016-04-22,0.9746299982070923,0.9746299982070923
2016-04-25,0.9782500267028809,0.9782500267028809
2016-04-26,0.9749000072479248,0.9749000072479248
2016-04-27,0.9735999703407288,0.9735999703407288
2016-04-28,0.9708200097084045,0.9708200097084045
2016-04-29,0.9661999940872192,0.9661999940872192
2016-05-02,0.9587000012397766,0.9587000012397766
2016-05-03,0.9552000164985657,0.9552000164985657
2016-05-04,0.9538000226020813,0.9538000226020813
2016-05-05,0.9569900035858154,0.9569900035858154
2016-05-06,0.9678699970245361,0.9678699970245361
2016-05-09,0.9725000262260437,0.9725000262260437
2016-05-10,0.9711300134658813,0.9711300134658813
2016-05-11,0.9751999974250793,0.9751999974250793
2016-05-12,0.9707000255584717,0.9707000255584717
2016-05-13,0.9709600210189819,0.9709600210189819
2016-05-16,0.9756399989128113,0.9756399989128113
2016-05-17,0.9779999852180481,0.9779999852180481
2016-05-18,0.9800000190734863,0.9800000190734863
2016-05-19,0.9878000020980835,0.9878000020980835
2016-05-20,0.9902999997138977,0.9902999997138977
2016-05-23,0.9910100102424622,0.9910100102424622
2016-05-24,0.9897000193595886,0.9897000193595886
2016-05-25,0.9930999875068665,0.9930999875068665
2016-05-26,0.9909999966621399,0.9909999966621399
2016-05-27,0.9891999959945679,0.9891999959945679
2016-05-30,0.9946699738502502,0.9946699738502502
2016-05-31,0.9912999868392944,0.9912999868392944
2016-06-01,0.9930800199508667,0.9930800199508667
2016-06-02,0.9884999990463257,0.9884999990463257
2016-06-03,0.990369975566864,0.990369975566864
2016-06-06,0.9762200117111206,0.9762200117111206
2016-06-07,0.9702399969100952,0.9702399969100952
2016-06-08,0.9650999903678894,0.9650999903678894
2016-06-09,0.958299994468689,0.958299994468689
2016-06-10,0.9644200205802917,0.9644200205802917
2016-06-13,0.9643999934196472,0.9643999934196472
2016-06-14,0.9625599980354309,0.9625599980354309
2016-06-15,0.9632999897003174,0.9632999897003174
2016-06-16,0.9607999920845032,0.9607999920845032
2016-06-17,0.9649900197982788,0.9649900197982788
2016-06-20,0.9598000049591064,0.9598000049591064
2016-06-21,0.9613999724388123,0.9613999724388123
2016-06-22,0.961899995803833,0.961899995803833
2016-06-23,0.9595999717712402,0.9595999717712402
2016-06-24,0.9617499709129333,0.9617499709129333
2016-06-27,0.972599983215332,0.972599983215332
2016-06-28,0.9785500168800354,0.9785500168800354
2016-06-29,0.980400025844574,0.980400025844574
2016-06-30,0.9792699813842773,0.9792699813842773
2016-07-01,0.9762399792671204,0.9762399792671204
2016-07-04,0.974399983882904,0.974399983882904
2016-07-05,0.9709600210189819,0.9709600210189819
2016-07-06,0.9768999814987183,0.9768999814987183
2016-07-07,0.9747999906539917,0.9747999906539917
2016-07-08,0.9786999821662903,0.9786999821662903
2016-07-11,0.9829999804496765,0.9829999804496765
2016-07-12,0.9826700091362,0.9826700091362
2016-07-13,0.9890599846839905,0.9890599846839905
2016-07-14,0.9843000173568726,0.9843000173568726
2016-07-15,0.9813699722290039,0.9813699722290039
2016-07-18,0.9837999939918518,0.9837999939918518
2016-07-19,0.9827100038528442,0.9827100038528442
2016-07-20,0.986020028591156,0.986020028591156
2016-07-21,0.9863399863243103,0.9863399863243103
2016-07-22,0.9849399924278259,0.9849399924278259
2016-07-25,0.9881399869918823,0.9881399869918823
2016-07-26,0.9858999848365784,0.9858999848365784
2016-07-27,0.9919999837875366,0.9919999837875366
2016-07-28,0.9846799969673157,0.9846799969673157
2016-07-29,0.9795299768447876,0.9795299768447876
2016-08-01,0.9694399833679199,0.9694399833679199
2016-08-02,0.9681599736213684,0.9681599736213684
2016-08-03,0.9648799896240234,0.9648799896240234
2016-08-04,0.9726899862289429,0.9726899862289429
2016-08-05,0.9737799763679504,0.9737799763679504
2016-08-08,0.9804800152778625,0.9804800152778625
2016-08-09,0.9828000068664551,0.9828000068664551
2016-08-10,0.981410026550293,0.981410026550293
2016-08-11,0.9737799763679504,0.9737799763679504
2016-08-12,0.9749500155448914,0.9749500155448914
2016-08-15,0.97461998462677,0.97461998462677
2016-08-16,0.9729300141334534,0.9729300141334534
2016-08-17,0.9616400003433228,0.9616400003433228
2016-08-18,0.9614099860191345,0.9614099860191345
2016-08-19,0.9545000195503235,0.9545000195503235
2016-08-22,0.9618499875068665,0.9618499875068665
2016-08-23,0.9624300003051758,0.9624300003051758
2016-08-24,0.9633899927139282,0.9633899927139282
2016-08-25,0.967199981212616,0.967199981212616
2016-08-26,0.9669899940490723,0.9669899940490723
2016-08-29,0.9777399897575378,0.9777399897575378
2016-08-30,0.9777299761772156,0.9777299761772156
2016-08-31,0.9830899834632874,0.9830899834632874
2016-09-01,0.9835699796676636,0.9835699796676636
2016-09-02,0.9796000123023987,0.9796000123023987
2016-09-05,0.9800000190734863,0.9800000190734863
2016-09-06,0.9800400137901306,0.9800400137901306
2016-09-07,0.970009982585907,0.970009982585907
2016-09-08,0.9697200059890747,0.9697200059890747
2016-09-09,0.9718599915504456,0.9718599915504456
2016-09-12,0.9748200178146362,0.9748200178146362
2016-09-13,0.9713799953460693,0.9713799953460693
2016-09-14,0.976859986782074,0.976859986782074
2016-09-15,0.9732900261878967,0.9732900261878967
2016-09-16,0.9712299704551697,0.9712299704551697
2016-09-19,0.9796500205993652,0.9796500205993652
2016-09-20,0.9800400137901306,0.9800400137901306
2016-09-21,0.9789999723434448,0.9789999723434448
2016-09-22,0.9732300043106079,0.9732300043106079
2016-09-23,0.9689000248908997,0.9689000248908997
2016-09-26,0.9692299962043762,0.9692299962043762
2016-09-27,0.9690200090408325,0.9690200090408325
2016-09-28,0.9705700278282166,0.9705700278282166
2016-09-29,0.9704999923706055,0.9704999923706055
2016-09-30,0.9660999774932861,0.9660999774932861
2016-10-03,0.9720900058746338,0.9720900058746338
2016-10-04,0.9737399816513062,0.9737399816513062
2016-10-05,0.9783400297164917,0.9783400297164917
2016-10-06,0.9739999771118164,0.9739999771118164
2016-10-07,0.9806600213050842,0.9806600213050842
2016-10-10,0.9776899814605713,0.9776899814605713
2016-10-11,0.9821500182151794,0.9821500182151794
2016-10-12,0.9879000186920166,0.9879000186920166
2016-10-13,0.9900000095367432,0.9900000095367432
2016-10-14,0.9866399765014648,0.9866399765014648
2016-10-17,0.9903799891471863,0.9903799891471863
2016-10-18,0.9878900051116943,0.9878900051116943
2016-10-19,0.9900599718093872,0.9900599718093872
2016-10-20,0.989080011844635,0.989080011844635
2016-10-21,0.9923999905586243,0.9923999905586243
2016-10-24,0.9942100048065186,0.9942100048065186
2016-10-25,0.9939000010490417,0.9939000010490417
2016-10-26,0.9945899844169617,0.9945899844169617
2016-10-27,0.9933000206947327,0.9933000206947327
2016-10-28,0.9937800168991089,0.9937800168991089
2016-10-31,0.9873899817466736,0.9873899817466736
2016-11-01,0.9891999959945679,0.9891999959945679
2016-11-02,0.9750000238418579,0.9750000238418579
2016-11-03,0.973039984703064,0.973039984703064
2016-11-04,0.9742000102996826,0.9742000102996826
2016-11-07,0.97434002161026,0.97434002161026
2016-11-08,0.9739999771118164,0.9739999771118164
2016-11-09,0.9794600009918213,0.9794600009918213
2016-11-10,0.9845399856567383,0.9845399856567383
2016-11-11,0.9872499704360962,0.9872499704360962
2016-11-14,0.9895099997520447,0.9895099997520447
2016-11-15,0.9970999956130981,0.9970999956130981
2016-11-16,1.001389980316162,1.001389980316162
2016-11-17,1.0008100271224976,1.0008100271224976
2016-11-18,1.007099986076355,1.007099986076355
2016-11-21,1.0110499858856201,1.0110499858856201
2016-11-22,1.0078200101852417,1.0078200101852417
2016-11-23,1.010949969291687,1.010949969291687
2016-11-24,1.0174599885940552,1.0174599885940552
2016-11-25,1.0166000127792358,1.0166000127792358
2016-11-28,1.0125000476837158,1.0125000476837158
2016-11-29,1.0123399496078491,1.0123399496078491
2016-11-30,1.0116599798202515,1.0116599798202515
2016-12-01,1.0169999599456787,1.0169999599456787
2016-12-02,1.0105899572372437,1.0105899572372437
2016-12-05,1.013800024986267,1.013800024986267
2016-12-06,1.0069999694824219,1.0069999694824219
2016-12-07,1.0099300146102905,1.0099300146102905
2016-12-08,1.0067700147628784,1.0067700147628784
2016-12-09,1.0158900022506714,1.0158900022506714
2016-12-12,1.0180399417877197,1.0180399417877197
2016-12-13,1.0132999420166016,1.0132999420166016
2016-12-14,1.0118199586868286,1.0118199586868286
2016-12-15,1.0221199989318848,1.0221199989318848
2016-12-16,1.0297600030899048,1.0297600030899048
2016-12-19,1.0267000198364258,1.0267000198364258
2016-12-20,1.0271799564361572,1.0271799564361572
2016-12-21,1.0289700031280518,1.0289700031280518
2016-12-22,1.0266000032424927,1.0266000032424927
2016-12-23,1.025589942932129,1.025589942932129
2016-12-26,1.0261000394821167,1.0261000394821167
2016-12-27,1.0268299579620361,1.0268299579620361
2016-12-28,1.027500033378601,1.027500033378601
2016-12-29,1.0281599760055542,1.0281599760055542
2016-12-30,1.0170999765396118,1.0170999765396118
2017-01-02,1.0186899900436401,1.0186899900436401
2017-01-03,1.0241899490356445,1.0241899490356445
2017-01-04,1.0261000394821167,1.0261000394821167
2017-01-05,1.0201200246810913,1.0201200246810913
2017-01-06,1.0097899436950684,1.0097899436950684
2017-01-09,1.0174200534820557,1.0174200534820557
2017-01-10,1.0140399932861328,1.0140399932861328
2017-01-11,1.0168299674987793,1.0168299674987793
2017-01-12,1.0130300521850586,1.0130300521850586
2017-01-13,1.0103000402450562,1.0103000402450562
2017-01-16,1.0098299980163574,1.0098299980163574
2017-01-17,1.0111000537872314,1.0111000537872314
2017-01-18,1.0029300451278687,1.0029300451278687
2017-01-19,1.0077999830245972,1.0077999830245972
2017-01-20,1.0063300132751465,1.0063300132751465
2017-01-23,1.0009100437164307,1.0009100437164307
2017-01-24,0.9973499774932861,0.9973499774932861
2017-01-25,1.0010700225830078,1.0010700225830078
2017-01-26,0.9990400075912476,0.9990400075912476
2017-01-27,0.9998999834060669,0.9998999834060669
2017-01-30,0.9973999857902527,0.9973999857902527
2017-01-31,0.9943600296974182,0.9943600296974182
2017-02-01,0.9890000224113464,0.9890000224113464
2017-02-02,0.9931100010871887,0.9931100010871887
2017-02-03,0.9924499988555908,0.9924499988555908
2017-02-06,0.9923499822616577,0.9923499822616577
2017-02-07,0.991349995136261,0.991349995136261
2017-02-08,0.9977999925613403,0.9977999925613403
2017-02-09,0.9952300190925598,0.9952300190925598
2017-02-10,1.0013999938964844,1.0013999938964844
2017-02-13,1.0044000148773193,1.0044000148773193
2017-02-14,1.0055999755859375,1.0055999755859375
2017-02-15,1.0062600374221802,1.0062600374221802
2017-02-16,1.0046800374984741,1.0046800374984741
2017-02-17,0.9972400069236755,0.9972400069236755
2017-02-20,1.0018600225448608,1.0018600225448608
2017-02-21,1.0032600164413452,1.0032600164413452
2017-02-22,1.0090999603271484,1.0090999603271484
2017-02-23,1.0108000040054321,1.0108000040054321
2017-02-24,1.006119966506958,1.006119966506958
2017-02-27,1.008870005607605,1.008870005607605
2017-02-28,1.009469985961914,1.009469985961914
2017-03-01,1.0066100358963013,1.0066100358963013
2017-03-02,1.0103100538253784,1.0103100538253784
2017-03-03,1.0132299661636353,1.0132299661636353
2017-03-06,1.007930040359497,1.007930040359497
2017-03-07,1.0120799541473389,1.0120799541473389
2017-03-08,1.0130599737167358,1.0130599737167358
2017-03-09,1.0143300294876099,1.0143300294876099
2017-03-10,1.0123300552368164,1.0123300552368164
2017-03-13,1.0095000267028809,1.0095000267028809
2017-03-14,1.0074000358581543,1.0074000358581543
2017-03-15,1.00941002368927,1.00941002368927
2017-03-16,1.0,1.0
2017-03-17,0.9961000084877014,0.9961000084877014
2017-03-20,0.9973000288009644,0.9973000288009644
2017-03-21,0.9986000061035156,0.9986000061035156
2017-03-22,0.993369996547699,0.993369996547699
2017-03-23,0.9919999837875366,0.9919999837875366
2017-03-24,0.9932199716567993,0.9932199716567993
2017-03-27,0.9880499839782715,0.9880499839782715
2017-03-28,0.9857699871063232,0.9857699871063232
2017-03-29,0.9920799732208252,0.9920799732208252
2017-03-30,0.9966700077056885,0.9966700077056885
2017-03-31,1.000440001487732,1.000440001487732
2017-04-03,1.0022000074386597,1.0022000074386597
2017-04-04,1.0013999938964844,1.0013999938964844
2017-04-05,1.0016000270843506,1.0016000270843506
2017-04-06,1.003600001335144,1.003600001335144
2017-04-07,1.00531005859375,1.00531005859375
2017-04-10,1.00941002368927,1.00941002368927
2017-04-11,1.0077999830245972,1.0077999830245972
2017-04-12,1.0069299936294556,1.0069299936294556
2017-04-13,1.0020500421524048,1.0020500421524048
2017-04-14,1.0054600238800049,1.0054600238800049
2017-04-17,1.0050699710845947,1.0050699710845947
2017-04-18,1.0041899681091309,1.0041899681091309
2017-04-19,0.9963399767875671,0.9963399767875671
2017-04-20,0.9978500008583069,0.9978500008583069
2017-04-21,0.9987000226974487,0.9987000226974487
2017-04-24,0.992900013923645,0.992900013923645
2017-04-25,0.9958800077438354,0.9958800077438354
2017-04-26,0.9934300184249878,0.9934300184249878
2017-04-27,0.9929999709129333,0.9929999709129333
2017-04-28,0.9943699836730957,0.9943699836730957
2017-05-01,0.994189977645874,0.994189977645874
2017-05-02,0.9956700205802917,0.9956700205802917
2017-05-03,0.9910299777984619,0.9910299777984619
2017-05-04,0.9941800236701965,0.9941800236701965
2017-05-05,0.9861099720001221,0.9861099720001221
2017-05-08,0.989870011806488,0.989870011806488
2017-05-09,0.998199999332428,0.998199999332428
2017-05-10,1.0066499710083008,1.0066499710083008
2017-05-11,1.0089999437332153,1.0089999437332153
2017-05-12,1.0078400373458862,1.0078400373458862
2017-05-15,1.0010700225830078,1.0010700225830078
2017-05-16,0.9956799745559692,0.9956799745559692
2017-05-17,0.98430997133255,0.98430997133255
2017-05-18,0.9791600108146667,0.9791600108146667
2017-05-19,0.9794600009918213,0.9794600009918213
2017-05-22,0.9728900194168091,0.9728900194168091
2017-05-23,0.9729999899864197,0.9729999899864197
2017-05-24,0.9762200117111206,0.9762200117111206
2017-05-25,0.9724599719047546,0.9724599719047546
2017-05-26,0.9731500148773193,0.9731500148773193
2017-05-29,0.9749799966812134,0.9749799966812134
2017-05-30,0.9792400002479553,0.9792400002479553
2017-05-31,0.9758399724960327,0.9758399724960327
2017-06-01,0.967989981174469,0.967989981174469
2017-06-02,0.9710999727249146,0.9710999727249146
2017-06-05,0.9628400206565857,0.9628400206565857
2017-06-06,0.9649999737739563,0.9649999737739563
2017-06-07,0.9625200033187866,0.9625200033187866
2017-06-08,0.9647300243377686,0.9647300243377686
2017-06-09,0.9691600203514099,0.9691600203514099
2017-06-12,0.9691399931907654,0.9691399931907654
2017-06-13,0.9690799713134766,0.9690799713134766
2017-06-14,0.9688199758529663,0.9688199758529663
2017-06-15,0.971340000629425,0.971340000629425
2017-06-16,0.9752699732780457,0.9752699732780457
2017-06-19,0.9729899764060974,0.9729899764060974
2017-06-20,0.9760299921035767,0.9760299921035767
2017-06-21,0.9746500253677368,0.9746500253677368
2017-06-22,0.9724500179290771,0.9724500179290771
2017-06-23,0.971809983253479,0.971809983253479
2017-06-26,0.9692999720573425,0.9692999720573425
2017-06-27,0.9723299741744995,0.9723299741744995
2017-06-28,0.9603999853134155,0.9603999853134155
2017-06-29,0.9592700004577637,0.9592700004577637
2017-06-30,0.955299973487854,0.955299973487854
2017-07-03,0.958899974822998,0.958899974822998
2017-07-04,0.9631400108337402,0.9631400108337402
2017-07-05,0.9639999866485596,0.9639999866485596
2017-07-06,0.9642000198364258,0.9642000198364258
2017-07-07,0.960129976272583,0.960129976272583
2017-07-10,0.9634000062942505,0.9634000062942505
2017-07-12,0.963100016117096,0.963100016117096
2017-07-13,0.964900016784668,0.964900016784668
2017-07-14,0.9667999744415283,0.9667999744415283
2017-07-17,0.9632899761199951,0.9632899761199951
2017-07-18,0.9629700183868408,0.9629700183868408
2017-07-19,0.9550700187683105,0.9550700187683105
2017-07-20,0.9548199772834778,0.9548199772834778
2017-07-21,0.9513999819755554,0.9513999819755554
2017-07-24,0.9447000026702881,0.9447000026702881
2017-07-25,0.9471499919891357,0.9471499919891357
2017-07-26,0.9527199864387512,0.9527199864387512
2017-07-27,0.9513700008392334,0.9513700008392334
2017-07-28,0.9636899828910828,0.9636899828910828
2017-07-31,0.9691699743270874,0.9691699743270874
2017-08-01,0.9672999978065491,0.9672999978065491
2017-08-02,0.9654099941253662,0.9654099941253662
2017-08-03,0.9704399704933167,0.9704399704933167
2017-08-04,0.9677299857139587,0.9677299857139587
2017-08-07,0.9727500081062317,0.9727500081062317
2017-08-08,0.9734600186347961,0.9734600186347961
2017-08-09,0.9729999899864197,0.9729999899864197
2017-08-10,0.9635800123214722,0.9635800123214722
2017-08-11,0.9617000222206116,0.9617000222206116
2017-08-14,0.9627100229263306,0.9627100229263306
2017-08-15,0.972540020942688,0.972540020942688
2017-08-16,0.9721999764442444,0.9721999764442444
2017-08-17,0.9652000069618225,0.9652000069618225
2017-08-18,0.9622399806976318,0.9622399806976318
2017-08-21,0.965399980545044,0.965399980545044
2017-08-22,0.9622499942779541,0.9622499942779541
2017-08-23,0.9685400128364563,0.9685400128364563
2017-08-24,0.9649500250816345,0.9649500250816345
2017-08-25,0.9651600122451782,0.9651600122451782
2017-08-28,0.9552000164985657,0.9552000164985657
2017-08-29,0.9524499773979187,0.9524499773979187
2017-08-30,0.9556900262832642,0.9556900262832642
2017-08-31,0.963699996471405,0.963699996471405
2017-09-01,0.9593999981880188,0.9593999981880188
2017-09-04,0.9608299732208252,0.9608299732208252
2017-09-05,0.9588199853897095,0.9588199853897095
2017-09-06,0.9534000158309937,0.9534000158309937
2017-09-07,0.9556099772453308,0.9556099772453308
2017-09-08,0.9494900107383728,0.9494900107383728
2017-09-11,0.9475700259208679,0.9475700259208679
2017-09-12,0.9562199711799622,0.9562199711799622
2017-09-13,0.9598000049591064,0.9598000049591064
2017-09-14,0.9636600017547607,0.9636600017547607
2017-09-15,0.9614199995994568,0.9614199995994568
2017-09-18,0.9608299732208252,0.9608299732208252
2017-09-19,0.9614099860191345,0.9614099860191345
2017-09-20,0.9625200033187866,0.9625200033187866
2017-09-21,0.9715499877929688,0.9715499877929688
2017-09-22,0.9702000021934509,0.9702000021934509
2017-09-25,0.9706900119781494,0.9706900119781494
2017-09-26,0.9663000106811523,0.9663000106811523
2017-09-27,0.9692999720573425,0.9692999720573425
2017-09-28,0.9718499779701233,0.9718499779701233
2017-09-29,0.970579981803894,0.970579981803894
2017-10-02,0.9681000113487244,0.9681000113487244
2017-10-03,0.9743800163269043,0.9743800163269043
2017-10-04,0.9731400012969971,0.9731400012969971
2017-10-05,0.9751999974250793,0.9751999974250793
2017-10-06,0.9782000184059143,0.9782000184059143
2017-10-09,0.9779000282287598,0.9779000282287598
2017-10-10,0.9794999957084656,0.9794999957084656
2017-10-11,0.9745699763298035,0.9745699763298035
2017-10-12,0.973110020160675,0.973110020160675
2017-10-13,0.9747999906539917,0.9747999906539917
2017-10-16,0.9744799733161926,0.9744799733161926
2017-10-17,0.9750999808311462,0.9750999808311462
2017-10-18,0.9778900146484375,0.9778900146484375
2017-10-19,0.9810600280761719,0.9810600280761719
2017-10-20,0.9762499928474426,0.9762499928474426
2017-10-23,0.9860600233078003,0.9860600233078003
2017-10-24,0.984499990940094,0.984499990940094
2017-10-25,0.9905999898910522,0.9905999898910522
2017-10-26,0.9887800216674805,0.9887800216674805
2017-10-27,0.9980700016021729,0.9980700016021729
2017-10-30,0.9979900121688843,0.9979900121688843
2017-10-31,0.9947199821472168,0.9947199821472168
2017-11-01,0.9973999857902527,0.9973999857902527
2017-11-02,1.002560019493103,1.002560019493103
2017-11-03,0.9992600083351135,0.9992600083351135
2017-11-06,1.0002000331878662,1.0002000331878662
2017-11-07,0.9976999759674072,0.9976999759674072
2017-11-08,0.998199999332428,0.998199999332428
2017-11-09,0.9998000264167786,0.9998000264167786
2017-11-10,0.9938899874687195,0.9938899874687195
2017-11-13,0.996399998664856,0.996399998664856
2017-11-14,0.9963399767875671,0.9963399767875671
2017-11-15,0.9895200133323669,0.9895200133323669
2017-11-17,0.9935200214385986,0.9935200214385986
2017-11-20,0.9896000027656555,0.9896000027656555
2017-11-21,0.9930999875068665,0.9930999875068665
2017-11-22,0.9905999898910522,0.9905999898910522
2017-11-23,0.9820899963378906,0.9820899963378906
2017-11-24,0.9815700054168701,0.9815700054168701
2017-11-27,0.9803000092506409,0.9803000092506409
2017-11-28,0.9812999963760376,0.9812999963760376
2017-11-29,0.9840999841690063,0.9840999841690063
2017-11-30,0.9844499826431274,0.9844499826431274
2017-12-01,0.9837999939918518,0.9837999939918518
2017-12-04,0.9820299744606018,0.9820299744606018
2017-12-05,0.9846000075340271,0.9846000075340271
2017-12-06,0.9873999953269958,0.9873999953269958
2017-12-07,0.9892200231552124,0.9892200231552124
2017-12-08,0.9947100281715393,0.9947100281715393
2017-12-11,0.9928699731826782,0.9928699731826782
2017-12-12,0.9913899898529053,0.9913899898529053
2017-12-13,0.9914000034332275,0.9914000034332275
2017-12-14,0.9855300188064575,0.9855300188064575
2017-12-15,0.9886999726295471,0.9886999726295471
2017-12-18,0.9910399913787842,0.9910399913787842
2017-12-19,0.985539972782135,0.985539972782135
2017-12-20,0.9854000210762024,0.9854000210762024
2017-12-21,0.986240029335022,0.986240029335022
2017-12-22,0.98853999376297,0.98853999376297
2017-12-25,0.989080011844635,0.989080011844635
2017-12-26,0.9889000058174133,0.9889000058174133
2017-12-27,0.9897000193595886,0.9897000193595886
2017-12-28,0.98580002784729,0.98580002784729
2017-12-29,0.9786999821662903,0.9786999821662903
2018-01-01,0.9737300276756287,0.9737300276756287
2018-01-02,0.9747200012207031,0.9747200012207031
2018-01-03,0.9714599847793579,0.9714599847793579
2018-01-04,0.9771400094032288,0.9771400094032288
2018-01-05,0.974399983882904,0.974399983882904
2018-01-08,0.975059986114502,0.975059986114502
2018-01-09,0.977370023727417,0.977370023727417
2018-01-10,0.983780026435852,0.983780026435852
2018-01-11,0.977649986743927,0.977649986743927
2018-01-12,0.9756699800491333,0.9756699800491333
2018-01-15,0.9678999781608582,0.9678999781608582
2018-01-16,0.9630699753761292,0.9630699753761292
2018-01-17,0.9591000080108643,0.9591000080108643
2018-01-18,0.9650499820709229,0.9650499820709229
2018-01-19,0.9587699770927429,0.9587699770927429
2018-01-22,0.9613999724388123,0.9613999724388123
2018-01-23,0.9620500206947327,0.9620500206947327
2018-01-24,0.9565799832344055,0.9565799832344055
2018-01-25,0.9463199973106384,0.9463199973106384
2018-01-26,0.9417999982833862,0.9417999982833862
2018-01-29,0.9336599707603455,0.9336599707603455
2018-01-30,0.9372000098228455,0.9372000098228455
2018-01-31,0.9345899820327759,0.9345899820327759
2018-02-01,0.9309999942779541,0.9309999942779541
2018-02-02,0.9259799718856812,0.9259799718856812
2018-02-05,0.9310799837112427,0.9310799837112427
2018-02-06,0.9312000274658203,0.9312000274658203
2018-02-07,0.9360600113868713,0.9360600113868713
2018-02-08,0.9427000284194946,0.9427000284194946
2018-02-09,0.9350799918174744,0.9350799918174744
2018-02-12,0.9394999742507935,0.9394999742507935
2018-02-13,0.9384999871253967,0.9384999871253967
2018-02-14,0.935230016708374,0.935230016708374
2018-02-15,0.9274899959564209,0.9274899959564209
2018-02-16,0.921999990940094,0.921999990940094
2018-02-19,0.9272099733352661,0.9272099733352661
2018-02-20,0.9294000267982483,0.9294000267982483
2018-02-21,0.9363999962806702,0.9363999962806702
2018-02-22,0.9386600255966187,0.9386600255966187
2018-02-23,0.9330599904060364,0.9330599904060364
2018-02-26,0.9370599985122681,0.9370599985122681
2018-02-27,0.9386000037193298,0.9386000037193298
2018-02-28,0.9393600225448608,0.9393600225448608
2018-03-01,0.9442999958992004,0.9442999958992004
2018-03-02,0.9414899945259094,0.9414899945259094
2018-03-05,0.9371299743652344,0.9371299743652344
2018-03-06,0.9397000074386597,0.9397000074386597
2018-03-07,0.9382399916648865,0.9382399916648865
2018-03-08,0.9434199929237366,0.9434199929237366
2018-03-09,0.9513900279998779,0.9513900279998779
2018-03-12,0.9508000016212463,0.9508000016212463
2018-03-13,0.94718998670578,0.94718998670578
2018-03-14,0.943310022354126,0.943310022354126
2018-03-15,0.9444299936294556,0.9444299936294556
2018-03-16,0.9513000249862671,0.9513000249862671
2018-03-19,0.9527999758720398,0.9527999758720398
2018-03-20,0.9509000182151794,0.9509000182151794
2018-03-21,0.9559400081634521,0.9559400081634521
2018-03-22,0.9485700130462646,0.9485700130462646
2018-03-23,0.946370005607605,0.946370005607605
2018-03-26,0.9469000101089478,0.9469000101089478
2018-03-27,0.9448000192642212,0.9448000192642212
2018-03-28,0.9465000033378601,0.9465000033378601
2018-03-29,0.9566400051116943,0.9566400051116943
2018-03-30,0.9559999704360962,0.9559999704360962
2018-04-02,0.9545999765396118,0.9545999765396118
2018-04-03,0.9549999833106995,0.9549999833106995
2018-04-04,0.9584199786186218,0.9584199786186218
2018-04-05,0.9601100087165833,0.9601100087165833
2018-04-06,0.961899995803833,0.961899995803833
2018-04-09,0.9592199921607971,0.9592199921607971
2018-04-10,0.9561300277709961,0.9561300277709961
2018-04-11,0.9563400149345398,0.9563400149345398
2018-04-12,0.9574000239372253,0.9574000239372253
2018-04-13,0.9623200297355652,0.9623200297355652
2018-04-16,0.9630699753761292,0.9630699753761292
2018-04-17,0.9594299793243408,0.9594299793243408
2018-04-18,0.9664000272750854,0.9664000272750854
2018-04-19,0.968500018119812,0.968500018119812
2018-04-20,0.9715099930763245,0.9715099930763245
2018-04-23,0.9758999943733215,0.9758999943733215
2018-04-24,0.9781500101089478,0.9781500101089478
2018-04-25,0.978600025177002,0.978600025177002
2018-04-26,0.9826099872589111,0.9826099872589111
2018-04-27,0.9890300035476685,0.9890300035476685
2018-04-30,0.9881100058555603,0.9881100058555603
2018-05-01,0.9904999732971191,0.9904999732971191
2018-05-02,0.9965900182723999,0.9965900182723999
2018-05-03,0.9993000030517578,0.9993000030517578
2018-05-04,0.9973400235176086,0.9973400235176086
2018-05-07,1.000540018081665,1.000540018081665
2018-05-08,1.0018500089645386,1.0018500089645386
2018-05-09,1.0011399984359741,1.0011399984359741
2018-05-10,1.0053999423980713,1.0053999423980713
2018-05-11,1.0030299425125122,1.0030299425125122
2018-05-14,0.9998599886894226,0.9998599886894226
2018-05-15,1.0002800226211548,1.0002800226211548
2018-05-16,1.0013200044631958,1.0013200044631958
2018-05-17,1.0003999471664429,1.0003999471664429
2018-05-18,1.001520037651062,1.001520037651062
2018-05-21,0.9979000091552734,0.9979000091552734
2018-05-22,0.9968000054359436,0.9968000054359436
2018-05-23,0.9919300079345703,0.9919300079345703
2018-05-24,0.9941499829292297,0.9941499829292297
2018-05-25,0.9912999868392944,0.9912999868392944
2018-05-28,0.9919000267982483,0.9919000267982483
2018-05-29,0.9933800101280212,0.9933800101280212
2018-05-30,0.9907000064849854,0.9907000064849854
2018-05-31,0.9885799884796143,0.9885799884796143
2018-06-01,0.9847000241279602,0.9847000241279602
2018-06-04,0.9886000156402588,0.9886000156402588
2018-06-05,0.9879999756813049,0.9879999756813049
2018-06-06,0.984000027179718,0.984000027179718
2018-06-07,0.9858999848365784,0.9858999848365784
2018-06-08,0.9808200001716614,0.9808200001716614
2018-06-11,0.9848099946975708,0.9848099946975708
2018-06-12,0.9861999750137329,0.9861999750137329
2018-06-13,0.9868000149726868,0.9868000149726868
2018-06-14,0.9846000075340271,0.9846000075340271
2018-06-15,0.9969099760055542,0.9969099760055542
2018-06-18,0.9975000023841858,0.9975000023841858
2018-06-19,0.994189977645874,0.994189977645874
2018-06-20,0.9941400289535522,0.9941400289535522
2018-06-21,0.9960399866104126,0.9960399866104126
2018-06-22,0.9916200041770935,0.9916200041770935
2018-06-25,0.9878699779510498,0.9878699779510498
2018-06-26,0.9868999719619751,0.9868999719619751
2018-06-27,0.9907000064849854,0.9907000064849854
2018-06-28,0.9967700242996216,0.9967700242996216
2018-06-29,0.9975900053977966,0.9975900053977966
2018-07-02,0.9902099967002869,0.9902099967002869
2018-07-03,0.9933000206947327,0.9933000206947327
2018-07-04,0.9919899702072144,0.9919899702072144
2018-07-05,0.9922000169754028,0.9922000169754028
2018-07-06,0.9929999709129333,0.9929999709129333
2018-07-09,0.9891999959945679,0.9891999959945679
2018-07-10,0.991379976272583,0.991379976272583
2018-07-11,0.9925299882888794,0.9925299882888794
2018-07-12,0.9955999851226807,0.9955999851226807
2018-07-13,1.0026999711990356,1.0026999711990356
2018-07-16,1.0021799802780151,1.0021799802780151
2018-07-17,0.9967700242996216,0.9967700242996216
2018-07-18,1.0002800226211548,1.0002800226211548
2018-07-19,0.9986000061035156,0.9986000061035156
2018-07-20,0.998740017414093,0.998740017414093
2018-07-23,0.9908699989318848,0.9908699989318848
2018-07-24,0.9932000041007996,0.9932000041007996
2018-07-25,0.9933000206947327,0.9933000206947327
2018-07-26,0.9909800291061401,0.9909800291061401
2018-07-27,0.9940199851989746,0.9940199851989746
2018-07-30,0.9939799904823303,0.9939799904823303
2018-07-31,0.9880800247192383,0.9880800247192383
2018-08-01,0.9902999997138977,0.9902999997138977
2018-08-02,0.9916800260543823,0.9916800260543823
2018-08-03,0.9954000115394592,0.9954000115394592
2018-08-06,0.9944000244140625,0.9944000244140625
2018-08-07,0.9963200092315674,0.9963200092315674
2018-08-08,0.9950000047683716,0.9950000047683716
2018-08-09,0.9930999875068665,0.9930999875068665
2018-08-10,0.9939699769020081,0.9939699769020081
2018-08-13,0.9945999979972839,0.9945999979972839
2018-08-14,0.9932000041007996,0.9932000041007996
2018-08-15,0.9941099882125854,0.9941099882125854
2018-08-16,0.9930999875068665,0.9930999875068665
2018-08-17,0.9973499774932861,0.9973499774932861
2018-08-20,0.9951900243759155,0.9951900243759155
2018-08-21,0.9904999732971191,0.9904999732971191
2018-08-22,0.9843000173568726,0.9843000173568726
2018-08-23,0.9832900166511536,0.9832900166511536
2018-08-24,0.9862599968910217,0.9862599968910217
2018-08-27,0.982230007648468,0.982230007648468
2018-08-28,0.9793999791145325,0.9793999791145325
2018-08-29,0.9765999913215637,0.9765999913215637
2018-08-30,0.970300018787384,0.970300018787384
2018-08-31,0.9685999751091003,0.9685999751091003
2018-09-03,0.9692999720573425,0.9692999720573425
2018-09-04,0.969290018081665,0.969290018081665
2018-09-05,0.9736999869346619,0.9736999869346619
2018-09-06,0.9710599780082703,0.9710599780082703
2018-09-07,0.9654499888420105,0.9654499888420105
2018-09-10,0.9685999751091003,0.9685999751091003
2018-09-11,0.9747300148010254,0.9747300148010254
2018-09-12,0.9729099869728088,0.9729099869728088
2018-09-13,0.9700000286102295,0.9700000286102295
2018-09-14,0.9660000205039978,0.9660000205039978
2018-09-17,0.9670000076293945,0.9670000076293945
2018-09-18,0.9626799821853638,0.9626799821853638
2018-09-19,0.9636600017547607,0.9636600017547607
2018-09-20,0.967199981212616,0.967199981212616
2018-09-21,0.9588299989700317,0.9588299989700317
2018-09-24,0.9581999778747559,0.9581999778747559
2018-09-25,0.9645100235939026,0.9645100235939026
2018-09-26,0.9652400016784668,0.9652400016784668
2018-09-27,0.9650499820709229,0.9650499820709229
2018-09-28,0.9769799709320068,0.9769799709320068
2018-10-01,0.9811999797821045,0.9811999797821045
2018-10-02,0.9833999872207642,0.9833999872207642
2018-10-03,0.9837700128555298,0.9837700128555298
2018-10-04,0.9917500019073486,0.9917500019073486
2018-10-05,0.991349995136261,0.991349995136261
2018-10-08,0.9914100170135498,0.9914100170135498
2018-10-09,0.9921000003814697,0.9921000003814697
2018-10-10,0.991599977016449,0.991599977016449
2018-10-11,0.9882299900054932,0.9882299900054932
2018-10-12,0.989799976348877,0.989799976348877
2018-10-15,0.9907000064849854,0.9907000064849854
2018-10-16,0.987030029296875,0.987030029296875
2018-10-17,0.9904199838638306,0.9904199838638306
2018-10-18,0.9950500130653381,0.9950500130653381
2018-10-19,0.9957299828529358,0.9957299828529358
2018-10-22,0.9962000250816345,0.9962000250816345
2018-10-23,0.9961100220680237,0.9961100220680237
2018-10-24,0.9946600198745728,0.9946600198745728
2018-10-25,0.9968699812889099,0.9968699812889099
2018-10-26,0.9996700286865234,0.9996700286865234
2018-10-29,0.9973999857902527,0.9973999857902527
2018-10-30,1.001729965209961,1.001729965209961
2018-10-31,1.0049999952316284,1.0049999952316284
2018-11-01,1.007949948310852,1.007949948310852
2018-11-02,1.0019999742507935,1.0019999742507935
2018-11-05,1.0024000406265259,1.0024000406265259
2018-11-06,1.0041999816894531,1.0041999816894531
2018-11-07,1.001579999923706,1.001579999923706
2018-11-08,1.0017999410629272,1.0017999410629272
2018-11-09,1.0055999755859375,1.0055999755859375
2018-11-12,1.0059000253677368,1.0059000253677368
2018-11-13,1.0102100372314453,1.0102100372314453
2018-11-14,1.0058000087738037,1.0058000087738037
2018-11-15,1.0059000253677368,1.0059000253677368
2018-11-16,1.006700038909912,1.006700038909912
2018-11-19,0.9993799924850464,0.9993799924850464
2018-11-20,0.9929999709129333,0.9929999709129333
2018-11-21,0.9947199821472168,0.9947199821472168
2018-11-22,0.9940999746322632,0.9940999746322632
2018-11-23,0.9943000078201294,0.9943000078201294
2018-11-26,0.9973199963569641,0.9973199963569641
2018-11-27,0.9982200264930725,0.9982200264930725
2018-11-28,0.998199999332428,0.998199999332428
2018-11-29,0.9929999709129333,0.9929999709129333
2018-11-30,0.9958999752998352,0.9958999752998352
2018-12-03,0.9983000159263611,0.9983000159263611
2018-12-04,0.9978200197219849,0.9978200197219849
2018-12-05,0.9972000122070312,0.9972000122070312
2018-12-06,0.9970200061798096,0.9970200061798096
2018-12-07,0.9932000041007996,0.9932000041007996
2018-12-10,0.9897199869155884,0.9897199869155884
2018-12-11,0.9894999861717224,0.9894999861717224
2018-12-12,0.9931600093841553,0.9931600093841553
2018-12-13,0.9926000237464905,0.9926000237464905
2018-12-14,0.9936000108718872,0.9936000108718872
2018-12-17,0.9975100159645081,0.9975100159645081
2018-12-18,0.992609977722168,0.992609977722168
2018-12-19,0.9923999905586243,0.9923999905586243
2018-12-20,0.9939000010490417,0.9939000010490417
2018-12-21,0.9869999885559082,0.9869999885559082
2018-12-24,0.9936000108718872,0.9936000108718872
2018-12-25,0.98580002784729,0.98580002784729
2018-12-26,0.9861000180244446,0.9861000180244446
2018-12-27,0.9943000078201294,0.9943000078201294
2018-12-28,0.9868999719619751,0.9868999719619751
2018-12-31,0.9836000204086304,0.9836000204086304
2019-01-01,0.9835100173950195,0.9835100173950195
2019-01-02,0.9819999933242798,0.9819999933242798
2019-01-03,0.9886999726295471,0.9886999726295471
2019-01-04,0.9871000051498413,0.9871000051498413
2019-01-07,0.985759973526001,0.985759973526001
2019-01-08,0.9790999889373779,0.9790999889373779
2019-01-09,0.9807699918746948,0.9807699918746948
2019-01-10,0.9739500284194946,0.9739500284194946
2019-01-11,0.9840099811553955,0.9840099811553955
2019-01-14,0.9836999773979187,0.9836999773979187
2019-01-15,0.9810199737548828,0.9810199737548828
2019-01-16,0.9874699711799622,0.9874699711799622
2019-01-17,0.9900100231170654,0.9900100231170654
2019-01-18,0.9937000274658203,0.9937000274658203
2019-01-21,0.9953600168228149,0.9953600168228149
2019-01-22,0.9973000288009644,0.9973000288009644
2019-01-23,0.996999979019165,0.996999979019165
2019-01-24,0.9945700168609619,0.9945700168609619
2019-01-25,0.9955999851226807,0.9955999851226807
2019-01-28,0.9923999905586243,0.9923999905586243
2019-01-29,0.991599977016449,0.991599977016449
2019-01-30,0.9944999814033508,0.9944999814033508
2019-01-31,0.9934999942779541,0.9934999942779541
2019-02-01,0.9937000274658203,0.9937000274658203
2019-02-04,0.9954699873924255,0.9954699873924255
2019-02-05,0.9977999925613403,0.9977999925613403
2019-02-06,0.9997100234031677,0.9997100234031677
2019-02-07,1.0020999908447266,1.0020999908447266
2019-02-08,1.0024100542068481,1.0024100542068481
2019-02-11,0.9992899894714355,0.9992899894714355
2019-02-12,1.0039000511169434,1.0039000511169434
2019-02-13,1.0061099529266357,1.0061099529266357
2019-02-14,1.0087000131607056,1.0087000131607056
2019-02-15,1.0049500465393066,1.0049500465393066
2019-02-18,1.0045000314712524,1.0045000314712524
2019-02-19,1.0044699907302856,1.0044699907302856
2019-02-20,1.0012799501419067,1.0012799501419067
2019-02-21,1.0,1.0
2019-02-22,1.0008599758148193,1.0008599758148193
2019-02-25,0.9997000098228455,0.9997000098228455
2019-02-26,1.0000900030136108,1.0000900030136108
2019-02-27,0.9997100234031677,0.9997100234031677
2019-02-28,1.000499963760376,1.000499963760376
2019-03-01,0.9972599744796753,0.9972599744796753
2019-03-04,0.9983000159263611,0.9983000159263611
2019-03-05,0.9986000061035156,0.9986000061035156
2019-03-06,1.0044000148773193,1.0044000148773193
2019-03-07,1.00409996509552,1.00409996509552
2019-03-08,1.010699987411499,1.010699987411499
2019-03-11,1.0077999830245972,1.0077999830245972
2019-03-12,1.0102399587631226,1.0102399587631226
2019-03-13,1.0074000358581543,1.0074000358581543
2019-03-14,1.003290057182312,1.003290057182312
2019-03-15,1.0034500360488892,1.0034500360488892
2019-03-18,1.0024000406265259,1.0024000406265259
2019-03-19,1.0010000467300415,1.0010000467300415
2019-03-20,0.9986000061035156,0.9986000061035156
2019-03-21,0.9909999966621399,0.9909999966621399
2019-03-22,0.9919000267982483,0.9919000267982483
2019-03-25,0.9939900040626526,0.9939900040626526
2019-03-26,0.9923099875450134,0.9923099875450134
2019-03-27,0.9936000108718872,0.9936000108718872
2019-03-28,0.994700014591217,0.994700014591217
2019-03-29,0.9948300123214722,0.9948300123214722
2019-04-01,0.9950000047683716,0.9950000047683716
2019-04-02,0.9991999864578247,0.9991999864578247
2019-04-03,0.9981600046157837,0.9981600046157837
2019-04-04,0.9972900152206421,0.9972900152206421
2019-04-05,0.9999200105667114,0.9999200105667114
2019-04-08,0.9998999834060669,0.9998999834060669
2019-04-09,0.9991099834442139,0.9991099834442139
2019-04-10,0.9996500015258789,0.9996500015258789
2019-04-11,1.002210021018982,1.002210021018982
2019-04-12,1.0027400255203247,1.0027400255203247
2019-04-15,1.0024000406265259,1.0024000406265259
2019-04-16,1.0036699771881104,1.0036699771881104
2019-04-17,1.0075000524520874,1.0075000524520874
2019-04-18,1.0104000568389893,1.0104000568389893
2019-04-19,1.014840006828308,1.014840006828308
2019-04-22,1.014389991760254,1.014389991760254
2019-04-23,1.0153000354766846,1.0153000354766846
2019-04-24,1.0201499462127686,1.0201499462127686
2019-04-25,1.020300030708313,1.020300030708313
2019-04-26,1.0198999643325806,1.0198999643325806
2019-04-29,1.019320011138916,1.019320011138916
2019-04-30,1.0192999839782715,1.0192999839782715
2019-05-01,1.0190099477767944,1.0190099477767944
2019-05-02,1.0174000263214111,1.0174000263214111
2019-05-03,1.0193500518798828,1.0193500518798828
2019-05-06,1.0165200233459473,1.0165200233459473
2019-05-07,1.0170999765396118,1.0170999765396118
2019-05-08,1.0196000337600708,1.0196000337600708
2019-05-09,1.020300030708313,1.020300030708313
2019-05-10,1.0152000188827515,1.0152000188827515
2019-05-13,1.0104000568389893,1.0104000568389893
2019-05-14,1.0053800344467163,1.0053800344467163
2019-05-15,1.008739948272705,1.008739948272705
2019-05-16,1.0082499980926514,1.0082499980926514
2019-05-17,1.0099799633026123,1.0099799633026123
2019-05-20,1.0104999542236328,1.0104999542236328
2019-05-21,1.0082999467849731,1.0082999467849731
2019-05-23,1.0090199708938599,1.0090199708938599
2019-05-24,1.0029000043869019,1.0029000043869019
2019-05-27,1.00177001953125,1.00177001953125
2019-05-28,1.0039499998092651,1.0039499998092651
2019-05-29,1.0069299936294556,1.0069299936294556
2019-05-30,1.0082999467849731,1.0082999467849731
2019-05-31,1.0068999528884888,1.0068999528884888
2019-06-03,0.999530017375946,0.999530017375946
2019-06-04,0.9922999739646912,0.9922999739646912
2019-06-05,0.9924700260162354,0.9924700260162354
2019-06-06,0.9939000010490417,0.9939000010490417
2019-06-07,0.991100013256073,0.991100013256073
2019-06-10,0.9898999929428101,0.9898999929428101
2019-06-11,0.9889000058174133,0.9889000058174133
2019-06-12,0.9919999837875366,0.9919999837875366
2019-06-13,0.994700014591217,0.994700014591217
2019-06-14,0.9934999942779541,0.9934999942779541
2019-06-17,0.9987999796867371,0.9987999796867371
2019-06-18,0.9986500144004822,0.9986500144004822
2019-06-19,1.00068998336792,1.00068998336792
2019-06-20,0.9926999807357788,0.9926999807357788
2019-06-21,0.9810500144958496,0.9810500144958496
2019-06-24,0.9753999710083008,0.9753999710083008
2019-06-25,0.9718000292778015,0.9718000292778015
2019-06-26,0.9748200178146362,0.9748200178146362
2019-06-27,0.9773899912834167,0.9773899912834167
2019-06-28,0.9766499996185303,0.9766499996185303
2019-07-01,0.9793999791145325,0.9793999791145325
2019-07-02,0.9869999885559082,0.9869999885559082
2019-07-03,0.9851999878883362,0.9851999878883362
2019-07-04,0.9855999946594238,0.9855999946594238
2019-07-05,0.98471999168396,0.98471999168396
2019-07-08,0.9911999702453613,0.9911999702453613
2019-07-09,0.9940900206565857,0.9940900206565857
2019-07-10,0.9935899972915649,0.9935899972915649
2019-07-11,0.9879000186920166,0.9879000186920166
2019-07-12,0.9904999732971191,0.9904999732971191
2019-07-15,0.984000027179718,0.984000027179718
2019-07-16,0.9840999841690063,0.9840999841690063
2019-07-17,0.9879900217056274,0.9879900217056274
2019-07-18,0.9865999817848206,0.9865999817848206
2019-07-19,0.9826400279998779,0.9826400279998779
2019-07-22,0.9828400015830994,0.9828400015830994
2019-07-23,0.9824000000953674,0.9824000000953674
2019-07-24,0.9853799939155579,0.9853799939155579
2019-07-25,0.9846799969673157,0.9846799969673157
2019-07-26,0.9909800291061401,0.9909800291061401
2019-07-29,0.9933000206947327,0.9933000206947327
2019-07-30,0.991599977016449,0.991599977016449
2019-07-31,0.9897000193595886,0.9897000193595886
2019-08-01,0.9937999844551086,0.9937999844551086
2019-08-02,0.9900699853897095,0.9900699853897095
2019-08-05,0.9825000166893005,0.9825000166893005
2019-08-06,0.9706199765205383,0.9706199765205383
2019-08-07,0.9757300019264221,0.9757300019264221
2019-08-08,0.9746999740600586,0.9746999740600586
2019-08-09,0.9739300012588501,0.9739300012588501
2019-08-12,0.9714199900627136,0.9714199900627136
2019-08-13,0.9692299962043762,0.9692299962043762
2019-08-14,0.9757999777793884,0.9757999777793884
2019-08-15,0.9734600186347961,0.9734600186347961
2019-08-16,0.9763000011444092,0.9763000011444092
2019-08-19,0.9793000221252441,0.9793000221252441
2019-08-20,0.981249988079071,0.981249988079071
2019-08-21,0.9778000116348267,0.9778000116348267
2019-08-22,0.9818999767303467,0.9818999767303467
2019-08-23,0.9836599826812744,0.9836599826812744
2019-08-26,0.9728500247001648,0.9728500247001648
2019-08-27,0.9790999889373779,0.9790999889373779
2019-08-28,0.98089998960495,0.98089998960495
2019-08-29,0.9813299775123596,0.9813299775123596
2019-08-30,0.98580002784729,0.98580002784729
2019-09-02,0.989300012588501,0.989300012588501
2019-09-03,0.9903299808502197,0.9903299808502197
2019-09-04,0.9868299961090088,0.9868299961090088
2019-09-05,0.9808400273323059,0.9808400273323059
2019-09-06,0.9862300157546997,0.9862300157546997
2019-09-09,0.9879999756813049,0.9879999756813049
2019-09-10,0.992389976978302,0.992389976978302
2019-09-11,0.991599977016449,0.991599977016449
2019-09-12,0.9937199950218201,0.9937199950218201
2019-09-13,0.990559995174408,0.990559995174408
2019-09-16,0.9868599772453308,0.9868599772453308
2019-09-17,0.9929199814796448,0.9929199814796448
2019-09-18,0.9925400018692017,0.9925400018692017
2019-09-19,0.9968000054359436,0.9968000054359436
2019-09-20,0.9927399754524231,0.9927399754524231
2019-09-23,0.9913700222969055,0.9913700222969055
2019-09-24,0.9898200035095215,0.9898200035095215
2019-09-25,0.9858999848365784,0.9858999848365784
2019-09-26,0.9908599853515625,0.9908599853515625
2019-09-27,0.9933900237083435,0.9933900237083435
2019-09-30,0.9908999800682068,0.9908999800682068
2019-10-01,0.9976000189781189,0.9976000189781189
2019-10-02,0.992680013179779,0.992680013179779
2019-10-03,0.9967300295829773,0.9967300295829773
2019-10-04,0.9981499910354614,0.9981499910354614
2019-10-07,0.9939900040626526,0.9939900040626526
2019-10-08,0.9947599768638611,0.9947599768638611
2019-10-09,0.9926000237464905,0.9926000237464905
2019-10-10,0.9928799867630005,0.9928799867630005
2019-10-11,0.9961299896240234,0.9961299896240234
2019-10-14,0.9977999925613403,0.9977999925613403
2019-10-15,0.9976199865341187,0.9976199865341187
2019-10-16,0.998520016670227,0.998520016670227
2019-10-17,0.9942200183868408,0.9942200183868408
2019-10-18,0.9872999787330627,0.9872999787330627
2019-10-21,0.9849100112915039,0.9849100112915039
2019-10-22,0.9859200119972229,0.9859200119972229
2019-10-23,0.9893400073051453,0.9893400073051453
2019-10-24,0.9901000261306763,0.9901000261306763
2019-10-25,0.9923499822616577,0.9923499822616577
2019-10-28,0.9941999912261963,0.9941999912261963
2019-10-29,0.9947599768638611,0.9947599768638611
2019-10-30,0.9941200017929077,0.9941200017929077
2019-10-31,0.989109992980957,0.989109992980957
2019-11-01,0.9864100217819214,0.9864100217819214
2019-11-04,0.9858400225639343,0.9858400225639343
2019-11-05,0.988290011882782,0.988290011882782
2019-11-06,0.9923999905586243,0.9923999905586243
2019-11-07,0.9924700260162354,0.9924700260162354
2019-11-08,0.9945999979972839,0.9945999979972839
2019-11-11,0.9971699714660645,0.9971699714660645
2019-11-12,0.9930099844932556,0.9930099844932556
2019-11-13,0.9926599860191345,0.9926599860191345
2019-11-14,0.9896699786186218,0.9896699786186218
2019-11-15,0.9887700080871582,0.9887700080871582
2019-11-18,0.9889860153198242,0.9889860153198242
2019-11-19,0.9890999794006348,0.9890999794006348
2019-11-20,0.99031001329422,0.99031001329422
2019-11-21,0.9903799891471863,0.9903799891471863
2019-11-22,0.9926999807357788,0.9926999807357788
2019-11-25,0.9976000189781189,0.9976000189781189
2019-11-26,0.9967399835586548,0.9967399835586548
2019-11-27,0.9975900053977966,0.9975900053977966
2019-11-28,0.9984700083732605,0.9984700083732605
2019-11-29,0.9983599781990051,0.9983599781990051
2019-12-02,1.0001100301742554,1.0001100301742554
2019-12-03,0.9914299845695496,0.9914299845695496
2019-12-04,0.9868999719619751,0.9868999719619751
2019-12-05,0.9882500171661377,0.9882500171661377
2019-12-06,0.9869999885559082,0.9869999885559082
2019-12-09,0.9904800057411194,0.9904800057411194
2019-12-10,0.9877600073814392,0.9877600073814392
2019-12-11,0.984470009803772,0.984470009803772
2019-12-12,0.9824000000953674,0.9824000000953674
2019-12-13,0.9849900007247925,0.9849900007247925
2019-12-16,0.983959972858429,0.983959972858429
2019-12-17,0.9832000136375427,0.9832000136375427
2019-12-18,0.9797000288963318,0.9797000288963318
2019-12-19,0.9800099730491638,0.9800099730491638
2019-12-20,0.9782000184059143,0.9782000184059143
2019-12-23,0.9822800159454346,0.9822800159454346
2019-12-24,0.981469988822937,0.981469988822937
2019-12-25,0.9803000092506409,0.9803000092506409
2019-12-26,0.9793999791145325,0.9793999791145325
2019-12-27,0.981469988822937,0.981469988822937
2019-12-30,0.9737100005149841,0.9737100005149841
2019-12-31,0.9686300158500671,0.9686300158500671
2020-01-01,0.967199981212616,0.967199981212616
2020-01-02,0.9674999713897705,0.9674999713897705
2020-01-03,0.9711999893188477,0.9711999893188477
2020-01-06,0.9714800119400024,0.9714800119400024
2020-01-07,0.968500018119812,0.968500018119812
2020-01-08,0.9688299894332886,0.9688299894332886
2020-01-09,0.9732000231742859,0.9732000231742859
2020-01-10,0.9731199741363525,0.9731199741363525
2020-01-13,0.9731400012969971,0.9731400012969971
2020-01-14,0.9707000255584717,0.9707000255584717
2020-01-15,0.9670699834823608,0.9670699834823608
2020-01-16,0.963699996471405,0.963699996471405
2020-01-17,0.9648799896240234,0.9648799896240234
2020-01-20,0.968209981918335,0.968209981918335
2020-01-21,0.9683799743652344,0.9683799743652344
2020-01-22,0.9688000082969666,0.9688000082969666
2020-01-23,0.9674000144004822,0.9674000144004822
2020-01-24,0.9695000052452087,0.9695000052452087
2020-01-27,0.9699400067329407,0.9699400067329407
2020-01-28,0.9698500037193298,0.9698500037193298
2020-01-29,0.9729800224304199,0.9729800224304199
2020-01-30,0.9731799960136414,0.9731799960136414
2020-01-31,0.9694100022315979,0.9694100022315979
2020-02-03,0.9633600115776062,0.9633600115776062
2020-02-04,0.9656999707221985,0.9656999707221985
2020-02-05,0.9692699909210205,0.9692699909210205
2020-02-06,0.9732999801635742,0.9732999801635742
2020-02-07,0.9745000004768372,0.9745000004768372
2020-02-10,0.9766600131988525,0.9766600131988525
2020-02-11,0.9771000146865845,0.9771000146865845
2020-02-12,0.975600004196167,0.975600004196167
2020-02-13,0.9775599837303162,0.9775599837303162
2020-02-14,0.978879988193512,0.978879988193512
2020-02-17,0.981689989566803,0.981689989566803
2020-02-18,0.980400025844574,0.980400025844574
2020-02-19,0.9829000234603882,0.9829000234603882
2020-02-20,0.9835000038146973,0.9835000038146973
2020-02-21,0.9837599992752075,0.9837599992752075
2020-02-24,0.9788399934768677,0.9788399934768677
2020-02-25,0.9797800183296204,0.9797800183296204
2020-02-26,0.9758999943733215,0.9758999943733215
2020-02-27,0.97639000415802,0.97639000415802
2020-02-28,0.96875,0.96875
2020-03-02,0.9639800190925598,0.9639800190925598
2020-03-03,0.9581000208854675,0.9581000208854675
2020-03-04,0.9556499719619751,0.9556499719619751
2020-03-05,0.95660001039505,0.95660001039505
2020-03-06,0.9458000063896179,0.9458000063896179
2020-03-09,0.9274500012397766,0.9274500012397766
2020-03-10,0.9283599853515625,0.9283599853515625
2020-03-11,0.9368100166320801,0.9368100166320801
2020-03-12,0.9389500021934509,0.9389500021934509
2020-03-13,0.9446499943733215,0.9446499943733215
2020-03-16,0.9463000297546387,0.9463000297546387
2020-03-17,0.9475299715995789,0.9475299715995789
2020-03-18,0.9596499800682068,0.9596499800682068
2020-03-19,0.9666299819946289,0.9666299819946289
2020-03-20,0.9887199997901917,0.9887199997901917
2020-03-23,0.985069990158081,0.985069990158081
2020-03-24,0.9817000031471252,0.9817000031471252
2020-03-25,0.9799699783325195,0.9799699783325195
2020-03-26,0.9762399792671204,0.9762399792671204
2020-03-27,0.9616600275039673,0.9616600275039673
2020-03-30,0.950469970703125,0.950469970703125
2020-03-31,0.9599999785423279,0.9599999785423279
2020-04-01,0.9615100026130676,0.9615100026130676
2020-04-02,0.966189980506897,0.966189980506897
2020-04-03,0.9742199778556824,0.9742199778556824
2020-04-06,0.9771999716758728,0.9771999716758728
2020-04-07,0.9779599905014038,0.9779599905014038
2020-04-08,0.9691900014877319,0.9691900014877319
2020-04-09,0.9718199968338013,0.9718199968338013
2020-04-10,0.9668599963188171,0.9668599963188171
2020-04-13,0.9658399820327759,0.9658399820327759
2020-04-14,0.9664000272750854,0.9664000272750854
2020-04-15,0.9599199891090393,0.9599199891090393
2020-04-16,0.9650999903678894,0.9650999903678894
2020-04-17,0.9692000150680542,0.9692000150680542
2020-04-20,0.9678300023078918,0.9678300023078918
2020-04-21,0.9678999781608582,0.9678999781608582
2020-04-22,0.9697700142860413,0.9697700142860413
2020-04-23,0.9726999998092651,0.9726999998092651
2020-04-24,0.9763299822807312,0.9763299822807312
2020-04-27,0.9735000133514404,0.9735000133514404
2020-04-28,0.9758300185203552,0.9758300185203552
2020-04-29,0.9737399816513062,0.9737399816513062
2020-04-30,0.9739000201225281,0.9739000201225281
2020-05-01,0.9664700031280518,0.9664700031280518
2020-05-04,0.9624999761581421,0.9624999761581421
2020-05-05,0.965399980545044,0.965399980545044
2020-05-06,0.972599983215332,0.972599983215332
2020-05-07,0.9751999974250793,0.9751999974250793
2020-05-08,0.9729499816894531,0.9729499816894531
2020-05-11,0.9709219932556152,0.9709219932556152
2020-05-12,0.9728900194168091,0.9728900194168091
2020-05-13,0.9698200225830078,0.9698200225830078
2020-05-14,0.9718000292778015,0.9718000292778015
2020-05-15,0.9731000065803528,0.9731000065803528
2020-05-18,0.9719099998474121,0.9719099998474121
2020-05-19,0.9717299938201904,0.9717299938201904
2020-05-20,0.9711599946022034,0.9711599946022034
2020-05-21,0.9646999835968018,0.9646999835968018
2020-05-22,0.9706799983978271,0.9706799983978271
2020-05-25,0.9712200164794922,0.9712200164794922
2020-05-26,0.9714599847793579,0.9714599847793579
2020-05-27,0.9653469920158386,0.9653469920158386
2020-05-28,0.9680299758911133,0.9680299758911133
2020-05-29,0.9639999866485596,0.9639999866485596
2020-06-01,0.9606199860572815,0.9606199860572815
2020-06-02,0.9610999822616577,0.9610999822616577
2020-06-03,0.9616100192070007,0.9616100192070007
2020-06-04,0.961359977722168,0.961359977722168
2020-06-05,0.9556099772453308,0.9556099772453308
2020-06-08,0.9610000252723694,0.9610000252723694
2020-06-09,0.9575200080871582,0.9575200080871582
2020-06-10,0.9510999917984009,0.9510999917984009
2020-06-11,0.9437299966812134,0.9437299966812134
2020-06-12,0.9441400170326233,0.9441400170326233
2020-06-15,0.9514300227165222,0.9514300227165222
2020-06-16,0.9488999843597412,0.9488999843597412
2020-06-17,0.9511299729347229,0.9511299729347229
2020-06-18,0.948710024356842,0.948710024356842
2020-06-19,0.95169997215271,0.95169997215271
2020-06-22,0.9521999955177307,0.9521999955177307
2020-06-23,0.9468600153923035,0.9468600153923035
2020-06-24,0.944570004940033,0.944570004940033
2020-06-25,0.9481599926948547,0.9481599926948547
2020-06-26,0.9480999708175659,0.9480999708175659
2020-06-29,0.9476000070571899,0.9476000070571899
2020-06-30,0.9510499835014343,0.9510499835014343
2020-07-01,0.9467999935150146,0.9467999935150146
2020-07-02,0.9457700252532959,0.9457700252532959
2020-07-03,0.9455400109291077,0.9455400109291077
2020-07-06,0.9449700117111206,0.9449700117111206
2020-07-07,0.9418200254440308,0.9418200254440308
2020-07-08,0.942300021648407,0.942300021648407
2020-07-09,0.9380999803543091,0.9380999803543091
2020-07-10,0.9403700232505798,0.9403700232505798
2020-07-13,0.9405099749565125,0.9405099749565125
2020-07-14,0.9417600035667419,0.9417600035667419
2020-07-15,0.9394400119781494,0.9394400119781494
2020-07-16,0.9440100193023682,0.9440100193023682
2020-07-17,0.9453399777412415,0.9453399777412415
2020-07-20,0.938319981098175,0.938319981098175
2020-07-21,0.9387999773025513,0.9387999773025513
2020-07-22,0.9325299859046936,0.9325299859046936
2020-07-23,0.9294000267982483,0.9294000267982483
2020-07-24,0.9252899885177612,0.9252899885177612
2020-07-27,0.9208999872207642,0.9208999872207642
2020-07-28,0.91948002576828,0.91948002576828
2020-07-29,0.9178000092506409,0.9178000092506409
2020-07-30,0.9124199748039246,0.9124199748039246
2020-07-31,0.9085000157356262,0.9085000157356262
2020-08-03,0.9132000207901001,0.9132000207901001
2020-08-04,0.9175999760627747,0.9175999760627747
2020-08-05,0.9125699996948242,0.9125699996948242
2020-08-06,0.9080299735069275,0.9080299735069275
2020-08-07,0.9099900126457214,0.9099900126457214
2020-08-10,0.9127349853515625,0.9127349853515625
2020-08-11,0.9154999852180481,0.9154999852180481
2020-08-12,0.9172000288963318,0.9172000288963318
2020-08-13,0.9118099808692932,0.9118099808692932
2020-08-14,0.9096500277519226,0.9096500277519226
2020-08-17,0.9085000157356262,0.9085000157356262
2020-08-18,0.9061999917030334,0.9061999917030334
2020-08-19,0.9027400016784668,0.9027400016784668
2020-08-20,0.9146900177001953,0.9146900177001953
2020-08-21,0.9067000150680542,0.9067000150680542
2020-08-24,0.9118000268936157,0.9118000268936157
2020-08-25,0.9118800163269043,0.9118800163269043
2020-08-26,0.9079700112342834,0.9079700112342834
2020-08-27,0.9073799848556519,0.9073799848556519
2020-08-28,0.9089999794960022,0.9089999794960022
2020-08-31,0.9035999774932861,0.9035999774932861
2020-09-01,0.9039000272750854,0.9039000272750854
2020-09-02,0.9093700051307678,0.9093700051307678
2020-09-03,0.9111800193786621,0.9111800193786621
2020-09-04,0.910040020942688,0.910040020942688
2020-09-07,0.913569986820221,0.913569986820221
2020-09-08,0.9163900017738342,0.9163900017738342
2020-09-09,0.9178000092506409,0.9178000092506409
2020-09-10,0.9121400117874146,0.9121400117874146
2020-09-11,0.9102699756622314,0.9102699756622314
2020-09-14,0.9089199900627136,0.9089199900627136
2020-09-15,0.9083200097084045,0.9083200097084045
2020-09-16,0.9085299968719482,0.9085299968719482
2020-09-17,0.9105799794197083,0.9105799794197083
2020-09-18,0.9082900285720825,0.9082900285720825
2020-09-21,0.9111199975013733,0.9111199975013733
2020-09-22,0.9150609970092773,0.9150609970092773
2020-09-23,0.9199000000953674,0.9199000000953674
2020-09-24,0.9239500164985657,0.9239500164985657
2020-09-25,0.9267399907112122,0.9267399907112122
2020-09-28,0.9281100034713745,0.9281100034713745
2020-09-29,0.923740029335022,0.923740029335022
2020-09-30,0.919439971446991,0.919439971446991
2020-10-01,0.9207000136375427,0.9207000136375427
2020-10-02,0.9189800024032593,0.9189800024032593
2020-10-05,0.917900025844574,0.917900025844574
2020-10-06,0.9150500297546387,0.9150500297546387
2020-10-07,0.917639970779419,0.917639970779419
2020-10-08,0.9167760014533997,0.9167760014533997
2020-10-09,0.916700005531311,0.916700005531311
2020-10-12,0.9104499816894531,0.9104499816894531
2020-10-13,0.9090099930763245,0.9090099930763245
2020-10-14,0.9151800274848938,0.9151800274848938
2020-10-15,0.913320004940033,0.913320004940033
2020-10-16,0.9143000245094299,0.9143000245094299
2020-10-19,0.9151099920272827,0.9151099920272827
2020-10-20,0.9105700254440308,0.9105700254440308
2020-10-21,0.9067000150680542,0.9067000150680542
2020-10-22,0.9057899713516235,0.9057899713516235
2020-10-23,0.9075999855995178,0.9075999855995178
2020-10-26,0.9045600295066833,0.9045600295066833
2020-10-27,0.9078999757766724,0.9078999757766724
2020-10-28,0.9088749885559082,0.9088749885559082
2020-10-29,0.9105899930000305,0.9105899930000305
2020-10-30,0.9153100252151489,0.9153100252151489
2020-11-02,0.9171599745750427,0.9171599745750427
2020-11-03,0.9187729954719543,0.9187729954719543
2020-11-04,0.9106400012969971,0.9106400012969971
2020-11-05,0.9114000201225281,0.9114000201225281
2020-11-06,0.9041699767112732,0.9041699767112732
2020-11-09,0.8993200063705444,0.8993200063705444
2020-11-10,0.9126899838447571,0.9126899838447571
2020-11-11,0.9149799942970276,0.9149799942970276
2020-11-12,0.9165869951248169,0.9165869951248169
2020-11-13,0.9148200154304504,0.9148200154304504
2020-11-16,0.9120799899101257,0.9120799899101257
2020-11-17,0.9123700261116028,0.9123700261116028
2020-11-18,0.9110000133514404,0.9110000133514404
2020-11-19,0.9118599891662598,0.9118599891662598
2020-11-20,0.9109429717063904,0.9109429717063904
2020-11-23,0.9105299711227417,0.9105299711227417
2020-11-24,0.9124400019645691,0.9124400019645691
2020-11-25,0.9107999801635742,0.9107999801635742
2020-11-26,0.9082199931144714,0.9082199931144714
2020-11-27,0.9064199924468994,0.9064199924468994
2020-11-30,0.904229998588562,0.904229998588562
2020-12-01,0.908270001411438,0.908270001411438
2020-12-02,0.8995100259780884,0.8995100259780884
2020-12-03,0.8946099877357483,0.8946099877357483
2020-12-04,0.8907700181007385,0.8907700181007385
2020-12-07,0.8917400240898132,0.8917400240898132
2020-12-08,0.8905689716339111,0.8905689716339111
2020-12-09,0.8885279893875122,0.8885279893875122
2020-12-10,0.8893600106239319,0.8893600106239319
2020-12-11,0.8858579993247986,0.8858579993247986
2020-12-14,0.8885400295257568,0.8885400295257568
2020-12-15,0.8865799903869629,0.8865799903869629
2020-12-16,0.8854399919509888,0.8854399919509888
2020-12-17,0.8853899836540222,0.8853899836540222
2020-12-18,0.8847200274467468,0.8847200274467468
2020-12-21,0.8854799866676331,0.8854799866676331
2020-12-22,0.8854799866676331,0.8854799866676331
2020-12-23,0.8878600001335144,0.8878600001335144
2020-12-24,0.8878999948501587,0.8878999948501587
2020-12-25,0.8909000158309937,0.8909000158309937
2020-12-28,0.8894299864768982,0.8894299864768982
2020-12-29,0.8883000016212463,0.8883000016212463
2020-12-30,0.8841000199317932,0.8841000199317932
2020-12-31,0.8815799951553345,0.8815799951553345
2021-01-01,0.8981000185012817,0.8981000185012817
2021-01-04,0.8830999732017517,0.8830999732017517
2021-01-05,0.8812400102615356,0.8812400102615356
2021-01-06,0.8781800270080566,0.8781800270080566
2021-01-07,0.8780699968338013,0.8780699968338013
2021-01-08,0.8851500153541565,0.8851500153541565
2021-01-11,0.8876399993896484,0.8876399993896484
2021-01-12,0.8896200060844421,0.8896200060844421
2021-01-13,0.8859000205993652,0.8859000205993652
2021-01-14,0.886900007724762,0.886900007724762
2021-01-15,0.8882499933242798,0.8882499933242798
2021-01-18,0.8921800255775452,0.8921800255775452
2021-01-19,0.8909000158309937,0.8909000158309937
2021-01-20,0.8880000114440918,0.8880000114440918
2021-01-21,0.8892800211906433,0.8892800211906433
2021-01-22,0.8853600025177002,0.8853600025177002
2021-01-25,0.8853229880332947,0.8853229880332947
2021-01-26,0.8880199790000916,0.8880199790000916
2021-01-27,0.8866999745368958,0.8866999745368958
2021-01-28,0.8888999819755554,0.8888999819755554
2021-01-29,0.888608992099762,0.888608992099762
2021-02-01,0.8913599848747253,0.8913599848747253
2021-02-02,0.8964800238609314,0.8964800238609314
2021-02-03,0.8974999785423279,0.8974999785423279
2021-02-04,0.8983399868011475,0.8983399868011475
2021-02-05,0.9040300250053406,0.9040300250053406
2021-02-08,0.8989800214767456,0.8989800214767456
2021-02-09,0.8985990285873413,0.8985990285873413
2021-02-10,0.8924000263214111,0.8924000263214111
2021-02-11,0.8902459740638733,0.8902459740638733
2021-02-12,0.8901200294494629,0.8901200294494629
2021-02-15,0.8917589783668518,0.8917589783668518
2021-02-16,0.8898339867591858,0.8898339867591858
2021-02-17,0.8932179808616638,0.8932179808616638
2021-02-18,0.8984299898147583,0.8984299898147583
2021-02-19,0.8958100080490112,0.8958100080490112
2021-02-22,0.8966900110244751,0.8966900110244751
2021-02-23,0.8956900238990784,0.8956900238990784
2021-02-24,0.9050999879837036,0.9050999879837036
2021-02-25,0.9065999984741211,0.9065999984741211
2021-02-26,0.9055699706077576,0.9055699706077576
2021-03-01,0.9074000120162964,0.9074000120162964
2021-03-02,0.914900004863739,0.914900004863739
2021-03-03,0.9150000214576721,0.9150000214576721
2021-03-04,0.919700026512146,0.919700026512146
2021-03-05,0.9292799830436707,0.9292799830436707
2021-03-08,0.9301999807357788,0.9301999807357788
2021-03-09,0.9358000159263611,0.9358000159263611
2021-03-10,0.9281399846076965,0.9281399846076965
2021-03-11,0.9297000169754028,0.9297000169754028
2021-03-12,0.9246600270271301,0.9246600270271301
2021-03-15,0.929265022277832,0.929265022277832
2021-03-16,0.9276000261306763,0.9276000261306763
2021-03-17,0.9247999787330627,0.9247999787330627
2021-03-18,0.9222400188446045,0.9222400188446045
2021-03-19,0.9273200035095215,0.9273200035095215
2021-03-22,0.9300400018692017,0.9300400018692017
2021-03-23,0.9232000112533569,0.9232000112533569
2021-03-24,0.9345200061798096,0.9345200061798096
2021-03-25,0.9359899759292603,0.9359899759292603
2021-03-26,0.9395099878311157,0.9395099878311157
2021-03-29,0.93954998254776,0.93954998254776
2021-03-30,0.9388999938964844,0.9388999938964844
2021-03-31,0.9416900277137756,0.9416900277137756
2021-04-01,0.9438999891281128,0.9438999891281128
2021-04-02,0.942110002040863,0.942110002040863
2021-04-05,0.9419999718666077,0.9419999718666077
2021-04-06,0.9360399842262268,0.9360399842262268
2021-04-07,0.9314000010490417,0.9314000010490417
2021-04-08,0.9293000102043152,0.9293000102043152
2021-04-09,0.9241600036621094,0.9241600036621094
2021-04-12,0.9252899885177612,0.9252899885177612
2021-04-13,0.9221000075340271,0.9221000075340271
2021-04-14,0.9200999736785889,0.9200999736785889
2021-04-15,0.9226999878883362,0.9226999878883362
2021-04-16,0.9218930006027222,0.9218930006027222
2021-04-19,0.9205499887466431,0.9205499887466431
2021-04-20,0.9146999716758728,0.9146999716758728
2021-04-21,0.9158999919891357,0.9158999919891357
2021-04-22,0.9167299866676331,0.9167299866676331
2021-04-23,0.9170399904251099,0.9170399904251099
2021-04-26,0.91389000415802,0.91389000415802
2021-04-27,0.9146400094032288,0.9146400094032288
2021-04-28,0.9140400290489197,0.9140400290489197
2021-04-29,0.9086999893188477,0.9086999893188477
2021-04-30,0.9089999794960022,0.9089999794960022
2021-05-03,0.9128999710083008,0.9128999710083008
2021-05-04,0.9115399718284607,0.9115399718284607
2021-05-05,0.9133999943733215,0.9133999943733215
2021-05-06,0.9131100177764893,0.9131100177764893
2021-05-07,0.9075899720191956,0.9075899720191956
2021-05-10,0.9004499912261963,0.9004499912261963
2021-05-11,0.90038001537323,0.90038001537323
2021-05-12,0.9038400053977966,0.9038400053977966
2021-05-13,0.9085999727249146,0.9085999727249146
2021-05-14,0.9059399962425232,0.9059399962425232
2021-05-17,0.901199996471405,0.901199996471405
2021-05-18,0.9033300280570984,0.9033300280570984
2021-05-19,0.8974300026893616,0.8974300026893616
2021-05-20,0.9040799736976624,0.9040799736976624
2021-05-21,0.8973000049591064,0.8973000049591064
2021-05-24,0.8974000215530396,0.8974000215530396
2021-05-25,0.8970000147819519,0.8970000147819519
2021-05-26,0.8956000208854675,0.8956000208854675
2021-05-27,0.8977299928665161,0.8977299928665161
2021-05-28,0.8970500230789185,0.8970500230789185
2021-05-31,0.9001100063323975,0.9001100063323975
2021-06-01,0.8984000086784363,0.8984000086784363
2021-06-02,0.8969799876213074,0.8969799876213074
2021-06-03,0.8981999754905701,0.8981999754905701
2021-06-04,0.9035000205039978,0.9035000205039978
2021-06-07,0.8991000056266785,0.8991000056266785
2021-06-08,0.8974999785423279,0.8974999785423279
2021-06-09,0.8967999815940857,0.8967999815940857
2021-06-10,0.8956000208854675,0.8956000208854675
2021-06-11,0.8946499824523926,0.8946499824523926
2021-06-14,0.897711992263794,0.897711992263794
2021-06-15,0.8991000056266785,0.8991000056266785
2021-06-16,0.8985000252723694,0.8985000252723694
2021-06-17,0.9085299968719482,0.9085299968719482
2021-06-18,0.9176499843597412,0.9176499843597412
2021-06-21,0.9224900007247925,0.9224900007247925
2021-06-22,0.9186499714851379,0.9186499714851379
2021-06-23,0.9185900092124939,0.9185900092124939
2021-06-24,0.9181100130081177,0.9181100130081177
2021-06-25,0.9181299805641174,0.9181299805641174
2021-06-28,0.9166899919509888,0.9166899919509888
2021-06-29,0.9196100234985352,0.9196100234985352
2021-06-30,0.9208999872207642,0.9208999872207642
2021-07-01,0.9249500036239624,0.9249500036239624
2021-07-02,0.9258999824523926,0.9258999824523926
2021-07-05,0.9215999841690063,0.9215999841690063
2021-07-06,0.9221000075340271,0.9221000075340271
2021-07-07,0.9246699810028076,0.9246699810028076
2021-07-08,0.9254000186920166,0.9254000186920166
2021-07-09,0.9147400259971619,0.9147400259971619
2021-07-12,0.9140400290489197,0.9140400290489197
2021-07-13,0.9150199890136719,0.9150199890136719
2021-07-14,0.9187999963760376,0.9187999963760376
2021-07-15,0.9146900177001953,0.9146900177001953
2021-07-16,0.9178000092506409,0.9178000092506409
2021-07-19,0.9185299873352051,0.9185299873352051
2021-07-20,0.9185000061988831,0.9185000061988831
2021-07-21,0.9212300181388855,0.9212300181388855
2021-07-22,0.9175699949264526,0.9175699949264526
2021-07-23,0.9191200137138367,0.9191200137138367
2021-07-26,0.9195299744606018,0.9195299744606018
2021-07-27,0.9154599905014038,0.9154599905014038
2021-07-28,0.9143999814987183,0.9143999814987183
2021-07-29,0.909500002861023,0.909500002861023
2021-07-30,0.9057199954986572,0.9057199954986572
2021-08-02,0.9059100151062012,0.9059100151062012
2021-08-03,0.905269980430603,0.905269980430603
2021-08-04,0.9038199782371521,0.9038199782371521
2021-08-05,0.9064000248908997,0.9064000248908997
2021-08-06,0.906499981880188,0.906499981880188
2021-08-09,0.9156000018119812,0.9156000018119812
2021-08-10,0.9205999970436096,0.9205999970436096
2021-08-11,0.9229599833488464,0.9229599833488464
2021-08-12,0.921459972858429,0.921459972858429
2021-08-13,0.9230599999427795,0.9230599999427795
2021-08-16,0.9154000282287598,0.9154000282287598
2021-08-17,0.9125000238418579,0.9125000238418579
2021-08-18,0.9147499799728394,0.9147499799728394
2021-08-19,0.9175599813461304,0.9175599813461304
2021-08-20,0.9189199805259705,0.9189199805259705
2021-08-23,0.9171199798583984,0.9171199798583984
2021-08-24,0.9122999906539917,0.9122999906539917
2021-08-25,0.913100004196167,0.913100004196167
2021-08-26,0.913640022277832,0.913640022277832
2021-08-27,0.9179400205612183,0.9179400205612183
2021-08-30,0.9111999869346619,0.9111999869346619
2021-08-31,0.9171800017356873,0.9171800017356873
2021-09-01,0.9153000116348267,0.9153000116348267
2021-09-02,0.9155169725418091,0.9155169725418091
2021-09-03,0.9144899845123291,0.9144899845123291
2021-09-06,0.9138399958610535,0.9138399958610535
2021-09-07,0.9148799777030945,0.9148799777030945
2021-09-08,0.9194499850273132,0.9194499850273132
2021-09-09,0.9218400120735168,0.9218400120735168
2021-09-10,0.9165099859237671,0.9165099859237671
2021-09-13,0.9181399941444397,0.9181399941444397
2021-09-14,0.921999990940094,0.921999990940094
2021-09-15,0.9200800061225891,0.9200800061225891
2021-09-16,0.9197099804878235,0.9197099804878235
2021-09-17,0.9273599982261658,0.9273599982261658
2021-09-20,0.9320399761199951,0.9320399761199951
2021-09-21,0.9276700019836426,0.9276700019836426
2021-09-22,0.9235000014305115,0.9235000014305115
2021-09-23,0.9262999892234802,0.9262999892234802
2021-09-24,0.9244999885559082,0.9244999885559082
2021-09-27,0.9244700074195862,0.9244700074195862
2021-09-28,0.9255890250205994,0.9255890250205994
2021-09-29,0.9291599988937378,0.9291599988937378
2021-09-30,0.934249997138977,0.934249997138977
2021-10-01,0.932479977607727,0.932479977607727
2021-10-04,0.9295700192451477,0.9295700192451477
2021-10-05,0.9249600172042847,0.9249600172042847
2021-10-06,0.9283999800682068,0.9283999800682068
2021-10-07,0.9276999831199646,0.9276999831199646
2021-10-08,0.9283999800682068,0.9283999800682068
2021-10-11,0.9278500080108643,0.9278500080108643
2021-10-12,0.9275500178337097,0.9275500178337097
2021-10-13,0.9304599761962891,0.9304599761962891
2021-10-14,0.923799991607666,0.923799991607666
2021-10-15,0.9243699908256531,0.9243699908256531
2021-10-18,0.9235299825668335,0.9235299825668335
2021-10-19,0.9232779741287231,0.9232779741287231
2021-10-20,0.9229999780654907,0.9229999780654907
2021-10-21,0.9187999963760376,0.9187999963760376
2021-10-22,0.9181100130081177,0.9181100130081177
2021-10-25,0.9165530204772949,0.9165530204772949
2021-10-26,0.9198899865150452,0.9198899865150452
2021-10-27,0.9196000099182129,0.9196000099182129
2021-10-28,0.9179999828338623,0.9179999828338623
2021-10-29,0.9115399718284607,0.9115399718284607
2021-11-01,0.9161400198936462,0.9161400198936462
2021-11-02,0.9093400239944458,0.9093400239944458
2021-11-03,0.9146000146865845,0.9146000146865845
2021-11-04,0.9113100171089172,0.9113100171089172
2021-11-05,0.9126799702644348,0.9126799702644348
2021-11-08,0.9119700193405151,0.9119700193405151
2021-11-09,0.9132800102233887,0.9132800102233887
2021-11-10,0.9107000231742859,0.9107000231742859
2021-11-11,0.9178199768066406,0.9178199768066406
2021-11-12,0.921209990978241,0.921209990978241
2021-11-15,0.9211000204086304,0.9211000204086304
2021-11-16,0.92535001039505,0.92535001039505
2021-11-17,0.9303100109100342,0.9303100109100342
2021-11-18,0.9285299777984619,0.9285299777984619
2021-11-19,0.925599992275238,0.925599992275238
2021-11-22,0.9293000102043152,0.9293000102043152
2021-11-23,0.9322999715805054,0.9322999715805054
2021-11-24,0.9333900213241577,0.9333900213241577
2021-11-25,0.9337999820709229,0.9337999820709229
2021-11-26,0.9352800250053406,0.9352800250053406
2021-11-29,0.9243199825286865,0.9243199825286865
2021-11-30,0.9228699803352356,0.9228699803352356
2021-12-01,0.9194999933242798,0.9194999933242798
2021-12-02,0.9205999970436096,0.9205999970436096
2021-12-03,0.9197999835014343,0.9197999835014343
2021-12-06,0.9184899926185608,0.9184899926185608
2021-12-07,0.9254999756813049,0.9254999756813049
2021-12-08,0.9243999719619751,0.9243999719619751
2021-12-09,0.9200000166893005,0.9200000166893005
2021-12-10,0.9237899780273438,0.9237899780273438
2021-12-13,0.9210699796676636,0.9210699796676636
2021-12-14,0.9223799705505371,0.9223799705505371
2021-12-15,0.9240000247955322,0.9240000247955322
2021-12-16,0.9244400262832642,0.9244400262832642
2021-12-17,0.9188399910926819,0.9188399910926819
2021-12-20,0.9232900142669678,0.9232900142669678
2021-12-21,0.921720027923584,0.921720027923584
2021-12-22,0.9230200052261353,0.9230200052261353
2021-12-23,0.919439971446991,0.919439971446991
2021-12-24,0.9186000227928162,0.9186000227928162
2021-12-27,0.9187809824943542,0.9187809824943542
2021-12-28,0.9171599745750427,0.9171599745750427
2021-12-29,0.9168999791145325,0.9168999791145325
2021-12-30,0.9136000275611877,0.9136000275611877
2021-12-31,0.9136999845504761,0.9136999845504761
2022-01-03,0.9119750261306763,0.9119750261306763
2022-01-04,0.9183300137519836,0.9183300137519836
2022-01-05,0.9162099957466125,0.9162099957466125
2022-01-06,0.917389988899231,0.917389988899231
2022-01-07,0.9214000105857849,0.9214000105857849
2022-01-10,0.9188399910926819,0.9188399910926819
2022-01-11,0.9272000193595886,0.9272000193595886
2022-01-12,0.9235000014305115,0.9235000014305115
2022-01-13,0.914139986038208,0.914139986038208
2022-01-14,0.9110400080680847,0.9110400080680847
2022-01-17,0.9144920110702515,0.9144920110702515
2022-01-18,0.9139099717140198,0.9139099717140198
2022-01-19,0.9170699715614319,0.9170699715614319
2022-01-20,0.9156000018119812,0.9156000018119812
2022-01-21,0.9168400168418884,0.9168400168418884
2022-01-24,0.9126399755477905,0.9126399755477905
2022-01-25,0.9140899777412415,0.9140899777412415
2022-01-26,0.9177460074424744,0.9177460074424744
2022-01-27,0.9239490032196045,0.9239490032196045
2022-01-28,0.930869996547699,0.930869996547699
2022-01-31,0.9311299920082092,0.9311299920082092
2022-02-01,0.927079975605011,0.927079975605011
2022-02-02,0.9209399819374084,0.9209399819374084
2022-02-03,0.9189599752426147,0.9189599752426147
2022-02-04,0.9203699827194214,0.9203699827194214
2022-02-07,0.9251199960708618,0.9251199960708618
2022-02-08,0.9230499863624573,0.9230499863624573
2022-02-09,0.925000011920929,0.925000011920929
2022-02-10,0.9242200255393982,0.9242200255393982
2022-02-11,0.9256500005722046,0.9256500005722046
2022-02-14,0.9247199892997742,0.9247199892997742
2022-02-15,0.9245100021362305,0.9245100021362305
2022-02-16,0.9254400134086609,0.9254400134086609
2022-02-17,0.9215999841690063,0.9215999841690063
2022-02-18,0.9196000099182129,0.9196000099182129
2022-02-21,0.9208999872207642,0.9208999872207642
2022-02-22,0.9157099723815918,0.9157099723815918
2022-02-23,0.9215599894523621,0.9215599894523621
2022-02-24,0.9174200296401978,0.9174200296401978
2022-02-25,0.9258400201797485,0.9258400201797485
2022-02-28,0.926596999168396,0.926596999168396
2022-03-01,0.9175000190734863,0.9175000190734863
2022-03-02,0.9185600280761719,0.9185600280761719
2022-03-03,0.920520007610321,0.920520007610321
2022-03-04,0.917900025844574,0.917900025844574
2022-03-07,0.9201599955558777,0.9201599955558777
2022-03-08,0.9254500269889832,0.9254500269889832
2022-03-09,0.9295600056648254,0.9295600056648254
2022-03-10,0.9264900088310242,0.9264900088310242
2022-03-11,0.9293799996376038,0.9293799996376038
2022-03-14,0.9347699880599976,0.9347699880599976
2022-03-15,0.9383000135421753,0.9383000135421753
2022-03-16,0.940779983997345,0.940779983997345
2022-03-17,0.9415599703788757,0.9415599703788757
2022-03-18,0.936020016670227,0.936020016670227
2022-03-21,0.9329299926757812,0.9329299926757812
2022-03-22,0.9338799715042114,0.9338799715042114
2022-03-23,0.9334099888801575,0.9334099888801575
2022-03-24,0.9307199716567993,0.9307199716567993
2022-03-25,0.9294899702072144,0.9294899702072144
2022-03-28,0.9312700033187866,0.9312700033187866
2022-03-29,0.9336699843406677,0.9336699843406677
2022-03-30,0.9311500191688538,0.9311500191688538
2022-03-31,0.9229699969291687,0.9229699969291687
2022-04-01,0.9231899976730347,0.9231899976730347
2022-04-04,0.9258999824523926,0.9258999824523926
2022-04-05,0.9261999726295471,0.9261999726295471
2022-04-06,0.9296000003814697,0.9296000003814697
2022-04-07,0.9330499768257141,0.9330499768257141
2022-04-08,0.9344800114631653,0.9344800114631653
2022-04-11,0.9342399835586548,0.9342399835586548
2022-04-12,0.9312999844551086,0.9312999844551086
2022-04-13,0.932640016078949,0.932640016078949
2022-04-14,0.9338499903678894,0.9338499903678894
2022-04-15,0.9429100155830383,0.9429100155830383
2022-04-18,0.9423400163650513,0.9423400163650513
2022-04-19,0.944599986076355,0.944599986076355
2022-04-20,0.9520599842071533,0.9520599842071533
2022-04-21,0.9490000009536743,0.9490000009536743
2022-04-22,0.9537000060081482,0.9537000060081482
2022-04-25,0.9556000232696533,0.9556000232696533
2022-04-26,0.9582899808883667,0.9582899808883667
2022-04-27,0.9622300267219543,0.9622300267219543
2022-04-28,0.9686700105667114,0.9686700105667114
2022-04-29,0.9717000126838684,0.9717000126838684
2022-05-02,0.9741700291633606,0.9741700291633606
2022-05-03,0.977840006351471,0.977840006351471
2022-05-04,0.9787600040435791,0.9787600040435791
2022-05-05,0.9731900095939636,0.9731900095939636
2022-05-06,0.9851999878883362,0.9851999878883362
2022-05-09,0.989329993724823,0.989329993724823
2022-05-10,0.9926999807357788,0.9926999807357788
2022-05-11,0.9957000017166138,0.9957000017166138
2022-05-12,0.9944599866867065,0.9944599866867065
2022-05-13,1.0030499696731567,1.0030499696731567
2022-05-16,1.0022300481796265,1.0022300481796265
2022-05-17,1.0017199516296387,1.0017199516296387
2022-05-18,0.9937999844551086,0.9937999844551086
2022-05-19,0.9871399998664856,0.9871399998664856
2022-05-20,0.9721800088882446,0.9721800088882446
2022-05-23,0.9749900102615356,0.9749900102615356
2022-05-24,0.9659500122070312,0.9659500122070312
2022-05-25,0.9602000117301941,0.9602000117301941
2022-05-26,0.9615300297737122,0.9615300297737122
2022-05-27,0.9585599899291992,0.9585599899291992
2022-05-30,0.9578499794006348,0.9578499794006348
2022-05-31,0.9582300186157227,0.9582300186157227
2022-06-01,0.9595199823379517,0.9595199823379517
2022-06-02,0.963100016117096,0.963100016117096
2022-06-03,0.9574400186538696,0.9574400186538696
2022-06-06,0.9622600078582764,0.9622600078582764
2022-06-07,0.9713000059127808,0.9713000059127808
2022-06-08,0.9734899997711182,0.9734899997711182
2022-06-09,0.9788399934768677,0.9788399934768677
2022-06-10,0.980400025844574,0.980400025844574
2022-06-13,0.9894499778747559,0.9894499778747559
2022-06-14,0.9966650009155273,0.9966650009155273
2022-06-15,0.9994999766349792,0.9994999766349792
2022-06-16,0.9946200251579285,0.9946200251579285
2022-06-17,0.9667400121688843,0.9667400121688843
2022-06-20,0.9695600271224976,0.9695600271224976
2022-06-21,0.9671000242233276,0.9671000242233276
2022-06-22,0.9660199880599976,0.9660199880599976
2022-06-23,0.9617499709129333,0.9617499709129333
2022-06-24,0.961359977722168,0.961359977722168
2022-06-27,0.95728999376297,0.95728999376297
2022-06-28,0.9561600089073181,0.9561600089073181
2022-06-29,0.9566900134086609,0.9566900134086609
2022-06-30,0.9541800022125244,0.9541800022125244
2022-07-01,0.9550899863243103,0.9550899863243103
2022-07-04,0.9584000110626221,0.9584000110626221
2022-07-05,0.9608299732208252,0.9608299732208252
2022-07-06,0.9684979915618896,0.9684979915618896
2022-07-07,0.9702000021934509,0.9702000021934509
2022-07-08,0.973800003528595,0.973800003528595
2022-07-11,0.9777299761772156,0.9777299761772156
2022-07-12,0.9827399849891663,0.9827399849891663
2022-07-13,0.9818699955940247,0.9818699955940247
2022-07-14,0.9807999730110168,0.9807999730110168
2022-07-15,0.9829999804496765,0.9829999804496765
2022-07-18,0.975600004196167,0.975600004196167
2022-07-19,0.9775000214576721,0.9775000214576721
2022-07-20,0.9688000082969666,0.9688000082969666
2022-07-21,0.9714699983596802,0.9714699983596802
2022-07-22,0.9661999940872192,0.9661999940872192
2022-07-25,0.9629999995231628,0.9629999995231628
2022-07-26,0.9642900228500366,0.9642900228500366
2022-07-27,0.9622399806976318,0.9622399806976318
2022-07-28,0.9581900238990784,0.9581900238990784
2022-07-29,0.9544199705123901,0.9544199705123901
2022-08-01,0.9530699849128723,0.9530699849128723
2022-08-02,0.9501000046730042,0.9501000046730042
2022-08-03,0.9584800004959106,0.9584800004959106
2022-08-04,0.9611899852752686,0.9611899852752686
2022-08-05,0.9540799856185913,0.9540799856185913
2022-08-08,0.9622399806976318,0.9622399806976318
2022-08-09,0.9548799991607666,0.9548799991607666
2022-08-10,0.9541699886322021,0.9541699886322021
2022-08-11,0.942300021648407,0.942300021648407
2022-08-12,0.94132000207901,0.94132000207901
2022-08-15,0.9417999982833862,0.9417999982833862
2022-08-16,0.9459599852561951,0.9459599852561951
2022-08-17,0.9496600031852722,0.9496600031852722
2022-08-18,0.9513400197029114,0.9513400197029114
2022-08-19,0.9565899968147278,0.9565899968147278
2022-08-22,0.9588000178337097,0.9588000178337097
2022-08-23,0.9643999934196472,0.9643999934196472
2022-08-24,0.9643800258636475,0.9643800258636475
2022-08-25,0.9664599895477295,0.9664599895477295
2022-08-26,0.9636499881744385,0.9636499881744385
2022-08-29,0.968500018119812,0.968500018119812
2022-08-30,0.9671199917793274,0.9671199917793274
2022-08-31,0.9739199876785278,0.9739199876785278
2022-09-01,0.9790700078010559,0.9790700078010559
2022-09-02,0.9812899827957153,0.9812899827957153
2022-09-05,0.9833499789237976,0.9833499789237976
2022-09-06,0.9783999919891357,0.9783999919891357
2022-09-07,0.9845200181007385,0.9845200181007385
2022-09-08,0.9769600033760071,0.9769600033760071
2022-09-09,0.9686499834060669,0.9686499834060669
2022-09-12,0.9599199891090393,0.9599199891090393
2022-09-13,0.9527999758720398,0.9527999758720398
2022-09-14,0.9603300094604492,0.9603300094604492
2022-09-15,0.9618939757347107,0.9618939757347107
2022-09-16,0.9617999792098999,0.9617999792098999
2022-09-19,0.9632099866867065,0.9632099866867065
2022-09-20,0.9640899896621704,0.9640899896621704
2022-09-21,0.963699996471405,0.963699996471405
2022-09-22,0.9679399728775024,0.9679399728775024
2022-09-23,0.9757000207901001,0.9757000207901001
2022-09-26,0.9824100136756897,0.9824100136756897
2022-09-27,0.9921299815177917,0.9921299815177917
2022-09-28,0.9915199875831604,0.9915199875831604
2022-09-29,0.977620005607605,0.977620005607605
2022-09-30,0.9749299883842468,0.9749299883842468
2022-10-03,0.9856500029563904,0.9856500029563904
2022-10-04,0.9925600290298462,0.9925600290298462
2022-10-05,0.9786900281906128,0.9786900281906128
2022-10-06,0.9813200235366821,0.9813200235366821
2022-10-07,0.9899700284004211,0.9899700284004211
2022-10-10,0.9945600032806396,0.9945600032806396
2022-10-11,0.9995099902153015,0.9995099902153015
2022-10-12,0.9976000189781189,0.9976000189781189
2022-10-13,0.9973899722099304,0.9973899722099304
2022-10-14,1.0014100074768066,1.0014100074768066
2022-10-17,1.0036699771881104,1.0036699771881104
2022-10-18,0.9955000281333923,0.9955000281333923
2022-10-19,0.9936800003051758,0.9936800003051758
2022-10-20,1.0048099756240845,1.0048099756240845
2022-10-21,1.0038100481033325,1.0038100481033325
2022-10-24,0.9978799819946289,0.9978799819946289
2022-10-25,0.9994000196456909,0.9994000196456909
2022-10-26,0.9946699738502502,0.9946699738502502
2022-10-27,0.985010027885437,0.985010027885437
2022-10-28,0.9904400110244751,0.9904400110244751
2022-10-31,0.9964100122451782,0.9964100122451782
2022-11-01,1.0014100074768066,1.0014100074768066
2022-11-02,0.9997000098228455,0.9997000098228455
2022-11-03,1.0032800436019897,1.0032800436019897
2022-11-04,1.0134199857711792,1.0134199857711792
2022-11-07,0.9967399835586548,0.9967399835586548
2022-11-08,0.9888799786567688,0.9888799786567688
2022-11-09,0.9844499826431274,0.9844499826431274
2022-11-10,0.9835000038146973,0.9835000038146973
2022-11-11,0.9649099707603455,0.9649099707603455
2022-11-14,0.9440500140190125,0.9440500140190125
2022-11-15,0.9431999921798706,0.9431999921798706
2022-11-16,0.9429100155830383,0.9429100155830383
2022-11-17,0.944379985332489,0.944379985332489
2022-11-18,0.9526799917221069,0.9526799917221069
2022-11-21,0.9533299803733826,0.9533299803733826
2022-11-22,0.9584299921989441,0.9584299921989441
2022-11-23,0.9510899782180786,0.9510899782180786
2022-11-24,0.9406999945640564,0.9406999945640564
2022-11-25,0.94336998462677,0.94336998462677
2022-11-28,0.947380006313324,0.947380006313324
2022-11-29,0.9487900137901306,0.9487900137901306
2022-11-30,0.9543099999427795,0.9543099999427795
2022-12-01,0.943880021572113,0.943880021572113
2022-12-02,0.9363899827003479,0.9363899827003479
2022-12-05,0.9364500045776367,0.9364500045776367
2022-12-06,0.942300021648407,0.942300021648407
2022-12-07,0.9420300126075745,0.9420300126075745
2022-12-08,0.9402700066566467,0.9402700066566467
2022-12-09,0.9358599781990051,0.9358599781990051
2022-12-12,0.9349899888038635,0.9349899888038635
2022-12-13,0.9357399940490723,0.9357399940490723
2022-12-14,0.9289799928665161,0.9289799928665161
2022-12-15,0.9243500232696533,0.9243500232696533
2022-12-16,0.9276400208473206,0.9276400208473206
2022-12-19,0.9345800280570984,0.9345800280570984
2022-12-20,0.9287300109863281,0.9287300109863281
2022-12-21,0.9261900186538696,0.9261900186538696
2022-12-22,0.9262999892234802,0.9262999892234802
2022-12-23,0.9309999942779541,0.9309999942779541
2022-12-26,0.9328799843788147,0.9328799843788147
2022-12-27,0.9320099949836731,0.9320099949836731
2022-12-28,0.9291999936103821,0.9291999936103821
2022-12-29,0.9277099967002869,0.9277099967002869
2022-12-30,0.9228500127792358,0.9228500127792358
2023-01-02,0.923799991607666,0.923799991607666
2023-01-03,0.9240000247955322,0.9240000247955322
2023-01-04,0.9358000159263611,0.9358000159263611
2023-01-05,0.9295899868011475,0.9295899868011475
2023-01-06,0.9358299970626831,0.9358299970626831
2023-01-09,0.9268699884414673,0.9268699884414673
2023-01-10,0.920930027961731,0.920930027961731
2023-01-11,0.9222400188446045,0.9222400188446045
2023-01-12,0.9309200048446655,0.9309200048446655
2023-01-13,0.9272000193595886,0.9272000193595886
2023-01-16,0.9267200231552124,0.9267200231552124
2023-01-17,0.9253900051116943,0.9253900051116943
2023-01-18,0.9219200015068054,0.9219200015068054
2023-01-19,0.91593998670578,0.91593998670578
2023-01-20,0.9154999852180481,0.9154999852180481
2023-01-23,0.9198899865150452,0.9198899865150452
2023-01-24,0.9216700196266174,0.9216700196266174
2023-01-25,0.9222999811172485,0.9222999811172485
2023-01-26,0.9169700145721436,0.9169700145721436
2023-01-27,0.920199990272522,0.920199990272522
2023-01-30,0.9208599925041199,0.9208599925041199
2023-01-31,0.925279974937439,0.925279974937439
2023-02-01,0.9162499904632568,0.9162499904632568
2023-02-02,0.907260000705719,0.907260000705719
2023-02-03,0.9132000207901001,0.9132000207901001
2023-02-06,0.9263299703598022,0.9263299703598022
2023-02-07,0.927869975566864,0.927869975566864
2023-02-08,0.9216499924659729,0.9216499924659729
2023-02-09,0.9209100008010864,0.9209100008010864
2023-02-10,0.9219740033149719,0.9219740033149719
2023-02-13,0.9237899780273438,0.9237899780273438
2023-02-14,0.9186199903488159,0.9186199903488159
2023-02-15,0.92153000831604,0.92153000831604
2023-02-16,0.9233599901199341,0.9233599901199341
2023-02-17,0.9264600276947021,0.9264600276947021
2023-02-20,0.92535001039505,0.92535001039505
2023-02-21,0.9231799840927124,0.9231799840927124
2023-02-22,0.9275000095367432,0.9275000095367432
2023-02-23,0.9312400221824646,0.9312400221824646
2023-02-24,0.9336900115013123,0.9336900115013123
2023-02-27,0.9400299787521362,0.9400299787521362
2023-02-28,0.9355999827384949,0.9355999827384949
2023-03-01,0.941868007183075,0.941868007183075
2023-03-02,0.9394699931144714,0.9394699931144714
2023-03-03,0.9418699741363525,0.9418699741363525
2023-03-06,0.9368000030517578,0.9368000030517578
2023-03-07,0.9306899905204773,0.9306899905204773
2023-03-08,0.9422299861907959,0.9422299861907959
2023-03-09,0.9408699870109558,0.9408699870109558
2023-03-10,0.9328500032424927,0.9328500032424927
2023-03-13,0.91839998960495,0.91839998960495
2023-03-14,0.9124910235404968,0.9124910235404968
2023-03-15,0.9144999980926514,0.9144999980926514
2023-03-16,0.9310299754142761,0.9310299754142761
2023-03-17,0.9291700124740601,0.9291700124740601
2023-03-20,0.9267399907112122,0.9267399907112122
2023-03-21,0.9291999936103821,0.9291999936103821
2023-03-22,0.9214699864387512,0.9214699864387512
2023-03-23,0.9165199995040894,0.9165199995040894
2023-03-24,0.9164000153541565,0.9164000153541565
2023-03-27,0.9199000000953674,0.9199000000953674
2023-03-28,0.9150199890136719,0.9150199890136719
2023-03-29,0.9204000234603882,0.9204000234603882
2023-03-30,0.9180999994277954,0.9180999994277954
2023-03-31,0.9133800268173218,0.9133800268173218
2023-04-03,0.9175099730491638,0.9175099730491638
2023-04-04,0.9127100110054016,0.9127100110054016
2023-04-05,0.9053999781608582,0.9053999781608582
2023-04-06,0.9063599705696106,0.9063599705696106
2023-04-07,0.9043999910354614,0.9043999910354614
2023-04-10,0.9042699933052063,0.9042699933052063
2023-04-11,0.908810019493103,0.908810019493103
2023-04-12,0.902899980545044,0.902899980545044
2023-04-13,0.8957729935646057,0.8957729935646057
2023-04-14,0.8889999985694885,0.8889999985694885
2023-04-17,0.8948000073432922,0.8948000073432922
2023-04-18,0.8985099792480469,0.8985099792480469
2023-04-19,0.8959000110626221,0.8959000110626221
2023-04-20,0.8977000117301941,0.8977000117301941
2023-04-21,0.8923199772834778,0.8923199772834778
2023-04-24,0.891700029373169,0.891700029373169
2023-04-25,0.8870900273323059,0.8870900273323059
2023-04-26,0.8918200135231018,0.8918200135231018
2023-04-27,0.8908100128173828,0.8908100128173828
2023-04-28,0.8938800096511841,0.8938800096511841
2023-05-01,0.8948000073432922,0.8948000073432922
2023-05-02,0.8958699703216553,0.8958699703216553
2023-05-03,0.8922500014305115,0.8922500014305115
2023-05-04,0.8834199905395508,0.8834199905395508
2023-05-05,0.885200023651123,0.885200023651123
2023-05-08,0.8911700248718262,0.8911700248718262
2023-05-09,0.8899099826812744,0.8899099826812744
2023-05-10,0.8901600241661072,0.8901600241661072
2023-05-11,0.8892899751663208,0.8892899751663208
2023-05-12,0.8939999938011169,0.8939999938011169
2023-05-15,0.8983799815177917,0.8983799815177917
2023-05-16,0.8954600095748901,0.8954600095748901
2023-05-17,0.8963500261306763,0.8963500261306763
2023-05-18,0.8987420201301575,0.8987420201301575
2023-05-19,0.9048699736595154,0.9048699736595154
2023-05-22,0.8981900215148926,0.8981900215148926
2023-05-23,0.8982999920845032,0.8982999920845032
2023-05-24,0.9013100266456604,0.9013100266456604
2023-05-25,0.9039999842643738,0.9039999842643738
2023-05-26,0.9050499796867371,0.9050499796867371
2023-05-29,0.9056900143623352,0.9056900143623352
2023-05-30,0.9044600129127502,0.9044600129127502
2023-05-31,0.9057999849319458,0.9057999849319458
2023-06-01,0.9098899960517883,0.9098899960517883
2023-06-02,0.9055899977684021,0.9055899977684021
2023-06-05,0.9097200036048889,0.9097200036048889
2023-06-06,0.9059000015258789,0.9059000015258789
2023-06-07,0.9071300029754639,0.9071300029754639
2023-06-08,0.9095399975776672,0.9095399975776672
2023-06-09,0.8986999988555908,0.8986999988555908
2023-06-12,0.9031999707221985,0.9031999707221985
2023-06-13,0.90829998254776,0.90829998254776
2023-06-14,0.9052600264549255,0.9052600264549255
2023-06-15,0.9000800251960754,0.9000800251960754
2023-06-16,0.8916400074958801,0.8916400074958801
2023-06-19,0.8942000269889832,0.8942000269889832
2023-06-20,0.8957800269126892,0.8957800269126892
2023-06-21,0.8976699709892273,0.8976699709892273
2023-06-22,0.892300009727478,0.892300009727478
2023-06-23,0.8948799967765808,0.8948799967765808
2023-06-26,0.8957800269126892,0.8957800269126892
2023-06-27,0.895609974861145,0.895609974861145
2023-06-28,0.893750011920929,0.893750011920929
2023-06-29,0.8966599702835083,0.8966599702835083
2023-06-30,0.8991400003433228,0.8991400003433228
2023-07-03,0.8949999809265137,0.8949999809265137
2023-07-04,0.895799994468689,0.895799994468689
2023-07-05,0.8966400027275085,0.8966400027275085
2023-07-06,0.8985199928283691,0.8985199928283691
2023-07-07,0.8952800035476685,0.8952800035476685
2023-07-10,0.8888999819755554,0.8888999819755554
2023-07-11,0.885129988193512,0.885129988193512
2023-07-12,0.8787599802017212,0.8787599802017212
2023-07-13,0.8666099905967712,0.8666099905967712
2023-07-14,0.8591200113296509,0.8591200113296509
2023-07-17,0.8618999719619751,0.8618999719619751
2023-07-18,0.8603500127792358,0.8603500127792358
2023-07-19,0.8576499819755554,0.8576499819755554
2023-07-20,0.85794997215271,0.85794997215271
2023-07-21,0.8662599921226501,0.8662599921226501
2023-07-24,0.8662400245666504,0.8662400245666504
2023-07-25,0.8698899745941162,0.8698899745941162
2023-07-26,0.8645300269126892,0.8645300269126892
2023-07-27,0.8615400195121765,0.8615400195121765
2023-07-28,0.8688499927520752,0.8688499927520752
2023-07-31,0.8698199987411499,0.8698199987411499
2023-08-01,0.871649980545044,0.871649980545044
2023-08-02,0.8723800182342529,0.8723800182342529
2023-08-03,0.8773099780082703,0.8773099780082703
2023-08-04,0.8742200136184692,0.8742200136184692
2023-08-07,0.8741499781608582,0.8741499781608582
2023-08-08,0.8726999759674072,0.8726999759674072
2023-08-09,0.8755999803543091,0.8755999803543091
2023-08-10,0.8766999840736389,0.8766999840736389
2023-08-11,0.8767899870872498,0.8767899870872498
2023-08-14,0.8766199946403503,0.8766199946403503
2023-08-15,0.8779799938201904,0.8779799938201904
2023-08-16,0.8786200284957886,0.8786200284957886
2023-08-17,0.8801400065422058,0.8801400065422058
2023-08-18,0.8782399892807007,0.8782399892807007
2023-08-21,0.8822699785232544,0.8822699785232544
2023-08-22,0.878462016582489,0.878462016582489
2023-08-23,0.879800021648407,0.879800021648407
2023-08-24,0.8774099946022034,0.8774099946022034
2023-08-25,0.8851000070571899,0.8851000070571899
2023-08-28,0.8847299814224243,0.8847299814224243
2023-08-29,0.8834999799728394,0.8834999799728394
2023-08-30,0.8789600133895874,0.8789600133895874
2023-08-31,0.8781099915504456,0.8781099915504456
2023-09-01,0.8831999897956848,0.8831999897956848
2023-09-04,0.8852900266647339,0.8852900266647339
2023-09-05,0.8847699761390686,0.8847699761390686
2023-09-06,0.8893899917602539,0.8893899917602539
2023-09-07,0.8913599848747253,0.8913599848747253
2023-09-08,0.8926699757575989,0.8926699757575989
2023-09-11,0.8920000195503235,0.8920000195503235
2023-09-12,0.8912100195884705,0.8912100195884705
2023-09-13,0.8913900256156921,0.8913900256156921
2023-09-14,0.8931999802589417,0.8931999802589417
2023-09-15,0.896399974822998,0.896399974822998
2023-09-18,0.8968799710273743,0.8968799710273743
2023-09-19,0.8972499966621399,0.8972499966621399
2023-09-20,0.8973100185394287,0.8973100185394287
2023-09-21,0.8992000222206116,0.8992000222206116
2023-09-22,0.9044700264930725,0.9044700264930725
2023-09-25,0.9071000218391418,0.9071000218391418
2023-09-26,0.9120799899101257,0.9120799899101257
2023-09-27,0.9157599806785583,0.9157599806785583
2023-09-28,0.9208199977874756,0.9208199977874756
2023-09-29,0.9147599935531616,0.9147599935531616
2023-10-02,0.9154800176620483,0.9154800176620483
2023-10-03,0.917900025844574,0.917900025844574
2023-10-04,0.9209700226783752,0.9209700226783752
2023-10-05,0.9166100025177002,0.9166100025177002
2023-10-06,0.9125900268554688,0.9125900268554688
2023-10-09,0.9086999893188477,0.9086999893188477
2023-10-10,0.9048399925231934,0.9048399925231934
2023-10-11,0.9045500159263611,0.9045500159263611
2023-10-12,0.9009900093078613,0.9009900093078613
2023-10-13,0.9078199863433838,0.9078199863433838
2023-10-16,0.9024900197982788,0.9024900197982788
2023-10-17,0.9004700183868408,0.9004700183868408
2023-10-18,0.9001100063323975,0.9001100063323975
2023-10-19,0.8985700011253357,0.8985700011253357
2023-10-20,0.891789972782135,0.891789972782135
2023-10-23,0.8931999802589417,0.8931999802589417
2023-10-24,0.8906000256538391,0.8906000256538391
2023-10-25,0.893060028553009,0.893060028553009
2023-10-26,0.8967000246047974,0.8967000246047974
2023-10-27,0.898829996585846,0.898829996585846
2023-10-30,0.902400016784668,0.902400016784668
2023-10-31,0.9020599722862244,0.9020599722862244
2023-11-01,0.9097999930381775,0.9097999930381775
2023-11-02,0.9055500030517578,0.9055500030517578
2023-11-03,0.9060999751091003,0.9060999751091003
2023-11-06,0.8992099761962891,0.8992099761962891
2023-11-07,0.8992000222206116,0.8992000222206116
2023-11-08,0.8999699950218201,0.8999699950218201
2023-11-09,0.8990799784660339,0.8990799784660339
2023-11-10,0.9031500220298767,0.9031500220298767
2023-11-13,0.9019799828529358,0.9019799828529358
2023-11-14,0.901199996471405,0.901199996471405
2023-11-15,0.8891000151634216,0.8891000151634216
2023-11-16,0.8870800137519836,0.8870800137519836
2023-11-17,0.888480007648468,0.888480007648468
2023-11-20,0.8859300017356873,0.8859300017356873
2023-11-21,0.8843600153923035,0.8843600153923035
2023-11-22,0.8831800222396851,0.8831800222396851
2023-11-23,0.8840299844741821,0.8840299844741821
2023-11-24,0.8844699859619141,0.8844699859619141
2023-11-27,0.8822500109672546,0.8822500109672546
2023-11-28,0.8799999952316284,0.8799999952316284
2023-11-29,0.8769000172615051,0.8769000172615051
2023-11-30,0.8733199834823608,0.8733199834823608
2023-12-01,0.8746600151062012,0.8746600151062012
2023-12-04,0.8678500056266785,0.8678500056266785
2023-12-05,0.8725100159645081,0.8725100159645081
2023-12-06,0.8749359846115112,0.8749359846115112
2023-12-07,0.8746399879455566,0.8746399879455566
2023-12-08,0.8754400014877319,0.8754400014877319
2023-12-11,0.8796200156211853,0.8796200156211853
2023-12-12,0.8780999779701233,0.8780999779701233
2023-12-13,0.8751299977302551,0.8751299977302551
2023-12-14,0.8709700107574463,0.8709700107574463
2023-12-15,0.8671299815177917,0.8671299815177917
2023-12-18,0.8706120252609253,0.8706120252609253
2023-12-19,0.867110013961792,0.867110013961792
2023-12-20,0.8603000044822693,0.8603000044822693
2023-12-21,0.8624600172042847,0.8624600172042847
2023-12-22,0.8562700152397156,0.8562700152397156
2023-12-25,0.8550699949264526,0.8550699949264526
2023-12-26,0.8557400107383728,0.8557400107383728
2023-12-27,0.8535799980163574,0.8535799980163574
2023-12-28,0.8423299789428711,0.8423299789428711
2023-12-29,0.8433600068092346,0.8433600068092346
2024-01-01,0.8407589793205261,0.8407589793205261
2024-01-02,0.8418899774551392,0.8418899774551392
2024-01-03,0.8501200079917908,0.8501200079917908
2024-01-04,0.8489000201225281,0.8489000201225281
2024-01-05,0.8500000238418579,0.8500000238418579
2024-01-08,0.8507300019264221,0.8507300019264221
2024-01-09,0.8478999733924866,0.8478999733924866
2024-01-10,0.852370023727417,0.852370023727417
2024-01-11,0.8504999876022339,0.8504999876022339
2024-01-12,0.8510100245475769,0.8510100245475769
2024-01-15,0.8533200025558472,0.8533200025558472
2024-01-16,0.8559799790382385,0.8559799790382385
2024-01-17,0.861299991607666,0.861299991607666
2024-01-18,0.8643220067024231,0.8643220067024231
2024-01-19,0.8680800199508667,0.8680800199508667
2024-01-22,0.8684800267219543,0.8684800267219543
2024-01-23,0.8691200017929077,0.8691200017929077
2024-01-24,0.8695999979972839,0.8695999979972839
2024-01-25,0.8630200028419495,0.8630200028419495
2024-01-26,0.8669000267982483,0.8669000267982483
2024-01-29,0.864139974117279,0.864139974117279
2024-01-30,0.8613200187683105,0.8613200187683105
2024-01-31,0.8618599772453308,0.8618599772453308
2024-02-01,0.862339973449707,0.862339973449707
2024-02-02,0.8576200008392334,0.8576200008392334
2024-02-05,0.8669800162315369,0.8669800162315369
2024-02-06,0.8707000017166138,0.8707000017166138
2024-02-07,0.8694999814033508,0.8694999814033508
2024-02-08,0.8739100098609924,0.8739100098609924
2024-02-09,0.873449981212616,0.873449981212616
2024-02-12,0.8741599917411804,0.8741599917411804
2024-02-13,0.8758000135421753,0.8758000135421753
2024-02-14,0.8874099850654602,0.8874099850654602
2024-02-15,0.8851000070571899,0.8851000070571899
2024-02-16,0.879800021648407,0.879800021648407
2024-02-19,0.880649983882904,0.880649983882904
2024-02-20,0.8827469944953918,0.8827469944953918
2024-02-21,0.8818100094795227,0.8818100094795227
2024-02-22,0.8792499899864197,0.8792499899864197
2024-02-23,0.8799499869346619,0.8799499869346619
2024-02-26,0.8812500238418579,0.8812500238418579
2024-02-27,0.8798999786376953,0.8798999786376953
2024-02-28,0.8787999749183655,0.8787999749183655
2024-02-29,0.8787099719047546,0.8787099719047546
2024-03-01,0.8844000101089478,0.8844000101089478
2024-03-04,0.8833400011062622,0.8833400011062622
2024-03-05,0.885200023651123,0.885200023651123
2024-03-06,0.8835800290107727,0.8835800290107727
2024-03-07,0.882099986076355,0.882099986076355
2024-03-08,0.8770999908447266,0.8770999908447266
2024-03-11,0.8775100111961365,0.8775100111961365
2024-03-12,0.8772500157356262,0.8772500157356262
2024-03-13,0.8773900270462036,0.8773900270462036
2024-03-14,0.8783800005912781,0.8783800005912781
2024-03-15,0.8842700123786926,0.8842700123786926
2024-03-18,0.8835899829864502,0.8835899829864502
2024-03-19,0.8875100016593933,0.8875100016593933
2024-03-20,0.8885400295257568,0.8885400295257568
2024-03-21,0.8855500221252441,0.8855500221252441
2024-03-22,0.8976799845695496,0.8976799845695496
2024-03-25,0.8976200222969055,0.8976200222969055
2024-03-26,0.8994699716567993,0.8994699716567993
2024-03-27,0.9036499857902527,0.9036499857902527
2024-03-28,0.9054999947547913,0.9054999947547913
2024-03-29,0.9010699987411499,0.9010699987411499
2024-04-01,0.9020000100135803,0.9020000100135803
2024-04-02,0.9050700068473816,0.9050700068473816
2024-04-03,0.9078199863433838,0.9078199863433838
2024-04-04,0.9028900265693665,0.9028900265693665
2024-04-05,0.9015100002288818,0.9015100002288818
2024-04-08,0.9031699895858765,0.9031699895858765
2024-04-09,0.9050099849700928,0.9050099849700928
2024-04-10,0.9029800295829773,0.9029800295829773
2024-04-11,0.9130399823188782,0.9130399823188782
2024-04-12,0.9098299741744995,0.9098299741744995
2024-04-15,0.9137700200080872,0.9137700200080872
2024-04-16,0.9115999937057495,0.9115999937057495
2024-04-17,0.912559986114502,0.912559986114502
2024-04-18,0.9103999733924866,0.9103999733924866
2024-04-19,0.9121000170707703,0.9121000170707703
2024-04-22,0.9109830260276794,0.9109830260276794
2024-04-23,0.9118899703025818,0.9118899703025818
2024-04-24,0.9114000201225281,0.9114000201225281
2024-04-25,0.9144399762153625,0.9144399762153625
2024-04-26,0.9125199913978577,0.9125199913978577
2024-04-29,0.9136880040168762,0.9136880040168762
2024-04-30,0.9107199907302856,0.9107199907302856
2024-05-01,0.9194899797439575,0.9194899797439575
2024-05-02,0.9163600206375122,0.9163600206375122
2024-05-03,0.9097700119018555,0.9097700119018555
2024-05-06,0.9059399962425232,0.9059399962425232
2024-05-07,0.9067000150680542,0.9067000150680542
2024-05-08,0.9084799885749817,0.9084799885749817
2024-05-09,0.9079899787902832,0.9079899787902832
2024-05-10,0.9058499932289124,0.9058499932289124
2024-05-13,0.9064499735832214,0.9064499735832214
2024-05-14,0.9078999757766724,0.9078999757766724
2024-05-15,0.9067000150680542,0.9067000150680542
2024-05-16,0.9005299806594849,0.9005299806594849
2024-05-17,0.9059900045394897,0.9059900045394897
2024-05-20,0.9086999893188477,0.9086999893188477
2024-05-21,0.9101200103759766,0.9101200103759766
2024-05-22,0.9111599922180176,0.9111599922180176
2024-05-23,0.9150000214576721,0.9150000214576721
2024-05-24,0.914330005645752,0.914330005645752
2024-05-27,0.9143999814987183,0.9143999814987183
2024-05-28,0.9132000207901001,0.9132000207901001
2024-05-29,0.9122899770736694,0.9122899770736694
2024-05-30,0.9128000140190125,0.9128000140190125
2024-05-31,0.9033100008964539,0.9033100008964539
2024-06-03,0.9013199806213379,0.9013199806213379
2024-06-04,0.8950200080871582,0.8950200080871582
2024-06-05,0.8899499773979187,0.8899499773979187
2024-06-06,0.8924999833106995,0.8924999833106995
2024-06-07,0.8897200226783752,0.8897200226783752
2024-06-10,0.8960999846458435,0.8960999846458435
2024-06-11,0.8965799808502197,0.8965799808502197
2024-06-12,0.8977800011634827,0.8977800011634827
2024-06-13,0.8942599892616272,0.8942599892616272
2024-06-14,0.8939300179481506,0.8939300179481506
2024-06-17,0.8907300233840942,0.8907300233840942
2024-06-18,0.8883000016212463,0.8883000016212463
2024-06-19,0.8841800093650818,0.8841800093650818
2024-06-20,0.8842999935150146,0.8842999935150146
2024-06-21,0.8914899826049805,0.8914899826049805
2024-06-24,0.89410001039505,0.89410001039505
2024-06-25,0.8931900262832642,0.8931900262832642
2024-06-26,0.8952000141143799,0.8952000141143799
2024-06-27,0.8967000246047974,0.8967000246047974
2024-06-28,0.8985199928283691,0.8985199928283691
2024-07-01,0.9002000093460083,0.9002000093460083
2024-07-02,0.9031599760055542,0.9031599760055542
2024-07-03,0.903689980506897,0.903689980506897
2024-07-04,0.9007599949836731,0.9007599949836731
2024-07-05,0.9002500176429749,0.9002500176429749
2024-07-08,0.8952299952507019,0.8952299952507019
2024-07-09,0.8978099822998047,0.8978099822998047
2024-07-10,0.8974000215530396,0.8974000215530396
2024-07-11,0.8992000222206116,0.8992000222206116
2024-07-12,0.8960300087928772,0.8960300087928772
2024-07-15,0.8968899846076965,0.8968899846076965
2024-07-16,0.8954700231552124,0.8954700231552124
2024-07-17,0.8932200074195862,0.8932200074195862
2024-07-18,0.8823500275611877,0.8823500275611877
2024-07-19,0.8873000144958496,0.8873000144958496
2024-07-22,0.8880100250244141,0.8880100250244141
2024-07-23,0.8895000219345093,0.8895000219345093
2024-07-24,0.8915200233459473,0.8915200233459473
2024-07-25,0.8850200176239014,0.8850200176239014
2024-07-26,0.8806399703025818,0.8806399703025818
2024-07-29,0.8842999935150146,0.8842999935150146
2024-07-30,0.8860999941825867,0.8860999941825867
2024-07-31,0.8820300102233887,0.8820300102233887
2024-08-01,0.8781399726867676,0.8781399726867676
2024-08-02,0.8729000091552734,0.8729000091552734
2024-08-05,0.8561000227928162,0.8561000227928162
2024-08-06,0.8548300266265869,0.8548300266265869
2024-08-07,0.8525500297546387,0.8525500297546387
2024-08-08,0.8592699766159058,0.8592699766159058
2024-08-09,0.8668500185012817,0.8668500185012817
2024-08-12,0.8650400042533875,0.8650400042533875
2024-08-13,0.8647300004959106,0.8647300004959106
2024-08-14,0.8650500178337097,0.8650500178337097
2024-08-15,0.8648059964179993,0.8648059964179993
2024-08-16,0.8724899888038635,0.8724899888038635
2024-08-19,0.867579996585846,0.867579996585846
2024-08-20,0.8623700141906738,0.8623700141906738
2024-08-21,0.8535599708557129,0.8535599708557129
2024-08-22,0.8511000275611877,0.8511000275611877
2024-08-23,0.8517000079154968,0.8517000079154968
2024-08-26,0.847320020198822,0.847320020198822
2024-08-27,0.847100019454956,0.847100019454956
2024-08-28,0.8417199850082397,0.8417199850082397
2024-08-29,0.8418200016021729,0.8418200016021729
2024-08-30,0.8469399809837341,0.8469399809837341
2024-09-02,0.8504999876022339,0.8504999876022339
2024-09-03,0.8513699769973755,0.8513699769973755
2024-09-04,0.8499299883842468,0.8499299883842468
2024-09-05,0.8460400104522705,0.8460400104522705
2024-09-06,0.8438100218772888,0.8438100218772888
2024-09-09,0.843940019607544,0.843940019607544
2024-09-10,0.8494499921798706,0.8494499921798706
2024-09-11,0.8466200232505798,0.8466200232505798
2024-09-12,0.8525999784469604,0.8525999784469604
2024-09-13,0.8498799800872803,0.8498799800872803
2024-09-16,0.8476999998092651,0.8476999998092651
2024-09-17,0.8445799946784973,0.8445799946784973
2024-09-18,0.8463299870491028,0.8463299870491028
2024-09-19,0.8472999930381775,0.8472999930381775
2024-09-20,0.8477799892425537,0.8477799892425537
2024-09-23,0.8508999943733215,0.8508999943733215
2024-09-24,0.847320020198822,0.847320020198822
2024-09-25,0.841509997844696,0.841509997844696
2024-09-26,0.850570023059845,0.850570023059845
2024-09-27,0.8462399840354919,0.8462399840354919
2024-09-30,0.840499997138977,0.840499997138977
2024-10-01,0.8453099727630615,0.8453099727630615
2024-10-02,0.846340000629425,0.846340000629425
2024-10-03,0.8499100208282471,0.8499100208282471
2024-10-04,0.8518099784851074,0.8518099784851074
2024-10-07,0.8586900234222412,0.8586900234222412
2024-10-08,0.8545799851417542,0.8545799851417542
2024-10-09,0.8574000000953674,0.8574000000953674
2024-10-10,0.8604699969291687,0.8604699969291687
2024-10-11,0.8565499782562256,0.8565499782562256
2024-10-14,0.858299970626831,0.858299970626831
2024-10-15,0.8621000051498413,0.8621000051498413
2024-10-16,0.8625400066375732,0.8625400066375732
2024-10-17,0.8652999997138977,0.8652999997138977
2024-10-18,0.8659300208091736,0.8659300208091736
2024-10-21,0.8649299740791321,0.8649299740791321
2024-10-22,0.8654099702835083,0.8654099702835083
2024-10-23,0.8655300140380859,0.8655300140380859
2024-10-24,0.8667399883270264,0.8667399883270264
2024-10-25,0.8658699989318848,0.8658699989318848
2024-10-28,0.8684599995613098,0.8684599995613098
2024-10-29,0.8648599982261658,0.8648599982261658
2024-10-30,0.8672199845314026,0.8672199845314026
2024-10-31,0.8662999868392944,0.8662999868392944
2024-11-01,0.86353999376297,0.86353999376297
2024-11-04,0.8676000237464905,0.8676000237464905
2024-11-05,0.8641700148582458,0.8641700148582458
2024-11-06,0.8624100089073181,0.8624100089073181
2024-11-07,0.8756999969482422,0.8756999969482422
2024-11-08,0.8727800250053406,0.8727800250053406
2024-11-11,0.8759999871253967,0.8759999871253967
2024-11-12,0.8802700042724609,0.8802700042724609
2024-11-13,0.8821600079536438,0.8821600079536438
2024-11-14,0.8857700228691101,0.8857700228691101
2024-11-15,0.8904399871826172,0.8904399871826172
2024-11-18,0.888670027256012,0.888670027256012
2024-11-19,0.8831999897956848,0.8831999897956848
2024-11-20,0.882070004940033,0.882070004940033
2024-11-21,0.883650004863739,0.883650004863739
2024-11-22,0.886900007724762,0.886900007724762
2024-11-25,0.890470027923584,0.890470027923584
2024-11-26,0.8888000249862671,0.8888000249862671
2024-11-27,0.8862699866294861,0.8862699866294861
2024-11-28,0.8820000290870667,0.8820000290870667
2024-11-29,0.8823400139808655,0.8823400139808655
2024-12-02,0.8820269703865051,0.8820269703865051
2024-12-03,0.8862800002098083,0.8862800002098083
2024-12-04,0.8863999843597412,0.8863999843597412
2024-12-05,0.8837500214576721,0.8837500214576721
2024-12-06,0.8784199953079224,0.8784199953079224
2024-12-09,0.8786699771881104,0.8786699771881104
2024-12-10,0.8785899877548218,0.8785899877548218
2024-12-11,0.8824999928474426,0.8824999928474426
2024-12-12,0.8832100033760071,0.8832100033760071
2024-12-13,0.892009973526001,0.892009973526001
2024-12-16,0.8917440176010132,0.8917440176010132
2024-12-17,0.8940399885177612,0.8940399885177612
2024-12-18,0.8924800157546997,0.8924800157546997
2024-12-19,0.9017000198364258,0.9017000198364258
2024-12-20,0.8989899754524231,0.8989899754524231
2024-12-23,0.8930500149726868,0.8930500149726868
2024-12-24,0.8984699845314026,0.8984699845314026
2024-12-25,0.9003000259399414,0.9003000259399414
2024-12-26,0.8994200229644775,0.8994200229644775
2024-12-27,0.8988999724388123,0.8988999724388123
2024-12-30,0.9018399715423584,0.9018399715423584
2024-12-31,0.9032400250434875,0.9032400250434875
2025-01-02,0.9077500104904175,0.9077500104904175
2025-01-03,0.9120100140571594,0.9120100140571594
2025-01-06,0.909309983253479,0.909309983253479
2025-01-07,0.9050400257110596,0.9050400257110596
2025-01-08,0.9094499945640564,0.9094499945640564
2025-01-09,0.9109500050544739,0.9109500050544739
2025-01-10,0.9120699763298035,0.9120699763298035
2025-01-13,0.9167699813842773,0.9167699813842773
2025-01-14,0.9157800078392029,0.9157800078392029
2025-01-15,0.9124600291252136,0.9124600291252136
2025-01-16,0.91211998462677,0.91211998462677
2025-01-17,0.9111700057983398,0.9111700057983398
2025-01-20,0.9146000146865845,0.9146000146865845
2025-01-21,0.906059980392456,0.906059980392456
2025-01-22,0.9067100286483765,0.9067100286483765
2025-01-23,0.9063100218772888,0.9063100218772888
2025-01-24,0.9074900150299072,0.9074900150299072
2025-01-27,0.9068400263786316,0.9068400263786316
2025-01-28,0.904009997844696,0.904009997844696
2025-01-29,0.9041299819946289,0.9041299819946289
2025-01-30,0.9062700271606445,0.9062700271606445
2025-01-31,0.9093689918518066,0.9093689918518066
2025-02-03,0.9152299761772156,0.9152299761772156
2025-02-04,0.9116100072860718,0.9116100072860718
2025-02-05,0.905239999294281,0.905239999294281
2025-02-06,0.9013299942016602,0.9013299942016602
2025-02-07,0.9050999879837036,0.9050999879837036
2025-02-10,0.9107400178909302,0.9107400178909302
2025-02-11,0.911329984664917,0.911329984664917
2025-02-12,0.9129899740219116,0.9129899740219116
2025-02-13,0.9133999943733215,0.9133999943733215
2025-02-14,0.903249979019165,0.903249979019165
2025-02-17,0.8998299837112427,0.8998299837112427
2025-02-18,0.9007200002670288,0.9007200002670288
2025-02-19,0.9035999774932861,0.9035999774932861
2025-02-20,0.9045600295066833,0.9045600295066833
2025-02-21,0.8980600237846375,0.8980600237846375
2025-02-24,0.8984500169754028,0.8984500169754028
2025-02-25,0.8973000049591064,0.8973000049591064
2025-02-26,0.8924000263214111,0.8924000263214111
2025-02-27,0.8942999839782715,0.8942999839782715
2025-02-28,0.8999199867248535,0.8999199867248535
2025-03-03,0.9025700092315674,0.9025700092315674
2025-03-04,0.8966000080108643,0.8966000080108643
2025-03-05,0.8896399736404419,0.8896399736404419
2025-03-06,0.89069002866745,0.89069002866745
2025-03-07,0.8833199739456177,0.8833199739456177
2025-03-10,0.8773400187492371,0.8773400187492371
2025-03-11,0.8799800276756287,0.8799800276756287
2025-03-12,0.8834400177001953,0.8834400177001953
2025-03-13,0.8817700147628784,0.8817700147628784
2025-03-14,0.8826199769973755,0.8826199769973755
2025-03-17,0.884090006351471,0.884090006351471
2025-03-18,0.881201982498169,0.881201982498169
2025-03-19,0.8767449855804443,0.8767449855804443
2025-03-20,0.8763999938964844,0.8763999938964844
2025-03-21,0.8813769817352295,0.8813769817352295
2025-03-24,0.8829200267791748,0.8829200267791748
2025-03-25,0.8826900124549866,0.8826900124549866
2025-03-26,0.8826500177383423,0.8826500177383423
2025-03-27,0.8841599822044373,0.8841599822044373
2025-03-28,0.8813999891281128,0.8813999891281128
2025-03-31,0.8808500170707703,0.8808500170707703
2025-04-01,0.8838199973106384,0.8838199973106384
2025-04-02,0.883400022983551,0.883400022983551
2025-04-03,0.8767899870872498,0.8767899870872498
2025-04-04,0.8592100143432617,0.8592100143432617
2025-04-07,0.851610004901886,0.851610004901886
2025-04-08,0.8597099781036377,0.8597099781036377
2025-04-09,0.8456599712371826,0.8456599712371826
2025-04-10,0.8554499745368958,0.8554499745368958
2025-04-11,0.8207600116729736,0.8207600116729736
2025-04-14,0.8180599808692932,0.8180599808692932
2025-04-15,0.8159599900245667,0.8159599900245667
2025-04-16,0.8207700252532959,0.8207700252532959
2025-04-17,0.8137500286102295,0.8137500286102295
2025-04-22,0.8090500235557556,0.8090500235557556
2025-04-23,0.8260700106620789,0.8260700106620789
2025-04-24,0.829800009727478,0.829800009727478
2025-04-25,0.8287400007247925,0.8287400007247925
2025-04-28,0.8284000158309937,0.8284000158309937
2025-04-29,0.8211899995803833,0.8211899995803833
2025-04-30,0.823419988155365,0.823419988155365
2025-05-01,0.8259599804878235,0.8259599804878235
2025-05-02,0.828980028629303,0.828980028629303
2025-05-05,0.8241000175476074,0.8241000175476074
2025-05-06,0.8217909932136536,0.8217909932136536
2025-05-07,0.8256300091743469,0.8256300091743469
2025-05-08,0.8239499926567078,0.8239499926567078
2025-05-09,0.8317999839782715,0.8317999839782715
2025-05-12,0.8337299823760986,0.8337299823760986
2025-05-13,0.8448699712753296,0.8448699712753296
2025-05-14,0.8394299745559692,0.8394299745559692
2025-05-15,0.8412320017814636,0.8412320017814636
2025-05-16,0.8345999717712402,0.8345999717712402
2025-05-19,0.8354499936103821,0.8354499936103821
2025-05-20,0.8349900245666504,0.8349900245666504
2025-05-21,0.8267120122909546,0.8267120122909546
2025-05-22,0.8250700235366821,0.8250700235366821
2025-05-23,0.8283799886703491,0.8283799886703491
2025-05-26,0.822409987449646,0.822409987449646
2025-05-27,0.8204200267791748,0.8204200267791748
2025-05-28,0.8272600173950195,0.8272600173950195
2025-05-29,0.8325499892234802,0.8325499892234802
2025-05-30,0.8219699859619141,0.8219699859619141
2025-06-02,0.8222699761390686,0.8222699761390686
2025-06-03,0.8159400224685669,0.8159400224685669
2025-06-04,0.8228899836540222,0.8228899836540222
2025-06-05,0.8179699778556824,0.8179699778556824
2025-06-06,0.8192499876022339,0.8192499876022339
2025-06-09,0.8212599754333496,0.8212599754333496
2025-06-10,0.8212000131607056,0.8212000131607056
2025-06-11,0.8219199776649475,0.8219199776649475
2025-06-12,0.8184000253677368,0.8184000253677368
2025-06-13,0.8090000152587891,0.8090000152587891
2025-06-16,0.8122159838676453,0.8122159838676453
2025-06-17,0.8137099742889404,0.8137099742889404
2025-06-18,0.8168699741363525,0.8168699741363525
2025-06-19,0.8190600275993347,0.8190600275993347
2025-06-20,0.8163899779319763,0.8163899779319763
2025-06-23,0.8177499771118164,0.8177499771118164
2025-06-24,0.8125799894332886,0.8125799894332886
2025-06-25,0.8051499724388123,0.8051499724388123
2025-06-26,0.8037300109863281,0.8037300109863281
2025-06-27,0.8008900284767151,0.8008900284767151
2025-06-30,0.7982500195503235,0.7982500195503235
2025-07-01,0.7927200198173523,0.7927200198173523
2025-07-02,0.790690004825592,0.790690004825592
2025-07-03,0.7914999723434448,0.7914999723434448
2025-07-04,0.7940999865531921,0.7940999865531921
2025-07-07,0.7940400242805481,0.7940400242805481
2025-07-08,0.7971600294113159,0.7971600294113159
2025-07-09,0.7958700060844421,0.7958700060844421
2025-07-10,0.792930006980896,0.792930006980896
2025-07-11,0.796720027923584,0.796720027923584
2025-07-14,0.7967900037765503,0.7967900037765503
2025-07-15,0.7978699803352356,0.7978699803352356
2025-07-16,0.8014199733734131,0.8014199733734131
2025-07-17,0.8009200096130371,0.8009200096130371
2025-07-18,0.8028799891471863,0.8028799891471863
2025-07-21,0.8011800050735474,0.8011800050735474
2025-07-22,0.798084020614624,0.798084020614624
2025-07-23,0.7936300039291382,0.7936300039291382
2025-07-24,0.7920470237731934,0.7920470237731934
2025-07-25,0.7948700189590454,0.7948700189590454
2025-07-28,0.7953699827194214,0.7953699827194214
2025-07-29,0.8030999898910522,0.8030999898910522
2025-07-30,0.8054699897766113,0.8054699897766113
2025-07-31,0.8132100105285645,0.8132100105285645
2025-08-01,0.8138999938964844,0.8138999938964844
2025-08-04,0.8040099740028381,0.8040099740028381
2025-08-05,0.8070899844169617,0.8070899844169617
2025-08-06,0.8069199919700623,0.8069199919700623
2025-08-07,0.8060500025749207,0.8060500025749207
2025-08-08,0.8056899905204773,0.8056899905204773
2025-08-11,0.8074700236320496,0.8074700236320496
2025-08-12,0.8118000030517578,0.8118000030517578
2025-08-13,0.8061400055885315,0.8061400055885315
2025-08-14,0.8047199845314026,0.8047199845314026
2025-08-15,0.8075199723243713,0.8075199723243713
2025-08-18,0.8065999746322632,0.8065999746322632
2025-08-19,0.8074100017547607,0.8074100017547607
2025-08-20,0.8077700138092041,0.8077700138092041
2025-08-21,0.8041399717330933,0.8041399717330933
2025-08-22,0.8086699843406677,0.8086699843406677
2025-08-25,0.8022599816322327,0.8022599816322327
2025-08-26,0.8061699867248535,0.8061699867248535
2025-08-27,0.8037599921226501,0.8037599921226501
2025-08-28,0.8015000224113464,0.8015000224113464
2025-08-29,0.8015900254249573,0.8015900254249573
2025-09-01,0.8006399869918823,0.8006399869918823
2025-09-02,0.8001499772071838,0.8001499772071838
2025-09-03,0.8052899837493896,0.8052899837493896
2025-09-04,0.8037999868392944,0.8037999868392944
2025-09-05,0.8051300048828125,0.8051300048828125
2025-09-08,0.7991799712181091,0.7991799712181091
2025-09-09,0.7928100228309631,0.7928100228309631
2025-09-10,0.7972999811172485,0.7972999811172485
2025-09-11,0.7986699938774109,0.7986699938774109
2025-09-12,0.7959499955177307,0.7959499955177307
2025-09-15,0.7967000007629395,0.7967000007629395
2025-09-16,0.7946599721908569,0.7946599721908569
2025-09-17,0.7859100103378296,0.7859100103378296
2025-09-18,0.7883399724960327,0.7883399724960327
2025-09-19,0.7925099730491638,0.7925099730491638
2025-09-22,0.7962300181388855,0.7962300181388855
2025-09-23,0.792389988899231,0.792389988899231
2025-09-24,0.7914299964904785,0.7914299964904785
2025-09-25,0.7946599721908569,0.7946599721908569
2025-09-26,0.8000400066375732,0.8000400066375732
2025-09-29,0.7974799871444702,0.7974799871444702
2025-09-30,0.7972000241279602,0.7972000241279602
2025-10-01,0.7961999773979187,0.7961999773979187
2025-10-02,0.7969099879264832,0.7969099879264832
2025-10-03,0.7970200181007385,0.7970200181007385
2025-10-06,0.7971900105476379,0.7971900105476379
2025-10-07,0.7949100136756897,0.7949100136756897
2025-10-08,0.7985900044441223,0.7985900044441223
2025-10-09,0.8015000224113464,0.8015000224113464
2025-10-10,0.8061699867248535,0.8061699867248535
2025-10-13,0.8023200035095215,0.8023200035095215
2025-10-14,0.8042899966239929,0.8042899966239929
2025-10-15,0.8015300035476685,0.8015300035476685
2025-10-16,0.7965499758720398,0.7965499758720398
2025-10-17,0.7918300032615662,0.7918300032615662
2025-10-20,0.7935900092124939,0.7935900092124939
2025-10-21,0.7924000024795532,0.7924000024795532
2025-10-22,0.7967000007629395,0.7967000007629395
2025-10-23,0.7960900068283081,0.7960900068283081
2025-10-24,0.7950800061225891,0.7950800061225891
2025-10-27,0.7960500121116638,0.7960500121116638
2025-10-28,0.7946100234985352,0.7946100234985352
2025-10-29,0.7928299903869629,0.7928299903869629
2025-10-30,0.7997999787330627,0.7997999787330627
2025-10-31,0.8015900254249573,0.8015900254249573
2025-11-03,0.8048999905586243,0.8048999905586243
2025-11-04,0.8081300258636475,0.8081300258636475
2025-11-05,0.8103299736976624,0.8103299736976624
2025-11-06,0.8097299933433533,0.8097299933433533
2025-11-07,0.805899977684021,0.805899977684021
2025-11-10,0.8070899844169617,0.8070899844169617
2025-11-11,0.8051599860191345,0.8051599860191345
2025-11-12,0.8003299832344055,0.8003299832344055
2025-11-13,0.797819972038269,0.797819972038269
2025-11-14,0.7932699918746948,0.7932699918746948
2025-11-17,0.7942799925804138,0.7942799925804138
2025-11-18,0.796239972114563,0.796239972114563
2025-11-19,0.8001999855041504,0.8001999855041504
2025-11-20,0.8054199814796448,0.8054199814796448
2025-11-21,0.8054800033569336,0.8054800033569336
2025-11-24,0.8086699843406677,0.8086699843406677
2025-11-25,0.8086100220680237,0.8086100220680237
2025-11-26,0.8079800009727478,0.8079800009727478
2025-11-27,0.8034899830818176,0.8034899830818176
2025-11-28,0.8046000003814697,0.8046000003814697
2025-12-01,0.8033400177955627,0.8033400177955627
2025-12-02,0.8046000003814697,0.8046000003814697
2025-12-03,0.8028600215911865,0.8028600215911865
2025-12-04,0.7997599840164185,0.7997599840164185
2025-12-05,0.8037800192832947,0.8037800192832947
2025-12-08,0.8048499822616577,0.8048499822616577
2025-12-09,0.8066380023956299,0.8066380023956299
2025-12-10,0.805899977684021,0.805899977684021
2025-12-11,0.7993800044059753,0.7993800044059753
2025-12-12,0.7947900295257568,0.7947900295257568
2025-12-15,0.7961400151252747,0.7961400151252747
2025-12-16,0.7960100173950195,0.7960100173950195
2025-12-17,0.795199990272522,0.795199990272522
2025-12-18,0.795199990272522,0.795199990272522
2025-12-19,0.7940099835395813,0.7940099835395813
2025-12-22,0.7958300113677979,0.7958300113677979
2025-12-23,0.7914299964904785,0.7914299964904785
2025-12-24,0.7874500155448914,0.7874500155448914
2025-12-26,0.7880499958992004,0.7880499958992004
2025-12-29,0.7892400026321411,0.7892400026321411
2025-12-30,0.7886999845504761,0.7886999845504761
2025-12-31,0.791700005531311,0.791700005531311
2026-01-02,0.7920299768447876,0.7920299768447876
