date,close,adj_close
2014-12-01,2238.300048828125,2238.300048828125
2014-12-02,2235.300048828125,2235.300048828125
2014-12-03,2283.0,2283.0
2014-12-04,2290.0,2290.0
2014-12-05,2238.5,2238.5
2014-12-08,2316.5,2316.5
2014-12-09,2352.0,2352.0
2014-12-10,2396.0,2396.0
2014-12-11,2358.10009765625,2358.10009765625
2014-12-12,2403.0,2403.0
2014-12-15,2427.0,2427.0
2014-12-16,24.25,24.25
2014-12-17,2399.0,2399.0
2014-12-18,2317.0,2317.0
2014-12-19,2299.0,2299.0
2014-12-22,2327.0,2327.0
2014-12-23,2345.0,2345.0
2014-12-24,2353.0,2353.0
2014-12-25,2345.0,2345.0
2014-12-26,2370.0,2370.0
2014-12-29,2375.0,2375.0
2014-12-30,2375.0,2375.0
2014-12-31,2375.0,2375.0
2015-01-01,2345.199951171875,2345.199951171875
2015-01-02,2375.0,2375.0
2015-01-05,2430.0,2430.0
2015-01-06,2448.0,2448.0
2015-01-07,2428.0,2428.0
2015-01-08,2389.0,2389.0
2015-01-09,2416.0,2416.0
2015-01-12,2414.0,2414.0
2015-01-13,2374.199951171875,2374.199951171875
2015-01-14,2427.0,2427.0
2015-01-15,2411.5,2411.5
2015-01-16,2368.0,2368.0
2015-01-19,2323.800048828125,2323.800048828125
2015-01-20,2374.0,2374.0
2015-01-21,2375.0,2375.0
2015-01-22,2372.0,2372.0
2015-01-23,2384.0,2384.0
2015-01-26,2344.0,2344.0
2015-01-27,2344.300048828125,2344.300048828125
2015-01-28,2323.0,2323.0
2015-01-29,2411.0,2411.0
2015-01-30,2378.10009765625,2378.10009765625
2015-02-02,2404.5,2404.5
2015-02-03,2357.0,2357.0
2015-02-04,2390.0,2390.0
2015-02-05,2378.5,2378.5
2015-02-06,2380.300048828125,2380.300048828125
2015-02-09,2364.0,2364.0
2015-02-10,2381.0,2381.0
2015-02-11,2404.5,2404.5
2015-02-12,2388.5,2388.5
2015-02-13,2381.5,2381.5
2015-02-16,2341.300048828125,2341.300048828125
2015-02-17,24.149999618530273,24.149999618530273
2015-02-18,2431.0,2431.0
2015-02-19,2438.0,2438.0
2015-02-20,24.5,24.5
2015-02-23,2495.0,2495.0
2015-02-24,2504.0,2504.0
2015-02-25,2484.0,2484.0
2015-02-26,2491.0,2491.0
2015-02-27,2494.0,2494.0
2015-03-02,2532.0,2532.0
2015-03-03,2562.0,2562.0
2015-03-04,2541.5,2541.5
2015-03-05,2546.0,2546.0
2015-03-06,2575.0,2575.0
2015-03-09,2586.0,2586.0
2015-03-10,2630.0,2630.0
2015-03-11,2623.0,2623.0
2015-03-12,2625.0,2625.0
2015-03-13,2625.0,2625.0
2015-03-16,2669.0,2669.0
2015-03-17,2658.5,2658.5
2015-03-18,2652.0,2652.0
2015-03-19,2625.0,2625.0
2015-03-20,2570.0,2570.0
2015-03-23,2560.0,2560.0
2015-03-24,2508.0,2508.0
2015-03-25,250.0,250.0
2015-03-26,2560.0,2560.0
2015-03-27,2555.0,2555.0
2015-03-30,2574.0,2574.0
2015-03-31,2529.89990234375,2529.89990234375
2015-04-01,2575.0,2575.0
2015-04-02,2515.699951171875,2515.699951171875
2015-04-03,2572.0,2572.0
2015-04-06,2522.0,2522.0
2015-04-07,2506.0,2506.0
2015-04-08,2491.0,2491.0
2015-04-09,2497.0,2497.0
2015-04-10,2515.0,2515.0
2015-04-13,2542.0,2542.0
2015-04-14,2554.0,2554.0
2015-04-15,2506.0,2506.0
2015-04-16,2448.10009765625,2448.10009765625
2015-04-17,2497.0,2497.0
2015-04-20,2480.0,2480.0
2015-04-21,2471.0,2471.0
2015-04-22,2489.0,2489.0
2015-04-23,2458.0,2458.0
2015-04-24,2451.0,2451.0
2015-04-27,2413.0,2413.0
2015-04-28,2407.0,2407.0
2015-04-29,2391.0,2391.0
2015-04-30,2393.0,2393.0
2015-05-01,2390.0,2390.0
2015-05-04,2408.0,2408.0
2015-05-05,2385.5,2385.5
2015-05-06,2359.0,2359.0
2015-05-07,2372.0,2372.0
2015-05-08,2355.0,2355.0
2015-05-11,2372.0,2372.0
2015-05-12,2400.0,2400.0
2015-05-13,2378.0,2378.0
2015-05-14,2384.0,2384.0
2015-05-15,2415.0,2415.0
2015-05-18,2415.0,2415.0
2015-05-19,2487.0,2487.0
2015-05-20,2485.0,2485.0
2015-05-21,2491.0,2491.0
2015-05-22,2500.0,2500.0
2015-05-25,2456.199951171875,2456.199951171875
2015-05-26,2546.0,2546.0
2015-05-27,2551.0,2551.0
2015-05-28,2545.0,2545.0
2015-05-29,2534.0,2534.0
2015-06-01,2542.0,2542.0
2015-06-02,2552.0,2552.0
2015-06-03,2578.0,2578.0
2015-06-04,2593.0,2593.0
2015-06-05,26.219999313354492,26.219999313354492
2015-06-08,2608.0,2608.0
2015-06-09,2556.0,2556.0
2015-06-10,2528.0,2528.0
2015-06-11,2538.0,2538.0
2015-06-12,2529.0,2529.0
2015-06-15,2536.0,2536.0
2015-06-16,2538.0,2538.0
2015-06-17,2550.0,2550.0
2015-06-18,2524.5,2524.5
2015-06-19,2485.60009765625,2485.60009765625
2015-06-22,2535.0,2535.0
2015-06-23,2545.0,2545.0
2015-06-24,2560.0,2560.0
2015-06-25,2558.0,2558.0
2015-06-26,2582.0,2582.0
2015-06-29,2588.0,2588.0
2015-06-30,2603.0,2603.0
2015-07-01,2640.0,2640.0
2015-07-02,2592.300048828125,2592.300048828125
2015-07-03,2636.0,2636.0
2015-07-06,2671.0,2671.0
2015-07-07,2692.0,2692.0
2015-07-08,2682.0,2682.0
2015-07-09,2672.0,2672.0
2015-07-10,2673.0,2673.0
2015-07-13,2696.0,2696.0
2015-07-14,2683.0,2683.0
2015-07-15,2714.0,2714.0
2015-07-16,2714.0,2714.0
2015-07-17,2758.0,2758.0
2015-07-20,2760.0,2760.0
2015-07-21,2768.0,2768.0
2015-07-22,2789.0,2789.0
2015-07-23,2726.0,2726.0
2015-07-24,2849.0,2849.0
2015-07-27,2859.0,2859.0
2015-07-28,2863.0,2863.0
2015-07-29,2849.0,2849.0
2015-07-30,2876.0,2876.0
2015-07-31,2879.0,2879.0
2015-08-03,2917.0,2917.0
2015-08-04,2923.0,2923.0
2015-08-05,2950.0,2950.0
2015-08-06,2937.0,2937.0
2015-08-07,2936.0,2936.0
2015-08-10,2907.0,2907.0
2015-08-11,2641.0,2641.0
2015-08-12,2938.0,2938.0
2015-08-13,2982.0,2982.0
2015-08-14,2990.0,2990.0
2015-08-17,2947.300048828125,2947.300048828125
2015-08-18,2952.800048828125,2952.800048828125
2015-08-19,2937.300048828125,2937.300048828125
2015-08-20,2980.699951171875,2980.699951171875
2015-08-21,3017.89990234375,3017.89990234375
2015-08-24,3062.89990234375,3062.89990234375
2015-08-25,3191.89990234375,3191.89990234375
2015-08-26,3164.10009765625,3164.10009765625
2015-08-27,3217.699951171875,3217.699951171875
2015-08-28,3118.800048828125,3118.800048828125
2015-08-31,3030.89990234375,3030.89990234375
2015-09-01,3010.5,3010.5
2015-09-02,3069.5,3069.5
2015-09-03,3158.199951171875,3158.199951171875
2015-09-04,3064.0,3064.0
2015-09-07,3082.5,3082.5
2015-09-08,3112.0,3112.0
2015-09-09,3112.0,3112.0
2015-09-10,3050.0,3050.0
2015-09-11,3034.0,3034.0
2015-09-14,3029.0,3029.0
2015-09-15,3024.0,3024.0
2015-09-16,2965.0,2965.0
2015-09-17,2981.0,2981.0
2015-09-18,2983.0,2983.0
2015-09-21,3007.0,3007.0
2015-09-22,3070.0,3070.0
2015-09-23,3117.0,3117.0
2015-09-24,3101.0,3101.0
2015-09-25,3070.0,3070.0
2015-09-28,3121.0,3121.0
2015-09-29,3106.0,3106.0
2015-09-30,3087.0,3087.0
2015-10-01,3061.0,3061.0
2015-10-02,3017.0,3017.0
2015-10-05,2960.0,2960.0
2015-10-06,2903.60009765625,2903.60009765625
2015-10-07,2898.0,2898.0
2015-10-08,2868.0,2868.0
2015-10-09,2843.0,2843.0
2015-10-12,2820.699951171875,2820.699951171875
2015-10-13,2910.0,2910.0
2015-10-14,2926.0,2926.0
2015-10-15,2900.0,2900.0
2015-10-16,2883.0,2883.0
2015-10-19,2918.0,2918.0
2015-10-20,2936.0,2936.0
2015-10-21,2961.0,2961.0
2015-10-22,2979.39990234375,2979.39990234375
2015-10-23,2907.0,2907.0
2015-10-26,2927.0,2927.0
2015-10-27,2948.0,2948.0
2015-10-28,2920.0,2920.0
2015-10-29,2914.0,2914.0
2015-10-30,2890.0,2890.0
2015-11-02,2896.0,2896.0
2015-11-03,2799.0,2799.0
2015-11-04,2836.0,2836.0
2015-11-05,2857.0,2857.0
2015-11-06,2890.0,2890.0
2015-11-09,2851.39990234375,2851.39990234375
2015-11-10,2941.0,2941.0
2015-11-11,2887.10009765625,2887.10009765625
2015-11-12,2869.5,2869.5
2015-11-13,3075.0,3075.0
2015-11-16,3073.0,3073.0
2015-11-17,3034.800048828125,3034.800048828125
2015-11-18,3102.0,3102.0
2015-11-19,3057.60009765625,3057.60009765625
2015-11-20,3035.60009765625,3035.60009765625
2015-11-23,3015.800048828125,3015.800048828125
2015-11-24,3045.60009765625,3045.60009765625
2015-11-25,3010.800048828125,3010.800048828125
2015-11-26,3041.89990234375,3041.89990234375
2015-11-27,3035.800048828125,3035.800048828125
2015-11-30,3144.0,3144.0
2015-12-01,3088.89990234375,3088.89990234375
2015-12-02,3073.5,3073.5
2015-12-03,3007.199951171875,3007.199951171875
2015-12-04,3098.699951171875,3098.699951171875
2015-12-07,3149.60009765625,3149.60009765625
2015-12-08,3251.300048828125,3251.300048828125
2015-12-09,3233.699951171875,3233.699951171875
2015-12-10,324.0,324.0
2015-12-11,3194.10009765625,3194.10009765625
2015-12-14,3267.699951171875,3267.699951171875
2015-12-15,33.13999938964844,33.13999938964844
2015-12-16,3279.10009765625,3279.10009765625
2015-12-17,3292.60009765625,3292.60009765625
2015-12-18,3327.0,3327.0
2015-12-21,3267.800048828125,3267.800048828125
2015-12-22,3280.699951171875,3280.699951171875
2015-12-23,3274.39990234375,3274.39990234375
2015-12-24,3164.800048828125,3164.800048828125
2015-12-25,3161.199951171875,3161.199951171875
2015-12-28,3147.60009765625,3147.60009765625
2015-12-29,3143.5,3143.5
2015-12-30,3120.199951171875,3120.199951171875
2015-12-31,3138.0,3138.0
2016-01-01,3137.300048828125,3137.300048828125
2016-01-04,3154.800048828125,3154.800048828125
2016-01-05,3173.89990234375,3173.89990234375
2016-01-06,3254.0,3254.0
2016-01-07,3271.0,3271.0
2016-01-08,3209.5,3209.5
2016-01-11,3232.800048828125,3232.800048828125
2016-01-12,3235.800048828125,3235.800048828125
2016-01-13,3224.800048828125,3224.800048828125
2016-01-14,3211.800048828125,3211.800048828125
2016-01-15,3191.39990234375,3191.39990234375
2016-01-18,3256.5,3256.5
2016-01-19,3242.0,3242.0
2016-01-20,3271.300048828125,3271.300048828125
2016-01-21,3357.39990234375,3357.39990234375
2016-01-22,3284.0,3284.0
2016-01-25,3253.199951171875,3253.199951171875
2016-01-26,3339.89990234375,3339.89990234375
2016-01-27,3312.39990234375,3312.39990234375
2016-01-28,3278.0,3278.0
2016-01-29,3260.89990234375,3260.89990234375
2016-02-01,3231.5,3231.5
2016-02-02,3281.800048828125,3281.800048828125
2016-02-03,3298.800048828125,3298.800048828125
2016-02-04,3317.0,3317.0
2016-02-05,3333.0,3333.0
2016-02-08,3367.0,3367.0
2016-02-09,3302.300048828125,3302.300048828125
2016-02-10,3390.0,3390.0
2016-02-11,3354.39990234375,3354.39990234375
2016-02-12,3403.5,3403.5
2016-02-15,3337.10009765625,3337.10009765625
2016-02-16,3414.0,3414.0
2016-02-17,3379.39990234375,3379.39990234375
2016-02-18,33.400001525878906,33.400001525878906
2016-02-19,3289.39990234375,3289.39990234375
2016-02-22,3312.10009765625,3312.10009765625
2016-02-23,3324.0,3324.0
2016-02-24,3265.5,3265.5
2016-02-25,3297.699951171875,3297.699951171875
2016-02-26,3295.5,3295.5
2016-02-29,3297.60009765625,3297.60009765625
2016-03-01,3249.199951171875,3249.199951171875
2016-03-02,3205.0,3205.0
2016-03-03,3139.199951171875,3139.199951171875
2016-03-04,3141.89990234375,3141.89990234375
2016-03-07,3108.10009765625,3108.10009765625
2016-03-08,3071.0,3071.0
2016-03-09,3158.699951171875,3158.699951171875
2016-03-10,3140.0,3140.0
2016-03-11,3164.60009765625,3164.60009765625
2016-03-14,3107.10009765625,3107.10009765625
2016-03-15,3165.0,3165.0
2016-03-16,3085.5,3085.5
2016-03-17,3118.5,3118.5
2016-03-18,3030.89990234375,3030.89990234375
2016-03-21,3072.0,3072.0
2016-03-22,3028.0,3028.0
2016-03-23,3065.0,3065.0
2016-03-24,3072.0,3072.0
2016-03-25,3072.0,3072.0
2016-03-28,3024.0,3024.0
2016-03-29,3058.0,3058.0
2016-03-30,3010.199951171875,3010.199951171875
2016-03-31,2999.0,2999.0
2016-04-01,3033.0,3033.0
2016-04-04,3064.0,3064.0
2016-04-05,3084.0,3084.0
2016-04-06,3029.699951171875,3029.699951171875
2016-04-07,3038.10009765625,3038.10009765625
2016-04-08,3092.0,3092.0
2016-04-11,3053.0,3053.0
2016-04-12,3019.0,3019.0
2016-04-13,3005.0,3005.0
2016-04-14,2994.0,2994.0
2016-04-15,2997.0,2997.0
2016-04-18,2969.0,2969.0
2016-04-19,2898.0,2898.0
2016-04-20,2901.0,2901.0
2016-04-21,2858.199951171875,2858.199951171875
2016-04-22,2946.0,2946.0
2016-04-25,2967.0,2967.0
2016-04-26,2954.0,2954.0
2016-04-27,2906.5,2906.5
2016-04-28,2875.0,2875.0
2016-04-29,2846.5,2846.5
2016-05-02,2811.199951171875,2811.199951171875
2016-05-03,2809.60009765625,2809.60009765625
2016-05-04,2955.0,2955.0
2016-05-05,2955.0,2955.0
2016-05-06,2967.0,2967.0
2016-05-09,2957.0,2957.0
2016-05-10,2973.0,2973.0
2016-05-11,2937.0,2937.0
2016-05-12,2946.0,2946.0
2016-05-13,2986.0,2986.0
2016-05-16,2950.5,2950.5
2016-05-17,3008.0,3008.0
2016-05-18,3023.0,3023.0
2016-05-19,3056.0,3056.0
2016-05-20,3050.0,3050.0
2016-05-23,3052.0,3052.0
2016-05-24,3062.0,3062.0
2016-05-25,3059.0,3059.0
2016-05-26,3051.0,3051.0
2016-05-27,3068.0,3068.0
2016-05-30,3017.39990234375,3017.39990234375
2016-05-31,3088.0,3088.0
2016-06-01,3112.0,3112.0
2016-06-02,3081.60009765625,3081.60009765625
2016-06-03,3012.0,3012.0
2016-06-06,3019.0,3019.0
2016-06-07,2941.0,2941.0
2016-06-08,2827.0,2827.0
2016-06-09,2940.0,2940.0
2016-06-10,2969.0,2969.0
2016-06-13,2995.0,2995.0
2016-06-14,3003.0,3003.0
2016-06-15,2952.0,2952.0
2016-06-16,3013.0,3013.0
2016-06-17,2968.0,2968.0
2016-06-20,2967.800048828125,2967.800048828125
2016-06-21,2949.300048828125,2949.300048828125
2016-06-22,2916.699951171875,2916.699951171875
2016-06-23,2877.89990234375,2877.89990234375
2016-06-24,2837.800048828125,2837.800048828125
2016-06-27,3057.0,3057.0
2016-06-28,2981.0,2981.0
2016-06-29,2935.199951171875,2935.199951171875
2016-06-30,2881.60009765625,2881.60009765625
2016-07-01,2871.800048828125,2871.800048828125
2016-07-04,2880.5,2880.5
2016-07-05,2909.60009765625,2909.60009765625
2016-07-06,2927.0,2927.0
2016-07-07,2961.5,2961.5
2016-07-08,2946.699951171875,2946.699951171875
2016-07-11,2935.0,2935.0
2016-07-12,2899.10009765625,2899.10009765625
2016-07-13,2872.199951171875,2872.199951171875
2016-07-14,2890.5,2890.5
2016-07-15,2898.60009765625,2898.60009765625
2016-07-18,2871.0,2871.0
2016-07-19,2885.5,2885.5
2016-07-20,2881.89990234375,2881.89990234375
2016-07-21,2879.800048828125,2879.800048828125
2016-07-22,2906.39990234375,2906.39990234375
2016-07-25,2903.89990234375,2903.89990234375
2016-07-26,3061.0,3061.0
2016-07-27,3080.0,3080.0
2016-07-28,3039.199951171875,3039.199951171875
2016-07-29,3031.89990234375,3031.89990234375
2016-08-01,3027.0,3027.0
2016-08-02,3038.10009765625,3038.10009765625
2016-08-03,3070.89990234375,3070.89990234375
2016-08-04,3081.0,3081.0
2016-08-05,3054.10009765625,3054.10009765625
2016-08-08,2992.0,2992.0
2016-08-09,2984.0,2984.0
2016-08-10,2939.300048828125,2939.300048828125
2016-08-11,2899.5,2899.5
2016-08-12,2843.199951171875,2843.199951171875
2016-08-15,2927.159912109375,2927.159912109375
2016-08-16,2885.89990234375,2885.89990234375
2016-08-17,2909.260009765625,2909.260009765625
2016-08-18,2894.02001953125,2894.02001953125
2016-08-19,2857.0,2857.0
2016-08-22,2888.639892578125,2888.639892578125
2016-08-23,2920.419921875,2920.419921875
2016-08-24,2937.52001953125,2937.52001953125
2016-08-25,2894.0400390625,2894.0400390625
2016-08-26,2876.10009765625,2876.10009765625
2016-08-29,2843.699951171875,2843.699951171875
2016-08-30,2880.39990234375,2880.39990234375
2016-08-31,2893.800048828125,2893.800048828125
2016-09-01,2915.10009765625,2915.10009765625
2016-09-02,2953.0,2953.0
2016-09-05,2895.5,2895.5
2016-09-06,2867.0,2867.0
2016-09-07,2861.610107421875,2861.610107421875
2016-09-08,2825.89990234375,2825.89990234375
2016-09-09,2806.0,2806.0
2016-09-12,2871.0,2871.0
2016-09-13,2975.0,2975.0
2016-09-14,2950.1298828125,2950.1298828125
2016-09-15,2926.89990234375,2926.89990234375
2016-09-16,2902.5,2902.5
2016-09-19,2916.8701171875,2916.8701171875
2016-09-20,2930.5,2930.5
2016-09-21,2891.27001953125,2891.27001953125
2016-09-22,2857.10009765625,2857.10009765625
2016-09-23,2838.800048828125,2838.800048828125
2016-09-26,2921.3798828125,2921.3798828125
2016-09-27,2883.550048828125,2883.550048828125
2016-09-28,2909.8798828125,2909.8798828125
2016-09-29,2867.10009765625,2867.10009765625
2016-09-30,2828.699951171875,2828.699951171875
2016-10-03,2932.75,2932.75
2016-10-04,2878.10009765625,2878.10009765625
2016-10-05,2930.0,2930.0
2016-10-06,2903.199951171875,2903.199951171875
2016-10-07,2844.800048828125,2844.800048828125
2016-10-10,2888.800048828125,2888.800048828125
2016-10-11,2920.179931640625,2920.179931640625
2016-10-12,2877.39990234375,2877.39990234375
2016-10-13,2852.39990234375,2852.39990234375
2016-10-14,2883.39990234375,2883.39990234375
2016-10-17,2916.949951171875,2916.949951171875
2016-10-18,2904.0,2904.0
2016-10-19,2914.89990234375,2914.89990234375
2016-10-20,2925.0,2925.0
2016-10-21,2882.199951171875,2882.199951171875
2016-10-24,2936.219970703125,2936.219970703125
2016-10-25,2935.090087890625,2935.090087890625
2016-10-26,2968.989990234375,2968.989990234375
2016-10-27,2958.010009765625,2958.010009765625
2016-10-28,2895.5,2895.5
2016-10-31,2938.199951171875,2938.199951171875
2016-11-01,3021.25,3021.25
2016-11-02,3069.25,3069.25
2016-11-03,3071.25,3071.25
2016-11-04,3017.300048828125,3017.300048828125
2016-11-07,3063.699951171875,3063.699951171875
2016-11-08,3001.39990234375,3001.39990234375
2016-11-09,2998.14990234375,2998.14990234375
2016-11-10,2960.699951171875,2960.699951171875
2016-11-11,3076.199951171875,3076.199951171875
2016-11-14,3116.25,3116.25
2016-11-15,3120.25,3120.25
2016-11-16,3074.2900390625,3074.2900390625
2016-11-17,3116.60009765625,3116.60009765625
2016-11-18,3180.25,3180.25
2016-11-21,3135.10009765625,3135.10009765625
2016-11-22,3150.75,3150.75
2016-11-23,3171.25,3171.25
2016-11-24,3128.10009765625,3128.10009765625
2016-11-25,3120.199951171875,3120.199951171875
2016-11-28,3128.10009765625,3128.10009765625
2016-11-29,3088.699951171875,3088.699951171875
2016-11-30,3072.75,3072.75
2016-12-01,3015.699951171875,3015.699951171875
2016-12-02,3021.699951171875,3021.699951171875
2016-12-05,3019.800048828125,3019.800048828125
2016-12-06,2995.39990234375,2995.39990234375
2016-12-07,2946.199951171875,2946.199951171875
2016-12-08,3001.75,3001.75
2016-12-09,2960.89990234375,2960.89990234375
2016-12-12,2989.0,2989.0
2016-12-13,2984.75,2984.75
2016-12-14,2955.39990234375,2955.39990234375
2016-12-15,2914.300048828125,2914.300048828125
2016-12-16,3004.75,3004.75
2016-12-19,2968.199951171875,2968.199951171875
2016-12-20,2955.39990234375,2955.39990234375
2016-12-21,2994.25,2994.25
2016-12-22,2950.5,2950.5
2016-12-23,2949.800048828125,2949.800048828125
2016-12-26,2948.199951171875,2948.199951171875
2016-12-27,2949.800048828125,2949.800048828125
2016-12-28,2947.89990234375,2947.89990234375
2016-12-29,2993.72998046875,2993.72998046875
2016-12-30,2964.699951171875,2964.699951171875
2017-01-02,2957.10009765625,2957.10009765625
2017-01-03,2950.699951171875,2950.699951171875
2017-01-04,2916.199951171875,2916.199951171875
2017-01-05,2891.10009765625,2891.10009765625
2017-01-06,2897.89990234375,2897.89990234375
2017-01-09,2865.699951171875,2865.699951171875
2017-01-10,2887.39990234375,2887.39990234375
2017-01-11,2888.800048828125,2888.800048828125
2017-01-12,2931.39990234375,2931.39990234375
2017-01-13,2877.89990234375,2877.89990234375
2017-01-16,2895.199951171875,2895.199951171875
2017-01-17,2895.89990234375,2895.89990234375
2017-01-18,2886.5,2886.5
2017-01-19,2942.75,2942.75
2017-01-20,2919.75,2919.75
2017-01-23,2923.75,2923.75
2017-01-24,2925.25,2925.25
2017-01-25,2919.25,2919.25
2017-01-26,2893.0,2893.0
2017-01-27,2929.64990234375,2929.64990234375
2017-01-30,2927.679931640625,2927.679931640625
2017-01-31,2915.0,2915.0
2017-02-01,2904.25,2904.25
2017-02-02,2873.5,2873.5
2017-02-03,2815.300048828125,2815.300048828125
2017-02-06,2851.75,2851.75
2017-02-07,2843.75,2843.75
2017-02-08,2876.280029296875,2876.280029296875
2017-02-09,2858.10009765625,2858.10009765625
2017-02-10,2851.419921875,2851.419921875
2017-02-13,2876.5,2876.5
2017-02-14,2870.780029296875,2870.780029296875
2017-02-15,2873.300048828125,2873.300048828125
2017-02-16,2813.10009765625,2813.10009765625
2017-02-17,2884.75,2884.75
2017-02-20,2842.800048828125,2842.800048828125
2017-02-21,2897.280029296875,2897.280029296875
2017-02-22,2889.5,2889.5
2017-02-23,2867.97998046875,2867.97998046875
2017-02-24,2887.75,2887.75
2017-02-27,2890.25,2890.25
2017-02-28,2918.10009765625,2918.10009765625
2017-03-01,2928.830078125,2928.830078125
2017-03-02,2976.199951171875,2976.199951171875
2017-03-03,2974.25,2974.25
2017-03-06,2969.219970703125,2969.219970703125
2017-03-07,2951.929931640625,2951.929931640625
2017-03-08,2914.699951171875,2914.699951171875
2017-03-09,2996.39990234375,2996.39990234375
2017-03-10,2979.0,2979.0
2017-03-13,2982.300048828125,2982.300048828125
2017-03-14,2992.780029296875,2992.780029296875
2017-03-15,2964.280029296875,2964.280029296875
2017-03-16,2910.800048828125,2910.800048828125
2017-03-17,2875.5,2875.5
2017-03-20,2911.22998046875,2911.22998046875
2017-03-21,2914.1201171875,2914.1201171875
2017-03-22,2917.699951171875,2917.699951171875
2017-03-23,2916.949951171875,2916.949951171875
2017-03-24,2874.60009765625,2874.60009765625
2017-03-27,2909.75,2909.75
2017-03-28,2905.679931640625,2905.679931640625
2017-03-29,2877.5,2877.5
2017-03-30,2884.830078125,2884.830078125
2017-03-31,2846.89990234375,2846.89990234375
2017-04-03,2869.3798828125,2869.3798828125
2017-04-04,2864.489990234375,2864.489990234375
2017-04-05,2857.919921875,2857.919921875
2017-04-06,2853.8798828125,2853.8798828125
2017-04-07,2860.389892578125,2860.389892578125
2017-04-10,2860.919921875,2860.919921875
2017-04-11,2875.0,2875.0
2017-04-12,2870.429931640625,2870.429931640625
2017-04-13,2867.6201171875,2867.6201171875
2017-04-14,2830.5,2830.5
2017-04-17,2850.139892578125,2850.139892578125
2017-04-18,2839.25,2839.25
2017-04-19,2867.25,2867.25
2017-04-20,2849.469970703125,2849.469970703125
2017-04-21,2796.699951171875,2796.699951171875
2017-04-24,2870.0,2870.0
2017-04-25,2897.449951171875,2897.449951171875
2017-04-26,2850.199951171875,2850.199951171875
2017-04-27,2939.0,2939.0
2017-04-28,2940.139892578125,2940.139892578125
2017-05-01,2939.75,2939.75
2017-05-02,2938.25,2938.25
2017-05-03,2928.2900390625,2928.2900390625
2017-05-04,2928.75,2928.75
2017-05-05,2926.199951171875,2926.199951171875
2017-05-08,2960.25,2960.25
2017-05-09,2976.75,2976.75
2017-05-10,2940.25,2940.25
2017-05-11,2924.949951171875,2924.949951171875
2017-05-12,2918.919921875,2918.919921875
2017-05-15,2894.110107421875,2894.110107421875
2017-05-16,2824.39990234375,2824.39990234375
2017-05-17,2821.5,2821.5
2017-05-18,2923.5400390625,2923.5400390625
2017-05-19,2869.0,2869.0
2017-05-22,2904.199951171875,2904.199951171875
2017-05-23,2905.39990234375,2905.39990234375
2017-05-24,2904.2900390625,2904.2900390625
2017-05-25,2916.75,2916.75
2017-05-26,2884.699951171875,2884.699951171875
2017-05-29,2871.5,2871.5
2017-05-30,2917.25,2917.25
2017-05-31,2916.0,2916.0
2017-06-01,2891.10009765625,2891.10009765625
2017-06-02,2832.10009765625,2832.10009765625
2017-06-05,2898.25,2898.25
2017-06-06,2893.580078125,2893.580078125
2017-06-07,2913.780029296875,2913.780029296875
2017-06-08,2917.030029296875,2917.030029296875
2017-06-09,2913.75,2913.75
2017-06-12,2929.840087890625,2929.840087890625
2017-06-13,2928.25,2928.25
2017-06-14,2934.0,2934.0
2017-06-15,2951.169921875,2951.169921875
2017-06-16,2972.75,2972.75
2017-06-19,2974.659912109375,2974.659912109375
2017-06-20,3029.659912109375,3029.659912109375
2017-06-21,2982.39990234375,2982.39990234375
2017-06-22,3024.949951171875,3024.949951171875
2017-06-23,3019.6298828125,3019.6298828125
2017-06-26,3019.35009765625,3019.35009765625
2017-06-27,3026.719970703125,3026.719970703125
2017-06-28,3018.919921875,3018.919921875
2017-06-29,3044.39990234375,3044.39990234375
2017-06-30,3042.280029296875,3042.280029296875
2017-07-03,3044.580078125,3044.580078125
2017-07-04,3045.27001953125,3045.27001953125
2017-07-05,3082.25,3082.25
2017-07-06,3094.25,3094.25
2017-07-07,3088.080078125,3088.080078125
2017-07-10,3061.280029296875,3061.280029296875
2017-07-11,3074.0400390625,3074.0400390625
2017-07-12,3045.25,3045.25
2017-07-13,3042.889892578125,3042.889892578125
2017-07-14,3017.25,3017.25
2017-07-17,3029.25,3029.25
2017-07-18,3011.429931640625,3011.429931640625
2017-07-19,3003.0,3003.0
2017-07-20,2997.510009765625,2997.510009765625
2017-07-21,2954.89990234375,2954.89990234375
2017-07-24,3027.320068359375,3027.320068359375
2017-07-25,3028.35009765625,3028.35009765625
2017-07-26,3015.639892578125,3015.639892578125
2017-07-27,3010.85009765625,3010.85009765625
2017-07-28,2998.699951171875,2998.699951171875
2017-07-31,2983.25,2983.25
2017-08-01,2967.260009765625,2967.260009765625
2017-08-02,2960.1201171875,2960.1201171875
2017-08-03,2955.219970703125,2955.219970703125
2017-08-04,2935.89990234375,2935.89990234375
2017-08-07,2980.8701171875,2980.8701171875
2017-08-08,2995.5,2995.5
2017-08-09,2948.89990234375,2948.89990234375
2017-08-10,2994.280029296875,2994.280029296875
2017-08-11,2941.300048828125,2941.300048828125
2017-08-14,2966.199951171875,2966.199951171875
2017-08-15,2927.5,2927.5
2017-08-16,2967.070068359375,2967.070068359375
2017-08-17,2919.300048828125,2919.300048828125
2017-08-18,2988.0400390625,2988.0400390625
2017-08-21,2985.25,2985.25
2017-08-22,2983.949951171875,2983.949951171875
2017-08-23,2979.25,2979.25
2017-08-24,2960.090087890625,2960.090087890625
2017-08-25,2922.5,2922.5
2017-08-28,2945.5,2945.5
2017-08-29,2932.75,2932.75
2017-08-30,2951.75,2951.75
2017-08-31,2948.679931640625,2948.679931640625
2017-09-01,2917.60009765625,2917.60009765625
2017-09-04,2893.39990234375,2893.39990234375
2017-09-05,2926.699951171875,2926.699951171875
2017-09-06,2911.949951171875,2911.949951171875
2017-09-07,2904.699951171875,2904.699951171875
2017-09-08,2904.090087890625,2904.090087890625
2017-09-11,2921.25,2921.25
2017-09-12,2904.919921875,2904.919921875
2017-09-13,2909.5,2909.5
2017-09-14,2897.72998046875,2897.72998046875
2017-09-15,2857.89990234375,2857.89990234375
2017-09-18,2906.85009765625,2906.85009765625
2017-09-19,2900.18994140625,2900.18994140625
2017-09-20,2888.929931640625,2888.929931640625
2017-09-21,2913.25,2913.25
2017-09-22,2877.800048828125,2877.800048828125
2017-09-25,2924.43994140625,2924.43994140625
2017-09-26,2921.25,2921.25
2017-09-27,2935.43994140625,2935.43994140625
2017-09-28,2942.010009765625,2942.010009765625
2017-09-29,2918.699951171875,2918.699951171875
2017-10-02,2947.469970703125,2947.469970703125
2017-10-03,2950.639892578125,2950.639892578125
2017-10-04,2943.75,2943.75
2017-10-05,2925.2099609375,2925.2099609375
2017-10-06,2877.300048828125,2877.300048828125
2017-10-09,2897.199951171875,2897.199951171875
2017-10-10,2955.3798828125,2955.3798828125
2017-10-11,2951.25,2951.25
2017-10-12,2939.0,2939.0
2017-10-13,2932.510009765625,2932.510009765625
2017-10-16,2933.0400390625,2933.0400390625
2017-10-17,2947.25,2947.25
2017-10-18,2922.25,2922.25
2017-10-19,2917.25,2917.25
2017-10-20,2932.25,2932.25
2017-10-23,2948.8701171875,2948.8701171875
2017-10-24,2909.89990234375,2909.89990234375
2017-10-25,2977.070068359375,2977.070068359375
2017-10-26,3013.4599609375,3013.4599609375
2017-10-27,3009.080078125,3009.080078125
2017-10-30,2963.800048828125,2963.800048828125
2017-10-31,3040.050048828125,3040.050048828125
2017-11-01,3064.0,3064.0
2017-11-02,3021.699951171875,3021.699951171875
2017-11-03,2996.39990234375,2996.39990234375
2017-11-06,3037.080078125,3037.080078125
2017-11-07,3034.590087890625,3034.590087890625
2017-11-08,2996.60009765625,2996.60009765625
2017-11-09,2976.199951171875,2976.199951171875
2017-11-10,3007.0,3007.0
2017-11-13,3006.0,3006.0
2017-11-14,2946.300048828125,2946.300048828125
2017-11-15,3027.0,3027.0
2017-11-16,2986.89990234375,2986.89990234375
2017-11-17,2972.699951171875,2972.699951171875
2017-11-20,3008.0,3008.0
2017-11-21,2969.39990234375,2969.39990234375
2017-11-22,2933.300048828125,2933.300048828125
2017-11-23,2934.10009765625,2934.10009765625
2017-11-24,2913.39990234375,2913.39990234375
2017-11-27,2944.800048828125,2944.800048828125
2017-11-28,2972.800048828125,2972.800048828125
2017-11-29,2950.800048828125,2950.800048828125
2017-11-30,2950.699951171875,2950.699951171875
2017-12-01,2975.699951171875,2975.699951171875
2017-12-04,2988.0,2988.0
2017-12-05,2995.0,2995.0
2017-12-06,2956.800048828125,2956.800048828125
2017-12-07,3010.0,3010.0
2017-12-08,2959.5,2959.5
2017-12-11,3012.0,3012.0
2017-12-12,2980.60009765625,2980.60009765625
2017-12-13,3009.0,3009.0
2017-12-14,2977.800048828125,2977.800048828125
2017-12-15,2967.10009765625,2967.10009765625
2017-12-18,2975.0,2975.0
2017-12-19,2965.0,2965.0
2017-12-20,2958.0,2958.0
2017-12-21,2919.800048828125,2919.800048828125
2017-12-22,2921.39990234375,2921.39990234375
2017-12-25,2918.89990234375,2918.89990234375
2017-12-26,2922.39990234375,2922.39990234375
2017-12-27,2916.5,2916.5
2017-12-28,2981.0,2981.0
2017-12-29,2982.0,2982.0
2018-01-01,2936.0,2936.0
2018-01-02,2943.800048828125,2943.800048828125
2018-01-03,2891.800048828125,2891.800048828125
2018-01-04,2859.800048828125,2859.800048828125
2018-01-05,2849.800048828125,2849.800048828125
2018-01-08,2868.199951171875,2868.199951171875
2018-01-09,2867.300048828125,2867.300048828125
2018-01-10,2881.39990234375,2881.39990234375
2018-01-11,2854.0,2854.0
2018-01-12,2798.10009765625,2798.10009765625
2018-01-15,2816.5,2816.5
2018-01-16,2809.0,2809.0
2018-01-17,2828.300048828125,2828.300048828125
2018-01-18,2844.0,2844.0
2018-01-19,2843.0,2843.0
2018-01-22,2856.989990234375,2856.989990234375
2018-01-23,2854.0,2854.0
2018-01-24,2811.0,2811.0
2018-01-25,2789.0,2789.0
2018-01-26,2813.0,2813.0
2018-01-29,2835.0,2835.0
2018-01-30,2848.0,2848.0
2018-01-31,2828.0,2828.0
2018-02-01,2794.0,2794.0
2018-02-02,2839.0,2839.0
2018-02-05,2840.0,2840.0
2018-02-06,2829.0,2829.0
2018-02-07,2847.0,2847.0
2018-02-08,2883.0,2883.0
2018-02-09,2903.820068359375,2903.820068359375
2018-02-12,2891.0,2891.0
2018-02-13,2904.0,2904.0
2018-02-14,2868.0,2868.0
2018-02-15,2854.0,2854.0
2018-02-16,2834.0,2834.0
2018-02-19,2833.239990234375,2833.239990234375
2018-02-20,2859.0,2859.0
2018-02-21,2876.0,2876.0
2018-02-22,2858.0,2858.0
2018-02-23,2841.0,2841.0
2018-02-26,2839.0,2839.0
2018-02-27,2859.0,2859.0
2018-02-28,2865.0,2865.0
2018-03-01,2879.0,2879.0
2018-03-02,2866.0,2866.0
2018-03-05,2854.0,2854.0
2018-03-06,2853.0,2853.0
2018-03-07,2866.0,2866.0
2018-03-08,2875.0,2875.0
2018-03-09,2865.0,2865.0
2018-03-12,2848.0,2848.0
2018-03-13,2852.0,2852.0
2018-03-14,2842.0,2842.0
2018-03-15,2844.0,2844.0
2018-03-16,2854.0,2854.0
2018-03-19,2858.0,2858.0
2018-03-20,2867.0,2867.0
2018-03-21,2853.0,2853.0
2018-03-22,2859.0,2859.0
2018-03-23,2842.0,2842.0
2018-03-26,2800.0,2800.0
2018-03-27,2783.0,2783.0
2018-03-28,2791.0,2791.0
2018-03-29,2793.0,2793.0
2018-03-30,2789.0,2789.0
2018-04-02,2796.1298828125,2796.1298828125
2018-04-03,2775.389892578125,2775.389892578125
2018-04-04,2775.389892578125,2775.389892578125
2018-04-05,2792.0,2792.0
2018-04-06,2788.0,2788.0
2018-04-09,2792.0,2792.0
2018-04-10,2741.199951171875,2741.199951171875
2018-04-11,2770.0,2770.0
2018-04-12,2718.0,2718.0
2018-04-13,2706.0,2706.0
2018-04-16,2708.0,2708.0
2018-04-17,2726.0,2726.0
2018-04-18,2725.0,2725.0
2018-04-19,2706.0,2706.0
2018-04-20,2735.0,2735.0
2018-04-23,2681.39990234375,2681.39990234375
2018-04-24,2814.0,2814.0
2018-04-25,2782.0,2782.0
2018-04-26,2813.0,2813.0
2018-04-27,2816.0,2816.0
2018-04-30,2802.0,2802.0
2018-05-01,2808.5,2808.5
2018-05-02,2803.0,2803.0
2018-05-03,2831.0,2831.0
2018-05-04,2857.0,2857.0
2018-05-07,2814.89990234375,2814.89990234375
2018-05-08,2814.0,2814.0
2018-05-09,2871.0,2871.0
2018-05-10,2855.550048828125,2855.550048828125
2018-05-11,2823.0,2823.0
2018-05-14,2779.60009765625,2779.60009765625
2018-05-15,2835.570068359375,2835.570068359375
2018-05-16,2883.0,2883.0
2018-05-17,2867.800048828125,2867.800048828125
2018-05-18,2888.800048828125,2888.800048828125
2018-05-21,2860.300048828125,2860.300048828125
2018-05-22,2876.0,2876.0
2018-05-23,2848.699951171875,2848.699951171875
2018-05-24,2866.139892578125,2866.139892578125
2018-05-25,2862.27001953125,2862.27001953125
2018-05-28,2875.0,2875.0
2018-05-29,2874.0,2874.0
2018-05-30,2904.0,2904.0
2018-05-31,2877.0,2877.0
2018-06-01,2889.0,2889.0
2018-06-04,2857.60009765625,2857.60009765625
2018-06-05,2859.0,2859.0
2018-06-06,2854.0,2854.0
2018-06-07,2829.0,2829.0
2018-06-08,2847.0,2847.0
2018-06-11,2793.699951171875,2793.699951171875
2018-06-12,2858.10009765625,2858.10009765625
2018-06-13,2861.0,2861.0
2018-06-14,2858.0,2858.0
2018-06-15,2862.0,2862.0
2018-06-18,2893.0,2893.0
2018-06-19,2923.0,2923.0
2018-06-20,2921.0,2921.0
2018-06-21,2917.0,2917.0
2018-06-22,2951.0,2951.0
2018-06-25,2914.0,2914.0
2018-06-26,2915.0,2915.0
2018-06-27,2930.0,2930.0
2018-06-28,2944.0,2944.0
2018-06-29,2944.5,2944.5
2018-07-02,2920.030029296875,2920.030029296875
2018-07-03,2929.0,2929.0
2018-07-04,2904.0,2904.0
2018-07-05,2904.800048828125,2904.800048828125
2018-07-06,2876.0,2876.0
2018-07-09,2822.5,2822.5
2018-07-10,2883.0,2883.0
2018-07-11,2870.0,2870.0
2018-07-12,2870.0,2870.0
2018-07-13,2874.0,2874.0
2018-07-16,2858.0,2858.0
2018-07-17,2874.0,2874.0
2018-07-18,2869.0,2869.0
2018-07-19,2865.0,2865.0
2018-07-20,2881.0,2881.0
2018-07-23,2819.60009765625,2819.60009765625
2018-07-24,2898.0,2898.0
2018-07-25,2894.300048828125,2894.300048828125
2018-07-26,2881.699951171875,2881.699951171875
2018-07-27,2882.60009765625,2882.60009765625
2018-07-30,2874.60009765625,2874.60009765625
2018-07-31,2870.0,2870.0
2018-08-01,2888.0,2888.0
2018-08-02,2895.0,2895.0
2018-08-03,2902.0,2902.0
2018-08-06,2890.0,2890.0
2018-08-07,2899.0,2899.0
2018-08-08,2890.0,2890.0
2018-08-09,2908.199951171875,2908.199951171875
2018-08-10,2911.0,2911.0
2018-08-13,2942.0,2942.0
2018-08-14,3001.0,3001.0
2018-08-15,3011.0,3011.0
2018-08-16,3047.0,3047.0
2018-08-17,3019.0,3019.0
2018-08-20,3023.5,3023.5
2018-08-21,3029.0,3029.0
2018-08-22,2977.0,2977.0
2018-08-23,2960.39990234375,2960.39990234375
2018-08-24,2987.0,2987.0
2018-08-27,2932.89990234375,2932.89990234375
2018-08-28,2930.800048828125,2930.800048828125
2018-08-29,2966.800048828125,2966.800048828125
2018-08-30,2999.39990234375,2999.39990234375
2018-08-31,3026.89990234375,3026.89990234375
2018-09-03,3069.0,3069.0
2018-09-04,3045.199951171875,3045.199951171875
2018-09-05,3088.10009765625,3088.10009765625
2018-09-06,3104.0,3104.0
2018-09-07,3089.89990234375,3089.89990234375
2018-09-10,3058.89990234375,3058.89990234375
2018-09-11,3088.0,3088.0
2018-09-12,3077.60009765625,3077.60009765625
2018-09-13,3051.0,3051.0
2018-09-14,3021.699951171875,3021.699951171875
2018-09-17,3022.0,3022.0
2018-09-18,3012.5,3012.5
2018-09-19,3012.0,3012.0
2018-09-20,3027.0,3027.0
2018-09-21,3020.300048828125,3020.300048828125
2018-09-24,2960.5,2960.5
2018-09-25,2960.0,2960.0
2018-09-26,3001.0,3001.0
2018-09-27,2997.39990234375,2997.39990234375
2018-09-28,2983.0,2983.0
2018-10-01,2959.0,2959.0
2018-10-02,2999.0,2999.0
2018-10-03,3014.0,3014.0
2018-10-04,3012.89990234375,3012.89990234375
2018-10-05,3033.0,3033.0
2018-10-08,2980.199951171875,2980.199951171875
2018-10-09,3041.10009765625,3041.10009765625
2018-10-10,3059.0,3059.0
2018-10-11,3093.39990234375,3093.39990234375
2018-10-12,3090.800048828125,3090.800048828125
2018-10-15,3095.0,3095.0
2018-10-16,3092.5,3092.5
2018-10-17,3054.89990234375,3054.89990234375
2018-10-18,3057.10009765625,3057.10009765625
2018-10-19,3091.39990234375,3091.39990234375
2018-10-22,3076.300048828125,3076.300048828125
2018-10-23,3083.0,3083.0
2018-10-24,3118.0,3118.0
2018-10-25,3165.0,3165.0
2018-10-26,3169.0,3169.0
2018-10-29,3111.39990234375,3111.39990234375
2018-10-30,3187.10009765625,3187.10009765625
2018-10-31,3204.0,3204.0
2018-11-01,3215.0,3215.0
2018-11-02,3190.0,3190.0
2018-11-05,3183.0,3183.0
2018-11-06,3181.0,3181.0
2018-11-07,3146.0,3146.0
2018-11-08,3139.39990234375,3139.39990234375
2018-11-09,3150.0,3150.0
2018-11-12,3175.89990234375,3175.89990234375
2018-11-13,3172.300048828125,3172.300048828125
2018-11-14,3186.0,3186.0
2018-11-15,3201.0,3201.0
2018-11-16,3196.699951171875,3196.699951171875
2018-11-19,3120.89990234375,3120.89990234375
2018-11-20,3173.0,3173.0
2018-11-21,3198.0,3198.0
2018-11-22,3190.0,3190.0
2018-11-23,3190.300048828125,3190.300048828125
2018-11-26,3146.699951171875,3146.699951171875
2018-11-27,3242.0,3242.0
2018-11-28,3252.39990234375,3252.39990234375
2018-11-29,3265.0,3265.0
2018-11-30,3236.0,3236.0
2018-12-03,3210.199951171875,3210.199951171875
2018-12-04,3197.0,3197.0
2018-12-05,3172.0,3172.0
2018-12-06,3168.699951171875,3168.699951171875
2018-12-07,3184.0,3184.0
2018-12-10,3145.0,3145.0
2018-12-11,3189.0,3189.0
2018-12-12,3184.0,3184.0
2018-12-13,3167.0,3167.0
2018-12-14,3178.0,3178.0
2018-12-17,3193.0,3193.0
2018-12-18,3188.10009765625,3188.10009765625
2018-12-19,3203.0,3203.0
2018-12-20,3217.0,3217.0
2018-12-21,3268.0,3268.0
2018-12-24,3292.0,3292.0
2018-12-25,3285.0,3285.0
2018-12-26,3293.5,3293.5
2018-12-27,3282.0,3282.0
2018-12-28,3273.0,3273.0
2018-12-31,3245.0,3245.0
2019-01-01,3246.0,3246.0
2019-01-02,3245.0,3245.0
2019-01-03,3235.0,3235.0
2019-01-04,3243.0,3243.0
2019-01-07,3191.0,3191.0
2019-01-08,3179.0,3179.0
2019-01-09,3160.300048828125,3160.300048828125
2019-01-10,3132.5,3132.5
2019-01-11,3135.0,3135.0
2019-01-14,3145.199951171875,3145.199951171875
2019-01-15,3137.0,3137.0
2019-01-16,3130.0,3130.0
2019-01-17,3115.0,3115.0
2019-01-18,3130.0,3130.0
2019-01-21,3121.0,3121.0
2019-01-22,3124.300048828125,3124.300048828125
2019-01-23,3134.60009765625,3134.60009765625
2019-01-24,3149.0,3149.0
2019-01-25,3169.0,3169.0
2019-01-28,3112.10009765625,3112.10009765625
2019-01-29,3155.0,3155.0
2019-01-30,3159.5,3159.5
2019-01-31,3161.0,3161.0
2019-02-01,3131.10009765625,3131.10009765625
2019-02-04,3087.0,3087.0
2019-02-05,3085.0,3085.0
2019-02-06,3048.0,3048.0
2019-02-07,3104.0,3104.0
2019-02-08,3115.0,3115.0
2019-02-11,3074.699951171875,3074.699951171875
2019-02-12,3136.0,3136.0
2019-02-13,3124.0,3124.0
2019-02-14,3135.0,3135.0
2019-02-15,3149.0,3149.0
2019-02-18,3131.0,3131.0
2019-02-19,3129.699951171875,3129.699951171875
2019-02-20,3114.0,3114.0
2019-02-21,3109.0,3109.0
2019-02-22,3122.0,3122.0
2019-02-25,3079.0,3079.0
2019-02-26,3097.60009765625,3097.60009765625
2019-02-27,3079.0,3079.0
2019-02-28,3069.0,3069.0
2019-03-01,3080.0,3080.0
2019-03-04,3094.0,3094.0
2019-03-05,3091.199951171875,3091.199951171875
2019-03-06,3095.0,3095.0
2019-03-07,3103.699951171875,3103.699951171875
2019-03-08,3115.60009765625,3115.60009765625
2019-03-11,3091.699951171875,3091.699951171875
2019-03-12,3177.0,3177.0
2019-03-13,3147.0,3147.0
2019-03-14,3144.0,3144.0
2019-03-15,3140.0,3140.0
2019-03-18,3120.0,3120.0
2019-03-19,3081.699951171875,3081.699951171875
2019-03-20,3096.0,3096.0
2019-03-21,3087.300048828125,3087.300048828125
2019-03-22,3086.0,3086.0
2019-03-25,3038.89990234375,3038.89990234375
2019-03-26,3126.0,3126.0
2019-03-27,3153.699951171875,3153.699951171875
2019-03-28,3194.5,3194.5
2019-03-29,3189.5,3189.5
2019-04-01,3183.5,3183.5
2019-04-02,3143.199951171875,3143.199951171875
2019-04-03,3139.39990234375,3139.39990234375
2019-04-04,3121.0,3121.0
2019-04-05,3130.89990234375,3130.89990234375
2019-04-08,3122.0,3122.0
2019-04-09,3113.0,3113.0
2019-04-10,3113.0,3113.0
2019-04-11,3093.0,3093.0
2019-04-12,3058.0,3058.0
2019-04-15,3074.60009765625,3074.60009765625
2019-04-16,3135.800048828125,3135.800048828125
2019-04-17,3160.0,3160.0
2019-04-18,3164.699951171875,3164.699951171875
2019-04-19,3153.0,3153.0
2019-04-22,3146.0,3146.0
2019-04-23,3148.300048828125,3148.300048828125
2019-04-24,3178.300048828125,3178.300048828125
2019-04-25,3214.300048828125,3214.300048828125
2019-04-26,3233.0,3233.0
2019-04-29,3181.89990234375,3181.89990234375
2019-04-30,3249.300048828125,3249.300048828125
2019-05-01,3234.60009765625,3234.60009765625
2019-05-02,3228.699951171875,3228.699951171875
2019-05-03,3262.0,3262.0
2019-05-06,3240.199951171875,3240.199951171875
2019-05-07,3251.5,3251.5
2019-05-08,3288.60009765625,3288.60009765625
2019-05-09,3291.0,3291.0
2019-05-10,3274.0,3274.0
2019-05-13,3278.800048828125,3278.800048828125
2019-05-14,3301.0,3301.0
2019-05-15,3284.60009765625,3284.60009765625
2019-05-16,3286.300048828125,3286.300048828125
2019-05-17,3306.0,3306.0
2019-05-20,3320.0,3320.0
2019-05-21,3350.0,3350.0
2019-05-23,3300.89990234375,3300.89990234375
2019-05-24,3375.0,3375.0
2019-05-27,3327.300048828125,3327.300048828125
2019-05-28,3357.39990234375,3357.39990234375
2019-05-29,3321.800048828125,3321.800048828125
2019-05-30,3350.0,3350.0
2019-05-31,3362.0,3362.0
2019-06-03,3304.60009765625,3304.60009765625
2019-06-04,3372.0,3372.0
2019-06-05,3372.0,3372.0
2019-06-06,3303.0,3303.0
2019-06-07,3286.0,3286.0
2019-06-10,3266.0,3266.0
2019-06-11,3249.89990234375,3249.89990234375
2019-06-12,3254.0,3254.0
2019-06-13,3265.0,3265.0
2019-06-14,3266.0,3266.0
2019-06-17,3231.800048828125,3231.800048828125
2019-06-18,3287.300048828125,3287.300048828125
2019-06-19,3253.0,3253.0
2019-06-20,3248.199951171875,3248.199951171875
2019-06-21,3188.0,3188.0
2019-06-24,3184.800048828125,3184.800048828125
2019-06-25,3197.300048828125,3197.300048828125
2019-06-26,3188.0,3188.0
2019-06-27,3183.0,3183.0
2019-06-28,3196.39990234375,3196.39990234375
2019-07-01,3211.0,3211.0
2019-07-02,3208.0,3208.0
2019-07-03,3164.300048828125,3164.300048828125
2019-07-04,3208.800048828125,3208.800048828125
2019-07-05,3194.0,3194.0
2019-07-08,3207.0,3207.0
2019-07-09,3207.199951171875,3207.199951171875
2019-07-10,3216.0,3216.0
2019-07-11,3204.0,3204.0
2019-07-12,3207.199951171875,3207.199951171875
2019-07-15,3207.199951171875,3207.199951171875
2019-07-16,3188.0,3188.0
2019-07-17,3198.0,3198.0
2019-07-18,3183.0,3183.0
2019-07-19,3172.0,3172.0
2019-07-22,3133.699951171875,3133.699951171875
2019-07-23,3172.10009765625,3172.10009765625
2019-07-24,3184.60009765625,3184.60009765625
2019-07-25,3198.0,3198.0
2019-07-26,3198.0,3198.0
2019-07-29,3237.0,3237.0
2019-07-30,3271.300048828125,3271.300048828125
2019-07-31,3296.0,3296.0
2019-08-01,3289.800048828125,3289.800048828125
2019-08-02,3338.0,3338.0
2019-08-05,3382.0,3382.0
2019-08-06,3453.0,3453.0
2019-08-07,3425.0,3425.0
2019-08-08,3445.0,3445.0
2019-08-09,3366.0,3366.0
2019-08-12,3393.0,3393.0
2019-08-13,3427.89990234375,3427.89990234375
2019-08-14,3393.5,3393.5
2019-08-15,3446.199951171875,3446.199951171875
2019-08-16,3437.199951171875,3437.199951171875
2019-08-19,3439.5,3439.5
2019-08-20,3427.0,3427.0
2019-08-21,3419.199951171875,3419.199951171875
2019-08-22,3377.10009765625,3377.10009765625
2019-08-23,3374.0,3374.0
2019-08-26,3290.0,3290.0
2019-08-27,3431.0,3431.0
2019-08-28,3458.800048828125,3458.800048828125
2019-08-29,3473.0,3473.0
2019-08-30,3436.0,3436.0
2019-09-02,3439.0,3439.0
2019-09-03,3448.0,3448.0
2019-09-04,3437.0,3437.0
2019-09-05,3399.89990234375,3399.89990234375
2019-09-06,3374.60009765625,3374.60009765625
2019-09-09,3302.10009765625,3302.10009765625
2019-09-10,3303.0,3303.0
2019-09-11,3360.800048828125,3360.800048828125
2019-09-12,3374.0,3374.0
2019-09-13,3353.39990234375,3353.39990234375
2019-09-16,3355.10009765625,3355.10009765625
2019-09-17,3362.0,3362.0
2019-09-18,3377.800048828125,3377.800048828125
2019-09-19,3372.0,3372.0
2019-09-20,3376.39990234375,3376.39990234375
2019-09-23,3403.699951171875,3403.699951171875
2019-09-24,3434.0,3434.0
2019-09-25,3433.0,3433.0
2019-09-26,3431.0,3431.0
2019-09-27,3443.0,3443.0
2019-09-30,3400.699951171875,3400.699951171875
2019-10-01,3421.0,3421.0
2019-10-02,3423.800048828125,3423.800048828125
2019-10-03,3438.5,3438.5
2019-10-04,3444.0,3444.0
2019-10-07,3405.699951171875,3405.699951171875
2019-10-08,3439.0,3439.0
2019-10-09,3448.0,3448.0
2019-10-10,3464.0,3464.0
2019-10-11,3465.0,3465.0
2019-10-14,3414.771240234375,3414.771240234375
2019-10-15,3384.8232421875,3384.8232421875
2019-10-16,3450.0,3450.0
2019-10-17,3456.0,3456.0
2019-10-18,3456.0,3456.0
2019-10-21,3424.0,3424.0
2019-10-22,3447.0,3447.0
2019-10-23,3430.0,3430.0
2019-10-24,3389.0,3389.0
2019-10-25,3369.0,3369.0
2019-10-28,3394.0,3394.0
2019-10-29,3381.0,3381.0
2019-10-30,3373.0,3373.0
2019-10-31,3387.0,3387.0
2019-11-01,3374.0,3374.0
2019-11-04,3335.185791015625,3335.185791015625
2019-11-05,3320.0,3320.0
2019-11-06,3315.0,3315.0
2019-11-07,3308.0,3308.0
2019-11-08,3316.0,3316.0
2019-11-11,3336.0,3336.0
2019-11-12,3316.0,3316.0
2019-11-13,3335.0,3335.0
2019-11-14,3448.0,3448.0
2019-11-15,3450.0,3450.0
2019-11-18,3402.76708984375,3402.76708984375
2019-11-19,3447.0,3447.0
2019-11-20,3433.0,3433.0
2019-11-21,3442.0,3442.0
2019-11-22,3435.0,3435.0
2019-11-25,3424.0,3424.0
2019-11-26,3427.25,3427.25
2019-11-27,3473.75,3473.75
2019-11-28,3503.75,3503.75
2019-11-29,3510.860107421875,3510.860107421875
2019-12-02,3460.29052734375,3460.29052734375
2019-12-03,3502.25,3502.25
2019-12-04,3502.14990234375,3502.14990234375
2019-12-05,3468.75,3468.75
2019-12-06,3457.14990234375,3457.14990234375
2019-12-09,3422.75,3422.75
2019-12-10,3415.14990234375,3415.14990234375
2019-12-11,3404.75,3404.75
2019-12-12,3374.25,3374.25
2019-12-13,3371.25,3371.25
2019-12-16,3384.25,3384.25
2019-12-17,3352.35009765625,3352.35009765625
2019-12-18,3340.449951171875,3340.449951171875
2019-12-19,3323.760009765625,3323.760009765625
2019-12-20,3312.0,3312.0
2019-12-23,3315.0,3315.0
2019-12-24,3309.760009765625,3309.760009765625
2019-12-25,3296.25,3296.25
2019-12-26,3296.25,3296.25
2019-12-27,3287.5,3287.5
2019-12-30,3298.5,3298.5
2019-12-31,3283.010009765625,3283.010009765625
2020-01-01,3279.760009765625,3279.760009765625
2020-01-02,3279.760009765625,3279.760009765625
2020-01-03,3252.75,3252.75
2020-01-06,3256.89990234375,3256.89990234375
2020-01-07,3244.4599609375,3244.4599609375
2020-01-08,3274.25,3274.25
2020-01-09,3240.25,3240.25
2020-01-10,3255.14990234375,3255.14990234375
2020-01-13,3204.046875,3204.046875
2020-01-14,3269.0,3269.0
2020-01-15,3286.75,3286.75
2020-01-16,3298.39990234375,3298.39990234375
2020-01-17,3321.10009765625,3321.10009765625
2020-01-20,3330.760009765625,3330.760009765625
2020-01-21,3330.5,3330.5
2020-01-22,3354.35009765625,3354.35009765625
2020-01-23,3329.75,3329.75
2020-01-24,3359.570068359375,3359.570068359375
2020-01-27,3363.320068359375,3363.320068359375
2020-01-28,3398.25,3398.25
2020-01-29,3384.0,3384.0
2020-01-30,3385.800048828125,3385.800048828125
2020-01-31,3413.25,3413.25
2020-02-03,3418.320068359375,3418.320068359375
2020-02-04,3393.75,3393.75
2020-02-05,3392.6298828125,3392.6298828125
2020-02-06,3363.050048828125,3363.050048828125
2020-02-07,3378.699951171875,3378.699951171875
2020-02-10,3408.47998046875,3408.47998046875
2020-02-11,3454.75,3454.75
2020-02-12,3418.60009765625,3418.60009765625
2020-02-13,3386.25,3386.25
2020-02-14,3374.800048828125,3374.800048828125
2020-02-17,3388.0,3388.0
2020-02-18,3394.610107421875,3394.610107421875
2020-02-19,3287.0,3287.0
2020-02-20,3383.75,3383.75
2020-02-21,3402.64990234375,3402.64990234375
2020-02-24,3394.239990234375,3394.239990234375
2020-02-25,3428.4599609375,3428.4599609375
2020-02-26,3434.5,3434.5
2020-02-27,3456.25,3456.25
2020-02-28,3500.25,3500.25
2020-03-02,3498.56005859375,3498.56005859375
2020-03-03,3458.25,3458.25
2020-03-04,3460.25,3460.25
2020-03-05,3478.239990234375,3478.239990234375
2020-03-06,3540.25,3540.25
2020-03-09,3587.5,3587.5
2020-03-10,3803.25,3803.25
2020-03-11,3763.25,3763.25
2020-03-12,3743.3505859375,3743.3505859375
2020-03-13,4023.25,4023.25
2020-03-16,3975.239990234375,3975.239990234375
2020-03-17,4078.25,4078.25
2020-03-18,3996.75,3996.75
2020-03-19,4156.25,4156.25
2020-03-20,4087.0,4087.0
2020-03-23,4118.75,4118.75
2020-03-24,4174.75,4174.75
2020-03-25,4174.490234375,4174.490234375
2020-03-26,4064.260009765625,4064.260009765625
2020-03-27,3980.0,3980.0
2020-03-30,3893.483154296875,3893.483154296875
2020-03-31,4061.550048828125,4061.550048828125
2020-04-01,4057.25,4057.25
2020-04-02,4084.5,4084.5
2020-04-03,4038.260009765625,4038.260009765625
2020-04-06,4027.25,4027.25
2020-04-07,3979.25,3979.25
2020-04-08,3906.27001953125,3906.27001953125
2020-04-09,3897.25,3897.25
2020-04-10,3827.0,3827.0
2020-04-13,3825.25,3825.25
2020-04-14,3865.75,3865.75
2020-04-15,3847.260009765625,3847.260009765625
2020-04-16,3910.260009765625,3910.260009765625
2020-04-17,3972.760009765625,3972.760009765625
2020-04-20,3933.25,3933.25
2020-04-21,3974.85009765625,3974.85009765625
2020-04-22,4045.77001953125,4045.77001953125
2020-04-23,4026.0,4026.0
2020-04-24,4020.239990234375,4020.239990234375
2020-04-27,4039.75,4039.75
2020-04-28,4033.68994140625,4033.68994140625
2020-04-29,4033.2099609375,4033.2099609375
2020-04-30,3919.0,3919.0
2020-05-01,3952.75,3952.75
2020-05-04,3954.489990234375,3954.489990234375
2020-05-05,3986.909912109375,3986.909912109375
2020-05-06,3925.75,3925.75
2020-05-07,3961.52001953125,3961.52001953125
2020-05-08,3919.090087890625,3919.090087890625
2020-05-11,3894.75,3894.75
2020-05-12,3896.010009765625,3896.010009765625
2020-05-13,3883.0,3883.0
2020-05-14,3906.260009765625,3906.260009765625
2020-05-15,3940.260009765625,3940.260009765625
2020-05-18,3911.25,3911.25
2020-05-19,3851.25,3851.25
2020-05-20,3831.25,3831.25
2020-05-21,3815.389892578125,3815.389892578125
2020-05-22,3769.0400390625,3769.0400390625
2020-05-25,3773.280029296875,3773.280029296875
2020-05-26,3776.7099609375,3776.7099609375
2020-05-27,3729.75,3729.75
2020-05-28,3733.75,3733.75
2020-05-29,3698.260009765625,3698.260009765625
2020-06-01,3728.25,3728.25
2020-06-02,3710.0,3710.0
2020-06-03,3634.68994140625,3634.68994140625
2020-06-04,3605.25,3605.25
2020-06-05,3586.739990234375,3586.739990234375
2020-06-08,3571.449951171875,3571.449951171875
2020-06-09,3608.239990234375,3608.239990234375
2020-06-10,3655.75,3655.75
2020-06-11,3670.0,3670.0
2020-06-12,3768.0,3768.0
2020-06-15,3776.75,3776.75
2020-06-16,3773.0,3773.0
2020-06-17,3745.35009765625,3745.35009765625
2020-06-18,3746.0400390625,3746.0400390625
2020-06-19,3748.75,3748.75
2020-06-22,3746.25,3746.25
2020-06-23,3725.75,3725.75
2020-06-24,3699.75,3699.75
2020-06-25,3727.25,3727.25
2020-06-26,3730.25,3730.25
2020-06-29,3727.510009765625,3727.510009765625
2020-06-30,3743.75,3743.75
2020-07-01,3756.25,3756.25
2020-07-02,3713.75,3713.75
2020-07-03,3644.239990234375,3644.239990234375
2020-07-06,3648.300048828125,3648.300048828125
2020-07-07,3633.469970703125,3633.469970703125
2020-07-08,3624.35009765625,3624.35009765625
2020-07-09,3639.35009765625,3639.35009765625
2020-07-10,3621.699951171875,3621.699951171875
2020-07-13,3621.360107421875,3621.360107421875
2020-07-14,3615.739990234375,3615.739990234375
2020-07-15,3622.25,3622.25
2020-07-16,3622.10009765625,3622.10009765625
2020-07-17,3638.969970703125,3638.969970703125
2020-07-20,3651.35009765625,3651.35009765625
2020-07-21,3649.75,3649.75
2020-07-22,3613.25,3613.25
2020-07-23,3633.669921875,3633.669921875
2020-07-24,3666.949951171875,3666.949951171875
2020-07-27,3689.449951171875,3689.449951171875
2020-07-28,3673.75,3673.75
2020-07-29,3721.070068359375,3721.070068359375
2020-07-30,3704.14990234375,3704.14990234375
2020-07-31,3720.35009765625,3720.35009765625
2020-08-03,3731.580078125,3731.580078125
2020-08-04,3768.35009765625,3768.35009765625
2020-08-05,3780.25,3780.25
2020-08-06,3773.75,3773.75
2020-08-07,3740.75,3740.75
2020-08-10,3761.199951171875,3761.199951171875
2020-08-11,3770.320068359375,3770.320068359375
2020-08-12,3741.239990234375,3741.239990234375
2020-08-13,3754.25,3754.25
2020-08-14,3770.25,3770.25
2020-08-17,3787.8798828125,3787.8798828125
2020-08-18,3791.260009765625,3791.260009765625
2020-08-19,3781.75,3781.75
2020-08-20,3755.5,3755.5
2020-08-21,3802.25,3802.25
2020-08-24,3834.25,3834.25
2020-08-25,3854.75,3854.75
2020-08-26,3866.14990234375,3866.14990234375
2020-08-27,3833.800048828125,3833.800048828125
2020-08-28,3814.679931640625,3814.679931640625
2020-08-31,3743.75,3743.75
2020-09-01,3738.699951171875,3738.699951171875
2020-09-02,3674.10009765625,3674.10009765625
2020-09-03,3656.25,3656.25
2020-09-04,3668.10009765625,3668.10009765625
2020-09-07,3713.260009765625,3713.260009765625
2020-09-08,3713.25,3713.25
2020-09-09,3737.260009765625,3737.260009765625
2020-09-10,3712.159912109375,3712.159912109375
2020-09-11,3708.25,3708.25
2020-09-14,3703.760009765625,3703.760009765625
2020-09-15,3686.919921875,3686.919921875
2020-09-16,3698.360107421875,3698.360107421875
2020-09-17,3684.25,3684.25
2020-09-18,3713.3701171875,3713.3701171875
2020-09-21,3728.260009765625,3728.260009765625
2020-09-22,3787.0,3787.0
2020-09-23,3825.89990234375,3825.89990234375
2020-09-24,3824.27001953125,3824.27001953125
2020-09-25,3825.25,3825.25
2020-09-28,3885.25,3885.25
2020-09-29,3871.25,3871.25
2020-09-30,3885.199951171875,3885.199951171875
2020-10-01,3825.25,3825.25
2020-10-02,3843.75,3843.75
2020-10-05,3870.25,3870.25
2020-10-06,3827.840087890625,3827.840087890625
2020-10-07,3831.25,3831.25
2020-10-08,3842.449951171875,3842.449951171875
2020-10-09,3837.75,3837.75
2020-10-12,3826.25,3826.25
2020-10-13,3826.25,3826.25
2020-10-14,3860.25,3860.25
2020-10-15,3837.25,3837.25
2020-10-16,3848.5,3848.5
2020-10-19,3846.35009765625,3846.35009765625
2020-10-20,3843.0,3843.0
2020-10-21,3823.25,3823.25
2020-10-22,3764.75,3764.75
2020-10-23,3782.25,3782.25
2020-10-26,3787.75,3787.75
2020-10-27,3813.10009765625,3813.10009765625
2020-10-28,3807.85009765625,3807.85009765625
2020-10-29,3828.25,3828.25
2020-10-30,3859.5,3859.5
2020-11-02,3888.0,3888.0
2020-11-03,3867.60009765625,3867.60009765625
2020-11-04,3817.75,3817.75
2020-11-05,3814.070068359375,3814.070068359375
2020-11-06,3752.25,3752.25
2020-11-09,3721.25,3721.25
2020-11-10,3647.4599609375,3647.4599609375
2020-11-11,3647.0,3647.0
2020-11-12,3637.25,3637.25
2020-11-13,3642.300048828125,3642.300048828125
2020-11-16,3640.0,3640.0
2020-11-17,3642.64990234375,3642.64990234375
2020-11-18,3642.75,3642.75
2020-11-19,3641.75,3641.75
2020-11-20,3648.199951171875,3648.199951171875
2020-11-23,3631.199951171875,3631.199951171875
2020-11-24,3645.800048828125,3645.800048828125
2020-11-25,3634.25,3634.25
2020-11-26,3615.949951171875,3615.949951171875
2020-11-27,3615.949951171875,3615.949951171875
2020-11-30,3605.14990234375,3605.14990234375
2020-12-01,3594.5,3594.5
2020-12-02,3546.75,3546.75
2020-12-03,3520.27001953125,3520.27001953125
2020-12-04,3466.75,3466.75
2020-12-07,3464.0,3464.0
2020-12-08,3488.25,3488.25
2020-12-09,3488.75,3488.75
2020-12-10,3474.75,3474.75
2020-12-11,3418.699951171875,3418.699951171875
2020-12-14,3436.35009765625,3436.35009765625
2020-12-15,3426.25,3426.25
2020-12-16,3417.949951171875,3417.949951171875
2020-12-17,3418.860107421875,3418.860107421875
2020-12-18,3412.35009765625,3412.35009765625
2020-12-21,3417.75,3417.75
2020-12-22,3429.25,3429.25
2020-12-23,3463.25,3463.25
2020-12-24,3498.25,3498.25
2020-12-25,3503.25,3503.25
2020-12-28,3513.25,3513.25
2020-12-29,3498.25,3498.25
2020-12-30,3472.75,3472.75
2020-12-31,3420.25,3420.25
2021-01-01,3420.25,3420.25
2021-01-04,3420.25,3420.25
2021-01-05,3447.75,3447.75
2021-01-06,3442.25,3442.25
2021-01-07,3412.800048828125,3412.800048828125
2021-01-08,3488.239990234375,3488.239990234375
2021-01-11,3456.441650390625,3456.441650390625
2021-01-12,3499.25,3499.25
2021-01-13,3475.25,3475.25
2021-01-14,3475.5400390625,3475.5400390625
2021-01-15,3444.68994140625,3444.68994140625
2021-01-18,3417.6083984375,3417.6083984375
2021-01-19,3476.260009765625,3476.260009765625
2021-01-20,3489.909912109375,3489.909912109375
2021-01-21,3465.260009765625,3465.260009765625
2021-01-22,3480.0400390625,3480.0400390625
2021-01-25,3525.9599609375,3525.9599609375
2021-01-26,3586.260009765625,3586.260009765625
2021-01-27,3611.760009765625,3611.760009765625
2021-01-28,3604.260009765625,3604.260009765625
2021-01-29,3558.260009765625,3558.260009765625
2021-02-01,3567.260009765625,3567.260009765625
2021-02-02,3571.260009765625,3571.260009765625
2021-02-03,3527.0,3527.0
2021-02-04,3533.9599609375,3533.9599609375
2021-02-05,3556.43994140625,3556.43994140625
2021-02-08,3553.75,3553.75
2021-02-09,3569.25,3569.25
2021-02-10,3574.550048828125,3574.550048828125
2021-02-11,3557.75,3557.75
2021-02-12,3524.75,3524.75
2021-02-15,3494.75,3494.75
2021-02-16,3494.75,3494.75
2021-02-17,3525.080078125,3525.080078125
2021-02-18,3526.449951171875,3526.449951171875
2021-02-19,3545.580078125,3545.580078125
2021-02-22,3511.893310546875,3511.893310546875
2021-02-23,3591.75,3591.75
2021-02-24,3592.75,3592.75
2021-02-25,3563.25,3563.25
2021-02-26,3608.699951171875,3608.699951171875
2021-03-01,3645.25,3645.25
2021-03-02,3617.75,3617.75
2021-03-03,3654.75,3654.75
2021-03-04,3680.0,3680.0
2021-03-05,3643.14990234375,3643.14990234375
2021-03-08,3633.39990234375,3633.39990234375
2021-03-09,3602.949951171875,3602.949951171875
2021-03-10,3590.75,3590.75
2021-03-11,3551.0,3551.0
2021-03-12,3554.25,3554.25
2021-03-15,3503.31494140625,3503.31494140625
2021-03-16,3557.25,3557.25
2021-03-17,3557.75,3557.75
2021-03-18,3569.25,3569.25
2021-03-19,3545.0,3545.0
2021-03-22,3510.593017578125,3510.593017578125
2021-03-23,3557.64990234375,3557.64990234375
2021-03-24,3617.75,3617.75
2021-03-25,3647.64990234375,3647.64990234375
2021-03-26,3666.25,3666.25
2021-03-29,3688.139892578125,3688.139892578125
2021-03-30,3717.239990234375,3717.239990234375
2021-03-31,3728.25,3728.25
2021-04-01,3659.949951171875,3659.949951171875
2021-04-02,3659.949951171875,3659.949951171875
2021-04-05,3659.949951171875,3659.949951171875
2021-04-06,3672.25,3672.25
2021-04-07,3634.75,3634.75
2021-04-08,3652.840087890625,3652.840087890625
2021-04-09,3627.300048828125,3627.300048828125
2021-04-12,3657.75,3657.75
2021-04-13,3663.25,3663.25
2021-04-14,3667.0,3667.0
2021-04-15,3655.050048828125,3655.050048828125
2021-04-16,3610.25,3610.25
2021-04-19,3573.736572265625,3573.736572265625
2021-04-20,3625.25,3625.25
2021-04-21,3641.25,3641.25
2021-04-22,3612.25,3612.25
2021-04-23,3633.60009765625,3633.60009765625
2021-04-26,3626.75,3626.75
2021-04-27,3693.260009765625,3693.260009765625
2021-04-28,3716.0,3716.0
2021-04-29,3694.260009765625,3694.260009765625
2021-04-30,3713.360107421875,3713.360107421875
2021-05-03,3751.56005859375,3751.56005859375
2021-05-04,3803.199951171875,3803.199951171875
2021-05-05,3827.75,3827.75
2021-05-06,3849.260009765625,3849.260009765625
2021-05-07,3801.0,3801.0
2021-05-10,3748.260009765625,3748.260009765625
2021-05-11,3705.06005859375,3705.06005859375
2021-05-12,3710.260009765625,3710.260009765625
2021-05-13,3748.760009765625,3748.760009765625
2021-05-14,3719.360107421875,3719.360107421875
2021-05-17,3683.760009765625,3683.760009765625
2021-05-18,3683.760009765625,3683.760009765625
2021-05-19,3658.260009765625,3658.260009765625
2021-05-20,3683.199951171875,3683.199951171875
2021-05-21,3717.050048828125,3717.050048828125
2021-05-24,3745.25,3745.25
2021-05-25,3732.75,3732.75
2021-05-26,3737.75,3737.75
2021-05-27,3741.25,3741.25
2021-05-28,3719.9599609375,3719.9599609375
2021-05-31,3706.25,3706.25
2021-06-01,3706.25,3706.25
2021-06-02,3664.550048828125,3664.550048828125
2021-06-03,3651.75,3651.75
2021-06-04,3659.25,3659.25
2021-06-07,3605.75,3605.75
2021-06-08,3605.75,3605.75
2021-06-09,3592.85009765625,3592.85009765625
2021-06-10,3587.179931640625,3587.179931640625
2021-06-11,3602.489990234375,3602.489990234375
2021-06-14,3652.75,3652.75
2021-06-15,3652.75,3652.75
2021-06-16,3696.25,3696.25
2021-06-17,3672.25,3672.25
2021-06-18,3727.25,3727.25
2021-06-21,3767.25,3767.25
2021-06-22,3758.300048828125,3758.300048828125
2021-06-23,3780.35009765625,3780.35009765625
2021-06-24,3782.300048828125,3782.300048828125
2021-06-25,3764.5,3764.5
2021-06-28,3726.058349609375,3726.058349609375
2021-06-29,3701.25,3701.25
2021-06-30,3765.75,3765.75
2021-07-01,3748.25,3748.25
2021-07-02,3776.0,3776.0
2021-07-05,3740.25,3740.25
2021-07-06,3740.25,3740.25
2021-07-07,3777.75,3777.75
2021-07-08,3828.0,3828.0
2021-07-09,3839.25,3839.25
2021-07-12,3829.25,3829.25
2021-07-13,3820.35009765625,3820.35009765625
2021-07-14,3821.449951171875,3821.449951171875
2021-07-15,3792.27001953125,3792.27001953125
2021-07-16,3803.0,3803.0
2021-07-19,3815.85009765625,3815.85009765625
2021-07-20,3768.54833984375,3768.54833984375
2021-07-21,3833.75,3833.75
2021-07-22,3853.25,3853.25
2021-07-23,3868.449951171875,3868.449951171875
2021-07-26,3887.25,3887.25
2021-07-27,3909.0,3909.0
2021-07-28,3930.25,3930.25
2021-07-29,3871.75,3871.75
2021-07-30,3845.85009765625,3845.85009765625
2021-08-02,3876.25,3876.25
2021-08-03,3889.75,3889.75
2021-08-04,3908.0,3908.0
2021-08-05,3901.25,3901.25
2021-08-06,3916.25,3916.25
2021-08-09,3965.35009765625,3965.35009765625
2021-08-10,3995.60009765625,3995.60009765625
2021-08-11,3966.25,3966.25
2021-08-12,3940.449951171875,3940.449951171875
2021-08-13,3857.25,3857.25
2021-08-16,3840.449951171875,3840.449951171875
2021-08-17,3840.449951171875,3840.449951171875
2021-08-18,3878.25,3878.25
2021-08-19,3849.75,3849.75
2021-08-20,3868.64990234375,3868.64990234375
2021-08-23,3870.25,3870.25
2021-08-24,3880.199951171875,3880.199951171875
2021-08-25,3865.25,3865.25
2021-08-26,3863.75,3863.75
2021-08-27,3866.0,3866.0
2021-08-30,3827.260009765625,3827.260009765625
2021-08-31,3815.0,3815.0
2021-09-01,3767.39990234375,3767.39990234375
2021-09-02,3758.25,3758.25
2021-09-03,3793.25,3793.25
2021-09-06,3798.25,3798.25
2021-09-07,3757.743408203125,3757.743408203125
2021-09-08,3798.25,3798.25
2021-09-09,3815.800048828125,3815.800048828125
2021-09-10,3841.949951171875,3841.949951171875
2021-09-13,3833.25,3833.25
2021-09-14,3828.85009765625,3828.85009765625
2021-09-15,3828.739990234375,3828.739990234375
2021-09-16,3813.25,3813.25
2021-09-17,3815.419921875,3815.419921875
2021-09-20,3825.75,3825.75
2021-09-21,3842.25,3842.25
2021-09-22,3835.5,3835.5
2021-09-23,3831.919921875,3831.919921875
2021-09-24,3832.25,3832.25
2021-09-27,3834.9599609375,3834.9599609375
2021-09-28,3839.580078125,3839.580078125
2021-09-29,3835.580078125,3835.580078125
2021-09-30,3834.25,3834.25
2021-10-01,3808.6201171875,3808.6201171875
2021-10-04,3788.25,3788.25
2021-10-05,3788.25,3788.25
2021-10-06,3781.75,3781.75
2021-10-07,3785.580078125,3785.580078125
2021-10-08,3770.580078125,3770.580078125
2021-10-11,3765.14990234375,3765.14990234375
2021-10-12,3751.25,3751.25
2021-10-13,3724.580078125,3724.580078125
2021-10-14,3738.25,3738.25
2021-10-15,3761.580078125,3761.580078125
2021-10-18,3761.919921875,3761.919921875
2021-10-19,3767.25,3767.25
2021-10-20,3765.050048828125,3765.050048828125
2021-10-21,3766.340087890625,3766.340087890625
2021-10-22,3779.25,3779.25
2021-10-25,3766.25,3766.25
2021-10-26,3765.25,3765.25
2021-10-27,3769.75,3769.75
2021-10-28,3758.25,3758.25
2021-10-29,3777.75,3777.75
2021-11-01,3758.25,3758.25
2021-11-02,3758.25,3758.25
2021-11-03,3797.25,3797.25
2021-11-04,3830.35009765625,3830.35009765625
2021-11-05,3870.25,3870.25
2021-11-08,3870.75,3870.75
2021-11-09,3875.25,3875.25
2021-11-10,3865.239990234375,3865.239990234375
2021-11-11,3875.75,3875.75
2021-11-12,3877.25,3877.25
2021-11-15,3881.050048828125,3881.050048828125
2021-11-16,3883.050048828125,3883.050048828125
2021-11-17,3893.25,3893.25
2021-11-18,3917.25,3917.25
2021-11-19,3933.25,3933.25
2021-11-22,3912.25,3912.25
2021-11-23,3924.0,3924.0
2021-11-24,3948.25,3948.25
2021-11-25,3972.75,3972.75
2021-11-26,3979.25,3979.25
2021-11-29,4005.25,4005.25
2021-11-30,4033.25,4033.25
2021-12-01,3993.25,3993.25
2021-12-02,3964.81005859375,3964.81005859375
2021-12-03,3935.25,3935.25
2021-12-06,3890.587646484375,3890.587646484375
2021-12-07,3930.75,3930.75
2021-12-08,3909.22998046875,3909.22998046875
2021-12-09,3892.25,3892.25
2021-12-10,3857.367431640625,3857.367431640625
2021-12-13,3842.510009765625,3842.510009765625
2021-12-14,3884.75,3884.75
2021-12-15,3926.739990234375,3926.739990234375
2021-12-16,3998.550048828125,3998.550048828125
2021-12-17,4017.050048828125,4017.050048828125
2021-12-20,4002.313232421875,4002.313232421875
2021-12-21,4004.75,4004.75
2021-12-22,4000.14990234375,4000.14990234375
2021-12-23,3998.239990234375,3998.239990234375
2021-12-24,3996.580078125,3996.580078125
2021-12-27,3989.75,3989.75
2021-12-28,3995.080078125,3995.080078125
2021-12-29,4007.419921875,4007.419921875
2021-12-30,4036.1201171875,4036.1201171875
2021-12-31,4068.25,4068.25
2022-01-03,4063.580078125,4063.580078125
2022-01-04,4063.080078125,4063.080078125
2022-01-05,4078.550048828125,4078.550048828125
2022-01-06,4026.919921875,4026.919921875
2022-01-07,4030.919921875,4030.919921875
2022-01-10,3970.704833984375,3970.704833984375
2022-01-11,4048.2900390625,4048.2900390625
2022-01-12,3993.18994140625,3993.18994140625
2022-01-13,3977.419921875,3977.419921875
2022-01-14,3965.35009765625,3965.35009765625
2022-01-17,4005.25,4005.25
2022-01-18,4005.2099609375,4005.2099609375
2022-01-19,4035.550048828125,4035.550048828125
2022-01-20,3992.320068359375,3992.320068359375
2022-01-21,3973.75,3973.75
2022-01-24,3954.7099609375,3954.7099609375
2022-01-25,3974.080078125,3974.080078125
2022-01-26,3966.39990234375,3966.39990234375
2022-01-27,3928.25,3928.25
2022-01-28,3961.260009765625,3961.260009765625
2022-01-31,3912.49755859375,3912.49755859375
2022-02-01,3941.27001953125,3941.27001953125
2022-02-02,3922.090087890625,3922.090087890625
2022-02-03,3931.929931640625,3931.929931640625
2022-02-04,3952.8701171875,3952.8701171875
2022-02-07,3954.7900390625,3954.7900390625
2022-02-08,3963.489990234375,3963.489990234375
2022-02-09,3952.1298828125,3952.1298828125
2022-02-10,3933.39990234375,3933.39990234375
2022-02-11,3917.090087890625,3917.090087890625
2022-02-14,3895.65869140625,3895.65869140625
2022-02-15,3942.669921875,3942.669921875
2022-02-16,3948.580078125,3948.580078125
2022-02-17,3962.68994140625,3962.68994140625
2022-02-18,3942.75,3942.75
2022-02-21,3929.419921875,3929.419921875
2022-02-22,3932.199951171875,3932.199951171875
2022-02-23,3927.919921875,3927.919921875
2022-02-24,3911.090087890625,3911.090087890625
2022-02-25,3924.75,3924.75
2022-02-28,3853.7451171875,3853.7451171875
2022-03-01,3925.919921875,3925.919921875
2022-03-02,3880.919921875,3880.919921875
2022-03-03,3845.919921875,3845.919921875
2022-03-04,3757.699951171875,3757.699951171875
2022-03-07,3731.724609375,3731.724609375
2022-03-08,3808.75,3808.75
2022-03-09,3771.1201171875,3771.1201171875
2022-03-10,3739.75,3739.75
2022-03-11,3816.919921875,3816.919921875
2022-03-14,3817.590087890625,3817.590087890625
2022-03-15,3795.320068359375,3795.320068359375
2022-03-16,3830.919921875,3830.919921875
2022-03-17,3832.570068359375,3832.570068359375
2022-03-18,3817.919921875,3817.919921875
2022-03-21,3818.090087890625,3818.090087890625
2022-03-22,3803.75,3803.75
2022-03-23,3763.590087890625,3763.590087890625
2022-03-24,3768.919921875,3768.919921875
2022-03-25,3785.919921875,3785.919921875
2022-03-28,3792.909912109375,3792.909912109375
2022-03-29,3781.389892578125,3781.389892578125
2022-03-30,3760.02001953125,3760.02001953125
2022-03-31,3749.389892578125,3749.389892578125
2022-04-01,3764.090087890625,3764.090087890625
2022-04-04,3747.31005859375,3747.31005859375
2022-04-05,3702.75,3702.75
2022-04-06,3731.219970703125,3731.219970703125
2022-04-07,3745.919921875,3745.919921875
2022-04-08,3757.550048828125,3757.550048828125
2022-04-11,3755.260009765625,3755.260009765625
2022-04-12,3740.919921875,3740.919921875
2022-04-13,3748.469970703125,3748.469970703125
2022-04-14,3720.919921875,3720.919921875
2022-04-15,3737.25,3737.25
2022-04-18,3721.260009765625,3721.260009765625
2022-04-19,3730.25,3730.25
2022-04-20,3747.25,3747.25
2022-04-21,3756.85009765625,3756.85009765625
2022-04-22,3774.3701171875,3774.3701171875
2022-04-25,3854.260009765625,3854.260009765625
2022-04-26,3934.75,3934.75
2022-04-27,3941.5400390625,3941.5400390625
2022-04-28,3960.580078125,3960.580078125
2022-04-29,3971.550048828125,3971.550048828125
2022-05-02,3956.25,3956.25
2022-05-03,3999.570068359375,3999.570068359375
2022-05-04,4023.919921875,4023.919921875
2022-05-05,4067.419921875,4067.419921875
2022-05-06,4089.580078125,4089.580078125
2022-05-09,4056.0,4056.0
2022-05-10,4085.580078125,4085.580078125
2022-05-11,4080.25,4080.25
2022-05-12,4080.25,4080.25
2022-05-13,4108.740234375,4108.740234375
2022-05-16,4108.75,4108.75
2022-05-17,4055.25,4055.25
2022-05-18,4032.580078125,4032.580078125
2022-05-19,4067.219970703125,4067.219970703125
2022-05-20,4048.72998046875,4048.72998046875
2022-05-23,3970.25,3970.25
2022-05-24,3961.580078125,3961.580078125
2022-05-25,3976.300048828125,3976.300048828125
2022-05-26,3939.47998046875,3939.47998046875
2022-05-27,3923.75,3923.75
2022-05-30,3931.75,3931.75
2022-05-31,3930.159912109375,3930.159912109375
2022-06-01,3974.739990234375,3974.739990234375
2022-06-02,3858.419921875,3858.419921875
2022-06-03,3777.25,3777.25
2022-06-06,3779.610107421875,3779.610107421875
2022-06-07,3791.419921875,3791.419921875
2022-06-08,3788.080078125,3788.080078125
2022-06-09,3796.89990234375,3796.89990234375
2022-06-10,3848.02001953125,3848.02001953125
2022-06-13,3942.64990234375,3942.64990234375
2022-06-14,3989.580078125,3989.580078125
2022-06-15,3964.85009765625,3964.85009765625
2022-06-16,3904.97998046875,3904.97998046875
2022-06-17,3896.760009765625,3896.760009765625
2022-06-20,3903.239990234375,3903.239990234375
2022-06-21,3904.0400390625,3904.0400390625
2022-06-22,3981.25,3981.25
2022-06-23,4016.75,4016.75
2022-06-24,4078.590087890625,4078.590087890625
2022-06-27,4138.75,4138.75
2022-06-28,4131.080078125,4131.080078125
2022-06-29,4106.81005859375,4106.81005859375
2022-06-30,4107.52001953125,4107.52001953125
2022-07-01,4149.6201171875,4149.6201171875
2022-07-04,4203.2998046875,4203.2998046875
2022-07-05,4203.2998046875,4203.2998046875
2022-07-06,4253.009765625,4253.009765625
2022-07-07,4327.5400390625,4327.5400390625
2022-07-08,4379.22998046875,4379.22998046875
2022-07-11,4418.75,4418.75
2022-07-12,4577.1298828125,4577.1298828125
2022-07-13,4606.91015625,4606.91015625
2022-07-14,4533.16015625,4533.16015625
2022-07-15,4490.25,4490.25
2022-07-18,4357.25,4357.25
2022-07-19,4321.52978515625,4321.52978515625
2022-07-20,4315.39990234375,4315.39990234375
2022-07-21,4354.25,4354.25
2022-07-22,4400.64013671875,4400.64013671875
2022-07-25,4463.25,4463.25
2022-07-26,4466.0498046875,4466.0498046875
2022-07-27,4449.85986328125,4449.85986328125
2022-07-28,4427.89013671875,4427.89013671875
2022-07-29,4373.580078125,4373.580078125
2022-08-01,4285.25,4285.25
2022-08-02,4257.580078125,4257.580078125
2022-08-03,4305.7099609375,4305.7099609375
2022-08-04,4311.31982421875,4311.31982421875
2022-08-05,4304.25,4304.25
2022-08-08,4343.35009765625,4343.35009765625
2022-08-09,4310.490234375,4310.490234375
2022-08-10,4335.25,4335.25
2022-08-11,4270.58984375,4270.58984375
2022-08-12,4231.25,4231.25
2022-08-15,4160.259765625,4160.259765625
2022-08-16,4159.919921875,4159.919921875
2022-08-17,4237.580078125,4237.580078125
2022-08-18,4342.7998046875,4342.7998046875
2022-08-19,4394.919921875,4394.919921875
2022-08-22,4375.25,4375.25
2022-08-23,4398.56982421875,4398.56982421875
2022-08-24,4362.419921875,4362.419921875
2022-08-25,4390.580078125,4390.580078125
2022-08-26,4392.18017578125,4392.18017578125
2022-08-29,4399.35986328125,4399.35986328125
2022-08-30,4375.580078125,4375.580078125
2022-08-31,4411.919921875,4411.919921875
2022-09-01,4419.919921875,4419.919921875
2022-09-02,4478.75,4478.75
2022-09-05,4484.75,4484.75
2022-09-06,4461.580078125,4461.580078125
2022-09-07,4600.0,4600.0
2022-09-08,4398.5498046875,4398.5498046875
2022-09-09,4396.0,4396.0
2022-09-12,4351.25,4351.25
2022-09-13,4359.5,4359.5
2022-09-14,4410.75,4410.75
2022-09-15,4390.75,4390.75
2022-09-16,4416.33984375,4416.33984375
2022-09-19,4433.4501953125,4433.4501953125
2022-09-20,4405.25,4405.25
2022-09-21,4424.5,4424.5
2022-09-22,4406.25,4406.25
2022-09-23,4363.35009765625,4363.35009765625
2022-09-26,4436.759765625,4436.759765625
2022-09-27,4539.85986328125,4539.85986328125
2022-09-28,4552.259765625,4552.259765625
2022-09-29,4488.259765625,4488.259765625
2022-09-30,4526.9501953125,4526.9501953125
2022-10-03,4608.259765625,4608.259765625
2022-10-04,4528.27001953125,4528.27001953125
2022-10-05,4494.759765625,4494.759765625
2022-10-06,4462.15283203125,4462.15283203125
2022-10-07,4611.759765625,4611.759765625
2022-10-10,4618.259765625,4618.259765625
2022-10-11,4604.27978515625,4604.27978515625
2022-10-12,4605.509765625,4605.509765625
2022-10-13,4606.16015625,4606.16015625
2022-10-14,4573.9599609375,4573.9599609375
2022-10-17,4696.259765625,4696.259765625
2022-10-18,4733.259765625,4733.259765625
2022-10-19,4760.35986328125,4760.35986328125
2022-10-20,4838.259765625,4838.259765625
2022-10-21,4902.25,4902.25
2022-10-24,4916.35009765625,4916.35009765625
2022-10-25,4988.25,4988.25
2022-10-26,4973.4501953125,4973.4501953125
2022-10-27,4882.31982421875,4882.31982421875
2022-10-28,4798.259765625,4798.259765625
2022-10-31,4833.259765625,4833.259765625
2022-11-01,4937.0,4937.0
2022-11-02,5002.25,5002.25
2022-11-03,5001.27978515625,5001.27978515625
2022-11-04,5067.10986328125,5067.10986328125
2022-11-07,4959.29443359375,4959.29443359375
2022-11-08,5106.0,5106.0
2022-11-09,4972.25,4972.25
2022-11-10,4894.81005859375,4894.81005859375
2022-11-11,4801.169921875,4801.169921875
2022-11-14,4716.70263671875,4716.70263671875
2022-11-15,4803.56005859375,4803.56005859375
2022-11-16,4843.93017578125,4843.93017578125
2022-11-17,4938.81005859375,4938.81005859375
2022-11-18,4999.169921875,4999.169921875
2022-11-21,4987.080078125,4987.080078125
2022-11-22,4946.25,4946.25
2022-11-23,4905.009765625,4905.009765625
2022-11-24,4881.60986328125,4881.60986328125
2022-11-25,4899.81005859375,4899.81005859375
2022-11-28,4863.81982421875,4863.81982421875
2022-11-29,4833.33984375,4833.33984375
2022-11-30,4809.33984375,4809.33984375
2022-12-01,4828.2998046875,4828.2998046875
2022-12-02,4785.580078125,4785.580078125
2022-12-05,4771.85009765625,4771.85009765625
2022-12-06,4823.3701171875,4823.3701171875
2022-12-07,4831.009765625,4831.009765625
2022-12-08,4820.22998046875,4820.22998046875
2022-12-09,4820.580078125,4820.580078125
2022-12-12,4778.45751953125,4778.45751953125
2022-12-13,4844.1298828125,4844.1298828125
2022-12-14,4762.580078125,4762.580078125
2022-12-15,4776.580078125,4776.580078125
2022-12-16,4790.919921875,4790.919921875
2022-12-19,4762.96044921875,4762.96044921875
2022-12-20,4774.25,4774.25
2022-12-21,4763.9599609375,4763.9599609375
2022-12-22,4762.97021484375,4762.97021484375
2022-12-23,4757.25,4757.25
2022-12-26,4730.2998046875,4730.2998046875
2022-12-27,4727.580078125,4727.580078125
2022-12-28,4761.25,4761.25
2022-12-29,4771.740234375,4771.740234375
2022-12-30,4848.1298828125,4848.1298828125
2023-01-02,4846.919921875,4846.919921875
2023-01-03,4846.25,4846.25
2023-01-04,4860.259765625,4860.259765625
2023-01-05,4928.8798828125,4928.8798828125
2023-01-06,4963.43017578125,4963.43017578125
2023-01-09,4858.25,4858.25
2023-01-10,4848.7900390625,4848.7900390625
2023-01-11,4783.75,4783.75
2023-01-12,4730.75,4730.75
2023-01-13,4695.009765625,4695.009765625
2023-01-16,4624.69482421875,4624.69482421875
2023-01-17,4688.1298828125,4688.1298828125
2023-01-18,4719.4501953125,4719.4501953125
2023-01-19,4701.72998046875,4701.72998046875
2023-01-20,4667.4501953125,4667.4501953125
2023-01-23,4646.830078125,4646.830078125
2023-01-24,4544.75,4544.75
2023-01-25,4515.1298828125,4515.1298828125
2023-01-26,4544.2001953125,4544.2001953125
2023-01-27,4519.10009765625,4519.10009765625
2023-01-30,4483.9287109375,4483.9287109375
2023-01-31,4600.43017578125,4600.43017578125
2023-02-01,4658.490234375,4658.490234375
2023-02-02,4605.27978515625,4605.27978515625
2023-02-03,4585.25,4585.25
2023-02-06,4583.46044921875,4583.46044921875
2023-02-07,4739.31982421875,4739.31982421875
2023-02-08,4745.77978515625,4745.77978515625
2023-02-09,4768.52978515625,4768.52978515625
2023-02-10,4749.1298828125,4749.1298828125
2023-02-13,4696.2861328125,4696.2861328125
2023-02-14,4813.0498046875,4813.0498046875
2023-02-15,4772.0,4772.0
2023-02-16,4822.18994140625,4822.18994140625
2023-02-17,4923.2998046875,4923.2998046875
2023-02-20,4852.51708984375,4852.51708984375
2023-02-21,4909.580078125,4909.580078125
2023-02-22,4967.5,4967.5
2023-02-23,4894.43017578125,4894.43017578125
2023-02-24,4875.02001953125,4875.02001953125
2023-02-27,4808.08642578125,4808.08642578125
2023-02-28,4777.259765625,4777.259765625
2023-03-01,4808.0,4808.0
2023-03-02,4846.52978515625,4846.52978515625
2023-03-03,4818.080078125,4818.080078125
2023-03-06,4786.8798828125,4786.8798828125
2023-03-07,4730.259765625,4730.259765625
2023-03-08,4759.25,4759.25
2023-03-09,4749.18994140625,4749.18994140625
2023-03-10,4745.759765625,4745.759765625
2023-03-13,4675.8447265625,4675.8447265625
2023-03-14,4763.75,4763.75
2023-03-15,4742.85009765625,4742.85009765625
2023-03-16,4847.0,4847.0
2023-03-17,4849.25,4849.25
2023-03-20,4718.333984375,4718.333984375
2023-03-21,4815.22998046875,4815.22998046875
2023-03-22,4811.68017578125,4811.68017578125
2023-03-23,4771.25,4771.25
2023-03-24,4754.75,4754.75
2023-03-27,4752.6201171875,4752.6201171875
2023-03-28,4675.25,4675.25
2023-03-29,4658.52978515625,4658.52978515625
2023-03-30,4634.25,4634.25
2023-03-31,4643.25,4643.25
2023-04-03,4661.509765625,4661.509765625
2023-04-04,4604.68994140625,4604.68994140625
2023-04-05,4589.64990234375,4589.64990234375
2023-04-06,4583.25,4583.25
2023-04-07,4575.35986328125,4575.35986328125
2023-04-10,4569.22021484375,4569.22021484375
2023-04-11,4557.5,4557.5
2023-04-12,4510.56982421875,4510.56982421875
2023-04-13,4449.25,4449.25
2023-04-14,4417.97998046875,4417.97998046875
2023-04-17,4412.52978515625,4412.52978515625
2023-04-18,4426.75,4426.75
2023-04-19,4487.3798828125,4487.3798828125
2023-04-20,4532.25,4532.25
2023-04-21,4525.14990234375,4525.14990234375
2023-04-24,4513.93994140625,4513.93994140625
2023-04-25,4474.25,4474.25
2023-04-26,4494.56982421875,4494.56982421875
2023-04-27,4639.25,4639.25
2023-04-28,4654.75,4654.75
2023-05-01,4694.93994140625,4694.93994140625
2023-05-02,4706.5,4706.5
2023-05-03,4708.72998046875,4708.72998046875
2023-05-04,4650.0,4650.0
2023-05-05,4603.9501953125,4603.9501953125
2023-05-08,4525.2998046875,4525.2998046875
2023-05-09,4504.75,4504.75
2023-05-10,4559.25,4559.25
2023-05-11,4548.0,4548.0
2023-05-12,4594.5,4594.5
2023-05-15,4557.02978515625,4557.02978515625
2023-05-16,4513.25,4513.25
2023-05-17,4535.14990234375,4535.14990234375
2023-05-18,4515.56982421875,4515.56982421875
2023-05-19,4525.25,4525.25
2023-05-22,4540.25,4540.25
2023-05-23,4526.68994140625,4526.68994140625
2023-05-24,4479.75,4479.75
2023-05-25,4443.25,4443.25
2023-05-26,4490.25,4490.25
2023-05-29,4468.490234375,4468.490234375
2023-05-30,4436.27978515625,4436.27978515625
2023-05-31,4391.25,4391.25
2023-06-01,4443.25,4443.25
2023-06-02,4389.25,4389.25
2023-06-05,4349.25,4349.25
2023-06-06,4294.25,4294.25
2023-06-07,4218.75,4218.75
2023-06-08,4216.25,4216.25
2023-06-09,4187.25,4187.25
2023-06-12,4178.25,4178.25
2023-06-13,4173.25,4173.25
2023-06-14,4180.25,4180.25
2023-06-15,4175.75,4175.75
2023-06-16,4146.25,4146.25
2023-06-19,4096.6669921875,4096.6669921875
2023-06-20,4166.25,4166.25
2023-06-21,4148.10009765625,4148.10009765625
2023-06-22,4152.5,4152.5
2023-06-23,4115.25,4115.25
2023-06-26,4187.25,4187.25
2023-06-27,4162.18017578125,4162.18017578125
2023-06-28,4164.75,4164.75
2023-06-29,4149.7001953125,4149.7001953125
2023-06-30,4167.85009765625,4167.85009765625
2023-07-03,4173.25,4173.25
2023-07-04,4171.25,4171.25
2023-07-05,4156.22998046875,4156.22998046875
2023-07-06,4127.93017578125,4127.93017578125
2023-07-07,4178.25,4178.25
2023-07-10,4173.60986328125,4173.60986328125
2023-07-11,4158.25,4158.25
2023-07-12,4186.75,4186.75
2023-07-13,4137.64013671875,4137.64013671875
2023-07-14,4097.25,4097.25
2023-07-17,4057.25,4057.25
2023-07-18,4013.25,4013.25
2023-07-19,4003.530029296875,4003.530029296875
2023-07-20,3974.25,3974.25
2023-07-21,3977.25,3977.25
2023-07-24,3971.56005859375,3971.56005859375
2023-07-25,3948.6298828125,3948.6298828125
2023-07-26,3973.0,3973.0
2023-07-27,3947.43994140625,3947.43994140625
2023-07-28,3954.25,3954.25
2023-07-31,3926.2900390625,3926.2900390625
2023-08-01,3906.02001953125,3906.02001953125
2023-08-02,3968.780029296875,3968.780029296875
2023-08-03,4041.530029296875,4041.530029296875
2023-08-04,4115.56005859375,4115.56005859375
2023-08-07,4088.77001953125,4088.77001953125
2023-08-08,4027.10009765625,4027.10009765625
2023-08-09,4049.469970703125,4049.469970703125
2023-08-10,4051.719970703125,4051.719970703125
2023-08-11,3987.02001953125,3987.02001953125
2023-08-14,3963.110107421875,3963.110107421875
2023-08-15,4038.25,4038.25
2023-08-16,4094.699951171875,4094.699951171875
2023-08-17,4122.5,4122.5
2023-08-18,4096.0,4096.0
2023-08-21,4116.89013671875,4116.89013671875
2023-08-22,4061.31005859375,4061.31005859375
2023-08-23,4111.25,4111.25
2023-08-24,4092.199951171875,4092.199951171875
2023-08-25,4080.25,4080.25
2023-08-28,4120.35009765625,4120.35009765625
2023-08-29,4121.93017578125,4121.93017578125
2023-08-30,4108.39990234375,4108.39990234375
2023-08-31,4096.77978515625,4096.77978515625
2023-09-01,4086.800048828125,4086.800048828125
2023-09-04,4061.449951171875,4061.449951171875
2023-09-05,4054.330078125,4054.330078125
2023-09-06,4084.75,4084.75
2023-09-07,4064.449951171875,4064.449951171875
2023-09-08,4027.030029296875,4027.030029296875
2023-09-11,4015.080078125,4015.080078125
2023-09-12,3985.75,3985.75
2023-09-13,3982.580078125,3982.580078125
2023-09-14,3959.75,3959.75
2023-09-15,3917.5,3917.5
2023-09-18,3928.25,3928.25
2023-09-19,3895.449951171875,3895.449951171875
2023-09-20,3921.75,3921.75
2023-09-21,3906.25,3906.25
2023-09-22,3941.75,3941.75
2023-09-25,3984.2900390625,3984.2900390625
2023-09-26,4018.830078125,4018.830078125
2023-09-27,4066.25,4066.25
2023-09-28,4102.5498046875,4102.5498046875
2023-09-29,4071.25,4071.25
2023-10-02,4075.919921875,4075.919921875
2023-10-03,4160.25,4160.25
2023-10-04,4215.75,4215.75
2023-10-05,4285.25,4285.25
2023-10-06,4347.25,4347.25
2023-10-09,4324.75,4324.75
2023-10-10,4315.25,4315.25
2023-10-11,4229.0400390625,4229.0400390625
2023-10-12,4215.25,4215.25
2023-10-13,4266.25,4266.25
2023-10-16,4235.25,4235.25
2023-10-17,4239.25,4239.25
2023-10-18,4196.72998046875,4196.72998046875
2023-10-19,4248.25,4248.25
2023-10-20,4257.75,4257.75
2023-10-23,4234.25,4234.25
2023-10-24,4211.7998046875,4211.7998046875
2023-10-25,4213.759765625,4213.759765625
2023-10-26,4185.25,4185.25
2023-10-27,4137.0,4137.0
2023-10-30,4082.3291015625,4082.3291015625
2023-10-31,4060.0,4060.0
2023-11-01,4112.75,4112.75
2023-11-02,4100.75,4100.75
2023-11-03,4046.919921875,4046.919921875
2023-11-06,3942.89697265625,3942.89697265625
2023-11-07,3977.25,3977.25
2023-11-08,4010.580078125,4010.580078125
2023-11-09,4088.5,4088.5
2023-11-10,4052.25,4052.25
2023-11-13,3981.98876953125,3981.98876953125
2023-11-14,4023.25,4023.25
2023-11-15,3960.25,3960.25
2023-11-16,4029.0,4029.0
2023-11-17,4085.699951171875,4085.699951171875
2023-11-20,4021.15478515625,4021.15478515625
2023-11-21,4046.679931640625,4046.679931640625
2023-11-22,4071.280029296875,4071.280029296875
2023-11-23,4066.06005859375,4066.06005859375
2023-11-24,4064.760009765625,4064.760009765625
2023-11-27,4008.7666015625,4008.7666015625
2023-11-28,4008.75,4008.75
2023-11-29,3953.429931640625,3953.429931640625
2023-11-30,3988.85009765625,3988.85009765625
2023-12-01,4014.580078125,4014.580078125
2023-12-04,3973.131591796875,3973.131591796875
2023-12-05,4018.75,4018.75
2023-12-06,4010.5,4010.5
2023-12-07,4000.10009765625,4000.10009765625
2023-12-08,3997.72998046875,3997.72998046875
2023-12-11,3948.1640625,3948.1640625
2023-12-12,3966.25,3966.25
2023-12-13,3987.139892578125,3987.139892578125
2023-12-14,3968.25,3968.25
2023-12-15,3964.5,3964.5
2023-12-18,3946.10205078125,3946.10205078125
2023-12-19,3932.75,3932.75
2023-12-20,3941.25,3941.25
2023-12-21,3939.8798828125,3939.8798828125
2023-12-22,3944.75,3944.75
2023-12-25,3904.773193359375,3904.773193359375
2023-12-26,3951.080078125,3951.080078125
2023-12-27,3858.0,3858.0
2023-12-28,3832.75,3832.75
2023-12-29,3879.75,3879.75
2024-01-01,3836.099609375,3836.099609375
2024-01-02,3883.090087890625,3883.090087890625
2024-01-03,3887.47998046875,3887.47998046875
2024-01-04,3896.75,3896.75
2024-01-05,3927.1298828125,3927.1298828125
2024-01-08,3874.189208984375,3874.189208984375
2024-01-09,3882.75,3882.75
2024-01-10,3938.25,3938.25
2024-01-11,3934.75,3934.75
2024-01-12,3916.72998046875,3916.72998046875
2024-01-15,3867.40234375,3867.40234375
2024-01-16,3909.47998046875,3909.47998046875
2024-01-17,3948.60009765625,3948.60009765625
2024-01-18,3956.429931640625,3956.429931640625
2024-01-19,3919.389892578125,3919.389892578125
2024-01-22,3869.931640625,3869.931640625
2024-01-23,3900.60009765625,3900.60009765625
2024-01-24,3955.9599609375,3955.9599609375
2024-01-25,3913.97998046875,3913.97998046875
2024-01-26,3937.5,3937.5
2024-01-29,3893.13818359375,3893.13818359375
2024-01-30,3926.72998046875,3926.72998046875
2024-01-31,3919.260009765625,3919.260009765625
2024-02-01,3915.280029296875,3915.280029296875
2024-02-02,3884.60009765625,3884.60009765625
2024-02-05,3877.0126953125,3877.0126953125
2024-02-06,3962.610107421875,3962.610107421875
2024-02-07,3950.090087890625,3950.090087890625
2024-02-08,3953.4599609375,3953.4599609375
2024-02-09,3945.0,3945.0
2024-02-12,3892.5009765625,3892.5009765625
2024-02-13,3911.919921875,3911.919921875
2024-02-14,3923.320068359375,3923.320068359375
2024-02-15,3913.2099609375,3913.2099609375
2024-02-16,3907.3798828125,3907.3798828125
2024-02-19,3863.140869140625,3863.140869140625
2024-02-20,3916.35009765625,3916.35009765625
2024-02-21,3916.889892578125,3916.889892578125
2024-02-22,3923.449951171875,3923.449951171875
2024-02-23,3926.8798828125,3926.8798828125
2024-02-26,3879.02001953125,3879.02001953125
2024-02-27,3959.7099609375,3959.7099609375
2024-02-28,3929.9599609375,3929.9599609375
2024-02-29,3923.18994140625,3923.18994140625
2024-03-01,3926.1298828125,3926.1298828125
2024-03-04,3867.059814453125,3867.059814453125
2024-03-05,3943.610107421875,3943.610107421875
2024-03-06,3942.97998046875,3942.97998046875
2024-03-07,3921.929931640625,3921.929931640625
2024-03-08,3914.010009765625,3914.010009765625
2024-03-11,3865.880859375,3865.880859375
2024-03-12,3907.25,3907.25
2024-03-13,3901.1201171875,3901.1201171875
2024-03-14,3901.25,3901.25
2024-03-15,3895.199951171875,3895.199951171875
2024-03-18,3848.223388671875,3848.223388671875
2024-03-19,3887.8798828125,3887.8798828125
2024-03-20,3873.929931640625,3873.929931640625
2024-03-21,3878.860107421875,3878.860107421875
2024-03-22,3887.85009765625,3887.85009765625
2024-03-25,3838.925048828125,3838.925048828125
2024-03-26,3946.1201171875,3946.1201171875
2024-03-27,3855.5,3855.5
2024-03-28,3846.3798828125,3846.3798828125
2024-03-29,3857.25,3857.25
2024-04-01,3859.449951171875,3859.449951171875
2024-04-02,3861.06005859375,3861.06005859375
2024-04-03,3830.25,3830.25
2024-04-04,3811.610107421875,3811.610107421875
2024-04-05,3768.25,3768.25
2024-04-08,3773.340087890625,3773.340087890625
2024-04-09,3771.35009765625,3771.35009765625
2024-04-10,3765.25,3765.25
2024-04-11,3802.25,3802.25
2024-04-12,3822.25,3822.25
2024-04-15,3813.10009765625,3813.10009765625
2024-04-16,3884.25,3884.25
2024-04-17,3921.5,3921.5
2024-04-18,3890.39990234375,3890.39990234375
2024-04-19,3926.64990234375,3926.64990234375
2024-04-22,3912.6201171875,3912.6201171875
2024-04-23,3909.85009765625,3909.85009765625
2024-04-24,3903.199951171875,3903.199951171875
2024-04-25,3937.5,3937.5
2024-04-26,3956.010009765625,3956.010009765625
2024-04-29,3963.489990234375,3963.489990234375
2024-04-30,3907.260009765625,3907.260009765625
2024-05-01,3907.75,3907.75
2024-05-02,3912.25,3912.25
2024-05-03,3895.75,3895.75
2024-05-06,3886.2900390625,3886.2900390625
2024-05-07,3892.75,3892.75
2024-05-08,3887.25,3887.25
2024-05-09,3896.25,3896.25
2024-05-10,3888.760009765625,3888.760009765625
2024-05-13,3889.110107421875,3889.110107421875
2024-05-14,3886.949951171875,3886.949951171875
2024-05-15,3851.75,3851.75
2024-05-16,3822.31005859375,3822.31005859375
2024-05-17,3826.3798828125,3826.3798828125
2024-05-20,3805.419921875,3805.419921875
2024-05-21,3824.919921875,3824.919921875
2024-05-22,3821.06005859375,3821.06005859375
2024-05-23,3827.89990234375,3827.89990234375
2024-05-24,3864.39990234375,3864.39990234375
2024-05-27,3862.989990234375,3862.989990234375
2024-05-28,3868.239990234375,3868.239990234375
2024-05-29,3858.389892578125,3858.389892578125
2024-05-30,3867.5,3867.5
2024-05-31,3864.75,3864.75
2024-06-03,3855.89990234375,3855.89990234375
2024-06-04,3856.239990234375,3856.239990234375
2024-06-05,3924.760009765625,3924.760009765625
2024-06-06,3930.0,3930.0
2024-06-07,3939.75,3939.75
2024-06-10,3965.89990234375,3965.89990234375
2024-06-11,3963.340087890625,3963.340087890625
2024-06-12,3988.85009765625,3988.85009765625
2024-06-13,4025.0,4025.0
2024-06-14,4143.75,4143.75
2024-06-17,4136.81982421875,4136.81982421875
2024-06-18,4131.5,4131.5
2024-06-19,4146.25,4146.25
2024-06-20,4160.75,4160.75
2024-06-21,4162.7001953125,4162.7001953125
2024-06-24,4161.56005859375,4161.56005859375
2024-06-25,4086.75,4086.75
2024-06-26,4088.72998046875,4088.72998046875
2024-06-27,4144.75,4144.75
2024-06-28,4173.8798828125,4173.8798828125
2024-07-01,4176.7998046875,4176.7998046875
2024-07-02,4132.25,4132.25
2024-07-03,4117.9501953125,4117.9501953125
2024-07-04,4102.25,4102.25
2024-07-05,4091.0,4091.0
2024-07-08,4094.68994140625,4094.68994140625
2024-07-09,4064.75,4064.75
2024-07-10,4046.39990234375,4046.39990234375
2024-07-11,3968.77001953125,3968.77001953125
2024-07-12,3972.830078125,3972.830078125
2024-07-15,3961.89990234375,3961.89990234375
2024-07-16,3935.199951171875,3935.199951171875
2024-07-17,3975.360107421875,3975.360107421875
2024-07-18,3998.5,3998.5
2024-07-19,4021.409912109375,4021.409912109375
2024-07-22,4046.719970703125,4046.719970703125
2024-07-23,3992.25,3992.25
2024-07-24,4014.75,4014.75
2024-07-25,4043.050048828125,4043.050048828125
2024-07-26,4029.75,4029.75
2024-07-29,4021.06005859375,4021.06005859375
2024-07-30,4064.64990234375,4064.64990234375
2024-07-31,4082.25,4082.25
2024-08-01,4051.75,4051.75
2024-08-02,4084.89990234375,4084.89990234375
2024-08-05,4050.260009765625,4050.260009765625
2024-08-06,4163.06982421875,4163.06982421875
2024-08-07,4138.0,4138.0
2024-08-08,4134.89013671875,4134.89013671875
2024-08-09,4079.75,4079.75
2024-08-12,4069.25,4069.25
2024-08-13,4051.550048828125,4051.550048828125
2024-08-14,4035.219970703125,4035.219970703125
2024-08-15,4014.75,4014.75
2024-08-16,4007.35009765625,4007.35009765625
2024-08-19,4032.239990234375,4032.239990234375
2024-08-20,4027.25,4027.25
2024-08-21,4007.25,4007.25
2024-08-22,4025.25,4025.25
2024-08-23,4067.75,4067.75
2024-08-26,4022.25,4022.25
2024-08-27,4025.949951171875,4025.949951171875
2024-08-28,4040.090087890625,4040.090087890625
2024-08-29,4083.25,4083.25
2024-08-30,4125.1298828125,4125.1298828125
2024-09-02,4125.7900390625,4125.7900390625
2024-09-03,4145.509765625,4145.509765625
2024-09-04,4180.0498046875,4180.0498046875
2024-09-05,4182.25,4182.25
2024-09-06,4163.330078125,4163.330078125
2024-09-09,4172.830078125,4172.830078125
2024-09-10,4208.25,4208.25
2024-09-11,4283.6298828125,4283.6298828125
2024-09-12,4268.22998046875,4268.22998046875
2024-09-13,4209.25,4209.25
2024-09-16,4198.68994140625,4198.68994140625
2024-09-17,4224.75,4224.75
2024-09-18,4203.5,4203.5
2024-09-19,4188.5,4188.5
2024-09-20,4163.5,4163.5
2024-09-23,4152.22998046875,4152.22998046875
2024-09-24,4160.0,4160.0
2024-09-25,4147.0,4147.0
2024-09-26,4199.0,4199.0
2024-09-27,4164.75,4164.75
2024-09-30,4179.31005859375,4179.31005859375
2024-10-01,4191.509765625,4191.509765625
2024-10-02,4219.52001953125,4219.52001953125
2024-10-03,4181.35986328125,4181.35986328125
2024-10-04,4185.10986328125,4185.10986328125
2024-10-07,4163.47021484375,4163.47021484375
2024-10-08,4212.75,4212.75
2024-10-09,4229.330078125,4229.330078125
2024-10-10,4232.740234375,4232.740234375
2024-10-11,4210.75,4210.75
2024-10-14,4195.06005859375,4195.06005859375
2024-10-15,4207.490234375,4207.490234375
2024-10-16,4242.25,4242.25
2024-10-17,4256.0,4256.0
2024-10-18,4251.0,4251.0
2024-10-21,4236.10009765625,4236.10009765625
2024-10-22,4276.0,4276.0
2024-10-23,4262.27978515625,4262.27978515625
2024-10-24,4306.75,4306.75
2024-10-25,4293.5,4293.5
2024-10-28,4324.14013671875,4324.14013671875
2024-10-29,4352.75,4352.75
2024-10-30,4394.39013671875,4394.39013671875
2024-10-31,4412.52978515625,4412.52978515625
2024-11-01,4420.0498046875,4420.0498046875
2024-11-04,4372.65087890625,4372.65087890625
2024-11-05,4413.25,4413.25
2024-11-06,4414.75,4414.75
2024-11-07,4411.25,4411.25
2024-11-08,4321.5,4321.5
2024-11-11,4281.53125,4281.53125
2024-11-12,4358.759765625,4358.759765625
2024-11-13,4434.75,4434.75
2024-11-14,4477.25,4477.25
2024-11-15,4480.0,4480.0
2024-11-18,4451.66162109375,4451.66162109375
2024-11-19,4395.25,4395.25
2024-11-20,4390.64013671875,4390.64013671875
2024-11-21,4392.5,4392.5
2024-11-22,4388.5498046875,4388.5498046875
2024-11-25,4341.76318359375,4341.76318359375
2024-11-26,4383.0,4383.0
2024-11-27,4401.25,4401.25
2024-11-28,4382.75,4382.75
2024-11-29,4416.4599609375,4416.4599609375
2024-12-02,4327.994140625,4327.994140625
2024-12-03,4457.75,4457.75
2024-12-04,4435.5,4435.5
2024-12-05,4425.75,4425.75
2024-12-06,4413.669921875,4413.669921875
2024-12-09,4376.15234375,4376.15234375
2024-12-10,4391.10009765625,4391.10009765625
2024-12-11,4366.75,4366.75
2024-12-12,4336.25,4336.25
2024-12-13,4343.259765625,4343.259765625
2024-12-16,4292.17236328125,4292.17236328125
2024-12-17,4317.0498046875,4317.0498046875
2024-12-18,4343.77978515625,4343.77978515625
2024-12-19,4371.33984375,4371.33984375
2024-12-20,4376.68994140625,4376.68994140625
2024-12-23,4311.7841796875,4311.7841796875
2024-12-24,4410.25,4410.25
2024-12-25,4372.16015625,4372.16015625
2024-12-26,4411.06005859375,4411.06005859375
2024-12-27,4393.25,4393.25
2024-12-30,4350.453125,4350.453125
2024-12-31,4403.169921875,4403.169921875
2025-01-02,4403.169921875,4403.169921875
2025-01-03,4382.35009765625,4382.35009765625
2025-01-06,4319.55029296875,4319.55029296875
2025-01-07,4338.25,4338.25
2025-01-08,4335.580078125,4335.580078125
2025-01-09,4325.0,4325.0
2025-01-10,4330.39013671875,4330.39013671875
2025-01-13,4300.29736328125,4300.29736328125
2025-01-14,4304.75,4304.75
2025-01-15,4284.7001953125,4284.7001953125
2025-01-16,4301.18994140625,4301.18994140625
2025-01-17,4340.0,4340.0
2025-01-20,4297.4140625,4297.4140625
2025-01-21,4321.60009765625,4321.60009765625
2025-01-22,4308.7001953125,4308.7001953125
2025-01-23,4259.25,4259.25
2025-01-24,4224.509765625,4224.509765625
2025-01-27,4175.05126953125,4175.05126953125
2025-01-28,4193.77978515625,4193.77978515625
2025-01-29,4217.43994140625,4217.43994140625
2025-01-30,4167.830078125,4167.830078125
2025-01-31,4160.0498046875,4160.0498046875
2025-02-03,4170.0439453125,4170.0439453125
2025-02-04,4160.669921875,4160.669921875
2025-02-05,4164.0,4164.0
2025-02-06,4174.81982421875,4174.81982421875
2025-02-07,4140.81005859375,4140.81005859375
2025-02-10,4105.4619140625,4105.4619140625
2025-02-11,4134.25,4134.25
2025-02-12,4139.81982421875,4139.81982421875
2025-02-13,4165.35009765625,4165.35009765625
2025-02-14,4137.6298828125,4137.6298828125
2025-02-17,4077.534912109375,4077.534912109375
2025-02-18,4134.25,4134.25
2025-02-19,4091.330078125,4091.330078125
2025-02-20,4097.0,4097.0
2025-02-21,4073.25,4073.25
2025-02-24,4030.2900390625,4030.2900390625
2025-02-25,4116.0,4116.0
2025-02-26,4125.5,4125.5
2025-02-27,4103.080078125,4103.080078125
2025-02-28,4130.5,4130.5
2025-03-03,4090.85205078125,4090.85205078125
2025-03-04,4124.25,4124.25
2025-03-05,4152.0498046875,4152.0498046875
2025-03-06,4111.25,4111.25
2025-03-07,4106.25,4106.25
2025-03-10,4060.3515625,4060.3515625
2025-03-11,4179.5,4179.5
2025-03-12,4123.25,4123.25
2025-03-13,4107.75,4107.75
2025-03-14,4123.25,4123.25
2025-03-17,4069.672607421875,4069.672607421875
2025-03-18,4071.5,4071.5
2025-03-19,4117.5,4117.5
2025-03-20,4150.490234375,4150.490234375
2025-03-21,4178.39990234375,4178.39990234375
2025-03-24,4116.01953125,4116.01953125
2025-03-25,4143.91015625,4143.91015625
2025-03-26,4102.0,4102.0
2025-03-27,4130.18017578125,4130.18017578125
2025-03-28,4166.5,4166.5
2025-03-31,4125.830078125,4125.830078125
2025-04-01,4182.75,4182.75
2025-04-02,4146.75,4146.75
2025-04-03,4149.5,4149.5
2025-04-04,4158.2001953125,4158.2001953125
2025-04-07,4179.9599609375,4179.9599609375
2025-04-08,4390.5,4390.5
2025-04-09,4422.5,4422.5
2025-04-10,4300.5,4300.5
2025-04-11,4369.0,4369.0
2025-04-14,4277.0498046875,4277.0498046875
2025-04-15,4307.5,4307.5
2025-04-16,4349.25,4349.25
2025-04-17,4310.3701171875,4310.3701171875
2025-04-22,4279.25,4279.25
2025-04-23,4293.5,4293.5
2025-04-24,4300.5,4300.5
2025-04-25,4255.25,4255.25
2025-04-28,4218.14990234375,4218.14990234375
2025-04-29,4215.25,4215.25
2025-04-30,4195.25,4195.25
2025-05-01,4241.35009765625,4241.35009765625
2025-05-02,4197.08984375,4197.08984375
2025-05-05,4266.89990234375,4266.89990234375
2025-05-06,4295.0,4295.0
2025-05-07,4300.85986328125,4300.85986328125
2025-05-08,4297.14990234375,4297.14990234375
2025-05-09,4250.89990234375,4250.89990234375
2025-05-12,4246.9501953125,4246.9501953125
2025-05-13,4223.0,4223.0
2025-05-14,4210.0,4210.0
2025-05-15,4205.0,4205.0
2025-05-16,4199.75,4199.75
2025-05-19,4212.60986328125,4212.60986328125
2025-05-20,4168.25,4168.25
2025-05-21,4171.9501953125,4171.9501953125
2025-05-22,4171.0,4171.0
2025-05-23,4174.64990234375,4174.64990234375
2025-05-26,4156.81005859375,4156.81005859375
2025-05-27,4150.25,4150.25
2025-05-28,4111.25,4111.25
2025-05-29,4123.47998046875,4123.47998046875
2025-05-30,4128.75,4128.75
2025-06-02,4068.934326171875,4068.934326171875
2025-06-03,4130.27001953125,4130.27001953125
2025-06-04,4124.1201171875,4124.1201171875
2025-06-05,4106.919921875,4106.919921875
2025-06-06,4104.5,4104.5
2025-06-09,4117.85986328125,4117.85986328125
2025-06-10,4137.81005859375,4137.81005859375
2025-06-11,4201.25,4201.25
2025-06-12,4176.75,4176.75
2025-06-13,4155.25,4155.25
2025-06-16,4092.25048828125,4092.25048828125
2025-06-17,4098.75,4098.75
2025-06-18,4100.25,4100.25
2025-06-19,4068.469970703125,4068.469970703125
2025-06-20,4082.0,4082.0
2025-06-23,4080.919921875,4080.919921875
2025-06-24,4082.25,4082.25
2025-06-25,4076.550048828125,4076.550048828125
2025-06-26,4056.18994140625,4056.18994140625
2025-06-27,4037.25,4037.25
2025-06-30,4035.43994140625,4035.43994140625
2025-07-01,4087.75,4087.75
2025-07-02,4028.280029296875,4028.280029296875
2025-07-03,3989.0,3989.0
2025-07-04,3988.25,3988.25
2025-07-07,3999.89990234375,3999.89990234375
2025-07-08,4030.35009765625,4030.35009765625
2025-07-09,4049.8798828125,4049.8798828125
2025-07-10,4021.5,4021.5
2025-07-11,4013.949951171875,4013.949951171875
2025-07-14,4011.669921875,4011.669921875
2025-07-15,4008.75,4008.75
2025-07-16,4033.75,4033.75
2025-07-17,4012.8798828125,4012.8798828125
2025-07-18,4020.409912109375,4020.409912109375
2025-07-21,4020.010009765625,4020.010009765625
2025-07-22,4033.590087890625,4033.590087890625
2025-07-23,4070.81005859375,4070.81005859375
2025-07-24,4036.300048828125,4036.300048828125
2025-07-25,4072.010009765625,4072.010009765625
2025-07-28,4063.7099609375,4063.7099609375
2025-07-29,4173.58984375,4173.58984375
2025-07-30,4134.75,4134.75
2025-07-31,4186.75,4186.75
2025-08-01,4184.9599609375,4184.9599609375
2025-08-04,4122.419921875,4122.419921875
2025-08-05,4096.89990234375,4096.89990234375
2025-08-06,4088.5,4088.5
2025-08-07,4043.570068359375,4043.570068359375
2025-08-08,4045.25,4045.25
2025-08-11,4043.139892578125,4043.139892578125
2025-08-12,4027.7900390625,4027.7900390625
2025-08-13,4018.75,4018.75
2025-08-14,4021.75,4021.75
2025-08-15,4049.449951171875,4049.449951171875
2025-08-18,4045.159912109375,4045.159912109375
2025-08-19,4013.25,4013.25
2025-08-20,4031.8798828125,4031.8798828125
2025-08-21,4024.949951171875,4024.949951171875
2025-08-22,4032.699951171875,4032.699951171875
2025-08-25,3984.860107421875,3984.860107421875
2025-08-26,4024.0,4024.0
2025-08-27,4053.3701171875,4053.3701171875
2025-08-28,4027.360107421875,4027.360107421875
2025-08-29,4024.800048828125,4024.800048828125
2025-09-01,4013.989990234375,4013.989990234375
2025-09-02,4013.35009765625,4013.35009765625
2025-09-03,4003.39990234375,4003.39990234375
2025-09-04,4004.25,4004.25
2025-09-05,3985.25,3985.25
2025-09-08,3966.489990234375,3966.489990234375
2025-09-09,3938.25,3938.25
2025-09-10,3921.75,3921.75
2025-09-11,3922.3798828125,3922.3798828125
2025-09-12,3894.52001953125,3894.52001953125
2025-09-15,3851.14453125,3851.14453125
2025-09-16,3906.320068359375,3906.320068359375
2025-09-17,3865.8798828125,3865.8798828125
2025-09-18,3875.590087890625,3875.590087890625
2025-09-19,3892.5,3892.5
2025-09-22,3898.89990234375,3898.89990234375
2025-09-23,3851.199951171875,3851.199951171875
2025-09-24,3860.25,3860.25
2025-09-25,3885.239990234375,3885.239990234375
2025-09-26,3900.25,3900.25
2025-09-29,3899.360107421875,3899.360107421875
2025-09-30,3919.0,3919.0
2025-10-01,3924.75,3924.75
2025-10-02,3878.760009765625,3878.760009765625
2025-10-03,3884.1298828125,3884.1298828125
2025-10-06,3882.409912109375,3882.409912109375
2025-10-07,3861.949951171875,3861.949951171875
2025-10-08,3874.75,3874.75
2025-10-09,3887.5,3887.5
2025-10-10,3887.8798828125,3887.8798828125
2025-10-13,3872.22998046875,3872.22998046875
2025-10-14,3884.552734375,3884.552734375
2025-10-15,3923.5,3923.5
2025-10-16,3889.699951171875,3889.699951171875
2025-10-17,3860.75,3860.75
2025-10-20,3854.9599609375,3854.9599609375
2025-10-21,3881.75,3881.75
2025-10-22,3882.0,3882.0
2025-10-23,3909.449951171875,3909.449951171875
2025-10-24,3878.550048828125,3878.550048828125
2025-10-27,3838.461181640625,3838.461181640625
2025-10-28,3843.6298828125,3843.6298828125
2025-10-29,3887.469970703125,3887.469970703125
2025-10-30,3875.75,3875.75
2025-10-31,3858.449951171875,3858.449951171875
2025-11-03,3808.69873046875,3808.69873046875
2025-11-04,3855.0,3855.0
2025-11-05,3860.239990234375,3860.239990234375
2025-11-06,3832.75,3832.75
2025-11-07,3784.14990234375,3784.14990234375
2025-11-10,3737.105712890625,3737.105712890625
2025-11-11,3751.969970703125,3751.969970703125
2025-11-12,3756.780029296875,3756.780029296875
2025-11-13,3705.0,3705.0
2025-11-14,3746.820068359375,3746.820068359375
2025-11-17,3701.26025390625,3701.26025390625
2025-11-18,3754.5,3754.5
2025-11-19,3719.800048828125,3719.800048828125
2025-11-20,3712.25,3712.25
2025-11-21,3762.169921875,3762.169921875
2025-11-24,3717.585693359375,3717.585693359375
2025-11-25,3791.25,3791.25
2025-11-26,3802.89990234375,3802.89990234375
2025-11-27,3734.6298828125,3734.6298828125
2025-11-28,3743.8798828125,3743.8798828125
2025-12-01,3691.856689453125,3691.856689453125
2025-12-02,3808.39990234375,3808.39990234375
2025-12-03,3816.25,3816.25
2025-12-04,3768.14990234375,3768.14990234375
2025-12-05,3795.239990234375,3795.239990234375
2025-12-08,3755.67138671875,3755.67138671875
2025-12-09,3840.860107421875,3840.860107421875
2025-12-10,3856.6298828125,3856.6298828125
2025-12-11,3840.030029296875,3840.030029296875
2025-12-12,3801.5,3801.5
2025-12-15,3759.907958984375,3759.907958984375
2025-12-16,3818.070068359375,3818.070068359375
2025-12-17,3839.22998046875,3839.22998046875
2025-12-18,3863.75,3863.75
2025-12-19,3861.9599609375,3861.9599609375
2025-12-22,3817.51416015625,3817.51416015625
2025-12-23,3801.2099609375,3801.2099609375
2025-12-24,3754.330078125,3754.330078125
2025-12-26,3742.050048828125,3742.050048828125
2025-12-29,3695.25,3695.25
2025-12-30,3729.39990234375,3729.39990234375
2025-12-31,3740.4599609375,3740.4599609375
2026-01-02,3768.2099609375,3768.2099609375
