date,close,adj_close
2014-12-01,100.08000183105469,69.84976196289062
2014-12-02,99.45500183105469,69.41355895996094
2014-12-03,99.34500122070312,69.33678436279297
2014-12-04,99.69499969482422,69.58106231689453
2014-12-05,98.8499984741211,68.99130249023438
2014-12-08,99.33999633789062,69.33328247070312
2014-12-09,99.75499725341797,69.6229476928711
2014-12-10,99.84500122070312,69.6857681274414
2014-12-11,99.59500122070312,69.51126861572266
2014-12-12,100.12999725341797,69.8846664428711
2014-12-15,100.02999877929688,69.81488037109375
2014-12-16,100.0,69.79393768310547
2014-12-17,99.97000122070312,69.77299499511719
2014-12-18,99.29000091552734,69.29838562011719
2014-12-19,99.57499694824219,69.49729919433594
2014-12-22,99.68000030517578,69.57058715820312
2014-12-23,99.43499755859375,69.39959716796875
2014-12-24,99.33999633789062,69.33328247070312
2014-12-29,99.54000091552734,69.47286987304688
2014-12-30,99.69000244140625,69.57756042480469
2014-12-31,99.86000061035156,69.69622039794922
2015-01-02,99.66000366210938,69.556640625
2015-01-05,99.61000061035156,69.52173614501953
2015-01-06,99.93499755859375,69.74857330322266
2015-01-07,99.59500122070312,69.51126861572266
2015-01-08,99.44499969482422,69.40658569335938
2015-01-09,99.7249984741211,69.60201263427734
2015-01-12,99.73999786376953,69.61245727539062
2015-01-13,99.61000061035156,69.52173614501953
2015-01-14,100.16000366210938,69.9056167602539
2015-01-15,99.7300033569336,69.60549926757812
2015-01-16,99.51000213623047,69.45195770263672
2015-01-19,99.76499938964844,69.62991333007812
2015-01-20,99.81500244140625,69.6648178100586
2015-01-21,99.68000030517578,69.57058715820312
2015-01-22,99.22000122070312,69.24954223632812
2015-01-23,99.51000213623047,69.45195770263672
2015-01-26,99.33000183105469,69.32632446289062
2015-01-27,99.73999786376953,69.61245727539062
2015-01-28,99.54000091552734,69.47286987304688
2015-01-29,99.5250015258789,69.46240997314453
2015-01-30,99.86000061035156,69.69622039794922
2015-02-02,99.91500091552734,69.7345962524414
2015-02-03,100.05999755859375,69.8358154296875
2015-02-04,99.9800033569336,69.77998352050781
2015-02-05,100.09500122070312,69.86022186279297
2015-02-06,99.44499969482422,69.40658569335938
2015-02-09,99.4749984741211,69.42752075195312
2015-02-10,99.2750015258789,69.28792572021484
2015-02-11,99.08000183105469,69.15182495117188
2015-02-12,99.625,69.53221893310547
2015-02-13,99.55999755859375,69.4868392944336
2015-02-16,99.45999908447266,69.41705322265625
2015-02-17,99.28500366210938,69.2948989868164
2015-02-18,99.11499786376953,69.17626190185547
2015-02-19,99.36499786376953,69.35073852539062
2015-02-20,99.29000091552734,69.29838562011719
2015-02-23,99.19999694824219,69.23558807373047
2015-02-24,99.41500091552734,69.3856430053711
2015-02-25,99.86000061035156,69.69622039794922
2015-02-26,98.24500274658203,69.48003387451172
2015-02-27,98.01499938964844,69.3173828125
2015-03-02,97.70999908447266,69.10166931152344
2015-03-03,97.56999969482422,69.0026626586914
2015-03-04,97.34500122070312,68.8435287475586
2015-03-05,97.13500213623047,68.69502258300781
2015-03-06,96.41500091552734,68.18582153320312
2015-03-09,96.37999725341797,68.16107940673828
2015-03-10,96.45500183105469,68.214111328125
2015-03-11,96.19000244140625,68.02670288085938
2015-03-12,96.41000366210938,68.18229675292969
2015-03-13,96.01000213623047,67.8993911743164
2015-03-16,96.05500030517578,67.93123626708984
2015-03-17,96.07499694824219,67.94537353515625
2015-03-18,96.13500213623047,67.98780822753906
2015-03-19,96.44999694824219,68.21058654785156
2015-03-20,96.94999694824219,68.56417846679688
2015-03-23,97.32499694824219,68.82939910888672
2015-03-24,97.44000244140625,68.91071319580078
2015-03-25,97.61000061035156,69.03095245361328
2015-03-26,97.2300033569336,68.76221466064453
2015-03-27,97.16999816894531,68.71977233886719
2015-03-30,96.9749984741211,68.58186340332031
2015-03-31,97.04499816894531,68.63138580322266
2015-04-01,97.42500305175781,68.90011596679688
2015-04-02,97.5,68.95318603515625
2015-04-07,97.49500274658203,68.94962310791016
2015-04-08,97.5999984741211,69.02386474609375
2015-04-09,97.52999877929688,68.974365234375
2015-04-10,97.07499694824219,68.652587890625
2015-04-13,96.83000183105469,68.47931671142578
2015-04-14,97.50499725341797,68.95670318603516
2015-04-15,97.3499984741211,68.8470458984375
2015-04-16,97.41000366210938,68.88951873779297
2015-04-17,97.69000244140625,69.0875244140625
2015-04-20,97.68000030517578,69.08045196533203
2015-04-21,97.51000213623047,68.9602279663086
2015-04-22,97.31999969482422,68.82585906982422
2015-04-23,97.4000015258789,68.8824234008789
2015-04-24,97.8550033569336,69.20421600341797
2015-04-27,97.86000061035156,69.20775604248047
2015-04-28,97.94000244140625,69.26434326171875
2015-04-29,97.58499908447266,69.01326751708984
2015-04-30,97.6449966430664,69.05571746826172
2015-05-01,97.4000015258789,68.8824234008789
2015-05-05,97.1500015258789,68.70562744140625
2015-05-06,96.8949966430664,68.52530670166016
2015-05-07,96.88500213623047,68.51823425292969
2015-05-08,97.22000122070312,68.7551498413086
2015-05-11,96.73500061035156,68.41213989257812
2015-05-12,96.54000091552734,68.27422332763672
2015-05-13,96.93000030517578,68.55004119873047
2015-05-14,97.0199966430664,68.61368560791016
2015-05-15,97.56999969482422,69.0026626586914
2015-05-18,97.19000244140625,68.7339096069336
2015-05-19,96.6500015258789,68.35203552246094
2015-05-20,96.48999786376953,68.23887634277344
2015-05-21,96.69999694824219,68.38739013671875
2015-05-22,96.58999633789062,68.3095932006836
2015-05-26,96.3949966430664,68.17169189453125
2015-05-27,96.25,68.06912994384766
2015-05-28,96.37000274658203,68.15400695800781
2015-05-29,96.6500015258789,68.35203552246094
2015-06-01,96.33000183105469,68.12571716308594
2015-06-02,96.11000061035156,67.9701156616211
2015-06-03,96.1500015258789,67.99842071533203
2015-06-04,96.0199966430664,67.90648651123047
2015-06-05,95.62999725341797,67.63067626953125
2015-06-08,95.66999816894531,67.65895080566406
2015-06-09,95.61000061035156,67.61651611328125
2015-06-10,95.4000015258789,67.46800231933594
2015-06-11,95.66999816894531,67.65895080566406
2015-06-12,96.06999969482422,67.94184112548828
2015-06-15,95.81500244140625,67.76151275634766
2015-06-16,95.81999969482422,67.7650375366211
2015-06-17,95.65499877929688,67.64833068847656
2015-06-18,95.91500091552734,67.83222961425781
2015-06-19,96.04000091552734,67.9206314086914
2015-06-22,95.88999938964844,67.81453704833984
2015-06-23,95.72000122070312,67.6943130493164
2015-06-24,95.375,67.45033264160156
2015-06-25,95.36000061035156,67.43972778320312
2015-06-26,94.92500305175781,67.13209533691406
2015-06-29,95.38999938964844,67.4609375
2015-06-30,95.36000061035156,67.43972778320312
2015-07-01,94.93000030517578,67.13561248779297
2015-07-02,95.01499938964844,67.19571685791016
2015-07-03,95.29000091552734,67.39021301269531
2015-07-06,95.33999633789062,67.42557525634766
2015-07-07,95.44499969482422,67.49983978271484
2015-07-08,95.47000122070312,67.51752471923828
2015-07-09,95.2249984741211,67.34425354003906
2015-07-10,94.83499908447266,67.06844329833984
2015-07-13,94.80000305175781,67.04368591308594
2015-07-14,94.72000122070312,66.98712158203125
2015-07-15,94.61499786376953,66.91284942626953
2015-07-16,94.63500213623047,66.92700958251953
2015-07-17,94.72000122070312,66.98712158203125
2015-07-20,94.6500015258789,66.93759155273438
2015-07-21,94.91999816894531,67.12855529785156
2015-07-22,95.11000061035156,67.262939453125
2015-07-23,95.26000213623047,67.36900329589844
2015-07-24,95.2750015258789,67.37963104248047
2015-07-27,95.62000274658203,67.62359619140625
2015-07-28,95.5199966430664,67.55288696289062
2015-07-29,95.33000183105469,67.41849517822266
2015-07-30,95.05000305175781,67.22048950195312
2015-07-31,95.6050033569336,67.61298370361328
2015-08-03,95.5199966430664,67.55288696289062
2015-08-04,95.63999938964844,67.63775634765625
2015-08-05,94.875,67.09671783447266
2015-08-06,95.22000122070312,67.3406982421875
2015-08-07,95.4000015258789,67.46800231933594
2015-08-10,95.25,67.36192321777344
2015-08-11,95.73999786376953,67.70845031738281
2015-08-12,96.05000305175781,67.92770385742188
2015-08-13,95.65499877929688,67.64833068847656
2015-08-14,95.47000122070312,67.51752471923828
2015-08-17,95.56500244140625,67.5846939086914
2015-08-18,95.41000366210938,67.47509765625
2015-08-19,95.30500030517578,67.40082550048828
2015-08-20,96.11000061035156,67.9701156616211
2015-08-21,96.33999633789062,68.13277435302734
2015-08-24,96.61000061035156,68.32374572753906
2015-08-25,95.82499694824219,67.76856994628906
2015-08-26,95.36499786376953,67.44326782226562
2015-08-27,93.92500305175781,67.26500701904297
2015-08-28,94.08499908447266,67.37958526611328
2015-09-01,94.1050033569336,67.3939437866211
2015-09-02,93.92500305175781,67.26500701904297
2015-09-03,93.83499908447266,67.2005386352539
2015-09-04,94.1050033569336,67.3939437866211
2015-09-07,94.19999694824219,67.46194458007812
2015-09-08,94.15499877929688,67.4297103881836
2015-09-09,94.13999938964844,67.41898345947266
2015-09-10,94.48500061035156,67.66603088378906
2015-09-11,94.68499755859375,67.80926513671875
2015-09-14,94.67500305175781,67.80213928222656
2015-09-15,94.41999816894531,67.61949157714844
2015-09-16,94.125,67.40824127197266
2015-09-17,94.13999938964844,67.41898345947266
2015-09-18,95.16000366210938,68.14946746826172
2015-09-21,94.44999694824219,67.64099884033203
2015-09-22,94.47000122070312,67.65531921386719
2015-09-23,94.36000061035156,67.57653045654297
2015-09-24,94.82499694824219,67.90953826904297
2015-09-25,94.12000274658203,67.40464782714844
2015-09-28,94.31500244140625,67.54432678222656
2015-09-29,94.16000366210938,67.43329620361328
2015-09-30,94.13999938964844,67.41898345947266
2015-10-01,94.37000274658203,67.58370971679688
2015-10-02,94.80000305175781,67.89164733886719
2015-10-05,94.30999755859375,67.54073333740234
2015-10-06,94.33999633789062,67.56221771240234
2015-10-07,94.80000305175781,67.89164733886719
2015-10-08,94.79000091552734,67.88448333740234
2015-10-09,94.88999938964844,67.95609283447266
2015-10-12,95.26000213623047,68.22107696533203
2015-10-13,95.2699966430664,68.22822570800781
2015-10-14,95.7699966430664,68.58631134033203
2015-10-15,95.66000366210938,68.50753784179688
2015-10-16,95.58999633789062,68.45740509033203
2015-10-19,95.41999816894531,68.33565521240234
2015-10-20,95.26000213623047,68.22107696533203
2015-10-21,95.625,68.48248291015625
2015-10-22,95.37999725341797,68.30701446533203
2015-10-23,95.0,68.03488159179688
2015-10-26,95.13500213623047,68.13156127929688
2015-10-27,95.3499984741211,68.28553009033203
2015-10-28,94.91000366210938,67.97042083740234
2015-10-29,94.3949966430664,67.60160064697266
2015-10-30,94.5199966430664,67.69110870361328
2015-11-02,94.53500366210938,67.70185089111328
2015-11-03,94.26499938964844,67.50851440429688
2015-11-04,94.05500030517578,67.35810089111328
2015-11-05,94.01499938964844,67.3294448852539
2015-11-06,93.27999877929688,66.8030776977539
2015-11-09,93.21499633789062,66.75653839111328
2015-11-10,93.24500274658203,66.77803039550781
2015-11-11,93.28500366210938,66.80667877197266
2015-11-12,93.48999786376953,66.95348358154297
2015-11-13,93.45500183105469,66.92842102050781
2015-11-16,93.61499786376953,67.04299926757812
2015-11-17,93.36499786376953,66.86395263671875
2015-11-18,93.46499633789062,66.93557739257812
2015-11-19,94.0,67.3187255859375
2015-11-20,93.87999725341797,67.2327651977539
2015-11-23,93.69999694824219,67.10387420654297
2015-11-24,93.79000091552734,67.1683120727539
2015-11-25,93.70500183105469,67.10745239257812
2015-11-26,93.75499725341797,67.14325714111328
2015-11-27,93.7750015258789,67.1575927734375
2015-11-30,93.76000213623047,67.1468505859375
2015-12-01,94.05000305175781,67.35453796386719
2015-12-02,94.0199966430664,67.33305358886719
2015-12-03,93.91999816894531,67.26141357421875
2015-12-04,93.98999786376953,67.31155395507812
2015-12-07,94.19999694824219,67.46194458007812
2015-12-08,94.15499877929688,67.4297103881836
2015-12-09,94.16000366210938,67.43329620361328
2015-12-10,94.30500030517578,67.53713989257812
2015-12-11,94.43499755859375,67.63024139404297
2015-12-14,94.33499908447266,67.5586166381836
2015-12-15,93.74500274658203,67.13609313964844
2015-12-16,93.61499786376953,67.04299926757812
2015-12-17,93.6050033569336,67.03582763671875
2015-12-18,93.7249984741211,67.12176513671875
2015-12-21,93.84500122070312,67.20771026611328
2015-12-22,93.83000183105469,67.19699096679688
2015-12-23,93.5199966430664,66.9749755859375
2015-12-24,93.62999725341797,67.0537338256836
2015-12-29,93.75,67.13969421386719
2015-12-30,93.44499969482422,66.9212417602539
2015-12-31,93.44000244140625,66.91767120361328
2016-01-04,93.36499786376953,66.86395263671875
2016-01-05,93.16999816894531,66.72430419921875
2016-01-06,93.44499969482422,66.9212417602539
2016-01-07,93.625,67.05015563964844
2016-01-08,93.69499969482422,67.10030364990234
2016-01-11,93.72000122070312,67.11820220947266
2016-01-12,93.53500366210938,66.98570251464844
2016-01-13,93.5,66.96063995361328
2016-01-14,93.5199966430664,66.9749755859375
2016-01-15,93.49500274658203,66.95706176757812
2016-01-18,93.21499633789062,66.75653839111328
2016-01-19,93.0250015258789,66.62046813964844
2016-01-20,92.86000061035156,66.50231170654297
2016-01-21,92.82499694824219,66.47723388671875
2016-01-22,92.66000366210938,66.35907745361328
2016-01-25,92.83499908447266,66.48439025878906
2016-01-26,92.8550033569336,66.49872589111328
2016-01-27,92.9749984741211,66.58467102050781
2016-01-28,93.26000213623047,66.78876495361328
2016-01-29,93.01000213623047,66.60973358154297
2016-02-01,93.23999786376953,66.7744369506836
2016-02-02,93.38500213623047,66.87828063964844
2016-02-03,94.0199966430664,67.33305358886719
2016-02-04,94.04499816894531,67.35094451904297
2016-02-05,93.90499877929688,67.25067138671875
2016-02-08,94.13500213623047,67.4154052734375
2016-02-09,94.29499816894531,67.52997589111328
2016-02-10,94.21499633789062,67.47270202636719
2016-02-11,94.69000244140625,67.8128662109375
2016-02-12,93.69999694824219,67.10387420654297
2016-02-15,93.79000091552734,67.1683120727539
2016-02-16,93.69000244140625,67.09671783447266
2016-02-17,93.48999786376953,66.95348358154297
2016-02-18,93.61000061035156,67.03941345214844
2016-02-19,94.08999633789062,67.38317108154297
2016-02-22,94.0199966430664,67.33305358886719
2016-02-23,94.22000122070312,67.47628021240234
2016-02-24,94.41000366210938,67.61233520507812
2016-02-25,94.48999786376953,67.66964721679688
2016-02-26,94.26000213623047,67.5049057006836
2016-02-29,94.23999786376953,67.49058532714844
2016-03-01,94.2300033569336,67.48344421386719
2016-03-02,93.88999938964844,67.23992919921875
2016-03-03,94.47000122070312,67.65531921386719
2016-03-04,94.56999969482422,67.72691345214844
2016-03-07,94.86000061035156,67.93460845947266
2016-03-08,95.31999969482422,68.2640380859375
2016-03-09,95.0199966430664,68.0491943359375
2016-03-10,93.81500244140625,68.11003875732422
2016-03-11,94.73999786376953,68.78158569335938
2016-03-14,95.13999938964844,69.07198333740234
2016-03-15,94.51000213623047,68.61461639404297
2016-03-16,94.4000015258789,68.53474426269531
2016-03-17,95.72000122070312,69.4930648803711
2016-03-18,95.88999938964844,69.61650085449219
2016-03-21,95.68000030517578,69.46402740478516
2016-03-22,95.5999984741211,69.40595245361328
2016-03-23,95.25,69.15184783935547
2016-03-24,95.40499877929688,69.26437377929688
2016-03-29,95.7300033569336,69.5003433227539
2016-03-30,96.25,69.87785339355469
2016-03-31,96.62999725341797,70.15373992919922
2016-04-01,96.43000030517578,70.008544921875
2016-04-04,96.66500091552734,70.17914581298828
2016-04-05,96.69999694824219,70.20455932617188
2016-04-06,96.76000213623047,70.24812316894531
2016-04-07,97.1500015258789,70.53125762939453
2016-04-08,97.0,70.42237091064453
2016-04-11,97.26000213623047,70.61112976074219
2016-04-12,97.06999969482422,70.47319030761719
2016-04-13,96.76000213623047,70.24812316894531
2016-04-14,96.69999694824219,70.20455932617188
2016-04-15,97.0999984741211,70.49494934082031
2016-04-18,96.93000030517578,70.37152862548828
2016-04-19,97.30000305175781,70.64017486572266
2016-04-20,97.43000030517578,70.73455810546875
2016-04-21,96.9800033569336,70.4078369140625
2016-04-22,97.0199966430664,70.43688201904297
2016-04-25,96.81999969482422,70.29167175292969
2016-04-26,97.11000061035156,70.50221252441406
2016-04-27,97.08999633789062,70.4876937866211
2016-04-28,97.29000091552734,70.63289642333984
2016-04-29,97.87999725341797,71.06124877929688
2016-05-03,98.18000030517578,71.27904510498047
2016-05-04,97.75499725341797,70.97048950195312
2016-05-05,97.80000305175781,71.00316619873047
2016-05-06,97.78500366210938,70.99227905273438
2016-05-09,97.81999969482422,71.0176773071289
2016-05-10,97.69999694824219,70.93057250976562
2016-05-11,97.80999755859375,71.01041412353516
2016-05-12,97.83999633789062,71.03219604492188
2016-05-13,97.375,70.69462585449219
2016-05-16,97.44999694824219,70.7490463256836
2016-05-17,97.5199966430664,70.79988098144531
2016-05-18,97.0999984741211,70.49494934082031
2016-05-19,96.69000244140625,70.19729614257812
2016-05-20,96.5999984741211,70.1319580078125
2016-05-23,96.6500015258789,70.16826629638672
2016-05-24,96.4800033569336,70.04483795166016
2016-05-25,96.7699966430664,70.25537872314453
2016-05-26,97.11000061035156,70.50221252441406
2016-05-27,96.88999938964844,70.34249877929688
2016-05-31,96.91000366210938,70.35702514648438
2016-06-01,96.94999694824219,70.38604736328125
2016-06-02,97.2300033569336,70.58934020996094
2016-06-03,98.12999725341797,71.24275970458984
2016-06-06,97.98999786376953,71.14109802246094
2016-06-07,98.30000305175781,71.36614990234375
2016-06-08,98.36000061035156,71.40971374511719
2016-06-09,98.4800033569336,71.4968490600586
2016-06-10,98.33999633789062,71.39519500732422
2016-06-13,98.55999755859375,71.55492401123047
2016-06-14,97.94999694824219,71.11205291748047
2016-06-15,98.36000061035156,71.40971374511719
2016-06-16,97.8949966430664,71.07213592529297
2016-06-17,98.48999786376953,71.50408935546875
2016-06-20,98.5199966430664,71.52587127685547
2016-06-21,98.37000274658203,71.4169921875
2016-06-22,98.37000274658203,71.4169921875
2016-06-23,98.45500183105469,71.47870635986328
2016-06-24,98.04000091552734,71.17740631103516
2016-06-27,97.62000274658203,70.87249755859375
2016-06-28,98.02999877929688,71.17013549804688
2016-06-29,98.47000122070312,71.48957824707031
2016-06-30,98.61000061035156,71.59122467041016
2016-07-01,99.1500015258789,71.98328399658203
2016-07-04,99.19499969482422,72.01593017578125
2016-07-05,99.2699966430664,72.07037353515625
2016-07-06,99.41999816894531,72.17930603027344
2016-07-07,99.30999755859375,72.09942626953125
2016-07-08,99.32499694824219,72.11030578613281
2016-07-11,99.55000305175781,72.27366638183594
2016-07-12,99.18000030517578,72.00505065917969
2016-07-13,99.77999877929688,72.4406509399414
2016-07-14,99.62000274658203,72.32449340820312
2016-07-15,99.2699966430664,72.07037353515625
2016-07-18,99.20999908447266,72.02682495117188
2016-07-19,99.23999786376953,72.04861450195312
2016-07-20,99.02999877929688,71.89615631103516
2016-07-21,99.04000091552734,71.90339660644531
2016-07-22,99.13999938964844,71.97600555419922
2016-07-25,99.23999786376953,72.04861450195312
2016-07-26,99.2699966430664,72.07037353515625
2016-07-27,99.26499938964844,72.06675720214844
2016-07-28,99.7300033569336,72.40435791015625
2016-07-29,100.20999908447266,72.75282287597656
2016-08-01,100.02999877929688,72.62216186523438
2016-08-02,99.54499816894531,72.27003479003906
2016-08-03,99.40499877929688,72.16839599609375
2016-08-04,100.06999969482422,72.65119171142578
2016-08-05,99.66999816894531,72.36080169677734
2016-08-08,99.69999694824219,72.38255310058594
2016-08-09,99.81999969482422,72.46968078613281
2016-08-10,100.30000305175781,72.81817626953125
2016-08-11,100.17500305175781,72.72742462158203
2016-08-12,100.4800033569336,72.9488525390625
2016-08-15,100.18000030517578,72.7310562133789
2016-08-16,100.29000091552734,72.81092071533203
2016-08-17,100.48999786376953,72.95610046386719
2016-08-18,101.0,73.32637786865234
2016-08-19,100.62000274658203,73.05049896240234
2016-08-22,100.75,73.14488983154297
2016-08-23,100.8499984741211,73.21746063232422
2016-08-24,100.80999755859375,73.18841552734375
2016-08-25,100.7699966430664,73.15939331054688
2016-08-26,100.91000366210938,73.26102447509766
2016-08-30,100.48999786376953,72.95610046386719
2016-08-31,100.43000030517578,72.91255950927734
2016-09-01,100.63999938964844,73.06502532958984
2016-09-02,100.2249984741211,72.76371002197266
2016-09-05,100.16000366210938,72.71653747558594
2016-09-06,100.98999786376953,73.31912231445312
2016-09-07,100.94000244140625,73.28280639648438
2016-09-08,100.62999725341797,73.05775451660156
2016-09-09,100.01000213623047,72.6076431274414
2016-09-12,99.30999755859375,72.09942626953125
2016-09-13,99.23999786376953,72.04861450195312
2016-09-14,99.40499877929688,72.16839599609375
2016-09-15,98.00499725341797,72.08748626708984
2016-09-16,97.94999694824219,72.0470199584961
2016-09-19,97.73999786376953,71.89257049560547
2016-09-20,98.26000213623047,72.27506256103516
2016-09-21,98.05999755859375,72.12794494628906
2016-09-22,98.98999786376953,72.81201171875
2016-09-23,98.70500183105469,72.6023941040039
2016-09-26,99.30000305175781,73.04003143310547
2016-09-27,98.81500244140625,72.68329620361328
2016-09-28,99.00499725341797,72.82303619384766
2016-09-29,99.0,72.81936645507812
2016-09-30,99.0,72.81936645507812
2016-10-03,98.9000015258789,72.74580383300781
2016-10-04,98.43000030517578,72.40010833740234
2016-10-05,98.41000366210938,72.3853988647461
2016-10-06,98.16000366210938,72.20148468017578
2016-10-07,97.91999816894531,72.02496337890625
2016-10-10,97.73999786376953,71.89257049560547
2016-10-11,97.66000366210938,71.83373260498047
2016-10-12,97.21499633789062,71.50640106201172
2016-10-13,97.62000274658203,71.80430603027344
2016-10-14,97.58999633789062,71.78221893310547
2016-10-17,97.5999984741211,71.78958129882812
2016-10-18,97.80999755859375,71.94406127929688
2016-10-19,97.87000274658203,71.98818969726562
2016-10-20,97.73999786376953,71.89257049560547
2016-10-21,97.62000274658203,71.80430603027344
2016-10-24,97.51000213623047,71.723388671875
2016-10-25,97.6500015258789,71.82637023925781
2016-10-26,97.30000305175781,71.56893920898438
2016-10-27,96.83999633789062,71.23056030273438
2016-10-28,96.81999969482422,71.21586608886719
2016-10-31,96.83999633789062,71.23056030273438
2016-11-01,96.97000122070312,71.32618713378906
2016-11-02,97.37999725341797,71.62776947021484
2016-11-03,97.12000274658203,71.43653106689453
2016-11-04,97.58000183105469,71.7748794555664
2016-11-07,97.16000366210938,71.46595001220703
2016-11-08,97.05999755859375,71.39238739013672
2016-11-09,96.63999938964844,71.08346557617188
2016-11-10,95.58000183105469,70.30377960205078
2016-11-11,95.31500244140625,70.10884857177734
2016-11-14,94.5199966430664,69.52408599853516
2016-11-15,95.05999755859375,69.92129516601562
2016-11-16,94.54000091552734,69.53881072998047
2016-11-17,94.5,69.50939178466797
2016-11-18,93.95999908447266,69.11219024658203
2016-11-21,94.18000030517578,69.27400970458984
2016-11-22,94.26000213623047,69.33284759521484
2016-11-23,93.4800033569336,68.7591323852539
2016-11-24,93.75,68.95773315429688
2016-11-25,94.05000305175781,69.17840576171875
2016-11-28,94.2699966430664,69.34020233154297
2016-11-29,94.27999877929688,69.3475570678711
2016-11-30,94.05999755859375,69.18574523925781
2016-12-01,93.58999633789062,68.84002685546875
2016-12-02,94.31999969482422,69.37698364257812
2016-12-05,94.27999877929688,69.3475570678711
2016-12-06,94.44999694824219,69.47261810302734
2016-12-07,94.52999877929688,69.53146362304688
2016-12-08,94.19000244140625,69.28137969970703
2016-12-09,93.94000244140625,69.09748077392578
2016-12-12,93.91999816894531,69.08277893066406
2016-12-13,94.36000061035156,69.40642547607422
2016-12-14,94.58000183105469,69.56824493408203
2016-12-15,93.05999755859375,68.45020294189453
2016-12-16,93.48999786376953,68.76648712158203
2016-12-19,93.69999694824219,68.92095184326172
2016-12-20,93.37999725341797,68.68557739257812
2016-12-21,93.62999725341797,68.86946105957031
2016-12-22,93.83000183105469,69.01658630371094
2016-12-23,93.94999694824219,69.1048355102539
2016-12-28,93.91999816894531,69.08277893066406
2016-12-29,94.33999633789062,69.3917007446289
2016-12-30,94.61000061035156,69.59031677246094
2017-01-03,94.1500015258789,69.251953125
2017-01-04,94.45999908447266,69.4799575805664
2017-01-05,95.38999938964844,70.16403198242188
2017-01-06,94.77999877929688,69.71534729003906
2017-01-09,95.01000213623047,69.88452911376953
2017-01-10,95.06999969482422,69.92864990234375
2017-01-11,94.94000244140625,69.83303833007812
2017-01-12,95.31999969482422,70.112548828125
2017-01-13,94.75499725341797,69.69695281982422
2017-01-16,94.98500061035156,69.86612701416016
2017-01-17,95.56999969482422,70.29643249511719
2017-01-18,95.22000122070312,70.03898620605469
2017-01-19,94.56500244140625,69.55719757080078
2017-01-20,94.66999816894531,69.6344223022461
2017-01-23,95.31999969482422,70.112548828125
2017-01-24,95.26000213623047,70.06839752197266
2017-01-25,94.98999786376953,69.86980438232422
2017-01-26,94.77999877929688,69.71534729003906
2017-01-27,94.875,69.78521728515625
2017-01-30,94.98999786376953,69.86980438232422
2017-01-31,95.30000305175781,70.09783172607422
2017-02-01,94.98999786376953,69.86980438232422
2017-02-02,95.2699966430664,70.07575988769531
2017-02-03,95.48999786376953,70.23759460449219
2017-02-06,95.44000244140625,70.20082092285156
2017-02-07,95.30999755859375,70.10517120361328
2017-02-08,95.70999908447266,70.39940643310547
2017-02-09,95.54000091552734,70.27435302734375
2017-02-10,95.30999755859375,70.10517120361328
2017-02-13,95.2699966430664,70.07575988769531
2017-02-14,95.0,69.87716674804688
2017-02-15,95.0999984741211,69.95069885253906
2017-02-16,95.54000091552734,70.27435302734375
2017-02-17,95.77999877929688,70.4509048461914
2017-02-20,95.5250015258789,70.26333618164062
2017-02-21,95.51000213623047,70.2522964477539
2017-02-22,95.43000030517578,70.19344329833984
2017-02-23,95.80000305175781,70.46561431884766
2017-02-24,96.26000213623047,70.80394744873047
2017-02-27,96.13999938964844,70.71571350097656
2017-02-28,96.19000244140625,70.75247192382812
2017-03-01,95.51000213623047,70.2522964477539
2017-03-02,95.30999755859375,70.10517120361328
2017-03-03,95.0999984741211,69.95069885253906
2017-03-06,95.33999633789062,70.12725067138672
2017-03-07,95.11000061035156,69.95807647705078
2017-03-08,94.70999908447266,69.66384887695312
2017-03-09,94.5199966430664,69.52408599853516
2017-03-10,94.6500015258789,69.61971282958984
2017-03-13,94.66999816894531,69.6344223022461
2017-03-14,94.5999984741211,69.58294677734375
2017-03-15,94.7699966430664,69.70799255371094
2017-03-16,94.19999694824219,70.18791198730469
2017-03-17,94.30999755859375,70.26985931396484
2017-03-20,94.30000305175781,70.26241302490234
2017-03-21,94.62000274658203,70.50083923339844
2017-03-22,94.80000305175781,70.63495635986328
2017-03-23,94.66999816894531,70.53809356689453
2017-03-24,94.8499984741211,70.67221069335938
2017-03-27,95.0999984741211,70.85848999023438
2017-03-28,95.12999725341797,70.88082885742188
2017-03-29,94.94000244140625,70.73927307128906
2017-03-30,94.88999938964844,70.70201110839844
2017-03-31,94.79000091552734,70.62751007080078
2017-04-03,94.94000244140625,70.73927307128906
2017-04-04,94.91999816894531,70.72437286376953
2017-04-05,94.9000015258789,70.70946502685547
2017-04-06,94.88999938964844,70.70201110839844
2017-04-07,95.02999877929688,70.80632781982422
2017-04-10,94.94999694824219,70.74671936035156
2017-04-11,95.2699966430664,70.98517608642578
2017-04-12,95.4000015258789,71.0820083618164
2017-04-13,95.43499755859375,71.10807800292969
2017-04-18,95.94999694824219,71.49181365966797
2017-04-19,95.81999969482422,71.39496612548828
2017-04-20,95.80000305175781,71.38005065917969
2017-04-21,95.80000305175781,71.38005065917969
2017-04-24,95.9800033569336,71.51417541503906
2017-04-25,95.9800033569336,71.51417541503906
2017-04-26,95.83999633789062,71.40984344482422
2017-04-27,96.06999969482422,71.58123016357422
2017-04-28,96.0,71.52909088134766
2017-05-02,96.08999633789062,71.59613037109375
2017-05-03,96.19999694824219,71.67808532714844
2017-05-04,96.33999633789062,71.78240966796875
2017-05-05,95.95999908447266,71.499267578125
2017-05-08,95.98999786376953,71.5216293334961
2017-05-09,96.1500015258789,71.64085388183594
2017-05-10,95.94999694824219,71.49181365966797
2017-05-11,95.82499694824219,71.39868927001953
2017-05-12,96.30999755859375,71.76004791259766
2017-05-15,96.41000366210938,71.83456420898438
2017-05-16,96.61000061035156,71.98358154296875
2017-05-17,97.13999938964844,72.37848663330078
2017-05-18,97.11000061035156,72.35612487792969
2017-05-19,97.16000366210938,72.39337158203125
2017-05-22,97.41000366210938,72.57965850830078
2017-05-23,97.41999816894531,72.58710479736328
2017-05-24,97.13999938964844,72.37848663330078
2017-05-25,97.43000030517578,72.59455108642578
2017-05-26,97.18000030517578,72.40829467773438
2017-05-30,97.41500091552734,72.5833969116211
2017-05-31,97.58999633789062,72.71378326416016
2017-06-01,97.5,72.64671325683594
2017-06-02,97.9800033569336,73.00436401367188
2017-06-05,97.94000244140625,72.97455596923828
2017-06-06,98.08999633789062,73.0863037109375
2017-06-07,98.01499938964844,73.03043365478516
2017-06-08,97.63999938964844,72.75102996826172
2017-06-09,97.57499694824219,72.70259857177734
2017-06-12,97.69000244140625,72.78828430175781
2017-06-13,97.72000122070312,72.81062316894531
2017-06-14,98.43000030517578,73.33964538574219
2017-06-15,97.8499984741211,72.90748596191406
2017-06-16,98.0999984741211,73.09375762939453
2017-06-19,97.97000122070312,72.99691009521484
2017-06-20,97.91000366210938,72.95218658447266
2017-06-21,97.88999938964844,72.93730163574219
2017-06-22,98.05999755859375,73.06397247314453
2017-06-23,98.23999786376953,73.19807434082031
2017-06-26,98.41000366210938,73.32475280761719
2017-06-27,98.20230102539062,73.16999053955078
2017-06-28,98.37999725341797,73.3023910522461
2017-06-29,98.19000244140625,73.16081237792969
2017-06-30,98.20999908447266,73.17572784423828
2017-07-03,97.81999969482422,72.8851318359375
2017-07-04,97.92500305175781,72.96337890625
2017-07-05,97.91000366210938,72.95218658447266
2017-07-06,97.7249984741211,72.81436157226562
2017-07-07,97.76000213623047,72.8404312133789
2017-07-10,97.9000015258789,72.94476318359375
2017-07-11,98.08000183105469,73.07887268066406
2017-07-12,98.36000061035156,73.28749084472656
2017-07-13,98.20999908447266,73.17572784423828
2017-07-14,98.62000274658203,73.48124694824219
2017-07-17,98.70999908447266,73.54828643798828
2017-07-18,99.13999938964844,73.8686752319336
2017-07-19,99.16000366210938,73.8835678100586
2017-07-20,99.5199966430664,74.15180206298828
2017-07-21,99.5999984741211,74.21141052246094
2017-07-24,99.73999786376953,74.31571960449219
2017-07-25,99.3499984741211,74.0251235961914
2017-07-26,99.12000274658203,73.85376739501953
2017-07-27,99.44999694824219,74.09962463378906
2017-07-28,99.70999908447266,74.29338073730469
2017-07-31,99.72000122070312,74.30081939697266
2017-08-01,100.06999969482422,74.56159973144531
2017-08-02,100.30999755859375,74.74042510986328
2017-08-03,100.38999938964844,74.80003356933594
2017-08-04,99.80999755859375,74.36788177490234
2017-08-07,99.87000274658203,74.41259002685547
2017-08-08,99.62999725341797,74.23377227783203
2017-08-09,99.77999877929688,74.34552764892578
2017-08-10,99.7699966430664,74.33808135986328
2017-08-11,99.9800033569336,74.49455261230469
2017-08-14,99.87999725341797,74.4200439453125
2017-08-15,99.55999755859375,74.1816177368164
2017-08-16,99.54000091552734,74.16670227050781
2017-08-17,99.81999969482422,74.37533569335938
2017-08-18,99.80000305175781,74.36043548583984
2017-08-21,100.08999633789062,74.57650756835938
2017-08-22,99.75,74.32318115234375
2017-08-23,100.0,74.50944519042969
2017-08-24,100.04000091552734,74.53926086425781
2017-08-25,100.30999755859375,74.74042510986328
2017-08-29,100.83000183105469,75.12788391113281
2017-08-30,100.5,74.88200378417969
2017-08-31,100.33000183105469,74.75532531738281
2017-09-01,100.4800033569336,74.8670883178711
2017-09-04,100.49500274658203,74.87825012207031
2017-09-05,100.83999633789062,75.13533020019531
2017-09-06,101.05999755859375,75.29925537109375
2017-09-07,101.16000366210938,75.37376403808594
2017-09-08,101.12000274658203,75.34395599365234
2017-09-11,100.79000091552734,75.09807586669922
2017-09-12,100.56999969482422,74.93415832519531
2017-09-13,100.33999633789062,74.76278686523438
2017-09-14,98.95999908447266,74.68150329589844
2017-09-15,99.4000015258789,75.01355743408203
2017-09-18,99.16999816894531,74.83998107910156
2017-09-19,99.23999786376953,74.89281463623047
2017-09-20,99.18000030517578,74.84751892089844
2017-09-21,99.20999908447266,74.87016296386719
2017-09-22,99.22000122070312,74.8777084350586
2017-09-25,99.25,74.90036010742188
2017-09-26,98.98999786376953,74.70413970947266
2017-09-27,98.70999908447266,74.49283599853516
2017-09-28,98.69999694824219,74.48530578613281
2017-09-29,98.86000061035156,74.60603332519531
2017-10-02,98.69999694824219,74.48530578613281
2017-10-03,98.91000366210938,74.64376068115234
2017-10-04,98.80999755859375,74.56831359863281
2017-10-05,99.08000183105469,74.77204895019531
2017-10-06,98.76000213623047,74.53056335449219
2017-10-09,98.62999725341797,74.43245697021484
2017-10-10,99.01000213623047,74.71923065185547
2017-10-11,99.0,74.71170043945312
2017-10-12,99.12999725341797,74.80978393554688
2017-10-13,99.44000244140625,75.04374694824219
2017-10-16,99.41000366210938,75.0210952758789
2017-10-17,99.44999694824219,75.05128479003906
2017-10-18,98.94000244140625,74.66641235351562
2017-10-19,99.33000183105469,74.96074676513672
2017-10-20,99.0199966430664,74.7267837524414
2017-10-23,98.94999694824219,74.67396545410156
2017-10-24,98.80000305175781,74.56077575683594
2017-10-25,98.77999877929688,74.54566955566406
2017-10-26,98.63999938964844,74.44001007080078
2017-10-27,98.56999969482422,74.38719177246094
2017-10-30,98.8499984741211,74.59849548339844
2017-10-31,98.80999755859375,74.56831359863281
2017-11-01,99.06999969482422,74.76451110839844
2017-11-02,99.0999984741211,74.78715515136719
2017-11-03,99.0199966430664,74.7267837524414
2017-11-06,99.13999938964844,74.81734466552734
2017-11-07,98.93000030517578,74.65885162353516
2017-11-08,99.05000305175781,74.74942779541016
2017-11-09,98.91000366210938,74.64376068115234
2017-11-10,98.61000061035156,74.4173583984375
2017-11-13,98.48999786376953,74.32682037353516
2017-11-14,98.7300033569336,74.5079345703125
2017-11-15,98.83000183105469,74.58338165283203
2017-11-16,99.04000091552734,74.74188995361328
2017-11-17,99.18000030517578,74.84751892089844
2017-11-20,98.98999786376953,74.70413970947266
2017-11-21,99.0999984741211,74.78715515136719
2017-11-22,99.33999633789062,74.96826934814453
2017-11-23,99.56999969482422,75.14185333251953
2017-11-24,99.79000091552734,75.30787658691406
2017-11-27,99.76000213623047,75.28523254394531
2017-11-28,99.69999694824219,75.23994445800781
2017-11-29,99.38999938964844,75.00601959228516
2017-11-30,99.37999725341797,74.99846649169922
2017-12-01,100.44000244140625,75.79840850830078
2017-12-04,99.55000305175781,75.12675476074219
2017-12-05,99.4800033569336,75.07392883300781
2017-12-06,99.68000030517578,75.224853515625
2017-12-07,99.69999694824219,75.23994445800781
2017-12-08,99.52999877929688,75.11166381835938
2017-12-11,99.69999694824219,75.23994445800781
2017-12-12,99.33000183105469,74.96074676513672
2017-12-13,99.51000213623047,75.0965805053711
2017-12-14,99.80999755859375,75.32296752929688
2017-12-15,99.80000305175781,75.31544494628906
2017-12-18,99.80000305175781,75.31544494628906
2017-12-19,99.52999877929688,75.11166381835938
2017-12-20,99.44999694824219,75.05128479003906
2017-12-21,99.4000015258789,75.01355743408203
2017-12-22,99.48999786376953,75.08148956298828
2017-12-27,99.9800033569336,75.45126342773438
2017-12-28,100.13999938964844,75.5719985961914
2017-12-29,100.29000091552734,75.68521118164062
2018-01-02,100.0999984741211,75.54183197021484
2018-01-03,100.25,75.65501403808594
2018-01-04,100.31999969482422,75.70785522460938
2018-01-05,100.27999877929688,75.67765808105469
2018-01-08,100.1500015258789,75.57955169677734
2018-01-09,99.86000061035156,75.36070251464844
2018-01-10,99.7699966430664,75.29278564453125
2018-01-11,99.98999786376953,75.45879364013672
2018-01-12,100.2699966430664,75.67011260986328
2018-01-15,100.59500122070312,75.91537475585938
2018-01-16,100.5999984741211,75.91915130615234
2018-01-17,100.68000030517578,75.97952270507812
2018-01-18,100.48999786376953,75.83615112304688
2018-01-19,100.18000030517578,75.6021957397461
2018-01-22,100.38999938964844,75.76068878173828
2018-01-23,100.66000366210938,75.96443176269531
2018-01-24,100.87999725341797,76.13044738769531
2018-01-25,101.18000030517578,76.35687255859375
2018-01-26,100.9800033569336,76.2059326171875
2018-01-29,100.4000015258789,75.76821899414062
2018-01-30,100.61000061035156,75.92670440673828
2018-01-31,100.75,76.03236389160156
2018-02-01,100.83000183105469,76.09273529052734
2018-02-02,100.12000274658203,75.55693054199219
2018-02-05,100.0199966430664,75.4814453125
2018-02-06,100.08999633789062,75.5342788696289
2018-02-07,99.55999755859375,75.1343002319336
2018-02-08,99.38999938964844,75.00601959228516
2018-02-09,99.05999755859375,74.75695037841797
2018-02-12,99.16000366210938,74.83242797851562
2018-02-13,99.29000091552734,74.93054962158203
2018-02-14,99.08499908447266,74.77583312988281
2018-02-15,99.69000244140625,75.23241424560547
2018-02-16,99.76499938964844,75.28901672363281
2018-02-19,99.5,75.08901977539062
2018-02-20,99.37999725341797,74.99846649169922
2018-02-21,99.23999786376953,74.89281463623047
2018-02-22,99.0,74.71170043945312
2018-02-23,99.26000213623047,74.90789794921875
2018-02-26,99.44999694824219,75.05128479003906
2018-02-27,98.8499984741211,74.59849548339844
2018-02-28,98.8499984741211,74.59849548339844
2018-03-01,98.77999877929688,74.54566955566406
2018-03-02,98.77999877929688,74.54566955566406
2018-03-05,98.9800033569336,74.69660186767578
2018-03-06,99.2300033569336,74.88526153564453
2018-03-07,99.08000183105469,74.77204895019531
2018-03-08,99.18000030517578,74.84751892089844
2018-03-09,98.9800033569336,74.69660186767578
2018-03-12,98.9800033569336,74.69660186767578
2018-03-13,99.25,74.90036010742188
2018-03-14,99.1500015258789,74.82488250732422
2018-03-15,97.81999969482422,74.75205993652344
2018-03-16,97.80000305175781,74.73678588867188
2018-03-19,97.8499984741211,74.77499389648438
2018-03-20,97.5199966430664,74.5228042602539
2018-03-21,97.33999633789062,74.38526916503906
2018-03-22,97.75,74.69856262207031
2018-03-23,97.7249984741211,74.6794662475586
2018-03-26,98.0,74.88961791992188
2018-03-27,98.0199966430664,74.90489196777344
2018-03-28,97.95999908447266,74.85905456542969
2018-03-29,98.0,74.88961791992188
2018-04-03,97.9800033569336,74.87435150146484
2018-04-04,97.91999816894531,74.8284912109375
2018-04-05,97.69000244140625,74.6527328491211
2018-04-06,98.06999969482422,74.943115234375
2018-04-09,98.18000030517578,75.02716064453125
2018-04-10,98.36000061035156,75.16471099853516
2018-04-11,98.54000091552734,75.30227661132812
2018-04-12,98.19000244140625,75.0348129272461
2018-04-13,98.37999725341797,75.18000793457031
2018-04-16,98.27999877929688,75.10359191894531
2018-04-17,98.30999755859375,75.12651062011719
2018-04-18,98.44999694824219,75.2334976196289
2018-04-19,97.76000213623047,74.70620727539062
2018-04-20,97.63999938964844,74.614501953125
2018-04-23,97.16000366210938,74.24771118164062
2018-04-24,97.18000030517578,74.26298522949219
2018-04-25,96.69000244140625,73.88854217529297
2018-04-26,96.73999786376953,73.92675018310547
2018-04-27,97.0,74.12543487548828
2018-04-30,96.91000366210938,74.0566635131836
2018-05-01,96.44999694824219,73.70514678955078
2018-05-02,96.44000244140625,73.69749450683594
2018-05-03,96.4000015258789,73.66692352294922
2018-05-04,96.33000183105469,73.61344146728516
2018-05-08,95.95999908447266,73.3306884765625
2018-05-09,95.94000244140625,73.31539916992188
2018-05-10,96.08000183105469,73.42239379882812
2018-05-11,96.55000305175781,73.78156280517578
2018-05-14,96.54000091552734,73.77391815185547
2018-05-15,95.97000122070312,73.33832550048828
2018-05-16,95.6449966430664,73.0899658203125
2018-05-17,95.5199966430664,72.99444580078125
2018-05-18,95.54000091552734,73.0097427368164
2018-05-21,95.62999725341797,73.07852172851562
2018-05-22,95.66000366210938,73.1014404296875
2018-05-23,95.51499938964844,72.99063110351562
2018-05-24,95.91000366210938,73.29247283935547
2018-05-25,95.9000015258789,73.28484344482422
2018-05-29,95.83000183105469,73.2313461303711
2018-05-30,94.7699966430664,72.42132568359375
2018-05-31,96.23999786376953,73.5446548461914
2018-06-01,95.98999786376953,73.35362243652344
2018-06-04,95.97000122070312,73.33832550048828
2018-06-05,96.0199966430664,73.37653350830078
2018-06-06,95.7699966430664,73.18548583984375
2018-06-07,95.76000213623047,73.1778564453125
2018-06-08,95.87000274658203,73.26191711425781
2018-06-11,95.81999969482422,73.22369384765625
2018-06-12,95.80999755859375,73.21607208251953
2018-06-13,95.9000015258789,73.28484344482422
2018-06-14,95.54000091552734,73.0097427368164
2018-06-15,95.80999755859375,73.21607208251953
2018-06-18,95.45999908447266,72.94860076904297
2018-06-19,95.55999755859375,73.0250244140625
2018-06-20,95.55999755859375,73.0250244140625
2018-06-21,95.41000366210938,72.91040802001953
2018-06-22,95.55999755859375,73.0250244140625
2018-06-25,95.66000366210938,73.1014404296875
2018-06-26,95.62000274658203,73.07086944580078
2018-06-27,95.55999755859375,73.0250244140625
2018-06-28,95.45999908447266,72.94860076904297
2018-06-29,95.69999694824219,73.13199615478516
2018-07-02,95.5,72.97916412353516
2018-07-03,95.8499984741211,73.24662017822266
2018-07-04,95.7300033569336,73.1549301147461
2018-07-05,96.0199966430664,73.37653350830078
2018-07-06,96.27999877929688,73.57523345947266
2018-07-09,96.30000305175781,73.59051513671875
2018-07-10,96.30000305175781,73.59051513671875
2018-07-11,96.23999786376953,73.5446548461914
2018-07-12,96.27999877929688,73.57523345947266
2018-07-13,96.3499984741211,73.62871551513672
2018-07-16,96.37999725341797,73.6516342163086
2018-07-17,96.36000061035156,73.6363754272461
2018-07-18,96.16000366210938,73.48353576660156
2018-07-19,96.06999969482422,73.41474914550781
2018-07-20,96.2300033569336,73.5370101928711
2018-07-23,95.94000244140625,73.31539916992188
2018-07-24,96.05000305175781,73.39946746826172
2018-07-25,96.16000366210938,73.48353576660156
2018-07-26,96.23999786376953,73.5446548461914
2018-07-27,96.30999755859375,73.59814453125
2018-07-30,96.27999877929688,73.57523345947266
2018-07-31,96.29000091552734,73.5828628540039
2018-08-01,96.1500015258789,73.47589111328125
2018-08-02,96.01000213623047,73.36890411376953
2018-08-03,96.23999786376953,73.5446548461914
2018-08-06,96.27999877929688,73.57523345947266
2018-08-07,96.23999786376953,73.5446548461914
2018-08-08,96.16999816894531,73.49116516113281
2018-08-09,96.05000305175781,73.39946746826172
2018-08-10,95.7699966430664,73.18548583984375
2018-08-13,95.87000274658203,73.26191711425781
2018-08-14,95.76499938964844,73.18167877197266
2018-08-15,95.76000213623047,73.1778564453125
2018-08-16,96.0,73.36124420166016
2018-08-17,96.12000274658203,73.45295715332031
2018-08-20,96.37999725341797,73.6516342163086
2018-08-21,96.5,73.74333953857422
2018-08-22,96.4800033569336,73.72805786132812
2018-08-23,96.45500183105469,73.7089614868164
2018-08-24,96.6500015258789,73.85797882080078
2018-08-28,96.73999786376953,73.92675018310547
2018-08-29,96.51000213623047,73.7509994506836
2018-08-30,96.37999725341797,73.6516342163086
2018-08-31,96.4000015258789,73.66692352294922
2018-09-03,96.33499908447266,73.61725616455078
2018-09-04,96.02999877929688,73.3841781616211
2018-09-05,96.0,73.36124420166016
2018-09-06,96.20999908447266,73.52173614501953
2018-09-07,95.8499984741211,73.24662017822266
2018-09-10,96.12000274658203,73.45295715332031
2018-09-11,95.88999938964844,73.27719116210938
2018-09-12,96.2300033569336,73.5370101928711
2018-09-13,95.19000244140625,73.74246215820312
2018-09-14,95.08000183105469,73.65725708007812
2018-09-17,95.08000183105469,73.65725708007812
2018-09-18,94.95999908447266,73.56428527832031
2018-09-19,94.7699966430664,73.41709899902344
2018-09-20,95.08000183105469,73.65725708007812
2018-09-21,95.12999725341797,73.69596862792969
2018-09-24,94.95500183105469,73.56040954589844
2018-09-25,94.76000213623047,73.40934753417969
2018-09-26,94.91999816894531,73.53328704833984
2018-09-27,94.80999755859375,73.44808197021484
2018-09-28,94.95999908447266,73.56428527832031
2018-10-01,94.80000305175781,73.44032287597656
2018-10-02,94.87999725341797,73.50231170654297
2018-10-03,94.4800033569336,73.19243621826172
2018-10-04,93.94999694824219,72.78185272216797
2018-10-05,93.82499694824219,72.68500518798828
2018-10-08,93.62999725341797,72.53394317626953
2018-10-09,93.88999938964844,72.73536682128906
2018-10-10,93.7699966430664,72.64241790771484
2018-10-11,93.97000122070312,72.79735565185547
2018-10-12,94.11000061035156,72.90580749511719
2018-10-15,94.20999908447266,72.98326873779297
2018-10-16,94.29000091552734,73.04524993896484
2018-10-17,94.1500015258789,72.93679809570312
2018-10-18,94.02999877929688,72.84382629394531
2018-10-19,93.68000030517578,72.57270050048828
2018-10-22,93.69999694824219,72.58817291259766
2018-10-23,93.80999755859375,72.67338562011719
2018-10-24,93.69000244140625,72.58043670654297
2018-10-25,93.4749984741211,72.41387176513672
2018-10-26,93.68000030517578,72.57270050048828
2018-10-29,93.58000183105469,72.4952163696289
2018-10-30,93.44999694824219,72.39452362060547
2018-10-31,93.08000183105469,72.10787963867188
2018-11-01,93.41000366210938,72.36351776123047
2018-11-02,93.30999755859375,72.28606414794922
2018-11-05,93.44000244140625,72.38675689697266
2018-11-06,93.5199966430664,72.44873046875
2018-11-07,93.83999633789062,72.69664764404297
2018-11-08,93.62999725341797,72.53394317626953
2018-11-09,93.38999938964844,72.34803009033203
2018-11-12,93.19000244140625,72.1930923461914
2018-11-13,93.11000061035156,72.1311264038086
2018-11-14,93.12000274658203,72.13886260986328
2018-11-15,92.80999755859375,71.8987045288086
2018-11-16,93.16999816894531,72.17760467529297
2018-11-19,93.11499786376953,72.13497161865234
2018-11-20,92.9000015258789,71.96843719482422
2018-11-21,93.02999877929688,72.06912994384766
2018-11-22,92.93000030517578,71.99166107177734
2018-11-23,92.80999755859375,71.8987045288086
2018-11-26,93.0,72.04588317871094
2018-11-27,92.77999877929688,71.8754653930664
2018-11-28,92.5999984741211,71.73602294921875
2018-11-29,92.94000244140625,71.99942779541016
2018-11-30,92.73999786376953,71.84446716308594
2018-12-03,93.05999755859375,72.0923843383789
2018-12-04,93.0999984741211,72.12336730957031
2018-12-05,92.83999633789062,71.92194366455078
2018-12-06,92.97000122070312,72.02265930175781
2018-12-07,92.86000061035156,71.93745422363281
2018-12-10,93.22000122070312,72.21632385253906
2018-12-11,93.08999633789062,72.11561584472656
2018-12-12,93.22000122070312,72.21632385253906
2018-12-13,93.30000305175781,72.27830505371094
2018-12-14,93.29000091552734,72.27056884765625
2018-12-17,93.58999633789062,72.50294494628906
2018-12-18,93.77999877929688,72.650146484375
2018-12-19,93.88999938964844,72.73536682128906
2018-12-20,93.79000091552734,72.65789794921875
2018-12-21,93.55000305175781,72.47197723388672
2018-12-24,93.83999633789062,72.69664764404297
2018-12-27,93.62999725341797,72.53394317626953
2018-12-28,93.6500015258789,72.54945373535156
2018-12-31,93.87999725341797,72.72762298583984
2019-01-02,93.97000122070312,72.79735565185547
2019-01-03,94.16000366210938,72.94453430175781
2019-01-04,94.0999984741211,72.89804077148438
2019-01-07,94.30000305175781,73.05300903320312
2019-01-08,94.27999877929688,73.03749084472656
2019-01-09,94.62999725341797,73.30863189697266
2019-01-10,94.51000213623047,73.2156753540039
2019-01-11,94.54499816894531,73.24279022216797
2019-01-14,94.6500015258789,73.32412719726562
2019-01-15,94.44999694824219,73.16920471191406
2019-01-16,94.4749984741211,73.18856048583984
2019-01-17,94.50499725341797,73.21180725097656
2019-01-18,94.72000122070312,73.37835693359375
2019-01-21,94.79000091552734,73.43258666992188
2019-01-22,94.80999755859375,73.44808197021484
2019-01-23,94.91000366210938,73.52556610107422
2019-01-24,94.94999694824219,73.5565414428711
2019-01-25,95.33000183105469,73.85092163085938
2019-01-28,95.41000366210938,73.91290283203125
2019-01-29,95.41999816894531,73.9206314086914
2019-01-30,95.62000274658203,74.0755844116211
2019-01-31,96.19000244140625,74.51715850830078
2019-02-01,96.20999908447266,74.53264617919922
2019-02-04,96.05000305175781,74.40869140625
2019-02-05,96.2750015258789,74.5830078125
2019-02-06,96.09500122070312,74.44354248046875
2019-02-07,95.94999694824219,74.33123016357422
2019-02-08,95.91000366210938,74.30023956298828
2019-02-11,95.9000015258789,74.29249572753906
2019-02-12,95.91000366210938,74.30023956298828
2019-02-13,95.91000366210938,74.30023956298828
2019-02-14,95.91999816894531,74.3079833984375
2019-02-15,95.8499984741211,74.25375366210938
2019-02-18,96.06500244140625,74.42031860351562
2019-02-19,96.29000091552734,74.59461212158203
2019-02-20,96.25,74.56362915039062
2019-02-21,96.06999969482422,74.4241943359375
2019-02-22,96.33999633789062,74.63336181640625
2019-02-25,96.36000061035156,74.64885711669922
2019-02-26,96.45999908447266,74.726318359375
2019-02-27,96.41000366210938,74.68759155273438
2019-02-28,96.4000015258789,74.67984008789062
2019-03-01,96.3499984741211,74.64110565185547
2019-03-04,96.29000091552734,74.59461212158203
2019-03-05,96.0,74.36996459960938
2019-03-06,96.33999633789062,74.63336181640625
2019-03-07,96.2699966430664,74.5791244506836
2019-03-08,96.11000061035156,74.45518493652344
2019-03-11,96.36000061035156,74.64885711669922
2019-03-12,96.70999908447266,74.91999053955078
2019-03-13,96.7699966430664,74.96646118164062
2019-03-14,95.47000122070312,75.00725555419922
2019-03-15,95.66000366210938,75.1565170288086
2019-03-18,95.62999725341797,75.1329574584961
2019-03-19,95.80999755859375,75.27437591552734
2019-03-20,95.7699966430664,75.24293518066406
2019-03-21,96.20500183105469,75.58472442626953
2019-03-22,96.62999725341797,75.91860961914062
2019-03-25,96.48999786376953,75.80862426757812
2019-03-26,96.63999938964844,75.92648315429688
2019-03-27,96.66000366210938,75.94220733642578
2019-03-28,96.6500015258789,75.93433380126953
2019-03-29,96.63999938964844,75.92648315429688
2019-04-01,96.45999908447266,75.78504943847656
2019-04-02,96.41000366210938,75.74578094482422
2019-04-03,96.20999908447266,75.58863830566406
2019-04-04,96.37999725341797,75.72218322753906
2019-04-05,96.44999694824219,75.77719116210938
2019-04-08,96.44999694824219,75.77719116210938
2019-04-09,96.73999786376953,76.00504302978516
2019-04-10,96.88999938964844,76.12289428710938
2019-04-11,96.81999969482422,76.0678939819336
2019-04-12,96.88999938964844,76.12289428710938
2019-04-15,96.83999633789062,76.08358764648438
2019-04-16,96.5999984741211,75.8950424194336
2019-04-17,96.6050033569336,75.89897155761719
2019-04-18,96.73999786376953,76.00504302978516
2019-04-23,96.3499984741211,75.6986312866211
2019-04-24,96.9000015258789,76.1307601928711
2019-04-25,96.58000183105469,75.87933349609375
2019-04-26,96.9800033569336,76.193603515625
2019-04-29,96.73999786376953,76.00504302978516
2019-04-30,96.83000183105469,76.07574462890625
2019-05-01,97.20999908447266,76.3742904663086
2019-05-02,96.55000305175781,75.85577392578125
2019-05-03,96.87999725341797,76.11503601074219
2019-05-07,97.0,76.20930480957031
2019-05-08,96.87999725341797,76.11503601074219
2019-05-09,96.9000015258789,76.1307601928711
2019-05-10,97.0,76.20930480957031
2019-05-13,96.87999725341797,76.11503601074219
2019-05-14,96.87000274658203,76.107177734375
2019-05-15,96.86000061035156,76.09932708740234
2019-05-16,97.08000183105469,76.27216339111328
2019-05-17,96.94000244140625,76.16217803955078
2019-05-20,96.93000030517578,76.15431213378906
2019-05-21,96.77999877929688,76.03646087646484
2019-05-22,96.73999786376953,76.00504302978516
2019-05-23,96.9000015258789,76.1307601928711
2019-05-24,97.16000366210938,76.33502197265625
2019-05-28,97.23500061035156,76.3939437866211
2019-05-29,97.0199966430664,76.22502136230469
2019-05-30,97.26000213623047,76.41358947753906
2019-05-31,97.30000305175781,76.44500732421875
2019-06-03,97.7699966430664,76.81426239013672
2019-06-04,97.94000244140625,76.94783782958984
2019-06-05,98.1500015258789,77.11283874511719
2019-06-06,98.33999633789062,77.2621078491211
2019-06-07,98.80999755859375,77.63135528564453
2019-06-10,98.61000061035156,77.47422790527344
2019-06-11,98.55999755859375,77.43494415283203
2019-06-12,98.56999969482422,77.44280242919922
2019-06-13,98.69999694824219,77.54493713378906
2019-06-14,98.6500015258789,77.50566101074219
2019-06-17,98.61000061035156,77.47422790527344
2019-06-18,99.02999877929688,77.80421447753906
2019-06-19,99.0199966430664,77.79634857177734
2019-06-20,100.43000030517578,78.9041519165039
2019-06-21,99.91999816894531,78.50344848632812
2019-06-24,100.23999786376953,78.7548599243164
2019-06-25,100.0999984741211,78.64485931396484
2019-06-26,100.01000213623047,78.57415771484375
2019-06-27,100.06999969482422,78.62129211425781
2019-06-28,100.27999877929688,78.78630065917969
2019-07-01,100.45999908447266,78.92769622802734
2019-07-02,100.55999755859375,79.00626373291016
2019-07-03,100.69000244140625,79.10840606689453
2019-07-04,100.79000091552734,79.18697357177734
2019-07-05,99.86000061035156,78.45630645751953
2019-07-08,100.05000305175781,78.6055908203125
2019-07-09,99.72000122070312,78.3463134765625
2019-07-10,100.05999755859375,78.61343383789062
2019-07-11,99.95999908447266,78.53487396240234
2019-07-12,99.72000122070312,78.3463134765625
2019-07-15,99.87000274658203,78.46415710449219
2019-07-16,99.62000274658203,78.26775360107422
2019-07-17,99.9000015258789,78.48773956298828
2019-07-18,99.91999816894531,78.50344848632812
2019-07-19,100.2699966430664,78.77843475341797
2019-07-22,100.31999969482422,78.81770324707031
2019-07-23,100.2699966430664,78.77843475341797
2019-07-24,100.4000015258789,78.88056182861328
2019-07-25,100.33999633789062,78.83342742919922
2019-07-26,100.41000366210938,78.88841247558594
2019-07-29,100.31999969482422,78.81770324707031
2019-07-30,100.16000366210938,78.6920166015625
2019-07-31,100.41999816894531,78.89628601074219
2019-08-01,100.29000091552734,78.79415130615234
2019-08-02,100.45999908447266,78.92769622802734
2019-08-05,100.91999816894531,79.28910064697266
2019-08-06,101.08000183105469,79.41482543945312
2019-08-07,101.45999908447266,79.71337890625
2019-08-08,101.44000244140625,79.69766235351562
2019-08-09,101.4000015258789,79.66621398925781
2019-08-12,101.52999877929688,79.76837921142578
2019-08-13,101.72000122070312,79.9176254272461
2019-08-14,101.66000366210938,79.87049865722656
2019-08-15,101.66999816894531,79.87836456298828
2019-08-16,101.83000183105469,80.00408172607422
2019-08-19,101.87999725341797,80.04334259033203
2019-08-20,101.98999786376953,80.1297607421875
2019-08-21,102.16999816894531,80.27119445800781
2019-08-22,101.98999786376953,80.1297607421875
2019-08-23,102.37000274658203,80.42832946777344
2019-08-27,102.51000213623047,80.53832244873047
2019-08-28,102.5999984741211,80.6090316772461
2019-08-29,102.58999633789062,80.60116577148438
2019-08-30,102.0999984741211,80.21617889404297
2019-09-02,102.01000213623047,80.14550018310547
2019-09-03,102.26000213623047,80.3418960571289
2019-09-04,102.44000244140625,80.48332214355469
2019-09-05,101.79000091552734,79.9726333618164
2019-09-06,102.19000244140625,80.2868881225586
2019-09-09,101.94999694824219,80.09832763671875
2019-09-10,101.51000213623047,79.75264739990234
2019-09-11,101.19000244140625,79.50123596191406
2019-09-12,99.87999725341797,79.55014038085938
2019-09-13,99.33999633789062,79.12005615234375
2019-09-16,99.30999755859375,79.09616088867188
2019-09-17,99.4000015258789,79.1678466796875
2019-09-18,99.87999725341797,79.55014038085938
2019-09-19,99.93000030517578,79.5899658203125
2019-09-20,99.91000366210938,79.57403564453125
2019-09-23,100.27999877929688,79.86873626708984
2019-09-24,100.44000244140625,79.99617004394531
2019-09-25,100.06999969482422,79.70146179199219
2019-09-26,99.87999725341797,79.55014038085938
2019-09-27,100.0199966430664,79.6616439819336
2019-09-30,100.04000091552734,79.67758178710938
2019-10-01,100.45999908447266,80.01207733154297
2019-10-02,100.16999816894531,79.78112030029297
2019-10-03,100.48999786376953,80.0359878540039
2019-10-04,100.69000244140625,80.19526672363281
2019-10-07,100.62000274658203,80.1395263671875
2019-10-08,100.55000305175781,80.0837631225586
2019-10-09,100.46499633789062,80.01605987548828
2019-10-10,100.26000213623047,79.85279083251953
2019-10-11,100.25,79.84481811523438
2019-10-14,100.37000274658203,79.94041442871094
2019-10-15,100.18000030517578,79.7890853881836
2019-10-16,100.48999786376953,80.0359878540039
2019-10-17,100.69000244140625,80.19526672363281
2019-10-18,100.79000091552734,80.2749252319336
2019-10-21,100.58999633789062,80.1156234741211
2019-10-22,100.79000091552734,80.2749252319336
2019-10-23,100.87000274658203,80.33863067626953
2019-10-24,100.91000366210938,80.37049865722656
2019-10-25,100.8499984741211,80.32269287109375
2019-10-28,100.58000183105469,80.10767364501953
2019-10-29,100.66000366210938,80.17138671875
2019-10-30,100.43000030517578,79.98820495605469
2019-10-31,101.12999725341797,80.54572296142578
2019-11-01,101.30999755859375,80.68907928466797
2019-11-04,100.9000015258789,80.36253356933594
2019-11-05,100.30999755859375,79.89261627197266
2019-11-06,100.3499984741211,79.92448425292969
2019-11-07,100.12000274658203,79.74130249023438
2019-11-08,100.06999969482422,79.70146179199219
2019-11-11,99.80999755859375,79.49439239501953
2019-11-12,99.83999633789062,79.5182876586914
2019-11-13,100.0199966430664,79.6616439819336
2019-11-14,100.33999633789062,79.91651153564453
2019-11-15,100.52999877929688,80.06782531738281
2019-11-18,100.79000091552734,80.2749252319336
2019-11-19,100.7699966430664,80.25898742675781
2019-11-20,100.80999755859375,80.29084777832031
2019-11-21,100.68000030517578,80.18730926513672
2019-11-22,100.56999969482422,80.09969329833984
2019-11-25,100.9000015258789,80.36253356933594
2019-11-26,101.08000183105469,80.50589752197266
2019-11-27,101.02999877929688,80.46605682373047
2019-11-28,100.91000366210938,80.37049865722656
2019-11-29,100.97000122070312,80.41828918457031
2019-12-02,100.88999938964844,80.35457611083984
2019-12-03,101.30999755859375,80.68907928466797
2019-12-04,101.20999908447266,80.60944366455078
2019-12-05,101.25,80.64128112792969
2019-12-06,101.25,80.64128112792969
2019-12-09,101.31999969482422,80.6970443725586
2019-12-10,101.26000213623047,80.64925384521484
2019-12-11,101.33999633789062,80.71296691894531
2019-12-12,101.2300033569336,80.62537384033203
2019-12-13,101.87999725341797,81.14305114746094
2019-12-16,101.62000274658203,80.93599700927734
2019-12-17,101.69999694824219,80.99969482421875
2019-12-18,101.5,80.84039306640625
2019-12-19,101.55999755859375,80.88819122314453
2019-12-20,101.48999786376953,80.83243560791016
2019-12-23,101.54000091552734,80.87226867675781
2019-12-24,101.36499786376953,80.73287200927734
2019-12-27,102.05999755859375,81.28641510009766
2019-12-30,101.87999725341797,81.14305114746094
2019-12-31,101.91999816894531,81.17491912841797
2020-01-02,102.01000213623047,81.24661254882812
2020-01-03,102.12000274658203,81.3342056274414
2020-01-06,102.06999969482422,81.29438781738281
2020-01-07,102.01000213623047,81.24661254882812
2020-01-08,101.87000274658203,81.13508605957031
2020-01-09,101.62999725341797,80.94393920898438
2020-01-10,102.19000244140625,81.38994598388672
2020-01-13,101.91000366210938,81.16695404052734
2020-01-14,102.02999877929688,81.26252746582031
2020-01-15,102.31999969482422,81.4935073852539
2020-01-16,102.16999816894531,81.37403869628906
2020-01-17,102.25,81.437744140625
2020-01-20,102.19000244140625,81.38994598388672
2020-01-21,102.52999877929688,81.66075897216797
2020-01-22,102.5,81.6368637084961
2020-01-23,102.54000091552734,81.66870880126953
2020-01-24,102.79000091552734,81.86783599853516
2020-01-27,102.37999725341797,81.54129028320312
2020-01-28,102.62000274658203,81.7324447631836
2020-01-29,102.95999908447266,82.00323486328125
2020-01-30,102.91000366210938,81.9634017944336
2020-01-31,103.47000122070312,82.40943145751953
2020-02-03,103.31999969482422,82.28997039794922
2020-02-04,103.08999633789062,82.10677337646484
2020-02-05,102.72000122070312,81.81208801269531
2020-02-06,102.91999816894531,81.97136688232422
2020-02-07,102.8499984741211,81.91561126708984
2020-02-10,103.02999877929688,82.0589828491211
2020-02-11,103.04000091552734,82.06694030761719
2020-02-12,102.66999816894531,81.77225494384766
2020-02-13,102.73999786376953,81.82801055908203
2020-02-14,103.11000061035156,82.1227035522461
2020-02-17,102.81999969482422,81.8917236328125
2020-02-18,103.0,82.03508758544922
2020-02-19,102.87000274658203,81.93156433105469
2020-02-20,102.87000274658203,81.93156433105469
2020-02-21,103.41999816894531,82.3696060180664
2020-02-24,103.5,82.43331909179688
2020-02-25,103.44999694824219,82.39349365234375
2020-02-26,103.19999694824219,82.19438171386719
2020-02-27,102.94000244140625,81.98731231689453
2020-02-28,103.05999755859375,82.08287048339844
2020-03-02,104.04000091552734,82.86339569091797
2020-03-03,104.94000244140625,83.5802230834961
2020-03-04,104.80999755859375,83.4766845703125
2020-03-05,104.80000305175781,83.46871185302734
2020-03-06,105.44999694824219,83.98641967773438
2020-03-09,104.0,82.83155059814453
2020-03-10,101.94999694824219,81.19879150390625
2020-03-11,101.94000244140625,81.19084930419922
2020-03-12,94.2300033569336,76.009033203125
2020-03-13,95.51000213623047,77.04151916503906
2020-03-16,92.18000030517578,74.3554458618164
2020-03-17,92.44999694824219,74.5732192993164
2020-03-18,88.5,71.38703155517578
2020-03-19,88.94999694824219,71.75001525878906
2020-03-20,88.72000122070312,71.56448364257812
2020-03-23,90.6500015258789,73.12126922607422
2020-03-24,91.55999755859375,73.85531616210938
2020-03-25,92.5999984741211,74.69422149658203
2020-03-26,94.12000274658203,75.92029571533203
2020-03-27,94.77999877929688,76.45268249511719
2020-03-30,96.05000305175781,77.47710418701172
2020-03-31,95.12999725341797,76.73502349853516
2020-04-01,95.26000213623047,76.8398666381836
2020-04-02,94.98500061035156,76.61803436279297
2020-04-03,94.68000030517578,76.37201690673828
2020-04-06,95.51000213623047,77.04151916503906
2020-04-07,96.37999725341797,77.74329376220703
2020-04-08,96.81999969482422,78.09819793701172
2020-04-09,99.30999755859375,80.10672760009766
2020-04-14,100.25,80.86495208740234
2020-04-15,99.63999938964844,80.37293243408203
2020-04-16,99.68000030517578,80.40518951416016
2020-04-17,100.0,80.6633071899414
2020-04-20,99.3499984741211,80.13897705078125
2020-04-21,99.0,79.8566665649414
2020-04-22,99.05999755859375,79.90507507324219
2020-04-23,99.44999694824219,80.21965026855469
2020-04-24,99.18000030517578,80.00187683105469
2020-04-27,99.45999908447266,80.22771453857422
2020-04-28,98.5999984741211,79.53401947021484
2020-04-29,99.80000305175781,80.50196838378906
2020-04-30,100.22000122070312,80.84075927734375
2020-05-01,99.68000030517578,80.40518951416016
2020-05-04,99.37999725341797,80.16319274902344
2020-05-05,99.37999725341797,80.16319274902344
2020-05-06,97.94999694824219,79.00971984863281
2020-05-07,98.07499694824219,79.11054229736328
2020-05-11,97.80000305175781,78.88872528076172
2020-05-12,98.54000091552734,79.4856185913086
2020-05-13,98.24500274658203,79.24767303466797
2020-05-14,97.88999938964844,78.96131134033203
2020-05-15,98.63999938964844,79.5662841796875
2020-05-18,99.33999633789062,80.13092803955078
2020-05-19,99.4800033569336,80.24386596679688
2020-05-20,99.70999908447266,80.42938995361328
2020-05-21,99.95500183105469,80.62701416015625
2020-05-22,99.9800033569336,80.64717864990234
2020-05-26,100.62999725341797,81.17147827148438
2020-05-27,100.13999938964844,80.77623748779297
2020-05-28,100.80999755859375,81.31669616699219
2020-05-29,101.4800033569336,81.85712432861328
2020-06-01,101.37000274658203,81.76840209960938
2020-06-02,101.87000274658203,82.17171478271484
2020-06-03,101.95999908447266,82.24429321289062
2020-06-04,102.25499725341797,82.48226928710938
2020-06-05,102.87999725341797,82.98640441894531
2020-06-08,103.0,83.08320617675781
2020-06-09,102.80000305175781,82.92186737060547
2020-06-10,102.93000030517578,83.02674102783203
2020-06-11,102.91000366210938,83.01060485839844
2020-06-12,102.58999633789062,82.75247955322266
2020-06-15,102.5,82.67987823486328
2020-06-16,103.44000244140625,83.43812561035156
2020-06-17,102.7699966430664,82.8976821899414
2020-06-18,102.95999908447266,83.05094909667969
2020-06-19,103.23999786376953,83.27679443359375
2020-06-22,103.37999725341797,83.38972473144531
2020-06-23,103.48999786376953,83.47846221923828
2020-06-24,102.80000305175781,82.92186737060547
2020-06-25,102.73999786376953,82.87348937988281
2020-06-26,102.91999816894531,83.0186767578125
2020-06-29,103.30999755859375,83.33325958251953
2020-06-30,103.80000305175781,83.728515625
2020-07-01,103.66999816894531,83.62364959716797
2020-07-02,104.13999938964844,84.00276184082031
2020-07-03,103.8499984741211,83.76883697509766
2020-07-06,104.30999755859375,84.139892578125
2020-07-07,104.125,83.99067687988281
2020-07-08,104.66000366210938,84.4222183227539
2020-07-09,104.66000366210938,84.4222183227539
2020-07-10,104.80999755859375,84.54320526123047
2020-07-13,104.80999755859375,84.54320526123047
2020-07-14,104.93000030517578,84.64000701904297
2020-07-15,105.01000213623047,84.70454406738281
2020-07-16,105.41999816894531,85.03524780273438
2020-07-17,105.61000061035156,85.1884994506836
2020-07-20,105.83999633789062,85.37403869628906
2020-07-21,106.41000366210938,85.83383178710938
2020-07-22,106.5999984741211,85.98709106445312
2020-07-23,106.52999877929688,85.93061065673828
2020-07-24,106.69999694824219,86.0677490234375
2020-07-27,107.12000274658203,86.40653991699219
2020-07-28,106.94000244140625,86.26133728027344
2020-07-29,106.91999816894531,86.2452163696289
2020-07-30,107.19999694824219,86.47106170654297
2020-07-31,107.41999816894531,86.64852905273438
2020-08-03,107.19000244140625,86.4629898071289
2020-08-04,107.49500274658203,86.70902252197266
2020-08-05,107.91000366210938,87.04376983642578
2020-08-06,108.11000061035156,87.2051010131836
2020-08-07,107.88999938964844,87.02763366699219
2020-08-10,107.83000183105469,86.97923278808594
2020-08-11,107.3499984741211,86.59205627441406
2020-08-12,107.1050033569336,86.39443969726562
2020-08-13,107.13999938964844,86.42266082763672
2020-08-14,106.66999816894531,86.04354858398438
2020-08-17,106.91000366210938,86.23714447021484
2020-08-18,106.93000030517578,86.25326538085938
2020-08-19,107.19000244140625,86.4629898071289
2020-08-20,106.93000030517578,86.25326538085938
2020-08-21,106.86499786376953,86.20083618164062
2020-08-24,107.05000305175781,86.35006713867188
2020-08-25,106.5999984741211,85.98709106445312
2020-08-26,106.30000305175781,85.7450942993164
2020-08-27,106.31999969482422,85.76123046875
2020-08-28,106.73999786376953,86.10000610351562
2020-09-01,107.08999633789062,86.38233947753906
2020-09-02,107.13999938964844,86.42266082763672
2020-09-03,107.02999877929688,86.33393859863281
2020-09-04,106.55999755859375,85.95482635498047
2020-09-07,106.55999755859375,85.95482635498047
2020-09-08,106.52999877929688,85.93061065673828
2020-09-09,106.68000030517578,86.0516128540039
2020-09-10,106.41000366210938,85.83383178710938
2020-09-11,106.55999755859375,85.95482635498047
2020-09-14,106.86000061035156,86.1968002319336
2020-09-15,106.9800033569336,86.29363250732422
2020-09-16,106.9000015258789,86.22908020019531
2020-09-17,105.7699966430664,86.28894805908203
2020-09-18,105.9800033569336,86.46028137207031
2020-09-21,105.23999786376953,85.85655975341797
2020-09-22,105.0999984741211,85.74235534667969
2020-09-23,105.12999725341797,85.76683807373047
2020-09-24,104.54000091552734,85.28549194335938
2020-09-25,104.30000305175781,85.08970642089844
2020-09-28,104.79000091552734,85.48945617675781
2020-09-29,105.0999984741211,85.74235534667969
2020-09-30,104.87000274658203,85.55472564697266
2020-10-01,105.11000061035156,85.75053405761719
2020-10-02,104.87000274658203,85.55472564697266
2020-10-05,105.2699966430664,85.88105010986328
2020-10-06,105.2699966430664,85.88105010986328
2020-10-07,105.20999908447266,85.83209991455078
2020-10-08,105.30000305175781,85.90553283691406
2020-10-09,105.55999755859375,86.11763763427734
2020-10-12,105.73999786376953,86.26448059082031
2020-10-13,105.73999786376953,86.26448059082031
2020-10-14,105.91000366210938,86.4031753540039
2020-10-15,105.41999816894531,86.00341033935547
2020-10-16,105.77999877929688,86.29710388183594
2020-10-19,105.79000091552734,86.30528259277344
2020-10-20,105.69999694824219,86.2318344116211
2020-10-21,105.58999633789062,86.14210510253906
2020-10-22,105.45999908447266,86.03606414794922
2020-10-23,105.5199966430664,86.08499908447266
2020-10-26,105.5999984741211,86.15025329589844
2020-10-27,105.86499786376953,86.366455078125
2020-10-28,105.36000061035156,85.95448303222656
2020-10-29,104.86000061035156,85.54656982421875
2020-10-30,104.6500015258789,85.37525177001953
2020-11-02,104.97000122070312,85.63629150390625
2020-11-03,105.19000244140625,85.81578826904297
2020-11-04,105.70999908447266,86.2400131225586
2020-11-05,106.5199966430664,86.90082550048828
2020-11-06,106.87000274658203,87.18634796142578
2020-11-09,106.0199966430664,86.4928970336914
2020-11-10,105.86000061035156,86.36238098144531
2020-11-11,105.7249984741211,86.25222778320312
2020-11-12,105.91000366210938,86.4031753540039
2020-11-13,106.44000244140625,86.83556365966797
2020-11-16,106.44000244140625,86.83556365966797
2020-11-17,106.91999816894531,87.2271499633789
2020-11-18,107.02999877929688,87.31687927246094
2020-11-19,107.16000366210938,87.42294311523438
2020-11-20,107.30000305175781,87.53715515136719
2020-11-23,107.37000274658203,87.59426879882812
2020-11-24,107.47000122070312,87.67584991455078
2020-11-25,107.48999786376953,87.69215393066406
2020-11-26,107.81999969482422,87.96138763427734
2020-11-27,107.88999938964844,88.01848602294922
2020-11-30,108.0199966430664,88.12454223632812
2020-12-01,108.12000274658203,88.20612335205078
2020-12-02,108.05999755859375,88.15716552734375
2020-12-03,108.6500015258789,88.63850402832031
2020-12-04,108.0999984741211,88.1897964477539
2020-12-07,108.3499984741211,88.39376068115234
2020-12-08,108.36499786376953,88.40599822998047
2020-12-09,108.25,88.31217956542969
2020-12-10,108.19999694824219,88.27137756347656
2020-12-11,108.62000274658203,88.61402893066406
2020-12-14,108.72000122070312,88.69561004638672
2020-12-15,108.66999816894531,88.65481567382812
2020-12-16,108.72000122070312,88.69561004638672
2020-12-17,108.8499984741211,88.80166625976562
2020-12-18,108.94999694824219,88.88324737548828
2020-12-21,108.55000305175781,88.55692291259766
2020-12-22,108.5,88.51612854003906
2020-12-23,108.37000274658203,88.41007995605469
2020-12-24,108.8499984741211,88.80166625976562
2020-12-29,109.3499984741211,89.2095718383789
2020-12-30,109.41000366210938,89.25853729248047
2020-12-31,109.33999633789062,89.201416015625
2021-01-04,109.33999633789062,89.201416015625
2021-01-05,109.18000030517578,89.0708999633789
2021-01-06,108.66999816894531,88.65481567382812
2021-01-07,108.61000061035156,88.60587310791016
2021-01-08,108.44000244140625,88.4671859741211
2021-01-11,108.06999969482422,88.16532897949219
2021-01-12,107.62000274658203,87.79822540283203
2021-01-13,108.3499984741211,88.39376068115234
2021-01-14,108.56999969482422,88.57322692871094
2021-01-15,107.9800033569336,88.09191131591797
2021-01-18,108.125,88.21019744873047
2021-01-19,108.44000244140625,88.4671859741211
2021-01-20,108.4800033569336,88.49982452392578
2021-01-21,108.44000244140625,88.4671859741211
2021-01-22,108.18000030517578,88.25506591796875
2021-01-25,108.51000213623047,88.52429962158203
2021-01-26,108.62999725341797,88.62218475341797
2021-01-27,108.4800033569336,88.49982452392578
2021-01-28,108.16000366210938,88.23876953125
2021-01-29,108.06999969482422,88.16532897949219
2021-02-01,108.18000030517578,88.25506591796875
2021-02-02,108.0,88.10822296142578
2021-02-03,107.63999938964844,87.81452941894531
2021-02-04,107.63999938964844,87.81452941894531
2021-02-05,107.69999694824219,87.86347961425781
2021-02-08,107.87999725341797,88.01033020019531
2021-02-09,108.18000030517578,88.25506591796875
2021-02-10,108.16999816894531,88.24691772460938
2021-02-11,108.2699966430664,88.3284912109375
2021-02-12,108.0,88.10822296142578
2021-02-15,107.81999969482422,87.96138763427734
2021-02-16,107.4800033569336,87.68400573730469
2021-02-17,107.44999694824219,87.65953063964844
2021-02-18,107.38999938964844,87.6105728149414
2021-02-19,107.32499694824219,87.55756378173828
2021-02-22,107.06999969482422,87.34952545166016
2021-02-23,106.72000122070312,87.0639877319336
2021-02-24,106.81999969482422,87.14557647705078
2021-02-25,106.19000244140625,86.631591796875
2021-02-26,105.79000091552734,86.30528259277344
2021-03-01,106.375,86.78252410888672
2021-03-02,106.41000366210938,86.81108856201172
2021-03-03,106.20999908447266,86.64791870117188
2021-03-04,106.05999755859375,86.5255355834961
2021-03-05,104.9800033569336,85.64447021484375
2021-03-08,104.63999938964844,85.36707305908203
2021-03-09,104.8499984741211,85.53841400146484
2021-03-10,105.12000274658203,85.75867462158203
2021-03-11,104.54000091552734,86.20172119140625
2021-03-12,103.9000015258789,85.67400360107422
2021-03-15,103.97000122070312,85.73170471191406
2021-03-16,103.88999938964844,85.66574096679688
2021-03-17,103.41999816894531,85.27818298339844
2021-03-18,103.4000015258789,85.2616958618164
2021-03-19,103.5,85.34414672851562
2021-03-22,103.91000366210938,85.68224334716797
2021-03-23,103.69000244140625,85.5008316040039
2021-03-24,103.80000305175781,85.5915298461914
2021-03-25,103.69000244140625,85.5008316040039
2021-03-26,103.7699966430664,85.5667953491211
2021-03-29,103.52999877929688,85.36888885498047
2021-03-30,103.13999938964844,85.04730224609375
2021-03-31,103.77999877929688,85.57503509521484
2021-04-01,104.04000091552734,85.78943634033203
2021-04-06,104.38999938964844,86.0780258178711
2021-04-07,104.62999725341797,86.27592468261719
2021-04-08,104.4000015258789,86.08627319335938
2021-04-09,104.51000213623047,86.1769790649414
2021-04-12,104.55000305175781,86.20996856689453
2021-04-13,104.63999938964844,86.28417205810547
2021-04-14,104.79000091552734,86.40786743164062
2021-04-15,105.29000091552734,86.82015991210938
2021-04-16,105.04000091552734,86.614013671875
2021-04-19,104.97000122070312,86.5562973022461
2021-04-20,104.97000122070312,86.5562973022461
2021-04-21,104.94999694824219,86.53980255126953
2021-04-22,104.83000183105469,86.44084930419922
2021-04-23,105.38999938964844,86.90262603759766
2021-04-26,105.38500213623047,86.89848327636719
2021-04-27,105.27999877929688,86.81192016601562
2021-04-28,105.12000274658203,86.67997741699219
2021-04-29,104.98500061035156,86.56866455078125
2021-04-30,104.91000366210938,86.50680541992188
2021-05-04,105.12000274658203,86.67997741699219
2021-05-05,105.20999908447266,86.75418090820312
2021-05-06,105.43000030517578,86.93560791015625
2021-05-07,105.8499984741211,87.28192901611328
2021-05-10,105.76000213623047,87.20771789550781
2021-05-11,105.22000122070312,86.76243591308594
2021-05-12,104.66999816894531,86.30892181396484
2021-05-13,104.80000305175781,86.41610717773438
2021-05-14,105.31999969482422,86.84489440917969
2021-05-17,105.45999908447266,86.96033477783203
2021-05-18,105.4000015258789,86.91085815429688
2021-05-19,105.20999908447266,86.75418090820312
2021-05-20,105.54000091552734,87.02631378173828
2021-05-21,105.48999786376953,86.98506927490234
2021-05-24,105.80999755859375,87.24893188476562
2021-05-25,105.98999786376953,87.39736938476562
2021-05-26,105.9000015258789,87.32315063476562
2021-05-27,105.91999816894531,87.33964538574219
2021-05-28,106.13999938964844,87.52104187011719
2021-06-01,106.08999633789062,87.47982788085938
2021-06-02,106.25,87.61175537109375
2021-06-03,105.56999969482422,87.05103302001953
2021-06-04,106.27999877929688,87.63650512695312
2021-06-07,106.27999877929688,87.63650512695312
2021-06-08,106.36000061035156,87.70246124267578
2021-06-09,106.66000366210938,87.94984436035156
2021-06-10,106.75,88.0240478515625
2021-06-11,106.83999633789062,88.09825134277344
2021-06-14,106.56999969482422,87.87562561035156
2021-06-15,106.58000183105469,87.88387298583984
2021-06-16,106.61000061035156,87.90860748291016
2021-06-17,106.06999969482422,87.46332550048828
2021-06-18,106.19000244140625,87.56228637695312
2021-06-21,106.11000061035156,87.49630737304688
2021-06-22,105.97000122070312,87.3808822631836
2021-06-23,106.26000213623047,87.6199951171875
2021-06-24,106.05000305175781,87.44684600830078
2021-06-25,106.08000183105469,87.47157287597656
2021-06-28,106.31999969482422,87.66946411132812
2021-06-29,106.3499984741211,87.69422149658203
2021-06-30,106.19999694824219,87.57052612304688
2021-07-01,106.05999755859375,87.45509338378906
2021-07-02,106.27999877929688,87.63650512695312
2021-07-05,106.31999969482422,87.66946411132812
2021-07-06,106.7300033569336,88.00755310058594
2021-07-07,106.76000213623047,88.03227996826172
2021-07-08,106.83999633789062,88.09825134277344
2021-07-09,106.68000030517578,87.9663314819336
2021-07-12,106.76000213623047,88.03227996826172
2021-07-13,106.62999725341797,87.92509460449219
2021-07-14,106.56999969482422,87.87562561035156
2021-07-15,106.63999938964844,87.93334197998047
2021-07-16,106.69000244140625,87.97457885742188
2021-07-19,106.93000030517578,88.17247009277344
2021-07-20,106.80000305175781,88.0652847290039
2021-07-21,106.83000183105469,88.09001159667969
2021-07-22,107.05000305175781,88.27142333984375
2021-07-23,106.94999694824219,88.18895721435547
2021-07-26,107.12000274658203,88.32913970947266
2021-07-27,107.30999755859375,88.48580169677734
2021-07-28,107.16999816894531,88.370361328125
2021-07-29,107.68000030517578,88.7909164428711
2021-07-30,107.43000030517578,88.58476257324219
2021-08-02,107.83999633789062,88.92283630371094
2021-08-03,107.81999969482422,88.90633392333984
2021-08-04,107.52999877929688,88.6672134399414
2021-08-05,107.72000122070312,88.82389068603516
2021-08-06,107.01000213623047,88.23843383789062
2021-08-09,106.69999694824219,87.9828109741211
2021-08-10,106.43000030517578,87.76018524169922
2021-08-11,106.41000366210938,87.74369049072266
2021-08-12,106.63999938964844,87.93334197998047
2021-08-13,107.02999877929688,88.25493621826172
2021-08-16,107.27999877929688,88.46107482910156
2021-08-17,106.80999755859375,88.07353210449219
2021-08-18,106.75499725341797,88.02816772460938
2021-08-19,106.73999786376953,88.01579284667969
2021-08-20,106.83999633789062,88.09825134277344
2021-08-23,107.08000183105469,88.29615020751953
2021-08-24,106.87999725341797,88.1312484741211
2021-08-25,106.72000122070312,87.99931335449219
2021-08-26,106.54000091552734,87.85089111328125
2021-08-27,106.86000061035156,88.11474609375
2021-08-31,106.94999694824219,88.18895721435547
2021-09-01,107.01000213623047,88.23843383789062
2021-09-02,107.4000015258789,88.56002807617188
2021-09-03,107.11000061035156,88.3208999633789
2021-09-06,107.12999725341797,88.33738708496094
2021-09-07,106.62999725341797,87.92509460449219
2021-09-08,106.68000030517578,87.9663314819336
2021-09-09,107.06999969482422,88.28791046142578
2021-09-10,107.19000244140625,88.38684844970703
2021-09-13,107.29000091552734,88.46932220458984
2021-09-14,107.33999633789062,88.51053619384766
2021-09-15,107.19999694824219,88.39509582519531
2021-09-16,105.97000122070312,88.27466583251953
2021-09-17,105.25,87.67488098144531
2021-09-20,105.81999969482422,88.14971160888672
2021-09-21,105.88999938964844,88.2080078125
2021-09-22,105.95999908447266,88.26631164550781
2021-09-23,105.5,87.88313293457031
2021-09-24,105.31999969482422,87.73319244384766
2021-09-27,105.25,87.67488098144531
2021-09-28,104.6500015258789,87.17507934570312
2021-09-29,104.37000274658203,86.94182586669922
2021-09-30,104.01000213623047,86.64193725585938
2021-10-01,104.33999633789062,86.91683197021484
2021-10-04,104.63999938964844,87.16673278808594
2021-10-05,104.41000366210938,86.97515869140625
2021-10-06,103.87999725341797,86.53365325927734
2021-10-07,104.13999938964844,86.75022888183594
2021-10-08,103.61000061035156,86.3087387084961
2021-10-11,103.44999694824219,86.17545318603516
2021-10-12,103.52999877929688,86.2420883178711
2021-10-13,104.11000061035156,86.72526550292969
2021-10-14,104.48999786376953,87.04180145263672
2021-10-15,104.45999908447266,87.01679229736328
2021-10-18,104.1500015258789,86.7585678100586
2021-10-19,104.1500015258789,86.7585678100586
2021-10-20,103.94999694824219,86.5919418334961
2021-10-21,103.79000091552734,86.45868682861328
2021-10-22,103.91000366210938,86.55864715576172
2021-10-25,104.19999694824219,86.80021667480469
2021-10-26,104.12000274658203,86.73358154296875
2021-10-27,104.44999694824219,87.00846099853516
2021-10-28,104.68000030517578,87.20006561279297
2021-10-29,104.37999725341797,86.95015716552734
2021-11-01,104.16999816894531,86.77520751953125
2021-11-02,104.41000366210938,86.97515869140625
2021-11-03,104.37000274658203,86.94182586669922
2021-11-04,104.62000274658203,87.15008544921875
2021-11-05,105.19000244140625,87.6249008178711
2021-11-08,105.0999984741211,87.5499267578125
2021-11-09,105.2300033569336,87.6582260131836
2021-11-10,104.66000366210938,87.18340301513672
2021-11-11,104.13500213623047,86.74607849121094
2021-11-12,103.9000015258789,86.55032348632812
2021-11-15,103.77999877929688,86.4503402709961
2021-11-16,103.18000030517578,85.9505386352539
2021-11-17,103.19999694824219,85.96719360351562
2021-11-18,103.66000366210938,86.35039520263672
2021-11-19,103.73999786376953,86.4170150756836
2021-11-22,103.19000244140625,85.95886993408203
2021-11-23,102.83999633789062,85.66731262207031
2021-11-24,102.29000091552734,85.20915222167969
2021-11-25,102.73999786376953,85.5840072631836
2021-11-26,103.16999816894531,85.94219970703125
2021-11-29,103.1500015258789,85.92555236816406
2021-11-30,103.29000091552734,86.04216003417969
2021-12-01,103.69000244140625,86.37538146972656
2021-12-02,103.55000305175781,86.25875091552734
2021-12-03,104.04000091552734,86.66693878173828
2021-12-06,103.94000244140625,86.58363342285156
2021-12-07,103.80000305175781,86.46701049804688
2021-12-08,103.52999877929688,86.2420883178711
2021-12-09,103.66999816894531,86.35872650146484
2021-12-10,103.95999908447266,86.60030364990234
2021-12-13,103.80000305175781,86.46701049804688
2021-12-14,103.73999786376953,86.4170150756836
2021-12-15,103.66999816894531,86.35872650146484
2021-12-16,103.94000244140625,86.58363342285156
2021-12-17,103.61000061035156,86.3087387084961
2021-12-20,103.61000061035156,86.3087387084961
2021-12-21,103.06999969482422,85.8589096069336
2021-12-22,103.77999877929688,86.4503402709961
2021-12-23,103.41000366210938,86.14213562011719
2021-12-24,103.86000061035156,86.51698303222656
2021-12-29,103.52999877929688,86.2420883178711
2021-12-30,103.36499786376953,86.10464477539062
2021-12-31,103.56500244140625,86.27125549316406
2022-01-04,102.6500015258789,85.50904083251953
2022-01-05,102.95999908447266,85.76728057861328
2022-01-06,102.11000061035156,85.05921173095703
2022-01-07,102.11000061035156,85.05921173095703
2022-01-10,101.97000122070312,84.94258880615234
2022-01-11,102.2300033569336,85.1591567993164
2022-01-12,102.50499725341797,85.38825988769531
2022-01-13,102.7300033569336,85.57568359375
2022-01-14,102.19999694824219,85.1341781616211
2022-01-17,101.8550033569336,84.84679412841797
2022-01-18,101.3499984741211,84.42611694335938
2022-01-19,101.44000244140625,84.5010986328125
2022-01-20,101.44000244140625,84.5010986328125
2022-01-21,101.81999969482422,84.81764221191406
2022-01-24,101.5199966430664,84.56773376464844
2022-01-25,101.25,84.34282684326172
2022-01-26,101.30999755859375,84.39280700683594
2022-01-27,100.52999877929688,83.7430419921875
2022-01-28,100.41000366210938,83.64309692382812
2022-01-31,100.30000305175781,83.55146026611328
2022-02-01,100.70999908447266,83.89299011230469
2022-02-02,101.08499908447266,84.20536804199219
2022-02-03,100.55000305175781,83.75971221923828
2022-02-04,99.37999725341797,82.78507995605469
2022-02-07,99.62999725341797,82.99333190917969
2022-02-08,99.7300033569336,83.0766372680664
2022-02-09,100.05999755859375,83.35151672363281
2022-02-10,99.36000061035156,82.76842498779297
2022-02-11,98.83499908447266,82.3310775756836
2022-02-14,98.69000244140625,82.21031188964844
2022-02-15,98.69000244140625,82.21031188964844
2022-02-16,98.56999969482422,82.11033630371094
2022-02-17,98.55999755859375,82.10200500488281
2022-02-18,98.66000366210938,82.18531036376953
2022-02-21,98.48500061035156,82.03954315185547
2022-02-22,98.47000122070312,82.02704620361328
2022-02-23,98.20999908447266,81.81044006347656
2022-02-24,96.91999816894531,80.73585510253906
2022-02-25,97.95999908447266,81.60220336914062
2022-02-28,98.05000305175781,81.67716979980469
2022-03-01,99.61000061035156,82.9766616821289
2022-03-02,98.20999908447266,81.81044006347656
2022-03-03,97.86000061035156,81.5188980102539
2022-03-04,97.95999908447266,81.60220336914062
2022-03-07,96.86000061035156,80.68587493896484
2022-03-08,96.26000213623047,80.18607330322266
2022-03-09,96.13999938964844,80.08610534667969
2022-03-10,95.66500091552734,79.6904296875
2022-03-11,95.41999816894531,79.48633575439453
2022-03-14,95.08000183105469,79.2031021118164
2022-03-15,94.79000091552734,78.96154022216797
2022-03-16,95.44499969482422,79.50715637207031
2022-03-17,95.30999755859375,80.29843139648438
2022-03-18,95.19999694824219,80.20575714111328
2022-03-21,94.91999816894531,79.96986389160156
2022-03-22,94.06999969482422,79.25374603271484
2022-03-23,94.19000244140625,79.35484313964844
2022-03-24,94.31999969482422,79.46438598632812
2022-03-25,93.80999755859375,79.03468322753906
2022-03-28,93.91000366210938,79.11893463134766
2022-03-29,94.59500122070312,79.69606018066406
2022-03-30,95.12999725341797,80.14679718017578
2022-03-31,95.22000122070312,80.22261810302734
2022-04-01,94.78500366210938,79.85613250732422
2022-04-04,94.98999786376953,80.02884674072266
2022-04-05,94.08000183105469,79.26216888427734
2022-04-06,93.41999816894531,78.70610809326172
2022-04-07,93.30999755859375,78.61344909667969
2022-04-08,92.7300033569336,78.12480163574219
2022-04-11,92.20999908447266,77.68669891357422
2022-04-12,92.48999786376953,77.92259216308594
2022-04-13,92.26000213623047,77.72882080078125
2022-04-14,92.26000213623047,77.72882080078125
2022-04-19,90.83000183105469,76.52405548095703
2022-04-20,91.41999816894531,77.0211181640625
2022-04-21,90.87999725341797,76.56616973876953
2022-04-22,90.26000213623047,76.04383850097656
2022-04-25,90.66999816894531,76.38924407958984
2022-04-26,91.16999816894531,76.81050872802734
2022-04-27,90.02999877929688,75.85005187988281
2022-04-28,89.44999694824219,75.36140441894531
2022-04-29,89.95999908447266,75.79108428955078
2022-05-03,89.51000213623047,75.41195678710938
2022-05-04,88.98500061035156,74.96964263916016
2022-05-05,88.55999755859375,74.611572265625
2022-05-06,88.5999984741211,74.64527893066406
2022-05-09,87.98999786376953,74.13135528564453
2022-05-10,88.69999694824219,74.72952270507812
2022-05-11,88.83999633789062,74.84748077392578
2022-05-12,88.56999969482422,74.62001037597656
2022-05-13,88.72000122070312,74.74637603759766
2022-05-16,88.63999938964844,74.67899322509766
2022-05-17,88.48999786376953,74.55260467529297
2022-05-18,88.48999786376953,74.55260467529297
2022-05-19,88.75,74.77165222167969
2022-05-20,88.93000030517578,74.92330932617188
2022-05-23,89.27999877929688,75.21818542480469
2022-05-24,89.80999755859375,75.66470336914062
2022-05-25,90.16000366210938,75.95957946777344
2022-05-26,90.3499984741211,76.11965942382812
2022-05-27,90.55000305175781,76.28814697265625
2022-05-30,90.66000366210938,76.38082885742188
2022-05-31,90.2300033569336,76.0185546875
2022-06-01,89.37000274658203,75.29399871826172
2022-06-06,89.25,75.19290161132812
2022-06-07,89.54000091552734,75.43722534179688
2022-06-08,89.44999694824219,75.36140441894531
2022-06-09,88.91000366210938,74.90644836425781
2022-06-10,87.1500015258789,73.42367553710938
2022-06-13,85.62999725341797,72.14305877685547
2022-06-14,85.02999877929688,71.63756561279297
2022-06-15,85.9000015258789,72.37053680419922
2022-06-16,86.0,72.45478057861328
2022-06-17,86.33000183105469,72.7328109741211
2022-06-20,86.1500015258789,72.58116149902344
2022-06-21,86.30999755859375,72.71595764160156
2022-06-22,86.63999938964844,72.9939956665039
2022-06-23,87.08999633789062,73.37310791015625
2022-06-24,87.01499938964844,73.3099136352539
2022-06-27,86.87000274658203,73.18775177001953
2022-06-28,86.16999816894531,72.5980224609375
2022-06-29,86.45999908447266,72.84233856201172
2022-06-30,86.91000366210938,73.22146606445312
2022-07-01,87.5999984741211,73.80279541015625
2022-07-04,87.30999755859375,73.55845642089844
2022-07-05,87.19999694824219,73.46578216552734
2022-07-06,86.91999816894531,73.22989654541016
2022-07-07,86.81999969482422,73.14563751220703
2022-07-08,86.61000061035156,72.96870422363281
2022-07-11,87.08000183105469,73.36468505859375
2022-07-12,87.0999984741211,73.38153076171875
2022-07-13,86.75,73.08665466308594
2022-07-14,86.58000183105469,72.94342803955078
2022-07-15,87.30999755859375,73.55845642089844
2022-07-18,87.06999969482422,73.35626220703125
2022-07-19,87.5199966430664,73.7353744506836
2022-07-20,87.56999969482422,73.77751159667969
2022-07-21,87.69999694824219,73.88703155517578
2022-07-22,88.75,74.77165222167969
2022-07-25,88.45999908447266,74.5273208618164
2022-07-26,88.44999694824219,74.51890563964844
2022-07-27,88.3499984741211,74.43466186523438
2022-07-28,89.37999725341797,75.30243682861328
2022-07-29,89.6500015258789,75.5299072265625
2022-08-01,89.98999786376953,75.81634521484375
2022-08-02,89.36000061035156,75.28556823730469
2022-08-03,88.83999633789062,74.84748077392578
2022-08-04,89.41999816894531,75.33612823486328
2022-08-05,88.2249984741211,74.32935333251953
2022-08-08,89.08999633789062,75.05810546875
2022-08-09,88.7699966430664,74.78851318359375
2022-08-10,89.44000244140625,75.35298156738281
2022-08-11,89.20999908447266,75.1592025756836
2022-08-12,89.41999816894531,75.33612823486328
2022-08-15,89.38999938964844,75.31086730957031
2022-08-16,88.6500015258789,74.68740844726562
2022-08-17,88.13999938964844,74.25773620605469
2022-08-18,88.26000213623047,74.35884094238281
2022-08-19,87.25,73.5079116821289
2022-08-22,86.58000183105469,72.94342803955078
2022-08-23,86.44999694824219,72.83390808105469
2022-08-24,86.5250015258789,72.89710235595703
2022-08-25,86.9000015258789,73.2130355834961
2022-08-26,87.13999938964844,73.41524505615234
2022-08-30,86.0,72.45478057861328
2022-08-31,85.91999816894531,72.38739013671875
2022-09-01,84.73500061035156,71.3890380859375
2022-09-02,85.62000274658203,72.1346435546875
2022-09-05,84.92500305175781,71.54910278320312
2022-09-06,84.73999786376953,71.39323425292969
2022-09-07,84.9000015258789,71.52803802490234
2022-09-08,85.43000030517578,71.97456359863281
2022-09-09,85.5,72.03353881835938
2022-09-12,85.80000305175781,72.28628540039062
2022-09-13,84.58000183105469,71.2584457397461
2022-09-14,84.83000183105469,71.46907806396484
2022-09-15,83.56999969482422,71.35926055908203
2022-09-16,83.23500061035156,71.07320404052734
2022-09-20,82.55500030517578,70.49256134033203
2022-09-21,82.48999786376953,70.43706512451172
2022-09-22,81.6500015258789,69.71978759765625
2022-09-23,80.91000366210938,69.0879135131836
2022-09-26,79.91000366210938,68.23402404785156
2022-09-27,79.33000183105469,67.73878479003906
2022-09-28,79.83999633789062,68.17425537109375
2022-09-29,79.81999969482422,68.15718078613281
2022-09-30,80.30999755859375,68.57559204101562
2022-10-03,81.29000091552734,69.41239166259766
2022-10-04,81.87999725341797,69.91619873046875
2022-10-05,80.20999908447266,68.49020385742188
2022-10-06,80.72000122070312,68.92567443847656
2022-10-07,79.88999938964844,68.2169418334961
2022-10-10,79.0999984741211,67.5423812866211
2022-10-11,79.2699966430664,67.68753814697266
2022-10-12,78.8499984741211,67.32891845703125
2022-10-13,79.31999969482422,67.73023986816406
2022-10-14,78.8499984741211,67.32891845703125
2022-10-17,79.4800033569336,67.86686706542969
2022-10-18,79.19999694824219,67.62776947021484
2022-10-19,78.91999816894531,67.38868713378906
2022-10-20,78.80000305175781,67.28622436523438
2022-10-21,78.30999755859375,66.8678207397461
2022-10-24,78.7750015258789,67.26487731933594
2022-10-25,80.02999877929688,68.33649444580078
2022-10-26,80.29000091552734,68.55850982666016
2022-10-27,80.70999908447266,68.91714477539062
2022-10-28,80.30999755859375,68.57559204101562
2022-10-31,79.69999694824219,68.05472564697266
2022-11-01,80.12999725341797,68.42188262939453
2022-11-02,80.36000061035156,68.6182861328125
2022-11-03,79.22000122070312,67.64484405517578
2022-11-04,79.70999908447266,68.0632553100586
2022-11-07,80.30000305175781,68.56705474853516
2022-11-08,80.41000366210938,68.66097259521484
2022-11-09,80.30999755859375,68.57559204101562
2022-11-10,82.11000061035156,70.11257934570312
2022-11-11,82.48999786376953,70.43706512451172
2022-11-14,82.37999725341797,70.34312438964844
2022-11-15,83.08999633789062,70.94938659667969
2022-11-16,83.58999633789062,71.37632751464844
2022-11-17,83.30999755859375,71.13723754882812
2022-11-18,83.55000305175781,71.34217071533203
2022-11-21,83.38999938964844,71.20555877685547
2022-11-22,83.83000183105469,71.58126068115234
2022-11-23,84.24500274658203,71.93563079833984
2022-11-24,84.82499694824219,72.4308853149414
2022-11-25,84.66999816894531,72.29853057861328
2022-11-28,84.48999786376953,72.14483642578125
2022-11-29,83.5999984741211,71.38487243652344
2022-11-30,84.12000274658203,71.82889556884766
2022-12-01,85.37999725341797,72.90478515625
2022-12-02,85.49500274658203,73.00298309326172
2022-12-05,85.67500305175781,73.15668487548828
2022-12-06,85.80000305175781,73.263427734375
2022-12-07,85.73999786376953,73.21218872070312
2022-12-08,86.20999908447266,73.61351013183594
2022-12-09,85.8499984741211,73.30612182617188
2022-12-12,85.80000305175781,73.263427734375
2022-12-13,86.45999908447266,73.82698822021484
2022-12-14,86.5,73.86112976074219
2022-12-15,86.1500015258789,73.56227111816406
2022-12-16,85.79000091552734,73.2548828125
2022-12-19,85.43000030517578,72.94747924804688
2022-12-20,84.98999786376953,72.57176971435547
2022-12-21,85.19999694824219,72.7510986328125
2022-12-22,84.95999908447266,72.54615783691406
2022-12-23,84.97000122070312,72.5546875
2022-12-28,84.11000061035156,71.82036590576172
2022-12-29,84.50499725341797,72.15764617919922
2022-12-30,84.86000061035156,72.46076965332031
2023-01-03,84.30999755859375,71.99113464355469
2023-01-04,84.9800033569336,72.563232421875
2023-01-05,84.70999908447266,72.33268737792969
2023-01-06,85.81999969482422,73.28050231933594
2023-01-09,86.4800033569336,73.84406280517578
2023-01-10,85.95999908447266,73.40003967285156
2023-01-11,86.58000183105469,73.929443359375
2023-01-12,86.88999938964844,74.19415283203125
2023-01-13,87.38500213623047,74.61682891845703
2023-01-16,87.12000274658203,74.39054870605469
2023-01-17,87.55999755859375,74.7662582397461
2023-01-18,87.73999786376953,74.91995239257812
2023-01-19,87.6500015258789,74.84310913085938
2023-01-20,87.38500213623047,74.61682891845703
2023-01-23,87.49500274658203,74.71075439453125
2023-01-24,87.77999877929688,74.95411682128906
2023-01-25,87.75,74.92850494384766
2023-01-26,87.7300033569336,74.91143035888672
2023-01-27,87.52999877929688,74.74063873291016
2023-01-30,87.55999755859375,74.7662582397461
2023-01-31,87.68000030517578,74.86873626708984
2023-02-01,87.93000030517578,75.08219146728516
2023-02-02,89.1500015258789,76.12393951416016
2023-02-03,87.8499984741211,75.01390075683594
2023-02-06,87.30000305175781,74.54425048828125
2023-02-07,87.0199966430664,74.30516052246094
2023-02-08,86.7699966430664,74.09169006347656
2023-02-09,87.36000061035156,74.59548950195312
2023-02-10,86.29000091552734,73.68183135986328
2023-02-13,86.44000244140625,73.8099136352539
2023-02-14,86.2300033569336,73.63058471679688
2023-02-15,85.95500183105469,73.39576721191406
2023-02-16,85.9000015258789,73.34881591796875
2023-02-17,85.4800033569336,72.99017333984375
2023-02-20,85.80000305175781,73.263427734375
2023-02-21,85.26000213623047,72.80233001708984
2023-02-22,85.0199966430664,72.5973892211914
2023-02-23,85.0999984741211,72.66570281982422
2023-02-24,84.8499984741211,72.45223236083984
2023-02-27,84.69999694824219,72.32415008544922
2023-02-28,84.66999816894531,72.29853057861328
2023-03-01,84.62000274658203,72.2558364868164
2023-03-02,84.2699966430664,71.95697021484375
2023-03-03,84.80000305175781,72.40953826904297
2023-03-06,84.98999786376953,72.57176971435547
2023-03-07,84.5999984741211,72.23875427246094
2023-03-08,84.63999938964844,72.27291107177734
2023-03-09,84.5199966430664,72.17044067382812
2023-03-10,85.48999786376953,72.99871063232422
2023-03-13,86.04000091552734,73.46835327148438
2023-03-14,85.62999725341797,73.1182632446289
2023-03-15,85.94999694824219,73.39151000976562
2023-03-16,84.29000091552734,73.08439636230469
2023-03-17,84.8550033569336,73.57428741455078
2023-03-20,85.08000183105469,73.76936340332031
2023-03-21,85.0,73.70001220703125
2023-03-22,85.11000061035156,73.79537963867188
2023-03-23,85.91999816894531,74.49768829345703
2023-03-24,85.81999969482422,74.4109878540039
2023-03-27,85.3499984741211,74.00347137451172
2023-03-28,85.23999786376953,73.90809631347656
2023-03-29,85.31999969482422,73.97747039794922
2023-03-30,85.66000366210938,74.27226257324219
2023-03-31,85.94000244140625,74.5150375366211
2023-04-03,86.51000213623047,75.00926971435547
2023-04-04,86.80000305175781,75.26070404052734
2023-04-05,86.75,75.21735382080078
2023-04-06,86.98999786376953,75.42545318603516
2023-04-11,86.45999908447266,74.96591186523438
2023-04-12,86.63999938964844,75.12197875976562
2023-04-13,86.87000274658203,75.3214111328125
2023-04-14,86.31999969482422,74.84452819824219
2023-04-17,85.9800033569336,74.54972839355469
2023-04-18,86.26000213623047,74.7925033569336
2023-04-19,85.9800033569336,74.54972839355469
2023-04-20,86.27999877929688,74.80984497070312
2023-04-21,86.25,74.7838363647461
2023-04-24,86.54000091552734,75.03528594970703
2023-04-25,86.80000305175781,75.26070404052734
2023-04-26,86.62999725341797,75.11331176757812
2023-04-27,86.5,75.0005874633789
2023-04-28,86.93000030517578,75.37342834472656
2023-05-02,86.5199966430664,75.01792907714844
2023-05-03,86.94999694824219,75.39076232910156
2023-05-04,86.9000015258789,75.34741973876953
2023-05-05,86.56999969482422,75.061279296875
2023-05-09,86.05000305175781,74.61042022705078
2023-05-10,86.26000213623047,74.7925033569336
2023-05-11,86.58999633789062,75.07862091064453
2023-05-12,86.33000183105469,74.85318756103516
2023-05-15,86.0199966430664,74.58440399169922
2023-05-16,85.62999725341797,74.24625396728516
2023-05-17,85.44000244140625,74.08151245117188
2023-05-18,85.125,73.80838775634766
2023-05-19,85.19999694824219,73.8734130859375
2023-05-22,85.12999725341797,73.8127212524414
2023-05-23,84.95999908447266,73.66531372070312
2023-05-24,84.91999816894531,73.6306381225586
2023-05-25,84.55000305175781,73.30982971191406
2023-05-26,84.31999969482422,73.11039733886719
2023-05-30,85.11000061035156,73.79537963867188
2023-05-31,85.0999984741211,73.78670501708984
2023-06-01,85.62999725341797,74.24625396728516
2023-06-02,85.43000030517578,74.07283782958984
2023-06-05,85.43000030517578,74.07283782958984
2023-06-06,85.20999908447266,73.882080078125
2023-06-07,85.0,73.70001220703125
2023-06-08,85.37000274658203,74.02081298828125
2023-06-09,85.37000274658203,74.02081298828125
2023-06-12,85.27999877929688,73.94277954101562
2023-06-13,85.37000274658203,74.02081298828125
2023-06-14,85.66000366210938,74.27226257324219
2023-06-15,85.87000274658203,74.454345703125
2023-06-16,86.0,74.56707000732422
2023-06-19,85.76000213623047,74.35896301269531
2023-06-20,86.1500015258789,74.69712829589844
2023-06-21,85.81999969482422,74.4109878540039
2023-06-22,85.68000030517578,74.28960418701172
2023-06-23,85.80999755859375,74.4023208618164
2023-06-26,86.12999725341797,74.6797866821289
2023-06-27,86.01000213623047,74.57572937011719
2023-06-28,86.0199966430664,74.58440399169922
2023-06-29,85.62999725341797,74.24625396728516
2023-06-30,85.9000015258789,74.48036193847656
2023-07-03,85.87999725341797,74.4630126953125
2023-07-04,85.9000015258789,74.48036193847656
2023-07-05,85.5999984741211,74.22023010253906
2023-07-06,84.7699966430664,73.50057983398438
2023-07-07,85.08000183105469,73.76936340332031
2023-07-10,85.31999969482422,73.97747039794922
2023-07-11,85.61000061035156,74.2289047241211
2023-07-12,86.55000305175781,75.04395294189453
2023-07-13,86.9000015258789,75.34741973876953
2023-07-14,87.08999633789062,75.51215362548828
2023-07-17,86.87000274658203,75.3214111328125
2023-07-18,87.26000213623047,75.65956115722656
2023-07-19,87.21499633789062,75.62052917480469
2023-07-20,86.87999725341797,75.33007049560547
2023-07-21,86.98999786376953,75.42545318603516
2023-07-24,87.0,75.43413543701172
2023-07-25,86.66999816894531,75.14798736572266
2023-07-26,86.79000091552734,75.25203704833984
2023-07-27,86.62000274658203,75.10464477539062
2023-07-28,86.62999725341797,75.11331176757812
2023-07-31,86.70999908447266,75.18267059326172
2023-08-01,86.0999984741211,74.65376281738281
2023-08-02,85.70999908447266,74.31562042236328
2023-08-03,85.44999694824219,74.0901870727539
2023-08-04,85.9800033569336,74.54972839355469
2023-08-07,85.93000030517578,74.50636291503906
2023-08-08,86.12000274658203,74.67111206054688
2023-08-09,85.98999786376953,74.55839538574219
2023-08-10,86.2300033569336,74.76648712158203
2023-08-11,85.55999755859375,74.18556213378906
2023-08-14,85.4000015258789,74.04683685302734
2023-08-15,85.16500091552734,73.84306335449219
2023-08-16,85.0199966430664,73.71734619140625
2023-08-17,84.5,73.26647186279297
2023-08-18,84.72000122070312,73.45722961425781
2023-08-21,84.45999908447266,73.23179626464844
2023-08-22,84.56999969482422,73.3271713256836
2023-08-23,85.16999816894531,73.847412109375
2023-08-24,85.1500015258789,73.83006286621094
2023-08-25,84.9800033569336,73.68266296386719
2023-08-29,85.56999969482422,74.19422912597656
2023-08-30,85.88999938964844,74.4716796875
2023-08-31,85.69000244140625,74.29827117919922
2023-09-01,85.22000122070312,73.89076232910156
2023-09-04,85.16000366210938,73.83872985839844
2023-09-05,84.8499984741211,73.56995391845703
2023-09-06,84.52999877929688,73.29248809814453
2023-09-07,84.70999908447266,73.44855499267578
2023-09-08,85.05000305175781,73.74334716796875
2023-09-11,84.87999725341797,73.59595489501953
2023-09-12,84.69999694824219,73.43988800048828
2023-09-13,84.88999938964844,73.60462188720703
2023-09-14,83.41999816894531,73.69198608398438
2023-09-15,83.12000274658203,73.4269790649414
2023-09-18,83.02999877929688,73.34747314453125
2023-09-19,82.9800033569336,73.30330657958984
2023-09-20,83.38999938964844,73.66549682617188
2023-09-21,82.56500244140625,72.93669891357422
2023-09-22,82.72000122070312,73.07361602783203
2023-09-25,82.37000274658203,72.76445007324219
2023-09-26,82.05999755859375,72.49059295654297
2023-09-27,81.80999755859375,72.26974487304688
2023-09-28,81.56999969482422,72.05772399902344
2023-09-29,82.08999633789062,72.51708984375
2023-10-02,81.38999938964844,71.89871978759766
2023-10-03,80.7300033569336,71.3156967163086
2023-10-04,80.93000030517578,71.49235534667969
2023-10-05,81.04000091552734,71.58952331542969
2023-10-06,81.05000305175781,71.59837341308594
2023-10-09,81.54000091552734,72.0312271118164
2023-10-10,81.9000015258789,72.34925079345703
2023-10-11,82.1500015258789,72.57009887695312
2023-10-12,81.69999694824219,72.17257690429688
2023-10-13,81.58999633789062,72.07539367675781
2023-10-16,81.48999786376953,71.98705291748047
2023-10-17,81.20999908447266,71.73970794677734
2023-10-18,80.66000366210938,71.25386047363281
2023-10-19,80.44999694824219,71.06834411621094
2023-10-20,80.44999694824219,71.06834411621094
2023-10-23,80.97000122070312,71.52769470214844
2023-10-24,81.04000091552734,71.58952331542969
2023-10-25,80.81500244140625,71.3907699584961
2023-10-26,80.6500015258789,71.2450180053711
2023-10-27,81.0199966430664,71.57186889648438
2023-10-30,80.98999786376953,71.54535675048828
2023-10-31,81.02999877929688,71.58070373535156
2023-11-01,81.27999877929688,71.80155181884766
2023-11-02,82.16000366210938,72.57893371582031
2023-11-03,83.0,73.32096862792969
2023-11-06,82.69999694824219,73.05595397949219
2023-11-07,82.81999969482422,73.1619644165039
2023-11-08,83.0999984741211,73.40930938720703
2023-11-09,82.83999633789062,73.17962646484375
2023-11-10,82.75,73.1001205444336
2023-11-13,82.79000091552734,73.13546752929688
2023-11-14,84.05000305175781,74.24853515625
2023-11-15,83.73999786376953,73.97467803955078
2023-11-16,84.12999725341797,74.31920623779297
2023-11-17,84.30000305175781,74.4693832397461
2023-11-20,84.5,74.64604949951172
2023-11-21,84.69000244140625,74.81388854980469
2023-11-22,84.62000274658203,74.75205993652344
2023-11-23,84.61000061035156,74.74321746826172
2023-11-24,84.70999908447266,74.83155822753906
2023-11-27,84.9000015258789,74.99939727783203
2023-11-28,85.29000091552734,75.34392547607422
2023-11-29,85.87000274658203,75.85628509521484
2023-11-30,85.73999786376953,75.74144744873047
2023-12-01,86.0199966430664,75.9887924194336
2023-12-04,85.93000030517578,75.90928649902344
2023-12-05,86.16000366210938,76.11247253417969
2023-12-06,86.58000183105469,76.48348999023438
2023-12-07,86.54000091552734,76.44815063476562
2023-12-08,86.19000244140625,76.13897705078125
2023-12-11,86.0999984741211,76.05946350097656
2023-12-12,86.45999908447266,76.37748718261719
2023-12-13,86.73500061035156,76.62041473388672
2023-12-14,88.77999877929688,78.42693328857422
2023-12-15,88.58000183105469,78.2502670288086
2023-12-18,88.30000305175781,78.00292205810547
2023-12-19,88.61000061035156,78.2767562866211
2023-12-20,88.62000274658203,78.28560638427734
2023-12-21,88.91999816894531,78.55061340332031
2023-12-22,88.95500183105469,78.58153533935547
2023-12-27,89.3499984741211,78.93046569824219
2023-12-28,89.30000305175781,78.88630676269531
2023-12-29,89.16999816894531,78.7714614868164
2024-01-02,88.6500015258789,78.31209564208984
2024-01-03,88.2300033569336,77.94107818603516
2024-01-04,88.16000366210938,77.87924194335938
2024-01-05,88.01000213623047,77.74673461914062
2024-01-08,88.25,77.95874786376953
2024-01-09,88.0999984741211,77.82623291015625
2024-01-10,88.33000183105469,78.0294189453125
2024-01-11,88.08999633789062,77.81739807128906
2024-01-12,88.6500015258789,78.31209564208984
2024-01-15,88.52999877929688,78.20609283447266
2024-01-16,88.12999725341797,77.85273742675781
2024-01-17,87.44999694824219,77.25203704833984
2024-01-18,87.69000244140625,77.46405792236328
2024-01-19,87.63999938964844,77.41987609863281
2024-01-22,87.8499984741211,77.60539245605469
2024-01-23,87.50499725341797,77.30062866210938
2024-01-24,87.8499984741211,77.60539245605469
2024-01-25,87.87999725341797,77.63188171386719
2024-01-26,88.11000061035156,77.83506774902344
2024-01-29,88.12999725341797,77.85273742675781
2024-01-30,88.08499908447266,77.81298065185547
2024-01-31,88.58000183105469,78.2502670288086
2024-02-01,88.91000366210938,78.54177856445312
2024-02-02,88.16000366210938,77.87924194335938
2024-02-05,87.44000244140625,77.24320983886719
2024-02-06,87.8499984741211,77.60539245605469
2024-02-07,87.80000305175781,77.56121826171875
2024-02-08,87.58999633789062,77.37570190429688
2024-02-09,87.42500305175781,77.2299575805664
2024-02-12,87.44000244140625,77.24320983886719
2024-02-13,86.91500091552734,76.77942657470703
2024-02-14,87.08000183105469,76.92518615722656
2024-02-15,87.25,77.07536315917969
2024-02-16,87.11000061035156,76.95169067382812
2024-02-19,87.16000366210938,76.99586486816406
2024-02-20,87.4749984741211,77.27411651611328
2024-02-21,87.33499908447266,77.15045166015625
2024-02-22,87.41999816894531,77.22554016113281
2024-02-23,87.59500122070312,77.380126953125
2024-02-26,87.51000213623047,77.3050537109375
2024-02-27,87.5,77.29621124267578
2024-02-28,87.30999755859375,77.12835693359375
2024-02-29,87.66000366210938,77.43754577636719
2024-03-01,87.55000305175781,77.34038543701172
2024-03-04,87.73500061035156,77.50379943847656
2024-03-05,87.95999908447266,77.70256805419922
2024-03-06,88.37000274658203,78.06475067138672
2024-03-07,88.55500030517578,78.2281723022461
2024-03-08,88.7300033569336,78.38277435302734
2024-03-11,88.70999908447266,78.36510467529297
2024-03-12,88.54000091552734,78.21492767333984
2024-03-13,88.56999969482422,78.2414321899414
2024-03-14,86.44000244140625,77.83326721191406
2024-03-15,86.22000122070312,77.63516235351562
2024-03-18,86.17500305175781,77.59464263916016
2024-03-19,86.20500183105469,77.62166595458984
2024-03-20,86.25,77.66217803955078
2024-03-21,86.55999755859375,77.9413070678711
2024-03-22,86.55999755859375,77.9413070678711
2024-03-25,86.48500061035156,77.87378692626953
2024-03-26,86.52999877929688,77.91429901123047
2024-03-27,86.67500305175781,78.04486083984375
2024-03-28,86.79000091552734,78.1484146118164
2024-04-02,86.01000213623047,77.44608306884766
2024-04-03,86.08999633789062,77.51810455322266
2024-04-04,86.52999877929688,77.91429901123047
2024-04-05,86.29000091552734,77.69819641113281
2024-04-08,86.19499969482422,77.6126480102539
2024-04-09,86.43499755859375,77.82876586914062
2024-04-10,85.80000305175781,77.25699615478516
2024-04-11,85.21499633789062,76.73023223876953
2024-04-12,85.4000015258789,76.89681243896484
2024-04-15,84.80500030517578,76.3610610961914
2024-04-16,84.48500061035156,76.07292175292969
2024-04-17,84.66000366210938,76.23049926757812
2024-04-18,84.70999908447266,76.2755126953125
2024-04-19,84.8499984741211,76.40158081054688
2024-04-22,84.79499816894531,76.35204315185547
2024-04-23,85.13500213623047,76.65819549560547
2024-04-24,84.69499969482422,76.26200866699219
2024-04-25,84.61000061035156,76.18547058105469
2024-04-26,84.76000213623047,76.32054138183594
2024-04-29,85.15499877929688,76.67620086669922
2024-04-30,84.87999725341797,76.42858123779297
2024-05-01,84.83999633789062,76.39257049560547
2024-05-02,85.19000244140625,76.70773315429688
2024-05-03,85.84500122070312,77.2975082397461
2024-05-07,86.30999755859375,77.71619415283203
2024-05-08,85.91999816894531,77.36503601074219
2024-05-09,85.95500183105469,77.39655303955078
2024-05-10,85.91000366210938,77.35603332519531
2024-05-13,85.95999908447266,77.40105438232422
2024-05-14,86.11499786376953,77.54061126708984
2024-05-15,86.79000091552734,78.1484146118164
2024-05-16,86.83499908447266,78.18892669677734
2024-05-17,86.66500091552734,78.03585815429688
2024-05-20,86.48999786376953,77.87828063964844
2024-05-21,86.65499877929688,78.02685546875
2024-05-22,86.55500030517578,77.93681335449219
2024-05-23,86.12999725341797,77.55412292480469
2024-05-24,86.33000183105469,77.73420715332031
2024-05-28,86.31999969482422,77.72521209716797
2024-05-29,85.7249984741211,77.189453125
2024-05-30,86.05999755859375,77.49108123779297
2024-05-31,86.30999755859375,77.71619415283203
2024-06-03,86.77999877929688,78.13941192626953
2024-06-04,86.91999816894531,78.26547241210938
2024-06-05,87.19999694824219,78.51758575439453
2024-06-06,87.20500183105469,78.5220947265625
2024-06-07,86.57499694824219,77.95481872558594
2024-06-10,86.2300033569336,77.6441650390625
2024-06-11,86.2750015258789,77.6846923828125
2024-06-12,87.33999633789062,78.6436538696289
2024-06-13,87.08000183105469,78.40953826904297
2024-06-14,87.18000030517578,78.49958038330078
2024-06-17,86.79000091552734,78.1484146118164
2024-06-18,87.18000030517578,78.49958038330078
2024-06-19,87.16000366210938,78.48158264160156
2024-06-20,86.9800033569336,78.31950378417969
2024-06-21,86.86499786376953,78.2159423828125
2024-06-24,87.0199966430664,78.35551452636719
2024-06-25,87.00499725341797,78.34200286865234
2024-06-26,86.6500015258789,78.02234649658203
2024-06-27,86.8499984741211,78.20244598388672
2024-06-28,86.73500061035156,78.09889221191406
2024-07-01,86.27999877929688,77.68919372558594
2024-07-02,86.5199966430664,77.9052963256836
2024-07-03,87.12999725341797,78.45455932617188
2024-07-04,87.12999725341797,78.45455932617188
2024-07-05,87.55500030517578,78.83724975585938
2024-07-08,87.5199966430664,78.80572509765625
2024-07-09,87.31500244140625,78.62114715576172
2024-07-10,87.4800033569336,78.76971435546875
2024-07-11,88.29000091552734,79.49905395507812
2024-07-12,88.23999786376953,79.45403289794922
2024-07-15,88.25,79.46304321289062
2024-07-16,88.23500061035156,79.44953918457031
2024-07-17,88.40499877929688,79.60260772705078
2024-07-18,88.43000030517578,79.6251220703125
2024-07-19,88.04499816894531,79.27845001220703
2024-07-22,87.9800033569336,79.21993255615234
2024-07-23,88.0,79.2379379272461
2024-07-24,87.97000122070312,79.21092224121094
2024-07-25,87.94000244140625,79.18391418457031
2024-07-26,88.02999877929688,79.26495361328125
2024-07-29,88.19999694824219,79.41801452636719
2024-07-30,88.16999816894531,79.3910140991211
2024-07-31,88.58000183105469,79.76019287109375
2024-08-01,88.83000183105469,79.98529815673828
2024-08-02,89.55000305175781,80.63360595703125
2024-08-05,89.51499938964844,80.60208129882812
2024-08-06,89.33499908447266,80.44000244140625
2024-08-07,89.05999755859375,80.1923828125
2024-08-08,88.9000015258789,80.04832458496094
2024-08-09,89.23999786376953,80.3544692993164
2024-08-12,89.27999877929688,80.39048767089844
2024-08-13,89.6500015258789,80.72364044189453
2024-08-14,90.16000366210938,81.18286895751953
2024-08-15,89.7249984741211,80.79117584228516
2024-08-16,89.7699966430664,80.83169555664062
2024-08-19,90.26000213623047,81.27291107177734
2024-08-20,90.5199966430664,81.50701904296875
2024-08-21,90.82499694824219,81.78165435791016
2024-08-22,90.5,81.489013671875
2024-08-23,91.04000091552734,81.97523498535156
2024-08-27,90.7699966430664,81.73212432861328
2024-08-28,90.80000305175781,81.75914764404297
2024-08-29,90.53500366210938,81.52053833007812
2024-08-30,90.47000122070312,81.46200561523438
2024-09-02,90.33499908447266,81.34043884277344
2024-09-03,90.38999938964844,81.38996887207031
2024-09-04,90.81999969482422,81.77715301513672
2024-09-05,91.0250015258789,81.96173858642578
2024-09-06,91.5199966430664,82.4074478149414
2024-09-09,91.23500061035156,82.15082550048828
2024-09-10,91.37000274658203,82.27239227294922
2024-09-11,91.3949966430664,82.2948989868164
2024-09-12,89.51000213623047,82.20370483398438
2024-09-13,89.92500305175781,82.5848388671875
2024-09-16,90.18000030517578,82.81901550292969
2024-09-17,90.24500274658203,82.87871551513672
2024-09-18,90.03500366210938,82.68585968017578
2024-09-19,90.1500015258789,82.79146575927734
2024-09-20,89.95999908447266,82.61698150634766
2024-09-23,90.11499786376953,82.75931549072266
2024-09-24,90.33000183105469,82.95677185058594
2024-09-25,90.19000244140625,82.82820129394531
2024-09-26,90.08999633789062,82.73635864257812
2024-09-27,90.37000274658203,82.99351501464844
2024-09-30,90.26499938964844,82.89707946777344
2024-10-01,90.30999755859375,82.93840026855469
2024-10-02,90.04000091552734,82.69043731689453
2024-10-03,89.9000015258789,82.5618667602539
2024-10-04,89.19000244140625,81.90982818603516
2024-10-07,89.04499816894531,81.77665710449219
2024-10-08,88.90499877929688,81.64808654785156
2024-10-09,88.88500213623047,81.62972259521484
2024-10-10,88.75,81.50574493408203
2024-10-11,88.84500122070312,81.5929946899414
2024-10-14,88.63500213623047,81.4001235961914
2024-10-15,88.9800033569336,81.71697235107422
2024-10-16,89.19499969482422,81.91441345214844
2024-10-17,88.8499984741211,81.59757995605469
2024-10-18,88.94999694824219,81.68940734863281
2024-10-21,88.22000122070312,81.01900482177734
2024-10-22,88.01499938964844,80.83073425292969
2024-10-23,87.91500091552734,80.73889923095703
2024-10-24,88.16000366210938,80.96389770507812
2024-10-25,88.18000030517578,80.98226928710938
2024-10-28,87.79000091552734,80.62410736083984
2024-10-29,87.7249984741211,80.56440734863281
2024-10-30,88.02999877929688,80.84451293945312
2024-10-31,87.7699966430664,80.6057357788086
2024-11-01,87.66500091552734,80.5093002319336
2024-11-04,87.8949966430664,80.72052764892578
2024-11-05,87.83499908447266,80.66542053222656
2024-11-06,87.36499786376953,80.2337875366211
2024-11-07,87.98999786376953,80.80776977539062
2024-11-08,88.1050033569336,80.91338348388672
2024-11-11,87.94000244140625,80.7618637084961
2024-11-12,87.52999877929688,80.38532257080078
2024-11-13,87.26499938964844,80.14195251464844
2024-11-14,87.29499816894531,80.16950225830078
2024-11-15,86.98500061035156,79.88480377197266
2024-11-18,87.07499694824219,79.96746826171875
2024-11-19,87.3499984741211,80.22000885009766
2024-11-20,87.0999984741211,79.99041748046875
2024-11-21,87.06999969482422,79.9628677368164
2024-11-22,86.83499908447266,79.7470474243164
2024-11-25,87.58000183105469,80.43124389648438
2024-11-26,87.37000274658203,80.23838806152344
2024-11-27,87.8499984741211,80.67920684814453
2024-11-28,88.00499725341797,80.82154846191406
2024-11-29,88.24500274658203,81.04196166992188
2024-12-02,88.23999786376953,81.03736877441406
2024-12-03,88.26000213623047,81.05574035644531
2024-12-04,88.56999969482422,81.3404312133789
2024-12-05,88.54499816894531,81.31747436523438
2024-12-06,88.63500213623047,81.4001235961914
2024-12-09,88.68000030517578,81.44145965576172
2024-12-10,88.37999725341797,81.16593170166016
2024-12-11,88.3550033569336,81.14298248291016
2024-12-12,88.16000366210938,80.96389770507812
2024-12-13,87.68000030517578,80.52308654785156
2024-12-16,87.70999908447266,80.55062866210938
2024-12-17,87.6500015258789,80.49552917480469
2024-12-18,87.57499694824219,80.42664337158203
2024-12-19,86.55999755859375,79.49449920654297
2024-12-20,86.8499984741211,79.76083374023438
2024-12-23,86.58999633789062,79.52204132080078
2024-12-24,86.55999755859375,79.49449920654297
2024-12-27,86.73999786376953,79.65980529785156
2024-12-30,86.66999816894531,79.59551239013672
2024-12-31,86.94499969482422,79.84807586669922
2025-01-02,86.3949966430664,79.34296417236328
2025-01-03,86.29000091552734,79.24654388427734
2025-01-06,86.33999633789062,79.2924575805664
2025-01-07,86.04499816894531,79.02153015136719
2025-01-08,85.91500091552734,78.90214538574219
2025-01-09,85.9800033569336,78.96184539794922
2025-01-10,85.5,78.5210189819336
2025-01-13,85.17500305175781,78.2225570678711
2025-01-14,85.29000091552734,78.32816314697266
2025-01-15,86.02999877929688,79.00775909423828
2025-01-16,86.30999755859375,79.26490020751953
2025-01-17,86.27999877929688,79.23735809326172
2025-01-20,86.62000274658203,79.54960632324219
2025-01-21,86.78500366210938,79.70114135742188
2025-01-22,86.73999786376953,79.65980529785156
2025-01-23,86.6050033569336,79.53582763671875
2025-01-24,86.95999908447266,79.86185455322266
2025-01-27,87.2300033569336,80.10981750488281
2025-01-28,86.97000122070312,79.87104034423828
2025-01-29,86.9749984741211,79.87562561035156
2025-01-30,87.18000030517578,80.06388854980469
2025-01-31,87.24500274658203,80.12359619140625
2025-02-03,87.08499908447266,79.97664642333984
2025-02-04,87.26499938964844,80.14195251464844
2025-02-05,87.80000305175781,80.63328552246094
2025-02-06,87.62999725341797,80.47715759277344
2025-02-07,87.2750015258789,80.15113830566406
2025-02-10,87.33499908447266,80.20624542236328
2025-02-11,87.18499755859375,80.06848907470703
2025-02-12,86.78500366210938,79.70114135742188
2025-02-13,87.52999877929688,80.38532257080078
2025-02-14,88.02999877929688,80.84451293945312
2025-02-17,87.8949966430664,80.72052764892578
2025-02-18,87.58999633789062,80.44042205810547
2025-02-19,87.41000366210938,80.27513122558594
2025-02-20,87.7249984741211,80.56440734863281
2025-02-21,87.98999786376953,80.80776977539062
2025-02-24,88.06999969482422,80.8812484741211
2025-02-25,88.48500061035156,81.26237487792969
2025-02-26,88.55999755859375,81.33124542236328
2025-02-27,88.45999908447266,81.23941040039062
2025-02-28,88.41500091552734,81.19808959960938
2025-03-03,88.83000183105469,81.57920837402344
2025-03-04,88.86000061035156,81.60675811767578
2025-03-05,88.94999694824219,81.68940734863281
2025-03-06,88.61000061035156,81.37716674804688
2025-03-07,88.98500061035156,81.7215576171875
2025-03-10,89.06500244140625,81.79502868652344
2025-03-11,88.80999755859375,81.56083679199219
2025-03-12,88.56999969482422,81.3404312133789
2025-03-13,86.48999786376953,81.10758209228516
2025-03-14,86.9800033569336,81.56710052490234
2025-03-17,87.33000183105469,81.89531707763672
2025-03-18,87.11000061035156,81.68900299072266
2025-03-19,87.12000274658203,81.69837951660156
2025-03-20,87.44999694824219,82.00784301757812
2025-03-21,87.05000305175781,81.63274383544922
2025-03-24,86.96499633789062,81.55302429199219
2025-03-25,87.02999877929688,81.61398315429688
2025-03-26,86.83499908447266,81.43111419677734
2025-03-27,86.62999725341797,81.23887634277344
2025-03-28,87.12999725341797,81.70774841308594
2025-03-31,87.12999725341797,81.70774841308594
2025-04-01,87.38999938964844,81.95157623291016
2025-04-02,87.44000244140625,81.99846649169922
2025-04-03,88.08000183105469,82.59864044189453
2025-04-04,88.02999877929688,82.5517578125
2025-04-07,86.9000015258789,81.49207305908203
2025-04-08,86.58999633789062,81.20136260986328
2025-04-09,85.63999938964844,80.31048583984375
2025-04-10,86.87000274658203,81.46394348144531
2025-04-11,86.31999969482422,80.94816589355469
2025-04-14,87.5199966430664,82.073486328125
2025-04-15,87.56999969482422,82.12036895751953
2025-04-16,87.91999816894531,82.44859313964844
2025-04-17,88.13999938964844,82.6549072265625
2025-04-22,88.03500366210938,82.55644989013672
2025-04-23,88.11499786376953,82.63145446777344
2025-04-24,88.28500366210938,82.79088592529297
2025-04-25,88.55500030517578,83.04407501220703
2025-04-28,88.76000213623047,83.23632049560547
2025-04-29,88.87999725341797,83.3488540649414
2025-04-30,88.75,83.22694396972656
2025-05-01,88.61000061035156,83.09565734863281
2025-05-02,88.2300033569336,82.73931121826172
2025-05-06,88.2699966430664,82.77680969238281
2025-05-07,88.52999877929688,83.0206298828125
2025-05-08,88.29000091552734,82.79557037353516
2025-05-09,88.17500305175781,82.68772888183594
2025-05-12,87.77999877929688,82.31731414794922
2025-05-13,87.75,82.28916931152344
2025-05-14,87.76000213623047,82.29855346679688
2025-05-15,87.80999755859375,82.34544372558594
2025-05-16,88.02999877929688,82.5517578125
2025-05-19,87.95999908447266,82.4861068725586
2025-05-20,88.06999969482422,82.58926391601562
2025-05-21,88.17500305175781,82.68772888183594
2025-05-22,87.94000244140625,82.46736145019531
2025-05-23,88.15499877929688,82.6689682006836
2025-05-27,88.58000183105469,83.0675277709961
2025-05-28,88.31999969482422,82.82369995117188
2025-05-29,88.83999633789062,83.31134033203125
2025-05-30,88.8949966430664,83.3629150390625
2025-06-02,88.94000244140625,83.40512084960938
2025-06-03,89.02999877929688,83.48951721191406
2025-06-04,89.3949966430664,83.83180236816406
2025-06-05,89.3550033569336,83.79429626464844
2025-06-06,89.05000305175781,83.5082778930664
2025-06-09,89.13999938964844,83.5926742553711
2025-06-10,89.26000213623047,83.70520782470703
2025-06-11,89.4749984741211,83.90682983398438
2025-06-12,90.06999969482422,84.46479797363281
2025-06-13,89.7249984741211,84.14126586914062
2025-06-16,89.80999755859375,84.2209701538086
2025-06-17,89.70999908447266,84.127197265625
2025-06-18,89.87999725341797,84.28662109375
2025-06-19,89.54499816894531,83.97245788574219
2025-06-20,89.66500091552734,84.08500671386719
2025-06-23,90.05000305175781,84.446044921875
2025-06-24,90.29000091552734,84.67111206054688
2025-06-25,90.29000091552734,84.67111206054688
2025-06-26,90.66999816894531,85.02745819091797
2025-06-27,90.69999694824219,85.05558776855469
2025-06-30,90.9000015258789,85.24314880371094
2025-07-01,91.12999725341797,85.45882415771484
2025-07-02,91.04000091552734,85.37443542480469
2025-07-03,91.1500015258789,85.47758483886719
2025-07-04,91.13500213623047,85.46351623535156
2025-07-07,90.77999877929688,85.13060760498047
2025-07-08,90.5199966430664,84.88678741455078
2025-07-09,90.56500244140625,84.92899322509766
2025-07-10,90.69000244140625,85.04621124267578
2025-07-11,90.47000122070312,84.83990478515625
2025-07-14,90.33999633789062,84.71798706054688
2025-07-15,90.04000091552734,84.43666076660156
2025-07-16,90.18499755859375,84.57263946533203
2025-07-17,90.27999877929688,84.66173553466797
2025-07-18,90.4800033569336,84.84928894042969
2025-07-21,90.8949966430664,85.23845672607422
2025-07-22,91.08000183105469,85.41194915771484
2025-07-23,90.9749984741211,85.3134765625
2025-07-24,90.9800033569336,85.31817626953125
2025-07-25,90.87000274658203,85.21501159667969
2025-07-28,90.6500015258789,85.00870513916016
2025-07-29,90.5999984741211,84.9618148803711
2025-07-30,90.37999725341797,84.75550842285156
2025-07-31,90.55999755859375,84.92430114746094
2025-08-01,91.0,85.33692169189453
2025-08-04,91.22000122070312,85.54322814941406
2025-08-05,91.29000091552734,85.60887908935547
2025-08-06,91.45999908447266,85.76829528808594
2025-08-07,91.54000091552734,85.84332275390625
2025-08-08,91.31999969482422,85.63700103759766
2025-08-11,91.19000244140625,85.51509857177734
2025-08-12,91.33999633789062,85.65576934814453
2025-08-13,91.87000274658203,86.15279388427734
2025-08-14,91.54000091552734,85.84332275390625
2025-08-15,91.56999969482422,85.87144470214844
2025-08-18,91.2699966430664,85.59011840820312
2025-08-19,91.34500122070312,85.66046142578125
2025-08-20,91.44999694824219,85.75891876220703
2025-08-21,91.08999633789062,85.42131805419922
2025-08-22,91.87000274658203,86.15279388427734
2025-08-26,91.44000244140625,85.74954223632812
2025-08-27,91.375,85.68858337402344
2025-08-28,91.72000122070312,86.01211547851562
2025-08-29,91.4800033569336,85.78705596923828
2025-09-01,91.58000183105469,85.88082885742188
2025-09-02,91.02999877929688,85.36505889892578
2025-09-03,91.48999786376953,85.79642486572266
2025-09-04,91.66000366210938,85.95584869384766
2025-09-05,92.55999755859375,86.79983520507812
2025-09-08,92.70999908447266,86.94050598144531
2025-09-09,92.5199966430664,86.7623291015625
2025-09-10,92.7699966430664,86.99677276611328
2025-09-11,91.1500015258789,87.24765014648438
2025-09-12,90.76000213623047,86.87435150146484
2025-09-15,91.27999877929688,87.37208557128906
2025-09-16,91.22000122070312,87.31465148925781
2025-09-17,91.43499755859375,87.52045440673828
2025-09-18,91.04000091552734,87.14236450195312
2025-09-19,90.87000274658203,86.9796371459961
2025-09-22,90.87000274658203,86.9796371459961
2025-09-23,90.96499633789062,87.07056427001953
2025-09-24,90.75,86.86477661132812
2025-09-25,90.19000244140625,86.3287582397461
2025-09-26,90.54000091552734,86.66377258300781
2025-09-29,90.86499786376953,86.974853515625
2025-09-30,90.9000015258789,87.00836181640625
2025-10-01,90.95999908447266,87.06578063964844
2025-10-02,90.9000015258789,87.00836181640625
2025-10-03,91.13500213623047,87.23329162597656
2025-10-06,90.88999938964844,86.99878692626953
2025-10-07,90.8550033569336,86.96528625488281
2025-10-08,90.8499984741211,86.96049499511719
2025-10-09,90.5199966430664,86.64461517333984
2025-10-10,90.88500213623047,86.9939956665039
2025-10-13,90.77999877929688,86.89348602294922
2025-10-14,90.88999938964844,86.99878692626953
2025-10-15,91.33000183105469,87.4199447631836
2025-10-16,91.33000183105469,87.4199447631836
2025-10-17,91.31999969482422,87.41036987304688
2025-10-20,91.4800033569336,87.56352996826172
2025-10-21,91.56999969482422,87.64966583251953
2025-10-22,91.43000030517578,87.51567077636719
2025-10-23,91.45999908447266,87.54438018798828
2025-10-24,91.35379791259766,87.4427261352539
2025-10-27,91.62000274658203,87.6975326538086
2025-10-28,91.62999725341797,87.70709991455078
2025-10-29,91.625,87.70231628417969
2025-10-30,91.02999877929688,87.1327896118164
2025-10-31,90.7300033569336,86.84564208984375
2025-11-03,90.55000305175781,86.67334747314453
2025-11-04,90.51000213623047,86.63505554199219
2025-11-05,90.28500366210938,86.41969299316406
2025-11-06,90.54000091552734,86.66377258300781
2025-11-07,90.75,86.86477661132812
2025-11-10,90.6500015258789,86.76905822753906
2025-11-11,90.81999969482422,86.9317855834961
2025-11-12,90.80999755859375,86.92221069335938
2025-11-13,90.81999969482422,86.9317855834961
2025-11-14,90.6449966430664,86.76426696777344
2025-11-17,90.52999877929688,86.6541976928711
2025-11-18,90.46499633789062,86.59197998046875
2025-11-19,90.45999908447266,86.58719635009766
2025-11-20,90.48500061035156,86.61112213134766
2025-11-21,90.43499755859375,86.5632553100586
2025-11-24,90.69999694824219,86.81690979003906
2025-11-25,91.04499816894531,87.14714050292969
2025-11-26,91.21499633789062,87.30986785888672
2025-11-27,91.3550033569336,87.44387817382812
2025-11-28,91.25,87.34337615966797
2025-12-01,90.9800033569336,87.0849380493164
2025-12-02,90.98999786376953,87.0945053100586
2025-12-03,91.27999877929688,87.37208557128906
2025-12-04,91.1500015258789,87.24765014648438
2025-12-05,91.08999633789062,87.19021606445312
2025-12-08,90.86000061035156,86.9700698852539
2025-12-09,90.82499694824219,86.93656158447266
2025-12-10,90.98999786376953,87.0945053100586
2025-12-11,91.38999938964844,87.47737884521484
2025-12-12,90.9800033569336,87.0849380493164
2025-12-15,91.0999984741211,87.19979095458984
2025-12-16,91.23999786376953,87.33379364013672
2025-12-17,91.22000122070312,87.31465148925781
2025-12-18,91.375,87.46302032470703
2025-12-19,91.22000122070312,87.31465148925781
2025-12-22,91.27999877929688,87.37208557128906
2025-12-23,91.41999816894531,87.50608825683594
2025-12-24,91.4800033569336,87.56352996826172
2025-12-29,91.73999786376953,87.81239318847656
2025-12-30,91.69000244140625,87.76453399658203
2025-12-31,91.62000274658203,87.6975326538086
2026-01-02,91.3499984741211,87.4390869140625
