date,close,adj_close
2014-12-01,120.16999816894531,93.02819061279297
2014-12-02,120.33999633789062,93.15978240966797
2014-12-03,120.36000061035156,93.17528533935547
2014-12-04,120.38999938964844,93.19850158691406
2014-12-05,120.37000274658203,93.1830062866211
2014-12-08,120.45999908447266,93.252685546875
2014-12-09,120.29000091552734,93.12109375
2014-12-10,120.77999877929688,93.50041198730469
2014-12-11,121.06999969482422,93.72489166259766
2014-12-12,121.19999694824219,93.82554626464844
2014-12-15,120.95999908447266,93.63973236083984
2014-12-16,121.25,93.86425018310547
2014-12-17,121.05999755859375,93.71715545654297
2014-12-18,121.48999786376953,94.05003356933594
2014-12-19,121.16000366210938,93.79459381103516
2014-12-22,121.11000061035156,93.755859375
2014-12-23,120.81999969482422,93.53135681152344
2014-12-29,121.01000213623047,93.67845916748047
2014-12-30,120.81999969482422,93.53135681152344
2015-01-05,121.62999725341797,94.1584243774414
2015-01-06,122.76000213623047,95.0331802368164
2015-01-07,122.47000122070312,94.80870819091797
2015-01-08,122.93000030517578,95.164794921875
2015-01-09,121.97000122070312,94.421630859375
2015-01-12,122.26000213623047,94.64613342285156
2015-01-13,122.37000274658203,94.73129272460938
2015-01-14,123.25,95.41254425048828
2015-01-15,126.11000061035156,97.6265640258789
2015-01-16,125.55000305175781,97.19304656982422
2015-01-19,126.12000274658203,97.6343002319336
2015-01-20,125.06999969482422,97.7671890258789
2015-01-21,126.52999877929688,98.90846252441406
2015-01-22,126.77999877929688,99.1039047241211
2015-01-23,126.81999969482422,99.1351547241211
2015-01-26,126.16000366210938,98.61924743652344
2015-01-27,124.68000030517578,97.46232604980469
2015-01-28,124.62000274658203,97.41541290283203
2015-01-29,124.72000122070312,97.49361419677734
2015-01-30,124.88999938964844,97.62648010253906
2015-02-02,125.23999786376953,97.90008544921875
2015-02-03,125.62999725341797,98.2049331665039
2015-02-04,125.44000244140625,98.05642700195312
2015-02-05,125.48999786376953,98.09552764892578
2015-02-06,124.97000122070312,97.68904113769531
2015-02-09,124.4000015258789,97.24343872070312
2015-02-10,123.62999725341797,96.64152526855469
2015-02-11,123.27999877929688,96.36795806884766
2015-02-12,123.91999816894531,96.86824035644531
2015-02-13,123.9000015258789,96.85262298583984
2015-02-16,123.30000305175781,96.38358306884766
2015-02-17,122.91000366210938,96.0787353515625
2015-02-18,123.18000030517578,96.28976440429688
2015-02-19,122.95999908447266,96.11780548095703
2015-02-20,123.44999694824219,96.5008316040039
2015-02-23,122.9000015258789,96.0708999633789
2015-02-24,123.19000244140625,96.29757690429688
2015-02-25,123.30000305175781,96.38358306884766
2015-02-26,124.08000183105469,96.99331665039062
2015-02-27,123.33000183105469,96.40705108642578
2015-03-02,123.91999816894531,96.86824035644531
2015-03-03,123.9800033569336,96.9151382446289
2015-03-04,124.0999984741211,97.00892639160156
2015-03-05,123.33999633789062,96.41485595703125
2015-03-06,123.83999633789062,96.80569458007812
2015-03-09,124.54000091552734,97.3528823852539
2015-03-10,124.4000015258789,97.24343872070312
2015-03-11,124.56999969482422,97.37632751464844
2015-03-12,125.16999816894531,97.84536743164062
2015-03-13,124.66999816894531,97.45450592041016
2015-03-16,125.0999984741211,97.79064178466797
2015-03-17,124.41000366210938,97.25125122070312
2015-03-18,125.4000015258789,98.02513885498047
2015-03-19,125.2300033569336,97.89227294921875
2015-03-20,123.95999908447266,96.89949035644531
2015-03-23,124.16000366210938,97.05584716796875
2015-03-24,124.58000183105469,97.38414001464844
2015-03-25,124.45999908447266,97.29035949707031
2015-03-26,123.7699966430664,96.75096130371094
2015-03-27,123.9000015258789,96.85262298583984
2015-03-30,124.58999633789062,97.39198303222656
2015-03-31,124.69999694824219,97.47797393798828
2015-04-01,124.6500015258789,97.43888854980469
2015-04-02,124.08999633789062,97.00112915039062
2015-04-07,124.70999908447266,97.48577880859375
2015-04-08,124.08000183105469,96.99331665039062
2015-04-09,124.47000122070312,97.2981948852539
2015-04-10,125.0,97.71247863769531
2015-04-13,125.1500015258789,97.8297348022461
2015-04-14,125.05000305175781,97.7515640258789
2015-04-15,125.05999755859375,97.75934600830078
2015-04-16,126.1500015258789,98.6114273071289
2015-04-17,125.93000030517578,98.439453125
2015-04-20,125.37000274658203,98.00170135498047
2015-04-21,125.19000244140625,97.86097717285156
2015-04-22,125.37000274658203,98.00170135498047
2015-04-23,124.79000091552734,97.54830932617188
2015-04-24,125.01000213623047,97.72029113769531
2015-04-27,124.75,97.51705169677734
2015-04-28,125.0,97.71247863769531
2015-04-29,123.80000305175781,96.7744369506836
2015-04-30,123.62000274658203,96.63372802734375
2015-05-04,123.01000213623047,96.15689086914062
2015-05-05,123.13999938964844,96.25851440429688
2015-05-06,122.73999786376953,95.94583892822266
2015-05-07,122.5199966430664,95.77384948730469
2015-05-08,122.62999725341797,95.85983276367188
2015-05-11,123.19000244140625,96.29757690429688
2015-05-12,123.04000091552734,96.18035888671875
2015-05-13,123.16999816894531,96.28196716308594
2015-05-15,123.20999908447266,96.31321716308594
2015-05-18,123.7300033569336,96.7197036743164
2015-05-19,124.33999633789062,97.196533203125
2015-05-20,123.44000244140625,96.4930191040039
2015-05-21,123.58000183105469,96.60247039794922
2015-05-22,123.19999694824219,96.30540466308594
2015-05-26,123.88999938964844,96.84479522705078
2015-05-27,124.19000244140625,97.07930755615234
2015-05-28,124.29000091552734,97.15747833251953
2015-05-29,124.68000030517578,97.46232604980469
2015-06-01,124.69000244140625,97.47016906738281
2015-06-02,124.33999633789062,97.196533203125
2015-06-03,123.55999755859375,96.5868148803711
2015-06-04,123.3499984741211,96.42269134521484
2015-06-05,122.75,95.95362091064453
2015-06-08,121.73999786376953,95.16413879394531
2015-06-09,121.81999969482422,95.2266845703125
2015-06-10,121.19999694824219,94.74201202392578
2015-06-11,121.54000091552734,95.00779724121094
2015-06-12,121.55999755859375,95.0234146118164
2015-06-15,122.30000305175781,95.60187530517578
2015-06-16,122.25,95.56278991699219
2015-06-17,122.12000274658203,95.46116638183594
2015-06-18,122.0999984741211,95.445556640625
2015-06-19,122.22000122070312,95.5393295288086
2015-06-22,121.8499984741211,95.2501220703125
2015-06-23,121.76000213623047,95.17976379394531
2015-06-24,122.08999633789062,95.43771362304688
2015-06-25,122.16999816894531,95.50025177001953
2015-06-26,121.62000274658203,95.07032775878906
2015-06-29,122.30000305175781,95.60187530517578
2015-06-30,121.69999694824219,95.13285064697266
2015-07-01,121.62000274658203,95.07032775878906
2015-07-02,122.19999694824219,95.52369689941406
2015-07-03,122.16999816894531,95.50025177001953
2015-07-06,122.30000305175781,95.60187530517578
2015-07-07,123.44999694824219,96.5008316040039
2015-07-08,123.58000183105469,96.60247039794922
2015-07-09,123.31999969482422,96.39920806884766
2015-07-10,123.31999969482422,96.39920806884766
2015-07-13,122.30000305175781,95.60187530517578
2015-07-14,122.30999755859375,95.60971069335938
2015-07-15,122.30999755859375,95.60971069335938
2015-07-16,122.36000061035156,95.64879608154297
2015-07-17,122.19000244140625,95.51589965820312
2015-07-20,122.7300033569336,95.93800354003906
2015-07-21,121.43000030517578,95.90642547607422
2015-07-22,121.75,96.15917205810547
2015-07-23,121.75,96.15917205810547
2015-07-24,122.55000305175781,96.79102325439453
2015-07-27,122.9000015258789,97.06742858886719
2015-07-28,122.55000305175781,96.79102325439453
2015-07-29,121.94000244140625,96.3092269897461
2015-07-30,122.5199966430664,96.76729583740234
2015-07-31,122.19000244140625,96.50668334960938
2015-08-03,122.52999877929688,96.77521514892578
2015-08-04,122.70999908447266,96.91737365722656
2015-08-05,122.8499984741211,97.02791595458984
2015-08-06,122.91999816894531,97.08319854736328
2015-08-07,123.13999938964844,97.25701904296875
2015-08-10,123.4800033569336,97.52552032470703
2015-08-11,123.69999694824219,97.69929504394531
2015-08-12,124.33000183105469,98.19686889648438
2015-08-13,124.0199966430664,97.95199584960938
2015-08-14,123.93000030517578,97.88092803955078
2015-08-17,124.0999984741211,98.01519775390625
2015-08-18,124.05000305175781,97.97572326660156
2015-08-19,124.2300033569336,98.1178970336914
2015-08-20,124.1500015258789,98.05470275878906
2015-08-21,124.1500015258789,98.05470275878906
2015-08-24,125.22000122070312,98.8997802734375
2015-08-25,123.76000213623047,97.7466812133789
2015-08-26,123.98999786376953,97.92831420898438
2015-08-27,123.7699966430664,97.75456237792969
2015-08-28,123.4000015258789,97.46232604980469
2015-08-31,123.2300033569336,97.32806396484375
2015-09-01,123.31999969482422,97.39913940429688
2015-09-02,123.02999877929688,97.17012786865234
2015-09-03,123.56999969482422,97.59660339355469
2015-09-04,123.69999694824219,97.69929504394531
2015-09-07,123.55000305175781,97.58080291748047
2015-09-08,123.66999816894531,97.67557525634766
2015-09-09,123.16000366210938,97.27279663085938
2015-09-10,123.33999633789062,97.41495513916016
2015-09-11,122.94999694824219,97.10694122314453
2015-09-14,122.83000183105469,97.01216125488281
2015-09-15,122.33000183105469,96.61723327636719
2015-09-16,121.58000183105469,96.02490234375
2015-09-17,122.12999725341797,96.45929718017578
2015-09-18,122.36000061035156,96.64095306396484
2015-09-21,122.52999877929688,96.77521514892578
2015-09-22,122.91999816894531,97.08319854736328
2015-09-23,122.95999908447266,97.11482238769531
2015-09-24,123.30999755859375,97.39124298095703
2015-09-25,123.12999725341797,97.24908447265625
2015-09-28,123.75,97.73876190185547
2015-09-29,123.80999755859375,97.78618621826172
2015-09-30,123.62000274658203,97.63609313964844
2015-10-01,124.22000122070312,98.10997009277344
2015-10-02,124.86000061035156,98.61544799804688
2015-10-05,124.72000122070312,98.5048828125
2015-10-06,124.54000091552734,98.36272430419922
2015-10-07,124.41999816894531,98.26792907714844
2015-10-08,124.2300033569336,98.1178970336914
2015-10-09,123.93000030517578,97.88092803955078
2015-10-12,124.4000015258789,98.25213623046875
2015-10-13,124.54000091552734,98.36272430419922
2015-10-14,124.13999938964844,98.04679870605469
2015-10-15,124.29000091552734,98.165283203125
2015-10-16,124.5,98.33113098144531
2015-10-19,124.87000274658203,98.62335205078125
2015-10-20,124.80999755859375,98.57596588134766
2015-10-21,125.19000244140625,98.8760986328125
2015-10-22,125.66999816894531,99.25520324707031
2015-10-23,125.08999633789062,98.79711151123047
2015-10-26,125.7699966430664,99.33416748046875
2015-10-27,125.98999786376953,99.5079345703125
2015-10-28,125.47000122070312,99.09725952148438
2015-10-29,125.5199966430664,99.13672637939453
2015-10-30,124.80999755859375,98.57596588134766
2015-11-02,124.73999786376953,98.52068328857422
2015-11-03,125.36000061035156,99.0103759765625
2015-11-04,125.0,98.72604370117188
2015-11-05,125.38999938964844,99.03406524658203
2015-11-06,125.5199966430664,99.13672637939453
2015-11-09,125.0199966430664,98.74181365966797
2015-11-10,125.30000305175781,98.96299743652344
2015-11-11,125.5199966430664,99.13672637939453
2015-11-12,125.5199966430664,99.13672637939453
2015-11-13,125.47000122070312,99.09725952148438
2015-11-16,125.76000213623047,99.32630157470703
2015-11-17,125.91000366210938,99.44474792480469
2015-11-18,125.43000030517578,99.0656509399414
2015-11-19,125.52999877929688,99.14464569091797
2015-11-20,125.80000305175781,99.3578872680664
2015-11-23,125.1500015258789,98.84452056884766
2015-11-24,125.94000244140625,99.46846008300781
2015-11-25,125.63999938964844,99.23150634765625
2015-11-26,125.94999694824219,99.47635650634766
2015-11-27,126.05000305175781,99.55532836914062
2015-11-30,125.87000274658203,99.4131851196289
2015-12-01,126.69000244140625,100.0608139038086
2015-12-02,126.44000244140625,99.86336517333984
2015-12-03,124.61000061035156,98.41801452636719
2015-12-04,125.0999984741211,98.80502319335938
2015-12-07,125.25,98.9234848022461
2015-12-08,124.80000305175781,98.56806945800781
2015-12-09,124.52999877929688,98.35482025146484
2015-12-10,124.11000061035156,98.02310180664062
2015-12-11,124.62000274658203,98.42588806152344
2015-12-14,124.33999633789062,98.20475769042969
2015-12-15,123.25,97.3438720703125
2015-12-16,123.55000305175781,97.58080291748047
2015-12-17,123.44999694824219,97.50181579589844
2015-12-18,123.55999755859375,97.58871459960938
2015-12-21,123.91999816894531,97.87303924560547
2015-12-22,123.7300033569336,97.72298431396484
2015-12-23,123.33000183105469,97.40707397460938
2015-12-28,123.44000244140625,97.49393463134766
2015-12-29,123.27999877929688,97.3675765991211
2015-12-30,123.02999877929688,97.17012786865234
2016-01-04,123.61000061035156,97.62820434570312
2016-01-05,123.80999755859375,97.78618621826172
2016-01-06,124.0999984741211,98.01519775390625
2016-01-07,123.79000091552734,97.7703628540039
2016-01-08,123.47000122070312,97.51762390136719
2016-01-11,123.88999938964844,97.84934997558594
2016-01-12,123.45999908447266,97.50972747802734
2016-01-13,123.94000244140625,97.88883972167969
2016-01-14,124.38999938964844,98.2442398071289
2016-01-15,124.25,98.1336898803711
2016-01-18,124.22000122070312,98.10997009277344
2016-01-19,123.19000244140625,98.26152801513672
2016-01-20,123.41999816894531,98.44499206542969
2016-01-21,124.04000091552734,98.93952941894531
2016-01-22,123.56999969482422,98.56463623046875
2016-01-25,124.05999755859375,98.95549011230469
2016-01-26,123.97000122070312,98.8836898803711
2016-01-27,123.91999816894531,98.84381866455078
2016-01-28,124.0999984741211,98.98738098144531
2016-01-29,124.23999786376953,99.09905242919922
2016-02-01,124.80999755859375,99.5537109375
2016-02-02,124.62000274658203,99.40215301513672
2016-02-03,124.5999984741211,99.38621520996094
2016-02-04,124.77999877929688,99.52980041503906
2016-02-05,124.47000122070312,99.28253173828125
2016-02-08,125.44999694824219,100.064208984375
2016-02-09,125.37000274658203,100.00039672851562
2016-02-10,124.83000183105469,99.56967163085938
2016-02-11,125.30999755859375,99.9525146484375
2016-02-12,124.8499984741211,99.58563232421875
2016-02-15,124.9000015258789,99.62550354003906
2016-02-16,124.8499984741211,99.58563232421875
2016-02-17,124.76000213623047,99.51384735107422
2016-02-18,125.1500015258789,99.82492065429688
2016-02-19,125.20999908447266,99.87277221679688
2016-02-22,125.69000244140625,100.25565338134766
2016-02-23,125.68000030517578,100.24767303466797
2016-02-24,125.68000030517578,100.24767303466797
2016-02-25,126.12999725341797,100.6065902709961
2016-02-26,126.12000274658203,100.59862518310547
2016-02-29,126.58999633789062,100.9735336303711
2016-03-01,126.54000091552734,100.93363952636719
2016-03-02,126.2699966430664,100.71827697753906
2016-03-03,126.37999725341797,100.8060073852539
2016-03-04,126.22000122070312,100.67839813232422
2016-03-07,126.06999969482422,100.55875396728516
2016-03-08,126.13999938964844,100.61457824707031
2016-03-09,125.1500015258789,99.82492065429688
2016-03-10,124.25,99.10704040527344
2016-03-11,124.54000091552734,99.33834075927734
2016-03-14,124.76000213623047,99.51384735107422
2016-03-15,124.52999877929688,99.33037567138672
2016-03-16,124.5,99.30646514892578
2016-03-17,124.77999877929688,99.52980041503906
2016-03-18,124.94000244140625,99.65740966796875
2016-03-21,124.73999786376953,99.49788665771484
2016-03-22,124.91000366210938,99.63346862792969
2016-03-23,125.0,99.70526123046875
2016-03-24,125.22000122070312,99.8807373046875
2016-03-29,125.52999877929688,100.12799835205078
2016-03-30,125.33999633789062,99.97647094726562
2016-03-31,125.41000366210938,100.03231811523438
2016-04-01,125.19000244140625,99.85682678222656
2016-04-04,125.18000030517578,99.84883880615234
2016-04-05,125.62999725341797,100.20777893066406
2016-04-06,125.5199966430664,100.12007141113281
2016-04-07,125.68000030517578,100.24767303466797
2016-04-08,125.72000122070312,100.27957916259766
2016-04-11,125.5999984741211,100.18384552001953
2016-04-12,125.05000305175781,99.74517059326172
2016-04-13,125.37000274658203,100.00039672851562
2016-04-14,125.33000183105469,99.96849822998047
2016-04-15,125.3499984741211,99.98443603515625
2016-04-18,125.2699966430664,99.92061614990234
2016-04-19,124.87000274658203,99.60157775878906
2016-04-20,125.27999877929688,99.9286117553711
2016-04-21,124.51000213623047,99.3144302368164
2016-04-22,124.12000274658203,99.0033187866211
2016-04-25,124.16000366210938,99.03524780273438
2016-04-26,123.95999908447266,98.87571716308594
2016-04-27,124.20999908447266,99.07514190673828
2016-04-28,124.33999633789062,99.17881774902344
2016-04-29,123.79000091552734,98.74010467529297
2016-05-02,124.2699966430664,99.12300109863281
2016-05-03,124.4800033569336,99.29048919677734
2016-05-04,124.2699966430664,99.12300109863281
2016-05-06,124.30999755859375,99.1549072265625
2016-05-09,124.43000030517578,99.25060272216797
2016-05-10,125.0999984741211,99.78502655029297
2016-05-11,125.06999969482422,99.76112365722656
2016-05-12,124.7699966430664,99.52181243896484
2016-05-13,124.91999816894531,99.64144897460938
2016-05-17,124.94000244140625,99.65740966796875
2016-05-18,124.68000030517578,99.45002746582031
2016-05-19,124.69999694824219,99.46598815917969
2016-05-20,124.45999908447266,99.27452850341797
2016-05-23,124.62000274658203,99.40215301513672
2016-05-24,124.4000015258789,99.22669219970703
2016-05-25,124.5,99.30646514892578
2016-05-26,124.93000030517578,99.64942932128906
2016-05-27,124.98999786376953,99.69729614257812
2016-05-30,124.87999725341797,99.60955047607422
2016-05-31,124.80000305175781,99.54571533203125
2016-06-01,125.68000030517578,100.24767303466797
2016-06-02,125.58999633789062,100.17586517333984
2016-06-03,125.91000366210938,100.43112182617188
2016-06-06,125.87999725341797,100.40719604492188
2016-06-07,125.83999633789062,100.37528228759766
2016-06-08,126.05000305175781,100.54278564453125
2016-06-09,126.41999816894531,100.83792877197266
2016-06-10,126.56999969482422,100.95756530761719
2016-06-13,126.8499984741211,101.180908203125
2016-06-14,126.97000122070312,101.27662658691406
2016-06-15,127.11000061035156,101.3883056640625
2016-06-16,127.5,101.6993637084961
2016-06-17,127.16999816894531,101.4361572265625
2016-06-20,126.5199966430664,100.91767120361328
2016-06-21,126.5,100.9017333984375
2016-06-22,126.18000030517578,100.646484375
2016-06-23,125.94000244140625,100.4550552368164
2016-06-24,126.66999816894531,101.0373306274414
2016-06-27,128.13999938964844,102.20986938476562
2016-06-28,127.80999755859375,101.9466552734375
2016-06-29,127.11000061035156,101.3883056640625
2016-06-30,128.47000122070312,102.47306823730469
2016-07-01,128.47000122070312,102.47306823730469
2016-07-04,128.47999572753906,102.4810562133789
2016-07-05,128.07000732421875,102.15404510498047
2016-07-06,128.05999755859375,102.14604949951172
2016-07-07,128.25,102.29759216308594
2016-07-08,128.3000030517578,102.33748626708984
2016-07-11,128.7899932861328,102.72832489013672
2016-07-12,128.2899932861328,102.32950592041016
2016-07-13,127.94000244140625,102.05037689208984
2016-07-14,127.4000015258789,101.61961364746094
2016-07-15,127.83000183105469,101.96261596679688
2016-07-18,127.88999938964844,102.01045227050781
2016-07-19,126.1500015258789,101.52758026123047
2016-07-20,126.20999908447266,101.57584381103516
2016-07-21,125.95999908447266,101.37466430664062
2016-07-22,125.88999938964844,101.31830596923828
2016-07-25,126.06999969482422,101.46318817138672
2016-07-26,125.97000122070312,101.3827133178711
2016-07-27,126.05000305175781,101.44707489013672
2016-07-28,126.30999755859375,101.6563720703125
2016-07-29,126.70999908447266,101.978271484375
2016-08-02,125.77999877929688,101.22977447509766
2016-08-03,126.08000183105469,101.47125244140625
2016-08-04,126.33999633789062,101.68047332763672
2016-08-05,126.2699966430664,101.6241455078125
2016-08-08,126.36000061035156,101.69657135009766
2016-08-09,126.33000183105469,101.67243957519531
2016-08-10,126.8499984741211,102.09093475341797
2016-08-11,126.6500015258789,101.92996978759766
2016-08-12,126.8499984741211,102.09093475341797
2016-08-15,126.20999908447266,101.57584381103516
2016-08-16,126.05999755859375,101.45510864257812
2016-08-17,125.58000183105469,101.06880950927734
2016-08-18,126.1500015258789,101.52758026123047
2016-08-19,125.95999908447266,101.37466430664062
2016-08-22,125.80999755859375,101.25394439697266
2016-08-23,126.20999908447266,101.57584381103516
2016-08-24,126.1500015258789,101.52758026123047
2016-08-25,126.11000061035156,101.4953842163086
2016-08-26,126.08000183105469,101.47125244140625
2016-08-29,125.91000366210938,101.33441162109375
2016-08-30,125.62000274658203,101.10102081298828
2016-08-31,125.30999755859375,100.85150146484375
2016-09-01,125.33000183105469,100.86762237548828
2016-09-02,125.33999633789062,100.87567138671875
2016-09-05,125.37999725341797,100.90785217285156
2016-09-06,125.93000030517578,101.35050964355469
2016-09-07,126.12000274658203,101.50341796875
2016-09-08,125.79000091552734,101.23783874511719
2016-09-09,125.0999984741211,100.68251037597656
2016-09-12,124.58000183105469,100.26402282714844
2016-09-13,124.58000183105469,100.26402282714844
2016-09-14,124.31999969482422,100.05475616455078
2016-09-15,124.05000305175781,99.83745574951172
2016-09-16,124.22000122070312,99.97428894042969
2016-09-19,124.41000366210938,100.1271743774414
2016-09-20,124.83000183105469,100.4652099609375
2016-09-21,124.66999816894531,100.33643341064453
2016-09-22,124.69000244140625,100.35254669189453
2016-09-23,125.16999816894531,100.73884582519531
2016-09-26,125.61000061035156,101.09296417236328
2016-09-27,125.91999816894531,101.34248352050781
2016-09-28,125.87000274658203,101.3022232055664
2016-09-29,125.77999877929688,101.22977447509766
2016-09-30,126.30999755859375,101.6563720703125
2016-10-03,126.30000305175781,101.64830017089844
2016-10-04,126.18000030517578,101.55170440673828
2016-10-05,125.26000213623047,100.8113021850586
2016-10-06,125.55000305175781,101.04468536376953
2016-10-07,125.79000091552734,101.23783874511719
2016-10-10,125.51000213623047,101.01248931884766
2016-10-11,125.41000366210938,100.93201446533203
2016-10-12,125.0,100.60202026367188
2016-10-13,125.48999786376953,100.99637603759766
2016-10-14,125.0999984741211,100.68251037597656
2016-10-17,125.0,100.60202026367188
2016-10-18,125.20999908447266,100.77104187011719
2016-10-19,125.0999984741211,100.68251037597656
2016-10-20,125.36000061035156,100.89177703857422
2016-10-21,125.36000061035156,100.89177703857422
2016-10-24,124.98999786376953,100.593994140625
2016-10-25,125.04000091552734,100.63422393798828
2016-10-26,124.4800033569336,100.18351745605469
2016-10-27,124.19999694824219,99.95817565917969
2016-10-28,124.0,99.79722595214844
2016-10-31,124.20999908447266,99.96623229980469
2016-11-01,123.63999938964844,99.50749206542969
2016-11-02,123.80999755859375,99.64429473876953
2016-11-03,123.3499984741211,99.27407836914062
2016-11-04,123.3499984741211,99.27407836914062
2016-11-07,123.18000030517578,99.13724517822266
2016-11-08,123.22000122070312,99.16947174072266
2016-11-09,123.80000305175781,99.6362533569336
2016-11-10,121.68000030517578,97.93003845214844
2016-11-11,121.80000305175781,98.02661895751953
2016-11-14,120.95999908447266,97.35055541992188
2016-11-15,121.16999816894531,97.51958465576172
2016-11-16,120.80000305175781,97.22179412841797
2016-11-17,120.80000305175781,97.22179412841797
2016-11-18,121.05000305175781,97.42300415039062
2016-11-21,121.19999694824219,97.54373931884766
2016-11-22,121.30000305175781,97.62419891357422
2016-11-23,121.44000244140625,97.73687744140625
2016-11-24,121.0999984741211,97.46324157714844
2016-11-25,121.5,97.78518676757812
2016-11-28,121.41000366210938,97.71275329589844
2016-11-29,121.38999938964844,97.69666290283203
2016-11-30,121.01000213623047,97.39080810546875
2016-12-01,120.66000366210938,97.1091079711914
2016-12-02,120.62000274658203,97.0769271850586
2016-12-05,120.62999725341797,97.08497619628906
2016-12-06,120.38999938964844,96.89181518554688
2016-12-07,120.66999816894531,97.11717987060547
2016-12-08,120.05999755859375,96.6262435913086
2016-12-09,120.08999633789062,96.65038299560547
2016-12-12,119.44999694824219,96.13529205322266
2016-12-13,119.76000213623047,96.38478088378906
2016-12-14,120.33000183105469,96.84353637695312
2016-12-15,120.12000274658203,96.67450714111328
2016-12-16,120.19999694824219,96.73893737792969
2016-12-19,120.25,96.77915954589844
2016-12-20,120.41999816894531,96.91597747802734
2016-12-21,120.56999969482422,97.03670501708984
2016-12-22,120.79000091552734,97.2137451171875
2016-12-23,121.0,97.38278198242188
2016-12-27,121.4000015258789,97.7047119140625
2016-12-28,121.45999908447266,97.75298309326172
2016-12-29,121.45999908447266,97.75298309326172
2016-12-30,121.87999725341797,98.09100341796875
2017-01-03,121.12000274658203,97.4793472290039
2017-01-04,121.9000015258789,98.10711669921875
2017-01-05,121.75,97.98637390136719
2017-01-06,122.12000274658203,98.2841567993164
2017-01-09,121.86000061035156,98.07490539550781
2017-01-10,122.11000061035156,98.27611541748047
2017-01-11,122.4800033569336,98.57388305664062
2017-01-12,121.9800033569336,98.17149353027344
2017-01-13,121.9800033569336,98.17149353027344
2017-01-16,121.94999694824219,98.14734649658203
2017-01-17,121.23999786376953,98.3826675415039
2017-01-18,120.9000015258789,98.10675048828125
2017-01-19,120.4000015258789,97.70100402832031
2017-01-20,119.98999786376953,97.36832427978516
2017-01-23,120.18000030517578,97.52250671386719
2017-01-24,120.37999725341797,97.6847915649414
2017-01-25,119.6500015258789,97.0924301147461
2017-01-26,119.62999725341797,97.07622528076172
2017-01-27,120.0199966430664,97.39266967773438
2017-01-30,120.05999755859375,97.42511749267578
2017-01-31,119.54000091552734,97.003173828125
2017-02-01,119.19999694824219,96.72727966308594
2017-02-02,119.68000030517578,97.11677551269531
2017-02-03,119.7300033569336,97.1573486328125
2017-02-06,119.76000213623047,97.18168640136719
2017-02-07,120.08000183105469,97.44135284423828
2017-02-08,120.3499984741211,97.66044616699219
2017-02-09,120.30999755859375,97.62798309326172
2017-02-10,120.30999755859375,97.62798309326172
2017-02-13,120.33999633789062,97.65233612060547
2017-02-14,120.4000015258789,97.70100402832031
2017-02-15,119.7699966430664,97.18978881835938
2017-02-16,120.2300033569336,97.56310272216797
2017-02-17,120.72000122070312,97.96073913574219
2017-02-20,120.63999938964844,97.89579010009766
2017-02-21,120.63999938964844,97.89579010009766
2017-02-22,120.69000244140625,97.93637084960938
2017-02-23,121.23999786376953,98.3826675415039
2017-02-24,121.5999984741211,98.6748046875
2017-02-27,121.56999969482422,98.65045928955078
2017-02-28,121.45999908447266,98.56119537353516
2017-03-01,121.38999938964844,98.50440216064453
2017-03-02,121.13999938964844,98.30152893066406
2017-03-03,120.69000244140625,97.93637084960938
2017-03-06,120.51000213623047,97.79029083251953
2017-03-07,120.44000244140625,97.73348236083984
2017-03-08,119.79000091552734,97.20602416992188
2017-03-09,119.18000030517578,96.71104431152344
2017-03-10,119.0,96.5649642944336
2017-03-13,119.0199966430664,96.58120727539062
2017-03-14,119.12000274658203,96.662353515625
2017-03-15,119.33999633789062,96.84085845947266
2017-03-16,119.48999786376953,96.96257781982422
2017-03-17,119.52999877929688,96.99505615234375
2017-03-20,119.54000091552734,97.003173828125
2017-03-21,119.38999938964844,96.8814468383789
2017-03-22,119.27999877929688,96.79218292236328
2017-03-23,119.30999755859375,96.81653594970703
2017-03-24,119.22000122070312,96.74349212646484
2017-03-27,119.63999938964844,97.0843276977539
2017-03-28,119.83000183105469,97.23846435546875
2017-03-29,120.68000030517578,97.92825317382812
2017-03-30,120.68000030517578,97.92825317382812
2017-03-31,120.19999694824219,97.53877258300781
2017-04-03,120.23999786376953,97.57119750976562
2017-04-04,120.80999755859375,98.03373718261719
2017-04-05,120.54000091552734,97.81464385986328
2017-04-06,120.91999816894531,98.12300872802734
2017-04-07,121.08000183105469,98.25283813476562
2017-04-10,121.2300033569336,98.37454986572266
2017-04-11,121.12000274658203,98.28528594970703
2017-04-12,120.80999755859375,98.03373718261719
2017-04-13,121.41000366210938,98.52061462402344
2017-04-18,121.5,98.5936508178711
2017-04-19,121.33999633789062,98.46380615234375
2017-04-20,121.45999908447266,98.56119537353516
2017-04-21,121.19999694824219,98.35022735595703
2017-04-24,120.29000091552734,97.6117935180664
2017-04-25,120.44000244140625,97.73348236083984
2017-04-26,119.88999938964844,97.28719329833984
2017-04-27,120.05000305175781,97.41700744628906
2017-04-28,120.13999938964844,97.49006652832031
2017-05-02,120.37999725341797,97.6847915649414
2017-05-03,120.19999694824219,97.53877258300781
2017-05-04,119.70999908447266,97.14112091064453
2017-05-05,119.7699966430664,97.18978881835938
2017-05-08,119.93000030517578,97.31964874267578
2017-05-09,119.29000091552734,96.80030059814453
2017-05-10,119.55000305175781,97.01128387451172
2017-05-11,119.4800033569336,96.95447540283203
2017-05-12,120.05000305175781,97.41700744628906
2017-05-15,119.75,97.1735610961914
2017-05-16,119.62000274658203,97.06806945800781
2017-05-17,120.3499984741211,97.66044616699219
2017-05-18,120.31999969482422,97.6361312866211
2017-05-19,120.27999877929688,97.60364532470703
2017-05-22,120.12999725341797,97.48194885253906
2017-05-23,120.0199966430664,97.39266967773438
2017-05-24,120.5,97.78216552734375
2017-05-26,120.73999786376953,97.9769287109375
2017-05-29,120.5,97.78216552734375
2017-05-30,120.91999816894531,98.12300872802734
2017-05-31,121.25,98.3907699584961
2017-06-01,121.2300033569336,98.37454986572266
2017-06-02,120.88999938964844,98.09866333007812
2017-06-06,121.30999755859375,98.4394760131836
2017-06-07,120.91000366210938,98.11488342285156
2017-06-08,121.37999725341797,98.49626922607422
2017-06-09,121.08999633789062,98.26093292236328
2017-06-12,121.13999938964844,98.30152893066406
2017-06-13,121.0,98.18791961669922
2017-06-14,121.08999633789062,98.26093292236328
2017-06-15,121.16000366210938,98.3177490234375
2017-06-16,121.16000366210938,98.3177490234375
2017-06-19,120.7699966430664,98.00128936767578
2017-06-20,121.04000091552734,98.22038269042969
2017-06-21,121.12999725341797,98.29339599609375
2017-06-22,120.69000244140625,97.93637084960938
2017-06-23,121.04000091552734,98.22038269042969
2017-06-26,120.66999816894531,97.9201431274414
2017-06-27,120.62999725341797,97.8876724243164
2017-06-28,119.80000305175781,97.21415710449219
2017-06-29,120.0,97.37644958496094
2017-06-30,119.55000305175781,97.01128387451172
2017-07-03,119.69000244140625,97.12489318847656
2017-07-04,119.69000244140625,97.12489318847656
2017-07-05,119.56999969482422,97.02751922607422
2017-07-06,119.04000091552734,96.5974349975586
2017-07-07,119.06999969482422,96.6218032836914
2017-07-10,119.06999969482422,96.6218032836914
2017-07-11,118.94999694824219,96.5243911743164
2017-07-12,118.62999725341797,96.26473999023438
2017-07-13,118.56999969482422,96.21604919433594
2017-07-14,118.56999969482422,96.21604919433594
2017-07-17,119.22000122070312,96.74349212646484
2017-07-18,117.87000274658203,96.4407730102539
2017-07-19,118.5,96.95623016357422
2017-07-20,118.27999877929688,96.7762222290039
2017-07-21,118.05000305175781,96.5880355834961
2017-07-24,118.19000244140625,96.70259857177734
2017-07-25,117.43000030517578,96.08076477050781
2017-07-26,117.54000091552734,96.1707534790039
2017-07-27,117.95999908447266,96.514404296875
2017-07-28,117.63999938964844,96.25257873535156
2017-07-31,117.88999938964844,96.45712280273438
2017-08-02,118.37000274658203,96.84986114501953
2017-08-03,118.83000183105469,97.22624206542969
2017-08-04,119.02999877929688,97.3898696899414
2017-08-07,118.9800033569336,97.34896850585938
2017-08-08,119.19999694824219,97.52896118164062
2017-08-09,119.7699966430664,97.99533081054688
2017-08-10,119.69999694824219,97.93805694580078
2017-08-11,119.94999694824219,98.14261627197266
2017-08-14,120.02999877929688,98.20806121826172
2017-08-15,120.02999877929688,98.20806121826172
2017-08-16,119.30999755859375,97.61894226074219
2017-08-17,119.30999755859375,97.61894226074219
2017-08-18,119.63999938964844,97.88896942138672
2017-08-21,119.83999633789062,98.05260467529297
2017-08-22,119.91999816894531,98.1180648803711
2017-08-23,119.94999694824219,98.14261627197266
2017-08-24,120.06999969482422,98.24078369140625
2017-08-25,120.0199966430664,98.19989013671875
2017-08-28,119.87999725341797,98.08533477783203
2017-08-29,119.97000122070312,98.15897369384766
2017-08-30,119.91000366210938,98.10990905761719
2017-08-31,119.94999694824219,98.14261627197266
2017-09-01,119.81999969482422,98.0362548828125
2017-09-04,119.80000305175781,98.01988220214844
2017-09-05,119.95999908447266,98.15080261230469
2017-09-06,119.75,97.97894287109375
2017-09-07,120.05999755859375,98.23260498046875
2017-09-08,120.05000305175781,98.22442626953125
2017-09-11,119.91000366210938,98.10990905761719
2017-09-12,119.12999725341797,97.47168731689453
2017-09-13,119.2300033569336,97.55349731445312
2017-09-14,118.83999633789062,97.23441314697266
2017-09-15,118.9000015258789,97.28350830078125
2017-09-18,118.66000366210938,97.08712768554688
2017-09-19,118.7300033569336,97.14441680908203
2017-09-20,118.70999908447266,97.1280517578125
2017-09-21,118.56999969482422,97.01351165771484
2017-09-22,118.61000061035156,97.04621124267578
2017-09-25,118.80000305175781,97.20169067382812
2017-09-26,118.76000213623047,97.16895294189453
2017-09-27,118.29000091552734,96.78441619873047
2017-09-28,118.22000122070312,96.72712707519531
2017-09-29,118.41000366210938,96.88259887695312
2017-10-02,118.51000213623047,96.96440124511719
2017-10-03,118.22000122070312,96.72712707519531
2017-10-04,118.0,96.54712677001953
2017-10-05,118.44000244140625,96.90711975097656
2017-10-06,118.05000305175781,96.5880355834961
2017-10-09,118.76000213623047,97.16895294189453
2017-10-10,118.54000091552734,96.98896026611328
2017-10-11,118.51000213623047,96.96440124511719
2017-10-12,118.5,96.95623016357422
2017-10-13,118.69000244140625,97.11167907714844
2017-10-16,118.88999938964844,97.27530670166016
2017-10-17,118.69000244140625,97.11167907714844
2017-10-18,118.98999786376953,97.35717010498047
2017-10-19,118.98999786376953,97.35717010498047
2017-10-20,118.56999969482422,97.01351165771484
2017-10-23,118.68000030517578,97.10350799560547
2017-10-24,118.4000015258789,96.87442016601562
2017-10-25,118.26000213623047,96.75984191894531
2017-10-26,118.55000305175781,96.99713134765625
2017-10-27,118.63999938964844,97.07078552246094
2017-10-30,118.75,97.1607666015625
2017-10-31,119.12999725341797,97.47168731689453
2017-11-01,118.98999786376953,97.35717010498047
2017-11-02,119.02999877929688,97.3898696899414
2017-11-03,118.9000015258789,97.28350830078125
2017-11-06,119.3499984741211,97.65170288085938
2017-11-07,119.45999908447266,97.74170684814453
2017-11-08,119.68000030517578,97.92168426513672
2017-11-09,119.04000091552734,97.39806365966797
2017-11-10,119.04000091552734,97.39806365966797
2017-11-13,118.9800033569336,97.34896850585938
2017-11-14,119.18000030517578,97.51260375976562
2017-11-15,119.33000183105469,97.63533782958984
2017-11-16,118.98999786376953,97.35717010498047
2017-11-17,119.01000213623047,97.37350463867188
2017-11-20,119.19999694824219,97.52896118164062
2017-11-21,119.72000122070312,97.95441436767578
2017-11-22,119.63999938964844,97.88896942138672
2017-11-23,119.30000305175781,97.61078643798828
2017-11-24,119.58000183105469,97.83988952636719
2017-11-27,119.58000183105469,97.83988952636719
2017-11-28,119.52999877929688,97.7989730834961
2017-11-29,119.23999786376953,97.56169891357422
2017-11-30,119.02999877929688,97.3898696899414
2017-12-01,119.23999786376953,97.56169891357422
2017-12-04,119.6500015258789,97.89715576171875
2017-12-05,119.55999755859375,97.82350158691406
2017-12-06,119.73999786376953,97.97079467773438
2017-12-07,120.05999755859375,98.23260498046875
2017-12-08,120.06999969482422,98.24078369140625
2017-12-11,120.1500015258789,98.30624389648438
2017-12-12,119.9000015258789,98.10169219970703
2017-12-13,119.94000244140625,98.13444519042969
2017-12-14,119.69000244140625,97.9299087524414
2017-12-15,120.19000244140625,98.3389892578125
2017-12-18,120.0,98.18351745605469
2017-12-19,119.91999816894531,98.1180648803711
2017-12-20,119.3499984741211,97.65170288085938
2017-12-21,119.62000274658203,97.87260437011719
2017-12-22,119.29000091552734,97.60259246826172
2017-12-27,119.72000122070312,97.95441436767578
2017-12-28,119.80000305175781,98.01988220214844
2017-12-29,119.26000213623047,97.57805633544922
2018-01-03,119.73999786376953,97.97079467773438
2018-01-04,119.83999633789062,98.05260467529297
2018-01-05,119.66000366210938,97.90534210205078
2018-01-08,119.9800033569336,98.16716766357422
2018-01-09,119.73999786376953,97.97079467773438
2018-01-10,119.27999877929688,97.59442138671875
2018-01-11,118.81999969482422,97.21805572509766
2018-01-12,118.33999633789062,96.8253173828125
2018-01-15,118.62000274658203,97.05441284179688
2018-01-16,117.81999969482422,97.23597717285156
2018-01-17,117.83999633789062,97.25247955322266
2018-01-18,117.72000122070312,97.15343475341797
2018-01-19,117.66000366210938,97.10392761230469
2018-01-22,117.44000244140625,96.92237091064453
2018-01-23,117.27999877929688,96.7903060913086
2018-01-24,117.13999938964844,96.6747817993164
2018-01-25,116.76000213623047,96.36116790771484
2018-01-26,116.9800033569336,96.54271697998047
2018-01-29,116.22000122070312,95.91551208496094
2018-01-30,116.54000091552734,96.17961120605469
2018-01-31,116.27999877929688,95.96503448486328
2018-02-01,116.30000305175781,95.98152923583984
2018-02-02,115.80000305175781,95.5688705444336
2018-02-05,115.83999633789062,95.60189819335938
2018-02-06,116.12000274658203,95.83299255371094
2018-02-07,115.63999938964844,95.43681335449219
2018-02-08,115.4000015258789,95.23876190185547
2018-02-09,115.69999694824219,95.48634338378906
2018-02-12,115.58000183105469,95.38732147216797
2018-02-13,115.73999786376953,95.51937103271484
2018-02-14,115.62000274658203,95.42034912109375
2018-02-15,115.41999816894531,95.25527954101562
2018-02-16,115.83999633789062,95.60189819335938
2018-02-19,115.80000305175781,95.5688705444336
2018-02-20,115.95999908447266,95.70092010498047
2018-02-21,116.23999786376953,95.9320068359375
2018-02-22,115.94000244140625,95.68444061279297
2018-02-23,116.44000244140625,96.09707641601562
2018-02-26,116.5,96.1465835571289
2018-02-27,116.54000091552734,96.17961120605469
2018-02-28,116.81999969482422,96.41068267822266
2018-03-01,116.95999908447266,96.52620697021484
2018-03-02,116.95999908447266,96.52620697021484
2018-03-05,116.9800033569336,96.54271697998047
2018-03-06,116.58000183105469,96.21263122558594
2018-03-07,116.55999755859375,96.19609832763672
2018-03-08,116.37999725341797,96.04755401611328
2018-03-09,116.58000183105469,96.21263122558594
2018-03-12,116.68000030517578,96.29515838623047
2018-03-13,116.5199966430664,96.16309356689453
2018-03-14,116.4800033569336,96.1301040649414
2018-03-15,116.62000274658203,96.24563598632812
2018-03-16,116.54000091552734,96.17961120605469
2018-03-19,116.4800033569336,96.1301040649414
2018-03-20,116.45999908447266,96.11356353759766
2018-03-21,116.69999694824219,96.31165313720703
2018-03-22,116.87999725341797,96.46018981933594
2018-03-23,116.91999816894531,96.49320220947266
2018-03-26,116.9000015258789,96.47669219970703
2018-03-27,116.81999969482422,96.41068267822266
2018-03-28,117.18000030517578,96.7077865600586
2018-03-29,117.13999938964844,96.6747817993164
2018-04-03,117.4000015258789,96.88934326171875
2018-04-04,117.69999694824219,97.13693237304688
2018-04-05,117.08000183105469,96.6252670288086
2018-04-06,117.37999725341797,96.87283325195312
2018-04-09,117.23999786376953,96.7573013305664
2018-04-10,117.12000274658203,96.65827178955078
2018-04-11,117.5,96.97187805175781
2018-04-12,117.19999694824219,96.72428894042969
2018-04-13,117.0999984741211,96.6417465209961
2018-04-16,117.19999694824219,96.72428894042969
2018-04-17,117.0,96.55924224853516
2018-04-18,116.9800033569336,96.54271697998047
2018-04-19,116.30000305175781,95.98152923583984
2018-04-20,116.22000122070312,95.91551208496094
2018-04-23,116.05999755859375,95.7834701538086
2018-04-24,116.0,95.73394775390625
2018-04-25,115.76000213623047,95.5358657836914
2018-04-26,116.13999938964844,95.84949493408203
2018-04-27,116.66000366210938,96.27864074707031
2018-04-30,116.73999786376953,96.34465789794922
2018-05-02,116.33999633789062,96.01454162597656
2018-05-03,117.0199966430664,96.57573699951172
2018-05-04,117.12000274658203,96.65827178955078
2018-05-07,117.04000091552734,96.59223937988281
2018-05-08,117.08000183105469,96.6252670288086
2018-05-09,116.81999969482422,96.41068267822266
2018-05-11,117.0,96.55924224853516
2018-05-14,116.41999816894531,96.08057403564453
2018-05-15,115.83999633789062,95.60189819335938
2018-05-16,115.83999633789062,95.60189819335938
2018-05-17,115.69999694824219,95.48634338378906
2018-05-18,115.95999908447266,95.70092010498047
2018-05-22,116.41999816894531,96.08057403564453
2018-05-23,116.72000122070312,96.3281478881836
2018-05-24,116.86000061035156,96.4437026977539
2018-05-25,117.05999755859375,96.60874938964844
2018-05-28,117.91999816894531,97.31851196289062
2018-05-29,118.5199966430664,97.81368255615234
2018-05-30,118.45999908447266,97.76416778564453
2018-05-31,118.05999755859375,97.43403625488281
2018-06-01,117.76000213623047,97.18647003173828
2018-06-04,117.86000061035156,97.26900482177734
2018-06-05,118.0999984741211,97.46704864501953
2018-06-06,116.9800033569336,96.54271697998047
2018-06-07,116.83999633789062,96.42715454101562
2018-06-08,117.05999755859375,96.60874938964844
2018-06-11,116.76000213623047,96.36116790771484
2018-06-12,116.76000213623047,96.36116790771484
2018-06-13,116.76000213623047,96.36116790771484
2018-06-14,117.41999816894531,96.90585327148438
2018-06-15,117.80000305175781,97.21947479248047
2018-06-18,117.80000305175781,97.21947479248047
2018-06-19,117.62000274658203,97.07090759277344
2018-06-20,117.5,96.97187805175781
2018-06-21,117.9800033569336,97.3680419921875
2018-06-22,117.94000244140625,97.33500671386719
2018-06-25,118.0,97.384521484375
2018-06-26,117.66000366210938,97.10392761230469
2018-06-27,117.66000366210938,97.10392761230469
2018-06-28,118.13999938964844,97.50006866455078
2018-06-29,118.0199966430664,97.4010238647461
2018-07-02,118.4000015258789,97.71465301513672
2018-07-03,118.13999938964844,97.50006866455078
2018-07-04,118.54000091552734,97.83018493652344
2018-07-05,118.5,97.79715728759766
2018-07-06,118.27999877929688,97.61560821533203
2018-07-09,117.94000244140625,97.33500671386719
2018-07-10,117.81999969482422,97.23597717285156
2018-07-11,117.91999816894531,97.31851196289062
2018-07-12,117.9800033569336,97.3680419921875
2018-07-13,118.16000366210938,97.5165786743164
2018-07-16,117.86000061035156,97.26900482177734
2018-07-17,116.5199966430664,96.98599243164062
2018-07-18,116.95999908447266,97.35220336914062
2018-07-19,117.0199966430664,97.40216064453125
2018-07-20,116.94000244140625,97.3355484008789
2018-07-23,116.73999786376953,97.16909790039062
2018-07-24,116.68000030517578,97.11917877197266
2018-07-25,116.41999816894531,96.90274810791016
2018-07-26,116.81999969482422,97.2356948852539
2018-07-27,116.5999984741211,97.05258178710938
2018-07-30,116.19999694824219,96.71961212158203
2018-07-31,116.12000274658203,96.65306854248047
2018-08-02,116.30000305175781,96.80287170410156
2018-08-03,116.23999786376953,96.75293731689453
2018-08-06,116.66000366210938,97.10252380371094
2018-08-07,116.66000366210938,97.10252380371094
2018-08-08,116.37999725341797,96.86945343017578
2018-08-09,116.86000061035156,97.26898956298828
2018-08-10,117.08000183105469,97.4521255493164
2018-08-13,117.0999984741211,97.46873474121094
2018-08-14,117.18000030517578,97.53535461425781
2018-08-15,117.4000015258789,97.71846008300781
2018-08-16,117.45999908447266,97.76840209960938
2018-08-17,117.58000183105469,97.8682861328125
2018-08-20,117.66000366210938,97.93486785888672
2018-08-21,117.37999725341797,97.7018051147461
2018-08-22,117.54000091552734,97.83497619628906
2018-08-23,117.54000091552734,97.83497619628906
2018-08-24,117.37999725341797,97.7018051147461
2018-08-27,117.26000213623047,97.6019058227539
2018-08-28,117.16000366210938,97.51869201660156
2018-08-29,117.16000366210938,97.51869201660156
2018-08-30,117.22000122070312,97.56864166259766
2018-08-31,117.31999969482422,97.65186309814453
2018-09-03,117.18000030517578,97.53535461425781
2018-09-04,116.87999725341797,97.2856216430664
2018-09-05,117.04000091552734,97.41881561279297
2018-09-06,117.0999984741211,97.46873474121094
2018-09-07,116.66000366210938,97.10252380371094
2018-09-10,116.80000305175781,97.21905517578125
2018-09-11,116.26000213623047,96.76956176757812
2018-09-12,116.37999725341797,96.86945343017578
2018-09-13,116.68000030517578,97.11917877197266
2018-09-14,116.5,96.96935272216797
2018-09-17,116.0,96.55316162109375
2018-09-18,116.0999984741211,96.63640594482422
2018-09-19,115.9000015258789,96.46994018554688
2018-09-20,115.66000366210938,96.27013397216797
2018-09-21,115.62000274658203,96.23687744140625
2018-09-24,115.58000183105469,96.20357513427734
2018-09-25,115.5999984741211,96.22021484375
2018-09-26,115.5199966430664,96.15363311767578
2018-09-27,115.5199966430664,96.15363311767578
2018-09-28,115.55999755859375,96.1869125366211
2018-10-01,115.68000030517578,96.28681182861328
2018-10-02,115.86000061035156,96.4366455078125
2018-10-03,115.62000274658203,96.23687744140625
2018-10-04,115.54000091552734,96.1702880859375
2018-10-05,115.23999786376953,95.92057037353516
2018-10-08,115.36000061035156,96.02045440673828
2018-10-09,115.16000366210938,95.8539810180664
2018-10-10,115.0199966430664,95.73743438720703
2018-10-11,114.83999633789062,95.58763885498047
2018-10-12,114.87999725341797,95.62091064453125
2018-10-15,115.27999877929688,95.95387268066406
2018-10-16,115.33999633789062,96.0038070678711
2018-10-17,115.37999725341797,96.03710174560547
2018-10-18,115.66000366210938,96.27013397216797
2018-10-19,115.9000015258789,96.46994018554688
2018-10-22,115.5199966430664,96.15363311767578
2018-10-23,115.80000305175781,96.38670349121094
2018-10-24,116.18000030517578,96.7029800415039
2018-10-25,116.26000213623047,96.76956176757812
2018-10-26,116.41999816894531,96.90274810791016
2018-10-29,116.22000122070312,96.73628997802734
2018-10-30,116.41999816894531,96.90274810791016
2018-10-31,116.05999755859375,96.60310363769531
2018-11-01,115.9800033569336,96.5365219116211
2018-11-02,115.86000061035156,96.4366455078125
2018-11-05,115.87999725341797,96.45328521728516
2018-11-06,116.0999984741211,96.63640594482422
2018-11-07,115.86000061035156,96.4366455078125
2018-11-08,115.5,96.13699340820312
2018-11-09,116.04000091552734,96.58646392822266
2018-11-12,115.86000061035156,96.4366455078125
2018-11-13,116.0999984741211,96.63640594482422
2018-11-14,116.13999938964844,96.66970825195312
2018-11-15,116.45999908447266,96.93602752685547
2018-11-16,116.04000091552734,96.58646392822266
2018-11-19,116.05999755859375,96.60310363769531
2018-11-20,116.26000213623047,96.76956176757812
2018-11-21,116.54000091552734,97.00263977050781
2018-11-22,116.4000015258789,96.8861083984375
2018-11-23,116.94000244140625,97.3355484008789
2018-11-26,116.83999633789062,97.25232696533203
2018-11-27,116.95999908447266,97.35220336914062
2018-11-28,116.58000183105469,97.03594207763672
2018-11-29,117.04000091552734,97.41881561279297
2018-11-30,117.18000030517578,97.53535461425781
2018-12-03,117.0999984741211,97.46873474121094
2018-12-04,117.5,97.80168151855469
2018-12-05,117.54000091552734,97.83497619628906
2018-12-06,117.80000305175781,98.05140686035156
2018-12-07,117.87999725341797,98.11798858642578
2018-12-10,117.91999816894531,98.15129852294922
2018-12-11,117.4000015258789,97.71846008300781
2018-12-12,117.69999694824219,97.96814727783203
2018-12-13,117.5999984741211,97.88492584228516
2018-12-14,117.77999877929688,98.03475952148438
2018-12-17,117.5999984741211,97.88492584228516
2018-12-18,117.69999694824219,97.96814727783203
2018-12-19,118.13999938964844,98.33439636230469
2018-12-20,118.5,98.63404083251953
2018-12-21,118.31999969482422,98.4842300415039
2018-12-27,118.83999633789062,98.91703796386719
2018-12-28,118.83999633789062,98.91703796386719
2019-01-03,119.45999908447266,99.43312072753906
2019-01-04,119.0999984741211,99.13347625732422
2019-01-07,118.94000244140625,99.00028228759766
2019-01-08,118.5199966430664,98.65069580078125
2019-01-09,118.44000244140625,98.58409118652344
2019-01-10,118.44000244140625,98.58409118652344
2019-01-11,118.27999877929688,98.45094299316406
2019-01-14,118.63999938964844,98.75059509277344
2019-01-15,117.66000366210938,98.80095672607422
2019-01-16,117.44000244140625,98.61622619628906
2019-01-17,117.45999908447266,98.63301849365234
2019-01-18,116.91999816894531,98.17957305908203
2019-01-21,117.30000305175781,98.49866485595703
2019-01-22,117.41999816894531,98.59943389892578
2019-01-23,117.54000091552734,98.70018768310547
2019-01-24,118.04000091552734,99.12005615234375
2019-01-25,117.4800033569336,98.64981842041016
2019-01-28,117.68000030517578,98.81774139404297
2019-01-29,117.81999969482422,98.935302734375
2019-01-30,118.23999786376953,99.28800201416016
2019-01-31,118.62000274658203,99.60709381103516
2019-02-01,118.33999633789062,99.3719711303711
2019-02-04,118.19999694824219,99.25440216064453
2019-02-05,118.23999786376953,99.28800201416016
2019-02-06,118.33999633789062,99.3719711303711
2019-02-07,118.69999694824219,99.67426300048828
2019-02-08,118.86000061035156,99.80860900878906
2019-02-11,118.9800033569336,99.90939331054688
2019-02-12,118.41999816894531,99.43916320800781
2019-02-13,118.5999984741211,99.5903091430664
2019-02-14,118.9000015258789,99.84221649169922
2019-02-15,119.0199966430664,99.9429702758789
2019-02-18,118.62000274658203,99.60709381103516
2019-02-19,118.9000015258789,99.84221649169922
2019-02-20,119.05999755859375,99.9765625
2019-02-21,118.94000244140625,99.87579345703125
2019-02-22,119.05999755859375,99.9765625
2019-02-25,118.66000366210938,99.64066314697266
2019-02-26,119.04000091552734,99.95977020263672
2019-02-27,118.66000366210938,99.64066314697266
2019-02-28,118.23999786376953,99.28800201416016
2019-03-01,118.23999786376953,99.28800201416016
2019-03-04,118.0,99.0864486694336
2019-03-05,118.22000122070312,99.27119445800781
2019-03-06,118.62000274658203,99.60709381103516
2019-03-07,118.94000244140625,99.87579345703125
2019-03-08,119.54000091552734,100.37962341308594
2019-03-11,119.55999755859375,100.39641571044922
2019-03-12,119.45999908447266,100.31245422363281
2019-03-13,119.16000366210938,100.0605239868164
2019-03-14,119.27999877929688,100.16130065917969
2019-03-15,119.18000030517578,100.07732391357422
2019-03-18,119.37999725341797,100.2452621459961
2019-03-19,118.80000305175781,99.75824737548828
2019-03-20,119.31999969482422,100.19487762451172
2019-03-21,119.81999969482422,100.61473846435547
2019-03-22,120.5,101.18573760986328
2019-03-25,120.30000305175781,101.01780700683594
2019-03-26,119.95999908447266,100.7323226928711
2019-03-27,120.5,101.18573760986328
2019-03-28,120.0999984741211,100.84986877441406
2019-03-29,119.69999694824219,100.51397705078125
2019-04-01,119.12000274658203,100.02694702148438
2019-04-02,119.54000091552734,100.37962341308594
2019-04-03,118.95999908447266,99.89258575439453
2019-04-04,119.0999984741211,100.01016998291016
2019-04-05,118.76000213623047,99.7246322631836
2019-04-08,118.86000061035156,99.80860900878906
2019-04-09,118.73999786376953,99.70784759521484
2019-04-10,118.81999969482422,99.77503967285156
2019-04-11,118.9800033569336,99.90939331054688
2019-04-12,118.76000213623047,99.7246322631836
2019-04-15,118.5199966430664,99.52311706542969
2019-04-16,118.5199966430664,99.52311706542969
2019-04-17,118.27999877929688,99.32159423828125
2019-04-18,118.62000274658203,99.60709381103516
2019-04-23,118.81999969482422,99.77503967285156
2019-04-24,119.27999877929688,100.16130065917969
2019-04-25,119.18000030517578,100.07732391357422
2019-04-26,119.18000030517578,100.07732391357422
2019-04-29,118.9000015258789,99.84221649169922
2019-04-30,118.54000091552734,99.5399169921875
2019-05-02,119.05999755859375,99.9765625
2019-05-03,118.73999786376953,99.70784759521484
2019-05-06,119.12000274658203,100.02694702148438
2019-05-07,119.04000091552734,99.95977020263672
2019-05-08,119.45999908447266,100.31245422363281
2019-05-09,119.22000122070312,100.11092376708984
2019-05-10,119.5,100.34603118896484
2019-05-13,119.62000274658203,100.4468002319336
2019-05-14,119.5199966430664,100.36282348632812
2019-05-15,120.19999694824219,100.93384552001953
2019-05-16,119.87999725341797,100.66512298583984
2019-05-17,120.04000091552734,100.79946899414062
2019-05-20,119.91999816894531,100.69872283935547
2019-05-21,119.4000015258789,100.2620620727539
2019-05-22,119.91999816894531,100.69872283935547
2019-05-23,120.16000366210938,100.90026092529297
2019-05-24,120.4000015258789,101.10176086425781
2019-05-27,120.13999938964844,100.88346862792969
2019-05-28,120.26000213623047,100.98422241210938
2019-05-29,120.81999969482422,101.45445251464844
2019-05-31,121.05999755859375,101.6559829711914
2019-06-03,121.0,101.60562133789062
2019-06-04,121.0,101.60562133789062
2019-06-05,121.27999877929688,101.8407211303711
2019-06-06,121.4000015258789,101.94149780273438
2019-06-07,121.33999633789062,101.89108276367188
2019-06-11,121.12000274658203,101.70638275146484
2019-06-12,120.94000244140625,101.55522155761719
2019-06-13,120.76000213623047,101.40409851074219
2019-06-14,120.91999816894531,101.53843688964844
2019-06-17,121.0199966430664,101.62239837646484
2019-06-18,121.45999908447266,101.99189758300781
2019-06-19,121.31999969482422,101.87431335449219
2019-06-20,121.23999786376953,101.80713653564453
2019-06-21,120.9800033569336,101.58882141113281
2019-06-24,121.4800033569336,102.0086898803711
2019-06-25,121.36000061035156,101.90789031982422
2019-06-26,121.45999908447266,101.99189758300781
2019-06-27,121.33999633789062,101.89108276367188
2019-06-28,121.73999786376953,102.22700500488281
2019-07-01,121.86000061035156,102.3277816772461
2019-07-02,121.73999786376953,102.22700500488281
2019-07-03,122.66000366210938,102.9995346069336
2019-07-04,123.0199966430664,103.30184936523438
2019-07-05,122.58000183105469,102.932373046875
2019-07-08,122.69999694824219,103.03314208984375
2019-07-09,122.31999969482422,102.71404266357422
2019-07-10,121.76000213623047,102.24380493164062
2019-07-11,121.37999725341797,101.9247055053711
2019-07-12,120.95999908447266,101.572021484375
2019-07-15,121.55999755859375,102.07585144042969
2019-07-16,120.5999984741211,102.16058349609375
2019-07-17,121.05999755859375,102.55023193359375
2019-07-18,121.05999755859375,102.55023193359375
2019-07-19,121.4800033569336,102.90601348876953
2019-07-22,121.54000091552734,102.95684051513672
2019-07-23,121.66000366210938,103.05850219726562
2019-07-24,121.9000015258789,103.26181030273438
2019-07-25,122.0199966430664,103.36344909667969
2019-07-26,121.94000244140625,103.29566955566406
2019-07-29,122.58000183105469,103.83782958984375
2019-07-30,122.37999725341797,103.66839599609375
2019-07-31,123.08000183105469,104.26138305664062
2019-08-02,123.86000061035156,104.92212677001953
2019-08-05,124.30000305175781,105.29483795166016
2019-08-06,124.27999877929688,105.27789306640625
2019-08-07,125.66000366210938,106.4468994140625
2019-08-08,125.04000091552734,105.92170715332031
2019-08-09,125.41999816894531,106.24359130859375
2019-08-12,125.4800033569336,106.29443359375
2019-08-13,125.83999633789062,106.599365234375
2019-08-14,126.44000244140625,107.1076431274414
2019-08-15,127.0199966430664,107.59895324707031
2019-08-16,127.41999816894531,107.93781280517578
2019-08-19,126.54000091552734,107.19234466552734
2019-08-20,127.08000183105469,107.64976501464844
2019-08-21,125.94000244140625,106.68408966064453
2019-08-22,125.0,105.88783264160156
2019-08-23,125.16000366210938,106.02335357666016
2019-08-26,125.26000213623047,106.10807037353516
2019-08-27,126.0,106.73490905761719
2019-08-28,126.5,107.15847778320312
2019-08-29,126.0,106.73490905761719
2019-08-30,126.33999633789062,107.0229263305664
2019-09-02,126.13999938964844,106.853515625
2019-09-03,126.30000305175781,106.98905181884766
2019-09-04,125.72000122070312,106.49773406982422
2019-09-05,124.83999633789062,105.75227355957031
2019-09-06,125.0,105.88783264160156
2019-09-09,124.58000183105469,105.53203582763672
2019-09-10,124.30000305175781,105.29483795166016
2019-09-11,123.55999755859375,104.66798400878906
2019-09-12,123.0,104.19361114501953
2019-09-13,122.27999877929688,103.58370208740234
2019-09-16,122.5,103.77005004882812
2019-09-17,122.73999786376953,103.97335815429688
2019-09-18,123.33999633789062,104.48161315917969
2019-09-19,122.69999694824219,103.9394760131836
2019-09-20,122.80000305175781,104.02418518066406
2019-09-23,123.55999755859375,104.66798400878906
2019-09-24,123.55999755859375,104.66798400878906
2019-09-25,123.80000305175781,104.87130737304688
2019-09-26,123.58000183105469,104.68492889404297
2019-09-27,123.41999816894531,104.54940032958984
2019-09-30,122.76000213623047,103.99030303955078
2019-10-01,122.72000122070312,103.9564208984375
2019-10-02,122.5999984741211,103.85476684570312
2019-10-03,123.41999816894531,104.54940032958984
2019-10-04,123.58000183105469,104.68492889404297
2019-10-07,123.33999633789062,104.48161315917969
2019-10-08,123.36000061035156,104.49858093261719
2019-10-09,123.04000091552734,104.22748565673828
2019-10-10,122.36000061035156,103.65145111083984
2019-10-11,121.36000061035156,102.80435943603516
2019-10-14,121.9800033569336,103.32955169677734
2019-10-15,121.80000305175781,103.17708587646484
2019-10-16,121.22000122070312,102.6857681274414
2019-10-17,121.0999984741211,102.58409881591797
2019-10-18,121.0,102.4994125366211
2019-10-21,120.19999694824219,101.82173156738281
2019-10-22,120.9000015258789,102.41468811035156
2019-10-23,121.16000366210938,102.63494110107422
2019-10-24,121.04000091552734,102.53329467773438
2019-10-25,120.87999725341797,102.39773559570312
2019-10-28,120.0,101.65229797363281
2019-10-29,120.23999786376953,101.85559844970703
2019-10-30,119.91999816894531,101.58453369140625
2019-10-31,120.83999633789062,102.3638687133789
2019-11-01,120.0,101.65229797363281
2019-11-04,119.73999786376953,101.43203735351562
2019-11-05,119.45999908447266,101.19486236572266
2019-11-06,119.12000274658203,100.90684509277344
2019-11-07,118.76000213623047,100.60186004638672
2019-11-08,118.69999694824219,100.55106353759766
2019-11-11,118.95999908447266,100.77131652832031
2019-11-12,118.5,100.38162994384766
2019-11-13,119.5,101.22874450683594
2019-11-14,120.12000274658203,101.75394439697266
2019-11-15,120.12000274658203,101.75394439697266
2019-11-18,120.26000213623047,101.87256622314453
2019-11-19,120.31999969482422,101.92337799072266
2019-11-20,120.23999786376953,101.85559844970703
2019-11-21,120.12000274658203,101.75394439697266
2019-11-22,120.55999755859375,102.12666320800781
2019-11-25,120.91999816894531,102.43163299560547
2019-11-26,121.04000091552734,102.53329467773438
2019-11-27,121.27999877929688,102.7365951538086
2019-11-28,121.04000091552734,102.53329467773438
2019-11-29,121.19999694824219,102.6688232421875
2019-12-02,120.9800033569336,102.48246765136719
2019-12-03,121.19999694824219,102.6688232421875
2019-12-04,121.16000366210938,102.63494110107422
2019-12-05,121.13999938964844,102.61798858642578
2019-12-06,120.83999633789062,102.3638687133789
2019-12-09,120.87999725341797,102.39773559570312
2019-12-10,120.58000183105469,102.14362335205078
2019-12-11,121.0,102.4994125366211
2019-12-12,120.4800033569336,102.05892181396484
2019-12-13,120.72000122070312,102.26220703125
2019-12-16,120.58000183105469,102.14362335205078
2019-12-17,120.5,102.07584381103516
2019-12-18,120.69999694824219,102.24525451660156
2019-12-19,120.23999786376953,101.85559844970703
2019-12-20,119.9800033569336,101.6353530883789
2019-12-23,120.33999633789062,101.9403076171875
2019-12-27,120.0999984741211,101.73702239990234
2019-12-30,119.4800033569336,101.21180725097656
2020-01-03,120.44000244140625,102.02500915527344
2020-01-06,121.08000183105469,102.56717681884766
2020-01-07,121.08000183105469,102.56717681884766
2020-01-08,120.80000305175781,102.32999420166016
2020-01-09,120.45999908447266,102.04196166992188
2020-01-10,120.0999984741211,101.73702239990234
2020-01-13,120.18000030517578,101.80476379394531
2020-01-14,120.33999633789062,101.9403076171875
2020-01-15,120.81999969482422,102.34691619873047
2020-01-16,121.04000091552734,102.53329467773438
2020-01-17,121.13999938964844,102.61798858642578
2020-01-20,121.16000366210938,102.63494110107422
2020-01-21,120.66000366210938,103.07917022705078
2020-01-22,120.77999877929688,103.18170166015625
2020-01-23,120.9000015258789,103.28421020507812
2020-01-24,121.4000015258789,103.71136474609375
2020-01-27,121.58000183105469,103.86514282226562
2020-01-28,121.23999786376953,103.57466125488281
2020-01-29,121.68000030517578,103.95054626464844
2020-01-30,121.68000030517578,103.95054626464844
2020-01-31,121.95999908447266,104.18974304199219
2020-02-03,121.81999969482422,104.07015991210938
2020-02-04,121.5199966430664,103.8138656616211
2020-02-05,120.83999633789062,103.23294067382812
2020-02-06,121.0,103.36961364746094
2020-02-07,121.27999877929688,103.60882568359375
2020-02-10,121.31999969482422,103.64301300048828
2020-02-11,121.44000244140625,103.74551391601562
2020-02-12,120.9000015258789,103.28421020507812
2020-02-13,121.4000015258789,103.71136474609375
2020-02-14,121.5199966430664,103.8138656616211
2020-02-17,121.5,103.7967758178711
2020-02-18,121.36000061035156,103.67717742919922
2020-02-19,121.5,103.7967758178711
2020-02-20,121.87999725341797,104.12140655517578
2020-02-21,122.05999755859375,104.27519226074219
2020-02-24,122.16000366210938,104.3606185913086
2020-02-25,122.5999984741211,104.73649597167969
2020-02-26,122.45999908447266,104.61688995361328
2020-02-27,122.95999908447266,105.0440444946289
2020-02-28,122.5999984741211,104.73649597167969
2020-03-02,123.27999877929688,105.31741333007812
2020-03-03,122.4800033569336,104.63397216796875
2020-03-04,122.45999908447266,104.61688995361328
2020-03-05,122.66000366210938,104.78775787353516
2020-03-06,122.73999786376953,104.85609436035156
2020-03-09,124.5199966430664,106.37674713134766
2020-03-10,123.5,105.50537109375
2020-03-11,123.19999694824219,105.24908447265625
2020-03-12,122.54000091552734,104.68524932861328
2020-03-13,120.55999755859375,102.99372100830078
2020-03-16,119.33999633789062,101.95149230957031
2020-03-17,119.0,101.66104125976562
2020-03-18,118.45999908447266,101.19973754882812
2020-03-19,116.27999877929688,99.33734130859375
2020-03-20,117.27999877929688,100.19163513183594
2020-03-23,117.37999725341797,100.27708435058594
2020-03-24,117.77999877929688,100.61878204345703
2020-03-25,117.41999816894531,100.31124877929688
2020-03-26,117.72000122070312,100.56754302978516
2020-03-27,118.44000244140625,101.18266296386719
2020-03-30,118.77999877929688,101.47309112548828
2020-03-31,118.5,101.23388671875
2020-04-01,117.87999725341797,100.70423126220703
2020-04-02,118.30000305175781,101.06307220458984
2020-04-03,118.08000183105469,100.8750991821289
2020-04-06,117.0199966430664,99.96952056884766
2020-04-07,117.16000366210938,100.08915710449219
2020-04-08,116.30000305175781,99.35445404052734
2020-04-09,117.86000061035156,100.68714904785156
2020-04-14,118.26000213623047,101.02885437011719
2020-04-15,118.62000274658203,101.33642578125
2020-04-16,118.12000274658203,100.9092788696289
2020-04-17,118.54000091552734,101.26806640625
2020-04-20,119.22000122070312,101.84899139404297
2020-04-21,118.72000122070312,101.42183685302734
2020-04-22,118.66000366210938,101.3705825805664
2020-04-23,118.55999755859375,101.28514862060547
2020-04-24,118.80000305175781,101.49018859863281
2020-04-27,118.62000274658203,101.33642578125
2020-04-28,118.73999786376953,101.43891143798828
2020-04-29,119.13999938964844,101.7806625366211
2020-04-30,119.81999969482422,102.36158752441406
2020-05-04,119.4000015258789,102.00275421142578
2020-05-05,119.41999816894531,102.01985168457031
2020-05-06,119.41999816894531,102.01985168457031
2020-05-07,119.41999816894531,102.01985168457031
2020-05-08,119.4000015258789,102.00275421142578
2020-05-11,119.4000015258789,102.00275421142578
2020-05-12,119.72000122070312,102.27613067626953
2020-05-13,119.58000183105469,102.15653991699219
2020-05-14,119.4800033569336,102.07109832763672
2020-05-15,119.41999816894531,102.01985168457031
2020-05-18,119.76000213623047,102.31029510498047
2020-05-19,119.44000244140625,102.03692626953125
2020-05-20,119.13999938964844,101.7806625366211
2020-05-22,119.12000274658203,101.76355743408203
2020-05-25,119.37999725341797,101.98567962646484
2020-05-26,118.58000183105469,101.30223846435547
2020-05-27,118.73999786376953,101.43891143798828
2020-05-28,118.80000305175781,101.49018859863281
2020-05-29,118.95999908447266,101.62686920166016
2020-06-02,118.5199966430664,101.25098419189453
2020-06-03,118.08000183105469,100.8750991821289
2020-06-04,117.72000122070312,100.56754302978516
2020-06-05,117.37999725341797,100.27708435058594
2020-06-08,117.5,100.37960815429688
2020-06-09,117.0,99.95245361328125
2020-06-10,117.0199966430664,99.96952056884766
2020-06-11,118.63999938964844,101.35350036621094
2020-06-12,118.72000122070312,101.42183685302734
2020-06-15,118.66000366210938,101.3705825805664
2020-06-16,118.18000030517578,100.96051788330078
2020-06-17,118.18000030517578,100.96051788330078
2020-06-18,118.4800033569336,101.216796875
2020-06-19,118.36000061035156,101.11431884765625
2020-06-22,118.45999908447266,101.19973754882812
2020-06-23,118.16000366210938,100.94343566894531
2020-06-24,117.91999816894531,100.7384033203125
2020-06-25,118.55999755859375,101.28514862060547
2020-06-26,118.27999877929688,101.04594421386719
2020-06-29,118.31999969482422,101.08012390136719
2020-06-30,118.36000061035156,101.11431884765625
2020-07-01,117.81999969482422,100.6529769897461
2020-07-02,118.22000122070312,100.99468994140625
2020-07-03,118.27999877929688,101.04594421386719
2020-07-06,117.72000122070312,100.56754302978516
2020-07-07,117.76000213623047,100.60172271728516
2020-07-08,118.23999786376953,101.01177978515625
2020-07-09,118.58000183105469,101.30223846435547
2020-07-10,118.9800033569336,101.64395904541016
2020-07-13,118.04000091552734,100.8409194946289
2020-07-14,118.5199966430664,101.25098419189453
2020-07-15,118.5,101.23388671875
2020-07-16,118.81999969482422,101.50728607177734
2020-07-17,118.31999969482422,101.08012390136719
2020-07-20,118.69999694824219,101.40475463867188
2020-07-21,117.55999755859375,101.33580780029297
2020-07-22,118.12000274658203,101.81852722167969
2020-07-23,117.69999694824219,102.37517547607422
2020-07-24,117.9000015258789,102.54914855957031
2020-07-27,118.0999984741211,102.72309112548828
2020-07-28,118.16000366210938,102.7752914428711
2020-07-29,118.36000061035156,102.9492416381836
2020-07-30,118.58000183105469,103.14059448242188
2020-07-31,118.05999755859375,102.68830871582031
2020-08-03,118.37999725341797,102.96664428710938
2020-08-04,118.26000213623047,102.86226654052734
2020-08-05,118.0,102.6361083984375
2020-08-06,117.91999816894531,102.56652069091797
2020-08-07,118.26000213623047,102.86226654052734
2020-08-10,118.33999633789062,102.93185424804688
2020-08-11,117.73999786376953,102.40998077392578
2020-08-12,117.69999694824219,102.37517547607422
2020-08-13,117.19999694824219,101.9402847290039
2020-08-14,117.05999755859375,101.81851959228516
2020-08-17,117.45999908447266,102.16641998291016
2020-08-18,117.44000244140625,102.1490249633789
2020-08-19,117.87999725341797,102.53175354003906
2020-08-20,118.0199966430664,102.65351867675781
2020-08-21,118.18000030517578,102.79269409179688
2020-08-24,117.95999908447266,102.60132598876953
2020-08-25,117.45999908447266,102.16641998291016
2020-08-26,116.95999908447266,101.7315444946289
2020-08-27,116.87999725341797,101.66194915771484
2020-08-28,116.95999908447266,101.7315444946289
2020-08-31,116.81999969482422,101.6097640991211
2020-09-01,116.83999633789062,101.62714385986328
2020-09-02,117.36000061035156,102.0794677734375
2020-09-03,117.58000183105469,102.27079772949219
2020-09-04,117.4800033569336,102.18384552001953
2020-09-07,117.36000061035156,102.0794677734375
2020-09-08,117.68000030517578,102.3577880859375
2020-09-09,117.19999694824219,101.9402847290039
2020-09-10,117.33999633789062,102.06204986572266
2020-09-11,117.62000274658203,102.30560302734375
2020-09-14,117.30000305175781,102.02725982666016
2020-09-15,117.68000030517578,102.3577880859375
2020-09-16,117.81999969482422,102.47953796386719
2020-09-17,117.81999969482422,102.47953796386719
2020-09-18,117.73999786376953,102.40998077392578
2020-09-21,117.76000213623047,102.42737579345703
2020-09-22,117.4800033569336,102.18384552001953
2020-09-23,117.76000213623047,102.42737579345703
2020-09-24,117.9800033569336,102.61872863769531
2020-09-25,117.73999786376953,102.40998077392578
2020-09-28,118.0,102.6361083984375
2020-09-29,117.81999969482422,102.47953796386719
2020-09-30,118.12000274658203,102.7405014038086
2020-10-01,118.12000274658203,102.7405014038086
2020-10-02,117.81999969482422,102.47953796386719
2020-10-05,117.72000122070312,102.39257049560547
2020-10-06,118.05999755859375,102.68830871582031
2020-10-07,117.66000366210938,102.34039306640625
2020-10-08,118.0,102.6361083984375
2020-10-09,117.86000061035156,102.51435089111328
2020-10-12,117.68000030517578,102.3577880859375
2020-10-13,117.94000244140625,102.58393859863281
2020-10-14,118.0,102.6361083984375
2020-10-15,118.4000015258789,102.98403930664062
2020-10-16,118.54000091552734,103.1058120727539
2020-10-19,118.13999938964844,102.75788879394531
2020-10-20,118.37999725341797,102.96664428710938
2020-10-21,118.27999877929688,102.8796615600586
2020-10-22,118.0999984741211,102.72309112548828
2020-10-23,117.87999725341797,102.53175354003906
2020-10-26,117.9800033569336,102.61872863769531
2020-10-27,118.33999633789062,102.93185424804688
2020-10-28,118.04000091552734,102.67091369628906
2020-10-29,118.44000244140625,103.01884460449219
2020-10-30,118.0199966430664,102.65351867675781
2020-11-02,118.12000274658203,102.7405014038086
2020-11-03,117.68000030517578,102.3577880859375
2020-11-04,118.13999938964844,102.75788879394531
2020-11-05,117.80000305175781,102.46217346191406
2020-11-06,117.80000305175781,102.46217346191406
2020-11-09,117.0999984741211,101.85330200195312
2020-11-10,116.94000244140625,101.7141342163086
2020-11-11,117.16000366210938,101.90547180175781
2020-11-12,117.5,102.20122528076172
2020-11-13,117.4000015258789,102.11426544189453
2020-11-16,117.69999694824219,102.37517547607422
2020-11-17,117.36000061035156,102.0794677734375
2020-11-18,117.5199966430664,102.2186050415039
2020-11-19,117.77999877929688,102.44477081298828
2020-11-20,117.5,102.20122528076172
2020-11-23,117.77999877929688,102.44477081298828
2020-11-24,117.33999633789062,102.06204986572266
2020-11-25,117.69999694824219,102.37517547607422
2020-11-26,117.9000015258789,102.54914855957031
2020-11-27,117.72000122070312,102.39257049560547
2020-11-30,117.76000213623047,102.42737579345703
2020-12-01,117.76000213623047,102.42737579345703
2020-12-02,117.87999725341797,102.53175354003906
2020-12-03,118.22000122070312,102.82748413085938
2020-12-04,118.19999694824219,102.81007385253906
2020-12-07,118.0999984741211,102.72309112548828
2020-12-08,118.0999984741211,102.72309112548828
2020-12-09,118.22000122070312,102.82748413085938
2020-12-10,118.37999725341797,102.96664428710938
2020-12-11,118.62000274658203,103.1754150390625
2020-12-14,118.19999694824219,102.81007385253906
2020-12-15,118.4800033569336,103.05361938476562
2020-12-16,118.18000030517578,102.79269409179688
2020-12-17,118.18000030517578,102.79269409179688
2020-12-18,118.4000015258789,102.98403930664062
2020-12-21,118.0199966430664,102.65351867675781
2020-12-22,118.04000091552734,102.67091369628906
2020-12-23,117.73999786376953,102.40998077392578
2020-12-28,117.87999725341797,102.53175354003906
2020-12-29,118.22000122070312,102.82748413085938
2020-12-30,118.0199966430664,102.65351867675781
2021-01-04,118.45999908447266,103.03622436523438
2021-01-05,118.27999877929688,102.8796615600586
2021-01-06,118.27999877929688,102.8796615600586
2021-01-07,118.0,102.6361083984375
2021-01-08,117.87999725341797,102.53175354003906
2021-01-11,118.0,102.6361083984375
2021-01-12,117.5999984741211,102.28820037841797
2021-01-13,117.66000366210938,102.34039306640625
2021-01-14,117.55999755859375,102.25341033935547
2021-01-15,117.73999786376953,102.40998077392578
2021-01-18,117.45999908447266,102.16641998291016
2021-01-19,116.5,102.11383819580078
2021-01-20,116.9000015258789,102.46443939208984
2021-01-21,116.54000091552734,102.9414291381836
2021-01-22,116.66000366210938,103.04743194580078
2021-01-25,116.63999938964844,103.0297622680664
2021-01-26,116.80000305175781,103.17108917236328
2021-01-27,117.0199966430664,103.36540985107422
2021-01-28,116.81999969482422,103.18877410888672
2021-01-29,116.27999877929688,102.7117691040039
2021-02-01,116.5199966430664,102.92377471923828
2021-02-02,116.04000091552734,102.49977111816406
2021-02-03,116.23999786376953,102.67645263671875
2021-02-04,115.95999908447266,102.42910766601562
2021-02-05,115.55999755859375,102.07577514648438
2021-02-08,115.66000366210938,102.16412353515625
2021-02-09,115.68000030517578,102.18177032470703
2021-02-10,115.80000305175781,102.28778839111328
2021-02-11,115.66000366210938,102.16412353515625
2021-02-12,115.55999755859375,102.07577514648438
2021-02-15,114.95999908447266,101.54578399658203
2021-02-16,114.80000305175781,101.40446472167969
2021-02-17,115.23999786376953,101.7931137084961
2021-02-18,115.04000091552734,101.61647033691406
2021-02-19,114.81999969482422,101.42213439941406
2021-02-22,115.13999938964844,101.70478820800781
2021-02-23,114.5999984741211,101.22781372070312
2021-02-24,114.63999938964844,101.26313781738281
2021-02-25,113.9000015258789,100.60948944091797
2021-02-26,114.30000305175781,100.96281433105469
2021-03-01,115.05999755859375,101.63412475585938
2021-03-02,115.05999755859375,101.63412475585938
2021-03-03,114.58000183105469,101.21015167236328
2021-03-04,114.9800033569336,101.5634536743164
2021-03-05,114.63999938964844,101.26313781738281
2021-03-08,114.76000213623047,101.369140625
2021-03-09,114.91999816894531,101.51045227050781
2021-03-10,115.0,101.58112335205078
2021-03-11,115.05999755859375,101.63412475585938
2021-03-12,114.36000061035156,101.01579284667969
2021-03-15,114.94000244140625,101.52812957763672
2021-03-16,115.05999755859375,101.63412475585938
2021-03-17,114.73999786376953,101.35147857666016
2021-03-18,114.4800033569336,101.12181854248047
2021-03-19,114.87999725341797,101.47512817382812
2021-03-22,115.0199966430664,101.59878540039062
2021-03-23,114.87999725341797,101.47512817382812
2021-03-24,114.95999908447266,101.54578399658203
2021-03-25,115.36000061035156,101.89910888671875
2021-03-26,115.5199966430664,102.04044342041016
2021-03-29,115.36000061035156,101.89910888671875
2021-03-30,115.12000274658203,101.6871337890625
2021-03-31,114.87999725341797,101.47512817382812
2021-04-01,115.22000122070312,101.77545928955078
2021-04-06,115.12000274658203,101.6871337890625
2021-04-07,115.05999755859375,101.63412475585938
2021-04-08,115.0999984741211,101.66947174072266
2021-04-09,114.80000305175781,101.40446472167969
2021-04-12,114.33999633789062,100.9981460571289
2021-04-13,114.22000122070312,100.89215087890625
2021-04-14,114.73999786376953,101.35147857666016
2021-04-15,114.76000213623047,101.369140625
2021-04-16,114.72000122070312,101.33380889892578
2021-04-19,114.5199966430664,101.1571273803711
2021-04-20,114.5199966430664,101.1571273803711
2021-04-21,114.95999908447266,101.54578399658203
2021-04-22,114.72000122070312,101.33380889892578
2021-04-23,114.87999725341797,101.47512817382812
2021-04-26,114.83999633789062,101.43980407714844
2021-04-27,114.86000061035156,101.45747375488281
2021-04-28,114.68000030517578,101.29846954345703
2021-04-29,114.0999984741211,100.78614044189453
2021-04-30,114.05999755859375,100.75081634521484
2021-05-03,114.0199966430664,100.71546936035156
2021-05-04,114.58000183105469,101.21015167236328
2021-05-05,114.31999969482422,100.98046875
2021-05-06,114.41999816894531,101.06878662109375
2021-05-07,114.36000061035156,101.01579284667969
2021-05-10,114.31999969482422,100.98046875
2021-05-11,113.41999816894531,100.18548583984375
2021-05-12,113.0199966430664,99.83216094970703
2021-05-14,113.5,100.25614929199219
2021-05-17,113.0,99.81450653076172
2021-05-18,113.30000305175781,100.07951354980469
2021-05-19,112.9800033569336,99.79683685302734
2021-05-20,112.80000305175781,99.63783264160156
2021-05-21,113.13999938964844,99.93816375732422
2021-05-25,113.5999984741211,100.34449768066406
2021-05-26,113.68000030517578,100.41516876220703
2021-05-27,113.33999633789062,100.11481475830078
2021-05-28,113.0999984741211,99.90281677246094
2021-05-31,113.05999755859375,99.86749267578125
2021-06-01,113.31999969482422,100.09716796875
2021-06-02,113.22000122070312,100.00882720947266
2021-06-03,112.80000305175781,99.63783264160156
2021-06-04,113.0999984741211,99.90281677246094
2021-06-07,113.26000213623047,100.0441665649414
2021-06-08,113.45999908447266,100.22080993652344
2021-06-09,113.63999938964844,100.37982940673828
2021-06-10,113.86000061035156,100.57414245605469
2021-06-11,114.30000305175781,100.96281433105469
2021-06-14,114.41999816894531,101.06878662109375
2021-06-15,114.5,101.13948059082031
2021-06-16,113.83999633789062,100.55646514892578
2021-06-17,114.0999984741211,100.78614044189453
2021-06-18,113.9800033569336,100.68017578125
2021-06-21,114.33999633789062,100.9981460571289
2021-06-22,113.81999969482422,100.53882598876953
2021-06-23,113.9800033569336,100.68017578125
2021-06-24,114.5999984741211,101.22781372070312
2021-06-25,114.30000305175781,100.96281433105469
2021-06-28,114.5199966430664,101.1571273803711
2021-06-29,113.83999633789062,100.55646514892578
2021-06-30,114.54000091552734,101.17481231689453
2021-07-01,114.26000213623047,100.92747497558594
2021-07-02,114.54000091552734,101.17481231689453
2021-07-05,114.33999633789062,100.9981460571289
2021-07-06,114.95999908447266,101.54578399658203
2021-07-07,115.54000091552734,102.05812072753906
2021-07-08,115.83999633789062,102.32311248779297
2021-07-09,115.62000274658203,102.12877655029297
2021-07-12,115.45999908447266,101.9874496459961
2021-07-13,115.26000213623047,101.81080627441406
2021-07-14,115.13999938964844,101.70478820800781
2021-07-15,115.5999984741211,102.11111450195312
2021-07-16,115.4800033569336,102.005126953125
2021-07-19,116.16000366210938,102.60578155517578
2021-07-20,115.69999694824219,102.926025390625
2021-07-21,115.0,102.3033218383789
2021-07-22,115.54000091552734,103.5218505859375
2021-07-23,115.45999908447266,103.45018005371094
2021-07-26,115.41999816894531,103.41432189941406
2021-07-27,115.0999984741211,103.12760925292969
2021-07-28,115.4800033569336,103.46810150146484
2021-07-29,115.30000305175781,103.30682373046875
2021-07-30,115.66000366210938,103.6293716430664
2021-08-02,115.77999877929688,103.73687744140625
2021-08-03,116.08000183105469,104.00568389892578
2021-08-04,115.86000061035156,103.80855560302734
2021-08-05,116.16000366210938,104.07736206054688
2021-08-06,115.77999877929688,103.73687744140625
2021-08-09,115.86000061035156,103.80855560302734
2021-08-10,115.9000015258789,103.84441375732422
2021-08-11,115.73999786376953,103.70104217529297
2021-08-12,115.77999877929688,103.73687744140625
2021-08-13,115.77999877929688,103.73687744140625
2021-08-16,115.83999633789062,103.79063415527344
2021-08-17,115.23999786376953,103.2530517578125
2021-08-18,115.22000122070312,103.23513793945312
2021-08-19,115.58000183105469,103.55769348144531
2021-08-20,115.68000030517578,103.64728546142578
2021-08-23,115.55999755859375,103.5397720336914
2021-08-24,115.54000091552734,103.5218505859375
2021-08-25,115.19999694824219,103.21720886230469
2021-08-26,114.81999969482422,102.8767318725586
2021-08-27,115.0199966430664,103.05592346191406
2021-08-30,115.04000091552734,103.07386016845703
2021-08-31,114.9800033569336,103.02010345458984
2021-09-01,114.55999755859375,102.64376831054688
2021-09-02,114.9000015258789,102.94842529296875
2021-09-03,114.9800033569336,103.02010345458984
2021-09-06,114.44000244140625,102.53627014160156
2021-09-07,113.9000015258789,102.05244445800781
2021-09-08,113.87999725341797,102.0345230102539
2021-09-09,114.5999984741211,102.67963409423828
2021-09-10,114.37999725341797,102.48251342773438
2021-09-13,114.33999633789062,102.44666290283203
2021-09-14,114.41999816894531,102.51834106445312
2021-09-15,114.22000122070312,102.33914947509766
2021-09-16,113.87999725341797,102.0345230102539
2021-09-17,113.41999816894531,101.62235260009766
2021-09-20,113.9800033569336,102.12411499023438
2021-09-21,113.87999725341797,102.0345230102539
2021-09-22,114.23999786376953,102.35706329345703
2021-09-23,113.62000274658203,101.80156707763672
2021-09-24,113.16000366210938,101.38939666748047
2021-09-27,113.0199966430664,101.26397705078125
2021-09-28,112.9800033569336,101.22813415527344
2021-09-29,113.23999786376953,101.46109008789062
2021-09-30,112.72000122070312,100.99518585205078
2021-10-01,113.5,101.69403839111328
2021-10-04,113.18000030517578,101.40734100341797
2021-10-05,112.86000061035156,101.12059783935547
2021-10-06,112.72000122070312,100.99518585205078
2021-10-07,112.62000274658203,100.90558624267578
2021-10-08,112.41999816894531,100.72637176513672
2021-10-11,111.86000061035156,100.22462463378906
2021-10-12,111.76000213623047,100.13502502441406
2021-10-13,112.27999877929688,100.60093688964844
2021-10-14,112.86000061035156,101.12059783935547
2021-10-15,112.5199966430664,100.81597137451172
2021-10-18,112.27999877929688,100.60093688964844
2021-10-19,112.04000091552734,100.38590240478516
2021-10-20,112.27999877929688,100.60093688964844
2021-10-21,111.94000244140625,100.29630279541016
2021-10-22,111.81999969482422,100.18878936767578
2021-10-25,112.0,100.35006713867188
2021-10-26,112.31999969482422,100.63680267333984
2021-10-27,112.63999938964844,100.92350006103516
2021-10-28,112.44000244140625,100.74430847167969
2021-10-29,111.55999755859375,99.95582580566406
2021-11-01,111.91999816894531,100.27838897705078
2021-11-02,112.77999877929688,101.04893493652344
2021-11-03,112.86000061035156,101.12059783935547
2021-11-04,112.73999786376953,101.0130844116211
2021-11-05,113.5999984741211,101.78364562988281
2021-11-08,113.66000366210938,101.83741760253906
2021-11-09,113.91999816894531,102.07035827636719
2021-11-10,113.5199966430664,101.7119369506836
2021-11-11,112.83999633789062,101.1026840209961
2021-11-12,112.9800033569336,101.22813415527344
2021-11-15,112.58000183105469,100.86974334716797
2021-11-16,112.30000305175781,100.6188735961914
2021-11-17,112.5999984741211,100.88765716552734
2021-11-18,112.9800033569336,101.22813415527344
2021-11-19,113.45999908447266,101.658203125
2021-11-22,113.4800033569336,101.67611694335938
2021-11-23,113.08000183105469,101.31773376464844
2021-11-24,112.69999694824219,100.97725677490234
2021-11-25,112.91999816894531,101.17436981201172
2021-11-26,113.87999725341797,102.0345230102539
2021-11-29,113.54000091552734,101.7298812866211
2021-11-30,113.87999725341797,102.0345230102539
2021-12-01,114.08000183105469,102.21370697021484
2021-12-02,114.45999908447266,102.55418395996094
2021-12-03,114.36000061035156,102.4645767211914
2021-12-06,114.68000030517578,102.75129699707031
2021-12-07,114.55999755859375,102.64376831054688
2021-12-08,114.44000244140625,102.53627014160156
2021-12-09,114.80000305175781,102.85881805419922
2021-12-10,114.9000015258789,102.94842529296875
2021-12-13,114.86000061035156,102.91258239746094
2021-12-14,114.77999877929688,102.84089660644531
2021-12-15,114.23999786376953,102.35706329345703
2021-12-16,114.5,102.59002685546875
2021-12-17,114.73999786376953,102.80506134033203
2021-12-20,114.66000366210938,102.73338317871094
2021-12-21,113.9800033569336,102.12411499023438
2021-12-22,113.62000274658203,101.80156707763672
2021-12-23,112.77999877929688,101.04893493652344
2021-12-27,113.22000122070312,101.44316864013672
2021-12-28,112.95999908447266,101.21022033691406
2021-12-29,112.41999816894531,100.72637176513672
2021-12-30,112.91999816894531,101.17436981201172
2022-01-03,112.04499816894531,100.39039611816406
2022-01-04,112.2249984741211,100.55166625976562
2022-01-05,111.8499984741211,100.21566772460938
2022-01-06,111.26000213623047,99.68704223632812
2022-01-07,111.30000305175781,99.72288513183594
2022-01-10,110.69000244140625,99.17635345458984
2022-01-11,110.91000366210938,99.37345123291016
2022-01-12,111.51000213623047,99.91104125976562
2022-01-13,111.8949966430664,100.25597381591797
2022-01-14,111.5250015258789,99.92449188232422
2022-01-17,111.28500366210938,99.70943450927734
2022-01-18,110.58499908447266,99.6193618774414
2022-01-19,110.4000015258789,99.45270538330078
2022-01-20,110.70500183105469,100.27242279052734
2022-01-21,111.0,100.53961944580078
2022-01-24,111.31999969482422,100.8294677734375
2022-01-25,111.2249984741211,100.74342346191406
2022-01-26,110.91999816894531,100.46715545654297
2022-01-27,110.8550033569336,100.40827941894531
2022-01-28,110.3499984741211,99.95085144042969
2022-01-31,110.13500213623047,99.7561264038086
2022-02-01,109.92500305175781,99.56592559814453
2022-02-02,109.78500366210938,99.4391098022461
2022-02-03,108.87999725341797,98.61940002441406
2022-02-04,107.63999938964844,97.49624633789062
2022-02-07,107.92500305175781,97.75439453125
2022-02-08,107.29000091552734,97.17923736572266
2022-02-09,108.11499786376953,97.92647552490234
2022-02-10,107.4800033569336,97.3513412475586
2022-02-11,108.04000091552734,97.85856628417969
2022-02-14,108.09500122070312,97.90837860107422
2022-02-15,107.45500183105469,97.32868957519531
2022-02-16,108.12999725341797,97.94007873535156
2022-02-17,108.2249984741211,98.02613067626953
2022-02-18,108.5199966430664,98.2933349609375
2022-02-21,108.52999877929688,98.3023910522461
2022-02-22,108.13999938964844,97.94914245605469
2022-02-23,107.9000015258789,97.73174285888672
2022-02-24,108.37999725341797,98.16651153564453
2022-02-25,107.80000305175781,97.64118957519531
2022-02-28,108.375,98.1619873046875
2022-03-01,110.0250015258789,99.65650177001953
2022-03-02,109.62000274658203,99.2896728515625
2022-03-03,108.94499969482422,98.67826080322266
2022-03-04,109.31500244140625,99.01341247558594
2022-03-07,109.33999633789062,99.03604888916016
2022-03-08,108.72000122070312,98.47447204589844
2022-03-09,107.8499984741211,97.68646240234375
2022-03-10,107.0999984741211,97.00713348388672
2022-03-11,107.36000061035156,97.24263763427734
2022-03-14,106.81999969482422,96.75352478027344
2022-03-15,106.28500366210938,96.26895141601562
2022-03-16,106.5,96.46369171142578
2022-03-17,106.6449966430664,96.59501647949219
2022-03-18,106.83999633789062,96.77164459228516
2022-03-21,106.19000244140625,96.18290710449219
2022-03-22,105.55500030517578,95.60774230957031
2022-03-23,105.84500122070312,95.87039947509766
2022-03-24,105.86000061035156,95.88399505615234
2022-03-25,105.08999633789062,95.18655395507812
2022-03-28,104.66500091552734,94.80162048339844
2022-03-29,103.87000274658203,94.08154296875
2022-03-30,103.15499877929688,93.43392181396484
2022-03-31,104.16500091552734,94.3487319946289
2022-04-01,104.58000183105469,94.72462463378906
2022-04-04,105.3499984741211,95.42207336425781
2022-04-05,104.25,94.42572784423828
2022-04-06,103.93000030517578,94.1358642578125
2022-04-07,103.73500061035156,93.95925903320312
2022-04-08,103.75499725341797,93.97736358642578
2022-04-11,102.28500366210938,92.6458969116211
2022-04-12,102.19499969482422,92.56438446044922
2022-04-13,102.33499908447266,92.69120025634766
2022-04-14,102.69499969482422,93.01726531982422
2022-04-19,101.33999633789062,91.78995513916016
2022-04-20,102.16999816894531,92.541748046875
2022-04-21,102.22000122070312,92.58702087402344
2022-04-22,101.83499908447266,92.2383041381836
2022-04-25,101.86499786376953,92.26547241210938
2022-04-26,102.88500213623047,93.1893539428711
2022-04-27,103.125,93.4067611694336
2022-04-28,102.29499816894531,92.65494537353516
2022-04-29,102.36000061035156,92.71382904052734
2022-05-02,102.0,92.38775634765625
2022-05-03,102.51499938964844,92.85421752929688
2022-05-04,102.33000183105469,92.68665313720703
2022-05-05,102.17500305175781,92.54627227783203
2022-05-06,100.5,91.02910614013672
2022-05-09,101.17500305175781,91.6405029296875
2022-05-10,101.88500213623047,92.28361511230469
2022-05-11,101.9800033569336,92.36962890625
2022-05-12,103.87000274658203,94.08154296875
2022-05-13,103.33999633789062,93.60147857666016
2022-05-16,103.61499786376953,93.85057830810547
2022-05-17,102.66500091552734,92.9900894165039
2022-05-18,103.3499984741211,93.61054992675781
2022-05-19,104.05000305175781,94.24458312988281
2022-05-20,103.41000366210938,93.66487884521484
2022-05-23,103.91500091552734,94.1222915649414
2022-05-24,103.73500061035156,93.95925903320312
2022-05-25,103.79499816894531,94.01359558105469
2022-05-27,103.66500091552734,93.89586639404297
2022-05-30,102.26499938964844,92.62779235839844
2022-05-31,102.1500015258789,92.52363586425781
2022-06-01,101.8550033569336,92.25642395019531
2022-06-02,101.06500244140625,91.54086303710938
2022-06-03,100.55999755859375,91.0834732055664
2022-06-07,100.86000061035156,91.35518646240234
2022-06-08,100.0199966430664,90.59435272216797
2022-06-09,99.76000213623047,90.3588638305664
2022-06-10,100.04000091552734,90.61246490478516
2022-06-13,98.5999984741211,89.30817413330078
2022-06-14,97.95999908447266,88.72847747802734
2022-06-15,98.23999786376953,88.98209381103516
2022-06-16,96.91799926757812,87.78467559814453
2022-06-17,96.78199768066406,87.6614990234375
2022-06-20,96.64800262451172,87.54010772705078
2022-06-21,97.08799743652344,87.93863677978516
2022-06-22,97.83999633789062,88.61978149414062
2022-06-23,99.24199676513672,89.88966369628906
2022-06-24,99.08399963378906,89.74656677246094
2022-06-27,98.04000091552734,88.8009262084961
2022-06-28,97.3499984741211,88.17595672607422
2022-06-29,98.93000030517578,89.6070556640625
2022-06-30,100.75499725341797,91.26007843017578
2022-07-01,102.8949966430664,93.19843292236328
2022-07-04,101.58499908447266,92.0118637084961
2022-07-05,102.99500274658203,93.28899383544922
2022-07-06,103.79499816894531,94.01359558105469
2022-07-07,103.19999694824219,93.47466278076172
2022-07-08,102.23999786376953,92.60513305664062
2022-07-11,102.80000305175781,93.11237335205078
2022-07-12,103.81999969482422,94.0362319946289
2022-07-13,103.82499694824219,94.0407485961914
2022-07-14,103.51000213623047,93.75544738769531
2022-07-15,103.73500061035156,93.95925903320312
2022-07-18,102.91000366210938,93.2120132446289
2022-07-19,102.25499725341797,93.14366912841797
2022-07-20,101.62999725341797,92.57437896728516
2022-07-21,102.37000274658203,93.78364562988281
2022-07-22,103.69000244140625,94.99293518066406
2022-07-25,103.95999908447266,95.24028778076172
2022-07-26,104.77999877929688,95.99150085449219
2022-07-27,105.28500366210938,96.45416259765625
2022-07-28,106.59500122070312,97.654296875
2022-07-29,106.30000305175781,97.3840103149414
2022-08-02,106.59500122070312,97.654296875
2022-08-03,105.54499816894531,96.69235229492188
2022-08-04,106.95999908447266,97.98865509033203
2022-08-05,104.83999633789062,96.04647064208984
2022-08-08,106.20999908447266,97.30157470703125
2022-08-09,105.86000061035156,96.98092651367188
2022-08-10,106.9000015258789,97.93370056152344
2022-08-11,106.17500305175781,97.2695083618164
2022-08-12,105.96499633789062,97.0771255493164
2022-08-15,106.83499908447266,97.87415313720703
2022-08-16,106.40499877929688,97.480224609375
2022-08-17,105.76000213623047,96.88932800292969
2022-08-18,105.78500366210938,96.91222381591797
2022-08-19,104.57499694824219,95.8037109375
2022-08-22,103.91000366210938,95.1944808959961
2022-08-23,103.23999786376953,94.5806655883789
2022-08-24,102.51000213623047,93.91190338134766
2022-08-25,103.23999786376953,94.5806655883789
2022-08-26,102.80000305175781,94.17758178710938
2022-08-29,102.0199966430664,93.46299743652344
2022-08-30,103.43499755859375,94.75932312011719
2022-08-31,103.5,94.8188705444336
2022-09-01,102.69999694824219,94.08598327636719
2022-09-02,102.62999725341797,94.0218505859375
2022-09-05,101.83499908447266,93.29352569580078
2022-09-06,101.9000015258789,93.35308837890625
2022-09-07,102.00499725341797,93.44926452636719
2022-09-08,101.875,93.3301773071289
2022-09-09,101.31500244140625,92.81714630126953
2022-09-12,101.69999694824219,93.16984558105469
2022-09-13,100.79000091552734,92.336181640625
2022-09-14,99.802001953125,91.4310531616211
2022-09-15,100.04499816894531,91.65367126464844
2022-09-16,100.7300033569336,92.28121185302734
2022-09-19,99.8280029296875,91.45487213134766
2022-09-20,98.29000091552734,90.0458755493164
2022-09-21,99.03800201416016,90.73111724853516
2022-09-22,97.98600006103516,89.76736450195312
2022-09-23,98.33799743652344,90.08982849121094
2022-09-26,98.48600006103516,90.22541809082031
2022-09-27,97.66999816894531,89.47786712646484
2022-09-28,97.38200378417969,89.21401977539062
2022-09-29,98.15599822998047,89.923095703125
2022-09-30,99.02799987792969,90.72196960449219
2022-10-03,101.33999633789062,92.84002685546875
2022-10-04,102.2750015258789,93.69661712646484
2022-10-05,100.54000091552734,92.10713958740234
2022-10-06,99.48799896240234,91.14337921142578
2022-10-07,97.37999725341797,89.21220397949219
2022-10-10,97.55999755859375,89.3770980834961
2022-10-11,96.72000122070312,88.6075668334961
2022-10-12,96.86000061035156,88.7358169555664
2022-10-13,97.88999938964844,89.67942810058594
2022-10-14,98.37000274658203,90.11914825439453
2022-10-17,98.63999938964844,90.36652374267578
2022-10-18,98.51000213623047,90.24742889404297
2022-10-19,98.23999786376953,90.00006866455078
2022-10-20,98.49600219726562,90.2345962524414
2022-10-21,97.73799896240234,89.54015350341797
2022-10-24,98.72799682617188,90.44712829589844
2022-10-25,99.12799835205078,90.8135757446289
2022-10-26,99.63600158691406,91.27897644042969
2022-10-27,100.18499755859375,91.78192138671875
2022-10-28,100.44000244140625,92.01553344726562
2022-10-31,100.44000244140625,92.01553344726562
2022-11-01,100.22000122070312,91.81398010253906
2022-11-02,100.30000305175781,91.88729095458984
2022-11-03,99.72799682617188,91.36325073242188
2022-11-04,99.00199890136719,90.69813537597656
2022-11-07,99.447998046875,91.10673522949219
2022-11-08,99.44000244140625,91.09941101074219
2022-11-09,100.3550033569336,91.93768310546875
2022-11-10,101.82499694824219,93.28437042236328
2022-11-11,100.0,91.6124267578125
2022-11-14,99.33999633789062,91.00779724121094
2022-11-15,100.41500091552734,91.99264526367188
2022-11-16,100.94000244140625,92.47359466552734
2022-11-17,100.87999725341797,92.41862487792969
2022-11-18,101.19499969482422,92.70719909667969
2022-11-21,101.57499694824219,93.05533599853516
2022-11-22,101.45500183105469,92.94540405273438
2022-11-23,101.91500091552734,93.3668212890625
2022-11-24,102.19499969482422,93.62332916259766
2022-11-25,100.30000305175781,91.88729095458984
2022-11-28,101.0,92.52855682373047
2022-11-29,101.08000183105469,92.60185241699219
2022-11-30,100.58000183105469,92.143798828125
2022-12-01,101.24500274658203,92.75302124023438
2022-12-02,101.44000244140625,92.93164825439453
2022-12-05,100.26000213623047,91.85063934326172
2022-12-06,101.375,92.87210845947266
2022-12-07,100.7249984741211,92.2766342163086
2022-12-08,101.38999938964844,92.88585662841797
2022-12-09,99.5999984741211,91.24598693847656
2022-12-12,100.06999969482422,91.67656707763672
2022-12-13,99.88999938964844,91.51165771484375
2022-12-14,100.31500244140625,91.9010238647461
2022-12-15,99.62000274658203,91.2643051147461
2022-12-16,99.00399780273438,90.69998168945312
2022-12-19,98.64800262451172,90.37384033203125
2022-12-20,97.78600311279297,89.58414459228516
2022-12-21,97.1500015258789,89.00148010253906
2022-12-22,96.00399780273438,87.95159149169922
2022-12-23,96.0999984741211,88.03955078125
2022-12-27,95.20999908447266,87.22420501708984
2022-12-28,96.22599792480469,88.15499114990234
2022-12-29,96.14600372314453,88.0816879272461
2022-12-30,95.98400115966797,87.93329620361328
2023-01-03,97.1500015258789,89.00148010253906
2023-01-04,97.99199676513672,89.77287292480469
2023-01-05,97.33999633789062,89.17554473876953
2023-01-06,97.73200225830078,89.53466796875
2023-01-09,97.95800018310547,89.74171447753906
2023-01-10,97.45600128173828,89.28181457519531
2023-01-11,98.7760009765625,90.4910888671875
2023-01-12,99.75399780273438,91.3870620727539
2023-01-13,100.33000183105469,91.91476440429688
2023-01-16,99.69599914550781,91.33393859863281
2023-01-17,99.9000015258789,92.11215209960938
2023-01-18,100.44499969482422,92.6146469116211
2023-01-19,99.3219985961914,92.16645812988281
2023-01-20,99.16600036621094,92.02169036865234
2023-01-23,98.48799896240234,91.39253997802734
2023-01-24,98.66000366210938,91.5521469116211
2023-01-25,98.52799987792969,91.42964935302734
2023-01-26,98.72799682617188,91.61524200439453
2023-01-27,98.41000366210938,91.32015991210938
2023-01-30,98.04199981689453,90.9786605834961
2023-01-31,97.5719985961914,90.54252624511719
2023-02-01,98.36399841308594,91.27748107910156
2023-02-02,99.7040023803711,92.52093505859375
2023-02-03,98.62999725341797,91.5243148803711
2023-02-06,97.4219970703125,90.4033203125
2023-02-07,97.29000091552734,90.28084564208984
2023-02-08,97.26799774169922,90.26042938232422
2023-02-09,97.84400177001953,90.79493713378906
2023-02-10,96.79399871826172,89.82057189941406
2023-02-13,96.65599822998047,89.69251251220703
2023-02-14,96.66999816894531,89.70551300048828
2023-02-15,96.26599884033203,89.33061218261719
2023-02-16,96.41600036621094,89.4698257446289
2023-02-17,96.87200164794922,89.89297485351562
2023-02-20,96.58599853515625,89.6275634765625
2023-02-21,96.4219970703125,89.47538757324219
2023-02-22,96.8280029296875,89.85213470458984
2023-02-23,97.13200378417969,90.13423156738281
2023-02-24,96.83000183105469,89.85398864746094
2023-02-27,96.63200378417969,89.67025756835938
2023-02-28,96.54199981689453,89.58673858642578
2023-03-01,96.51599884033203,89.56260681152344
2023-03-02,95.76000213623047,88.86107635498047
2023-03-03,96.1240005493164,89.1988525390625
2023-03-06,95.9260025024414,89.01512908935547
2023-03-07,95.84200286865234,88.93717956542969
2023-03-08,97.15799713134766,90.15834045410156
2023-03-09,97.19200134277344,90.18991088867188
2023-03-10,98.47000122070312,91.3758316040039
2023-03-13,99.5780029296875,92.40401458740234
2023-03-14,99.03600311279297,91.90105438232422
2023-03-15,99.68199920654297,92.5005111694336
2023-03-16,101.0999984741211,93.81634521484375
2023-03-17,102.0,94.65151977539062
2023-03-20,101.3949966430664,94.0901107788086
2023-03-21,100.4000015258789,93.16677856445312
2023-03-22,99.86599731445312,92.67124938964844
2023-03-23,99.55400085449219,92.38174438476562
2023-03-24,100.54000091552734,93.29669952392578
2023-03-27,99.66999816894531,92.48937225341797
2023-03-28,99.3219985961914,92.16645812988281
2023-03-29,99.17400360107422,92.02911376953125
2023-03-30,98.9800033569336,91.8490982055664
2023-03-31,99.1240005493164,91.98270416259766
2023-04-03,99.11799621582031,91.9771499633789
2023-04-04,98.8499984741211,91.72846221923828
2023-04-05,100.12999725341797,92.91624450683594
2023-04-06,100.34500122070312,93.11575317382812
2023-04-11,99.1760025024414,92.03097534179688
2023-04-12,101.15499877929688,93.86740112304688
2023-04-13,100.5,93.25959014892578
2023-04-14,100.0,92.79560089111328
2023-04-17,100.11499786376953,92.9023208618164
2023-04-18,100.30500030517578,93.07862091064453
2023-04-19,100.04000091552734,92.83272552490234
2023-04-20,100.05999755859375,92.85128021240234
2023-04-21,99.9000015258789,92.70281982421875
2023-04-24,99.4800033569336,92.31306457519531
2023-04-25,100.48999786376953,93.25028991699219
2023-04-26,100.44000244140625,93.20391082763672
2023-04-27,99.70999908447266,92.52650451660156
2023-04-28,100.15499877929688,92.9394302368164
2023-05-02,100.86499786376953,93.5982894897461
2023-05-03,100.3949966430664,93.16214752197266
2023-05-04,100.8550033569336,93.58900451660156
2023-05-05,100.30000305175781,93.0739974975586
2023-05-08,100.13500213623047,92.9208755493164
2023-05-09,100.2750015258789,93.05078887939453
2023-05-10,100.20500183105469,92.98583221435547
2023-05-11,101.5999984741211,94.28034210205078
2023-05-12,101.66999816894531,94.34529113769531
2023-05-15,101.0,93.72355651855469
2023-05-16,101.27999877929688,93.98339080810547
2023-05-17,101.30999755859375,94.01122283935547
2023-05-19,100.86000061035156,93.59365844726562
2023-05-22,100.75499725341797,93.4962158203125
2023-05-23,100.52999877929688,93.28742218017578
2023-05-24,100.875,93.60757446289062
2023-05-25,100.67500305175781,93.42198181152344
2023-05-26,101.05999755859375,93.77923583984375
2023-05-30,101.83499908447266,94.49839782714844
2023-05-31,102.81999969482422,95.41244506835938
2023-06-01,103.03500366210938,95.6119613647461
2023-06-02,102.875,95.46348571777344
2023-06-05,102.08499908447266,94.73040008544922
2023-06-06,102.3949966430664,95.01805877685547
2023-06-07,101.96499633789062,94.6190414428711
2023-06-08,101.65499877929688,94.33136749267578
2023-06-09,101.53500366210938,94.22002410888672
2023-06-12,101.69999694824219,94.37313079833984
2023-06-13,101.55999755859375,94.24321746826172
2023-06-14,101.0,93.72355651855469
2023-06-15,101.18000030517578,93.8906021118164
2023-06-16,100.94999694824219,93.6771469116211
2023-06-19,100.5,93.25959014892578
2023-06-20,101.82499694824219,94.48912811279297
2023-06-21,101.63999938964844,94.31745147705078
2023-06-22,101.22000122070312,93.9277114868164
2023-06-23,102.21499633789062,94.85103607177734
2023-06-26,102.0999984741211,94.74430084228516
2023-06-27,102.54000091552734,95.15262603759766
2023-06-28,102.41500091552734,95.03660583496094
2023-06-29,101.46499633789062,94.15506744384766
2023-06-30,101.86000061035156,94.5216064453125
2023-07-03,102.16000366210938,94.80000305175781
2023-07-04,101.88999938964844,94.5494384765625
2023-07-05,102.0999984741211,94.74430084228516
2023-07-06,100.75,93.49156188964844
2023-07-07,101.0999984741211,93.81634521484375
2023-07-10,100.41999816894531,93.18533325195312
2023-07-11,100.05999755859375,92.85128021240234
2023-07-12,100.58000183105469,93.33382415771484
2023-07-13,101.55000305175781,94.23394012451172
2023-07-14,101.58000183105469,94.26177978515625
2023-07-17,101.54000091552734,94.22466278076172
2023-07-18,102.06500244140625,95.21822357177734
2023-07-19,101.75499725341797,94.92903137207031
2023-07-20,101.5,95.1963119506836
2023-07-21,101.625,95.31353759765625
2023-07-24,102.05500030517578,95.71684265136719
2023-07-25,101.57499694824219,95.26665496826172
2023-07-26,101.51000213623047,95.2056884765625
2023-07-27,101.5,95.1963119506836
2023-07-28,101.11499786376953,94.83521270751953
2023-07-31,100.53500366210938,94.29125213623047
2023-08-02,101.12000274658203,94.83990478515625
2023-08-03,100.5,94.25841522216797
2023-08-04,100.62000274658203,94.37097930908203
2023-08-07,100.5999984741211,94.35221099853516
2023-08-08,101.46499633789062,95.16348266601562
2023-08-09,101.2249984741211,94.9383773803711
2023-08-10,101.23500061035156,94.94776153564453
2023-08-11,100.38999938964844,94.1552505493164
2023-08-14,100.41999816894531,94.1833724975586
2023-08-15,100.4749984741211,94.23497009277344
2023-08-16,100.5,94.25841522216797
2023-08-17,100.27999877929688,94.05207061767578
2023-08-18,100.55999755859375,94.31468200683594
2023-08-21,100.46499633789062,94.22557830810547
2023-08-22,100.3550033569336,94.12242889404297
2023-08-23,101.0999984741211,94.8211441040039
2023-08-24,101.36499786376953,95.0696792602539
2023-08-25,101.1500015258789,94.86804962158203
2023-08-28,101.4000015258789,95.1025161743164
2023-08-29,101.53500366210938,95.22914123535156
2023-08-30,101.01499938964844,94.7414321899414
2023-08-31,101.83000183105469,95.50581359863281
2023-09-01,101.80500030517578,95.48237609863281
2023-09-04,101.53500366210938,95.22914123535156
2023-09-05,100.93499755859375,94.66641235351562
2023-09-06,100.9000015258789,94.63357543945312
2023-09-07,100.69999694824219,94.44599151611328
2023-09-08,100.31999969482422,94.089599609375
2023-09-11,100.20999908447266,93.98641967773438
2023-09-12,99.80000305175781,93.60189056396484
2023-09-13,100.04000091552734,93.82699584960938
2023-09-14,100.5,94.25841522216797
2023-09-15,100.19999694824219,93.97703552246094
2023-09-18,100.15499877929688,93.9348373413086
2023-09-19,99.95999908447266,93.751953125
2023-09-20,99.8499984741211,93.64877319335938
2023-09-21,100.0999984741211,93.88325500488281
2023-09-22,100.31999969482422,94.089599609375
2023-09-25,99.91200256347656,93.70694732666016
2023-09-26,100.4000015258789,94.16461944580078
2023-09-27,100.19999694824219,93.97703552246094
2023-09-28,99.4000015258789,93.22673034667969
2023-09-29,99.84400177001953,93.64315795898438
2023-10-02,99.75399780273438,93.55874633789062
2023-10-03,99.69200134277344,93.50059509277344
2023-10-04,99.02999877929688,92.87972259521484
2023-10-05,99.25,93.08606719970703
2023-10-06,99.22599792480469,93.06353759765625
2023-10-09,99.55000305175781,93.36741638183594
2023-10-10,99.44000244140625,93.26424407958984
2023-10-11,100.30000305175781,94.07083129882812
2023-10-12,100.0,93.78945922851562
2023-10-13,100.08000183105469,93.86449432373047
2023-10-16,99.54000091552734,93.3580322265625
2023-10-17,99.43399810791016,93.25862121582031
2023-10-18,99.37799835205078,93.20609283447266
2023-10-19,99.30000305175781,93.13294982910156
2023-10-20,99.33999633789062,93.17046356201172
2023-10-23,99.6760025024414,93.48560333251953
2023-10-24,99.73999786376953,93.54561614990234
2023-10-25,99.77999877929688,93.5831298828125
2023-10-26,99.5,93.32051849365234
2023-10-27,99.62000274658203,93.43307495117188
2023-10-30,99.54000091552734,93.3580322265625
2023-10-31,99.62000274658203,93.43307495117188
2023-11-01,99.73600006103516,93.54186248779297
2023-11-02,99.13999938964844,92.98287963867188
2023-11-03,99.41600036621094,93.24173736572266
2023-11-06,98.48200225830078,92.36575317382812
2023-11-07,99.20999908447266,93.04852294921875
2023-11-08,99.51399993896484,93.33364868164062
2023-11-09,99.9800033569336,93.77070617675781
2023-11-10,99.5979995727539,93.41242980957031
2023-11-13,99.69999694824219,93.50809478759766
2023-11-14,100.4000015258789,94.16461944580078
2023-11-15,100.33999633789062,94.10835266113281
2023-11-16,101.13500213623047,94.8539810180664
2023-11-17,101.3949966430664,95.09782409667969
2023-11-20,101.44499969482422,95.14474487304688
2023-11-21,101.88500213623047,95.55740356445312
2023-11-22,101.8499984741211,95.52457427978516
2023-11-23,101.3550033569336,95.0603256225586
2023-11-24,100.6050033569336,94.35689544677734
2023-11-27,101.78500366210938,95.46360778808594
2023-11-28,102.21499633789062,95.86690521240234
2023-11-29,102.6449966430664,96.27021026611328
2023-11-30,102.72000122070312,96.34053802490234
2023-12-01,103.45999908447266,97.03458404541016
2023-12-04,103.68000030517578,97.24092102050781
2023-12-05,104.19999694824219,97.7286148071289
2023-12-06,104.12999725341797,97.6629638671875
2023-12-07,104.19000244140625,97.71924591064453
2023-12-08,103.30000305175781,96.884521484375
2023-12-11,103.86499786376953,97.41442108154297
2023-12-12,103.94000244140625,97.48477172851562
2023-12-13,104.68000030517578,98.17881774902344
2023-12-14,104.5999984741211,98.10377502441406
2023-12-15,105.69499969482422,99.13078308105469
2023-12-18,104.73999786376953,98.2350845336914
2023-12-19,105.07499694824219,98.54928588867188
2023-12-20,104.44000244140625,97.95372772216797
2023-12-21,104.5250015258789,98.03343963623047
2023-12-22,104.69000244140625,98.18819427490234
2023-12-27,104.80000305175781,98.29136657714844
2023-12-28,104.81999969482422,98.31011962890625
2023-12-29,103.9800033569336,97.52229309082031
2024-01-03,104.19999694824219,97.7286148071289
2024-01-04,103.17500305175781,96.76730346679688
2024-01-05,102.66999816894531,96.29364776611328
2024-01-08,102.99500274658203,96.59845733642578
2024-01-09,102.68499755859375,96.30770874023438
2024-01-10,102.38999938964844,96.03103637695312
2024-01-11,102.69999694824219,96.32178497314453
2024-01-12,102.45500183105469,96.09201049804688
2024-01-15,102.87999725341797,96.49059295654297
2024-01-16,102.26000213623047,96.60396575927734
2024-01-17,101.58000183105469,95.96157836914062
2024-01-18,101.25499725341797,96.35649871826172
2024-01-19,101.05000305175781,96.16143035888672
2024-01-22,101.23999786376953,96.34222412109375
2024-01-23,100.9749984741211,96.09004974365234
2024-01-24,100.66000366210938,95.790283203125
2024-01-25,101.69999694824219,96.77996063232422
2024-01-26,101.44000244140625,96.53254699707031
2024-01-29,101.66000366210938,96.74191284179688
2024-01-30,101.49500274658203,96.58489227294922
2024-01-31,102.1050033569336,97.1653823852539
2024-02-01,102.48500061035156,97.5270004272461
2024-02-02,101.95999908447266,97.02738952636719
2024-02-05,101.30000305175781,96.39933013916016
2024-02-06,101.12000274658203,96.22801971435547
2024-02-07,101.41000366210938,96.50399017333984
2024-02-08,101.12000274658203,96.22801971435547
2024-02-09,101.01000213623047,96.12335968017578
2024-02-12,100.76000213623047,95.88545227050781
2024-02-13,101.55999755859375,96.64673614501953
2024-02-14,101.02999877929688,96.14237976074219
2024-02-15,101.55999755859375,96.64673614501953
2024-02-16,101.4000015258789,96.4944839477539
2024-02-19,101.69999694824219,96.77996063232422
2024-02-20,101.9000015258789,96.97029876708984
2024-02-21,102.11499786376953,97.17489624023438
2024-02-22,102.19999694824219,97.25578308105469
2024-02-23,102.30000305175781,97.3509521484375
2024-02-26,102.1050033569336,97.1653823852539
2024-02-27,102.05500030517578,97.1177978515625
2024-02-28,101.73999786376953,96.81802368164062
2024-02-29,102.7300033569336,97.7601318359375
2024-03-01,103.08499908447266,98.09796905517578
2024-03-04,103.06999969482422,98.08368682861328
2024-03-05,103.52999877929688,98.52143096923828
2024-03-06,103.33999633789062,98.34062194824219
2024-03-07,103.68000030517578,98.66417694091797
2024-03-08,103.62000274658203,98.6070785522461
2024-03-11,103.63999938964844,98.62611389160156
2024-03-12,103.19999694824219,98.2073974609375
2024-03-13,103.54499816894531,98.53570556640625
2024-03-14,102.9749984741211,97.99330139160156
2024-03-15,102.69999694824219,97.73158264160156
2024-03-18,103.05999755859375,98.07416534423828
2024-03-19,103.18499755859375,98.1931381225586
2024-03-20,103.27999877929688,98.28353118896484
2024-03-21,104.0,98.96871185302734
2024-03-22,104.04000091552734,99.00678253173828
2024-03-25,104.03500366210938,99.00200653076172
2024-03-26,104.04000091552734,99.00678253173828
2024-03-27,104.3550033569336,99.30653381347656
2024-03-28,104.33000183105469,99.28275299072266
2024-04-02,103.4000015258789,98.3977279663086
2024-04-03,103.3550033569336,98.35491180419922
2024-04-04,103.3550033569336,98.35491180419922
2024-04-05,103.48999786376953,98.4833755493164
2024-04-08,103.1500015258789,98.15982818603516
2024-04-09,103.28500366210938,98.28829193115234
2024-04-10,103.26000213623047,98.26449584960938
2024-04-11,103.38500213623047,98.38346099853516
2024-04-12,103.5,98.49288940429688
2024-04-15,103.40499877929688,98.40249633789062
2024-04-16,102.9000015258789,97.92192077636719
2024-04-17,103.30000305175781,98.30256652832031
2024-04-18,102.97000122070312,97.98853302001953
2024-04-19,102.86000061035156,97.88385009765625
2024-04-22,103.375,98.37393951416016
2024-04-23,103.18000030517578,98.18836975097656
2024-04-24,102.9800033569336,97.99803924560547
2024-04-25,103.0999984741211,98.11224365234375
2024-04-26,103.23999786376953,98.24546813964844
2024-04-29,103.5199966430664,98.51192474365234
2024-04-30,103.18499755859375,98.1931381225586
2024-05-02,103.45999908447266,98.45482635498047
2024-05-03,103.31999969482422,98.32159423828125
2024-05-06,103.75,98.73080444335938
2024-05-07,103.5,98.49288940429688
2024-05-08,103.74500274658203,98.7260513305664
2024-05-10,103.30000305175781,98.30256652832031
2024-05-13,103.30000305175781,98.30256652832031
2024-05-14,103.0,98.01708221435547
2024-05-15,103.69999694824219,98.68321228027344
2024-05-16,103.30000305175781,98.30256652832031
2024-05-17,103.12000274658203,98.13127899169922
2024-05-21,103.22000122070312,98.2264404296875
2024-05-22,103.22000122070312,98.2264404296875
2024-05-23,102.88500213623047,97.90764617919922
2024-05-24,102.49500274658203,97.53651428222656
2024-05-27,102.99500274658203,98.01232147216797
2024-05-28,102.68000030517578,97.71256256103516
2024-05-29,101.69999694824219,96.77996063232422
2024-05-30,101.5,96.58964538574219
2024-05-31,101.55500030517578,96.64198303222656
2024-06-03,102.08499908447266,97.14634704589844
2024-06-04,101.81999969482422,96.89417266845703
2024-06-05,102.41500091552734,97.46038055419922
2024-06-06,102.37999725341797,97.42707061767578
2024-06-07,102.19999694824219,97.25578308105469
2024-06-10,101.69999694824219,96.77996063232422
2024-06-11,102.04000091552734,97.10352325439453
2024-06-12,102.5999984741211,97.63643646240234
2024-06-13,102.73999786376953,97.7696533203125
2024-06-14,103.58499908447266,98.57377624511719
2024-06-17,103.44000244140625,98.435791015625
2024-06-18,103.25499725341797,98.25973510742188
2024-06-19,103.49500274658203,98.48814392089844
2024-06-20,103.73500061035156,98.71652221679688
2024-06-21,103.98999786376953,98.95918273925781
2024-06-24,103.9000015258789,98.87353515625
2024-06-25,104.86499786376953,99.7918472290039
2024-06-26,104.69000244140625,99.62532806396484
2024-06-27,104.79499816894531,99.72525024414062
2024-06-28,104.83999633789062,99.7680435180664
2024-07-01,104.0199966430664,98.98773193359375
2024-07-02,103.70500183105469,98.68798065185547
2024-07-03,104.0999984741211,99.0638656616211
2024-07-04,103.9000015258789,98.87353515625
2024-07-05,103.9800033569336,98.94966888427734
2024-07-08,103.90499877929688,98.8782958984375
2024-07-09,103.95999908447266,98.93062591552734
2024-07-10,104.49500274658203,99.43976593017578
2024-07-11,104.93499755859375,99.85846710205078
2024-07-12,104.5999984741211,99.53968048095703
2024-07-15,105.0,99.92033386230469
2024-07-16,104.44499969482422,100.07843017578125
2024-07-17,104.25499725341797,99.89636993408203
2024-07-18,104.19499969482422,100.53318786621094
2024-07-19,103.80000305175781,100.15206146240234
2024-07-22,103.8499984741211,100.2002944946289
2024-07-23,104.29000091552734,100.62483978271484
2024-07-24,104.06999969482422,100.4125747680664
2024-07-25,104.77999877929688,101.09761810302734
2024-07-26,105.0999984741211,101.40637969970703
2024-07-29,105.17500305175781,101.47874450683594
2024-07-30,104.80000305175781,101.1169204711914
2024-07-31,105.09500122070312,101.40155029296875
2024-08-02,106.55000305175781,102.805419921875
2024-08-05,106.48999786376953,102.74752807617188
2024-08-06,106.30000305175781,102.56420135498047
2024-08-07,105.5,101.79232025146484
2024-08-08,105.32499694824219,101.62345123291016
2024-08-09,105.80000305175781,102.08177947998047
2024-08-12,105.625,101.91291809082031
2024-08-13,105.86499786376953,102.14449310302734
2024-08-14,105.9800033569336,102.25545501708984
2024-08-15,105.13999938964844,101.44495391845703
2024-08-16,105.875,102.15412902832031
2024-08-19,106.12000274658203,102.39054107666016
2024-08-20,106.4000015258789,102.66068267822266
2024-08-21,105.94999694824219,102.22649383544922
2024-08-22,105.40499877929688,101.70065307617188
2024-08-23,106.0,102.27474212646484
2024-08-26,105.38999938964844,101.68617248535156
2024-08-27,105.2699966430664,101.57039642333984
2024-08-28,105.75499725341797,102.0383529663086
2024-08-29,105.1500015258789,101.45462799072266
2024-08-30,105.3550033569336,101.65241241455078
2024-09-02,104.7300033569336,101.04937744140625
2024-09-03,105.19499969482422,101.49803161621094
2024-09-04,105.30000305175781,101.59934997558594
2024-09-05,104.95500183105469,101.26646423339844
2024-09-06,105.31500244140625,101.61382293701172
2024-09-09,105.23999786376953,101.54145050048828
2024-09-10,105.54000091552734,101.8309097290039
2024-09-11,105.41999816894531,101.71513366699219
2024-09-12,105.24500274658203,101.5462875366211
2024-09-13,105.81999969482422,102.10105895996094
2024-09-16,106.0999984741211,102.37122344970703
2024-09-17,105.55000305175781,101.84056091308594
2024-09-18,105.49500274658203,101.78748321533203
2024-09-19,104.76000213623047,101.07832336425781
2024-09-20,104.9800033569336,101.29060363769531
2024-09-23,105.29000091552734,101.5896987915039
2024-09-24,105.5250015258789,101.81643676757812
2024-09-25,104.98999786376953,101.30023956298828
2024-09-26,105.48500061035156,101.77784729003906
2024-09-27,105.5999984741211,101.8887939453125
2024-09-30,105.8949966430664,102.17343139648438
2024-10-01,105.81500244140625,102.09624481201172
2024-10-02,106.0,102.27474212646484
2024-10-03,105.4800033569336,101.77301788330078
2024-10-04,105.18000030517578,101.48355865478516
2024-10-07,105.56999969482422,101.85986328125
2024-10-08,104.97000122070312,101.28093719482422
2024-10-09,104.3499984741211,100.6827163696289
2024-10-10,104.3550033569336,100.68755340576172
2024-10-11,104.05999755859375,100.40292358398438
2024-10-14,104.79499816894531,101.11209106445312
2024-10-15,105.37000274658203,101.6668930053711
2024-10-16,105.66500091552734,101.9515151977539
2024-10-17,105.56999969482422,101.85986328125
2024-10-18,105.66000366210938,101.94669342041016
2024-10-21,105.0199966430664,101.32918548583984
2024-10-22,104.6050033569336,100.92877960205078
2024-10-23,104.73999786376953,101.05902099609375
2024-10-24,105.16000366210938,101.46427154541016
2024-10-25,105.44000244140625,101.73442840576172
2024-10-28,105.70500183105469,101.99011993408203
2024-10-29,105.02999877929688,101.33883666992188
2024-10-30,105.4000015258789,101.69583129882812
2024-10-31,105.88500213623047,102.16378784179688
2024-11-01,105.58000183105469,101.86949920654297
2024-11-04,106.0999984741211,102.37122344970703
2024-11-05,105.7249984741211,102.0093994140625
2024-11-06,105.9000015258789,102.17826080322266
2024-11-07,106.08000183105469,102.3519287109375
2024-11-08,106.09500122070312,102.36640930175781
2024-11-11,105.87000274658203,102.1493148803711
2024-11-12,106.13999938964844,102.40982055664062
2024-11-13,105.9000015258789,102.17826080322266
2024-11-14,106.07499694824219,102.34710693359375
2024-11-15,106.06999969482422,102.34228515625
2024-11-18,106.0,102.27474212646484
2024-11-19,105.75499725341797,102.0383529663086
2024-11-20,105.9000015258789,102.17826080322266
2024-11-21,105.7300033569336,102.01422882080078
2024-11-22,106.3499984741211,102.61244201660156
2024-11-25,106.48999786376953,102.74752807617188
2024-11-26,106.69999694824219,102.95013427734375
2024-11-27,106.41500091552734,102.67516326904297
2024-11-28,106.80000305175781,103.04662322998047
2024-11-29,107.5,103.72203063964844
2024-12-02,107.98500061035156,104.18998718261719
2024-12-03,108.00499725341797,104.20927429199219
2024-12-04,108.0,104.20446014404297
2024-12-05,107.30000305175781,103.529052734375
2024-12-06,107.75499725341797,103.96805572509766
2024-12-09,107.05000305175781,103.287841796875
2024-12-10,107.0199966430664,103.2588882446289
2024-12-11,107.05999755859375,103.2974853515625
2024-12-12,106.71499633789062,102.96461486816406
2024-12-13,107.20500183105469,103.43739318847656
2024-12-16,107.54000091552734,103.76062774658203
2024-12-17,107.23999786376953,103.4711685180664
2024-12-18,107.0,103.23959350585938
2024-12-19,106.94000244140625,103.18172454833984
2024-12-20,106.99500274658203,103.23478698730469
2024-12-23,106.72000122070312,102.96944427490234
2024-12-27,106.5,102.75717163085938
2024-12-30,106.56999969482422,102.82469940185547
2025-01-03,106.58000183105469,102.83436584472656
2025-01-06,105.81999969482422,102.10105895996094
2025-01-07,106.09500122070312,102.36640930175781
2025-01-08,105.50499725341797,101.79713439941406
2025-01-09,105.25499725341797,101.55591583251953
2025-01-10,105.44499969482422,101.73925018310547
2025-01-13,105.0,101.30988311767578
2025-01-14,104.49500274658203,100.82263946533203
2025-01-15,105.5,101.79232025146484
2025-01-16,105.69000244140625,101.97563171386719
2025-01-17,105.9000015258789,102.17826080322266
2025-01-20,105.94999694824219,102.22649383544922
2025-01-21,105.16500091552734,102.04698181152344
2025-01-22,105.30000305175781,102.17798614501953
2025-01-23,105.1050033569336,102.57323455810547
2025-01-24,104.68499755859375,102.16334533691406
2025-01-27,104.53500366210938,102.01696014404297
2025-01-28,104.83499908447266,102.30973052978516
2025-01-29,104.9000015258789,102.3731689453125
2025-01-30,104.8499984741211,102.3243637084961
2025-01-31,105.30999755859375,102.77328491210938
2025-02-03,105.46499633789062,102.92454528808594
2025-02-04,105.5999984741211,103.05630493164062
2025-02-05,105.43499755859375,102.89527893066406
2025-02-06,105.42500305175781,102.8855209350586
2025-02-07,105.69000244140625,103.14413452148438
2025-02-10,105.69999694824219,103.15390014648438
2025-02-11,105.0999984741211,102.56834411621094
2025-02-12,104.9000015258789,102.3731689453125
2025-02-13,105.30500030517578,102.76840209960938
2025-02-14,104.9000015258789,102.3731689453125
2025-02-17,104.53500366210938,102.01696014404297
2025-02-18,104.31500244140625,101.80225372314453
2025-02-19,104.0,101.4948501586914
2025-02-20,103.66000366210938,101.16304016113281
2025-02-21,103.28500366210938,100.79707336425781
2025-02-24,103.65499877929688,101.15815734863281
2025-02-25,104.0999984741211,101.59244537353516
2025-02-26,104.48500061035156,101.9681625366211
2025-02-27,104.6050033569336,102.08527374267578
2025-02-28,105.04000091552734,102.50979614257812
2025-03-03,104.44999694824219,101.93401336669922
2025-03-04,104.58499908447266,102.06575012207031
2025-03-05,103.51000213623047,101.01664733886719
2025-03-06,102.27999877929688,99.81626892089844
2025-03-07,102.72000122070312,100.24568176269531
2025-03-10,102.22000122070312,99.75772094726562
2025-03-11,101.99500274658203,99.53813934326172
2025-03-12,101.23999786376953,98.80133056640625
2025-03-13,101.69000244140625,99.24048614501953
2025-03-14,101.80999755859375,99.35759735107422
2025-03-17,102.25,99.78699493408203
2025-03-18,102.19999694824219,99.73820495605469
2025-03-19,101.9800033569336,99.52350616455078
2025-03-20,102.26000213623047,99.79676055908203
2025-03-21,102.55999755859375,100.08953094482422
2025-03-24,102.11499786376953,99.6552505493164
2025-03-25,102.1050033569336,99.64549255371094
2025-03-26,102.54499816894531,100.07489776611328
2025-03-27,102.69000244140625,100.2164077758789
2025-03-28,103.55999755859375,101.0654296875
2025-03-31,103.66000366210938,101.16304016113281
2025-04-01,104.58000183105469,102.06088256835938
2025-04-02,104.63500213623047,102.11455535888672
2025-04-03,105.02999877929688,102.50003051757812
2025-04-04,105.24500274658203,102.70985412597656
2025-04-07,104.9000015258789,102.3731689453125
2025-04-08,104.37999725341797,101.86568450927734
2025-04-09,104.94000244140625,102.4122085571289
2025-04-10,105.12000274658203,102.5878677368164
2025-04-11,105.12000274658203,102.5878677368164
2025-04-14,105.22000122070312,102.68546295166016
2025-04-15,104.84500122070312,102.31948852539062
2025-04-16,105.0999984741211,102.56834411621094
2025-04-17,105.68499755859375,103.13925170898438
2025-04-22,105.5,102.9587173461914
2025-04-23,105.0,102.47074890136719
2025-04-24,105.0999984741211,102.56834411621094
2025-04-25,105.0999984741211,102.56834411621094
2025-04-28,105.46499633789062,102.92454528808594
2025-04-29,105.77999877929688,103.23197174072266
2025-04-30,106.27999877929688,103.71991729736328
2025-05-02,105.9749984741211,103.42227172851562
2025-05-05,105.9800033569336,103.42715454101562
2025-05-06,106.5,103.93462371826172
2025-05-07,107.45999908447266,104.87149810791016
2025-05-08,106.6449966430664,104.07611846923828
2025-05-09,106.73999786376953,104.16883850097656
2025-05-12,105.9000015258789,103.34908294677734
2025-05-13,105.77999877929688,103.23197174072266
2025-05-14,105.49500274658203,102.9538345336914
2025-05-15,105.79499816894531,103.2466049194336
2025-05-16,106.0999984741211,103.54425811767578
2025-05-19,105.83000183105469,103.28076171875
2025-05-20,105.51000213623047,102.96847534179688
2025-05-21,105.19000244140625,102.65617370605469
2025-05-22,105.71499633789062,103.16853332519531
2025-05-23,105.62000274658203,103.0758285522461
2025-05-26,106.42500305175781,103.86143493652344
2025-05-27,106.4000015258789,103.8370361328125
2025-05-28,106.69999694824219,104.12979888916016
2025-05-30,106.9000015258789,104.32498931884766
2025-06-02,106.55000305175781,103.98342895507812
2025-06-03,107.0,104.4225845336914
2025-06-04,107.0999984741211,104.5201644897461
2025-06-05,106.2699966430664,103.71016693115234
2025-06-06,106.69999694824219,104.12979888916016
2025-06-10,106.61000061035156,104.04198455810547
2025-06-11,106.4000015258789,103.8370361328125
2025-06-12,106.68000030517578,104.11029052734375
2025-06-13,106.37999725341797,103.8175048828125
2025-06-16,106.37000274658203,103.8077621459961
2025-06-17,106.09500122070312,103.53938293457031
2025-06-18,106.32499694824219,103.76383209228516
2025-06-19,106.26000213623047,103.70040893554688
2025-06-20,105.36000061035156,102.82208251953125
2025-06-23,105.4000015258789,102.86112976074219
2025-06-24,105.31999969482422,102.78305053710938
2025-06-25,104.91500091552734,102.38780975341797
2025-06-26,105.02999877929688,102.50003051757812
2025-06-27,104.70999908447266,102.187744140625
2025-06-30,104.86000061035156,102.33413696289062
2025-07-01,105.36000061035156,102.82208251953125
2025-07-02,105.0999984741211,102.56834411621094
2025-07-03,105.19999694824219,102.66593933105469
2025-07-04,105.17500305175781,102.64154052734375
2025-07-07,105.1500015258789,102.61714935302734
2025-07-08,104.79499816894531,102.27069854736328
2025-07-09,105.0999984741211,102.56834411621094
2025-07-10,104.69999694824219,102.177978515625
2025-07-11,104.69999694824219,102.177978515625
2025-07-14,104.4000015258789,101.88521575927734
2025-07-15,104.16000366210938,102.25828552246094
2025-07-16,103.81999969482422,101.92448425292969
2025-07-17,104.16500091552734,102.87755584716797
2025-07-18,103.74500274658203,102.4627456665039
2025-07-21,104.19999694824219,102.91211700439453
2025-07-22,104.73999786376953,103.44544219970703
2025-07-23,104.37999725341797,103.08988952636719
2025-07-24,104.1449966430664,102.85779571533203
2025-07-25,104.29000091552734,103.00100708007812
2025-07-28,105.04000091552734,103.74173736572266
2025-07-29,105.0,103.70223236083984
2025-07-30,105.16000366210938,103.8602523803711
2025-07-31,105.29499816894531,103.99358367919922
2025-08-04,105.80000305175781,104.49234771728516
2025-08-05,106.0199966430664,104.70962524414062
2025-08-06,105.74500274658203,104.43802642822266
2025-08-07,106.375,105.06023406982422
2025-08-08,106.33499908447266,105.0207290649414
2025-08-11,106.34500122070312,105.03060913085938
2025-08-12,105.82499694824219,104.51702880859375
2025-08-13,106.5,105.1836929321289
2025-08-14,106.2699966430664,104.95653533935547
2025-08-15,105.7249984741211,104.41826629638672
2025-08-18,105.70500183105469,104.39852142333984
2025-08-19,105.5,104.19605255126953
2025-08-20,105.80000305175781,104.49234771728516
2025-08-21,105.30500030517578,104.00346374511719
2025-08-22,105.4000015258789,104.0972900390625
2025-08-25,105.4000015258789,104.0972900390625
2025-08-26,105.77999877929688,104.47258758544922
2025-08-27,106.0,104.68987274169922
2025-08-28,105.62000274658203,104.3145751953125
2025-08-29,105.54000091552734,104.23555755615234
2025-09-01,105.44999694824219,104.14666748046875
2025-09-02,105.30000305175781,103.99852752685547
2025-09-03,105.55999755859375,104.25530242919922
2025-09-04,105.83499908447266,104.52690887451172
2025-09-05,106.23999786376953,104.9269027709961
2025-09-08,106.08000183105469,104.76888275146484
2025-09-09,106.28500366210938,104.97135162353516
2025-09-10,106.55500030517578,105.2380142211914
2025-09-11,106.66999816894531,105.35159301757812
2025-09-12,106.38500213623047,105.07011413574219
2025-09-15,106.44999694824219,105.13430786132812
2025-09-16,106.69499969482422,105.37628173828125
2025-09-17,107.04000091552734,105.7170181274414
2025-09-18,107.04499816894531,105.72195434570312
2025-09-19,107.05000305175781,105.72689056396484
2025-09-22,107.07499694824219,105.75157928466797
2025-09-23,106.69999694824219,105.38121032714844
2025-09-24,106.7249984741211,105.4059066772461
2025-09-25,106.91999816894531,105.59850311279297
2025-09-26,107.1500015258789,105.82565307617188
2025-09-29,107.1050033569336,105.78121948242188
2025-09-30,106.79000091552734,105.47010803222656
2025-10-01,106.70500183105469,105.38616180419922
2025-10-02,106.68000030517578,105.36146545410156
2025-10-03,106.24500274658203,104.93184661865234
2025-10-06,106.2750015258789,104.96147155761719
2025-10-07,106.40499877929688,105.0898666381836
2025-10-08,106.44999694824219,105.13430786132812
2025-10-09,106.51499938964844,105.19850158691406
2025-10-10,106.80000305175781,105.47998046875
2025-10-13,106.91000366210938,105.58863067626953
2025-10-14,107.06999969482422,105.74665069580078
2025-10-15,107.29499816894531,105.96886444091797
2025-10-16,107.37999725341797,106.05281066894531
2025-10-17,107.33999633789062,106.0133056640625
2025-10-20,107.33499908447266,106.00837707519531
2025-10-21,107.40499877929688,106.07750701904297
2025-10-22,107.37999725341797,106.05281066894531
2025-10-23,107.5999984741211,106.27008819580078
2025-10-27,107.48999786376953,106.16145324707031
2025-10-28,107.55999755859375,106.2305908203125
2025-10-29,107.53500366210938,106.2059097290039
2025-10-30,107.56999969482422,106.24047088623047
2025-10-31,107.55999755859375,106.2305908203125
2025-11-03,107.71499633789062,106.3836669921875
2025-11-04,107.83999633789062,106.50712585449219
2025-11-05,107.62000274658203,106.28985595703125
2025-11-06,107.66999816894531,106.3392333984375
2025-11-07,107.5,106.17132568359375
2025-11-10,107.6050033569336,106.27503967285156
2025-11-11,107.3550033569336,106.02812957763672
2025-11-12,107.1500015258789,105.82565307617188
2025-11-13,107.16999816894531,105.84541320800781
2025-11-14,107.18000030517578,105.85528564453125
2025-11-17,107.34500122070312,106.01824951171875
2025-11-18,107.25,105.9244155883789
2025-11-19,107.4000015258789,106.07256317138672
2025-11-20,107.05999755859375,105.73677062988281
2025-11-21,107.26499938964844,105.9392318725586
2025-11-24,107.16000366210938,105.83554077148438
2025-11-25,107.44999694824219,106.12194061279297
2025-11-26,107.3550033569336,106.02812957763672
2025-11-27,107.25,105.9244155883789
2025-11-28,107.18000030517578,105.85528564453125
2025-12-01,107.08000183105469,105.75652313232422
2025-12-02,107.23500061035156,105.90961456298828
2025-12-03,107.2249984741211,105.89972686767578
2025-12-04,107.33499908447266,106.00837707519531
2025-12-05,107.0999984741211,105.7762680053711
2025-12-08,106.17500305175781,104.86270904541016
2025-12-09,106.04499816894531,104.73431396484375
2025-12-10,106.1500015258789,104.83802032470703
2025-12-11,105.69999694824219,104.3935775756836
2025-12-12,105.33999633789062,104.03802490234375
2025-12-15,105.71499633789062,104.40838623046875
2025-12-16,105.66999816894531,104.36395263671875
2025-12-17,105.69999694824219,104.3935775756836
2025-12-18,105.625,104.31950378417969
2025-12-19,105.20999908447266,103.90962982177734
2025-12-22,105.3949966430664,104.09234619140625
2025-12-23,105.55000305175781,104.24543762207031
2025-12-29,105.66000366210938,104.35407257080078
2025-12-30,105.81999969482422,104.51210021972656
