date,close,adj_close
2014-12-01,217.13999938964844,217.13999938964844
2014-12-02,216.75999450683594,216.75999450683594
2014-12-03,216.75999450683594,216.75999450683594
2014-12-04,216.74000549316406,216.74000549316406
2014-12-05,216.5,216.5
2014-12-08,216.8800048828125,216.8800048828125
2014-12-09,217.35000610351562,217.35000610351562
2014-12-10,217.35000610351562,217.35000610351562
2014-12-11,217.30999755859375,217.30999755859375
2014-12-12,217.94000244140625,217.94000244140625
2014-12-15,218.0399932861328,218.0399932861328
2014-12-16,218.25,218.25
2014-12-17,218.22000122070312,218.22000122070312
2014-12-18,218.0,218.0
2014-12-19,218.0399932861328,218.0399932861328
2014-12-22,218.05999755859375,218.05999755859375
2014-12-23,217.9499969482422,217.9499969482422
2014-12-29,218.25,218.25
2014-12-30,218.38999938964844,218.38999938964844
2015-01-02,219.0399932861328,219.0399932861328
2015-01-05,219.24000549316406,219.24000549316406
2015-01-06,220.05999755859375,220.05999755859375
2015-01-07,219.9199981689453,219.9199981689453
2015-01-08,219.97999572753906,219.97999572753906
2015-01-09,221.69000244140625,221.69000244140625
2015-01-12,221.91000366210938,221.91000366210938
2015-01-13,222.16000366210938,222.16000366210938
2015-01-14,223.0800018310547,223.0800018310547
2015-01-15,223.10000610351562,223.10000610351562
2015-01-16,223.32000732421875,223.32000732421875
2015-01-19,223.58999633789062,223.58999633789062
2015-01-20,223.60000610351562,223.60000610351562
2015-01-21,223.3300018310547,223.3300018310547
2015-01-22,222.8800048828125,222.8800048828125
2015-01-23,223.5800018310547,223.5800018310547
2015-01-26,223.6199951171875,223.6199951171875
2015-01-27,223.82000732421875,223.82000732421875
2015-01-28,223.64999389648438,223.64999389648438
2015-01-29,223.99000549316406,223.99000549316406
2015-01-30,224.72000122070312,224.72000122070312
2015-02-02,224.5800018310547,224.5800018310547
2015-02-03,224.16000366210938,224.16000366210938
2015-02-04,223.44000244140625,223.44000244140625
2015-02-05,223.3800048828125,223.3800048828125
2015-02-06,222.69000244140625,222.69000244140625
2015-02-09,222.4600067138672,222.4600067138672
2015-02-10,221.97000122070312,221.97000122070312
2015-02-11,221.8800048828125,221.8800048828125
2015-02-12,222.02000427246094,222.02000427246094
2015-02-13,221.85000610351562,221.85000610351562
2015-02-16,221.3300018310547,221.3300018310547
2015-02-17,221.22999572753906,221.22999572753906
2015-02-18,220.9499969482422,220.9499969482422
2015-02-19,221.2100067138672,221.2100067138672
2015-02-20,221.3800048828125,221.3800048828125
2015-02-23,221.42999267578125,221.42999267578125
2015-02-24,221.8800048828125,221.8800048828125
2015-02-25,222.55999755859375,222.55999755859375
2015-02-26,222.7899932861328,222.7899932861328
2015-02-27,222.4499969482422,222.4499969482422
2015-03-02,222.2899932861328,222.2899932861328
2015-03-03,221.4199981689453,221.4199981689453
2015-03-04,221.44000244140625,221.44000244140625
2015-03-05,221.47000122070312,221.47000122070312
2015-03-06,220.77000427246094,220.77000427246094
2015-03-09,221.1199951171875,221.1199951171875
2015-03-10,221.91000366210938,221.91000366210938
2015-03-11,222.27000427246094,222.27000427246094
2015-03-12,222.72000122070312,222.72000122070312
2015-03-13,222.74000549316406,222.74000549316406
2015-03-16,222.77000427246094,222.77000427246094
2015-03-17,222.77000427246094,222.77000427246094
2015-03-18,223.36000061035156,223.36000061035156
2015-03-19,224.1300048828125,224.1300048828125
2015-03-20,224.41000366210938,224.41000366210938
2015-03-23,224.2899932861328,224.2899932861328
2015-03-24,224.32000732421875,224.32000732421875
2015-03-25,224.4199981689453,224.4199981689453
2015-03-26,224.0399932861328,224.0399932861328
2015-03-27,224.05999755859375,224.05999755859375
2015-03-30,223.77999877929688,223.77999877929688
2015-03-31,224.02999877929688,224.02999877929688
2015-04-01,224.6999969482422,224.6999969482422
2015-04-02,224.5,224.5
2015-04-07,224.38999938964844,224.38999938964844
2015-04-08,224.22000122070312,224.22000122070312
2015-04-09,224.13999938964844,224.13999938964844
2015-04-10,224.1699981689453,224.1699981689453
2015-04-13,224.07000732421875,224.07000732421875
2015-04-14,224.80999755859375,224.80999755859375
2015-04-15,224.7899932861328,224.7899932861328
2015-04-16,224.4600067138672,224.4600067138672
2015-04-17,224.49000549316406,224.49000549316406
2015-04-20,224.57000732421875,224.57000732421875
2015-04-21,224.4199981689453,224.4199981689453
2015-04-22,223.97000122070312,223.97000122070312
2015-04-23,223.7899932861328,223.7899932861328
2015-04-24,223.77000427246094,223.77000427246094
2015-04-27,223.39999389648438,223.39999389648438
2015-04-28,223.4499969482422,223.4499969482422
2015-04-29,222.27389526367188,222.27389526367188
2015-04-30,221.77999877929688,221.77999877929688
2015-05-04,221.67999267578125,221.67999267578125
2015-05-05,220.32000732421875,220.32000732421875
2015-05-06,219.83999633789062,219.83999633789062
2015-05-07,219.74000549316406,219.74000549316406
2015-05-08,220.69000244140625,220.69000244140625
2015-05-11,219.85000610351562,219.85000610351562
2015-05-12,219.07000732421875,219.07000732421875
2015-05-13,218.89999389648438,218.89999389648438
2015-05-14,218.9499969482422,218.9499969482422
2015-05-15,218.0,218.0
2015-05-18,219.5399932861328,219.5399932861328
2015-05-19,220.80999755859375,220.80999755859375
2015-05-20,219.3699951171875,219.3699951171875
2015-05-21,219.47000122070312,219.47000122070312
2015-05-22,219.55999755859375,219.55999755859375
2015-05-26,219.80999755859375,219.80999755859375
2015-05-27,220.02000427246094,220.02000427246094
2015-05-28,220.17999267578125,220.17999267578125
2015-05-29,220.63999938964844,220.63999938964844
2015-06-01,220.13999938964844,220.13999938964844
2015-06-02,219.2899932861328,219.2899932861328
2015-06-03,217.80999755859375,217.80999755859375
2015-06-04,218.00999450683594,218.00999450683594
2015-06-05,217.57000732421875,217.57000732421875
2015-06-08,217.52999877929688,217.52999877929688
2015-06-09,216.94000244140625,216.94000244140625
2015-06-10,216.38999938964844,216.38999938964844
2015-06-11,217.13999938964844,217.13999938964844
2015-06-12,217.63999938964844,217.63999938964844
2015-06-15,217.27999877929688,217.27999877929688
2015-06-16,217.36000061035156,217.36000061035156
2015-06-17,217.36000061035156,217.36000061035156
2015-06-18,217.69000244140625,217.69000244140625
2015-06-19,218.19000244140625,218.19000244140625
2015-06-22,217.69000244140625,217.69000244140625
2015-06-23,217.57000732421875,217.57000732421875
2015-06-24,217.4600067138672,217.4600067138672
2015-06-25,217.30999755859375,217.30999755859375
2015-06-26,216.89999389648438,216.89999389648438
2015-06-29,217.5,217.5
2015-06-30,217.88999938964844,217.88999938964844
2015-07-01,217.11000061035156,217.11000061035156
2015-07-02,217.22000122070312,217.22000122070312
2015-07-03,217.7899932861328,217.7899932861328
2015-07-06,217.88999938964844,217.88999938964844
2015-07-07,218.86000061035156,218.86000061035156
2015-07-08,218.7100067138672,218.7100067138672
2015-07-09,218.55999755859375,218.55999755859375
2015-07-10,217.64999389648438,217.64999389648438
2015-07-13,217.30999755859375,217.30999755859375
2015-07-14,217.39999389648438,217.39999389648438
2015-07-15,217.91000366210938,217.91000366210938
2015-07-16,218.05999755859375,218.05999755859375
2015-07-17,218.5399932861328,218.5399932861328
2015-07-20,218.50999450683594,218.50999450683594
2015-07-21,218.47000122070312,218.47000122070312
2015-07-22,218.94000244140625,218.94000244140625
2015-07-23,219.07000732421875,219.07000732421875
2015-07-24,219.72000122070312,219.72000122070312
2015-07-27,219.8800048828125,219.8800048828125
2015-07-28,219.85000610351562,219.85000610351562
2015-07-29,219.5,219.5
2015-07-30,219.7899932861328,219.7899932861328
2015-07-31,220.49000549316406,220.49000549316406
2015-08-03,220.52999877929688,220.52999877929688
2015-08-04,220.75,220.75
2015-08-05,219.47000122070312,219.47000122070312
2015-08-06,220.02999877929688,220.02999877929688
2015-08-07,220.5399932861328,220.5399932861328
2015-08-10,220.1699981689453,220.1699981689453
2015-08-11,221.0,221.0
2015-08-12,221.25999450683594,221.25999450683594
2015-08-13,220.7899932861328,220.7899932861328
2015-08-14,220.47000122070312,220.47000122070312
2015-08-17,220.85000610351562,220.85000610351562
2015-08-18,220.77000427246094,220.77000427246094
2015-08-19,220.7100067138672,220.7100067138672
2015-08-20,220.97000122070312,220.97000122070312
2015-08-21,221.5800018310547,221.5800018310547
2015-08-24,221.58999633789062,221.58999633789062
2015-08-25,220.60000610351562,220.60000610351562
2015-08-26,220.30999755859375,220.30999755859375
2015-08-27,219.97000122070312,219.97000122070312
2015-08-28,220.1999969482422,220.1999969482422
2015-08-31,219.88999938964844,219.88999938964844
2015-09-01,219.77999877929688,219.77999877929688
2015-09-02,219.7899932861328,219.7899932861328
2015-09-03,220.0800018310547,220.0800018310547
2015-09-04,220.64999389648438,220.64999389648438
2015-09-07,220.6699981689453,220.6699981689453
2015-09-08,220.5399932861328,220.5399932861328
2015-09-09,220.22000122070312,220.22000122070312
2015-09-10,220.33999633789062,220.33999633789062
2015-09-11,220.6999969482422,220.6999969482422
2015-09-14,220.5399932861328,220.5399932861328
2015-09-15,219.97999572753906,219.97999572753906
2015-09-16,219.5800018310547,219.5800018310547
2015-09-17,219.52999877929688,219.52999877929688
2015-09-18,220.7899932861328,220.7899932861328
2015-09-21,220.61000061035156,220.61000061035156
2015-09-22,221.25999450683594,221.25999450683594
2015-09-23,221.2100067138672,221.2100067138672
2015-09-24,221.6199951171875,221.6199951171875
2015-09-25,220.8699951171875,220.8699951171875
2015-09-28,221.39999389648438,221.39999389648438
2015-09-29,221.75,221.75
2015-09-30,221.7100067138672,221.7100067138672
2015-10-01,222.10000610351562,222.10000610351562
2015-10-02,222.66000366210938,222.66000366210938
2015-10-05,222.08999633789062,222.08999633789062
2015-10-06,221.52999877929688,221.52999877929688
2015-10-07,221.72000122070312,221.72000122070312
2015-10-08,221.6699981689453,221.6699981689453
2015-10-09,221.3699951171875,221.3699951171875
2015-10-12,221.8000030517578,221.8000030517578
2015-10-13,221.72999572753906,221.72999572753906
2015-10-14,222.39999389648438,222.39999389648438
2015-10-15,222.22999572753906,222.22999572753906
2015-10-16,221.8800048828125,221.8800048828125
2015-10-19,221.9199981689453,221.9199981689453
2015-10-20,221.60000610351562,221.60000610351562
2015-10-21,222.0800018310547,222.0800018310547
2015-10-22,222.49000549316406,222.49000549316406
2015-10-23,222.13999938964844,222.13999938964844
2015-10-26,222.1999969482422,222.1999969482422
2015-10-27,222.92999267578125,222.92999267578125
2015-10-28,222.77000427246094,222.77000427246094
2015-10-29,221.8300018310547,221.8300018310547
2015-10-30,221.83999633789062,221.83999633789062
2015-11-02,221.50999450683594,221.50999450683594
2015-11-03,221.1999969482422,221.1999969482422
2015-11-04,220.85000610351562,220.85000610351562
2015-11-05,220.69000244140625,220.69000244140625
2015-11-06,219.88999938964844,219.88999938964844
2015-11-09,219.7899932861328,219.7899932861328
2015-11-10,220.49000549316406,220.49000549316406
2015-11-11,220.22999572753906,220.22999572753906
2015-11-12,220.52999877929688,220.52999877929688
2015-11-13,220.75999450683594,220.75999450683594
2015-11-16,220.97000122070312,220.97000122070312
2015-11-17,220.72999572753906,220.72999572753906
2015-11-18,221.00999450683594,221.00999450683594
2015-11-19,221.4499969482422,221.4499969482422
2015-11-20,221.50999450683594,221.50999450683594
2015-11-23,221.22000122070312,221.22000122070312
2015-11-24,221.36000061035156,221.36000061035156
2015-11-25,221.6300048828125,221.6300048828125
2015-11-26,221.8000030517578,221.8000030517578
2015-11-27,221.91000366210938,221.91000366210938
2015-11-30,221.66000366210938,221.66000366210938
2015-12-01,222.1999969482422,222.1999969482422
2015-12-02,222.25,222.25
2015-12-03,220.42999267578125,220.42999267578125
2015-12-04,220.58999633789062,220.58999633789062
2015-12-07,221.5500030517578,221.5500030517578
2015-12-08,221.75,221.75
2015-12-09,221.35000610351562,221.35000610351562
2015-12-10,221.5800018310547,221.5800018310547
2015-12-11,222.07000732421875,222.07000732421875
2015-12-14,221.8800048828125,221.8800048828125
2015-12-15,221.0500030517578,221.0500030517578
2015-12-16,220.72999572753906,220.72999572753906
2015-12-17,221.36000061035156,221.36000061035156
2015-12-18,221.91000366210938,221.91000366210938
2015-12-21,221.97000122070312,221.97000122070312
2015-12-22,221.47999572753906,221.47999572753906
2015-12-23,221.0500030517578,221.0500030517578
2015-12-28,221.55999755859375,221.55999755859375
2015-12-29,221.1999969482422,221.1999969482422
2015-12-30,220.8800048828125,220.8800048828125
2016-01-04,221.72999572753906,221.72999572753906
2016-01-05,221.6999969482422,221.6999969482422
2016-01-06,222.2100067138672,222.2100067138672
2016-01-07,222.07000732421875,222.07000732421875
2016-01-08,222.6699981689453,222.6699981689453
2016-01-11,222.4199981689453,222.4199981689453
2016-01-12,222.6199951171875,222.6199951171875
2016-01-13,222.8800048828125,222.8800048828125
2016-01-14,223.0399932861328,223.0399932861328
2016-01-15,223.5500030517578,223.5500030517578
2016-01-18,223.33999633789062,223.33999633789062
2016-01-19,223.22999572753906,223.22999572753906
2016-01-20,223.83999633789062,223.83999633789062
2016-01-21,223.92999267578125,223.92999267578125
2016-01-22,223.52999877929688,223.52999877929688
2016-01-25,223.74000549316406,223.74000549316406
2016-01-26,223.7899932861328,223.7899932861328
2016-01-27,223.85000610351562,223.85000610351562
2016-01-28,224.1999969482422,224.1999969482422
2016-01-29,225.49000549316406,225.49000549316406
2016-02-01,225.10000610351562,225.10000610351562
2016-02-02,225.9199981689453,225.9199981689453
2016-02-03,226.1699981689453,226.1699981689453
2016-02-04,226.13999938964844,226.13999938964844
2016-02-05,226.1199951171875,226.1199951171875
2016-02-08,226.8300018310547,226.8300018310547
2016-02-09,227.1199951171875,227.1199951171875
2016-02-10,226.94000244140625,226.94000244140625
2016-02-11,227.97000122070312,227.97000122070312
2016-02-12,226.72000122070312,226.72000122070312
2016-02-15,226.4600067138672,226.4600067138672
2016-02-16,226.5399932861328,226.5399932861328
2016-02-17,225.99000549316406,225.99000549316406
2016-02-18,226.77999877929688,226.77999877929688
2016-02-19,227.0399932861328,227.0399932861328
2016-02-22,227.17999267578125,227.17999267578125
2016-02-23,227.41000366210938,227.41000366210938
2016-02-24,228.0500030517578,228.0500030517578
2016-02-25,228.0399932861328,228.0399932861328
2016-02-26,227.80999755859375,227.80999755859375
2016-02-29,228.1300048828125,228.1300048828125
2016-03-01,227.67999267578125,227.67999267578125
2016-03-02,227.11000061035156,227.11000061035156
2016-03-03,227.27999877929688,227.27999877929688
2016-03-04,227.08999633789062,227.08999633789062
2016-03-07,227.2899932861328,227.2899932861328
2016-03-08,228.19000244140625,228.19000244140625
2016-03-09,227.77999877929688,227.77999877929688
2016-03-10,226.8800048828125,226.8800048828125
2016-03-11,226.77999877929688,226.77999877929688
2016-03-14,226.9499969482422,226.9499969482422
2016-03-15,226.75,226.75
2016-03-16,227.02999877929688,227.02999877929688
2016-03-17,227.88999938964844,227.88999938964844
2016-03-18,227.8300018310547,227.8300018310547
2016-03-21,228.44000244140625,228.44000244140625
2016-03-22,230.67999267578125,230.67999267578125
2016-03-23,228.6199951171875,228.6199951171875
2016-03-24,229.47000122070312,229.47000122070312
2016-03-29,228.7899932861328,228.7899932861328
2016-03-30,228.9499969482422,228.9499969482422
2016-03-31,229.11000061035156,229.11000061035156
2016-04-01,227.91000366210938,227.91000366210938
2016-04-04,229.57000732421875,229.57000732421875
2016-04-05,229.86000061035156,229.86000061035156
2016-04-06,229.72000122070312,229.72000122070312
2016-04-07,230.83999633789062,230.83999633789062
2016-04-08,229.94000244140625,229.94000244140625
2016-04-11,229.8300018310547,229.8300018310547
2016-04-12,229.5,229.5
2016-04-13,229.58999633789062,229.58999633789062
2016-04-14,229.3000030517578,229.3000030517578
2016-04-15,229.55999755859375,229.55999755859375
2016-04-18,229.52000427246094,229.52000427246094
2016-04-19,229.24000549316406,229.24000549316406
2016-04-20,229.57000732421875,229.57000732421875
2016-04-21,228.72000122070312,228.72000122070312
2016-04-22,228.67999267578125,228.67999267578125
2016-04-25,228.11000061035156,228.11000061035156
2016-04-26,227.8699951171875,227.8699951171875
2016-04-27,227.8800048828125,227.8800048828125
2016-04-28,228.3300018310547,228.3300018310547
2016-04-29,228.44000244140625,228.44000244140625
2016-05-02,228.63999938964844,228.63999938964844
2016-05-03,229.14999389648438,229.14999389648438
2016-05-04,229.00999450683594,229.00999450683594
2016-05-05,229.7100067138672,229.7100067138672
2016-05-06,229.75999450683594,229.75999450683594
2016-05-09,229.92999267578125,229.92999267578125
2016-05-10,229.89999389648438,229.89999389648438
2016-05-11,229.94000244140625,229.94000244140625
2016-05-12,229.8699951171875,229.8699951171875
2016-05-13,229.83999633789062,229.83999633789062
2016-05-17,229.77999877929688,229.77999877929688
2016-05-18,229.16000366210938,229.16000366210938
2016-05-19,228.72000122070312,228.72000122070312
2016-05-20,229.00999450683594,229.00999450683594
2016-05-23,228.97000122070312,228.97000122070312
2016-05-24,228.97999572753906,228.97999572753906
2016-05-25,229.2899932861328,229.2899932861328
2016-05-26,229.47000122070312,229.47000122070312
2016-05-27,229.50999450683594,229.50999450683594
2016-05-30,229.27000427246094,229.27000427246094
2016-05-31,229.25,229.25
2016-06-01,229.80999755859375,229.80999755859375
2016-06-02,229.97000122070312,229.97000122070312
2016-06-03,230.75999450683594,230.75999450683594
2016-06-06,230.5,230.5
2016-06-07,230.63999938964844,230.63999938964844
2016-06-08,230.94000244140625,230.94000244140625
2016-06-09,231.3300018310547,231.3300018310547
2016-06-10,231.75999450683594,231.75999450683594
2016-06-13,231.6699981689453,231.6699981689453
2016-06-14,232.07000732421875,232.07000732421875
2016-06-15,232.4600067138672,232.4600067138672
2016-06-16,232.5800018310547,232.5800018310547
2016-06-17,232.4600067138672,232.4600067138672
2016-06-20,231.75999450683594,231.75999450683594
2016-06-21,231.57000732421875,231.57000732421875
2016-06-22,231.24000549316406,231.24000549316406
2016-06-23,230.77999877929688,230.77999877929688
2016-06-24,232.64999389648438,232.64999389648438
2016-06-27,234.1199951171875,234.1199951171875
2016-06-28,234.60000610351562,234.60000610351562
2016-06-29,235.42999267578125,235.42999267578125
2016-06-30,235.3699951171875,235.3699951171875
2016-07-01,235.5,235.5
2016-07-04,235.5,235.5
2016-07-05,236.0399932861328,236.0399932861328
2016-07-06,236.19000244140625,236.19000244140625
2016-07-07,235.9600067138672,235.9600067138672
2016-07-08,236.17999267578125,236.17999267578125
2016-07-11,235.88999938964844,235.88999938964844
2016-07-12,235.19000244140625,235.19000244140625
2016-07-13,235.52999877929688,235.52999877929688
2016-07-14,234.99000549316406,234.99000549316406
2016-07-15,234.3300018310547,234.3300018310547
2016-07-18,234.16000366210938,234.16000366210938
2016-07-19,234.35000610351562,234.35000610351562
2016-07-20,234.0,234.0
2016-07-21,233.9600067138672,233.9600067138672
2016-07-22,233.75,233.75
2016-07-25,233.99000549316406,233.99000549316406
2016-07-26,234.05999755859375,234.05999755859375
2016-07-27,234.77999877929688,234.77999877929688
2016-07-28,234.85000610351562,234.85000610351562
2016-07-29,235.05999755859375,235.05999755859375
2016-08-01,234.8000030517578,234.8000030517578
2016-08-02,233.94000244140625,233.94000244140625
2016-08-03,233.6199951171875,233.6199951171875
2016-08-04,234.47000122070312,234.47000122070312
2016-08-05,233.8300018310547,233.8300018310547
2016-08-08,233.83999633789062,233.83999633789062
2016-08-09,234.13999938964844,234.13999938964844
2016-08-10,234.69000244140625,234.69000244140625
2016-08-11,234.75,234.75
2016-08-12,234.91000366210938,234.91000366210938
2016-08-15,234.41000366210938,234.41000366210938
2016-08-16,233.99000549316406,233.99000549316406
2016-08-17,234.1699981689453,234.1699981689453
2016-08-18,234.44000244140625,234.44000244140625
2016-08-19,233.8699951171875,233.8699951171875
2016-08-22,235.13999938964844,235.13999938964844
2016-08-23,234.47999572753906,234.47999572753906
2016-08-24,234.42999267578125,234.42999267578125
2016-08-25,234.39999389648438,234.39999389648438
2016-08-26,234.41000366210938,234.41000366210938
2016-08-29,234.19000244140625,234.19000244140625
2016-08-30,234.2899932861328,234.2899932861328
2016-08-31,233.91000366210938,233.91000366210938
2016-09-01,233.77999877929688,233.77999877929688
2016-09-02,233.27999877929688,233.27999877929688
2016-09-05,233.1699981689453,233.1699981689453
2016-09-06,233.5500030517578,233.5500030517578
2016-09-07,234.13999938964844,234.13999938964844
2016-09-08,233.27999877929688,233.27999877929688
2016-09-09,232.27000427246094,232.27000427246094
2016-09-12,231.82000732421875,231.82000732421875
2016-09-13,231.6999969482422,231.6999969482422
2016-09-14,231.77000427246094,231.77000427246094
2016-09-15,231.55999755859375,231.55999755859375
2016-09-16,231.6199951171875,231.6199951171875
2016-09-19,231.63999938964844,231.63999938964844
2016-09-20,232.17999267578125,232.17999267578125
2016-09-21,231.6999969482422,231.6999969482422
2016-09-22,232.92999267578125,232.92999267578125
2016-09-23,232.9499969482422,232.9499969482422
2016-09-26,233.47000122070312,233.47000122070312
2016-09-27,233.74000549316406,233.74000549316406
2016-09-28,233.8800048828125,233.8800048828125
2016-09-29,233.5399932861328,233.5399932861328
2016-09-30,233.41000366210938,233.41000366210938
2016-10-04,232.97999572753906,232.97999572753906
2016-10-05,232.0399932861328,232.0399932861328
2016-10-06,231.88999938964844,231.88999938964844
2016-10-07,231.36000061035156,231.36000061035156
2016-10-10,231.0500030517578,231.0500030517578
2016-10-11,231.35000610351562,231.35000610351562
2016-10-12,230.92999267578125,230.92999267578125
2016-10-13,231.25,231.25
2016-10-14,231.11000061035156,231.11000061035156
2016-10-17,230.9600067138672,230.9600067138672
2016-10-18,231.13999938964844,231.13999938964844
2016-10-19,231.32000732421875,231.32000732421875
2016-10-20,231.3800048828125,231.3800048828125
2016-10-21,231.36000061035156,231.36000061035156
2016-10-24,231.1300048828125,231.1300048828125
2016-10-25,231.25999450683594,231.25999450683594
2016-10-26,230.72000122070312,230.72000122070312
2016-10-27,229.89999389648438,229.89999389648438
2016-10-28,229.75,229.75
2016-10-31,229.8800048828125,229.8800048828125
2016-11-01,229.57000732421875,229.57000732421875
2016-11-02,230.2899932861328,230.2899932861328
2016-11-03,230.11000061035156,230.11000061035156
2016-11-04,230.44000244140625,230.44000244140625
2016-11-07,230.14999389648438,230.14999389648438
2016-11-08,229.8000030517578,229.8000030517578
2016-11-09,229.1699981689453,229.1699981689453
2016-11-10,227.35000610351562,227.35000610351562
2016-11-11,226.9600067138672,226.9600067138672
2016-11-14,226.3699951171875,226.3699951171875
2016-11-15,226.50999450683594,226.50999450683594
2016-11-16,226.24000549316406,226.24000549316406
2016-11-17,226.27000427246094,226.27000427246094
2016-11-18,225.64999389648438,225.64999389648438
2016-11-21,225.82000732421875,225.82000732421875
2016-11-22,225.97000122070312,225.97000122070312
2016-11-23,224.99000549316406,224.99000549316406
2016-11-24,225.38999938964844,225.38999938964844
2016-11-25,225.3300018310547,225.3300018310547
2016-11-28,225.83999633789062,225.83999633789062
2016-11-29,225.8800048828125,225.8800048828125
2016-11-30,225.6300048828125,225.6300048828125
2016-12-01,224.27000427246094,224.27000427246094
2016-12-02,225.69000244140625,225.69000244140625
2016-12-05,225.1699981689453,225.1699981689453
2016-12-06,225.25999450683594,225.25999450683594
2016-12-07,225.60000610351562,225.60000610351562
2016-12-08,225.13999938964844,225.13999938964844
2016-12-09,225.14999389648438,225.14999389648438
2016-12-12,224.47999572753906,224.47999572753906
2016-12-13,224.75999450683594,224.75999450683594
2016-12-14,225.27000427246094,225.27000427246094
2016-12-15,223.47999572753906,223.47999572753906
2016-12-16,224.5399932861328,224.5399932861328
2016-12-19,224.58999633789062,224.58999633789062
2016-12-20,224.97999572753906,224.97999572753906
2016-12-21,225.3300018310547,225.3300018310547
2016-12-22,225.2899932861328,225.2899932861328
2016-12-23,225.36000061035156,225.36000061035156
2016-12-27,225.36000061035156,225.36000061035156
2016-12-28,225.50999450683594,225.50999450683594
2016-12-29,225.99000549316406,225.99000549316406
2016-12-30,225.91000366210938,225.91000366210938
2017-01-02,226.07000732421875,226.07000732421875
2017-01-03,225.44000244140625,225.44000244140625
2017-01-04,225.27999877929688,225.27999877929688
2017-01-05,225.5,225.5
2017-01-06,225.1300048828125,225.1300048828125
2017-01-09,225.2899932861328,225.2899932861328
2017-01-10,225.35000610351562,225.35000610351562
2017-01-11,225.6300048828125,225.6300048828125
2017-01-12,225.67999267578125,225.67999267578125
2017-01-13,224.97999572753906,224.97999572753906
2017-01-16,225.33999633789062,225.33999633789062
2017-01-17,225.85000610351562,225.85000610351562
2017-01-18,225.25,225.25
2017-01-19,224.0399932861328,224.0399932861328
2017-01-20,223.94000244140625,223.94000244140625
2017-01-23,224.83999633789062,224.83999633789062
2017-01-24,224.5500030517578,224.5500030517578
2017-01-25,223.77999877929688,223.77999877929688
2017-01-26,223.3699951171875,223.3699951171875
2017-01-27,223.61000061035156,223.61000061035156
2017-01-30,223.7899932861328,223.7899932861328
2017-01-31,223.9600067138672,223.9600067138672
2017-02-01,223.38999938964844,223.38999938964844
2017-02-02,223.8699951171875,223.8699951171875
2017-02-03,223.8000030517578,223.8000030517578
2017-02-06,223.63999938964844,223.63999938964844
2017-02-07,223.9199981689453,223.9199981689453
2017-02-08,224.57000732421875,224.57000732421875
2017-02-09,224.49000549316406,224.49000549316406
2017-02-10,224.13999938964844,224.13999938964844
2017-02-13,224.07000732421875,224.07000732421875
2017-02-14,223.66000366210938,223.66000366210938
2017-02-15,223.47000122070312,223.47000122070312
2017-02-16,223.99000549316406,223.99000549316406
2017-02-17,224.2100067138672,224.2100067138672
2017-02-20,224.11000061035156,224.11000061035156
2017-02-21,223.97999572753906,223.97999572753906
2017-02-22,224.17999267578125,224.17999267578125
2017-02-23,224.5800018310547,224.5800018310547
2017-02-24,225.4499969482422,225.4499969482422
2017-02-27,225.2899932861328,225.2899932861328
2017-02-28,225.52000427246094,225.52000427246094
2017-03-01,224.02000427246094,224.02000427246094
2017-03-02,224.25999450683594,224.25999450683594
2017-03-03,224.13999938964844,224.13999938964844
2017-03-06,224.24000549316406,224.24000549316406
2017-03-07,224.14999389648438,224.14999389648438
2017-03-08,223.6199951171875,223.6199951171875
2017-03-09,223.3000030517578,223.3000030517578
2017-03-10,222.97000122070312,222.97000122070312
2017-03-13,223.05999755859375,223.05999755859375
2017-03-14,223.11000061035156,223.11000061035156
2017-03-15,223.3699951171875,223.3699951171875
2017-03-16,223.27999877929688,223.27999877929688
2017-03-17,223.60000610351562,223.60000610351562
2017-03-20,223.77999877929688,223.77999877929688
2017-03-21,224.0,224.0
2017-03-22,224.60000610351562,224.60000610351562
2017-03-23,224.3699951171875,224.3699951171875
2017-03-24,224.61000061035156,224.61000061035156
2017-03-27,224.82000732421875,224.82000732421875
2017-03-28,224.9199981689453,224.9199981689453
2017-03-29,225.0500030517578,225.0500030517578
2017-03-30,224.97000122070312,224.97000122070312
2017-03-31,224.9199981689453,224.9199981689453
2017-04-03,225.3300018310547,225.3300018310547
2017-04-04,225.39999389648438,225.39999389648438
2017-04-05,225.35000610351562,225.35000610351562
2017-04-06,224.97999572753906,224.97999572753906
2017-04-07,225.50999450683594,225.50999450683594
2017-04-10,225.52999877929688,225.52999877929688
2017-04-11,225.8000030517578,225.8000030517578
2017-04-12,226.0500030517578,226.0500030517578
2017-04-13,226.25,226.25
2017-04-18,226.5399932861328,226.5399932861328
2017-04-19,226.52000427246094,226.52000427246094
2017-04-20,226.3699951171875,226.3699951171875
2017-04-21,226.49000549316406,226.49000549316406
2017-04-24,226.25999450683594,226.25999450683594
2017-04-25,225.52999877929688,225.52999877929688
2017-04-26,225.64999389648438,225.64999389648438
2017-04-27,225.91000366210938,225.91000366210938
2017-04-28,225.8000030517578,225.8000030517578
2017-05-02,225.72000122070312,225.72000122070312
2017-05-03,225.86000061035156,225.86000061035156
2017-05-04,225.39999389648438,225.39999389648438
2017-05-05,225.52000427246094,225.52000427246094
2017-05-08,225.22999572753906,225.22999572753906
2017-05-09,224.9600067138672,224.9600067138672
2017-05-10,225.07000732421875,225.07000732421875
2017-05-11,224.8000030517578,224.8000030517578
2017-05-12,225.41000366210938,225.41000366210938
2017-05-15,224.8800048828125,224.8800048828125
2017-05-16,225.16000366210938,225.16000366210938
2017-05-17,225.9499969482422,225.9499969482422
2017-05-18,226.07000732421875,226.07000732421875
2017-05-19,226.07000732421875,226.07000732421875
2017-05-22,225.94000244140625,225.94000244140625
2017-05-23,226.02000427246094,226.02000427246094
2017-05-24,225.7100067138672,225.7100067138672
2017-05-25,226.25999450683594,226.25999450683594
2017-05-26,225.80999755859375,225.80999755859375
2017-05-29,225.1999969482422,225.1999969482422
2017-05-30,226.5399932861328,226.5399932861328
2017-05-31,226.64999389648438,226.64999389648438
2017-06-01,226.16000366210938,226.16000366210938
2017-06-02,226.9600067138672,226.9600067138672
2017-06-06,227.36000061035156,227.36000061035156
2017-06-07,226.66000366210938,226.66000366210938
2017-06-08,226.1300048828125,226.1300048828125
2017-06-09,226.39999389648438,226.39999389648438
2017-06-12,226.57000732421875,226.57000732421875
2017-06-13,226.72000122070312,226.72000122070312
2017-06-14,227.72000122070312,227.72000122070312
2017-06-15,227.24000549316406,227.24000549316406
2017-06-16,227.3699951171875,227.3699951171875
2017-06-19,226.85000610351562,226.85000610351562
2017-06-20,227.1699981689453,227.1699981689453
2017-06-21,227.3800048828125,227.3800048828125
2017-06-22,227.38999938964844,227.38999938964844
2017-06-23,227.58999633789062,227.58999633789062
2017-06-26,227.74000549316406,227.74000549316406
2017-06-27,226.44000244140625,226.44000244140625
2017-06-28,226.77999877929688,226.77999877929688
2017-06-29,225.5800018310547,225.5800018310547
2017-06-30,225.24000549316406,225.24000549316406
2017-07-03,225.27999877929688,225.27999877929688
2017-07-04,224.72999572753906,224.72999572753906
2017-07-05,225.47999572753906,225.47999572753906
2017-07-06,224.27999877929688,224.27999877929688
2017-07-07,224.1300048828125,224.1300048828125
2017-07-10,224.6199951171875,224.6199951171875
2017-07-11,224.5399932861328,224.5399932861328
2017-07-12,225.11000061035156,225.11000061035156
2017-07-13,224.86000061035156,224.86000061035156
2017-07-14,224.82000732421875,224.82000732421875
2017-07-17,225.0399932861328,225.0399932861328
2017-07-18,225.6300048828125,225.6300048828125
2017-07-19,225.13999938964844,225.13999938964844
2017-07-20,225.47999572753906,225.47999572753906
2017-07-21,225.8000030517578,225.8000030517578
2017-07-24,225.2899932861328,225.2899932861328
2017-07-25,224.69000244140625,224.69000244140625
2017-07-26,224.8800048828125,224.8800048828125
2017-07-27,225.27000427246094,225.27000427246094
2017-07-28,225.35000610351562,225.35000610351562
2017-07-31,225.4600067138672,225.4600067138672
2017-08-01,225.89999389648438,225.89999389648438
2017-08-02,225.97000122070312,225.97000122070312
2017-08-03,226.11000061035156,226.11000061035156
2017-08-04,225.89999389648438,225.89999389648438
2017-08-07,225.9600067138672,225.9600067138672
2017-08-08,225.80999755859375,225.80999755859375
2017-08-09,226.52999877929688,226.52999877929688
2017-08-10,226.61000061035156,226.61000061035156
2017-08-11,227.22000122070312,227.22000122070312
2017-08-14,226.99000549316406,226.99000549316406
2017-08-15,226.61000061035156,226.61000061035156
2017-08-16,226.3800048828125,226.3800048828125
2017-08-17,226.52000427246094,226.52000427246094
2017-08-18,226.63999938964844,226.63999938964844
2017-08-21,226.8300018310547,226.8300018310547
2017-08-22,226.5500030517578,226.5500030517578
2017-08-23,226.97999572753906,226.97999572753906
2017-08-24,226.82000732421875,226.82000732421875
2017-08-25,226.82000732421875,226.82000732421875
2017-08-28,226.97000122070312,226.97000122070312
2017-08-29,226.83999633789062,226.83999633789062
2017-08-30,227.19000244140625,227.19000244140625
2017-08-31,227.3000030517578,227.3000030517578
2017-09-01,227.07000732421875,227.07000732421875
2017-09-04,227.14999389648438,227.14999389648438
2017-09-05,227.88999938964844,227.88999938964844
2017-09-06,227.5800018310547,227.5800018310547
2017-09-07,228.6699981689453,228.6699981689453
2017-09-08,227.74000549316406,227.74000549316406
2017-09-11,227.39999389648438,227.39999389648438
2017-09-12,226.75999450683594,226.75999450683594
2017-09-13,226.67999267578125,226.67999267578125
2017-09-14,226.3300018310547,226.3300018310547
2017-09-15,225.83999633789062,225.83999633789062
2017-09-18,225.8800048828125,225.8800048828125
2017-09-19,225.58999633789062,225.58999633789062
2017-09-20,226.19000244140625,226.19000244140625
2017-09-21,225.14999389648438,225.14999389648438
2017-09-22,225.6300048828125,225.6300048828125
2017-09-25,225.97000122070312,225.97000122070312
2017-09-26,225.83999633789062,225.83999633789062
2017-09-27,225.44000244140625,225.44000244140625
2017-09-28,225.1999969482422,225.1999969482422
2017-09-29,225.75999450683594,225.75999450683594
2017-10-02,225.57000732421875,225.57000732421875
2017-10-03,225.57000732421875,225.57000732421875
2017-10-04,224.75,224.75
2017-10-05,224.83999633789062,224.83999633789062
2017-10-06,225.0399932861328,225.0399932861328
2017-10-09,225.22999572753906,225.22999572753906
2017-10-10,225.08999633789062,225.08999633789062
2017-10-11,225.0500030517578,225.0500030517578
2017-10-12,225.1699981689453,225.1699981689453
2017-10-13,225.72999572753906,225.72999572753906
2017-10-16,225.9600067138672,225.9600067138672
2017-10-17,226.2899932861328,226.2899932861328
2017-10-18,225.67999267578125,225.67999267578125
2017-10-19,225.64999389648438,225.64999389648438
2017-10-20,225.32000732421875,225.32000732421875
2017-10-23,225.5500030517578,225.5500030517578
2017-10-24,225.13999938964844,225.13999938964844
2017-10-25,224.94000244140625,224.94000244140625
2017-10-26,225.50999450683594,225.50999450683594
2017-10-27,225.52000427246094,225.52000427246094
2017-10-30,225.88999938964844,225.88999938964844
2017-10-31,225.88999938964844,225.88999938964844
2017-11-01,225.88999938964844,225.88999938964844
2017-11-02,226.25,226.25
2017-11-03,226.50999450683594,226.50999450683594
2017-11-06,227.14999389648438,227.14999389648438
2017-11-07,226.92999267578125,226.92999267578125
2017-11-08,226.9600067138672,226.9600067138672
2017-11-09,226.32000732421875,226.32000732421875
2017-11-10,226.1699981689453,226.1699981689453
2017-11-13,225.42999267578125,225.42999267578125
2017-11-14,226.39999389648438,226.39999389648438
2017-11-15,225.91000366210938,225.91000366210938
2017-11-16,226.05999755859375,226.05999755859375
2017-11-17,226.52999877929688,226.52999877929688
2017-11-20,226.10000610351562,226.10000610351562
2017-11-21,226.4499969482422,226.4499969482422
2017-11-22,226.82000732421875,226.82000732421875
2017-11-23,226.85000610351562,226.85000610351562
2017-11-24,226.63999938964844,226.63999938964844
2017-11-27,226.69000244140625,226.69000244140625
2017-11-28,226.5800018310547,226.5800018310547
2017-11-29,225.92999267578125,225.92999267578125
2017-11-30,226.17999267578125,226.17999267578125
2017-12-01,226.86000061035156,226.86000061035156
2017-12-04,226.47500610351562,226.47500610351562
2017-12-05,226.5449981689453,226.5449981689453
2017-12-06,226.97500610351562,226.97500610351562
2017-12-07,227.07000732421875,227.07000732421875
2017-12-08,226.8350067138672,226.8350067138672
2017-12-11,227.0399932861328,227.0399932861328
2017-12-12,226.57000732421875,226.57000732421875
2017-12-13,226.40499877929688,226.40499877929688
2017-12-14,227.03500366210938,227.03500366210938
2017-12-15,226.98500061035156,226.98500061035156
2017-12-18,227.10000610351562,227.10000610351562
2017-12-19,226.10000610351562,226.10000610351562
2017-12-20,225.52000427246094,225.52000427246094
2017-12-21,225.64999389648438,225.64999389648438
2017-12-22,225.67999267578125,225.67999267578125
2017-12-27,226.1199951171875,226.1199951171875
2017-12-28,225.8699951171875,225.8699951171875
2017-12-29,225.63999938964844,225.63999938964844
2018-01-02,224.91000366210938,224.91000366210938
2018-01-03,225.74000549316406,225.74000549316406
2018-01-04,225.3000030517578,225.3000030517578
2018-01-05,225.25,225.25
2018-01-08,225.39999389648438,225.39999389648438
2018-01-09,224.7899932861328,224.7899932861328
2018-01-10,224.44000244140625,224.44000244140625
2018-01-11,224.33999633789062,224.33999633789062
2018-01-12,224.14999389648438,224.14999389648438
2018-01-15,224.63999938964844,224.63999938964844
2018-01-16,224.7899932861328,224.7899932861328
2018-01-17,224.74000549316406,224.74000549316406
2018-01-18,224.52999877929688,224.52999877929688
2018-01-19,224.64999389648438,224.64999389648438
2018-01-22,224.58999633789062,224.58999633789062
2018-01-23,224.75,224.75
2018-01-24,224.42999267578125,224.42999267578125
2018-01-25,224.13999938964844,224.13999938964844
2018-01-26,224.1199951171875,224.1199951171875
2018-01-29,223.58999633789062,223.58999633789062
2018-01-30,223.4600067138672,223.4600067138672
2018-01-31,223.36000061035156,223.36000061035156
2018-02-01,223.42999267578125,223.42999267578125
2018-02-02,222.86000061035156,222.86000061035156
2018-02-05,222.63999938964844,222.63999938964844
2018-02-06,223.0800018310547,223.0800018310547
2018-02-07,223.5500030517578,223.5500030517578
2018-02-08,222.60000610351562,222.60000610351562
2018-02-09,222.8300018310547,222.8300018310547
2018-02-12,223.02999877929688,223.02999877929688
2018-02-13,222.50999450683594,222.50999450683594
2018-02-14,222.42999267578125,222.42999267578125
2018-02-15,222.4199981689453,222.4199981689453
2018-02-16,223.16000366210938,223.16000366210938
2018-02-19,222.83999633789062,222.83999633789062
2018-02-20,222.60000610351562,222.60000610351562
2018-02-21,222.5,222.5
2018-02-22,222.64999389648438,222.64999389648438
2018-02-23,223.0500030517578,223.0500030517578
2018-02-26,223.38999938964844,223.38999938964844
2018-02-27,222.77000427246094,222.77000427246094
2018-02-28,223.10000610351562,223.10000610351562
2018-03-01,223.41000366210938,223.41000366210938
2018-03-02,223.25,223.25
2018-03-05,223.5800018310547,223.5800018310547
2018-03-06,223.16000366210938,223.16000366210938
2018-03-07,223.25,223.25
2018-03-08,223.58999633789062,223.58999633789062
2018-03-09,223.5800018310547,223.5800018310547
2018-03-12,223.75999450683594,223.75999450683594
2018-03-13,223.7899932861328,223.7899932861328
2018-03-14,224.3699951171875,224.3699951171875
2018-03-15,224.3699951171875,224.3699951171875
2018-03-16,224.2100067138672,224.2100067138672
2018-03-19,224.24000549316406,224.24000549316406
2018-03-20,223.89999389648438,223.89999389648438
2018-03-21,223.8800048828125,223.8800048828125
2018-03-22,224.6699981689453,224.6699981689453
2018-03-23,224.77999877929688,224.77999877929688
2018-03-26,224.63999938964844,224.63999938964844
2018-03-27,224.85000610351562,224.85000610351562
2018-03-28,225.6199951171875,225.6199951171875
2018-03-29,225.6699981689453,225.6699981689453
2018-04-03,225.1699981689453,225.1699981689453
2018-04-04,225.25999450683594,225.25999450683594
2018-04-05,224.82000732421875,224.82000732421875
2018-04-06,225.00999450683594,225.00999450683594
2018-04-09,224.60000610351562,224.60000610351562
2018-04-10,225.05999755859375,225.05999755859375
2018-04-11,225.24000549316406,225.24000549316406
2018-04-12,224.94000244140625,224.94000244140625
2018-04-13,224.8800048828125,224.8800048828125
2018-04-16,224.58999633789062,224.58999633789062
2018-04-17,224.8699951171875,224.8699951171875
2018-04-18,224.8000030517578,224.8000030517578
2018-04-19,224.0,224.0
2018-04-20,223.92999267578125,223.92999267578125
2018-04-23,223.47000122070312,223.47000122070312
2018-04-24,223.1699981689453,223.1699981689453
2018-04-25,223.22000122070312,223.22000122070312
2018-04-26,223.7100067138672,223.7100067138672
2018-04-27,223.8699951171875,223.8699951171875
2018-04-30,223.8699951171875,223.8699951171875
2018-05-02,223.88999938964844,223.88999938964844
2018-05-03,224.27000427246094,224.27000427246094
2018-05-04,224.0,224.0
2018-05-07,224.30999755859375,224.30999755859375
2018-05-08,223.38999938964844,223.38999938964844
2018-05-09,223.44000244140625,223.44000244140625
2018-05-10,223.64999389648438,223.64999389648438
2018-05-11,223.7100067138672,223.7100067138672
2018-05-14,223.38999938964844,223.38999938964844
2018-05-15,222.74000549316406,222.74000549316406
2018-05-16,222.4600067138672,222.4600067138672
2018-05-17,222.35000610351562,222.35000610351562
2018-05-18,222.47999572753906,222.47999572753906
2018-05-21,222.47999572753906,222.47999572753906
2018-05-22,222.32000732421875,222.32000732421875
2018-05-23,222.8300018310547,222.8300018310547
2018-05-24,223.2899932861328,223.2899932861328
2018-05-25,223.4600067138672,223.4600067138672
2018-05-28,223.5399932861328,223.5399932861328
2018-05-29,223.02999877929688,223.02999877929688
2018-05-30,223.25,223.25
2018-05-31,223.67999267578125,223.67999267578125
2018-06-01,223.4199981689453,223.4199981689453
2018-06-04,223.61000061035156,223.61000061035156
2018-06-05,223.5399932861328,223.5399932861328
2018-06-06,222.27999877929688,222.27999877929688
2018-06-07,222.1199951171875,222.1199951171875
2018-06-08,222.4600067138672,222.4600067138672
2018-06-11,222.58999633789062,222.58999633789062
2018-06-12,222.58999633789062,222.58999633789062
2018-06-13,222.86000061035156,222.86000061035156
2018-06-14,223.1300048828125,223.1300048828125
2018-06-15,223.5399932861328,223.5399932861328
2018-06-18,223.68499755859375,223.68499755859375
2018-06-19,223.7899932861328,223.7899932861328
2018-06-20,223.94000244140625,223.94000244140625
2018-06-21,223.64500427246094,223.64500427246094
2018-06-22,223.63999938964844,223.63999938964844
2018-06-25,223.5,223.5
2018-06-26,223.35000610351562,223.35000610351562
2018-06-27,223.97999572753906,223.97999572753906
2018-06-28,224.1300048828125,224.1300048828125
2018-06-29,224.11500549316406,224.11500549316406
2018-07-02,224.30999755859375,224.30999755859375
2018-07-03,224.4199981689453,224.4199981689453
2018-07-04,224.48500061035156,224.48500061035156
2018-07-05,224.72000122070312,224.72000122070312
2018-07-06,224.63999938964844,224.63999938964844
2018-07-09,224.6199951171875,224.6199951171875
2018-07-10,224.32000732421875,224.32000732421875
2018-07-11,224.13999938964844,224.13999938964844
2018-07-12,224.3000030517578,224.3000030517578
2018-07-13,224.63999938964844,224.63999938964844
2018-07-16,224.3699951171875,224.3699951171875
2018-07-17,224.69000244140625,224.69000244140625
2018-07-18,224.63999938964844,224.63999938964844
2018-07-19,224.72000122070312,224.72000122070312
2018-07-20,224.1699981689453,224.1699981689453
2018-07-23,223.39999389648438,223.39999389648438
2018-07-24,223.49000549316406,223.49000549316406
2018-07-25,223.61000061035156,223.61000061035156
2018-07-26,223.44000244140625,223.44000244140625
2018-07-27,223.14999389648438,223.14999389648438
2018-07-30,222.8000030517578,222.8000030517578
2018-07-31,222.82000732421875,222.82000732421875
2018-08-01,222.30999755859375,222.30999755859375
2018-08-02,222.1300048828125,222.1300048828125
2018-08-03,222.63999938964844,222.63999938964844
2018-08-06,222.9499969482422,222.9499969482422
2018-08-07,222.85000610351562,222.85000610351562
2018-08-08,222.7100067138672,222.7100067138672
2018-08-09,222.9199981689453,222.9199981689453
2018-08-10,223.41000366210938,223.41000366210938
2018-08-13,223.0500030517578,223.0500030517578
2018-08-14,223.14999389648438,223.14999389648438
2018-08-15,223.4199981689453,223.4199981689453
2018-08-16,223.30999755859375,223.30999755859375
2018-08-17,223.6199951171875,223.6199951171875
2018-08-20,223.5399932861328,223.5399932861328
2018-08-21,223.49000549316406,223.49000549316406
2018-08-22,223.47000122070312,223.47000122070312
2018-08-23,223.3800048828125,223.3800048828125
2018-08-24,223.52999877929688,223.52999877929688
2018-08-27,223.05999755859375,223.05999755859375
2018-08-28,222.8800048828125,222.8800048828125
2018-08-29,222.6199951171875,222.6199951171875
2018-08-30,222.85000610351562,222.85000610351562
2018-08-31,222.97999572753906,222.97999572753906
2018-09-03,222.8699951171875,222.8699951171875
2018-09-04,222.82000732421875,222.82000732421875
2018-09-05,223.4199981689453,223.4199981689453
2018-09-06,223.0399932861328,223.0399932861328
2018-09-07,222.6300048828125,222.6300048828125
2018-09-10,223.00999450683594,223.00999450683594
2018-09-11,222.75,222.75
2018-09-12,222.6999969482422,222.6999969482422
2018-09-13,222.75,222.75
2018-09-14,222.08999633789062,222.08999633789062
2018-09-17,222.5,222.5
2018-09-18,222.02000427246094,222.02000427246094
2018-09-19,221.8699951171875,221.8699951171875
2018-09-20,221.7100067138672,221.7100067138672
2018-09-21,221.8800048828125,221.8800048828125
2018-09-24,221.3800048828125,221.3800048828125
2018-09-25,221.1999969482422,221.1999969482422
2018-09-26,221.38999938964844,221.38999938964844
2018-09-27,221.6199951171875,221.6199951171875
2018-09-28,221.13999938964844,221.13999938964844
2018-10-01,221.16000366210938,221.16000366210938
2018-10-02,221.10000610351562,221.10000610351562
2018-10-04,220.22000122070312,220.22000122070312
2018-10-05,219.2100067138672,219.2100067138672
2018-10-08,219.72999572753906,219.72999572753906
2018-10-09,219.57000732421875,219.57000732421875
2018-10-10,219.5500030517578,219.5500030517578
2018-10-11,219.4600067138672,219.4600067138672
2018-10-12,219.88999938964844,219.88999938964844
2018-10-15,219.82000732421875,219.82000732421875
2018-10-16,219.9600067138672,219.9600067138672
2018-10-17,220.2100067138672,220.2100067138672
2018-10-18,219.92999267578125,219.92999267578125
2018-10-19,219.91000366210938,219.91000366210938
2018-10-22,220.0800018310547,220.0800018310547
2018-10-23,220.3699951171875,220.3699951171875
2018-10-24,220.6199951171875,220.6199951171875
2018-10-25,220.86000061035156,220.86000061035156
2018-10-26,221.35000610351562,221.35000610351562
2018-10-29,221.3300018310547,221.3300018310547
2018-10-30,221.05999755859375,221.05999755859375
2018-10-31,221.07000732421875,221.07000732421875
2018-11-01,221.02000427246094,221.02000427246094
2018-11-02,220.6300048828125,220.6300048828125
2018-11-05,220.3699951171875,220.3699951171875
2018-11-06,220.52999877929688,220.52999877929688
2018-11-07,220.6999969482422,220.6999969482422
2018-11-08,220.22999572753906,220.22999572753906
2018-11-09,220.4600067138672,220.4600067138672
2018-11-12,220.6999969482422,220.6999969482422
2018-11-13,220.75,220.75
2018-11-14,220.50999450683594,220.50999450683594
2018-11-15,221.2899932861328,221.2899932861328
2018-11-16,220.88999938964844,220.88999938964844
2018-11-19,220.9499969482422,220.9499969482422
2018-11-20,221.19000244140625,221.19000244140625
2018-11-21,220.86000061035156,220.86000061035156
2018-11-22,221.14999389648438,221.14999389648438
2018-11-23,221.4499969482422,221.4499969482422
2018-11-26,221.4499969482422,221.4499969482422
2018-11-27,221.52000427246094,221.52000427246094
2018-11-28,221.57000732421875,221.57000732421875
2018-11-29,222.0800018310547,222.0800018310547
2018-11-30,222.0,222.0
2018-12-03,221.9199981689453,221.9199981689453
2018-12-04,222.61000061035156,222.61000061035156
2018-12-05,223.0,223.0
2018-12-06,223.38999938964844,223.38999938964844
2018-12-07,222.75999450683594,222.75999450683594
2018-12-10,223.86000061035156,223.86000061035156
2018-12-11,223.8800048828125,223.8800048828125
2018-12-12,223.3300018310547,223.3300018310547
2018-12-13,223.1999969482422,223.1999969482422
2018-12-14,223.61000061035156,223.61000061035156
2018-12-17,223.52000427246094,223.52000427246094
2018-12-18,224.16000366210938,224.16000366210938
2018-12-19,224.3699951171875,224.3699951171875
2018-12-20,224.3300018310547,224.3300018310547
2018-12-21,223.9199981689453,223.9199981689453
2018-12-27,225.0500030517578,225.0500030517578
2018-12-28,224.8300018310547,224.8300018310547
2019-01-02,225.41000366210938,225.41000366210938
2019-01-03,225.6999969482422,225.6999969482422
2019-01-04,224.97000122070312,224.97000122070312
2019-01-07,224.97999572753906,224.97999572753906
2019-01-08,224.55999755859375,224.55999755859375
2019-01-09,224.6699981689453,224.6699981689453
2019-01-10,225.02000427246094,225.02000427246094
2019-01-11,225.02000427246094,225.02000427246094
2019-01-14,224.8699951171875,224.8699951171875
2019-01-15,224.99000549316406,224.99000549316406
2019-01-16,224.94000244140625,224.94000244140625
2019-01-17,224.8300018310547,224.8300018310547
2019-01-18,224.4600067138672,224.4600067138672
2019-01-21,224.52999877929688,224.52999877929688
2019-01-22,224.97000122070312,224.97000122070312
2019-01-23,225.00999450683594,225.00999450683594
2019-01-24,225.5399932861328,225.5399932861328
2019-01-25,225.39999389648438,225.39999389648438
2019-01-28,225.16000366210938,225.16000366210938
2019-01-29,225.5800018310547,225.5800018310547
2019-01-30,225.5,225.5
2019-01-31,225.97000122070312,225.97000122070312
2019-02-01,225.63999938964844,225.63999938964844
2019-02-04,225.4499969482422,225.4499969482422
2019-02-05,225.77999877929688,225.77999877929688
2019-02-06,225.47000122070312,225.47000122070312
2019-02-07,225.97999572753906,225.97999572753906
2019-02-08,226.25,226.25
2019-02-11,225.94000244140625,225.94000244140625
2019-02-12,225.8300018310547,225.8300018310547
2019-02-13,225.83999633789062,225.83999633789062
2019-02-14,226.1699981689453,226.1699981689453
2019-02-15,226.1199951171875,226.1199951171875
2019-02-18,226.05999755859375,226.05999755859375
2019-02-19,226.38999938964844,226.38999938964844
2019-02-20,226.27999877929688,226.27999877929688
2019-02-21,225.8000030517578,225.8000030517578
2019-02-22,226.22000122070312,226.22000122070312
2019-02-25,226.05999755859375,226.05999755859375
2019-02-26,226.22999572753906,226.22999572753906
2019-02-27,225.66000366210938,225.66000366210938
2019-02-28,225.42999267578125,225.42999267578125
2019-03-01,225.25,225.25
2019-03-04,225.22999572753906,225.22999572753906
2019-03-05,225.19000244140625,225.19000244140625
2019-03-06,226.1199951171875,226.1199951171875
2019-03-07,226.72000122070312,226.72000122070312
2019-03-08,226.85000610351562,226.85000610351562
2019-03-11,226.6699981689453,226.6699981689453
2019-03-12,226.75,226.75
2019-03-13,226.7899932861328,226.7899932861328
2019-03-14,226.77999877929688,226.77999877929688
2019-03-15,226.8800048828125,226.8800048828125
2019-03-18,227.0800018310547,227.0800018310547
2019-03-19,226.9499969482422,226.9499969482422
2019-03-20,226.97000122070312,226.97000122070312
2019-03-21,227.80999755859375,227.80999755859375
2019-03-22,228.92999267578125,228.92999267578125
2019-03-25,228.94000244140625,228.94000244140625
2019-03-26,228.8300018310547,228.8300018310547
2019-03-27,229.5500030517578,229.5500030517578
2019-03-28,229.63999938964844,229.63999938964844
2019-03-29,229.1199951171875,229.1199951171875
2019-04-01,228.47000122070312,228.47000122070312
2019-04-02,228.5399932861328,228.5399932861328
2019-04-03,228.35000610351562,228.35000610351562
2019-04-04,228.17999267578125,228.17999267578125
2019-04-05,228.02000427246094,228.02000427246094
2019-04-08,227.97999572753906,227.97999572753906
2019-04-09,228.4199981689453,228.4199981689453
2019-04-10,228.66000366210938,228.66000366210938
2019-04-11,228.2899932861328,228.2899932861328
2019-04-12,227.8000030517578,227.8000030517578
2019-04-15,227.58999633789062,227.58999633789062
2019-04-16,227.33999633789062,227.33999633789062
2019-04-17,227.27000427246094,227.27000427246094
2019-04-18,227.83999633789062,227.83999633789062
2019-04-23,227.60000610351562,227.60000610351562
2019-04-24,228.0500030517578,228.0500030517578
2019-04-25,227.97000122070312,227.97000122070312
2019-04-26,228.47000122070312,228.47000122070312
2019-04-29,228.22000122070312,228.22000122070312
2019-04-30,227.91000366210938,227.91000366210938
2019-05-02,227.97999572753906,227.97999572753906
2019-05-03,227.99000549316406,227.99000549316406
2019-05-06,228.4499969482422,228.4499969482422
2019-05-07,228.52999877929688,228.52999877929688
2019-05-08,228.4499969482422,228.4499969482422
2019-05-09,228.7100067138672,228.7100067138672
2019-05-10,228.55999755859375,228.55999755859375
2019-05-13,228.75999450683594,228.75999450683594
2019-05-14,228.6199951171875,228.6199951171875
2019-05-15,228.97000122070312,228.97000122070312
2019-05-16,229.3000030517578,229.3000030517578
2019-05-17,229.22000122070312,229.22000122070312
2019-05-20,229.1300048828125,229.1300048828125
2019-05-21,228.8800048828125,228.8800048828125
2019-05-22,229.27000427246094,229.27000427246094
2019-05-23,229.91000366210938,229.91000366210938
2019-05-24,229.9199981689453,229.9199981689453
2019-05-27,229.97999572753906,229.97999572753906
2019-05-28,230.3000030517578,230.3000030517578
2019-05-29,230.82000732421875,230.82000732421875
2019-05-30,230.60000610351562,230.60000610351562
2019-05-31,231.19000244140625,231.19000244140625
2019-06-03,231.99000549316406,231.99000549316406
2019-06-04,231.74000549316406,231.74000549316406
2019-06-05,232.25,232.25
2019-06-06,232.50999450683594,232.50999450683594
2019-06-07,233.33999633789062,233.33999633789062
2019-06-11,232.8699951171875,232.8699951171875
2019-06-12,232.57000732421875,232.57000732421875
2019-06-13,232.64999389648438,232.64999389648438
2019-06-14,232.91000366210938,232.91000366210938
2019-06-17,233.08999633789062,233.08999633789062
2019-06-18,233.91000366210938,233.91000366210938
2019-06-19,233.57000732421875,233.57000732421875
2019-06-20,234.49000549316406,234.49000549316406
2019-06-21,233.8300018310547,233.8300018310547
2019-06-24,234.07000732421875,234.07000732421875
2019-06-25,234.57000732421875,234.57000732421875
2019-06-26,233.86000061035156,233.86000061035156
2019-06-27,233.9499969482422,233.9499969482422
2019-06-28,234.08999633789062,234.08999633789062
2019-07-01,234.3300018310547,234.3300018310547
2019-07-02,234.77999877929688,234.77999877929688
2019-07-03,235.75,235.75
2019-07-04,235.77000427246094,235.77000427246094
2019-07-05,234.67999267578125,234.67999267578125
2019-07-08,234.82000732421875,234.82000732421875
2019-07-09,234.5500030517578,234.5500030517578
2019-07-10,234.58999633789062,234.58999633789062
2019-07-11,233.72999572753906,233.72999572753906
2019-07-12,233.42999267578125,233.42999267578125
2019-07-15,233.85000610351562,233.85000610351562
2019-07-16,233.69000244140625,233.69000244140625
2019-07-17,234.11000061035156,234.11000061035156
2019-07-18,234.44000244140625,234.44000244140625
2019-07-19,234.83999633789062,234.83999633789062
2019-07-22,234.82000732421875,234.82000732421875
2019-07-23,234.9499969482422,234.9499969482422
2019-07-24,235.27000427246094,235.27000427246094
2019-07-25,234.77000427246094,234.77000427246094
2019-07-26,234.80999755859375,234.80999755859375
2019-07-29,234.94000244140625,234.94000244140625
2019-07-30,234.91000366210938,234.91000366210938
2019-07-31,235.4499969482422,235.4499969482422
2019-08-01,235.89999389648438,235.89999389648438
2019-08-02,236.4199981689453,236.4199981689453
2019-08-05,237.9600067138672,237.9600067138672
2019-08-06,238.0399932861328,238.0399932861328
2019-08-07,239.3300018310547,239.3300018310547
2019-08-08,238.38999938964844,238.38999938964844
2019-08-09,238.75999450683594,238.75999450683594
2019-08-12,239.0399932861328,239.0399932861328
2019-08-13,239.35000610351562,239.35000610351562
2019-08-14,240.44000244140625,240.44000244140625
2019-08-15,241.22000122070312,241.22000122070312
2019-08-16,240.9199981689453,240.9199981689453
2019-08-19,240.39999389648438,240.39999389648438
2019-08-20,240.60000610351562,240.60000610351562
2019-08-21,240.6199951171875,240.6199951171875
2019-08-22,240.2100067138672,240.2100067138672
2019-08-23,240.5800018310547,240.5800018310547
2019-08-26,241.02000427246094,241.02000427246094
2019-08-27,241.44000244140625,241.44000244140625
2019-08-28,241.99000549316406,241.99000549316406
2019-08-29,242.00999450683594,242.00999450683594
2019-08-30,241.9199981689453,241.9199981689453
2019-09-02,241.8300018310547,241.8300018310547
2019-09-03,242.72000122070312,242.72000122070312
2019-09-04,242.1999969482422,242.1999969482422
2019-09-05,240.52999877929688,240.52999877929688
2019-09-06,240.69000244140625,240.69000244140625
2019-09-09,239.69000244140625,239.69000244140625
2019-09-10,239.0399932861328,239.0399932861328
2019-09-11,238.82000732421875,238.82000732421875
2019-09-12,238.72000122070312,238.72000122070312
2019-09-13,237.27000427246094,237.27000427246094
2019-09-16,237.50999450683594,237.50999450683594
2019-09-17,237.69000244140625,237.69000244140625
2019-09-18,238.3699951171875,238.3699951171875
2019-09-19,238.13999938964844,238.13999938964844
2019-09-20,238.3000030517578,238.3000030517578
2019-09-23,239.89999389648438,239.89999389648438
2019-09-24,240.0800018310547,240.0800018310547
2019-09-25,239.5399932861328,239.5399932861328
2019-09-26,240.1300048828125,240.1300048828125
2019-09-27,240.0,240.0
2019-09-30,239.6699981689453,239.6699981689453
2019-10-01,239.89999389648438,239.89999389648438
2019-10-02,239.75,239.75
2019-10-04,240.35000610351562,240.35000610351562
2019-10-07,240.42999267578125,240.42999267578125
2019-10-08,240.69000244140625,240.69000244140625
2019-10-09,240.02000427246094,240.02000427246094
2019-10-10,239.16000366210938,239.16000366210938
2019-10-11,238.02000427246094,238.02000427246094
2019-10-14,238.38999938964844,238.38999938964844
2019-10-15,238.00999450683594,238.00999450683594
2019-10-16,237.39999389648438,237.39999389648438
2019-10-17,237.88999938964844,237.88999938964844
2019-10-18,237.6999969482422,237.6999969482422
2019-10-21,236.83999633789062,236.83999633789062
2019-10-22,236.97000122070312,236.97000122070312
2019-10-23,237.52999877929688,237.52999877929688
2019-10-24,237.8800048828125,237.8800048828125
2019-10-25,237.1999969482422,237.1999969482422
2019-10-28,236.30999755859375,236.30999755859375
2019-10-29,236.49000549316406,236.49000549316406
2019-10-30,236.6699981689453,236.6699981689453
2019-10-31,238.00999450683594,238.00999450683594
2019-11-01,237.52000427246094,237.52000427246094
2019-11-04,237.08999633789062,237.08999633789062
2019-11-05,236.25999450683594,236.25999450683594
2019-11-06,236.3800048828125,236.3800048828125
2019-11-07,235.08999633789062,235.08999633789062
2019-11-08,235.32000732421875,235.32000732421875
2019-11-11,234.7899932861328,234.7899932861328
2019-11-12,234.5800018310547,234.5800018310547
2019-11-13,235.27999877929688,235.27999877929688
2019-11-14,235.7899932861328,235.7899932861328
2019-11-15,235.75999450683594,235.75999450683594
2019-11-18,236.07000732421875,236.07000732421875
2019-11-19,236.07000732421875,236.07000732421875
2019-11-20,236.64999389648438,236.64999389648438
2019-11-21,236.3300018310547,236.3300018310547
2019-11-22,236.5,236.5
2019-11-25,235.91000366210938,235.91000366210938
2019-11-26,236.97000122070312,236.97000122070312
2019-11-27,236.77999877929688,236.77999877929688
2019-11-28,236.7899932861328,236.7899932861328
2019-11-29,236.4199981689453,236.4199981689453
2019-12-02,235.4600067138672,235.4600067138672
2019-12-03,236.83999633789062,236.83999633789062
2019-12-04,236.0399932861328,236.0399932861328
2019-12-05,235.69000244140625,235.69000244140625
2019-12-06,235.2100067138672,235.2100067138672
2019-12-09,235.4199981689453,235.4199981689453
2019-12-10,235.49000549316406,235.49000549316406
2019-12-11,235.75999450683594,235.75999450683594
2019-12-12,234.97999572753906,234.97999572753906
2019-12-13,235.77999877929688,235.77999877929688
2019-12-16,235.24000549316406,235.24000549316406
2019-12-17,235.49000549316406,235.49000549316406
2019-12-18,234.8699951171875,234.8699951171875
2019-12-19,234.8000030517578,234.8000030517578
2019-12-20,234.6699981689453,234.6699981689453
2019-12-23,234.67999267578125,234.67999267578125
2019-12-27,235.50999450683594,235.50999450683594
2019-12-30,235.0500030517578,235.0500030517578
2020-01-02,235.0,235.0
2020-01-03,236.25999450683594,236.25999450683594
2020-01-06,235.94000244140625,235.94000244140625
2020-01-07,235.30999755859375,235.30999755859375
2020-01-08,235.50999450683594,235.50999450683594
2020-01-09,234.88999938964844,234.88999938964844
2020-01-10,235.22000122070312,235.22000122070312
2020-01-13,234.92999267578125,234.92999267578125
2020-01-14,235.30999755859375,235.30999755859375
2020-01-15,235.5,235.5
2020-01-16,235.4600067138672,235.4600067138672
2020-01-17,235.33999633789062,235.33999633789062
2020-01-20,235.17999267578125,235.17999267578125
2020-01-21,235.88999938964844,235.88999938964844
2020-01-22,235.9499969482422,235.9499969482422
2020-01-23,237.07000732421875,237.07000732421875
2020-01-24,237.33999633789062,237.33999633789062
2020-01-27,238.58999633789062,238.58999633789062
2020-01-28,238.30999755859375,238.30999755859375
2020-01-29,238.74000549316406,238.74000549316406
2020-01-30,239.5,239.5
2020-01-31,239.6300048828125,239.6300048828125
2020-02-03,239.50999450683594,239.50999450683594
2020-02-04,238.75999450683594,238.75999450683594
2020-02-05,238.10000610351562,238.10000610351562
2020-02-06,237.97999572753906,237.97999572753906
2020-02-07,238.52000427246094,238.52000427246094
2020-02-10,238.89999389648438,238.89999389648438
2020-02-11,238.7899932861328,238.7899932861328
2020-02-12,238.27999877929688,238.27999877929688
2020-02-13,238.38999938964844,238.38999938964844
2020-02-14,238.50999450683594,238.50999450683594
2020-02-17,238.74000549316406,238.74000549316406
2020-02-18,239.25999450683594,239.25999450683594
2020-02-19,239.0500030517578,239.0500030517578
2020-02-20,239.72000122070312,239.72000122070312
2020-02-21,240.2100067138672,240.2100067138672
2020-02-24,241.14999389648438,241.14999389648438
2020-02-25,241.5,241.5
2020-02-26,241.0399932861328,241.0399932861328
2020-02-27,241.25,241.25
2020-02-28,242.8699951171875,242.8699951171875
2020-03-02,243.07000732421875,243.07000732421875
2020-03-03,243.5399932861328,243.5399932861328
2020-03-04,243.97999572753906,243.97999572753906
2020-03-05,244.05999755859375,244.05999755859375
2020-03-06,246.67999267578125,246.67999267578125
2020-03-09,249.7100067138672,249.7100067138672
2020-03-10,246.6300048828125,246.6300048828125
2020-03-11,246.22000122070312,246.22000122070312
2020-03-12,239.61000061035156,239.61000061035156
2020-03-13,240.3800048828125,240.3800048828125
2020-03-16,240.85000610351562,240.85000610351562
2020-03-17,239.33999633789062,239.33999633789062
2020-03-18,235.64999389648438,235.64999389648438
2020-03-19,237.5,237.5
2020-03-20,236.52000427246094,236.52000427246094
2020-03-23,239.6300048828125,239.6300048828125
2020-03-24,237.30999755859375,237.30999755859375
2020-03-25,241.47000122070312,241.47000122070312
2020-03-26,239.00999450683594,239.00999450683594
2020-03-27,243.75999450683594,243.75999450683594
2020-03-30,243.19000244140625,243.19000244140625
2020-03-31,242.97000122070312,242.97000122070312
2020-04-01,243.8699951171875,243.8699951171875
2020-04-02,244.02000427246094,244.02000427246094
2020-04-03,244.49000549316406,244.49000549316406
2020-04-06,242.8699951171875,242.8699951171875
2020-04-07,240.92999267578125,240.92999267578125
2020-04-08,242.66000366210938,242.66000366210938
2020-04-09,242.94000244140625,242.94000244140625
2020-04-14,243.16000366210938,243.16000366210938
2020-04-15,243.25,243.25
2020-04-16,243.9199981689453,243.9199981689453
2020-04-17,243.60000610351562,243.60000610351562
2020-04-20,242.8800048828125,242.8800048828125
2020-04-21,243.5,243.5
2020-04-22,243.08999633789062,243.08999633789062
2020-04-23,243.47000122070312,243.47000122070312
2020-04-24,244.07000732421875,244.07000732421875
2020-04-27,243.4199981689453,243.4199981689453
2020-04-28,244.0399932861328,244.0399932861328
2020-04-29,244.41000366210938,244.41000366210938
2020-04-30,244.8000030517578,244.8000030517578
2020-05-04,244.4499969482422,244.4499969482422
2020-05-05,243.49000549316406,243.49000549316406
2020-05-06,242.30999755859375,242.30999755859375
2020-05-07,243.6199951171875,243.6199951171875
2020-05-08,243.8000030517578,243.8000030517578
2020-05-11,242.42999267578125,242.42999267578125
2020-05-12,243.32000732421875,243.32000732421875
2020-05-13,243.49000549316406,243.49000549316406
2020-05-14,243.97000122070312,243.97000122070312
2020-05-15,243.9199981689453,243.9199981689453
2020-05-18,242.4499969482422,242.4499969482422
2020-05-19,243.33999633789062,243.33999633789062
2020-05-20,243.6199951171875,243.6199951171875
2020-05-21,243.75,243.75
2020-05-22,244.0500030517578,244.0500030517578
2020-05-25,244.08999633789062,244.08999633789062
2020-05-26,243.0,243.0
2020-05-27,243.75999450683594,243.75999450683594
2020-05-28,243.42999267578125,243.42999267578125
2020-05-29,244.1199951171875,244.1199951171875
2020-06-02,243.7899932861328,243.7899932861328
2020-06-03,242.92999267578125,242.92999267578125
2020-06-04,242.50999450683594,242.50999450683594
2020-06-05,241.08999633789062,241.08999633789062
2020-06-08,241.9199981689453,241.9199981689453
2020-06-09,242.3800048828125,242.3800048828125
2020-06-10,242.42999267578125,242.42999267578125
2020-06-11,243.44000244140625,243.44000244140625
2020-06-12,243.97999572753906,243.97999572753906
2020-06-15,244.11000061035156,244.11000061035156
2020-06-16,243.27000427246094,243.27000427246094
2020-06-17,243.4199981689453,243.4199981689453
2020-06-18,243.91000366210938,243.91000366210938
2020-06-19,243.8000030517578,243.8000030517578
2020-06-22,244.0800018310547,244.0800018310547
2020-06-23,243.94000244140625,243.94000244140625
2020-06-24,244.14999389648438,244.14999389648438
2020-06-25,244.52000427246094,244.52000427246094
2020-06-26,244.3800048828125,244.3800048828125
2020-06-29,244.8800048828125,244.8800048828125
2020-06-30,244.39999389648438,244.39999389648438
2020-07-01,244.02000427246094,244.02000427246094
2020-07-02,244.1999969482422,244.1999969482422
2020-07-03,244.27999877929688,244.27999877929688
2020-07-06,244.0800018310547,244.0800018310547
2020-07-07,244.42999267578125,244.42999267578125
2020-07-08,244.8699951171875,244.8699951171875
2020-07-09,245.13999938964844,245.13999938964844
2020-07-10,245.42999267578125,245.42999267578125
2020-07-13,244.67999267578125,244.67999267578125
2020-07-14,244.6699981689453,244.6699981689453
2020-07-15,244.82000732421875,244.82000732421875
2020-07-16,245.2899932861328,245.2899932861328
2020-07-17,244.77000427246094,244.77000427246094
2020-07-20,245.0800018310547,245.0800018310547
2020-07-21,245.1300048828125,245.1300048828125
2020-07-22,245.7899932861328,245.7899932861328
2020-07-23,245.99000549316406,245.99000549316406
2020-07-24,245.75,245.75
2020-07-27,245.85000610351562,245.85000610351562
2020-07-28,245.33999633789062,245.33999633789062
2020-07-29,245.75,245.75
2020-07-30,246.50999450683594,246.50999450683594
2020-07-31,246.69000244140625,246.69000244140625
2020-08-03,245.8300018310547,245.8300018310547
2020-08-04,246.3800048828125,246.3800048828125
2020-08-05,246.0,246.0
2020-08-06,246.89999389648438,246.89999389648438
2020-08-07,246.52000427246094,246.52000427246094
2020-08-10,246.4600067138672,246.4600067138672
2020-08-11,245.2899932861328,245.2899932861328
2020-08-12,244.9499969482422,244.9499969482422
2020-08-13,244.16000366210938,244.16000366210938
2020-08-14,244.02999877929688,244.02999877929688
2020-08-17,244.75,244.75
2020-08-18,244.89999389648438,244.89999389648438
2020-08-19,244.89999389648438,244.89999389648438
2020-08-20,244.75999450683594,244.75999450683594
2020-08-21,245.13999938964844,245.13999938964844
2020-08-24,245.0399932861328,245.0399932861328
2020-08-25,244.00999450683594,244.00999450683594
2020-08-26,243.75999450683594,243.75999450683594
2020-08-27,243.3699951171875,243.3699951171875
2020-08-28,243.27999877929688,243.27999877929688
2020-08-31,243.3699951171875,243.3699951171875
2020-09-01,244.0399932861328,244.0399932861328
2020-09-02,244.99000549316406,244.99000549316406
2020-09-03,245.39999389648438,245.39999389648438
2020-09-04,244.27999877929688,244.27999877929688
2020-09-07,244.2899932861328,244.2899932861328
2020-09-08,244.92999267578125,244.92999267578125
2020-09-09,244.38999938964844,244.38999938964844
2020-09-10,244.02999877929688,244.02999877929688
2020-09-11,245.10000610351562,245.10000610351562
2020-09-14,244.8000030517578,244.8000030517578
2020-09-15,244.85000610351562,244.85000610351562
2020-09-16,244.9600067138672,244.9600067138672
2020-09-17,245.02999877929688,245.02999877929688
2020-09-18,245.00999450683594,245.00999450683594
2020-09-21,245.1699981689453,245.1699981689453
2020-09-22,245.1699981689453,245.1699981689453
2020-09-23,245.3300018310547,245.3300018310547
2020-09-24,244.8300018310547,244.8300018310547
2020-09-25,245.82000732421875,245.82000732421875
2020-09-28,245.42999267578125,245.42999267578125
2020-09-29,245.88999938964844,245.88999938964844
2020-09-30,244.9600067138672,244.9600067138672
2020-10-01,245.11000061035156,245.11000061035156
2020-10-02,245.2899932861328,245.2899932861328
2020-10-05,244.55999755859375,244.55999755859375
2020-10-06,244.58999633789062,244.58999633789062
2020-10-07,244.50999450683594,244.50999450683594
2020-10-08,244.36000061035156,244.36000061035156
2020-10-09,244.57000732421875,244.57000732421875
2020-10-12,245.13999938964844,245.13999938964844
2020-10-13,245.38999938964844,245.38999938964844
2020-10-14,245.77999877929688,245.77999877929688
2020-10-15,245.6699981689453,245.6699981689453
2020-10-16,245.97000122070312,245.97000122070312
2020-10-19,245.60000610351562,245.60000610351562
2020-10-20,245.5,245.5
2020-10-21,244.99000549316406,244.99000549316406
2020-10-22,244.7899932861328,244.7899932861328
2020-10-23,244.3300018310547,244.3300018310547
2020-10-26,244.39999389648438,244.39999389648438
2020-10-27,245.24000549316406,245.24000549316406
2020-10-28,245.75999450683594,245.75999450683594
2020-10-29,245.25999450683594,245.25999450683594
2020-10-30,244.69000244140625,244.69000244140625
2020-11-02,245.3800048828125,245.3800048828125
2020-11-03,244.3000030517578,244.3000030517578
2020-11-04,246.14999389648438,246.14999389648438
2020-11-05,246.08999633789062,246.08999633789062
2020-11-06,245.5399932861328,245.5399932861328
2020-11-09,244.07000732421875,244.07000732421875
2020-11-10,243.41000366210938,243.41000366210938
2020-11-11,243.35000610351562,243.35000610351562
2020-11-12,244.30999755859375,244.30999755859375
2020-11-13,244.80999755859375,244.80999755859375
2020-11-16,244.4199981689453,244.4199981689453
2020-11-17,244.97000122070312,244.97000122070312
2020-11-18,245.25,245.25
2020-11-19,245.3300018310547,245.3300018310547
2020-11-20,245.52999877929688,245.52999877929688
2020-11-23,245.55999755859375,245.55999755859375
2020-11-24,245.1199951171875,245.1199951171875
2020-11-25,244.9600067138672,244.9600067138672
2020-11-26,245.4600067138672,245.4600067138672
2020-11-27,245.19000244140625,245.19000244140625
2020-11-30,244.8699951171875,244.8699951171875
2020-12-01,244.0,244.0
2020-12-02,244.3000030517578,244.3000030517578
2020-12-03,244.4499969482422,244.4499969482422
2020-12-04,244.10000610351562,244.10000610351562
2020-12-07,244.6300048828125,244.6300048828125
2020-12-08,245.25,245.25
2020-12-09,244.89999389648438,244.89999389648438
2020-12-10,245.49000549316406,245.49000549316406
2020-12-11,245.8699951171875,245.8699951171875
2020-12-14,245.9199981689453,245.9199981689453
2020-12-15,245.66000366210938,245.66000366210938
2020-12-16,245.41000366210938,245.41000366210938
2020-12-17,245.19000244140625,245.19000244140625
2020-12-18,244.91000366210938,244.91000366210938
2020-12-21,245.36000061035156,245.36000061035156
2020-12-22,245.72999572753906,245.72999572753906
2020-12-23,244.77000427246094,244.77000427246094
2020-12-28,244.88999938964844,244.88999938964844
2020-12-29,245.10000610351562,245.10000610351562
2020-12-30,244.82000732421875,244.82000732421875
2021-01-04,245.41000366210938,245.41000366210938
2021-01-05,244.5,244.5
2021-01-06,244.1999969482422,244.1999969482422
2021-01-07,243.69000244140625,243.69000244140625
2021-01-08,243.02000427246094,243.02000427246094
2021-01-11,243.4600067138672,243.4600067138672
2021-01-12,242.52000427246094,242.52000427246094
2021-01-13,243.4600067138672,243.4600067138672
2021-01-14,244.02000427246094,244.02000427246094
2021-01-15,243.4600067138672,243.4600067138672
2021-01-18,243.6199951171875,243.6199951171875
2021-01-19,243.4199981689453,243.4199981689453
2021-01-20,243.61000061035156,243.61000061035156
2021-01-21,243.24000549316406,243.24000549316406
2021-01-22,242.85000610351562,242.85000610351562
2021-01-25,243.49000549316406,243.49000549316406
2021-01-26,243.77999877929688,243.77999877929688
2021-01-27,243.67999267578125,243.67999267578125
2021-01-28,243.17999267578125,243.17999267578125
2021-01-29,242.99000549316406,242.99000549316406
2021-02-01,242.63999938964844,242.63999938964844
2021-02-02,242.97000122070312,242.97000122070312
2021-02-03,242.82000732421875,242.82000732421875
2021-02-04,242.35000610351562,242.35000610351562
2021-02-05,242.32000732421875,242.32000732421875
2021-02-08,242.17999267578125,242.17999267578125
2021-02-09,242.32000732421875,242.32000732421875
2021-02-10,242.3800048828125,242.3800048828125
2021-02-11,242.16000366210938,242.16000366210938
2021-02-12,241.88999938964844,241.88999938964844
2021-02-15,241.0,241.0
2021-02-16,240.3699951171875,240.3699951171875
2021-02-17,240.25,240.25
2021-02-18,239.72999572753906,239.72999572753906
2021-02-19,239.38999938964844,239.38999938964844
2021-02-22,239.33999633789062,239.33999633789062
2021-02-23,239.1199951171875,239.1199951171875
2021-02-24,238.69000244140625,238.69000244140625
2021-02-25,236.7100067138672,236.7100067138672
2021-02-26,237.33999633789062,237.33999633789062
2021-03-01,238.3000030517578,238.3000030517578
2021-03-02,238.97000122070312,238.97000122070312
2021-03-03,238.1300048828125,238.1300048828125
2021-03-04,237.66000366210938,237.66000366210938
2021-03-05,237.9600067138672,237.9600067138672
2021-03-08,237.39999389648438,237.39999389648438
2021-03-09,237.7899932861328,237.7899932861328
2021-03-10,238.07000732421875,238.07000732421875
2021-03-11,238.47000122070312,238.47000122070312
2021-03-12,237.55999755859375,237.55999755859375
2021-03-15,237.77999877929688,237.77999877929688
2021-03-16,237.66000366210938,237.66000366210938
2021-03-17,237.1999969482422,237.1999969482422
2021-03-18,236.63999938964844,236.63999938964844
2021-03-19,236.94000244140625,236.94000244140625
2021-03-22,237.4600067138672,237.4600067138672
2021-03-23,237.89999389648438,237.89999389648438
2021-03-24,238.1999969482422,238.1999969482422
2021-03-25,238.52999877929688,238.52999877929688
2021-03-26,238.11000061035156,238.11000061035156
2021-03-29,237.7899932861328,237.7899932861328
2021-03-30,236.97999572753906,236.97999572753906
2021-03-31,237.22000122070312,237.22000122070312
2021-04-01,237.52000427246094,237.52000427246094
2021-04-06,237.47999572753906,237.47999572753906
2021-04-07,237.75999450683594,237.75999450683594
2021-04-08,237.77000427246094,237.77000427246094
2021-04-09,237.3699951171875,237.3699951171875
2021-04-12,237.3699951171875,237.3699951171875
2021-04-13,237.5399932861328,237.5399932861328
2021-04-14,237.39999389648438,237.39999389648438
2021-04-15,238.13999938964844,238.13999938964844
2021-04-16,237.72000122070312,237.72000122070312
2021-04-19,237.60000610351562,237.60000610351562
2021-04-20,237.77999877929688,237.77999877929688
2021-04-21,237.52000427246094,237.52000427246094
2021-04-22,238.05999755859375,238.05999755859375
2021-04-23,237.80999755859375,237.80999755859375
2021-04-26,237.30999755859375,237.30999755859375
2021-04-27,237.5800018310547,237.5800018310547
2021-04-28,237.25999450683594,237.25999450683594
2021-04-29,236.83999633789062,236.83999633789062
2021-04-30,236.77999877929688,236.77999877929688
2021-05-03,236.89999389648438,236.89999389648438
2021-05-04,237.3800048828125,237.3800048828125
2021-05-05,237.35000610351562,237.35000610351562
2021-05-06,237.3000030517578,237.3000030517578
2021-05-07,237.19000244140625,237.19000244140625
2021-05-10,237.22999572753906,237.22999572753906
2021-05-11,236.0,236.0
2021-05-12,235.85000610351562,235.85000610351562
2021-05-13,235.25999450683594,235.25999450683594
2021-05-14,235.9499969482422,235.9499969482422
2021-05-17,235.9199981689453,235.9199981689453
2021-05-18,235.85000610351562,235.85000610351562
2021-05-19,235.60000610351562,235.60000610351562
2021-05-20,235.72000122070312,235.72000122070312
2021-05-21,236.27999877929688,236.27999877929688
2021-05-25,237.0500030517578,237.0500030517578
2021-05-26,237.4499969482422,237.4499969482422
2021-05-27,236.6999969482422,236.6999969482422
2021-05-28,237.1699981689453,237.1699981689453
2021-05-31,236.85000610351562,236.85000610351562
2021-06-01,236.85000610351562,236.85000610351562
2021-06-02,237.2100067138672,237.2100067138672
2021-06-03,236.42999267578125,236.42999267578125
2021-06-04,237.33999633789062,237.33999633789062
2021-06-07,237.22000122070312,237.22000122070312
2021-06-08,237.72999572753906,237.72999572753906
2021-06-09,238.25999450683594,238.25999450683594
2021-06-10,238.1999969482422,238.1999969482422
2021-06-11,238.5399932861328,238.5399932861328
2021-06-14,238.25999450683594,238.25999450683594
2021-06-15,238.0800018310547,238.0800018310547
2021-06-16,237.75,237.75
2021-06-17,237.8000030517578,237.8000030517578
2021-06-18,238.13999938964844,238.13999938964844
2021-06-21,237.9499969482422,237.9499969482422
2021-06-22,237.88999938964844,237.88999938964844
2021-06-23,237.75,237.75
2021-06-24,237.94000244140625,237.94000244140625
2021-06-25,237.27000427246094,237.27000427246094
2021-06-28,237.92999267578125,237.92999267578125
2021-06-29,237.7899932861328,237.7899932861328
2021-06-30,238.14999389648438,238.14999389648438
2021-07-01,238.1999969482422,238.1999969482422
2021-07-02,238.39999389648438,238.39999389648438
2021-07-05,238.52000427246094,238.52000427246094
2021-07-06,239.44000244140625,239.44000244140625
2021-07-07,239.89999389648438,239.89999389648438
2021-07-08,239.9199981689453,239.9199981689453
2021-07-09,239.5800018310547,239.5800018310547
2021-07-12,239.6300048828125,239.6300048828125
2021-07-13,239.8800048828125,239.8800048828125
2021-07-14,239.77999877929688,239.77999877929688
2021-07-15,240.0,240.0
2021-07-16,240.39999389648438,240.39999389648438
2021-07-19,241.1300048828125,241.1300048828125
2021-07-20,241.25999450683594,241.25999450683594
2021-07-21,240.92999267578125,240.92999267578125
2021-07-22,241.3800048828125,241.3800048828125
2021-07-23,241.11000061035156,241.11000061035156
2021-07-26,241.25999450683594,241.25999450683594
2021-07-27,241.60000610351562,241.60000610351562
2021-07-28,241.41000366210938,241.41000366210938
2021-07-29,241.49000549316406,241.49000549316406
2021-07-30,241.69000244140625,241.69000244140625
2021-08-02,242.0500030517578,242.0500030517578
2021-08-03,242.36000061035156,242.36000061035156
2021-08-04,242.32000732421875,242.32000732421875
2021-08-05,242.25999450683594,242.25999450683594
2021-08-06,241.1699981689453,241.1699981689453
2021-08-09,241.30999755859375,241.30999755859375
2021-08-10,241.24000549316406,241.24000549316406
2021-08-11,241.1300048828125,241.1300048828125
2021-08-12,241.05999755859375,241.05999755859375
2021-08-13,241.44000244140625,241.44000244140625
2021-08-16,241.77999877929688,241.77999877929688
2021-08-17,241.77999877929688,241.77999877929688
2021-08-18,241.57000732421875,241.57000732421875
2021-08-19,241.8300018310547,241.8300018310547
2021-08-20,242.16000366210938,242.16000366210938
2021-08-23,241.92999267578125,241.92999267578125
2021-08-24,241.82000732421875,241.82000732421875
2021-08-25,240.89999389648438,240.89999389648438
2021-08-26,240.49000549316406,240.49000549316406
2021-08-27,240.85000610351562,240.85000610351562
2021-08-30,241.1999969482422,241.1999969482422
2021-08-31,240.77000427246094,240.77000427246094
2021-09-01,240.75999450683594,240.75999450683594
2021-09-02,240.8800048828125,240.8800048828125
2021-09-03,240.38999938964844,240.38999938964844
2021-09-06,240.50999450683594,240.50999450683594
2021-09-07,239.66000366210938,239.66000366210938
2021-09-08,239.9199981689453,239.9199981689453
2021-09-09,240.33999633789062,240.33999633789062
2021-09-10,240.24000549316406,240.24000549316406
2021-09-13,240.39999389648438,240.39999389648438
2021-09-14,240.50999450683594,240.50999450683594
2021-09-15,240.38999938964844,240.38999938964844
2021-09-16,240.19000244140625,240.19000244140625
2021-09-17,239.58999633789062,239.58999633789062
2021-09-20,239.94000244140625,239.94000244140625
2021-09-21,240.2100067138672,240.2100067138672
2021-09-22,240.4199981689453,240.4199981689453
2021-09-23,239.5399932861328,239.5399932861328
2021-09-24,238.72000122070312,238.72000122070312
2021-09-27,238.4199981689453,238.4199981689453
2021-09-28,237.8699951171875,237.8699951171875
2021-09-29,238.0,238.0
2021-09-30,237.44000244140625,237.44000244140625
2021-10-01,237.74000549316406,237.74000549316406
2021-10-04,238.10000610351562,238.10000610351562
2021-10-05,237.4600067138672,237.4600067138672
2021-10-06,237.47000122070312,237.47000122070312
2021-10-07,237.05999755859375,237.05999755859375
2021-10-08,236.58999633789062,236.58999633789062
2021-10-11,236.0399932861328,236.0399932861328
2021-10-12,236.44000244140625,236.44000244140625
2021-10-13,237.22999572753906,237.22999572753906
2021-10-14,237.82000732421875,237.82000732421875
2021-10-15,237.1300048828125,237.1300048828125
2021-10-18,237.08999633789062,237.08999633789062
2021-10-19,236.67999267578125,236.67999267578125
2021-10-20,236.72000122070312,236.72000122070312
2021-10-21,236.08999633789062,236.08999633789062
2021-10-22,236.2899932861328,236.2899932861328
2021-10-25,236.66000366210938,236.66000366210938
2021-10-26,236.7100067138672,236.7100067138672
2021-10-27,237.5500030517578,237.5500030517578
2021-10-28,237.75999450683594,237.75999450683594
2021-10-29,237.07000732421875,237.07000732421875
2021-11-01,236.67999267578125,236.67999267578125
2021-11-02,237.52999877929688,237.52999877929688
2021-11-03,237.2899932861328,237.2899932861328
2021-11-04,238.22000122070312,238.22000122070312
2021-11-05,239.3000030517578,239.3000030517578
2021-11-08,238.9499969482422,238.9499969482422
2021-11-09,239.86000061035156,239.86000061035156
2021-11-10,238.85000610351562,238.85000610351562
2021-11-11,238.17999267578125,238.17999267578125
2021-11-12,238.25999450683594,238.25999450683594
2021-11-15,237.85000610351562,237.85000610351562
2021-11-16,237.72999572753906,237.72999572753906
2021-11-17,237.39999389648438,237.39999389648438
2021-11-18,238.14999389648438,238.14999389648438
2021-11-19,239.02999877929688,239.02999877929688
2021-11-22,238.1199951171875,238.1199951171875
2021-11-23,237.11000061035156,237.11000061035156
2021-11-24,236.8699951171875,236.8699951171875
2021-11-25,237.0800018310547,237.0800018310547
2021-11-26,238.67999267578125,238.67999267578125
2021-11-29,238.75,238.75
2021-11-30,239.58999633789062,239.58999633789062
2021-12-01,239.05999755859375,239.05999755859375
2021-12-02,239.85000610351562,239.85000610351562
2021-12-03,240.2100067138672,240.2100067138672
2021-12-06,240.22000122070312,240.22000122070312
2021-12-07,239.97000122070312,239.97000122070312
2021-12-08,238.75999450683594,238.75999450683594
2021-12-09,239.25,239.25
2021-12-10,239.52000427246094,239.52000427246094
2021-12-13,240.05999755859375,240.05999755859375
2021-12-14,239.89999389648438,239.89999389648438
2021-12-15,239.72000122070312,239.72000122070312
2021-12-16,239.35000610351562,239.35000610351562
2021-12-17,239.8000030517578,239.8000030517578
2021-12-20,239.42999267578125,239.42999267578125
2021-12-21,238.44000244140625,238.44000244140625
2021-12-22,238.38999938964844,238.38999938964844
2021-12-23,237.86000061035156,237.86000061035156
2021-12-27,237.60000610351562,237.60000610351562
2021-12-28,238.72000122070312,238.72000122070312
2021-12-29,237.3000030517578,237.3000030517578
2021-12-30,237.0,237.0
2022-01-03,236.49000549316406,236.49000549316406
2022-01-04,235.7899932861328,235.7899932861328
2022-01-05,235.4499969482422,235.4499969482422
2022-01-06,234.6300048828125,234.6300048828125
2022-01-07,234.02000427246094,234.02000427246094
2022-01-10,234.3699951171875,234.3699951171875
2022-01-11,234.5,234.5
2022-01-12,235.0,235.0
2022-01-13,234.97000122070312,234.97000122070312
2022-01-14,234.57000732421875,234.57000732421875
2022-01-17,234.25,234.25
2022-01-18,233.52000427246094,233.52000427246094
2022-01-19,233.52000427246094,233.52000427246094
2022-01-20,233.58999633789062,233.58999633789062
2022-01-21,234.69000244140625,234.69000244140625
2022-01-24,234.85000610351562,234.85000610351562
2022-01-25,234.63999938964844,234.63999938964844
2022-01-26,234.25999450683594,234.25999450683594
2022-01-27,233.86000061035156,233.86000061035156
2022-01-28,233.92999267578125,233.92999267578125
2022-01-31,233.3300018310547,233.3300018310547
2022-02-01,233.02000427246094,233.02000427246094
2022-02-02,233.4600067138672,233.4600067138672
2022-02-03,231.9499969482422,231.9499969482422
2022-02-04,230.75,230.75
2022-02-07,230.27000427246094,230.27000427246094
2022-02-08,230.07000732421875,230.07000732421875
2022-02-09,230.38999938964844,230.38999938964844
2022-02-10,229.1699981689453,229.1699981689453
2022-02-11,228.32000732421875,228.32000732421875
2022-02-14,228.67999267578125,228.67999267578125
2022-02-15,228.58999633789062,228.58999633789062
2022-02-16,228.58999633789062,228.58999633789062
2022-02-17,228.99000549316406,228.99000549316406
2022-02-18,229.8699951171875,229.8699951171875
2022-02-21,229.82000732421875,229.82000732421875
2022-02-22,229.5,229.5
2022-02-23,229.32000732421875,229.32000732421875
2022-02-24,229.61000061035156,229.61000061035156
2022-02-25,229.08999633789062,229.08999633789062
2022-02-28,230.5800018310547,230.5800018310547
2022-03-01,233.47000122070312,233.47000122070312
2022-03-02,230.80999755859375,230.80999755859375
2022-03-03,231.57000732421875,231.57000732421875
2022-03-04,233.1199951171875,233.1199951171875
2022-03-07,232.02999877929688,232.02999877929688
2022-03-08,230.5399932861328,230.5399932861328
2022-03-09,229.80999755859375,229.80999755859375
2022-03-10,228.14999389648438,228.14999389648438
2022-03-11,228.3699951171875,228.3699951171875
2022-03-14,227.19000244140625,227.19000244140625
2022-03-15,226.99000549316406,226.99000549316406
2022-03-16,226.77000427246094,226.77000427246094
2022-03-17,226.8800048828125,226.8800048828125
2022-03-18,227.25999450683594,227.25999450683594
2022-03-21,225.8300018310547,225.8300018310547
2022-03-22,224.97000122070312,224.97000122070312
2022-03-23,224.8800048828125,224.8800048828125
2022-03-24,225.0,225.0
2022-03-25,223.80999755859375,223.80999755859375
2022-03-28,223.92999267578125,223.92999267578125
2022-03-29,223.5399932861328,223.5399932861328
2022-03-30,224.0,224.0
2022-03-31,225.1199951171875,225.1199951171875
2022-04-01,224.25,224.25
2022-04-04,224.5800018310547,224.5800018310547
2022-04-05,223.14999389648438,223.14999389648438
2022-04-06,222.07000732421875,222.07000732421875
2022-04-07,221.69000244140625,221.69000244140625
2022-04-08,221.4600067138672,221.4600067138672
2022-04-11,220.4499969482422,220.4499969482422
2022-04-12,220.99000549316406,220.99000549316406
2022-04-13,220.97999572753906,220.97999572753906
2022-04-14,219.92999267578125,219.92999267578125
2022-04-19,219.17999267578125,219.17999267578125
2022-04-20,218.9600067138672,218.9600067138672
2022-04-21,218.57000732421875,218.57000732421875
2022-04-22,218.36000061035156,218.36000061035156
2022-04-25,219.72000122070312,219.72000122070312
2022-04-26,220.22999572753906,220.22999572753906
2022-04-27,219.6999969482422,219.6999969482422
2022-04-28,219.22000122070312,219.22000122070312
2022-04-29,218.47000122070312,218.47000122070312
2022-05-02,217.52000427246094,217.52000427246094
2022-05-03,217.6300048828125,217.6300048828125
2022-05-04,217.38999938964844,217.38999938964844
2022-05-05,216.44000244140625,216.44000244140625
2022-05-06,215.86000061035156,215.86000061035156
2022-05-09,216.05999755859375,216.05999755859375
2022-05-10,217.02000427246094,217.02000427246094
2022-05-11,217.13999938964844,217.13999938964844
2022-05-12,218.7899932861328,218.7899932861328
2022-05-13,217.91000366210938,217.91000366210938
2022-05-16,218.25999450683594,218.25999450683594
2022-05-17,216.91000366210938,216.91000366210938
2022-05-18,217.00999450683594,217.00999450683594
2022-05-19,218.25,218.25
2022-05-20,217.82000732421875,217.82000732421875
2022-05-23,217.0399932861328,217.0399932861328
2022-05-24,218.25999450683594,218.25999450683594
2022-05-25,218.42999267578125,218.42999267578125
2022-05-26,217.6199951171875,217.6199951171875
2022-05-27,218.39999389648438,218.39999389648438
2022-05-30,217.4600067138672,217.4600067138672
2022-05-31,216.52000427246094,216.52000427246094
2022-06-01,215.55999755859375,215.55999755859375
2022-06-02,215.3300018310547,215.3300018310547
2022-06-03,215.0,215.0
2022-06-06,213.85000610351562,213.85000610351562
2022-06-07,214.8000030517578,214.8000030517578
2022-06-08,214.22000122070312,214.22000122070312
2022-06-09,213.10000610351562,213.10000610351562
2022-06-10,211.89999389648438,211.89999389648438
2022-06-13,209.4499969482422,209.4499969482422
2022-06-14,208.0399932861328,208.0399932861328
2022-06-15,209.32000732421875,209.32000732421875
2022-06-16,209.77000427246094,209.77000427246094
2022-06-17,211.02999877929688,211.02999877929688
2022-06-20,209.72000122070312,209.72000122070312
2022-06-21,208.88999938964844,208.88999938964844
2022-06-22,210.72000122070312,210.72000122070312
2022-06-23,212.85000610351562,212.85000610351562
2022-06-24,212.10000610351562,212.10000610351562
2022-06-27,210.97000122070312,210.97000122070312
2022-06-28,210.7100067138672,210.7100067138672
2022-06-29,212.1300048828125,212.1300048828125
2022-06-30,213.16000366210938,213.16000366210938
2022-07-01,214.9199981689453,214.9199981689453
2022-07-04,213.91000366210938,213.91000366210938
2022-07-05,215.32000732421875,215.32000732421875
2022-07-06,214.77000427246094,214.77000427246094
2022-07-07,213.67999267578125,213.67999267578125
2022-07-08,212.69000244140625,212.69000244140625
2022-07-11,213.74000549316406,213.74000549316406
2022-07-12,214.64999389648438,214.64999389648438
2022-07-13,214.6699981689453,214.6699981689453
2022-07-14,214.1199951171875,214.1199951171875
2022-07-15,214.8300018310547,214.8300018310547
2022-07-18,214.0,214.0
2022-07-19,213.5500030517578,213.5500030517578
2022-07-20,213.39999389648438,213.39999389648438
2022-07-21,214.11000061035156,214.11000061035156
2022-07-22,216.25999450683594,216.25999450683594
2022-07-25,216.00999450683594,216.00999450683594
2022-07-26,216.8300018310547,216.8300018310547
2022-07-27,216.50999450683594,216.50999450683594
2022-07-28,217.86000061035156,217.86000061035156
2022-07-29,218.11000061035156,218.11000061035156
2022-08-01,219.00999450683594,219.00999450683594
2022-08-02,218.97000122070312,218.97000122070312
2022-08-03,217.3800048828125,217.3800048828125
2022-08-04,218.50999450683594,218.50999450683594
2022-08-05,216.6999969482422,216.6999969482422
2022-08-08,217.42999267578125,217.42999267578125
2022-08-09,217.27999877929688,217.27999877929688
2022-08-10,217.5500030517578,217.5500030517578
2022-08-11,216.4499969482422,216.4499969482422
2022-08-12,216.1199951171875,216.1199951171875
2022-08-15,216.88999938964844,216.88999938964844
2022-08-16,216.3000030517578,216.3000030517578
2022-08-17,215.0800018310547,215.0800018310547
2022-08-18,215.0,215.0
2022-08-19,213.83999633789062,213.83999633789062
2022-08-22,212.97000122070312,212.97000122070312
2022-08-23,213.0,213.0
2022-08-24,212.10000610351562,212.10000610351562
2022-08-25,212.5800018310547,212.5800018310547
2022-08-26,212.3300018310547,212.3300018310547
2022-08-29,211.27000427246094,211.27000427246094
2022-08-30,211.27000427246094,211.27000427246094
2022-08-31,210.86000061035156,210.86000061035156
2022-09-01,209.6300048828125,209.6300048828125
2022-09-02,210.08999633789062,210.08999633789062
2022-09-05,209.9600067138672,209.9600067138672
2022-09-06,208.82000732421875,208.82000732421875
2022-09-07,209.5800018310547,209.5800018310547
2022-09-08,208.80999755859375,208.80999755859375
2022-09-09,208.8300018310547,208.8300018310547
2022-09-12,209.13999938964844,209.13999938964844
2022-09-13,208.0500030517578,208.0500030517578
2022-09-14,208.30999755859375,208.30999755859375
2022-09-15,207.75,207.75
2022-09-16,207.52000427246094,207.52000427246094
2022-09-19,207.1999969482422,207.1999969482422
2022-09-20,206.1300048828125,206.1300048828125
2022-09-21,206.4600067138672,206.4600067138672
2022-09-22,205.3000030517578,205.3000030517578
2022-09-23,204.47999572753906,204.47999572753906
2022-09-26,203.49000549316406,203.49000549316406
2022-09-27,201.0,201.0
2022-09-28,203.25,203.25
2022-09-29,203.08999633789062,203.08999633789062
2022-09-30,203.64999389648438,203.64999389648438
2022-10-03,205.5,205.5
2022-10-04,205.24000549316406,205.24000549316406
2022-10-05,203.5399932861328,203.5399932861328
2022-10-06,203.3800048828125,203.3800048828125
2022-10-07,201.9600067138672,201.9600067138672
2022-10-10,201.5399932861328,201.5399932861328
2022-10-11,201.49000549316406,201.49000549316406
2022-10-12,200.66000366210938,200.66000366210938
2022-10-13,201.16000366210938,201.16000366210938
2022-10-14,200.19000244140625,200.19000244140625
2022-10-17,201.27000427246094,201.27000427246094
2022-10-18,200.47999572753906,200.47999572753906
2022-10-19,200.33999633789062,200.33999633789062
2022-10-20,199.3800048828125,199.3800048828125
2022-10-21,198.97000122070312,198.97000122070312
2022-10-24,199.6999969482422,199.6999969482422
2022-10-25,201.5500030517578,201.5500030517578
2022-10-26,202.1699981689453,202.1699981689453
2022-10-27,203.8300018310547,203.8300018310547
2022-10-28,202.99000549316406,202.99000549316406
2022-10-31,202.22000122070312,202.22000122070312
2022-11-01,202.30999755859375,202.30999755859375
2022-11-02,202.0399932861328,202.0399932861328
2022-11-03,201.0399932861328,201.0399932861328
2022-11-04,200.60000610351562,200.60000610351562
2022-11-07,200.49000549316406,200.49000549316406
2022-11-08,200.8800048828125,200.8800048828125
2022-11-09,201.77999877929688,201.77999877929688
2022-11-10,204.27000427246094,204.27000427246094
2022-11-11,203.41000366210938,203.41000366210938
2022-11-14,203.10000610351562,203.10000610351562
2022-11-15,203.66000366210938,203.66000366210938
2022-11-16,205.1699981689453,205.1699981689453
2022-11-17,204.83999633789062,204.83999633789062
2022-11-18,204.75999450683594,204.75999450683594
2022-11-21,204.99000549316406,204.99000549316406
2022-11-22,204.97000122070312,204.97000122070312
2022-11-23,206.1199951171875,206.1199951171875
2022-11-24,206.72999572753906,206.72999572753906
2022-11-25,205.61000061035156,205.61000061035156
2022-11-28,205.77999877929688,205.77999877929688
2022-11-29,205.92999267578125,205.92999267578125
2022-11-30,205.0399932861328,205.0399932861328
2022-12-01,207.02999877929688,207.02999877929688
2022-12-02,207.08999633789062,207.08999633789062
2022-12-05,207.1300048828125,207.1300048828125
2022-12-06,207.6199951171875,207.6199951171875
2022-12-07,208.22000122070312,208.22000122070312
2022-12-08,207.9499969482422,207.9499969482422
2022-12-09,207.3800048828125,207.3800048828125
2022-12-12,207.02999877929688,207.02999877929688
2022-12-13,207.42999267578125,207.42999267578125
2022-12-14,207.0800018310547,207.0800018310547
2022-12-15,206.16000366210938,206.16000366210938
2022-12-16,205.61000061035156,205.61000061035156
2022-12-19,204.94000244140625,204.94000244140625
2022-12-20,203.6999969482422,203.6999969482422
2022-12-21,203.83999633789062,203.83999633789062
2022-12-22,203.64999389648438,203.64999389648438
2022-12-23,203.14999389648438,203.14999389648438
2022-12-27,201.94000244140625,201.94000244140625
2022-12-28,201.69000244140625,201.69000244140625
2022-12-29,201.55999755859375,201.55999755859375
2022-12-30,201.1999969482422,201.1999969482422
2023-01-02,201.75999450683594,201.75999450683594
2023-01-03,202.52000427246094,202.52000427246094
2023-01-04,203.1300048828125,203.1300048828125
2023-01-05,203.00999450683594,203.00999450683594
2023-01-06,204.38999938964844,204.38999938964844
2023-01-09,204.6300048828125,204.6300048828125
2023-01-10,203.60000610351562,203.60000610351562
2023-01-11,204.57000732421875,204.57000732421875
2023-01-12,205.2899932861328,205.2899932861328
2023-01-13,205.64999389648438,205.64999389648438
2023-01-16,205.36000061035156,205.36000061035156
2023-01-17,206.0399932861328,206.0399932861328
2023-01-18,207.1300048828125,207.1300048828125
2023-01-19,206.92999267578125,206.92999267578125
2023-01-20,206.05999755859375,206.05999755859375
2023-01-23,205.38999938964844,205.38999938964844
2023-01-24,205.97999572753906,205.97999572753906
2023-01-25,206.13999938964844,206.13999938964844
2023-01-26,205.27000427246094,205.27000427246094
2023-01-27,204.92999267578125,204.92999267578125
2023-01-30,204.60000610351562,204.60000610351562
2023-01-31,205.05999755859375,205.05999755859375
2023-02-01,205.1300048828125,205.1300048828125
2023-02-02,207.5500030517578,207.5500030517578
2023-02-03,205.8699951171875,205.8699951171875
2023-02-06,204.83999633789062,204.83999633789062
2023-02-07,204.57000732421875,204.57000732421875
2023-02-08,203.75999450683594,203.75999450683594
2023-02-09,204.64999389648438,204.64999389648438
2023-02-10,203.49000549316406,203.49000549316406
2023-02-13,203.67999267578125,203.67999267578125
2023-02-14,203.0800018310547,203.0800018310547
2023-02-15,202.2899932861328,202.2899932861328
2023-02-16,202.55999755859375,202.55999755859375
2023-02-17,202.27000427246094,202.27000427246094
2023-02-20,202.1199951171875,202.1199951171875
2023-02-21,201.4499969482422,201.4499969482422
2023-02-22,201.52999877929688,201.52999877929688
2023-02-23,201.91000366210938,201.91000366210938
2023-02-24,200.80999755859375,200.80999755859375
2023-02-27,200.91000366210938,200.91000366210938
2023-02-28,201.16000366210938,201.16000366210938
2023-03-01,200.25,200.25
2023-03-02,199.7100067138672,199.7100067138672
2023-03-03,200.4600067138672,200.4600067138672
2023-03-06,200.58999633789062,200.58999633789062
2023-03-07,200.3000030517578,200.3000030517578
2023-03-08,201.0,201.0
2023-03-09,200.82000732421875,200.82000732421875
2023-03-10,202.97999572753906,202.97999572753906
2023-03-13,206.3300018310547,206.3300018310547
2023-03-14,204.4600067138672,204.4600067138672
2023-03-15,207.8000030517578,207.8000030517578
2023-03-16,206.2100067138672,206.2100067138672
2023-03-17,206.99000549316406,206.99000549316406
2023-03-20,206.99000549316406,206.99000549316406
2023-03-21,206.00999450683594,206.00999450683594
2023-03-22,205.1300048828125,205.1300048828125
2023-03-23,206.9600067138672,206.9600067138672
2023-03-24,207.50999450683594,207.50999450683594
2023-03-27,206.22000122070312,206.22000122070312
2023-03-28,205.99000549316406,205.99000549316406
2023-03-29,206.02000427246094,206.02000427246094
2023-03-30,205.35000610351562,205.35000610351562
2023-03-31,205.89999389648438,205.89999389648438
2023-04-03,206.89999389648438,206.89999389648438
2023-04-04,207.08999633789062,207.08999633789062
2023-04-05,207.5399932861328,207.5399932861328
2023-04-06,207.72000122070312,207.72000122070312
2023-04-11,206.1199951171875,206.1199951171875
2023-04-12,205.88999938964844,205.88999938964844
2023-04-13,206.3699951171875,206.3699951171875
2023-04-14,205.1999969482422,205.1999969482422
2023-04-17,204.52999877929688,204.52999877929688
2023-04-18,204.6699981689453,204.6699981689453
2023-04-19,204.02999877929688,204.02999877929688
2023-04-20,204.8000030517578,204.8000030517578
2023-04-21,204.6199951171875,204.6199951171875
2023-04-24,204.5800018310547,204.5800018310547
2023-04-25,206.08999633789062,206.08999633789062
2023-04-26,206.1300048828125,206.1300048828125
2023-04-27,205.08999633789062,205.08999633789062
2023-04-28,206.3800048828125,206.3800048828125
2023-05-02,206.77000427246094,206.77000427246094
2023-05-03,207.1999969482422,207.1999969482422
2023-05-04,207.2899932861328,207.2899932861328
2023-05-05,206.3000030517578,206.3000030517578
2023-05-08,206.16000366210938,206.16000366210938
2023-05-09,205.52000427246094,205.52000427246094
2023-05-10,206.4199981689453,206.4199981689453
2023-05-11,207.25,207.25
2023-05-12,206.50999450683594,206.50999450683594
2023-05-15,206.0800018310547,206.0800018310547
2023-05-16,205.52000427246094,205.52000427246094
2023-05-17,205.27000427246094,205.27000427246094
2023-05-18,204.4499969482422,204.4499969482422
2023-05-19,204.6300048828125,204.6300048828125
2023-05-22,203.86000061035156,203.86000061035156
2023-05-23,203.69000244140625,203.69000244140625
2023-05-24,203.5,203.5
2023-05-25,202.72999572753906,202.72999572753906
2023-05-26,202.52000427246094,202.52000427246094
2023-05-29,203.11000061035156,203.11000061035156
2023-05-30,203.80999755859375,203.80999755859375
2023-05-31,204.69000244140625,204.69000244140625
2023-06-01,205.30999755859375,205.30999755859375
2023-06-02,204.85000610351562,204.85000610351562
2023-06-05,203.99000549316406,203.99000549316406
2023-06-06,204.39999389648438,204.39999389648438
2023-06-07,203.39999389648438,203.39999389648438
2023-06-08,203.8800048828125,203.8800048828125
2023-06-09,203.8000030517578,203.8000030517578
2023-06-12,204.0500030517578,204.0500030517578
2023-06-13,203.7899932861328,203.7899932861328
2023-06-14,203.6999969482422,203.6999969482422
2023-06-15,203.94000244140625,203.94000244140625
2023-06-16,203.8800048828125,203.8800048828125
2023-06-19,203.22000122070312,203.22000122070312
2023-06-20,204.4499969482422,204.4499969482422
2023-06-21,203.99000549316406,203.99000549316406
2023-06-22,203.67999267578125,203.67999267578125
2023-06-23,204.47000122070312,204.47000122070312
2023-06-26,205.08999633789062,205.08999633789062
2023-06-27,204.25,204.25
2023-06-28,204.4600067138672,204.4600067138672
2023-06-29,203.57000732421875,203.57000732421875
2023-06-30,204.0500030517578,204.0500030517578
2023-07-03,203.6699981689453,203.6699981689453
2023-07-04,203.77000427246094,203.77000427246094
2023-07-05,203.1300048828125,203.1300048828125
2023-07-06,201.47999572753906,201.47999572753906
2023-07-07,201.50999450683594,201.50999450683594
2023-07-10,201.58999633789062,201.58999633789062
2023-07-11,201.55999755859375,201.55999755859375
2023-07-12,202.4600067138672,202.4600067138672
2023-07-13,203.4600067138672,203.4600067138672
2023-07-14,203.30999755859375,203.30999755859375
2023-07-17,203.3800048828125,203.3800048828125
2023-07-18,204.3800048828125,204.3800048828125
2023-07-19,203.8800048828125,203.8800048828125
2023-07-20,203.49000549316406,203.49000549316406
2023-07-21,203.7899932861328,203.7899932861328
2023-07-24,205.63999938964844,205.63999938964844
2023-07-25,203.80999755859375,203.80999755859375
2023-07-26,203.42999267578125,203.42999267578125
2023-07-27,203.4499969482422,203.4499969482422
2023-07-28,202.99000549316406,202.99000549316406
2023-07-31,202.66000366210938,202.66000366210938
2023-08-01,201.50999450683594,201.50999450683594
2023-08-02,201.13999938964844,201.13999938964844
2023-08-03,200.92999267578125,200.92999267578125
2023-08-04,201.52999877929688,201.52999877929688
2023-08-07,201.3699951171875,201.3699951171875
2023-08-08,202.44000244140625,202.44000244140625
2023-08-09,202.57000732421875,202.57000732421875
2023-08-10,202.30999755859375,202.30999755859375
2023-08-11,200.91000366210938,200.91000366210938
2023-08-14,200.5500030517578,200.5500030517578
2023-08-15,200.27999877929688,200.27999877929688
2023-08-16,200.0,200.0
2023-08-17,199.05499267578125,199.05499267578125
2023-08-18,200.02000427246094,200.02000427246094
2023-08-21,199.05999755859375,199.05999755859375
2023-08-22,199.24000549316406,199.24000549316406
2023-08-23,200.6199951171875,200.6199951171875
2023-08-24,201.17999267578125,201.17999267578125
2023-08-25,200.8000030517578,200.8000030517578
2023-08-28,200.6699981689453,200.6699981689453
2023-08-29,201.6999969482422,201.6999969482422
2023-08-30,201.52999877929688,201.52999877929688
2023-08-31,201.7899932861328,201.7899932861328
2023-09-01,201.25999450683594,201.25999450683594
2023-09-04,201.08999633789062,201.08999633789062
2023-09-05,200.52999877929688,200.52999877929688
2023-09-06,200.00999450683594,200.00999450683594
2023-09-07,200.27000427246094,200.27000427246094
2023-09-08,200.80999755859375,200.80999755859375
2023-09-11,199.78500366210938,199.78500366210938
2023-09-12,199.83999633789062,199.83999633789062
2023-09-13,200.1199951171875,200.1199951171875
2023-09-14,200.2100067138672,200.2100067138672
2023-09-15,199.6649932861328,199.6649932861328
2023-09-18,199.22500610351562,199.22500610351562
2023-09-19,199.18499755859375,199.18499755859375
2023-09-20,199.5,199.5
2023-09-21,198.3800048828125,198.3800048828125
2023-09-22,198.69500732421875,198.69500732421875
2023-09-25,197.93499755859375,197.93499755859375
2023-09-26,197.6699981689453,197.6699981689453
2023-09-27,197.35499572753906,197.35499572753906
2023-09-28,196.39999389648438,196.39999389648438
2023-09-29,197.35000610351562,197.35000610351562
2023-10-02,196.33999633789062,196.33999633789062
2023-10-03,195.42999267578125,195.42999267578125
2023-10-04,195.9600067138672,195.9600067138672
2023-10-05,196.08999633789062,196.08999633789062
2023-10-06,195.8000030517578,195.8000030517578
2023-10-09,196.86000061035156,196.86000061035156
2023-10-10,197.55999755859375,197.55999755859375
2023-10-11,198.3000030517578,198.3000030517578
2023-10-12,197.33999633789062,197.33999633789062
2023-10-13,197.7100067138672,197.7100067138672
2023-10-16,197.05999755859375,197.05999755859375
2023-10-17,195.97000122070312,195.97000122070312
2023-10-18,195.07000732421875,195.07000732421875
2023-10-19,195.27499389648438,195.27499389648438
2023-10-20,195.4149932861328,195.4149932861328
2023-10-23,195.7949981689453,195.7949981689453
2023-10-24,195.5449981689453,195.5449981689453
2023-10-25,195.36000061035156,195.36000061035156
2023-10-26,195.48500061035156,195.48500061035156
2023-10-27,195.97999572753906,195.97999572753906
2023-10-30,195.77000427246094,195.77000427246094
2023-10-31,196.0850067138672,196.0850067138672
2023-11-01,196.59500122070312,196.59500122070312
2023-11-02,197.7050018310547,197.7050018310547
2023-11-03,199.02999877929688,199.02999877929688
2023-11-06,198.05499267578125,198.05499267578125
2023-11-07,198.8800048828125,198.8800048828125
2023-11-08,199.5449981689453,199.5449981689453
2023-11-09,199.2100067138672,199.2100067138672
2023-11-10,198.5500030517578,198.5500030517578
2023-11-13,198.3800048828125,198.3800048828125
2023-11-14,200.22999572753906,200.22999572753906
2023-11-15,199.86500549316406,199.86500549316406
2023-11-16,200.38999938964844,200.38999938964844
2023-11-17,200.4499969482422,200.4499969482422
2023-11-20,200.4499969482422,200.4499969482422
2023-11-21,201.0800018310547,201.0800018310547
2023-11-22,201.0399932861328,201.0399932861328
2023-11-23,200.72999572753906,200.72999572753906
2023-11-24,200.3300018310547,200.3300018310547
2023-11-27,200.82000732421875,200.82000732421875
2023-11-28,201.83999633789062,201.83999633789062
2023-11-29,202.69000244140625,202.69000244140625
2023-11-30,202.0399932861328,202.0399932861328
2023-12-01,202.9499969482422,202.9499969482422
2023-12-04,202.9499969482422,202.9499969482422
2023-12-05,202.9499969482422,202.9499969482422
2023-12-06,202.9499969482422,202.9499969482422
2023-12-07,204.86000061035156,204.86000061035156
2023-12-08,203.60000610351562,203.60000610351562
2023-12-11,203.52000427246094,203.52000427246094
2023-12-12,204.1300048828125,204.1300048828125
2023-12-13,204.86000061035156,204.86000061035156
2023-12-14,207.27999877929688,207.27999877929688
2023-12-15,207.75,207.75
2023-12-18,207.13999938964844,207.13999938964844
2023-12-19,208.0,208.0
2023-12-20,208.67999267578125,208.67999267578125
2023-12-21,208.88999938964844,208.88999938964844
2023-12-22,209.60000610351562,209.60000610351562
2023-12-27,209.1699981689453,209.1699981689453
2023-12-28,209.27000427246094,209.27000427246094
2023-12-29,208.36000061035156,208.36000061035156
2024-01-02,207.60000610351562,207.60000610351562
2024-01-03,207.58999633789062,207.58999633789062
2024-01-04,207.1999969482422,207.1999969482422
2024-01-05,206.80999755859375,206.80999755859375
2024-01-08,207.1199951171875,207.1199951171875
2024-01-09,206.6300048828125,206.6300048828125
2024-01-10,206.8000030517578,206.8000030517578
2024-01-11,206.5500030517578,206.5500030517578
2024-01-12,207.72000122070312,207.72000122070312
2024-01-15,207.25,207.25
2024-01-16,206.72000122070312,206.72000122070312
2024-01-17,205.75,205.75
2024-01-18,205.35000610351562,205.35000610351562
2024-01-19,205.24000549316406,205.24000549316406
2024-01-22,205.83999633789062,205.83999633789062
2024-01-23,205.02000427246094,205.02000427246094
2024-01-24,205.1199951171875,205.1199951171875
2024-01-25,205.44000244140625,205.44000244140625
2024-01-26,205.61000061035156,205.61000061035156
2024-01-29,205.8800048828125,205.8800048828125
2024-01-30,205.9600067138672,205.9600067138672
2024-01-31,207.1699981689453,207.1699981689453
2024-02-01,207.99000549316406,207.99000549316406
2024-02-02,206.49000549316406,206.49000549316406
2024-02-05,205.1999969482422,205.1999969482422
2024-02-06,205.49000549316406,205.49000549316406
2024-02-07,205.6300048828125,205.6300048828125
2024-02-08,205.1300048828125,205.1300048828125
2024-02-09,204.75999450683594,204.75999450683594
2024-02-12,204.97999572753906,204.97999572753906
2024-02-13,204.22999572753906,204.22999572753906
2024-02-14,204.5399932861328,204.5399932861328
2024-02-15,204.77000427246094,204.77000427246094
2024-02-16,204.2100067138672,204.2100067138672
2024-02-19,204.3000030517578,204.3000030517578
2024-02-20,204.67999267578125,204.67999267578125
2024-02-21,204.27999877929688,204.27999877929688
2024-02-22,204.1999969482422,204.1999969482422
2024-02-23,205.1999969482422,205.1999969482422
2024-02-26,204.6300048828125,204.6300048828125
2024-02-27,204.47999572753906,204.47999572753906
2024-02-28,204.4199981689453,204.4199981689453
2024-02-29,205.10000610351562,205.10000610351562
2024-03-01,205.1699981689453,205.1699981689453
2024-03-04,205.36000061035156,205.36000061035156
2024-03-05,206.25999450683594,206.25999450683594
2024-03-06,206.67999267578125,206.67999267578125
2024-03-07,206.7100067138672,206.7100067138672
2024-03-08,206.97999572753906,206.97999572753906
2024-03-11,206.64999389648438,206.64999389648438
2024-03-12,206.33999633789062,206.33999633789062
2024-03-13,206.02999877929688,206.02999877929688
2024-03-14,205.0,205.0
2024-03-15,204.97999572753906,204.97999572753906
2024-03-18,204.75,204.75
2024-03-19,205.00999450683594,205.00999450683594
2024-03-20,205.2899932861328,205.2899932861328
2024-03-21,205.52999877929688,205.52999877929688
2024-03-22,206.13999938964844,206.13999938964844
2024-03-25,205.72999572753906,205.72999572753906
2024-03-26,205.8800048828125,205.8800048828125
2024-03-27,206.64999389648438,206.64999389648438
2024-03-28,206.49000549316406,206.49000549316406
2024-04-02,204.6300048828125,204.6300048828125
2024-04-03,204.72000122070312,204.72000122070312
2024-04-04,205.44000244140625,205.44000244140625
2024-04-05,204.7899932861328,204.7899932861328
2024-04-08,204.5,204.5
2024-04-09,205.14999389648438,205.14999389648438
2024-04-10,203.97000122070312,203.97000122070312
2024-04-11,203.0,203.0
2024-04-12,203.97999572753906,203.97999572753906
2024-04-15,203.0,203.0
2024-04-16,202.50999450683594,202.50999450683594
2024-04-17,202.77999877929688,202.77999877929688
2024-04-18,202.77000427246094,202.77000427246094
2024-04-19,202.91000366210938,202.91000366210938
2024-04-22,202.97000122070312,202.97000122070312
2024-04-23,203.0,203.0
2024-04-24,201.97000122070312,201.97000122070312
2024-04-25,201.67999267578125,201.67999267578125
2024-04-26,202.25,202.25
2024-04-29,202.8699951171875,202.8699951171875
2024-04-30,202.36000061035156,202.36000061035156
2024-05-02,202.61000061035156,202.61000061035156
2024-05-03,203.64999389648438,203.64999389648438
2024-05-06,204.02999877929688,204.02999877929688
2024-05-07,204.63999938964844,204.63999938964844
2024-05-08,204.07000732421875,204.07000732421875
2024-05-09,203.97999572753906,203.97999572753906
2024-05-10,203.69000244140625,203.69000244140625
2024-05-13,203.6999969482422,203.6999969482422
2024-05-14,203.60000610351562,203.60000610351562
2024-05-15,204.94000244140625,204.94000244140625
2024-05-16,204.8800048828125,204.8800048828125
2024-05-17,204.3000030517578,204.3000030517578
2024-05-20,203.97000122070312,203.97000122070312
2024-05-21,204.25,204.25
2024-05-22,203.9199981689453,203.9199981689453
2024-05-23,203.0,203.0
2024-05-24,203.4600067138672,203.4600067138672
2024-05-27,203.75999450683594,203.75999450683594
2024-05-28,203.4199981689453,203.4199981689453
2024-05-29,202.07000732421875,202.07000732421875
2024-05-30,202.4199981689453,202.4199981689453
2024-05-31,203.02999877929688,203.02999877929688
2024-06-03,203.97999572753906,203.97999572753906
2024-06-04,204.5500030517578,204.5500030517578
2024-06-05,205.24000549316406,205.24000549316406
2024-06-06,205.16000366210938,205.16000366210938
2024-06-07,204.07000732421875,204.07000732421875
2024-06-10,203.00999450683594,203.00999450683594
2024-06-11,203.5,203.5
2024-06-12,205.25999450683594,205.25999450683594
2024-06-13,205.25,205.25
2024-06-14,205.8800048828125,205.8800048828125
2024-06-17,205.5800018310547,205.5800018310547
2024-06-18,205.9199981689453,205.9199981689453
2024-06-19,205.6999969482422,205.6999969482422
2024-06-20,205.33999633789062,205.33999633789062
2024-06-21,205.50999450683594,205.50999450683594
2024-06-24,205.63999938964844,205.63999938964844
2024-06-25,205.58999633789062,205.58999633789062
2024-06-26,204.89999389648438,204.89999389648438
2024-06-27,204.9600067138672,204.9600067138672
2024-06-28,204.64999389648438,204.64999389648438
2024-07-01,203.1999969482422,203.1999969482422
2024-07-02,203.69000244140625,203.69000244140625
2024-07-03,204.72000122070312,204.72000122070312
2024-07-04,204.19000244140625,204.19000244140625
2024-07-05,205.1300048828125,205.1300048828125
2024-07-08,205.2100067138672,205.2100067138672
2024-07-09,204.72999572753906,204.72999572753906
2024-07-10,205.1699981689453,205.1699981689453
2024-07-11,206.41000366210938,206.41000366210938
2024-07-12,206.16000366210938,206.16000366210938
2024-07-15,206.08999633789062,206.08999633789062
2024-07-16,206.97000122070312,206.97000122070312
2024-07-17,206.88999938964844,206.88999938964844
2024-07-18,207.0399932861328,207.0399932861328
2024-07-19,206.0800018310547,206.0800018310547
2024-07-22,205.9600067138672,205.9600067138672
2024-07-23,206.33999633789062,206.33999633789062
2024-07-24,206.2899932861328,206.2899932861328
2024-07-25,206.44000244140625,206.44000244140625
2024-07-26,206.7100067138672,206.7100067138672
2024-07-29,207.24000549316406,207.24000549316406
2024-07-30,207.05999755859375,207.05999755859375
2024-07-31,208.60000610351562,208.60000610351562
2024-08-01,208.99000549316406,208.99000549316406
2024-08-02,211.07000732421875,211.07000732421875
2024-08-05,211.49000549316406,211.49000549316406
2024-08-06,210.52000427246094,210.52000427246094
2024-08-07,209.5,209.5
2024-08-08,209.1999969482422,209.1999969482422
2024-08-09,209.8300018310547,209.8300018310547
2024-08-12,209.91000366210938,209.91000366210938
2024-08-13,210.52000427246094,210.52000427246094
2024-08-14,211.25,211.25
2024-08-15,210.0800018310547,210.0800018310547
2024-08-16,209.8699951171875,209.8699951171875
2024-08-19,210.35000610351562,210.35000610351562
2024-08-20,210.6699981689453,210.6699981689453
2024-08-21,210.86000061035156,210.86000061035156
2024-08-22,210.4600067138672,210.4600067138672
2024-08-23,210.8800048828125,210.8800048828125
2024-08-26,210.86000061035156,210.86000061035156
2024-08-27,210.3699951171875,210.3699951171875
2024-08-28,210.69000244140625,210.69000244140625
2024-08-29,210.36000061035156,210.36000061035156
2024-08-30,210.39999389648438,210.39999389648438
2024-09-02,209.77999877929688,209.77999877929688
2024-09-03,210.39999389648438,210.39999389648438
2024-09-04,211.5399932861328,211.5399932861328
2024-09-05,211.69000244140625,211.69000244140625
2024-09-06,212.61000061035156,212.61000061035156
2024-09-09,212.10000610351562,212.10000610351562
2024-09-10,212.5399932861328,212.5399932861328
2024-09-11,213.19000244140625,213.19000244140625
2024-09-12,212.74000549316406,212.74000549316406
2024-09-13,212.85000610351562,212.85000610351562
2024-09-16,213.33999633789062,213.33999633789062
2024-09-17,213.32000732421875,213.32000732421875
2024-09-18,212.4499969482422,212.4499969482422
2024-09-19,212.2899932861328,212.2899932861328
2024-09-20,212.07000732421875,212.07000732421875
2024-09-23,211.9499969482422,211.9499969482422
2024-09-24,212.25,212.25
2024-09-25,211.97999572753906,211.97999572753906
2024-09-26,211.8800048828125,211.8800048828125
2024-09-27,212.11000061035156,212.11000061035156
2024-09-30,211.9499969482422,211.9499969482422
2024-10-01,213.10000610351562,213.10000610351562
2024-10-02,212.19000244140625,212.19000244140625
2024-10-03,211.94000244140625,211.94000244140625
2024-10-04,210.4499969482422,210.4499969482422
2024-10-07,209.9199981689453,209.9199981689453
2024-10-08,209.74000549316406,209.74000549316406
2024-10-09,210.0800018310547,210.0800018310547
2024-10-10,210.19000244140625,210.19000244140625
2024-10-11,209.58999633789062,209.58999633789062
2024-10-14,209.5800018310547,209.5800018310547
2024-10-15,210.13999938964844,210.13999938964844
2024-10-16,211.07000732421875,211.07000732421875
2024-10-17,210.10000610351562,210.10000610351562
2024-10-18,210.41000366210938,210.41000366210938
2024-10-21,209.4499969482422,209.4499969482422
2024-10-22,209.0800018310547,209.0800018310547
2024-10-23,209.02999877929688,209.02999877929688
2024-10-24,209.27999877929688,209.27999877929688
2024-10-25,209.1300048828125,209.1300048828125
2024-10-28,208.61000061035156,208.61000061035156
2024-10-29,208.27999877929688,208.27999877929688
2024-10-30,208.75,208.75
2024-10-31,208.38999938964844,208.38999938964844
2024-11-01,207.7100067138672,207.7100067138672
2024-11-04,207.8800048828125,207.8800048828125
2024-11-05,207.97999572753906,207.97999572753906
2024-11-06,205.9600067138672,205.9600067138672
2024-11-07,207.47000122070312,207.47000122070312
2024-11-08,208.07000732421875,208.07000732421875
2024-11-11,208.3300018310547,208.3300018310547
2024-11-12,207.74000549316406,207.74000549316406
2024-11-13,207.4600067138672,207.4600067138672
2024-11-14,207.77999877929688,207.77999877929688
2024-11-15,207.6699981689453,207.6699981689453
2024-11-18,207.5399932861328,207.5399932861328
2024-11-19,207.85000610351562,207.85000610351562
2024-11-20,207.9499969482422,207.9499969482422
2024-11-21,207.58999633789062,207.58999633789062
2024-11-22,208.11000061035156,208.11000061035156
2024-11-25,209.05999755859375,209.05999755859375
2024-11-26,209.02000427246094,209.02000427246094
2024-11-27,209.72999572753906,209.72999572753906
2024-11-28,209.88999938964844,209.88999938964844
2024-11-29,210.47999572753906,210.47999572753906
2024-12-02,210.75999450683594,210.75999450683594
2024-12-03,210.67999267578125,210.67999267578125
2024-12-04,211.13999938964844,211.13999938964844
2024-12-05,210.61000061035156,210.61000061035156
2024-12-06,211.0800018310547,211.0800018310547
2024-12-09,211.24000549316406,211.24000549316406
2024-12-10,210.61000061035156,210.61000061035156
2024-12-11,210.35000610351562,210.35000610351562
2024-12-12,209.63999938964844,209.63999938964844
2024-12-13,209.3699951171875,209.3699951171875
2024-12-16,208.80999755859375,208.80999755859375
2024-12-17,208.6699981689453,208.6699981689453
2024-12-18,208.83999633789062,208.83999633789062
2024-12-19,208.0500030517578,208.0500030517578
2024-12-20,207.77999877929688,207.77999877929688
2024-12-23,207.52999877929688,207.52999877929688
2024-12-27,207.27000427246094,207.27000427246094
2024-12-30,207.5,207.5
2025-01-02,208.02000427246094,208.02000427246094
2025-01-03,207.36000061035156,207.36000061035156
2025-01-06,207.0800018310547,207.0800018310547
2025-01-07,206.3800048828125,206.3800048828125
2025-01-08,206.07000732421875,206.07000732421875
2025-01-09,206.0500030517578,206.0500030517578
2025-01-10,205.36000061035156,205.36000061035156
2025-01-13,205.32000732421875,205.32000732421875
2025-01-14,204.9199981689453,204.9199981689453
2025-01-15,206.0800018310547,206.0800018310547
2025-01-16,206.82000732421875,206.82000732421875
2025-01-17,206.8699951171875,206.8699951171875
2025-01-20,207.0,207.0
2025-01-21,207.3800048828125,207.3800048828125
2025-01-22,207.13999938964844,207.13999938964844
2025-01-23,206.85000610351562,206.85000610351562
2025-01-24,206.66000366210938,206.66000366210938
2025-01-27,207.4499969482422,207.4499969482422
2025-01-28,207.3000030517578,207.3000030517578
2025-01-29,207.60000610351562,207.60000610351562
2025-01-30,207.72000122070312,207.72000122070312
2025-01-31,207.92999267578125,207.92999267578125
2025-02-03,208.61000061035156,208.61000061035156
2025-02-04,208.2899932861328,208.2899932861328
2025-02-05,209.3300018310547,209.3300018310547
2025-02-06,209.1300048828125,209.1300048828125
2025-02-07,208.5,208.5
2025-02-10,208.8000030517578,208.8000030517578
2025-02-11,208.5,208.5
2025-02-12,207.33999633789062,207.33999633789062
2025-02-13,208.38999938964844,208.38999938964844
2025-02-14,208.5500030517578,208.5500030517578
2025-02-17,207.9499969482422,207.9499969482422
2025-02-18,207.74000549316406,207.74000549316406
2025-02-19,207.36000061035156,207.36000061035156
2025-02-20,207.50999450683594,207.50999450683594
2025-02-21,208.22999572753906,208.22999572753906
2025-02-24,208.4199981689453,208.4199981689453
2025-02-25,209.3300018310547,209.3300018310547
2025-02-26,209.44000244140625,209.44000244140625
2025-02-27,209.8300018310547,209.8300018310547
2025-02-28,210.24000549316406,210.24000549316406
2025-03-03,209.83999633789062,209.83999633789062
2025-03-04,210.47000122070312,210.47000122070312
2025-03-05,208.6999969482422,208.6999969482422
2025-03-06,207.25999450683594,207.25999450683594
2025-03-07,207.8699951171875,207.8699951171875
2025-03-10,207.83999633789062,207.83999633789062
2025-03-11,207.58999633789062,207.58999633789062
2025-03-12,207.10000610351562,207.10000610351562
2025-03-13,207.3000030517578,207.3000030517578
2025-03-14,207.32000732421875,207.32000732421875
2025-03-17,208.13999938964844,208.13999938964844
2025-03-18,207.74000549316406,207.74000549316406
2025-03-19,207.99000549316406,207.99000549316406
2025-03-20,208.0500030517578,208.0500030517578
2025-03-21,208.2100067138672,208.2100067138672
2025-03-24,207.80999755859375,207.80999755859375
2025-03-25,207.72000122070312,207.72000122070312
2025-03-26,207.50999450683594,207.50999450683594
2025-03-27,207.13999938964844,207.13999938964844
2025-03-28,208.39999389648438,208.39999389648438
2025-03-31,208.6300048828125,208.6300048828125
2025-04-01,209.2899932861328,209.2899932861328
2025-04-02,209.13999938964844,209.13999938964844
2025-04-03,210.6699981689453,210.6699981689453
2025-04-04,214.0,214.0
2025-04-07,210.3800048828125,210.3800048828125
2025-04-08,209.1999969482422,209.1999969482422
2025-04-09,207.64999389648438,207.64999389648438
2025-04-10,208.30999755859375,208.30999755859375
2025-04-11,207.58999633789062,207.58999633789062
2025-04-14,208.22000122070312,208.22000122070312
2025-04-15,208.77000427246094,208.77000427246094
2025-04-16,209.38999938964844,209.38999938964844
2025-04-17,209.07000732421875,209.07000732421875
2025-04-22,209.10000610351562,209.10000610351562
2025-04-23,209.27999877929688,209.27999877929688
2025-04-24,210.0,210.0
2025-04-25,209.97999572753906,209.97999572753906
2025-04-28,210.07000732421875,210.07000732421875
2025-04-29,210.64999389648438,210.64999389648438
2025-04-30,211.0800018310547,211.0800018310547
2025-05-02,209.86000061035156,209.86000061035156
2025-05-05,209.02000427246094,209.02000427246094
2025-05-06,209.22000122070312,209.22000122070312
2025-05-07,210.10000610351562,210.10000610351562
2025-05-08,209.32000732421875,209.32000732421875
2025-05-09,208.9600067138672,208.9600067138672
2025-05-12,208.05999755859375,208.05999755859375
2025-05-13,207.64999389648438,207.64999389648438
2025-05-14,207.24000549316406,207.24000549316406
2025-05-15,207.83999633789062,207.83999633789062
2025-05-16,208.39999389648438,208.39999389648438
2025-05-19,208.08999633789062,208.08999633789062
2025-05-20,207.50999450683594,207.50999450683594
2025-05-21,207.1699981689453,207.1699981689453
2025-05-22,206.7899932861328,206.7899932861328
2025-05-23,207.3800048828125,207.3800048828125
2025-05-26,207.97999572753906,207.97999572753906
2025-05-27,208.50999450683594,208.50999450683594
2025-05-28,208.07000732421875,208.07000732421875
2025-05-29,208.66000366210938,208.66000366210938
2025-05-30,208.7899932861328,208.7899932861328
2025-06-02,208.47000122070312,208.47000122070312
2025-06-03,208.66000366210938,208.66000366210938
2025-06-04,208.77999877929688,208.77999877929688
2025-06-05,208.80999755859375,208.80999755859375
2025-06-06,208.47999572753906,208.47999572753906
2025-06-09,208.41000366210938,208.41000366210938
2025-06-10,208.8699951171875,208.8699951171875
2025-06-11,209.17999267578125,209.17999267578125
2025-06-12,209.74000549316406,209.74000549316406
2025-06-13,208.82000732421875,208.82000732421875
2025-06-16,209.0800018310547,209.0800018310547
2025-06-17,208.97000122070312,208.97000122070312
2025-06-18,209.38999938964844,209.38999938964844
2025-06-19,208.77000427246094,208.77000427246094
2025-06-20,209.36000061035156,209.36000061035156
2025-06-23,209.80999755859375,209.80999755859375
2025-06-24,209.82000732421875,209.82000732421875
2025-06-25,209.92999267578125,209.92999267578125
2025-06-26,209.97999572753906,209.97999572753906
2025-06-27,209.8000030517578,209.8000030517578
2025-06-30,209.86000061035156,209.86000061035156
2025-07-01,209.63999938964844,209.63999938964844
2025-07-02,209.55999755859375,209.55999755859375
2025-07-03,209.86000061035156,209.86000061035156
2025-07-04,209.8300018310547,209.8300018310547
2025-07-07,208.85000610351562,208.85000610351562
2025-07-08,208.4199981689453,208.4199981689453
2025-07-09,208.6699981689453,208.6699981689453
2025-07-10,208.5,208.5
2025-07-11,208.30999755859375,208.30999755859375
2025-07-14,207.89999389648438,207.89999389648438
2025-07-15,207.74000549316406,207.74000549316406
2025-07-16,207.8699951171875,207.8699951171875
2025-07-17,208.1300048828125,208.1300048828125
2025-07-18,208.19000244140625,208.19000244140625
2025-07-21,209.02000427246094,209.02000427246094
2025-07-22,209.35000610351562,209.35000610351562
2025-07-23,208.97000122070312,208.97000122070312
2025-07-24,208.47999572753906,208.47999572753906
2025-07-25,208.3000030517578,208.3000030517578
2025-07-28,208.47999572753906,208.47999572753906
2025-07-29,208.8800048828125,208.8800048828125
2025-07-30,208.83999633789062,208.83999633789062
2025-07-31,208.57000732421875,208.57000732421875
2025-08-01,209.74000549316406,209.74000549316406
2025-08-04,210.25,210.25
2025-08-05,210.7100067138672,210.7100067138672
2025-08-06,210.05999755859375,210.05999755859375
2025-08-07,210.3000030517578,210.3000030517578
2025-08-08,209.57000732421875,209.57000732421875
2025-08-11,209.47999572753906,209.47999572753906
2025-08-12,209.3699951171875,209.3699951171875
2025-08-13,210.02999877929688,210.02999877929688
2025-08-14,209.1300048828125,209.1300048828125
2025-08-15,208.86000061035156,208.86000061035156
2025-08-18,208.52999877929688,208.52999877929688
2025-08-19,208.67999267578125,208.67999267578125
2025-08-20,209.1300048828125,209.1300048828125
2025-08-21,209.22000122070312,209.22000122070312
2025-08-22,209.2100067138672,209.2100067138672
2025-08-25,208.7899932861328,208.7899932861328
2025-08-26,209.24000549316406,209.24000549316406
2025-08-27,208.97999572753906,208.97999572753906
2025-08-28,209.2100067138672,209.2100067138672
2025-08-29,209.14999389648438,209.14999389648438
2025-09-01,208.86000061035156,208.86000061035156
2025-09-02,208.42999267578125,208.42999267578125
2025-09-03,209.25,209.25
2025-09-04,209.49000549316406,209.49000549316406
2025-09-05,210.44000244140625,210.44000244140625
2025-09-08,210.74000549316406,210.74000549316406
2025-09-09,210.5,210.5
2025-09-10,210.72999572753906,210.72999572753906
2025-09-11,211.25999450683594,211.25999450683594
2025-09-12,210.4499969482422,210.4499969482422
2025-09-15,211.05999755859375,211.05999755859375
2025-09-16,210.8300018310547,210.8300018310547
2025-09-17,211.39999389648438,211.39999389648438
2025-09-18,210.3699951171875,210.3699951171875
2025-09-19,209.72000122070312,209.72000122070312
2025-09-22,209.91000366210938,209.91000366210938
2025-09-23,210.0800018310547,210.0800018310547
2025-09-24,210.1199951171875,210.1199951171875
2025-09-25,209.64999389648438,209.64999389648438
2025-09-26,209.88999938964844,209.88999938964844
2025-09-29,210.50999450683594,210.50999450683594
2025-09-30,210.41000366210938,210.41000366210938
2025-10-01,210.7899932861328,210.7899932861328
2025-10-02,210.75999450683594,210.75999450683594
2025-10-03,210.8300018310547,210.8300018310547
2025-10-06,210.30999755859375,210.30999755859375
2025-10-07,210.42999267578125,210.42999267578125
2025-10-08,210.75,210.75
2025-10-09,210.52000427246094,210.52000427246094
2025-10-10,211.00999450683594,211.00999450683594
2025-10-13,211.5800018310547,211.5800018310547
2025-10-14,211.36000061035156,211.36000061035156
2025-10-15,212.00999450683594,212.00999450683594
2025-10-16,212.0,212.0
2025-10-17,212.1699981689453,212.1699981689453
2025-10-20,212.27999877929688,212.27999877929688
2025-10-21,212.69000244140625,212.69000244140625
2025-10-22,212.75,212.75
2025-10-23,212.39999389648438,212.39999389648438
2025-10-24,212.10580444335938,212.10580444335938
2025-10-27,212.11000061035156,212.11000061035156
2025-10-28,212.7100067138672,212.7100067138672
2025-10-29,212.57000732421875,212.57000732421875
2025-10-30,211.64999389648438,211.64999389648438
2025-10-31,211.99000549316406,211.99000549316406
2025-11-03,211.13999938964844,211.13999938964844
2025-11-04,212.05999755859375,212.05999755859375
2025-11-05,211.10000610351562,211.10000610351562
2025-11-06,211.9600067138672,211.9600067138672
2025-11-07,211.75999450683594,211.75999450683594
2025-11-10,211.6300048828125,211.6300048828125
2025-11-11,212.02000427246094,212.02000427246094
2025-11-12,211.94000244140625,211.94000244140625
2025-11-13,211.32000732421875,211.32000732421875
2025-11-14,211.00999450683594,211.00999450683594
2025-11-17,211.17999267578125,211.17999267578125
2025-11-18,210.7899932861328,210.7899932861328
2025-11-19,210.8000030517578,210.8000030517578
2025-11-20,211.16000366210938,211.16000366210938
2025-11-21,211.27000427246094,211.27000427246094
2025-11-24,211.24000549316406,211.24000549316406
2025-11-25,211.86000061035156,211.86000061035156
2025-11-26,211.60000610351562,211.60000610351562
2025-11-27,211.72000122070312,211.72000122070312
2025-11-28,211.77999877929688,211.77999877929688
2025-12-01,210.97000122070312,210.97000122070312
2025-12-02,210.9199981689453,210.9199981689453
2025-12-03,211.00999450683594,211.00999450683594
2025-12-04,211.10000610351562,211.10000610351562
2025-12-05,210.2899932861328,210.2899932861328
2025-12-08,209.85000610351562,209.85000610351562
2025-12-09,210.30999755859375,210.30999755859375
2025-12-10,210.0,210.0
2025-12-11,210.36000061035156,210.36000061035156
2025-12-12,209.89999389648438,209.89999389648438
2025-12-15,210.05999755859375,210.05999755859375
2025-12-16,210.3000030517578,210.3000030517578
2025-12-17,210.24000549316406,210.24000549316406
2025-12-18,210.5500030517578,210.5500030517578
2025-12-19,210.22000122070312,210.22000122070312
2025-12-22,209.57000732421875,209.57000732421875
2025-12-23,209.8699951171875,209.8699951171875
2025-12-29,210.8699951171875,210.8699951171875
2025-12-30,210.16000366210938,210.16000366210938
2026-01-02,210.3800048828125,210.3800048828125
