date,close,adj_close
2014-12-01,44.70000076293945,22.79155731201172
2014-12-02,44.2599983215332,22.56720733642578
2014-12-03,44.2400016784668,22.557016372680664
2014-12-04,44.119998931884766,22.495826721191406
2014-12-05,43.65999984741211,22.261289596557617
2014-12-08,43.34000015258789,22.098125457763672
2014-12-09,43.29999923706055,22.077722549438477
2014-12-10,43.18000030517578,22.016544342041016
2014-12-11,42.79999923706055,21.822799682617188
2014-12-12,42.439998626708984,21.639232635498047
2014-12-15,41.97999954223633,21.404682159423828
2014-12-16,41.47999954223633,21.149755477905273
2014-12-17,42.2400016784668,21.537263870239258
2014-12-18,42.560001373291016,21.700424194335938
2014-12-19,42.880001068115234,21.863584518432617
2014-12-22,42.7400016784668,21.792198181152344
2014-12-23,42.47999954223633,21.659635543823242
2014-12-24,42.619998931884766,21.73100471496582
2014-12-26,42.52000045776367,21.680015563964844
2014-12-29,42.31999969482422,21.67592430114746
2014-12-30,42.540000915527344,21.788606643676758
2014-12-31,42.34000015258789,21.686166763305664
2015-01-02,42.040000915527344,21.532512664794922
2015-01-05,41.779998779296875,21.399335861206055
2015-01-06,41.84000015258789,21.430076599121094
2015-01-07,42.13999938964844,21.58372688293457
2015-01-08,42.31999969482422,21.67592430114746
2015-01-09,42.540000915527344,21.788606643676758
2015-01-12,42.400001525878906,21.716903686523438
2015-01-13,42.2400016784668,21.634960174560547
2015-01-14,42.560001373291016,21.798843383789062
2015-01-15,42.36000061035156,21.6964111328125
2015-01-16,42.540000915527344,21.788606643676758
2015-01-20,42.540000915527344,21.788606643676758
2015-01-21,42.459999084472656,21.747631072998047
2015-01-22,42.720001220703125,21.880802154541016
2015-01-23,42.880001068115234,21.962759017944336
2015-01-26,42.86000061035156,21.95250129699707
2015-01-27,42.939998626708984,21.993486404418945
2015-01-28,42.63999938964844,21.839826583862305
2015-01-29,42.540000915527344,21.788606643676758
2015-01-30,42.36000061035156,21.6964111328125
2015-02-02,42.400001525878906,21.805452346801758
2015-02-03,42.58000183105469,21.89801025390625
2015-02-04,42.08000183105469,21.6408748626709
2015-02-05,42.31999969482422,21.76428985595703
2015-02-06,41.900001525878906,21.548290252685547
2015-02-09,41.7599983215332,21.476295471191406
2015-02-10,41.36000061035156,21.270593643188477
2015-02-11,40.91999816894531,21.044315338134766
2015-02-12,41.31999969482422,21.250032424926758
2015-02-13,41.52000045776367,21.35286521911621
2015-02-17,41.459999084472656,21.322019577026367
2015-02-18,41.560001373291016,21.373449325561523
2015-02-19,41.36000061035156,21.270593643188477
2015-02-20,41.41999816894531,21.301450729370117
2015-02-23,41.2599983215332,21.219154357910156
2015-02-24,41.599998474121094,21.39402198791504
2015-02-25,41.619998931884766,21.4043025970459
2015-02-26,41.540000915527344,21.363161087036133
2015-02-27,41.439998626708984,21.311725616455078
2015-03-02,40.959999084472656,21.164997100830078
2015-03-03,40.939998626708984,21.154644012451172
2015-03-04,40.619998931884766,20.989301681518555
2015-03-05,40.400001525878906,20.875612258911133
2015-03-06,39.58000183105469,20.451902389526367
2015-03-09,39.47999954223633,20.400232315063477
2015-03-10,39.02000045776367,20.16254997253418
2015-03-11,39.20000076293945,20.255552291870117
2015-03-12,39.34000015258789,20.327892303466797
2015-03-13,38.86000061035156,20.079866409301758
2015-03-16,39.02000045776367,20.16254997253418
2015-03-17,39.15999984741211,20.23488998413086
2015-03-18,39.880001068115234,20.60692024230957
2015-03-19,39.65999984741211,20.493242263793945
2015-03-20,40.18000030517578,20.761945724487305
2015-03-23,40.7599983215332,21.061643600463867
2015-03-24,40.91999816894531,21.144315719604492
2015-03-25,40.65999984741211,21.009965896606445
2015-03-26,40.41999816894531,20.885944366455078
2015-03-27,40.2400016784668,20.792940139770508
2015-03-30,40.15999984741211,20.751602172851562
2015-03-31,40.2400016784668,20.792940139770508
2015-04-01,40.380001068115234,20.960092544555664
2015-04-02,40.560001373291016,21.053504943847656
2015-04-06,41.20000076293945,21.38572120666504
2015-04-07,40.959999084472656,21.26115608215332
2015-04-08,41.2400016784668,21.406482696533203
2015-04-09,41.040000915527344,21.30268096923828
2015-04-10,40.86000061035156,21.20923614501953
2015-04-13,40.52000045776367,21.032752990722656
2015-04-14,40.79999923706055,21.17809295654297
2015-04-15,40.880001068115234,21.219627380371094
2015-04-16,41.060001373291016,21.313051223754883
2015-04-17,40.939998626708984,21.250755310058594
2015-04-20,40.65999984741211,21.105422973632812
2015-04-21,40.619998931884766,21.084665298461914
2015-04-22,40.619998931884766,21.084665298461914
2015-04-23,40.70000076293945,21.12618637084961
2015-04-24,40.779998779296875,21.16771125793457
2015-04-27,41.0,21.281904220581055
2015-04-28,41.31999969482422,21.448007583618164
2015-04-29,41.400001525878906,21.489532470703125
2015-04-30,41.08000183105469,21.323442459106445
2015-05-01,40.70000076293945,21.226425170898438
2015-05-04,40.619998931884766,21.18470001220703
2015-05-05,40.86000061035156,21.309873580932617
2015-05-06,40.86000061035156,21.309873580932617
2015-05-07,40.720001220703125,21.23685646057129
2015-05-08,40.97999954223633,21.372451782226562
2015-05-11,40.47999954223633,21.111692428588867
2015-05-12,40.540000915527344,21.14298439025879
2015-05-13,40.81999969482422,21.289005279541016
2015-05-14,41.15999984741211,21.466331481933594
2015-05-15,41.34000015258789,21.560213088989258
2015-05-18,41.08000183105469,21.42461585998535
2015-05-19,40.86000061035156,21.309873580932617
2015-05-20,40.84000015258789,21.299442291259766
2015-05-21,40.84000015258789,21.299442291259766
2015-05-22,40.63999938964844,21.195138931274414
2015-05-26,40.060001373291016,20.892650604248047
2015-05-27,39.939998626708984,20.83007049560547
2015-05-28,39.900001525878906,20.8091983795166
2015-05-29,39.91999816894531,20.819623947143555
2015-06-01,39.540000915527344,20.713808059692383
2015-06-02,39.81999969482422,20.860502243041992
2015-06-03,39.65999984741211,20.776676177978516
2015-06-04,39.439998626708984,20.661420822143555
2015-06-05,38.97999954223633,20.42043113708496
2015-06-08,38.97999954223633,20.42043113708496
2015-06-09,39.119998931884766,20.493776321411133
2015-06-10,39.439998626708984,20.661420822143555
2015-06-11,39.5,20.6928653717041
2015-06-12,39.2400016784668,20.5566349029541
2015-06-15,39.13999938964844,20.50425148010254
2015-06-16,39.20000076293945,20.535696029663086
2015-06-17,39.36000061035156,20.6195011138916
2015-06-18,39.63999938964844,20.76618766784668
2015-06-19,39.540000915527344,20.713808059692383
2015-06-22,39.70000076293945,20.797630310058594
2015-06-23,39.58000183105469,20.734769821166992
2015-06-24,39.63999938964844,20.76618766784668
2015-06-25,39.560001373291016,20.72427749633789
2015-06-26,39.36000061035156,20.6195011138916
2015-06-29,39.0,20.430917739868164
2015-06-30,39.08000183105469,20.472835540771484
2015-07-01,38.7599983215332,20.39914894104004
2015-07-02,39.060001373291016,20.55704116821289
2015-07-06,38.63999938964844,20.335988998413086
2015-07-07,38.36000061035156,20.188640594482422
2015-07-08,38.31999969482422,20.16757583618164
2015-07-09,38.5,20.262317657470703
2015-07-10,38.880001068115234,20.462305068969727
2015-07-13,38.880001068115234,20.462305068969727
2015-07-14,39.0,20.52545738220215
2015-07-15,38.84000015258789,20.441253662109375
2015-07-16,38.880001068115234,20.462305068969727
2015-07-17,38.86000061035156,20.4517822265625
2015-07-20,38.599998474121094,20.314931869506836
2015-07-21,38.720001220703125,20.378101348876953
2015-07-22,38.540000915527344,20.283367156982422
2015-07-23,38.380001068115234,20.19915771484375
2015-07-24,37.959999084472656,19.978113174438477
2015-07-27,37.91999816894531,19.957048416137695
2015-07-28,38.040000915527344,20.020221710205078
2015-07-29,38.060001373291016,20.030746459960938
2015-07-30,37.84000015258789,19.91495704650879
2015-07-31,37.900001525878906,19.94654083251953
2015-08-03,37.439998626708984,19.795316696166992
2015-08-04,37.29999923706055,19.72130012512207
2015-08-05,37.20000076293945,19.66841697692871
2015-08-06,37.08000183105469,19.604978561401367
2015-08-07,37.20000076293945,19.66841697692871
2015-08-10,37.400001525878906,19.774169921875
2015-08-11,37.220001220703125,19.679004669189453
2015-08-12,37.2400016784668,19.689577102661133
2015-08-13,36.939998626708984,19.530961990356445
2015-08-14,36.86000061035156,19.488662719726562
2015-08-17,36.81999969482422,19.467510223388672
2015-08-18,36.58000183105469,19.34061050415039
2015-08-19,36.47999954223633,19.287748336791992
2015-08-20,36.34000015258789,19.213726043701172
2015-08-21,36.040000915527344,19.05510902404785
2015-08-24,35.5,18.76960563659668
2015-08-25,35.68000030517578,18.864768981933594
2015-08-26,35.58000183105469,18.81190299987793
2015-08-27,35.880001068115234,18.97052001953125
2015-08-28,36.15999984741211,19.118547439575195
2015-08-31,35.959999084472656,19.012821197509766
2015-09-01,35.619998931884766,18.927785873413086
2015-09-02,35.47999954223633,18.853403091430664
2015-09-03,35.0,18.59834098815918
2015-09-04,34.81999969482422,18.502681732177734
2015-09-08,34.939998626708984,18.566450119018555
2015-09-09,34.86000061035156,18.52393913269043
2015-09-10,35.099998474121094,18.651466369628906
2015-09-11,35.13999938964844,18.672733306884766
2015-09-14,35.13999938964844,18.672733306884766
2015-09-15,35.13999938964844,18.672733306884766
2015-09-16,35.47999954223633,18.853403091430664
2015-09-17,35.540000915527344,18.885282516479492
2015-09-18,35.36000061035156,18.789640426635742
2015-09-21,35.220001220703125,18.715242385864258
2015-09-22,34.86000061035156,18.52393913269043
2015-09-23,34.63999938964844,18.407039642333984
2015-09-24,34.619998931884766,18.396413803100586
2015-09-25,34.63999938964844,18.407039642333984
2015-09-28,34.220001220703125,18.18385887145996
2015-09-29,34.20000076293945,18.173234939575195
2015-09-30,34.65999984741211,18.41766929626465
2015-10-01,34.5,18.423004150390625
2015-10-02,34.84000015258789,18.604564666748047
2015-10-05,35.13999938964844,18.764781951904297
2015-10-06,35.560001373291016,18.989051818847656
2015-10-07,35.84000015258789,19.138553619384766
2015-10-08,36.36000061035156,19.416242599487305
2015-10-09,36.63999938964844,19.56577491760254
2015-10-12,36.619998931884766,19.555084228515625
2015-10-13,36.040000915527344,19.245361328125
2015-10-14,36.58000183105469,19.533720016479492
2015-10-15,36.68000030517578,19.587127685546875
2015-10-16,36.58000183105469,19.533720016479492
2015-10-19,36.2400016784668,19.3521671295166
2015-10-20,36.13999938964844,19.298770904541016
2015-10-21,35.84000015258789,19.138553619384766
2015-10-22,36.060001373291016,19.25605010986328
2015-10-23,36.0,19.22400665283203
2015-10-26,35.939998626708984,19.191959381103516
2015-10-27,35.79999923706055,19.117212295532227
2015-10-28,35.779998779296875,19.106521606445312
2015-10-29,35.7400016784668,19.085161209106445
2015-10-30,35.880001068115234,19.159942626953125
2015-11-02,35.84000015258789,19.22966766357422
2015-11-03,36.040000915527344,19.336986541748047
2015-11-04,35.900001525878906,19.261871337890625
2015-11-05,35.81999969482422,19.218952178955078
2015-11-06,35.31999969482422,18.95067596435547
2015-11-09,35.08000183105469,18.821908950805664
2015-11-10,35.279998779296875,18.929216384887695
2015-11-11,35.459999084472656,19.02579689025879
2015-11-12,35.2599983215332,18.918485641479492
2015-11-13,35.220001220703125,18.897024154663086
2015-11-16,35.2400016784668,18.907752990722656
2015-11-17,35.20000076293945,18.886293411254883
2015-11-18,35.36000061035156,18.97214698791504
2015-11-19,35.63999938964844,19.122364044189453
2015-11-20,35.86000061035156,19.24040412902832
2015-11-23,35.619998931884766,19.11164093017578
2015-11-24,35.720001220703125,19.165285110473633
2015-11-25,35.619998931884766,19.11164093017578
2015-11-27,35.29999923706055,18.939952850341797
2015-11-30,35.119998931884766,18.843366622924805
2015-12-01,35.18000030517578,18.9641170501709
2015-12-02,35.099998474121094,18.92099380493164
2015-12-03,35.13999938964844,18.942556381225586
2015-12-04,35.15999984741211,18.95334243774414
2015-12-07,34.79999923706055,18.7592716217041
2015-12-08,34.599998474121094,18.651456832885742
2015-12-09,34.599998474121094,18.651456832885742
2015-12-10,34.15999984741211,18.414274215698242
2015-12-11,33.5,18.05849838256836
2015-12-14,33.70000076293945,18.166301727294922
2015-12-15,34.040000915527344,18.349592208862305
2015-12-16,34.119998931884766,18.392715454101562
2015-12-17,33.939998626708984,18.295684814453125
2015-12-18,34.119998931884766,18.392715454101562
2015-12-21,34.15999984741211,18.414274215698242
2015-12-22,34.18000030517578,18.425048828125
2015-12-23,34.36000061035156,18.522090911865234
2015-12-24,34.31999969482422,18.50052261352539
2015-12-28,34.400001525878906,18.543659210205078
2015-12-29,34.220001220703125,18.537153244018555
2015-12-30,34.060001373291016,18.450471878051758
2015-12-31,34.0,18.417970657348633
2016-01-04,33.70000076293945,18.25545310974121
2016-01-05,33.720001220703125,18.266307830810547
2016-01-06,33.31999969482422,18.049617767333984
2016-01-07,33.279998779296875,18.027952194213867
2016-01-08,33.2599983215332,18.017120361328125
2016-01-11,33.20000076293945,17.984615325927734
2016-01-12,33.20000076293945,17.984615325927734
2016-01-13,33.2599983215332,18.017120361328125
2016-01-14,33.31999969482422,18.049617767333984
2016-01-15,33.02000045776367,17.88710594177246
2016-01-19,32.939998626708984,17.84377098083496
2016-01-20,32.7400016784668,17.735427856445312
2016-01-21,32.779998779296875,17.75709342956543
2016-01-22,32.97999954223633,17.865432739257812
2016-01-25,32.959999084472656,17.85460090637207
2016-01-26,33.220001220703125,17.99544906616211
2016-01-27,33.2400016784668,18.006284713745117
2016-01-28,33.540000915527344,18.168790817260742
2016-01-29,33.959999084472656,18.396303176879883
2016-02-01,33.81999969482422,18.413738250732422
2016-02-02,33.47999954223633,18.228605270385742
2016-02-03,33.91999816894531,18.46818733215332
2016-02-04,34.2599983215332,18.653287887573242
2016-02-05,34.040000915527344,18.533510208129883
2016-02-08,33.7400016784668,18.370174407958984
2016-02-09,33.959999084472656,18.489948272705078
2016-02-10,34.18000030517578,18.60973358154297
2016-02-11,33.880001068115234,18.446401596069336
2016-02-12,34.119998931884766,18.57707405090332
2016-02-16,33.97999954223633,18.5008544921875
2016-02-17,34.41999816894531,18.740400314331055
2016-02-18,34.36000061035156,18.707740783691406
2016-02-19,34.380001068115234,18.7186279296875
2016-02-22,34.560001373291016,18.816635131835938
2016-02-23,34.36000061035156,18.707740783691406
2016-02-24,34.47999954223633,18.7730770111084
2016-02-25,34.439998626708984,18.751306533813477
2016-02-26,34.20000076293945,18.62062644958496
2016-02-29,34.36000061035156,18.707740783691406
2016-03-01,34.68000030517578,18.96254539489746
2016-03-02,34.7599983215332,19.006290435791016
2016-03-03,35.040000915527344,19.159393310546875
2016-03-04,35.400001525878906,19.35622787475586
2016-03-07,35.459999084472656,19.389039993286133
2016-03-08,35.279998779296875,19.29060935974121
2016-03-09,35.65999984741211,19.498390197753906
2016-03-10,35.63999938964844,19.487459182739258
2016-03-11,36.08000183105469,19.728038787841797
2016-03-14,35.86000061035156,19.60774803161621
2016-03-15,35.439998626708984,19.378095626831055
2016-03-16,35.900001525878906,19.629613876342773
2016-03-17,36.560001373291016,19.990501403808594
2016-03-18,36.540000915527344,19.97956657409668
2016-03-21,36.619998931884766,20.023311614990234
2016-03-22,36.619998931884766,20.023311614990234
2016-03-23,36.20000076293945,19.793663024902344
2016-03-24,36.060001373291016,19.717111587524414
2016-03-28,36.279998779296875,19.837404251098633
2016-03-29,36.540000915527344,19.97956657409668
2016-03-30,36.900001525878906,20.176408767700195
2016-03-31,37.18000030517578,20.329519271850586
2016-04-01,36.959999084472656,20.287792205810547
2016-04-04,36.86000061035156,20.232898712158203
2016-04-05,36.36000061035156,19.958444595336914
2016-04-06,36.560001373291016,20.06822967529297
2016-04-07,36.2599983215332,19.90355110168457
2016-04-08,36.599998474121094,20.090187072753906
2016-04-11,37.060001373291016,20.342687606811523
2016-04-12,37.34000015258789,20.496376037597656
2016-04-13,37.36000061035156,20.50735855102539
2016-04-14,37.400001525878906,20.529315948486328
2016-04-15,37.29999923706055,20.47441864013672
2016-04-18,37.29999923706055,20.47441864013672
2016-04-19,37.81999969482422,20.75986671447754
2016-04-20,37.880001068115234,20.79278564453125
2016-04-21,37.5,20.58420753479004
2016-04-22,37.34000015258789,20.496376037597656
2016-04-25,37.02000045776367,20.320730209350586
2016-04-26,37.31999969482422,20.48539924621582
2016-04-27,37.459999084472656,20.56224250793457
2016-04-28,37.70000076293945,20.693979263305664
2016-04-29,37.900001525878906,20.80376434326172
2016-05-02,37.68000030517578,20.780593872070312
2016-05-03,37.18000030517578,20.504852294921875
2016-05-04,36.63999938964844,20.207033157348633
2016-05-05,36.68000030517578,20.22909927368164
2016-05-06,36.779998779296875,20.284250259399414
2016-05-09,36.5,20.129825592041016
2016-05-10,36.7400016784668,20.262189865112305
2016-05-11,36.779998779296875,20.284250259399414
2016-05-12,36.7599983215332,20.273221969604492
2016-05-13,36.5,20.129825592041016
2016-05-16,36.52000045776367,20.14086151123047
2016-05-17,36.41999816894531,20.0856990814209
2016-05-18,35.7400016784668,19.7106876373291
2016-05-19,35.7599983215332,19.72171401977539
2016-05-20,35.939998626708984,19.82098388671875
2016-05-23,35.7400016784668,19.7106876373291
2016-05-24,35.779998779296875,19.732749938964844
2016-05-25,35.7599983215332,19.72171401977539
2016-05-26,35.939998626708984,19.82098388671875
2016-05-27,35.81999969482422,19.754810333251953
2016-05-31,35.7400016784668,19.7106876373291
2016-06-01,35.900001525878906,19.895795822143555
2016-06-02,35.619998931884766,19.740617752075195
2016-06-03,36.459999084472656,20.206153869628906
2016-06-06,36.560001373291016,20.261566162109375
2016-06-07,36.81999969482422,20.405654907226562
2016-06-08,37.2599983215332,20.649507522583008
2016-06-09,37.08000183105469,20.549753189086914
2016-06-10,36.58000183105469,20.272655487060547
2016-06-13,36.380001068115234,20.161813735961914
2016-06-14,36.119998931884766,20.017719268798828
2016-06-15,36.41999816894531,20.18396759033203
2016-06-16,36.2400016784668,20.084217071533203
2016-06-17,36.58000183105469,20.272655487060547
2016-06-20,36.900001525878906,20.449995040893555
2016-06-21,36.900001525878906,20.449995040893555
2016-06-22,37.29999923706055,20.671672821044922
2016-06-23,37.63999938964844,20.86009979248047
2016-06-24,36.400001525878906,20.172895431518555
2016-06-27,36.31999969482422,20.12855339050293
2016-06-28,37.08000183105469,20.549753189086914
2016-06-29,37.599998474121094,20.837934494018555
2016-06-30,37.7400016784668,20.915525436401367
2016-07-01,37.619998931884766,20.92776107788086
2016-07-05,37.2400016784668,20.716381072998047
2016-07-06,37.220001220703125,20.705251693725586
2016-07-07,37.119998931884766,20.64961814880371
2016-07-08,37.68000030517578,20.96114730834961
2016-07-11,37.599998474121094,20.9166259765625
2016-07-12,37.880001068115234,21.072404861450195
2016-07-13,37.84000015258789,21.05013084411621
2016-07-14,38.119998931884766,21.20589828491211
2016-07-15,37.86000061035156,21.061264038085938
2016-07-18,37.86000061035156,21.061264038085938
2016-07-19,37.560001373291016,20.894390106201172
2016-07-20,37.459999084472656,20.838760375976562
2016-07-21,37.5,20.861011505126953
2016-07-22,37.47999954223633,20.84988021850586
2016-07-25,37.2400016784668,20.716381072998047
2016-07-26,37.2599983215332,20.727508544921875
2016-07-27,37.41999816894531,20.816499710083008
2016-07-28,37.459999084472656,20.838760375976562
2016-07-29,37.86000061035156,21.061264038085938
2016-08-01,37.560001373291016,20.96749496459961
2016-08-02,37.540000915527344,20.95632553100586
2016-08-03,37.599998474121094,20.989810943603516
2016-08-04,37.779998779296875,21.090295791625977
2016-08-05,37.779998779296875,21.090295791625977
2016-08-08,38.119998931884766,21.28009033203125
2016-08-09,38.34000015258789,21.402917861938477
2016-08-10,38.560001373291016,21.52573013305664
2016-08-11,38.540000915527344,21.51455307006836
2016-08-12,38.5,21.49224281311035
2016-08-15,38.58000183105469,21.53689193725586
2016-08-16,38.63999938964844,21.57037925720215
2016-08-17,38.619998931884766,21.559223175048828
2016-08-18,38.720001220703125,21.61504554748535
2016-08-19,38.58000183105469,21.53689193725586
2016-08-22,38.41999816894531,21.44757080078125
2016-08-23,38.2400016784668,21.34710121154785
2016-08-24,37.97999954223633,21.20194435119629
2016-08-25,38.02000045776367,21.22426414489746
2016-08-26,37.880001068115234,21.146129608154297
2016-08-29,37.7599983215332,21.079143524169922
2016-08-30,37.68000030517578,21.03447914123535
2016-08-31,37.5,20.934003829956055
2016-09-01,37.439998626708984,20.99005889892578
2016-09-02,37.540000915527344,21.046123504638672
2016-09-06,38.18000030517578,21.404930114746094
2016-09-07,38.279998779296875,21.460987091064453
2016-09-08,38.220001220703125,21.42734718322754
2016-09-09,37.65999984741211,21.113386154174805
2016-09-12,37.7599983215332,21.169458389282227
2016-09-13,37.41999816894531,20.978851318359375
2016-09-14,37.41999816894531,20.978851318359375
2016-09-15,37.58000183105469,21.06855583190918
2016-09-16,37.380001068115234,20.9564151763916
2016-09-19,37.58000183105469,21.06855583190918
2016-09-20,37.619998931884766,21.090974807739258
2016-09-21,38.13999938964844,21.38250160217285
2016-09-22,38.2599983215332,21.44976806640625
2016-09-23,38.0,21.303998947143555
2016-09-26,37.939998626708984,21.270374298095703
2016-09-27,38.220001220703125,21.42734718322754
2016-09-28,38.2599983215332,21.44976806640625
2016-09-29,38.02000045776367,21.315210342407227
2016-09-30,38.15999984741211,21.393709182739258
2016-10-03,38.08000183105469,21.429733276367188
2016-10-04,37.7599983215332,21.24964714050293
2016-10-05,37.900001525878906,21.328420639038086
2016-10-06,37.86000061035156,21.305917739868164
2016-10-07,37.880001068115234,21.317184448242188
2016-10-10,37.959999084472656,21.362192153930664
2016-10-11,37.5,21.103336334228516
2016-10-12,37.540000915527344,21.12584114074707
2016-10-13,37.560001373291016,21.13709259033203
2016-10-14,37.439998626708984,21.069557189941406
2016-10-17,37.439998626708984,21.069557189941406
2016-10-18,37.70000076293945,21.21588134765625
2016-10-19,37.91999816894531,21.339685440063477
2016-10-20,37.720001220703125,21.227128982543945
2016-10-21,37.599998474121094,21.159595489501953
2016-10-24,37.70000076293945,21.21588134765625
2016-10-25,37.86000061035156,21.305917739868164
2016-10-26,37.599998474121094,21.159595489501953
2016-10-27,37.540000915527344,21.12584114074707
2016-10-28,37.380001068115234,21.03579330444336
2016-10-31,37.540000915527344,21.12584114074707
2016-11-01,37.2599983215332,21.060274124145508
2016-11-02,37.220001220703125,21.03766441345215
2016-11-03,37.15999984741211,21.00374984741211
2016-11-04,37.119998931884766,20.98113250732422
2016-11-07,37.279998779296875,21.071577072143555
2016-11-08,37.70000076293945,21.308977127075195
2016-11-09,36.68000030517578,20.73244857788086
2016-11-10,34.939998626708984,19.74894905090332
2016-11-11,34.439998626708984,19.466333389282227
2016-11-14,34.65999984741211,19.590682983398438
2016-11-15,35.29999923706055,19.952442169189453
2016-11-16,34.91999816894531,19.73764419555664
2016-11-17,34.7599983215332,19.647216796875
2016-11-18,34.63999938964844,19.579376220703125
2016-11-21,34.86000061035156,19.703733444213867
2016-11-22,34.939998626708984,19.74894905090332
2016-11-23,34.560001373291016,19.53417205810547
2016-11-25,34.52000045776367,19.511554718017578
2016-11-28,34.81999969482422,19.681123733520508
2016-11-29,34.79999923706055,19.66982078552246
2016-11-30,34.63999938964844,19.579376220703125
2016-12-01,34.400001525878906,19.5294246673584
2016-12-02,34.47999954223633,19.57485008239746
2016-12-05,34.619998931884766,19.654319763183594
2016-12-06,35.099998474121094,19.926830291748047
2016-12-07,35.400001525878906,20.09714126586914
2016-12-08,35.2400016784668,20.006303787231445
2016-12-09,35.099998474121094,19.926830291748047
2016-12-12,35.400001525878906,20.09714126586914
2016-12-13,35.36000061035156,20.074430465698242
2016-12-14,34.84000015258789,19.779216766357422
2016-12-15,34.540000915527344,19.60890769958496
2016-12-16,34.65999984741211,19.677026748657227
2016-12-19,34.81999969482422,19.76786231994629
2016-12-20,34.91999816894531,19.82463836669922
2016-12-21,35.060001373291016,19.904115676879883
2016-12-22,35.060001373291016,19.904115676879883
2016-12-23,35.20000076293945,19.983604431152344
2016-12-27,35.099998474121094,19.926830291748047
2016-12-28,34.97999954223633,19.950773239135742
2016-12-29,35.20000076293945,20.076263427734375
2016-12-30,35.20000076293945,20.076263427734375
2017-01-03,34.939998626708984,19.9279727935791
2017-01-04,35.18000030517578,20.06485939025879
2017-01-05,35.34000015258789,20.15610122680664
2017-01-06,35.279998779296875,20.12188148498535
2017-01-09,35.279998779296875,20.12188148498535
2017-01-10,35.119998931884766,20.03062629699707
2017-01-11,35.02000045776367,19.973587036132812
2017-01-12,35.41999816894531,20.201736450195312
2017-01-13,35.47999954223633,20.235942840576172
2017-01-17,35.63999938964844,20.327211380004883
2017-01-18,35.380001068115234,20.17891502380371
2017-01-19,35.41999816894531,20.201736450195312
2017-01-20,35.68000030517578,20.350021362304688
2017-01-23,35.7599983215332,20.395647048950195
2017-01-24,35.79999923706055,20.418468475341797
2017-01-25,35.91999816894531,20.486900329589844
2017-01-26,35.7400016784668,20.384244918823242
2017-01-27,35.81999969482422,20.429874420166016
2017-01-30,35.900001525878906,20.475496292114258
2017-01-31,35.959999084472656,20.50971794128418
2017-02-01,35.86000061035156,20.544097900390625
2017-02-02,36.060001373291016,20.65867805480957
2017-02-03,36.31999969482422,20.80763053894043
2017-02-06,36.20000076293945,20.73887825012207
2017-02-07,36.040000915527344,20.64720916748047
2017-02-08,36.13999938964844,20.70450210571289
2017-02-09,36.20000076293945,20.73887825012207
2017-02-10,36.36000061035156,20.83054542541504
2017-02-13,36.31999969482422,20.80763053894043
2017-02-14,36.439998626708984,20.876379013061523
2017-02-15,36.560001373291016,20.945117950439453
2017-02-16,36.459999084472656,20.887826919555664
2017-02-17,36.36000061035156,20.83054542541504
2017-02-21,36.41999816894531,20.864912033081055
2017-02-22,36.619998931884766,20.9794979095459
2017-02-23,36.79999923706055,21.082618713378906
2017-02-24,36.619998931884766,20.9794979095459
2017-02-27,36.540000915527344,20.933666229248047
2017-02-28,36.36000061035156,20.83054542541504
2017-03-01,36.34000015258789,20.90648078918457
2017-03-02,35.880001068115234,20.6418514251709
2017-03-03,36.20000076293945,20.825946807861328
2017-03-06,36.18000030517578,20.814441680908203
2017-03-07,36.29999923706055,20.883474349975586
2017-03-08,35.97999954223633,20.69938087463379
2017-03-09,35.7599983215332,20.57280731201172
2017-03-10,36.119998931884766,20.7799072265625
2017-03-13,36.08000183105469,20.756906509399414
2017-03-14,36.02000045776367,20.722381591796875
2017-03-15,36.65999984741211,21.090574264526367
2017-03-16,36.7599983215332,21.14811897277832
2017-03-17,37.0,21.28618812561035
2017-03-20,37.18000030517578,21.38974380493164
2017-03-21,37.099998474121094,21.34370994567871
2017-03-22,37.2400016784668,21.424251556396484
2017-03-23,37.29999923706055,21.45876693725586
2017-03-24,37.400001525878906,21.51630401611328
2017-03-27,37.31999969482422,21.470279693603516
2017-03-28,37.08000183105469,21.332210540771484
2017-03-29,37.220001220703125,21.412748336791992
2017-03-30,37.220001220703125,21.412748336791992
2017-03-31,37.02000045776367,21.29769515991211
2017-04-03,36.84000015258789,21.286136627197266
2017-04-04,36.91999816894531,21.332361221313477
2017-04-05,36.900001525878906,21.320804595947266
2017-04-06,36.86000061035156,21.29769515991211
2017-04-07,36.7599983215332,21.239913940429688
2017-04-10,36.7400016784668,21.228357315063477
2017-04-11,36.779998779296875,21.251462936401367
2017-04-12,37.08000183105469,21.424808502197266
2017-04-13,37.02000045776367,21.3901424407959
2017-04-17,37.2599983215332,21.52880859375
2017-04-18,37.34000015258789,21.575040817260742
2017-04-19,37.13999938964844,21.459474563598633
2017-04-20,37.29999923706055,21.551912307739258
2017-04-21,37.279998779296875,21.54035758972168
2017-04-24,37.58000183105469,21.713706970214844
2017-04-25,37.47999954223633,21.655927658081055
2017-04-26,37.279998779296875,21.54035758972168
2017-04-27,37.279998779296875,21.54035758972168
2017-04-28,37.34000015258789,21.575040817260742
2017-05-01,37.220001220703125,21.60057258605957
2017-05-02,37.400001525878906,21.70503044128418
2017-05-03,37.220001220703125,21.60057258605957
2017-05-04,36.97999954223633,21.461278915405273
2017-05-05,37.18000030517578,21.577362060546875
2017-05-08,36.91999816894531,21.426467895507812
2017-05-09,36.81999969482422,21.368423461914062
2017-05-10,37.040000915527344,21.496097564697266
2017-05-11,37.13999938964844,21.554141998291016
2017-05-12,37.34000015258789,21.67021369934082
2017-05-15,37.58000183105469,21.809490203857422
2017-05-16,37.86000061035156,21.971986770629883
2017-05-17,37.68000030517578,21.867536544799805
2017-05-18,36.880001068115234,21.40325355529785
2017-05-19,37.36000061035156,21.68182373046875
2017-05-22,37.439998626708984,21.728239059448242
2017-05-23,37.47999954223633,21.7514591217041
2017-05-24,37.70000076293945,21.879138946533203
2017-05-25,37.619998931884766,21.83271026611328
2017-05-26,37.7599983215332,21.9139461517334
2017-05-30,37.619998931884766,21.83271026611328
2017-05-31,37.7599983215332,21.9139461517334
2017-06-01,37.7599983215332,22.017751693725586
2017-06-02,37.959999084472656,22.134357452392578
2017-06-05,37.91999816894531,22.111047744750977
2017-06-06,38.08000183105469,22.204330444335938
2017-06-07,37.939998626708984,22.122705459594727
2017-06-08,38.0,22.157695770263672
2017-06-09,37.900001525878906,22.099388122558594
2017-06-12,37.97999954223633,22.146032333374023
2017-06-13,38.060001373291016,22.192672729492188
2017-06-14,38.20000076293945,22.274314880371094
2017-06-15,37.900001525878906,22.099388122558594
2017-06-16,38.040000915527344,22.181026458740234
2017-06-19,37.880001068115234,22.087718963623047
2017-06-20,37.540000915527344,21.889469146728516
2017-06-21,37.41999816894531,21.819490432739258
2017-06-22,37.65999984741211,21.959434509277344
2017-06-23,37.81999969482422,22.052736282348633
2017-06-26,38.02000045776367,22.16935157775879
2017-06-27,37.91999816894531,22.111047744750977
2017-06-28,38.0,22.157695770263672
2017-06-29,37.779998779296875,22.029403686523438
2017-06-30,37.779998779296875,22.029403686523438
2017-07-03,37.31999969482422,21.858381271362305
2017-07-05,37.279998779296875,21.834951400756836
2017-07-06,37.20000076293945,21.78809356689453
2017-07-07,37.18000030517578,21.776399612426758
2017-07-10,37.20000076293945,21.78809356689453
2017-07-11,37.29999923706055,21.84667205810547
2017-07-12,37.63999938964844,22.04580307006836
2017-07-13,37.68000030517578,22.069242477416992
2017-07-14,38.060001373291016,22.291807174682617
2017-07-17,38.15999984741211,22.350374221801758
2017-07-18,38.34000015258789,22.455808639526367
2017-07-19,38.31999969482422,22.444095611572266
2017-07-20,38.400001525878906,22.49094581604004
2017-07-21,38.34000015258789,22.455808639526367
2017-07-24,38.20000076293945,22.373811721801758
2017-07-25,38.08000183105469,22.303499221801758
2017-07-26,38.400001525878906,22.49094581604004
2017-07-27,38.29999923706055,22.432376861572266
2017-07-28,38.36000061035156,22.467529296875
2017-07-31,38.459999084472656,22.526090621948242
2017-08-01,38.20000076293945,22.475481033325195
2017-08-02,38.220001220703125,22.48725128173828
2017-08-03,38.279998779296875,22.522558212280273
2017-08-04,38.18000030517578,22.46371841430664
2017-08-07,38.2400016784668,22.499025344848633
2017-08-08,38.08000183105469,22.404890060424805
2017-08-09,37.959999084472656,22.334270477294922
2017-08-10,37.86000061035156,22.275449752807617
2017-08-11,38.02000045776367,22.36958122253418
2017-08-14,38.119998931884766,22.428417205810547
2017-08-15,38.18000030517578,22.46371841430664
2017-08-16,38.380001068115234,22.581390380859375
2017-08-17,38.18000030517578,22.46371841430664
2017-08-18,38.380001068115234,22.581390380859375
2017-08-21,38.279998779296875,22.522558212280273
2017-08-22,38.36000061035156,22.56963539123535
2017-08-23,38.41999816894531,22.60493278503418
2017-08-24,38.459999084472656,22.62846565246582
2017-08-25,38.720001220703125,22.78144073486328
2017-08-28,38.7599983215332,22.804969787597656
2017-08-29,38.7400016784668,22.793193817138672
2017-08-30,38.70000076293945,22.76967430114746
2017-08-31,38.81999969482422,22.840269088745117
2017-09-01,38.720001220703125,22.881641387939453
2017-09-05,38.86000061035156,22.964372634887695
2017-09-06,38.939998626708984,23.01165199279785
2017-09-07,39.2400016784668,23.188940048217773
2017-09-08,39.2400016784668,23.188940048217773
2017-09-11,39.15999984741211,23.14164924621582
2017-09-12,39.040000915527344,23.07074546813965
2017-09-13,38.900001525878906,22.98801040649414
2017-09-14,39.02000045776367,23.058927536010742
2017-09-15,39.08000183105469,23.09438133239746
2017-09-18,38.91999816894531,22.999826431274414
2017-09-19,38.939998626708984,23.01165199279785
2017-09-20,38.86000061035156,22.964372634887695
2017-09-21,38.86000061035156,22.964372634887695
2017-09-22,39.040000915527344,23.07074546813965
2017-09-25,38.81999969482422,22.940732955932617
2017-09-26,38.619998931884766,22.822538375854492
2017-09-27,38.20000076293945,22.574342727661133
2017-09-28,38.220001220703125,22.586158752441406
2017-09-29,38.400001525878906,22.692535400390625
2017-10-02,38.119998931884766,22.631973266601562
2017-10-03,38.099998474121094,22.620098114013672
2017-10-04,38.18000030517578,22.6676025390625
2017-10-05,38.040000915527344,22.584482192993164
2017-10-06,37.959999084472656,22.536977767944336
2017-10-09,37.7400016784668,22.406360626220703
2017-10-10,37.880001068115234,22.48948860168457
2017-10-11,37.97999954223633,22.548860549926758
2017-10-12,38.040000915527344,22.584482192993164
2017-10-13,38.2599983215332,22.715099334716797
2017-10-16,38.13999938964844,22.643848419189453
2017-10-17,38.099998474121094,22.620098114013672
2017-10-18,38.08000183105469,22.608224868774414
2017-10-19,38.099998474121094,22.620098114013672
2017-10-20,37.91999816894531,22.513235092163086
2017-10-23,37.720001220703125,22.394493103027344
2017-10-24,37.540000915527344,22.287630081176758
2017-10-25,37.459999084472656,22.24013328552246
2017-10-26,37.0,21.967023849487305
2017-10-27,37.2599983215332,22.121395111083984
2017-10-30,37.119998931884766,22.038265228271484
2017-10-31,37.15999984741211,22.06201171875
2017-11-01,37.0,22.076345443725586
2017-11-02,37.13999938964844,22.15987777709961
2017-11-03,36.7599983215332,21.93313980102539
2017-11-06,37.060001373291016,22.11214256286621
2017-11-07,36.81999969482422,21.968935012817383
2017-11-08,36.939998626708984,22.040536880493164
2017-11-09,36.959999084472656,22.05247688293457
2017-11-10,36.900001525878906,22.016672134399414
2017-11-13,36.79999923706055,21.95700454711914
2017-11-14,36.779998779296875,21.945068359375
2017-11-15,36.7400016784668,21.92120933532715
2017-11-16,37.040000915527344,22.100208282470703
2017-11-17,37.220001220703125,22.207597732543945
2017-11-20,37.060001373291016,22.11214256286621
2017-11-21,37.220001220703125,22.207597732543945
2017-11-22,37.52000045776367,22.386600494384766
2017-11-24,37.619998931884766,22.446269989013672
2017-11-27,37.70000076293945,22.49400520324707
2017-11-28,37.720001220703125,22.505939483642578
2017-11-29,37.5,22.37467384338379
2017-11-30,37.560001373291016,22.41046714782715
2017-12-01,37.5,22.476396560668945
2017-12-04,37.58000183105469,22.52435302734375
2017-12-05,37.52000045776367,22.488388061523438
2017-12-06,37.5,22.476396560668945
2017-12-07,37.31999969482422,22.368518829345703
2017-12-08,37.400001525878906,22.416461944580078
2017-12-11,37.36000061035156,22.392501831054688
2017-12-12,37.220001220703125,22.308565139770508
2017-12-13,37.41999816894531,22.428436279296875
2017-12-14,37.380001068115234,22.404478073120117
2017-12-15,37.52000045776367,22.488388061523438
2017-12-18,37.7400016784668,22.62023162841797
2017-12-19,37.79999923706055,22.65621566772461
2017-12-20,37.880001068115234,22.704158782958984
2017-12-21,37.7599983215332,22.632234573364258
2017-12-22,37.79999923706055,22.65621566772461
2017-12-26,37.86000061035156,22.692171096801758
2017-12-27,37.84000015258789,22.781265258789062
2017-12-28,37.880001068115234,22.80535888671875
2017-12-29,37.959999084472656,22.85350799560547
2018-01-02,38.36000061035156,23.094335556030273
2018-01-03,38.5,23.17862319946289
2018-01-04,38.720001220703125,23.311073303222656
2018-01-05,38.68000030517578,23.28699493408203
2018-01-08,38.540000915527344,23.202713012695312
2018-01-09,38.439998626708984,23.142488479614258
2018-01-10,38.41999816894531,23.130460739135742
2018-01-11,38.65999984741211,23.274940490722656
2018-01-12,38.91999816894531,23.431474685668945
2018-01-16,39.0,23.479637145996094
2018-01-17,38.97999954223633,23.467605590820312
2018-01-18,39.13999938964844,23.563934326171875
2018-01-19,39.08000183105469,23.527807235717773
2018-01-22,39.119998931884766,23.551876068115234
2018-01-23,39.119998931884766,23.551876068115234
2018-01-24,39.63999938964844,23.86495018005371
2018-01-25,39.619998931884766,23.852916717529297
2018-01-26,39.619998931884766,23.852916717529297
2018-01-29,39.34000015258789,23.684337615966797
2018-01-30,39.15999984741211,23.57596778869629
2018-01-31,39.380001068115234,23.708417892456055
2018-02-01,39.47999954223633,23.874113082885742
2018-02-02,39.0,23.583843231201172
2018-02-05,38.7400016784668,23.426612854003906
2018-02-06,39.02000045776367,23.5959415435791
2018-02-07,38.7400016784668,23.426612854003906
2018-02-08,38.41999816894531,23.23311424255371
2018-02-09,38.5,23.281496047973633
2018-02-12,38.619998931884766,23.354055404663086
2018-02-13,38.7599983215332,23.43871307373047
2018-02-14,39.119998931884766,23.656400680541992
2018-02-15,39.400001525878906,23.825729370117188
2018-02-16,39.439998626708984,23.849924087524414
2018-02-20,39.099998474121094,23.644329071044922
2018-02-21,38.97999954223633,23.571760177612305
2018-02-22,39.099998474121094,23.644329071044922
2018-02-23,39.279998779296875,23.753170013427734
2018-02-26,39.31999969482422,23.777362823486328
2018-02-27,38.97999954223633,23.571760177612305
2018-02-28,38.91999816894531,23.535465240478516
2018-03-01,38.65999984741211,23.483224868774414
2018-03-02,38.779998779296875,23.556119918823242
2018-03-05,38.84000015258789,23.592578887939453
2018-03-06,38.959999084472656,23.665462493896484
2018-03-07,38.900001525878906,23.629003524780273
2018-03-08,38.7400016784668,23.531816482543945
2018-03-09,38.79999923706055,23.568279266357422
2018-03-12,38.81999969482422,23.580419540405273
2018-03-13,38.779998779296875,23.556119918823242
2018-03-14,38.880001068115234,23.61686897277832
2018-03-15,38.65999984741211,23.483224868774414
2018-03-16,38.619998931884766,23.458932876586914
2018-03-19,38.5,23.38604736328125
2018-03-20,38.380001068115234,23.313156127929688
2018-03-21,38.7400016784668,23.531816482543945
2018-03-22,38.65999984741211,23.483224868774414
2018-03-23,38.720001220703125,23.519681930541992
2018-03-26,39.099998474121094,23.750511169433594
2018-03-27,38.97999954223633,23.677616119384766
2018-03-28,38.959999084472656,23.665462493896484
2018-03-29,39.20000076293945,23.811241149902344
2018-04-02,38.86000061035156,23.716035842895508
2018-04-03,38.84000015258789,23.703838348388672
2018-04-04,38.900001525878906,23.740449905395508
2018-04-05,38.720001220703125,23.630596160888672
2018-04-06,38.599998474121094,23.557355880737305
2018-04-09,38.459999084472656,23.47193145751953
2018-04-10,38.36000061035156,23.410886764526367
2018-04-11,38.47999954223633,23.484119415283203
2018-04-12,38.5,23.496335983276367
2018-04-13,38.58000183105469,23.545156478881836
2018-04-16,38.65999984741211,23.593978881835938
2018-04-17,38.68000030517578,23.606184005737305
2018-04-18,38.86000061035156,23.716035842895508
2018-04-19,38.70000076293945,23.61838722229004
2018-04-20,38.380001068115234,23.4231014251709
2018-04-23,37.939998626708984,23.154560089111328
2018-04-24,37.81999969482422,23.192588806152344
2018-04-25,37.58000183105469,23.045408248901367
2018-04-26,37.58000183105469,23.045408248901367
2018-04-27,37.7400016784668,23.143518447875977
2018-04-30,37.459999084472656,22.971818923950195
2018-05-01,37.18000030517578,22.80012321472168
2018-05-02,36.880001068115234,22.616147994995117
2018-05-03,36.84000015258789,22.591609954833984
2018-05-04,36.86000061035156,22.603879928588867
2018-05-07,36.540000915527344,22.407642364501953
2018-05-08,36.08000183105469,22.125560760498047
2018-05-09,36.060001373291016,22.113292694091797
2018-05-10,36.68000030517578,22.493501663208008
2018-05-11,36.540000915527344,22.407642364501953
2018-05-14,36.31999969482422,22.272722244262695
2018-05-15,35.91999816894531,22.027437210083008
2018-05-16,36.060001373291016,22.113292694091797
2018-05-17,35.70000076293945,21.892534255981445
2018-05-18,35.36000061035156,21.68402671813965
2018-05-21,35.459999084472656,21.745359420776367
2018-05-22,35.70000076293945,21.892534255981445
2018-05-23,35.779998779296875,21.94158172607422
2018-05-24,35.70000076293945,21.892534255981445
2018-05-25,35.540000915527344,21.79441261291504
2018-05-29,35.220001220703125,21.598173141479492
2018-05-30,35.560001373291016,21.806673049926758
2018-05-31,35.439998626708984,21.733081817626953
2018-06-01,35.2400016784668,21.728158950805664
2018-06-04,35.36000061035156,21.802148818969727
2018-06-05,35.15999984741211,21.678829193115234
2018-06-06,35.279998779296875,21.752805709838867
2018-06-07,34.939998626708984,21.543174743652344
2018-06-08,35.060001373291016,21.617172241210938
2018-06-11,34.91999816894531,21.530838012695312
2018-06-12,34.7400016784668,21.41987419128418
2018-06-13,34.68000030517578,21.382862091064453
2018-06-14,34.2400016784668,21.1115779876709
2018-06-15,34.279998779296875,21.136241912841797
2018-06-18,34.13999938964844,21.04991912841797
2018-06-19,34.15999984741211,21.06224822998047
2018-06-20,34.18000030517578,21.074581146240234
2018-06-21,34.20000076293945,21.086910247802734
2018-06-22,34.439998626708984,21.234893798828125
2018-06-25,34.2599983215332,21.12390899658203
2018-06-26,34.2400016784668,21.1115779876709
2018-06-27,33.880001068115234,20.889616012573242
2018-06-28,34.060001373291016,21.00058364868164
2018-06-29,34.040000915527344,20.988256454467773
2018-07-02,33.68000030517578,20.875455856323242
2018-07-03,33.900001525878906,21.01181411743164
2018-07-05,34.13999938964844,21.16057014465332
2018-07-06,34.400001525878906,21.32171630859375
2018-07-09,34.5,21.383705139160156
2018-07-10,34.68000030517578,21.495271682739258
2018-07-11,34.13999938964844,21.16057014465332
2018-07-12,34.31999969482422,21.272125244140625
2018-07-13,34.34000015258789,21.28453254699707
2018-07-16,34.400001525878906,21.32171630859375
2018-07-17,34.41999816894531,21.33411979675293
2018-07-18,34.400001525878906,21.32171630859375
2018-07-19,34.13999938964844,21.16057014465332
2018-07-20,34.400001525878906,21.32171630859375
2018-07-23,34.41999816894531,21.33411979675293
2018-07-24,34.41999816894531,21.33411979675293
2018-07-25,34.880001068115234,21.61922264099121
2018-07-26,34.70000076293945,21.507671356201172
2018-07-27,34.81999969482422,21.582048416137695
2018-07-30,34.91999816894531,21.64402198791504
2018-07-31,34.84000015258789,21.594449996948242
2018-08-01,34.599998474121094,21.560802459716797
2018-08-02,34.36000061035156,21.41124725341797
2018-08-03,34.41999816894531,21.448625564575195
2018-08-06,34.2599983215332,21.348936080932617
2018-08-07,34.41999816894531,21.448625564575195
2018-08-08,34.31999969482422,21.386302947998047
2018-08-09,34.0,21.186908721923828
2018-08-10,33.119998931884766,20.638545989990234
2018-08-13,32.7400016784668,20.401742935180664
2018-08-14,33.040000915527344,20.58868408203125
2018-08-15,32.70000076293945,20.376827239990234
2018-08-16,32.81999969482422,20.451595306396484
2018-08-17,32.900001525878906,20.501445770263672
2018-08-20,32.86000061035156,20.47651481628418
2018-08-21,32.97999954223633,20.551298141479492
2018-08-22,33.099998474121094,20.626081466674805
2018-08-23,32.779998779296875,20.426668167114258
2018-08-24,33.08000183105469,20.613616943359375
2018-08-27,33.20000076293945,20.68839454650879
2018-08-28,32.97999954223633,20.551298141479492
2018-08-29,32.779998779296875,20.426668167114258
2018-08-30,32.34000015258789,20.152488708496094
2018-08-31,32.31999969482422,20.1400203704834
2018-09-04,31.6200008392334,19.809240341186523
2018-09-05,31.600000381469727,19.79670524597168
2018-09-06,31.700000762939453,19.859363555908203
2018-09-07,31.760000228881836,19.896942138671875
2018-09-10,31.739999771118164,19.88442039489746
2018-09-11,31.719999313354492,19.871889114379883
2018-09-12,31.899999618530273,19.984655380249023
2018-09-13,32.15999984741211,20.147546768188477
2018-09-14,32.08000183105469,20.097423553466797
2018-09-17,32.099998474121094,20.109956741333008
2018-09-18,32.15999984741211,20.147546768188477
2018-09-19,32.400001525878906,20.297895431518555
2018-09-20,32.7599983215332,20.5234317779541
2018-09-21,32.79999923706055,20.548477172851562
2018-09-24,32.779998779296875,20.535953521728516
2018-09-25,32.68000030517578,20.47331428527832
2018-09-26,32.97999954223633,20.661252975463867
2018-09-27,33.02000045776367,20.68630599975586
2018-09-28,32.91999816894531,20.623661041259766
2018-10-01,32.79999923706055,20.653888702392578
2018-10-02,32.7599983215332,20.62870216369629
2018-10-03,32.540000915527344,20.49017333984375
2018-10-04,32.20000076293945,20.27606964111328
2018-10-05,32.36000061035156,20.376832962036133
2018-10-08,32.41999816894531,20.41460418701172
2018-10-09,32.5,20.464981079101562
2018-10-10,32.2599983215332,20.313858032226562
2018-10-11,32.439998626708984,20.427204132080078
2018-10-12,32.439998626708984,20.427204132080078
2018-10-15,32.65999984741211,20.565736770629883
2018-10-16,33.060001373291016,20.817609786987305
2018-10-17,33.099998474121094,20.84279441833496
2018-10-18,32.81999969482422,20.666486740112305
2018-10-19,32.939998626708984,20.742046356201172
2018-10-22,32.81999969482422,20.666486740112305
2018-10-23,32.779998779296875,20.64129066467285
2018-10-24,32.400001525878906,20.402015686035156
2018-10-25,32.52000045776367,20.477577209472656
2018-10-26,32.68000030517578,20.578323364257812
2018-10-29,32.400001525878906,20.402015686035156
2018-10-30,32.459999084472656,20.439794540405273
2018-10-31,32.2599983215332,20.313858032226562
2018-11-01,32.45000076293945,20.546228408813477
2018-11-02,32.619998931884766,20.653865814208984
2018-11-05,32.72999954223633,20.7235107421875
2018-11-06,32.790000915527344,20.761512756347656
2018-11-07,32.939998626708984,20.856481552124023
2018-11-08,32.59000015258789,20.63486671447754
2018-11-09,32.4900016784668,20.571550369262695
2018-11-12,32.20000076293945,20.387935638427734
2018-11-13,32.119998931884766,20.33727264404297
2018-11-14,32.369998931884766,20.49556541442871
2018-11-15,32.650001525878906,20.672861099243164
2018-11-16,33.0,20.894458770751953
2018-11-19,32.84000015258789,20.79316520690918
2018-11-20,32.66999816894531,20.685516357421875
2018-11-21,32.84000015258789,20.79316520690918
2018-11-23,32.77000045776367,20.748842239379883
2018-11-26,32.59000015258789,20.63486671447754
2018-11-27,32.599998474121094,20.64120101928711
2018-11-28,32.86000061035156,20.805831909179688
2018-11-29,33.02000045776367,20.907129287719727
2018-11-30,32.95000076293945,20.862810134887695
2018-12-03,32.90999984741211,20.94938087463379
2018-12-04,32.720001220703125,20.828439712524414
2018-12-06,32.70000076293945,20.815704345703125
2018-12-07,32.66999816894531,20.796606063842773
2018-12-10,32.560001373291016,20.72658348083496
2018-12-11,32.529998779296875,20.707483291625977
2018-12-12,32.75,20.847530364990234
2018-12-13,32.68000030517578,20.80297088623047
2018-12-14,32.5,20.688392639160156
2018-12-17,32.630001068115234,20.771142959594727
2018-12-18,32.7599983215332,20.853897094726562
2018-12-19,32.689998626708984,20.8093318939209
2018-12-20,32.849998474121094,20.911197662353516
2018-12-21,32.7400016784668,20.84117317199707
2018-12-24,32.7599983215332,20.853897094726562
2018-12-26,32.779998779296875,20.866626739501953
2018-12-27,32.79999923706055,20.995935440063477
2018-12-28,32.91999816894531,21.072755813598633
2018-12-31,33.0,21.123952865600586
2019-01-02,33.04999923706055,21.155960083007812
2019-01-03,33.16999816894531,21.232770919799805
2019-01-04,33.560001373291016,21.482425689697266
2019-01-07,33.790000915527344,21.629657745361328
2019-01-08,33.619998931884766,21.520828247070312
2019-01-09,33.849998474121094,21.66805648803711
2019-01-10,33.900001525878906,21.700061798095703
2019-01-11,33.779998779296875,21.623249053955078
2019-01-14,33.84000015258789,21.66165542602539
2019-01-15,33.880001068115234,21.687271118164062
2019-01-16,33.84000015258789,21.66165542602539
2019-01-17,33.849998474121094,21.66805648803711
2019-01-18,33.779998779296875,21.623249053955078
2019-01-22,33.7400016784668,21.597644805908203
2019-01-23,33.900001525878906,21.700061798095703
2019-01-24,33.84000015258789,21.66165542602539
2019-01-25,34.08000183105469,21.81529426574707
2019-01-28,34.029998779296875,21.783281326293945
2019-01-29,34.119998931884766,21.84089469909668
2019-01-30,34.540000915527344,22.109739303588867
2019-01-31,34.77000045776367,22.25697135925293
2019-02-01,34.560001373291016,22.2402400970459
2019-02-04,34.54999923706055,22.233793258666992
2019-02-05,34.65999984741211,22.304588317871094
2019-02-06,34.41999816894531,22.150144577026367
2019-02-07,34.290000915527344,22.06648826599121
2019-02-08,34.22999954223633,22.027875900268555
2019-02-11,33.970001220703125,21.860563278198242
2019-02-12,34.189998626708984,22.002138137817383
2019-02-13,33.880001068115234,21.802644729614258
2019-02-14,33.95000076293945,21.847694396972656
2019-02-15,34.099998474121094,21.944225311279297
2019-02-19,34.130001068115234,21.96352195739746
2019-02-20,34.150001525878906,21.976398468017578
2019-02-21,34.099998474121094,21.944225311279297
2019-02-22,34.220001220703125,22.021440505981445
2019-02-25,34.29999923706055,22.072921752929688
2019-02-26,34.36000061035156,22.11153793334961
2019-02-27,34.349998474121094,22.10509490966797
2019-02-28,34.130001068115234,21.96352195739746
2019-03-01,33.88999938964844,21.909862518310547
2019-03-04,33.790000915527344,21.845218658447266
2019-03-05,33.869998931884766,21.89693832397461
2019-03-06,33.77000045776367,21.832279205322266
2019-03-07,33.34000015258789,21.554285049438477
2019-03-08,33.4900016784668,21.651264190673828
2019-03-11,33.58000183105469,21.709453582763672
2019-03-12,33.70000076293945,21.787029266357422
2019-03-13,33.77000045776367,21.832279205322266
2019-03-14,33.650001525878906,21.754711151123047
2019-03-15,33.790000915527344,21.845218658447266
2019-03-18,33.959999084472656,21.955110549926758
2019-03-19,34.040000915527344,22.0068359375
2019-03-20,34.40999984741211,22.246049880981445
2019-03-21,34.279998779296875,22.16200065612793
2019-03-22,33.619998931884766,21.735307693481445
2019-03-25,33.93000030517578,21.935718536376953
2019-03-26,33.869998931884766,21.89693832397461
2019-03-27,33.41999816894531,21.606006622314453
2019-03-28,33.41999816894531,21.606006622314453
2019-03-29,33.36000061035156,21.567218780517578
2019-04-01,33.56999969482422,21.822694778442383
2019-04-02,33.5099983215332,21.783681869506836
2019-04-03,33.65999984741211,21.881196975708008
2019-04-04,33.66999816894531,21.887699127197266
2019-04-05,33.720001220703125,21.920209884643555
2019-04-08,33.72999954223633,21.92669677734375
2019-04-09,33.83000183105469,21.99171257019043
2019-04-10,34.0,22.102224349975586
2019-04-11,33.75,21.939708709716797
2019-04-12,33.849998474121094,22.00470733642578
2019-04-15,33.90999984741211,22.043716430664062
2019-04-16,33.77000045776367,21.95270347595215
2019-04-17,33.88999938964844,22.030710220336914
2019-04-18,33.86000061035156,22.01120948791504
2019-04-22,33.81999969482422,21.985206604003906
2019-04-23,33.70000076293945,21.907197952270508
2019-04-24,33.13999938964844,21.660144805908203
2019-04-25,33.119998931884766,21.64708137512207
2019-04-26,33.029998779296875,21.58824920654297
2019-04-29,33.04999923706055,21.601318359375
2019-04-30,33.119998931884766,21.64708137512207
2019-05-01,33.0099983215332,21.57516860961914
2019-05-02,32.790000915527344,21.4313907623291
2019-05-03,33.06999969482422,21.614391326904297
2019-05-06,32.93000030517578,21.522886276245117
2019-05-07,32.70000076293945,21.372549057006836
2019-05-08,32.83000183105469,21.45753288269043
2019-05-09,32.689998626708984,21.366018295288086
2019-05-10,32.970001220703125,21.549039840698242
2019-05-13,32.7400016784668,21.398714065551758
2019-05-14,32.869998931884766,21.483667373657227
2019-05-15,32.970001220703125,21.549039840698242
2019-05-16,32.790000915527344,21.4313907623291
2019-05-17,32.529998779296875,21.261444091796875
2019-05-20,32.560001373291016,21.28106117248535
2019-05-21,32.68000030517578,21.35948944091797
2019-05-22,32.65999984741211,21.34641456604004
2019-05-23,32.65999984741211,21.34641456604004
2019-05-24,32.810001373291016,21.444456100463867
2019-05-28,32.70000076293945,21.372549057006836
2019-05-29,32.790000915527344,21.4313907623291
2019-05-30,32.83000183105469,21.45753288269043
2019-05-31,33.0,21.568639755249023
2019-06-03,32.939998626708984,21.65409278869629
2019-06-04,33.099998474121094,21.759279251098633
2019-06-05,33.029998779296875,21.713258743286133
2019-06-06,33.13999938964844,21.785579681396484
2019-06-07,33.349998474121094,21.923627853393555
2019-06-10,33.4900016784668,22.01565170288086
2019-06-11,33.65999984741211,22.127412796020508
2019-06-12,33.63999938964844,22.114259719848633
2019-06-13,33.709999084472656,22.160282135009766
2019-06-14,33.599998474121094,22.087966918945312
2019-06-17,33.59000015258789,22.081392288208008
2019-06-18,33.86000061035156,22.258886337280273
2019-06-19,34.279998779296875,22.534990310668945
2019-06-20,34.54999923706055,22.712480545043945
2019-06-21,34.43000030517578,22.63358497619629
2019-06-24,34.52000045776367,22.69277000427246
2019-06-25,34.470001220703125,22.659889221191406
2019-06-26,34.47999954223633,22.66646957397461
2019-06-27,34.63999938964844,22.771650314331055
2019-06-28,34.70000076293945,22.81109619140625
2019-07-01,34.61000061035156,22.86393928527832
2019-07-02,34.63999938964844,22.883769989013672
2019-07-03,34.7400016784668,22.9498233795166
2019-07-05,34.61000061035156,22.86393928527832
2019-07-08,34.65999984741211,22.896953582763672
2019-07-09,34.54999923706055,22.824302673339844
2019-07-10,34.7599983215332,22.963024139404297
2019-07-11,34.75,22.956430435180664
2019-07-12,34.90999984741211,23.062118530273438
2019-07-15,34.939998626708984,23.081933975219727
2019-07-16,34.70000076293945,22.92339324951172
2019-07-17,34.790000915527344,22.982847213745117
2019-07-18,35.16999816894531,23.23387336730957
2019-07-19,35.06999969482422,23.16782569885254
2019-07-22,35.099998474121094,23.187637329101562
2019-07-23,35.0099983215332,23.12819480895996
2019-07-24,35.040000915527344,23.14801025390625
2019-07-25,34.91999816894531,23.068729400634766
2019-07-26,34.880001068115234,23.04230499267578
2019-07-29,34.7599983215332,22.963024139404297
2019-07-30,34.72999954223633,22.943212509155273
2019-07-31,34.599998474121094,22.85732650756836
2019-08-01,34.11000061035156,22.652793884277344
2019-08-02,34.02000045776367,22.593029022216797
2019-08-05,33.70000076293945,22.38050079345703
2019-08-06,33.849998474121094,22.480113983154297
2019-08-07,33.86000061035156,22.48676109313965
2019-08-08,34.15999984741211,22.685993194580078
2019-08-09,34.09000015258789,22.639503479003906
2019-08-12,33.709999084472656,22.38713836669922
2019-08-13,33.7400016784668,22.407066345214844
2019-08-14,33.15999984741211,22.021892547607422
2019-08-15,33.380001068115234,22.167987823486328
2019-08-16,33.529998779296875,22.267597198486328
2019-08-19,33.209999084472656,22.05508804321289
2019-08-20,33.369998931884766,22.161344528198242
2019-08-21,33.369998931884766,22.161344528198242
2019-08-22,33.15999984741211,22.021892547607422
2019-08-23,33.13999938964844,22.008602142333984
2019-08-26,33.060001373291016,21.955463409423828
2019-08-27,32.97999954223633,21.90234375
2019-08-28,32.83000183105469,21.802719116210938
2019-08-29,32.90999984741211,21.855852127075195
2019-08-30,32.970001220703125,21.89569664001465
2019-09-03,32.7400016784668,21.869653701782227
2019-09-04,33.189998626708984,22.170244216918945
2019-09-05,33.209999084472656,22.183605194091797
2019-09-06,33.290000915527344,22.237041473388672
2019-09-09,33.2599983215332,22.216997146606445
2019-09-10,33.15999984741211,22.15020179748535
2019-09-11,33.18000030517578,22.163564682006836
2019-09-12,33.459999084472656,22.350595474243164
2019-09-13,33.310001373291016,22.250396728515625
2019-09-16,33.20000076293945,22.17691993713379
2019-09-17,33.29999923706055,22.24372100830078
2019-09-18,33.15999984741211,22.15020179748535
2019-09-19,33.279998779296875,22.230356216430664
2019-09-20,33.41999816894531,22.323871612548828
2019-09-23,33.369998931884766,22.290475845336914
2019-09-24,33.34000015258789,22.270435333251953
2019-09-25,32.9900016784668,22.036640167236328
2019-09-26,33.06999969482422,22.090076446533203
2019-09-27,33.029998779296875,22.063364028930664
2019-09-30,33.0,22.0433292388916
2019-10-01,32.779998779296875,22.01980972290039
2019-10-02,32.93000030517578,22.120567321777344
2019-10-03,33.27000045776367,22.34897232055664
2019-10-04,33.47999954223633,22.490039825439453
2019-10-07,33.20000076293945,22.301950454711914
2019-10-08,33.150001525878906,22.268362045288086
2019-10-09,33.400001525878906,22.43630027770996
2019-10-10,33.529998779296875,22.52362060546875
2019-10-11,33.689998626708984,22.631101608276367
2019-10-14,33.619998931884766,22.58407974243164
2019-10-15,33.52000045776367,22.516904830932617
2019-10-16,33.54999923706055,22.537052154541016
2019-10-17,33.61000061035156,22.57736587524414
2019-10-18,33.810001373291016,22.711708068847656
2019-10-21,33.77000045776367,22.684844970703125
2019-10-22,33.84000015258789,22.73186492919922
2019-10-23,33.97999954223633,22.825912475585938
2019-10-24,33.86000061035156,22.74529266357422
2019-10-25,34.09000015258789,22.899795532226562
2019-10-28,34.11000061035156,22.913236618041992
2019-10-29,34.04999923706055,22.87293243408203
2019-10-30,33.869998931884766,22.75201416015625
2019-10-31,33.939998626708984,22.799039840698242
2019-11-01,33.86000061035156,22.867238998413086
2019-11-04,33.900001525878906,22.894264221191406
2019-11-05,33.790000915527344,22.819982528686523
2019-11-06,33.720001220703125,22.772701263427734
2019-11-07,33.650001525878906,22.725427627563477
2019-11-08,33.599998474121094,22.691654205322266
2019-11-11,33.459999084472656,22.597105026245117
2019-11-12,33.27000045776367,22.468793869018555
2019-11-13,33.119998931884766,22.367494583129883
2019-11-14,33.15999984741211,22.39451026916504
2019-11-15,33.36000061035156,22.52956771850586
2019-11-18,33.33000183105469,22.509319305419922
2019-11-19,33.310001373291016,22.49580955505371
2019-11-20,33.209999084472656,22.428287506103516
2019-11-21,33.22999954223633,22.441776275634766
2019-11-22,33.13999938964844,22.381006240844727
2019-11-25,33.0099983215332,22.293197631835938
2019-11-26,33.02000045776367,22.299955368041992
2019-11-27,32.91999816894531,22.232419967651367
2019-11-29,32.95000076293945,22.252676010131836
2019-12-02,32.83000183105469,22.282541275024414
2019-12-03,32.91999816894531,22.3436279296875
2019-12-04,32.959999084472656,22.370779037475586
2019-12-05,33.06999969482422,22.4454345703125
2019-12-06,33.150001525878906,22.499746322631836
2019-12-09,33.22999954223633,22.554033279418945
2019-12-10,33.220001220703125,22.54725456237793
2019-12-11,33.470001220703125,22.71692657470703
2019-12-12,33.45000076293945,22.703353881835938
2019-12-13,33.529998779296875,22.757648468017578
2019-12-16,33.66999816894531,22.8526668548584
2019-12-17,33.72999954223633,22.893388748168945
2019-12-18,33.68000030517578,22.859458923339844
2019-12-19,33.72999954223633,22.893388748168945
2019-12-20,33.720001220703125,22.886611938476562
2019-12-23,33.7599983215332,22.913755416870117
2019-12-24,33.83000183105469,22.96126937866211
2019-12-26,33.91999816894531,23.022348403930664
2019-12-27,34.040000915527344,23.103805541992188
2019-12-30,33.88999938964844,23.109933853149414
2019-12-31,34.0099983215332,23.191768646240234
2020-01-02,34.06999969482422,23.23268699645996
2020-01-03,33.869998931884766,23.096298217773438
2020-01-06,33.88999938964844,23.109933853149414
2020-01-07,33.810001373291016,23.055389404296875
2020-01-08,33.970001220703125,23.16449737548828
2020-01-09,33.959999084472656,23.157670974731445
2020-01-10,34.0,23.184946060180664
2020-01-13,33.91999816894531,23.13039207458496
2020-01-14,33.939998626708984,23.144039154052734
2020-01-15,33.91999816894531,23.13039207458496
2020-01-16,33.880001068115234,23.103118896484375
2020-01-17,33.88999938964844,23.109933853149414
2020-01-21,33.849998474121094,23.082664489746094
2020-01-22,34.0099983215332,23.191768646240234
2020-01-23,33.959999084472656,23.157670974731445
2020-01-24,33.970001220703125,23.16449737548828
2020-01-27,33.68000030517578,22.966737747192383
2020-01-28,33.84000015258789,23.07584571838379
2020-01-29,33.810001373291016,23.055389404296875
2020-01-30,33.650001525878906,22.9462890625
2020-01-31,33.58000183105469,22.898561477661133
2020-02-03,33.45000076293945,22.923912048339844
2020-02-04,33.65999984741211,23.067819595336914
2020-02-05,33.720001220703125,23.108945846557617
2020-02-06,33.56999969482422,23.006139755249023
2020-02-07,33.349998474121094,22.855369567871094
2020-02-10,33.36000061035156,22.862224578857422
2020-02-11,33.529998779296875,22.97872543334961
2020-02-12,33.540000915527344,22.985578536987305
2020-02-13,33.5099983215332,22.96502113342285
2020-02-14,33.650001525878906,23.060977935791016
2020-02-18,33.540000915527344,22.985578536987305
2020-02-19,33.56999969482422,23.006139755249023
2020-02-20,33.290000915527344,22.81425666809082
2020-02-21,33.310001373291016,22.827959060668945
2020-02-24,33.04999923706055,22.649776458740234
2020-02-25,33.02000045776367,22.62921714782715
2020-02-26,32.97999954223633,22.601804733276367
2020-02-27,32.709999084472656,22.416757583618164
2020-02-28,32.40999984741211,22.21117401123047
2020-03-02,32.5,22.374330520629883
2020-03-03,32.970001220703125,22.69790267944336
2020-03-04,33.02000045776367,22.732322692871094
2020-03-05,32.70000076293945,22.512022018432617
2020-03-06,32.540000915527344,22.401872634887695
2020-03-09,30.889999389648438,21.265941619873047
2020-03-10,31.600000381469727,21.754737854003906
2020-03-11,30.850000381469727,21.238405227661133
2020-03-12,29.020000457763672,19.97855567932129
2020-03-13,29.6200008392334,20.391624450683594
2020-03-16,28.90999984741211,19.90283203125
2020-03-17,28.670000076293945,19.73760414123535
2020-03-18,27.040000915527344,18.615449905395508
2020-03-19,26.649999618530273,18.34694480895996
2020-03-20,26.8799991607666,18.505300521850586
2020-03-23,27.1200008392334,18.670520782470703
2020-03-24,27.690000534057617,19.06293487548828
2020-03-25,28.360000610351562,19.52419090270996
2020-03-26,28.969999313354492,19.94413948059082
2020-03-27,28.469999313354492,19.599910736083984
2020-03-30,28.200000762939453,19.414039611816406
2020-03-31,28.469999313354492,19.599910736083984
2020-04-01,27.670000076293945,19.14532470703125
2020-04-02,27.549999237060547,19.062292098999023
2020-04-03,27.270000457763672,18.868558883666992
2020-04-06,27.649999618530273,19.131484985351562
2020-04-07,28.190000534057617,19.50511360168457
2020-04-08,28.440000534057617,19.678096771240234
2020-04-09,28.860000610351562,19.968708038330078
2020-04-13,28.739999771118164,19.885677337646484
2020-04-14,28.950000762939453,20.03098487854004
2020-04-15,28.770000457763672,19.906429290771484
2020-04-16,28.559999465942383,19.761133193969727
2020-04-17,28.84000015258789,19.954866409301758
2020-04-20,28.760000228881836,19.89950942993164
2020-04-21,28.649999618530273,19.82340431213379
2020-04-22,28.489999771118164,19.712697982788086
2020-04-23,28.43000030517578,19.671186447143555
2020-04-24,28.079999923706055,19.51343536376953
2020-04-27,28.270000457763672,19.645471572875977
2020-04-28,28.6299991607666,19.895641326904297
2020-04-29,29.139999389648438,20.25004768371582
2020-04-30,28.889999389648438,20.076324462890625
2020-05-01,28.59000015258789,19.867847442626953
2020-05-04,28.68000030517578,19.930387496948242
2020-05-05,28.899999618530273,20.083267211914062
2020-05-06,28.6299991607666,19.895641326904297
2020-05-07,28.709999084472656,19.951231002807617
2020-05-08,28.940000534057617,20.11107063293457
2020-05-11,28.829999923706055,20.03463363647461
2020-05-12,28.979999542236328,20.138872146606445
2020-05-13,28.93000030517578,20.104122161865234
2020-05-14,29.079999923706055,20.20836067199707
2020-05-15,28.979999542236328,20.138872146606445
2020-05-18,29.549999237060547,20.53497314453125
2020-05-19,29.639999389648438,20.59752082824707
2020-05-20,30.110000610351562,20.92411994934082
2020-05-21,30.350000381469727,21.090911865234375
2020-05-22,30.170000076293945,20.965822219848633
2020-05-26,30.81999969482422,21.417526245117188
2020-05-27,30.6200008392334,21.278541564941406
2020-05-28,30.540000915527344,21.222946166992188
2020-05-29,30.829999923706055,21.424470901489258
2020-06-01,31.0,21.635948181152344
2020-06-02,31.40999984741211,21.92211151123047
2020-06-03,31.65999984741211,22.096590042114258
2020-06-04,31.540000915527344,22.01283073425293
2020-06-05,31.65999984741211,22.096590042114258
2020-06-08,31.639999389648438,22.082624435424805
2020-06-09,31.450000762939453,21.95001983642578
2020-06-10,31.639999389648438,22.082624435424805
2020-06-11,30.920000076293945,21.580110549926758
2020-06-12,31.200000762939453,21.775529861450195
2020-06-15,31.280000686645508,21.83137321472168
2020-06-16,31.059999465942383,21.67781639099121
2020-06-17,30.860000610351562,21.538236618041992
2020-06-18,30.639999389648438,21.384689331054688
2020-06-19,31.0,21.635948181152344
2020-06-22,31.010000228881836,21.642929077148438
2020-06-23,31.170000076293945,21.754596710205078
2020-06-24,30.889999389648438,21.55918312072754
2020-06-25,31.049999237060547,21.670841217041016
2020-06-26,30.75,21.461462020874023
2020-06-29,30.770000457763672,21.475421905517578
2020-06-30,30.739999771118164,21.45448112487793
2020-07-01,30.760000228881836,21.571598052978516
2020-07-02,30.899999618530273,21.66977882385254
2020-07-06,30.899999618530273,21.66977882385254
2020-07-07,30.780000686645508,21.585622787475586
2020-07-08,31.040000915527344,21.767963409423828
2020-07-09,31.059999465942383,21.781986236572266
2020-07-10,31.15999984741211,21.852115631103516
2020-07-13,31.030000686645508,21.76094627380371
2020-07-14,31.190000534057617,21.87316131591797
2020-07-15,31.239999771118164,21.908218383789062
2020-07-16,31.079999923706055,21.796016693115234
2020-07-17,31.110000610351562,21.817054748535156
2020-07-20,31.25,21.91523551940918
2020-07-21,31.549999237060547,22.125614166259766
2020-07-22,31.690000534057617,22.223793029785156
2020-07-23,31.59000015258789,22.153671264648438
2020-07-24,31.610000610351562,22.167688369750977
2020-07-27,31.889999389648438,22.364059448242188
2020-07-28,31.790000915527344,22.293926239013672
2020-07-29,31.850000381469727,22.33600425720215
2020-07-30,31.790000915527344,22.293926239013672
2020-07-31,31.579999923706055,22.14666175842285
2020-08-03,31.3799991607666,22.1135311126709
2020-08-04,31.450000762939453,22.16286277770996
2020-08-05,31.469999313354492,22.176956176757812
2020-08-06,31.3799991607666,22.1135311126709
2020-08-07,31.149999618530273,21.951446533203125
2020-08-10,31.059999465942383,21.888036727905273
2020-08-11,31.110000610351562,21.92327117919922
2020-08-12,31.170000076293945,21.965547561645508
2020-08-13,31.209999084472656,21.993728637695312
2020-08-14,31.270000457763672,22.036014556884766
2020-08-17,31.149999618530273,21.951446533203125
2020-08-18,31.360000610351562,22.099437713623047
2020-08-19,31.239999771118164,22.014873504638672
2020-08-20,31.309999465942383,22.064212799072266
2020-08-21,31.1200008392334,21.930315017700195
2020-08-24,31.190000534057617,21.97964859008789
2020-08-25,31.260000228881836,22.028966903686523
2020-08-26,31.190000534057617,21.97964859008789
2020-08-27,31.139999389648438,21.944406509399414
2020-08-28,31.6200008392334,22.28266143798828
2020-08-31,31.5,22.198101043701172
2020-09-01,31.600000381469727,22.357288360595703
2020-09-02,31.420000076293945,22.229944229125977
2020-09-03,31.440000534057617,22.244083404541016
2020-09-04,31.40999984741211,22.222862243652344
2020-09-08,31.18000030517578,22.060136795043945
2020-09-09,31.440000534057617,22.244083404541016
2020-09-10,31.309999465942383,22.152111053466797
2020-09-11,31.43000030517578,22.23701286315918
2020-09-14,31.56999969482422,22.3360652923584
2020-09-15,31.670000076293945,22.406810760498047
2020-09-16,31.690000534057617,22.42095947265625
2020-09-17,31.700000762939453,22.428041458129883
2020-09-18,31.540000915527344,22.314838409423828
2020-09-21,31.139999389648438,22.031831741333008
2020-09-22,31.010000228881836,21.939851760864258
2020-09-23,30.530000686645508,21.600252151489258
2020-09-24,30.729999542236328,21.741750717163086
2020-09-25,30.56999969482422,21.628551483154297
2020-09-28,30.549999237060547,21.614404678344727
2020-09-29,30.6299991607666,21.671001434326172
2020-09-30,30.84000015258789,21.819581985473633
2020-10-01,30.850000381469727,21.904788970947266
2020-10-02,30.729999542236328,21.819580078125
2020-10-05,30.8700008392334,21.918987274169922
2020-10-06,30.829999923706055,21.890583038330078
2020-10-07,30.860000610351562,21.911890029907227
2020-10-08,30.989999771118164,22.004192352294922
2020-10-09,31.209999084472656,22.160400390625
2020-10-12,31.170000076293945,22.131999969482422
2020-10-13,30.959999084472656,21.98289680480957
2020-10-14,30.989999771118164,22.004192352294922
2020-10-15,30.81999969482422,21.883485794067383
2020-10-16,30.860000610351562,21.911890029907227
2020-10-19,30.90999984741211,21.9473876953125
2020-10-20,31.010000228881836,22.018386840820312
2020-10-21,31.190000534057617,22.146203994750977
2020-10-22,31.1200008392334,22.09650230407715
2020-10-23,31.209999084472656,22.160400390625
2020-10-26,31.100000381469727,22.082290649414062
2020-10-27,31.09000015258789,22.075199127197266
2020-10-28,30.670000076293945,21.776981353759766
2020-10-29,30.709999084472656,21.805381774902344
2020-10-30,30.739999771118164,21.826679229736328
2020-11-02,30.59000015258789,21.813135147094727
2020-11-03,30.799999237060547,21.96288299560547
2020-11-04,31.200000762939453,22.248119354248047
2020-11-05,31.559999465942383,22.50482177734375
2020-11-06,31.850000381469727,22.71160888671875
2020-11-09,32.06999969482422,22.868486404418945
2020-11-10,31.969999313354492,22.797183990478516
2020-11-11,32.060001373291016,22.861358642578125
2020-11-12,31.959999084472656,22.790058135986328
2020-11-13,32.06999969482422,22.868486404418945
2020-11-16,32.16999816894531,22.939800262451172
2020-11-17,32.2599983215332,23.00398063659668
2020-11-18,32.27000045776367,23.0111026763916
2020-11-19,32.38999938964844,23.09667205810547
2020-11-20,32.349998474121094,23.068157196044922
2020-11-23,32.150001525878906,22.925539016723633
2020-11-24,32.349998474121094,23.068157196044922
2020-11-25,32.4900016784668,23.16798973083496
2020-11-27,32.47999954223633,23.160863876342773
2020-11-30,32.349998474121094,23.068157196044922
2020-12-01,32.560001373291016,23.30507469177246
2020-12-02,32.4900016784668,23.25496482849121
2020-12-03,32.7400016784668,23.433910369873047
2020-12-04,32.83000183105469,23.498332977294922
2020-12-07,32.81999969482422,23.491167068481445
2020-12-08,32.91999816894531,23.562742233276367
2020-12-09,32.83000183105469,23.498332977294922
2020-12-10,33.08000183105469,23.677263259887695
2020-12-11,33.02000045776367,23.634313583374023
2020-12-14,32.9900016784668,23.612850189208984
2020-12-15,33.189998626708984,23.756000518798828
2020-12-16,33.2599983215332,23.806093215942383
2020-12-17,33.4900016784668,23.970718383789062
2020-12-18,33.41999816894531,23.920623779296875
2020-12-21,33.15999984741211,23.73452377319336
2020-12-22,32.9900016784668,23.612850189208984
2020-12-23,33.08000183105469,23.677263259887695
2020-12-24,33.220001220703125,23.7774715423584
2020-12-28,33.22999954223633,23.78462791442871
2020-12-29,33.13999938964844,23.81265640258789
2020-12-30,33.27000045776367,23.906063079833984
2020-12-31,33.27000045776367,23.906063079833984
2021-01-04,33.27000045776367,23.906063079833984
2021-01-05,33.36000061035156,23.970726013183594
2021-01-06,33.27000045776367,23.906063079833984
2021-01-07,32.849998474121094,23.604272842407227
2021-01-08,32.900001525878906,23.64020347595215
2021-01-11,32.54999923706055,23.388710021972656
2021-01-12,32.90999984741211,23.647384643554688
2021-01-13,32.84000015258789,23.597087860107422
2021-01-14,33.02000045776367,23.726425170898438
2021-01-15,32.810001373291016,23.575529098510742
2021-01-19,32.88999938964844,23.633010864257812
2021-01-20,33.060001373291016,23.755168914794922
2021-01-21,33.0,23.712051391601562
2021-01-22,32.77000045776367,23.546789169311523
2021-01-25,32.650001525878906,23.460561752319336
2021-01-26,32.83000183105469,23.589914321899414
2021-01-27,32.560001373291016,23.395896911621094
2021-01-28,32.66999816894531,23.474931716918945
2021-01-29,32.650001525878906,23.460561752319336
2021-02-01,32.619998931884766,23.52908706665039
2021-02-02,32.7400016784668,23.615652084350586
2021-02-03,32.790000915527344,23.651702880859375
2021-02-04,32.59000015258789,23.507450103759766
2021-02-05,32.77000045776367,23.637285232543945
2021-02-08,32.79999923706055,23.658926010131836
2021-02-09,32.90999984741211,23.738265991210938
2021-02-10,32.9900016784668,23.795970916748047
2021-02-11,33.0099983215332,23.81039047241211
2021-02-12,32.93000030517578,23.7526912689209
2021-02-16,32.709999084472656,23.594005584716797
2021-02-17,32.68000030517578,23.572368621826172
2021-02-18,32.59000015258789,23.507450103759766
2021-02-19,32.45000076293945,23.406465530395508
2021-02-22,32.150001525878906,23.190073013305664
2021-02-23,32.40999984741211,23.377609252929688
2021-02-24,32.5,23.44253158569336
2021-02-25,31.75,22.901552200317383
2021-02-26,31.719999313354492,22.879907608032227
2021-03-01,31.770000457763672,23.001544952392578
2021-03-02,31.690000534057617,22.94361686706543
2021-03-03,31.510000228881836,22.81330108642578
2021-03-04,31.25,22.625059127807617
2021-03-05,31.1200008392334,22.530948638916016
2021-03-08,30.649999618530273,22.19066047668457
2021-03-09,30.989999771118164,22.436819076538086
2021-03-10,31.209999084472656,22.59609603881836
2021-03-11,31.559999465942383,22.849502563476562
2021-03-12,31.299999237060547,22.661252975463867
2021-03-15,31.290000915527344,22.65401840209961
2021-03-16,31.299999237060547,22.661252975463867
2021-03-17,31.43000030517578,22.755380630493164
2021-03-18,31.139999389648438,22.545419692993164
2021-03-19,31.299999237060547,22.661252975463867
2021-03-22,31.09000015258789,22.50922393798828
2021-03-23,30.809999465942383,22.306499481201172
2021-03-24,30.6200008392334,22.168941497802734
2021-03-25,30.59000015258789,22.147218704223633
2021-03-26,30.649999618530273,22.19066047668457
2021-03-29,30.459999084472656,22.053104400634766
2021-03-30,30.43000030517578,22.03137969970703
2021-03-31,30.68000030517578,22.21238136291504
2021-04-01,30.65999984741211,22.296741485595703
2021-04-05,30.719999313354492,22.34037208557129
2021-04-06,30.93000030517578,22.49308967590332
2021-04-07,30.950000762939453,22.50763511657715
2021-04-08,31.219999313354492,22.7039794921875
2021-04-09,31.0,22.543994903564453
2021-04-12,30.959999084472656,22.51490592956543
2021-04-13,31.09000015258789,22.60944938659668
2021-04-14,31.200000762939453,22.689437866210938
2021-04-15,31.440000534057617,22.863975524902344
2021-04-16,31.360000610351562,22.80579376220703
2021-04-19,31.420000076293945,22.84942626953125
2021-04-20,31.3799991607666,22.820337295532227
2021-04-21,31.389999389648438,22.827611923217773
2021-04-22,31.329999923706055,22.783977508544922
2021-04-23,31.399999618530273,22.83488655090332
2021-04-26,31.25,22.813709259033203
2021-04-27,31.170000076293945,22.755306243896484
2021-04-28,31.3799991607666,22.908613204956055
2021-04-29,31.350000381469727,22.88671875
2021-04-30,31.110000610351562,22.711511611938477
2021-05-03,31.209999084472656,22.78450584411621
2021-05-04,31.020000457763672,22.645809173583984
2021-05-05,31.1200008392334,22.71880531311035
2021-05-06,31.5,22.996219635009766
2021-05-07,31.790000915527344,23.207931518554688
2021-05-10,31.719999313354492,23.15682601928711
2021-05-11,31.739999771118164,23.171428680419922
2021-05-12,31.360000610351562,22.894014358520508
2021-05-13,31.530000686645508,23.018129348754883
2021-05-14,31.639999389648438,23.09842300415039
2021-05-17,31.6299991607666,23.091127395629883
2021-05-18,31.719999313354492,23.15682601928711
2021-05-19,31.520000457763672,23.010822296142578
2021-05-20,31.709999084472656,23.1495361328125
2021-05-21,31.600000381469727,23.069231033325195
2021-05-24,31.68000030517578,23.127628326416016
2021-05-25,31.719999313354492,23.15682601928711
2021-05-26,31.719999313354492,23.15682601928711
2021-05-27,31.75,23.178739547729492
2021-05-28,31.8700008392334,23.266338348388672
2021-06-01,31.8799991607666,23.36895751953125
2021-06-02,32.0,23.45692253112793
2021-06-03,31.790000915527344,23.30298614501953
2021-06-04,32.130001068115234,23.552217483520508
2021-06-07,32.060001373291016,23.50090980529785
2021-06-08,32.06999969482422,23.508235931396484
2021-06-09,32.08000183105469,23.51557159423828
2021-06-10,32.16999816894531,23.581539154052734
2021-06-11,31.979999542236328,23.442264556884766
2021-06-14,31.93000030517578,23.40561294555664
2021-06-15,31.8799991607666,23.36895751953125
2021-06-16,31.459999084472656,23.061084747314453
2021-06-17,31.399999618530273,23.017099380493164
2021-06-18,31.15999984741211,22.8411808013916
2021-06-21,31.280000686645508,22.929147720336914
2021-06-22,31.360000610351562,22.987783432006836
2021-06-23,31.3799991607666,23.002445220947266
2021-06-24,31.520000457763672,23.105070114135742
2021-06-25,31.5,23.090408325195312
2021-06-28,31.600000381469727,23.163713455200195
2021-06-29,31.469999313354492,23.068424224853516
2021-06-30,31.3799991607666,23.002445220947266
2021-07-01,31.1200008392334,22.903093338012695
2021-07-02,31.290000915527344,23.0282039642334
2021-07-06,31.010000228881836,22.8221378326416
2021-07-07,30.969999313354492,22.792699813842773
2021-07-08,30.920000076293945,22.755897521972656
2021-07-09,31.09000015258789,22.881010055541992
2021-07-12,31.030000686645508,22.836854934692383
2021-07-13,30.829999923706055,22.68966293334961
2021-07-14,31.1200008392334,22.903093338012695
2021-07-15,31.030000686645508,22.836854934692383
2021-07-16,31.06999969482422,22.86629295349121
2021-07-19,30.84000015258789,22.697025299072266
2021-07-20,30.899999618530273,22.741180419921875
2021-07-21,30.940000534057617,22.770620346069336
2021-07-22,30.969999313354492,22.792699813842773
2021-07-23,30.90999984741211,22.748538970947266
2021-07-26,30.920000076293945,22.755897521972656
2021-07-27,30.940000534057617,22.770620346069336
2021-07-28,31.079999923706055,22.87364959716797
2021-07-29,31.260000228881836,23.006128311157227
2021-07-30,31.110000610351562,22.895732879638672
2021-08-02,31.040000915527344,22.93785285949707
2021-08-03,31.100000381469727,22.982187271118164
2021-08-04,31.010000228881836,22.91568374633789
2021-08-05,30.940000534057617,22.86395835876465
2021-08-06,30.690000534057617,22.67921257019043
2021-08-09,30.56999969482422,22.59053611755371
2021-08-10,30.56999969482422,22.59053611755371
2021-08-11,30.709999084472656,22.693992614746094
2021-08-12,30.700000762939453,22.686601638793945
2021-08-13,30.81999969482422,22.7752742767334
2021-08-16,30.75,22.72355079650879
2021-08-17,30.6200008392334,22.627483367919922
2021-08-18,30.56999969482422,22.59053611755371
2021-08-19,30.3799991607666,22.450124740600586
2021-08-20,30.399999618530273,22.46490478515625
2021-08-23,30.510000228881836,22.546199798583984
2021-08-24,30.65999984741211,22.657041549682617
2021-08-25,30.719999313354492,22.70138931274414
2021-08-26,30.670000076293945,22.664432525634766
2021-08-27,30.940000534057617,22.86395835876465
2021-08-30,31.010000228881836,22.91568374633789
2021-08-31,31.170000076293945,23.03392219543457
2021-09-01,31.09000015258789,23.068796157836914
2021-09-02,31.079999923706055,23.061378479003906
2021-09-03,31.09000015258789,23.068796157836914
2021-09-07,30.969999313354492,22.979751586914062
2021-09-08,30.84000015258789,22.88329315185547
2021-09-09,30.920000076293945,22.94265365600586
2021-09-10,30.8799991607666,22.912979125976562
2021-09-13,30.93000030517578,22.950077056884766
2021-09-14,30.889999389648438,22.920400619506836
2021-09-15,30.920000076293945,22.94265365600586
2021-09-16,30.690000534057617,22.77199935913086
2021-09-17,30.540000915527344,22.66069793701172
2021-09-20,30.3799991607666,22.54197120666504
2021-09-21,30.479999542236328,22.61617088317871
2021-09-22,30.459999084472656,22.601333618164062
2021-09-23,30.450000762939453,22.593914031982422
2021-09-24,30.290000915527344,22.475200653076172
2021-09-27,30.25,22.445514678955078
2021-09-28,30.010000228881836,22.267433166503906
2021-09-29,29.90999984741211,22.19322967529297
2021-09-30,29.969999313354492,22.237749099731445
2021-10-01,30.049999237060547,22.38899803161621
2021-10-04,29.8700008392334,22.254892349243164
2021-10-05,29.799999237060547,22.20273208618164
2021-10-06,29.780000686645508,22.18783950805664
2021-10-07,29.809999465942383,22.210180282592773
2021-10-08,29.739999771118164,22.158029556274414
2021-10-11,29.56999969482422,22.031370162963867
2021-10-12,29.700000762939453,22.128223419189453
2021-10-13,29.889999389648438,22.269792556762695
2021-10-14,29.920000076293945,22.29214859008789
2021-10-15,29.979999542236328,22.33684539794922
2021-10-18,29.829999923706055,22.22509002685547
2021-10-19,29.889999389648438,22.269792556762695
2021-10-20,29.959999084472656,22.321949005126953
2021-10-21,29.639999389648438,22.08352279663086
2021-10-22,29.65999984741211,22.09842300415039
2021-10-25,29.719999313354492,22.14312744140625
2021-10-26,29.690000534057617,22.12078094482422
2021-10-27,29.65999984741211,22.09842300415039
2021-10-28,29.549999237060547,22.016469955444336
2021-10-29,29.440000534057617,21.93451690673828
2021-11-01,29.209999084472656,21.856693267822266
2021-11-02,29.229999542236328,21.87166404724121
2021-11-03,29.329999923706055,21.94648551940918
2021-11-04,29.280000686645508,21.909067153930664
2021-11-05,29.5,22.07369041442871
2021-11-08,29.56999969482422,22.126068115234375
2021-11-09,29.68000030517578,22.208377838134766
2021-11-10,29.389999389648438,21.991378784179688
2021-11-11,29.440000534057617,22.028797149658203
2021-11-12,29.3700008392334,21.97641372680664
2021-11-15,29.34000015258789,21.953969955444336
2021-11-16,29.139999389648438,21.80431365966797
2021-11-17,29.149999618530273,21.81180191040039
2021-11-18,29.030000686645508,21.72201156616211
2021-11-19,28.8799991607666,21.609769821166992
2021-11-22,28.6299991607666,21.422700881958008
2021-11-23,28.520000457763672,21.34039878845215
2021-11-24,28.440000534057617,21.280534744262695
2021-11-26,28.270000457763672,21.15333366394043
2021-11-29,28.31999969482422,21.19074821472168
2021-11-30,28.5,21.325428009033203
2021-12-01,28.329999923706055,21.287860870361328
2021-12-02,28.3700008392334,21.317920684814453
2021-12-03,28.350000381469727,21.30289077758789
2021-12-06,28.329999923706055,21.287860870361328
2021-12-07,28.520000457763672,21.43062973022461
2021-12-08,28.719999313354492,21.58091163635254
2021-12-09,28.59000015258789,21.483226776123047
2021-12-10,28.68000030517578,21.550859451293945
2021-12-13,28.549999237060547,21.453170776367188
2021-12-14,28.3799991607666,21.325428009033203
2021-12-15,28.420000076293945,21.355485916137695
2021-12-16,28.450000762939453,21.378034591674805
2021-12-17,28.34000015258789,21.295379638671875
2021-12-20,28.420000076293945,21.355485916137695
2021-12-21,28.549999237060547,21.453170776367188
2021-12-22,28.770000457763672,21.61848258972168
2021-12-23,28.889999389648438,21.708660125732422
2021-12-27,28.889999389648438,21.708660125732422
2021-12-28,28.75,21.60346031188965
2021-12-29,28.5,21.50836944580078
2021-12-30,28.59000015258789,21.5762882232666
2021-12-31,28.600000381469727,21.583837509155273
2022-01-03,28.530000686645508,21.531005859375
2022-01-04,28.3700008392334,21.410253524780273
2022-01-05,28.31999969482422,21.37253189086914
2022-01-06,28.329999923706055,21.38007926940918
2022-01-07,28.479999542236328,21.49327278137207
2022-01-10,28.399999618530273,21.432905197143555
2022-01-11,28.540000915527344,21.538555145263672
2022-01-12,28.799999237060547,21.734769821166992
2022-01-13,28.719999313354492,21.674396514892578
2022-01-14,28.65999984741211,21.62911605834961
2022-01-18,28.34000015258789,21.38762092590332
2022-01-19,28.709999084472656,21.666845321655273
2022-01-20,28.739999771118164,21.68949317932129
2022-01-21,28.799999237060547,21.734769821166992
2022-01-24,28.649999618530273,21.621570587158203
2022-01-25,28.65999984741211,21.62911605834961
2022-01-26,28.40999984741211,21.44045639038086
2022-01-27,28.43000030517578,21.455537796020508
2022-01-28,28.440000534057617,21.463085174560547
2022-01-31,28.700000762939453,21.659299850463867
2022-02-01,28.68000030517578,21.739652633666992
2022-02-02,28.790000915527344,21.82303810119629
2022-02-03,28.809999465942383,21.838199615478516
2022-02-04,28.780000686645508,21.815446853637695
2022-02-07,28.770000457763672,21.807870864868164
2022-02-08,28.84000015258789,21.86093521118164
2022-02-09,28.989999771118164,21.97463607788086
2022-02-10,28.969999313354492,21.959474563598633
2022-02-11,28.780000686645508,21.815446853637695
2022-02-14,28.780000686645508,21.815446853637695
2022-02-15,29.010000228881836,21.98979949951172
2022-02-16,29.1299991607666,22.080751419067383
2022-02-17,29.079999923706055,22.042858123779297
2022-02-18,29.049999237060547,22.020116806030273
2022-02-22,28.920000076293945,21.92157745361328
2022-02-23,28.829999923706055,21.853357315063477
2022-02-24,27.920000076293945,21.163564682006836
2022-02-25,28.579999923706055,21.663856506347656
2022-02-28,27.18000030517578,20.60264015197754
2022-03-01,26.799999237060547,20.39638900756836
2022-03-02,26.5,20.16807746887207
2022-03-03,26.780000686645508,20.381174087524414
2022-03-04,26.579999923706055,20.228960037231445
2022-03-07,25.899999618530273,19.711444854736328
2022-03-08,26.229999542236328,19.96259880065918
2022-03-09,26.639999389648438,20.274629592895508
2022-03-10,26.450000762939453,20.13002586364746
2022-03-11,26.299999237060547,20.015869140625
2022-03-14,26.15999984741211,19.90931510925293
2022-03-15,26.309999465942383,20.023473739624023
2022-03-16,26.6200008392334,20.25940704345703
2022-03-17,26.75,20.35834503173828
2022-03-18,26.979999542236328,20.533384323120117
2022-03-21,26.690000534057617,20.31267547607422
2022-03-22,26.600000381469727,20.24418830871582
2022-03-23,26.6299991607666,20.267017364501953
2022-03-24,26.649999618530273,20.28223419189453
2022-03-25,26.6299991607666,20.267017364501953
2022-03-28,26.65999984741211,20.28985023498535
2022-03-29,26.940000534057617,20.50295066833496
2022-03-30,27.049999237060547,20.586666107177734
2022-03-31,26.989999771118164,20.54099464416504
2022-04-01,26.969999313354492,20.592153549194336
2022-04-04,27.020000457763672,20.63032341003418
2022-04-05,26.68000030517578,20.370729446411133
2022-04-06,26.579999923706055,20.29437255859375
2022-04-07,26.510000228881836,20.240930557250977
2022-04-08,26.489999771118164,20.225662231445312
2022-04-11,26.43000030517578,20.17984962463379
2022-04-12,26.56999969482422,20.2867431640625
2022-04-13,26.559999465942383,20.27910614013672
2022-04-14,26.360000610351562,20.126405715942383
2022-04-18,26.399999618530273,20.156946182250977
2022-04-19,26.200000762939453,20.004240036010742
2022-04-20,26.3700008392334,20.134037017822266
2022-04-21,26.290000915527344,20.072961807250977
2022-04-22,25.950000762939453,19.8133602142334
2022-04-25,25.719999313354492,19.7236385345459
2022-04-26,25.450000762939453,19.51659393310547
2022-04-27,25.40999984741211,19.48591423034668
2022-04-28,25.299999237060547,19.40155601501465
2022-04-29,25.299999237060547,19.40155601501465
2022-05-02,25.09000015258789,19.24051856994629
2022-05-03,25.270000457763672,19.378551483154297
2022-05-04,25.559999465942383,19.600936889648438
2022-05-05,25.049999237060547,19.20984649658203
2022-05-06,24.940000534057617,19.1254940032959
2022-05-09,24.649999618530273,18.903100967407227
2022-05-10,24.65999984741211,18.910770416259766
2022-05-11,24.600000381469727,18.86475372314453
2022-05-12,24.530000686645508,18.811073303222656
2022-05-13,24.610000610351562,18.872426986694336
2022-05-16,24.690000534057617,18.93376922607422
2022-05-17,24.8799991607666,19.079477310180664
2022-05-18,24.799999237060547,19.018123626708984
2022-05-19,25.15999984741211,19.294198989868164
2022-05-20,25.239999771118164,19.355541229248047
2022-05-23,25.440000534057617,19.508922576904297
2022-05-24,25.510000228881836,19.562602996826172
2022-05-25,25.549999237060547,19.593273162841797
2022-05-26,25.709999084472656,19.715965270996094
2022-05-27,25.709999084472656,19.715965270996094
2022-05-31,25.649999618530273,19.669960021972656
2022-06-01,25.389999389648438,19.552906036376953
2022-06-02,25.65999984741211,19.760831832885742
2022-06-03,25.56999969482422,19.69151496887207
2022-06-06,25.43000030517578,19.583707809448242
2022-06-07,25.40999984741211,19.56830406188965
2022-06-08,25.280000686645508,19.46819496154785
2022-06-09,25.06999969482422,19.30647087097168
2022-06-10,24.719999313354492,19.03693962097168
2022-06-13,24.31999969482422,18.72888946533203
2022-06-14,24.209999084472656,18.64418601989746
2022-06-15,24.6200008392334,18.95992660522461
2022-06-16,24.489999771118164,18.85980987548828
2022-06-17,24.440000534057617,18.821311950683594
2022-06-21,24.489999771118164,18.85980987548828
2022-06-22,24.6200008392334,18.95992660522461
2022-06-23,24.59000015258789,18.936819076538086
2022-06-24,24.65999984741211,18.99073028564453
2022-06-27,24.530000686645508,18.890615463256836
2022-06-28,24.479999542236328,18.85210609436035
2022-06-29,24.5,18.867515563964844
2022-06-30,24.479999542236328,18.85210609436035
2022-07-01,24.389999389648438,18.876102447509766
2022-07-05,24.040000915527344,18.605228424072266
2022-07-06,23.700000762939453,18.342098236083984
2022-07-07,23.84000015258789,18.450441360473633
2022-07-08,23.81999969482422,18.43496322631836
2022-07-11,23.469999313354492,18.164081573486328
2022-07-12,23.43000030517578,18.133129119873047
2022-07-13,23.520000457763672,18.202777862548828
2022-07-14,23.280000686645508,18.017040252685547
2022-07-15,23.510000228881836,18.195045471191406
2022-07-18,23.520000457763672,18.202777862548828
2022-07-19,23.690000534057617,18.334352493286133
2022-07-20,23.6299991607666,18.28791618347168
2022-07-21,23.68000030517578,18.326610565185547
2022-07-22,23.81999969482422,18.43496322631836
2022-07-25,23.93000030517578,18.520099639892578
2022-07-26,23.809999465942383,18.427227020263672
2022-07-27,24.09000015258789,18.6439208984375
2022-07-28,24.270000457763672,18.78322982788086
2022-07-29,24.34000015258789,18.83740234375
2022-08-01,24.360000610351562,18.947864532470703
2022-08-02,24.06999969482422,18.7222900390625
2022-08-03,24.31999969482422,18.9167423248291
2022-08-04,24.469999313354492,19.033416748046875
2022-08-05,24.309999465942383,18.908966064453125
2022-08-08,24.479999542236328,19.041194915771484
2022-08-09,24.43000030517578,19.00230598449707
2022-08-10,24.84000015258789,19.32121467590332
2022-08-11,24.850000381469727,19.328998565673828
2022-08-12,25.040000915527344,19.476783752441406
2022-08-15,24.84000015258789,19.32121467590332
2022-08-16,24.75,19.25120735168457
2022-08-17,24.610000610351562,19.142318725585938
2022-08-18,24.389999389648438,18.971193313598633
2022-08-19,24.209999084472656,18.8311824798584
2022-08-22,24.110000610351562,18.753402709960938
2022-08-23,24.209999084472656,18.8311824798584
2022-08-24,24.18000030517578,18.807846069335938
2022-08-25,24.350000381469727,18.94007682800293
2022-08-26,24.239999771118164,18.854520797729492
2022-08-29,24.229999542236328,18.84674835205078
2022-08-30,24.18000030517578,18.807846069335938
2022-08-31,24.09000015258789,18.73784065246582
2022-09-01,23.850000381469727,18.644813537597656
2022-09-02,23.989999771118164,18.75426483154297
2022-09-06,23.809999465942383,18.61354637145996
2022-09-07,24.059999465942383,18.808984756469727
2022-09-08,23.989999771118164,18.75426483154297
2022-09-09,24.139999389648438,18.871522903442383
2022-09-12,24.260000228881836,18.96533203125
2022-09-13,23.860000610351562,18.652633666992188
2022-09-14,23.940000534057617,18.715171813964844
2022-09-15,23.790000915527344,18.59791374206543
2022-09-16,23.780000686645508,18.5900936126709
2022-09-19,23.860000610351562,18.652633666992188
2022-09-20,23.719999313354492,18.543193817138672
2022-09-21,23.600000381469727,18.449373245239258
2022-09-22,23.6200008392334,18.465017318725586
2022-09-23,23.280000686645508,18.199214935302734
2022-09-26,22.850000381469727,17.863067626953125
2022-09-27,22.829999923706055,17.847423553466797
2022-09-28,23.1200008392334,18.07413673400879
2022-09-29,22.93000030517578,17.925607681274414
2022-09-30,22.799999237060547,17.823978424072266
2022-10-03,23.040000915527344,18.105304718017578
2022-10-04,23.299999237060547,18.309612274169922
2022-10-05,23.149999618530273,18.191736221313477
2022-10-06,22.959999084472656,18.04243278503418
2022-10-07,22.899999618530273,17.995283126831055
2022-10-10,22.8799991607666,17.979568481445312
2022-10-11,22.719999313354492,17.853837966918945
2022-10-12,22.690000534057617,17.830257415771484
2022-10-13,22.68000030517578,17.822402954101562
2022-10-14,22.530000686645508,17.70453453063965
2022-10-17,22.670000076293945,17.81454849243164
2022-10-18,22.739999771118164,17.86955451965332
2022-10-19,22.530000686645508,17.70453453063965
2022-10-20,22.5,17.68096351623535
2022-10-21,22.670000076293945,17.81454849243164
2022-10-24,22.459999084472656,17.649517059326172
2022-10-25,22.75,17.87741470336914
2022-10-26,22.889999389648438,17.987424850463867
2022-10-27,22.81999969482422,17.932415008544922
2022-10-28,22.780000686645508,17.900983810424805
2022-10-31,22.65999984741211,17.806692123413086
2022-11-01,22.6299991607666,17.876201629638672
2022-11-02,22.510000228881836,17.781410217285156
2022-11-03,22.520000457763672,17.789310455322266
2022-11-04,22.889999389648438,18.081579208374023
2022-11-07,22.959999084472656,18.13688087463379
2022-11-08,23.100000381469727,18.24747085571289
2022-11-09,22.989999771118164,18.160573959350586
2022-11-10,23.719999313354492,18.737228393554688
2022-11-11,23.65999984741211,18.689836502075195
2022-11-14,23.700000762939453,18.72142791748047
2022-11-15,23.770000457763672,18.776723861694336
2022-11-16,23.700000762939453,18.72142791748047
2022-11-17,23.530000686645508,18.587146759033203
2022-11-18,23.600000381469727,18.642436981201172
2022-11-21,23.540000915527344,18.59503746032715
2022-11-22,23.709999084472656,18.729324340820312
2022-11-23,23.90999984741211,18.887313842773438
2022-11-25,23.81999969482422,18.816219329833984
2022-11-28,23.850000381469727,18.83991813659668
2022-11-29,23.989999771118164,18.95051383972168
2022-11-30,24.239999771118164,19.14799690246582
2022-12-01,24.290000915527344,19.276559829711914
2022-12-02,24.3799991607666,19.347980499267578
2022-12-05,24.06999969482422,19.10196304321289
2022-12-06,24.100000381469727,19.125768661499023
2022-12-07,24.31999969482422,19.300365447998047
2022-12-08,24.299999237060547,19.28449249267578
2022-12-09,24.170000076293945,19.181324005126953
2022-12-12,24.06999969482422,19.10196304321289
2022-12-13,24.360000610351562,19.332107543945312
2022-12-14,24.360000610351562,19.332107543945312
2022-12-15,24.219999313354492,19.22100067138672
2022-12-16,24.149999618530273,19.16545867919922
2022-12-19,24.219999313354492,19.22100067138672
2022-12-20,24.280000686645508,19.26862144470215
2022-12-21,24.420000076293945,19.379724502563477
2022-12-22,24.3799991607666,19.347980499267578
2022-12-23,24.420000076293945,19.379724502563477
2022-12-27,24.219999313354492,19.22100067138672
2022-12-28,24.079999923706055,19.205848693847656
2022-12-29,24.229999542236328,19.325490951538086
2022-12-30,24.229999542236328,19.325490951538086
2023-01-03,24.139999389648438,19.253705978393555
2023-01-04,24.299999237060547,19.381322860717773
2023-01-05,24.299999237060547,19.381322860717773
2023-01-06,24.780000686645508,19.764163970947266
2023-01-09,24.81999969482422,19.796064376831055
2023-01-10,24.889999389648438,19.851890563964844
2023-01-11,25.010000228881836,19.947612762451172
2023-01-12,25.299999237060547,20.178895950317383
2023-01-13,25.309999465942383,20.18688201904297
2023-01-17,25.170000076293945,20.07522201538086
2023-01-18,25.15999984741211,20.067245483398438
2023-01-19,25.190000534057617,20.091163635253906
2023-01-20,25.290000915527344,20.170936584472656
2023-01-23,25.25,20.139026641845703
2023-01-24,25.3799991607666,20.24271011352539
2023-01-25,25.489999771118164,20.3304500579834
2023-01-26,25.440000534057617,20.29056739807129
2023-01-27,25.360000610351562,20.226760864257812
2023-01-30,25.229999542236328,20.12307357788086
2023-01-31,25.270000457763672,20.154977798461914
2023-02-01,25.5,20.435462951660156
2023-02-02,25.510000228881836,20.443479537963867
2023-02-03,25.059999465942383,20.08285903930664
2023-02-06,24.829999923706055,19.898530960083008
2023-02-07,24.899999618530273,19.954631805419922
2023-02-08,24.90999984741211,19.962642669677734
2023-02-09,24.889999389648438,19.946611404418945
2023-02-10,24.760000228881836,19.84243392944336
2023-02-13,24.81999969482422,19.890518188476562
2023-02-14,24.780000686645508,19.85846710205078
2023-02-15,24.6200008392334,19.730243682861328
2023-02-16,24.559999465942383,19.682151794433594
2023-02-17,24.639999389648438,19.746267318725586
2023-02-21,24.3700008392334,19.529891967773438
2023-02-22,24.510000228881836,19.64208984375
2023-02-23,24.56999969482422,19.690174102783203
2023-02-24,24.389999389648438,19.545921325683594
2023-02-27,24.510000228881836,19.64208984375
2023-02-28,24.43000030517578,19.577972412109375
2023-03-01,24.540000915527344,19.755081176757812
2023-03-02,24.399999618530273,19.64238166809082
2023-03-03,24.559999465942383,19.771181106567383
2023-03-06,24.600000381469727,19.803380966186523
2023-03-07,24.350000381469727,19.60212516784668
2023-03-08,24.420000076293945,19.65848159790039
2023-03-09,24.40999984741211,19.650426864624023
2023-03-10,24.579999923706055,19.787282943725586
2023-03-13,24.6200008392334,19.819480895996094
2023-03-14,24.600000381469727,19.803380966186523
2023-03-15,24.34000015258789,19.594079971313477
2023-03-16,24.440000534057617,19.674579620361328
2023-03-17,24.5,19.722883224487305
2023-03-20,24.56999969482422,19.77923011779785
2023-03-21,24.6299991607666,19.827533721923828
2023-03-22,24.989999771118164,20.11733627319336
2023-03-23,24.979999542236328,20.109283447265625
2023-03-24,24.850000381469727,20.004634857177734
2023-03-27,24.8700008392334,20.020736694335938
2023-03-28,24.979999542236328,20.109283447265625
2023-03-29,25.020000457763672,20.14148712158203
2023-03-30,25.200000762939453,20.28639030456543
2023-03-31,25.25,20.326641082763672
2023-04-03,25.15999984741211,20.354955673217773
2023-04-04,25.200000762939453,20.387319564819336
2023-04-05,25.139999389648438,20.33877182006836
2023-04-06,25.049999237060547,20.265966415405273
2023-04-10,24.93000030517578,20.168882369995117
2023-04-11,25.010000228881836,20.233606338500977
2023-04-12,25.149999618530273,20.34687042236328
2023-04-13,25.299999237060547,20.468217849731445
2023-04-14,25.139999389648438,20.33877182006836
2023-04-17,25.010000228881836,20.233606338500977
2023-04-18,25.020000457763672,20.2416934967041
2023-04-19,24.8700008392334,20.120336532592773
2023-04-20,25.0,20.225513458251953
2023-04-21,24.979999542236328,20.209335327148438
2023-04-24,24.969999313354492,20.30120277404785
2023-04-25,24.920000076293945,20.26055335998535
2023-04-26,24.959999084472656,20.293073654174805
2023-04-27,25.020000457763672,20.34185791015625
2023-04-28,25.139999389648438,20.439416885375977
2023-05-01,24.829999923706055,20.187381744384766
2023-05-02,25.049999237060547,20.36624526977539
2023-05-03,25.190000534057617,20.480072021484375
2023-05-04,25.209999084472656,20.496335983276367
2023-05-05,25.350000381469727,20.610149383544922
2023-05-08,25.260000228881836,20.536983489990234
2023-05-09,25.239999771118164,20.520723342895508
2023-05-10,25.40999984741211,20.658935546875
2023-05-11,25.299999237060547,20.569494247436523
2023-05-12,25.190000534057617,20.480072021484375
2023-05-15,25.469999313354492,20.707717895507812
2023-05-16,25.3700008392334,20.626419067382812
2023-05-17,25.34000015258789,20.602027893066406
2023-05-18,25.170000076293945,20.463808059692383
2023-05-19,25.139999389648438,20.439416885375977
2023-05-22,25.100000381469727,20.406892776489258
2023-05-23,25.1299991607666,20.431285858154297
2023-05-24,25.100000381469727,20.406892776489258
2023-05-25,24.93000030517578,20.268686294555664
2023-05-26,25.079999923706055,20.390636444091797
2023-05-30,25.079999923706055,20.390636444091797
2023-05-31,25.0,20.32559585571289
2023-06-01,25.079999923706055,20.49639320373535
2023-06-02,25.030000686645508,20.455533981323242
2023-06-05,25.1299991607666,20.537256240844727
2023-06-06,25.209999084472656,20.60264015197754
2023-06-07,25.1200008392334,20.52908706665039
2023-06-08,25.31999969482422,20.692535400390625
2023-06-09,25.360000610351562,20.725217819213867
2023-06-12,25.3799991607666,20.7415714263916
2023-06-13,25.350000381469727,20.717052459716797
2023-06-14,25.520000457763672,20.855985641479492
2023-06-15,25.649999618530273,20.962221145629883
2023-06-16,25.579999923706055,20.90501594543457
2023-06-20,25.530000686645508,20.864154815673828
2023-06-21,25.709999084472656,21.011260986328125
2023-06-22,25.559999465942383,20.888675689697266
2023-06-23,25.469999313354492,20.815122604370117
2023-06-26,25.489999771118164,20.831466674804688
2023-06-27,25.59000015258789,20.913190841674805
2023-06-28,25.510000228881836,20.847814559936523
2023-06-29,25.389999389648438,20.74974250793457
2023-06-30,25.559999465942383,20.888675689697266
2023-07-03,25.510000228881836,20.95191764831543
2023-07-05,25.399999618530273,20.861568450927734
2023-07-06,25.09000015258789,20.606964111328125
2023-07-07,25.270000457763672,20.754796981811523
2023-07-10,25.350000381469727,20.82049560546875
2023-07-11,25.479999542236328,20.92727279663086
2023-07-12,25.81999969482422,21.20652961730957
2023-07-13,26.049999237060547,21.395423889160156
2023-07-14,25.959999084472656,21.321510314941406
2023-07-17,26.010000228881836,21.362573623657227
2023-07-18,26.040000915527344,21.387218475341797
2023-07-19,25.969999313354492,21.329721450805664
2023-07-20,25.81999969482422,21.20652961730957
2023-07-21,25.84000015258789,21.222957611083984
2023-07-24,25.850000381469727,21.23116111755371
2023-07-25,25.829999923706055,21.214736938476562
2023-07-26,25.90999984741211,21.28044319152832
2023-07-27,25.68000030517578,21.091537475585938
2023-07-28,25.899999618530273,21.272232055664062
2023-07-31,25.899999618530273,21.272232055664062
2023-08-01,25.489999771118164,21.045185089111328
2023-08-02,25.3700008392334,20.94611167907715
2023-08-03,25.139999389648438,20.756214141845703
2023-08-04,25.329999923706055,20.913087844848633
2023-08-07,25.229999542236328,20.830514907836914
2023-08-08,25.15999984741211,20.77272605895996
2023-08-09,25.200000762939453,20.805755615234375
2023-08-10,25.219999313354492,20.822263717651367
2023-08-11,25.190000534057617,20.797500610351562
2023-08-14,25.030000686645508,20.66539192199707
2023-08-15,24.950000762939453,20.599346160888672
2023-08-16,24.8700008392334,20.533292770385742
2023-08-17,24.829999923706055,20.500268936157227
2023-08-18,24.889999389648438,20.549814224243164
2023-08-21,24.84000015258789,20.508527755737305
2023-08-22,24.860000610351562,20.525043487548828
2023-08-23,25.139999389648438,20.756214141845703
2023-08-24,25.049999237060547,20.68191146850586
2023-08-25,25.079999923706055,20.70667839050293
2023-08-28,25.110000610351562,20.731447219848633
2023-08-29,25.260000228881836,20.855287551879883
2023-08-30,25.229999542236328,20.830514907836914
2023-08-31,25.1299991607666,20.747957229614258
2023-09-01,24.93000030517578,20.69731903076172
2023-09-05,24.600000381469727,20.423343658447266
2023-09-06,24.43000030517578,20.28220558166504
2023-09-07,24.3799991607666,20.240697860717773
2023-09-08,24.3700008392334,20.232393264770508
2023-09-11,24.520000457763672,20.35692596435547
2023-09-12,24.459999084472656,20.307111740112305
2023-09-13,24.549999237060547,20.381837844848633
2023-09-14,24.5,20.34032440185547
2023-09-15,24.510000228881836,20.3486270904541
2023-09-18,24.530000686645508,20.365232467651367
2023-09-19,24.459999084472656,20.307111740112305
2023-09-20,24.450000762939453,20.298818588256836
2023-09-21,24.25,20.132770538330078
2023-09-22,24.25,20.132770538330078
2023-09-25,24.079999923706055,19.99163055419922
2023-09-26,23.8700008392334,19.81728744506836
2023-09-27,23.700000762939453,19.676149368286133
2023-09-28,23.780000686645508,19.7425594329834
2023-09-29,23.8700008392334,19.81728744506836
2023-10-02,23.549999237060547,19.655364990234375
2023-10-03,23.290000915527344,19.438369750976562
2023-10-04,23.31999969482422,19.463403701782227
2023-10-05,23.299999237060547,19.446704864501953
2023-10-06,23.309999465942383,19.455060958862305
2023-10-09,23.3799991607666,19.51348304748535
2023-10-10,23.549999237060547,19.655364990234375
2023-10-11,23.75,19.822294235229492
2023-10-12,23.600000381469727,19.697101593017578
2023-10-13,23.6200008392334,19.71379280090332
2023-10-16,23.719999313354492,19.797252655029297
2023-10-17,23.6299991607666,19.722143173217773
2023-10-18,23.469999313354492,19.588598251342773
2023-10-19,23.469999313354492,19.588598251342773
2023-10-20,23.450000762939453,19.57190704345703
2023-10-23,23.540000915527344,19.647022247314453
2023-10-24,23.59000015258789,19.688753128051758
2023-10-25,23.450000762939453,19.57190704345703
2023-10-26,23.579999923706055,19.680410385131836
2023-10-27,23.670000076293945,19.755521774291992
2023-10-30,23.709999084472656,19.78890609741211
2023-10-31,23.700000762939453,19.780561447143555
2023-11-01,23.790000915527344,19.96095848083496
2023-11-02,24.049999237060547,20.179113388061523
2023-11-03,24.3700008392334,20.447603225708008
2023-11-06,24.389999389648438,20.464385986328125
2023-11-07,24.40999984741211,20.48116111755371
2023-11-08,24.3700008392334,20.447603225708008
2023-11-09,24.18000030517578,20.288188934326172
2023-11-10,24.25,20.346920013427734
2023-11-13,24.260000228881836,20.355310440063477
2023-11-14,24.760000228881836,20.77483367919922
2023-11-15,24.739999771118164,20.758054733276367
2023-11-16,24.81999969482422,20.825176239013672
2023-11-17,24.8700008392334,20.86712646484375
2023-11-20,25.09000015258789,21.051721572875977
2023-11-21,24.93000030517578,20.9174747467041
2023-11-22,24.860000610351562,20.858741760253906
2023-11-24,24.93000030517578,20.9174747467041
2023-11-27,24.950000762939453,20.93425178527832
2023-11-28,25.059999465942383,21.026552200317383
2023-11-29,25.020000457763672,20.992990493774414
2023-11-30,24.889999389648438,20.883914947509766
2023-12-01,24.979999542236328,21.06266975402832
2023-12-04,24.780000686645508,20.89402961730957
2023-12-05,24.770000457763672,20.885597229003906
2023-12-06,24.809999465942383,20.919322967529297
2023-12-07,24.84000015258789,20.944622039794922
2023-12-08,24.690000534057617,20.818140029907227
2023-12-11,24.709999084472656,20.835006713867188
2023-12-12,24.760000228881836,20.877166748046875
2023-12-13,25.100000381469727,21.163843154907227
2023-12-14,25.389999389648438,21.40836524963379
2023-12-15,25.270000457763672,21.307188034057617
2023-12-18,25.329999923706055,21.357784271240234
2023-12-19,25.5,21.501117706298828
2023-12-20,25.40999984741211,21.42523193359375
2023-12-21,25.520000457763672,21.517982482910156
2023-12-22,25.510000228881836,21.509552001953125
2023-12-26,25.459999084472656,21.467391967773438
2023-12-27,25.40999984741211,21.536043167114258
2023-12-28,25.34000015258789,21.47671890258789
2023-12-29,25.350000381469727,21.485183715820312
2024-01-02,25.149999618530273,21.315683364868164
2024-01-03,25.06999969482422,21.247875213623047
2024-01-04,25.040000915527344,21.22244644165039
2024-01-05,25.09000015258789,21.264833450317383
2024-01-08,25.15999984741211,21.32415771484375
2024-01-09,25.079999923706055,21.25635528564453
2024-01-10,25.1200008392334,21.290250778198242
2024-01-11,25.25,21.40043830871582
2024-01-12,25.299999237060547,21.44281005859375
2024-01-16,24.899999618530273,21.103797912597656
2024-01-17,24.899999618530273,21.103797912597656
2024-01-18,24.940000534057617,21.137697219848633
2024-01-19,25.030000686645508,21.213970184326172
2024-01-22,24.969999313354492,21.16312026977539
2024-01-23,24.899999618530273,21.103797912597656
2024-01-24,25.010000228881836,21.1970272064209
2024-01-25,25.010000228881836,21.1970272064209
2024-01-26,25.0,21.18855094909668
2024-01-29,25.0,21.18855094909668
2024-01-30,25.079999923706055,21.25635528564453
2024-01-31,24.969999313354492,21.16312026977539
2024-02-01,25.059999465942383,21.347124099731445
2024-02-02,24.889999389648438,21.20231056213379
2024-02-05,24.68000030517578,21.02342414855957
2024-02-06,24.780000686645508,21.108610153198242
2024-02-07,24.770000457763672,21.100088119506836
2024-02-08,24.739999771118164,21.074535369873047
2024-02-09,24.770000457763672,21.100088119506836
2024-02-12,24.780000686645508,21.108610153198242
2024-02-13,24.540000915527344,20.904172897338867
2024-02-14,24.649999618530273,20.99786376953125
2024-02-15,24.809999465942383,21.134159088134766
2024-02-16,24.739999771118164,21.074535369873047
2024-02-20,24.760000228881836,21.09156608581543
2024-02-21,24.799999237060547,21.12564468383789
2024-02-22,24.780000686645508,21.108610153198242
2024-02-23,24.75,21.08304786682129
2024-02-26,24.799999237060547,21.12564468383789
2024-02-27,24.850000381469727,21.168231964111328
2024-02-28,24.780000686645508,21.108610153198242
2024-02-29,24.790000915527344,21.117124557495117
2024-03-01,24.719999313354492,21.156492233276367
2024-03-04,24.739999771118164,21.173614501953125
2024-03-05,24.729999542236328,21.165050506591797
2024-03-06,24.68000030517578,21.122262954711914
2024-03-07,24.770000457763672,21.19928741455078
2024-03-08,24.920000076293945,21.327661514282227
2024-03-11,24.899999618530273,21.310548782348633
2024-03-12,24.850000381469727,21.26774787902832
2024-03-13,24.93000030517578,21.33622169494629
2024-03-14,24.790000915527344,21.21640396118164
2024-03-15,24.809999465942383,21.233518600463867
2024-03-18,24.559999465942383,21.019559860229492
2024-03-19,24.530000686645508,20.99388885498047
2024-03-20,24.670000076293945,21.113698959350586
2024-03-21,24.6299991607666,21.0794677734375
2024-03-22,24.5,20.968212127685547
2024-03-25,24.600000381469727,21.05379295349121
2024-03-26,24.540000915527344,21.002445220947266
2024-03-27,24.559999465942383,21.019559860229492
2024-03-28,24.510000228881836,20.976768493652344
2024-04-01,24.260000228881836,20.869237899780273
2024-04-02,24.360000610351562,20.955257415771484
2024-04-03,24.450000762939453,21.032682418823242
2024-04-04,24.5,21.075693130493164
2024-04-05,24.540000915527344,21.110105514526367
2024-04-08,24.510000228881836,21.084293365478516
2024-04-09,24.559999465942383,21.12730598449707
2024-04-10,24.239999771118164,20.852031707763672
2024-04-11,24.270000457763672,20.877840042114258
2024-04-12,24.059999465942383,20.697195053100586
2024-04-15,23.90999984741211,20.568161010742188
2024-04-16,23.65999984741211,20.353097915649414
2024-04-17,23.809999465942383,20.482133865356445
2024-04-18,23.790000915527344,20.46492576599121
2024-04-19,23.829999923706055,20.49933624267578
2024-04-22,23.889999389648438,20.550949096679688
2024-04-23,23.889999389648438,20.660781860351562
2024-04-24,23.770000457763672,20.55699920654297
2024-04-25,23.780000686645508,20.565654754638672
2024-04-26,23.829999923706055,20.60889434814453
2024-04-29,23.950000762939453,20.712678909301758
2024-04-30,23.709999084472656,20.505111694335938
2024-05-01,23.850000381469727,20.62618637084961
2024-05-02,24.09000015258789,20.833744049072266
2024-05-03,24.25,20.972118377685547
2024-05-06,24.260000228881836,20.980772018432617
2024-05-07,24.280000686645508,20.998062133789062
2024-05-08,24.229999542236328,20.9548282623291
2024-05-09,24.299999237060547,21.015361785888672
2024-05-10,24.239999771118164,20.96347427368164
2024-05-13,24.280000686645508,20.998062133789062
2024-05-14,24.3799991607666,21.084548950195312
2024-05-15,24.559999465942383,21.240219116210938
2024-05-16,24.579999923706055,21.257516860961914
2024-05-17,24.6200008392334,21.292112350463867
2024-05-20,24.6200008392334,21.292112350463867
2024-05-21,24.59000015258789,21.266164779663086
2024-05-22,24.479999542236328,21.171035766601562
2024-05-23,24.389999389648438,21.093202590942383
2024-05-24,24.420000076293945,21.1191463470459
2024-05-28,24.469999313354492,21.162384033203125
2024-05-29,24.209999084472656,20.937530517578125
2024-05-30,24.229999542236328,20.9548282623291
2024-05-31,24.25,20.972118377685547
2024-06-03,24.139999389648438,20.986032485961914
2024-06-04,24.079999923706055,20.933868408203125
2024-06-05,24.049999237060547,20.907791137695312
2024-06-06,24.100000381469727,20.951263427734375
2024-06-07,23.84000015258789,20.72522735595703
2024-06-10,23.829999923706055,20.716535568237305
2024-06-11,23.809999465942383,20.69914436340332
2024-06-12,23.829999923706055,20.716535568237305
2024-06-13,23.809999465942383,20.69914436340332
2024-06-14,23.65999984741211,20.568742752075195
2024-06-17,23.690000534057617,20.59482765197754
2024-06-18,23.829999923706055,20.716535568237305
2024-06-20,23.780000686645508,20.673065185546875
2024-06-21,23.84000015258789,20.72522735595703
2024-06-24,23.959999084472656,20.829545974731445
2024-06-25,23.899999618530273,20.77739143371582
2024-06-26,23.770000457763672,20.66437339782715
2024-06-27,23.719999313354492,20.620906829833984
2024-06-28,23.780000686645508,20.673065185546875
2024-07-01,23.579999923706055,20.601421356201172
2024-07-02,23.639999389648438,20.653846740722656
2024-07-03,23.860000610351562,20.84605598449707
2024-07-05,24.010000228881836,20.977113723754883
2024-07-08,24.040000915527344,21.003320693969727
2024-07-09,24.09000015258789,21.047006607055664
2024-07-10,24.149999618530273,21.099422454833984
2024-07-11,24.309999465942383,21.239215850830078
2024-07-12,24.450000762939453,21.361534118652344
2024-07-15,24.3700008392334,21.291637420654297
2024-07-16,24.43000030517578,21.34405517578125
2024-07-17,24.399999618530273,21.317842483520508
2024-07-18,24.200000762939453,21.143108367919922
2024-07-19,24.149999618530273,21.099422454833984
2024-07-22,24.209999084472656,21.15184211730957
2024-07-23,24.15999984741211,21.10816192626953
2024-07-24,24.030000686645508,20.99458122253418
2024-07-25,24.059999465942383,21.020797729492188
2024-07-26,24.139999389648438,21.09068489074707
2024-07-29,24.06999969482422,21.029531478881836
2024-07-30,24.09000015258789,21.047006607055664
2024-07-31,24.209999084472656,21.15184211730957
2024-08-01,24.040000915527344,21.116708755493164
2024-08-02,24.299999237060547,21.345090866088867
2024-08-05,24.209999084472656,21.266036987304688
2024-08-06,24.18000030517578,21.23968505859375
2024-08-07,24.190000534057617,21.248464584350586
2024-08-08,24.34000015258789,21.38022804260254
2024-08-09,24.479999542236328,21.503202438354492
2024-08-12,24.459999084472656,21.485637664794922
2024-08-13,24.670000076293945,21.67009735107422
2024-08-14,24.75,21.740367889404297
2024-08-15,24.68000030517578,21.678884506225586
2024-08-16,24.770000457763672,21.75794792175293
2024-08-19,24.93000030517578,21.898487091064453
2024-08-20,24.969999313354492,21.933616638183594
2024-08-21,24.920000076293945,21.88970375061035
2024-08-22,24.700000762939453,21.696455001831055
2024-08-23,25.079999923706055,22.030237197875977
2024-08-26,25.030000686645508,21.986324310302734
2024-08-27,25.0,21.959972381591797
2024-08-28,24.8799991607666,21.854564666748047
2024-08-29,24.829999923706055,21.810644149780273
2024-08-30,24.770000457763672,21.75794792175293
2024-09-03,24.549999237060547,21.68023109436035
2024-09-04,24.670000076293945,21.786195755004883
2024-09-05,24.799999237060547,21.901004791259766
2024-09-06,24.770000457763672,21.874515533447266
2024-09-09,24.739999771118164,21.848018646240234
2024-09-10,24.68000030517578,21.79503059387207
2024-09-11,24.770000457763672,21.874515533447266
2024-09-12,24.889999389648438,21.980484008789062
2024-09-13,25.020000457763672,22.09528923034668
2024-09-16,25.09000015258789,22.157102584838867
2024-09-17,25.1299991607666,22.19243049621582
2024-09-18,25.139999389648438,22.201255798339844
2024-09-19,25.290000915527344,22.33372688293457
2024-09-20,25.290000915527344,22.33372688293457
2024-09-23,25.239999771118164,22.289567947387695
2024-09-24,25.440000534057617,22.46619415283203
2024-09-25,25.309999465942383,22.351375579833984
2024-09-26,25.5,22.51917266845703
2024-09-27,25.5,22.51917266845703
2024-09-30,25.399999618530273,22.430862426757812
2024-10-01,25.170000076293945,22.335918426513672
2024-10-02,25.139999389648438,22.309289932250977
2024-10-03,24.940000534057617,22.131813049316406
2024-10-04,24.760000228881836,21.972082138061523
2024-10-07,24.719999313354492,21.936582565307617
2024-10-08,24.700000762939453,21.91883659362793
2024-10-09,24.6299991607666,21.85671615600586
2024-10-10,24.670000076293945,21.892210006713867
2024-10-11,24.739999771118164,21.95433235168457
2024-10-14,24.649999618530273,21.87446403503418
2024-10-15,24.559999465942383,21.79460334777832
2024-10-16,24.520000457763672,21.75909996032715
2024-10-17,24.479999542236328,21.723604202270508
2024-10-18,24.459999084472656,21.705860137939453
2024-10-21,24.360000610351562,21.617122650146484
2024-10-22,24.31999969482422,21.581623077392578
2024-10-23,24.190000534057617,21.466257095336914
2024-10-24,24.270000457763672,21.537248611450195
2024-10-25,24.229999542236328,21.501752853393555
2024-10-28,24.190000534057617,21.466257095336914
2024-10-29,24.149999618530273,21.43075942993164
2024-10-30,24.1299991607666,21.413013458251953
2024-10-31,24.149999618530273,21.43075942993164
2024-11-01,23.84000015258789,21.272823333740234
2024-11-04,24.040000915527344,21.451290130615234
2024-11-05,24.15999984741211,21.55836296081543
2024-11-06,23.8799991607666,21.308513641357422
2024-11-07,24.280000686645508,21.665443420410156
2024-11-08,24.040000915527344,21.451290130615234
2024-11-11,23.8700008392334,21.299591064453125
2024-11-12,23.68000030517578,21.130054473876953
2024-11-13,23.649999618530273,21.103282928466797
2024-11-14,23.610000610351562,21.067590713500977
2024-11-15,23.670000076293945,21.121124267578125
2024-11-18,23.829999923706055,21.263900756835938
2024-11-19,23.829999923706055,21.263900756835938
2024-11-20,23.760000228881836,21.201435089111328
2024-11-21,23.719999313354492,21.165746688842773
2024-11-22,23.68000030517578,21.130054473876953
2024-11-25,23.850000381469727,21.28174591064453
2024-11-26,23.75,21.19251823425293
2024-11-27,23.84000015258789,21.272823333740234
2024-11-29,23.899999618530273,21.32636070251465
2024-12-02,23.68000030517578,21.243825912475586
2024-12-03,23.670000076293945,21.23484992980957
2024-12-04,23.690000534057617,21.25279998779297
2024-12-05,23.809999465942383,21.360456466674805
2024-12-06,23.780000686645508,21.333539962768555
2024-12-09,23.829999923706055,21.378393173217773
2024-12-10,23.829999923706055,21.378393173217773
2024-12-11,23.829999923706055,21.378393173217773
2024-12-12,23.739999771118164,21.297657012939453
2024-12-13,23.709999084472656,21.270736694335938
2024-12-16,23.649999618530273,21.216915130615234
2024-12-17,23.600000381469727,21.172054290771484
2024-12-18,23.260000228881836,20.867036819458008
2024-12-19,23.290000915527344,20.893951416015625
2024-12-20,23.469999313354492,21.055431365966797
2024-12-23,23.34000015258789,20.938806533813477
2024-12-24,23.3799991607666,20.97469139099121
2024-12-26,23.350000381469727,20.94778060913086
2024-12-27,23.25,20.975740432739258
2024-12-30,23.18000030517578,20.9125919342041
2024-12-31,23.110000610351562,20.849443435668945
2025-01-02,23.149999618530273,20.885526657104492
2025-01-03,23.149999618530273,20.885526657104492
2025-01-06,23.260000228881836,20.984764099121094
2025-01-07,23.25,20.975740432739258
2025-01-08,23.209999084472656,20.939653396606445
2025-01-10,23.030000686645508,20.777265548706055
2025-01-13,22.979999542236328,20.73215675354004
2025-01-14,23.110000610351562,20.849443435668945
2025-01-15,23.18000030517578,20.9125919342041
2025-01-16,23.100000381469727,20.840415954589844
2025-01-17,23.1299991607666,20.867477416992188
2025-01-21,23.440000534057617,21.14716339111328
2025-01-22,23.59000015258789,21.282487869262695
2025-01-23,23.6299991607666,21.318572998046875
2025-01-24,23.809999465942383,21.48096466064453
2025-01-27,23.709999084472656,21.390748977661133
2025-01-28,23.65999984741211,21.34563636779785
2025-01-29,23.670000076293945,21.354660034179688
2025-01-30,23.75,21.426837921142578
2025-01-31,23.559999465942383,21.255422592163086
2025-02-03,23.459999084472656,21.274463653564453
2025-02-04,23.6200008392334,21.419557571411133
2025-02-05,23.649999618530273,21.446765899658203
2025-02-06,23.690000534057617,21.483043670654297
2025-02-07,23.59000015258789,21.392353057861328
2025-02-10,23.59000015258789,21.392353057861328
2025-02-11,23.600000381469727,21.40142059326172
2025-02-12,23.530000686645508,21.33794593811035
2025-02-13,23.75,21.53744888305664
2025-02-14,23.860000610351562,21.63719940185547
2025-02-18,23.81999969482422,21.600927352905273
2025-02-19,23.75,21.53744888305664
2025-02-20,23.889999389648438,21.66440773010254
2025-02-21,23.850000381469727,21.62813377380371
2025-02-24,23.860000610351562,21.63719940185547
2025-02-25,23.90999984741211,21.68254280090332
2025-02-26,23.899999618530273,21.673473358154297
2025-02-27,23.739999771118164,21.528379440307617
2025-02-28,23.65999984741211,21.455829620361328
2025-03-03,23.639999389648438,21.542400360107422
2025-03-04,23.780000686645508,21.66998291015625
2025-03-05,24.040000915527344,21.90691375732422
2025-03-06,24.020000457763672,21.888687133789062
2025-03-07,24.030000686645508,21.897796630859375
2025-03-10,23.860000610351562,21.742881774902344
2025-03-11,24.0,21.870460510253906
2025-03-12,23.979999542236328,21.852231979370117
2025-03-13,24.010000228881836,21.87957763671875
2025-03-14,24.059999465942383,21.925138473510742
2025-03-17,24.1299991607666,21.988924026489258
2025-03-18,24.1200008392334,21.97981071472168
2025-03-19,24.040000915527344,21.90691375732422
2025-03-20,23.979999542236328,21.852231979370117
2025-03-21,23.920000076293945,21.797561645507812
2025-03-24,23.860000610351562,21.742881774902344
2025-03-25,23.950000762939453,21.82489776611328
2025-03-26,23.850000381469727,21.7337703704834
2025-03-27,23.84000015258789,21.724658966064453
2025-03-28,23.809999465942383,21.697317123413086
2025-03-31,23.860000610351562,21.742881774902344
2025-04-01,23.739999771118164,21.74929428100586
2025-04-02,23.760000228881836,21.767616271972656
2025-04-03,23.969999313354492,21.960010528564453
2025-04-04,23.520000457763672,21.54774284362793
2025-04-07,23.190000534057617,21.24541664123535
2025-04-08,23.260000228881836,21.309541702270508
2025-04-09,23.649999618530273,21.666845321655273
2025-04-10,23.68000030517578,21.694326400756836
2025-04-11,23.920000076293945,21.914203643798828
2025-04-14,23.940000534057617,21.932523727416992
2025-04-15,23.8799991607666,21.877552032470703
2025-04-16,24.020000457763672,22.00581932067871
2025-04-17,24.139999389648438,22.11575698852539
2025-04-21,24.239999771118164,22.207365036010742
2025-04-22,24.229999542236328,22.198205947875977
2025-04-23,24.18000030517578,22.152402877807617
2025-04-24,24.350000381469727,22.30814552307129
2025-04-25,24.389999389648438,22.344785690307617
2025-04-28,24.459999084472656,22.408918380737305
2025-04-29,24.5,22.44556427001953
2025-04-30,24.469999313354492,22.418079376220703
2025-05-01,24.34000015258789,22.415319442749023
2025-05-02,24.43000030517578,22.498205184936523
2025-05-05,24.479999542236328,22.544248580932617
2025-05-06,24.479999542236328,22.544248580932617
2025-05-07,24.389999389648438,22.461362838745117
2025-05-08,24.299999237060547,22.378480911254883
2025-05-09,24.389999389648438,22.461362838745117
2025-05-12,24.219999313354492,22.304805755615234
2025-05-13,24.3799991607666,22.45215606689453
2025-05-14,24.299999237060547,22.378480911254883
2025-05-15,24.389999389648438,22.461362838745117
2025-05-16,24.3799991607666,22.45215606689453
2025-05-19,24.520000457763672,22.581085205078125
2025-05-20,24.540000915527344,22.599506378173828
2025-05-21,24.56999969482422,22.62712860107422
2025-05-22,24.520000457763672,22.581085205078125
2025-05-23,24.729999542236328,22.774478912353516
2025-05-27,24.719999313354492,22.765270233154297
2025-05-28,24.639999389648438,22.691598892211914
2025-05-29,24.790000915527344,22.829734802246094
2025-05-30,24.68000030517578,22.72843360900879
2025-06-02,24.709999084472656,22.86910629272461
2025-06-03,24.65999984741211,22.822834014892578
2025-06-04,24.760000228881836,22.91538429260254
2025-06-05,24.790000915527344,22.943147659301758
2025-06-06,24.75,22.906131744384766
2025-06-09,24.770000457763672,22.924640655517578
2025-06-10,24.760000228881836,22.91538429260254
2025-06-11,24.850000381469727,22.99867820739746
2025-06-12,24.950000762939453,23.091228485107422
2025-06-13,24.850000381469727,22.99867820739746
2025-06-16,24.889999389648438,23.035696029663086
2025-06-17,24.799999237060547,22.952404022216797
2025-06-18,24.829999923706055,22.980167388916016
2025-06-20,24.829999923706055,22.980167388916016
2025-06-23,24.8700008392334,23.017187118530273
2025-06-24,25.06999969482422,23.202289581298828
2025-06-25,25.079999923706055,23.211544036865234
2025-06-26,25.190000534057617,23.313344955444336
2025-06-27,25.18000030517578,23.304094314575195
2025-06-30,25.350000381469727,23.46143341064453
2025-07-01,25.229999542236328,23.465150833129883
2025-07-02,25.309999465942383,23.539548873901367
2025-07-03,25.299999237060547,23.53025245666504
2025-07-07,25.139999389648438,23.381444931030273
2025-07-08,25.190000534057617,23.427947998046875
2025-07-09,25.209999084472656,23.446548461914062
2025-07-10,25.190000534057617,23.427947998046875
2025-07-11,25.139999389648438,23.381444931030273
2025-07-14,25.110000610351562,23.353544235229492
2025-07-15,25.049999237060547,23.297739028930664
2025-07-16,25.139999389648438,23.381444931030273
2025-07-17,25.110000610351562,23.353544235229492
2025-07-18,25.139999389648438,23.381444931030273
2025-07-21,25.239999771118164,23.474451065063477
2025-07-22,25.299999237060547,23.53025245666504
2025-07-23,25.350000381469727,23.576757431030273
2025-07-24,25.329999923706055,23.558151245117188
2025-07-25,25.239999771118164,23.474451065063477
2025-07-28,25.059999465942383,23.30704116821289
2025-07-29,25.09000015258789,23.334943771362305
2025-07-30,24.889999389648438,23.1489315032959
2025-07-31,24.8700008392334,23.130327224731445
2025-08-01,24.969999313354492,23.34914207458496
2025-08-04,25.0,23.377197265625
2025-08-05,25.040000915527344,23.414600372314453
2025-08-06,25.139999389648438,23.508106231689453
2025-08-07,25.170000076293945,23.536161422729492
2025-08-08,25.209999084472656,23.573562622070312
2025-08-11,25.15999984741211,23.526809692382812
2025-08-12,25.290000915527344,23.648372650146484
2025-08-13,25.350000381469727,23.70447540283203
2025-08-14,25.25,23.610965728759766
2025-08-15,25.329999923706055,23.685771942138672
2025-08-18,25.260000228881836,23.620317459106445
2025-08-19,25.219999313354492,23.582914352416992
2025-08-20,25.260000228881836,23.620317459106445
2025-08-21,25.18000030517578,23.545509338378906
2025-08-22,25.399999618530273,23.751230239868164
2025-08-25,25.270000457763672,23.629669189453125
2025-08-26,25.329999923706055,23.685771942138672
2025-08-27,25.280000686645508,23.639020919799805
2025-08-28,25.3700008392334,23.723176956176758
2025-08-29,25.360000610351562,23.71382713317871
2025-09-02,25.1299991607666,23.623580932617188
2025-09-03,25.170000076293945,23.661184310913086
2025-09-04,25.170000076293945,23.661184310913086
2025-09-05,25.329999923706055,23.81159019470215
2025-09-08,25.3700008392334,23.849193572998047
2025-09-09,25.34000015258789,23.82099151611328
2025-09-10,25.3799991607666,23.858591079711914
2025-09-11,25.510000228881836,23.980802536010742
2025-09-12,25.5,23.97140121459961
2025-09-15,25.600000381469727,24.065406799316406
2025-09-16,25.690000534057617,24.150012969970703
2025-09-17,25.670000076293945,24.131214141845703
2025-09-18,25.600000381469727,24.065406799316406
2025-09-19,25.610000610351562,24.07480812072754
2025-09-22,25.639999389648438,24.103008270263672
2025-09-23,25.639999389648438,24.103008270263672
2025-09-24,25.530000686645508,23.999605178833008
2025-09-25,25.399999618530273,23.877397537231445
2025-09-26,25.479999542236328,23.952598571777344
2025-09-29,25.510000228881836,23.980802536010742
2025-09-30,25.510000228881836,23.980802536010742
2025-10-01,25.43000030517578,24.02425765991211
2025-10-02,25.399999618530273,23.995914459228516
2025-10-03,25.450000762939453,24.043155670166016
2025-10-06,25.450000762939453,24.043155670166016
2025-10-07,25.3799991607666,23.977020263671875
2025-10-08,25.43000030517578,24.02425765991211
2025-10-09,25.3799991607666,23.977020263671875
2025-10-10,25.260000228881836,23.863658905029297
2025-10-13,25.34000015258789,23.93923568725586
2025-10-14,25.350000381469727,23.94868278503418
2025-10-15,25.43000030517578,24.02425765991211
2025-10-16,25.510000228881836,24.099836349487305
2025-10-17,25.520000457763672,24.109285354614258
2025-10-20,25.56999969482422,24.156517028808594
2025-10-21,25.459999084472656,24.05259895324707
2025-10-22,25.469999313354492,24.062047958374023
2025-10-23,25.5,24.09038734436035
2025-10-24,25.530000686645508,24.118732452392578
2025-10-27,25.579999923706055,24.165966033935547
2025-10-28,25.649999618530273,24.232097625732422
2025-10-29,25.540000915527344,24.128177642822266
2025-10-30,25.479999542236328,24.07149314880371
2025-10-31,25.489999771118164,24.080942153930664
2025-11-03,25.3700008392334,24.089488983154297
2025-11-04,25.25,23.975543975830078
2025-11-05,25.360000610351562,24.079994201660156
2025-11-06,25.420000076293945,24.1369686126709
2025-11-07,25.469999313354492,24.18444061279297
2025-11-10,25.540000915527344,24.25090789794922
2025-11-11,25.579999923706055,24.28888702392578
2025-11-12,25.600000381469727,24.307876586914062
2025-11-13,25.6200008392334,24.326868057250977
2025-11-14,25.579999923706055,24.28888702392578
2025-11-17,25.559999465942383,24.269895553588867
2025-11-18,25.56999969482422,24.279390335083008
2025-11-19,25.549999237060547,24.260400772094727
2025-11-20,25.510000228881836,24.22241973876953
2025-11-21,25.450000762939453,24.165451049804688
2025-11-24,25.510000228881836,24.22241973876953
2025-11-25,25.6299991607666,24.336362838745117
2025-11-26,25.700000762939453,24.402833938598633
2025-11-28,25.600000381469727,24.429553985595703
2025-12-01,25.540000915527344,24.37229347229004
2025-12-02,25.600000381469727,24.429553985595703
2025-12-03,25.700000762939453,24.524980545043945
2025-12-04,25.690000534057617,24.515438079833984
2025-12-05,25.6200008392334,24.448637008666992
2025-12-08,25.56999969482422,24.400920867919922
2025-12-09,25.549999237060547,24.381837844848633
2025-12-10,25.6200008392334,24.448637008666992
2025-12-11,25.709999084472656,24.534523010253906
2025-12-12,25.68000030517578,24.505895614624023
2025-12-15,25.690000534057617,24.515438079833984
2025-12-16,25.75,24.572694778442383
2025-12-17,25.68000030517578,24.505895614624023
2025-12-18,25.75,24.572694778442383
2025-12-19,25.799999237060547,24.620407104492188
2025-12-22,25.829999923706055,24.649036407470703
2025-12-23,25.90999984741211,24.725378036499023
2025-12-24,25.979999542236328,24.792177200317383
2025-12-26,25.989999771118164,24.801721572875977
2025-12-29,25.739999771118164,24.695228576660156
2025-12-30,25.81999969482422,24.7719783782959
2025-12-31,25.81999969482422,24.7719783782959
2026-01-02,25.8799991607666,24.829540252685547
