date,close,adj_close
2014-12-01,23.280000686645508,13.976072311401367
2014-12-02,23.3799991607666,14.036101341247559
2014-12-03,23.479999542236328,14.096138954162598
2014-12-04,23.540000915527344,14.132156372070312
2014-12-05,23.329999923706055,14.006083488464355
2014-12-08,23.18000030517578,13.916033744812012
2014-12-09,22.920000076293945,13.759943962097168
2014-12-10,22.600000381469727,13.567831039428711
2014-12-11,22.56999969482422,13.549820899963379
2014-12-12,22.229999542236328,13.345705032348633
2014-12-15,22.0,13.207627296447754
2014-12-16,22.09000015258789,13.261656761169434
2014-12-17,21.459999084472656,13.303189277648926
2014-12-18,21.860000610351562,13.551155090332031
2014-12-19,22.139999389648438,13.724727630615234
2014-12-22,22.360000610351562,13.861105918884277
2014-12-23,22.1200008392334,13.712326049804688
2014-12-24,22.1299991607666,13.718527793884277
2014-12-26,22.190000534057617,13.755719184875488
2014-12-29,22.530000686645508,13.96649169921875
2014-12-30,22.399999618530273,13.885899543762207
2014-12-31,22.170000076293945,13.74332332611084
2015-01-02,22.100000381469727,13.699931144714355
2015-01-05,21.889999389648438,13.56974983215332
2015-01-06,21.799999237060547,13.513957977294922
2015-01-07,22.0,13.637938499450684
2015-01-08,22.290000915527344,13.817712783813477
2015-01-09,22.5,13.947893142700195
2015-01-12,22.239999771118164,13.78671646118164
2015-01-13,22.239999771118164,13.78671646118164
2015-01-14,21.940000534057617,13.600741386413574
2015-01-15,22.06999969482422,13.681331634521484
2015-01-16,22.31999969482422,13.836313247680664
2015-01-20,22.030000686645508,13.656538963317871
2015-01-21,22.229999542236328,13.780516624450684
2015-01-22,22.219999313354492,13.774320602416992
2015-01-23,22.0,13.637938499450684
2015-01-26,22.079999923706055,13.68753433227539
2015-01-27,22.1200008392334,13.712326049804688
2015-01-28,22.0,13.637938499450684
2015-01-29,22.049999237060547,13.668933868408203
2015-01-30,21.920000076293945,13.588346481323242
2015-02-02,22.3700008392334,13.867307662963867
2015-02-03,22.850000381469727,14.164862632751465
2015-02-04,22.729999542236328,14.090470314025879
2015-02-05,23.139999389648438,14.34463119506836
2015-02-06,22.989999771118164,14.251646041870117
2015-02-09,22.959999084472656,14.233049392700195
2015-02-10,22.950000762939453,14.226847648620605
2015-02-11,22.610000610351562,14.016082763671875
2015-02-12,22.75,14.102871894836426
2015-02-13,23.229999542236328,14.400426864624023
2015-02-17,23.3799991607666,14.493408203125
2015-02-18,23.489999771118164,14.561596870422363
2015-02-19,23.389999389648438,14.49960708618164
2015-02-20,23.520000457763672,14.580193519592285
2015-02-23,23.459999084472656,14.54300594329834
2015-02-24,23.68000030517578,14.679381370544434
2015-02-25,23.84000015258789,14.778570175170898
2015-02-26,23.520000457763672,14.580193519592285
2015-02-27,23.68000030517578,14.679381370544434
2015-03-02,23.700000762939453,14.691781044006348
2015-03-03,23.709999084472656,14.697982788085938
2015-03-04,23.579999923706055,14.617391586303711
2015-03-05,23.459999084472656,14.54300594329834
2015-03-06,23.049999237060547,14.288841247558594
2015-03-09,23.049999237060547,14.288841247558594
2015-03-10,22.520000457763672,13.960291862487793
2015-03-11,22.459999084472656,13.92309856414795
2015-03-12,23.110000610351562,14.32603645324707
2015-03-13,22.65999984741211,14.047077178955078
2015-03-16,22.860000610351562,14.171059608459473
2015-03-17,22.790000915527344,14.127669334411621
2015-03-18,23.469999313354492,14.54920482635498
2015-03-19,23.239999771118164,14.406623840332031
2015-03-20,23.93000030517578,14.83436107635498
2015-03-23,24.100000381469727,14.939739227294922
2015-03-24,24.110000610351562,14.945942878723145
2015-03-25,23.84000015258789,14.778570175170898
2015-03-26,23.610000610351562,14.63598918914795
2015-03-27,23.3799991607666,14.493408203125
2015-03-30,23.1299991607666,14.338434219360352
2015-03-31,22.860000610351562,14.171059608459473
2015-04-01,22.899999618530273,14.195857048034668
2015-04-02,22.979999542236328,14.245445251464844
2015-04-06,23.190000534057617,14.375624656677246
2015-04-07,23.309999465942383,14.450016021728516
2015-04-08,23.559999465942383,14.604992866516113
2015-04-09,23.5,14.567801475524902
2015-04-10,23.549999237060547,14.598794937133789
2015-04-13,23.149999618530273,14.350831985473633
2015-04-14,23.280000686645508,14.43142032623291
2015-04-15,23.350000381469727,14.474812507629395
2015-04-16,23.719999313354492,14.704177856445312
2015-04-17,23.280000686645508,14.43142032623291
2015-04-20,23.239999771118164,14.406623840332031
2015-04-21,23.170000076293945,14.36323070526123
2015-04-22,23.229999542236328,14.400426864624023
2015-04-23,23.399999618530273,14.505810737609863
2015-04-24,23.93000030517578,14.83436107635498
2015-04-27,24.049999237060547,14.9087495803833
2015-04-28,24.389999389648438,15.119514465332031
2015-04-29,23.809999465942383,14.759969711303711
2015-04-30,23.31999969482422,14.456215858459473
2015-05-01,23.450000762939453,14.536805152893066
2015-05-04,23.40999984741211,14.512008666992188
2015-05-05,23.3799991607666,14.493408203125
2015-05-06,22.979999542236328,14.245445251464844
2015-05-07,22.690000534057617,14.065678596496582
2015-05-08,22.940000534057617,14.220651626586914
2015-05-11,22.520000457763672,13.960291862487793
2015-05-12,23.059999465942383,14.295038223266602
2015-05-13,23.540000915527344,14.592597961425781
2015-05-14,23.709999084472656,14.697982788085938
2015-05-15,23.700000762939453,14.691781044006348
2015-05-18,23.229999542236328,14.400426864624023
2015-05-19,22.790000915527344,14.127669334411621
2015-05-20,22.690000534057617,14.065678596496582
2015-05-21,22.93000030517578,14.214452743530273
2015-05-22,22.729999542236328,14.090470314025879
2015-05-26,22.760000228881836,14.109067916870117
2015-05-27,22.770000457763672,14.115267753601074
2015-05-28,22.459999084472656,13.92309856414795
2015-05-29,22.540000915527344,13.97269058227539
2015-06-01,22.3700008392334,13.867307662963867
2015-06-02,22.459999084472656,13.92309856414795
2015-06-03,22.290000915527344,13.817712783813477
2015-06-04,21.610000610351562,13.3961763381958
2015-06-05,21.489999771118164,13.321785926818848
2015-06-08,21.579999923706055,13.37757682800293
2015-06-09,21.489999771118164,13.321785926818848
2015-06-10,21.969999313354492,13.619343757629395
2015-06-11,22.1200008392334,13.712326049804688
2015-06-12,21.90999984741211,13.582146644592285
2015-06-15,22.020000457763672,13.650336265563965
2015-06-16,22.18000030517578,13.74952220916748
2015-06-17,22.229999542236328,13.780516624450684
2015-06-18,22.309999465942383,13.83011245727539
2015-06-19,22.34000015258789,13.848710060119629
2015-06-22,22.3799991607666,13.873502731323242
2015-06-23,22.600000381469727,14.009883880615234
2015-06-24,22.5,13.947893142700195
2015-06-25,21.850000381469727,13.871711730957031
2015-06-26,21.440000534057617,13.611420631408691
2015-06-29,20.899999618530273,13.268589973449707
2015-06-30,21.030000686645508,13.351122856140137
2015-07-01,21.260000228881836,13.497140884399414
2015-07-02,21.389999389648438,13.579670906066895
2015-07-06,20.790000915527344,13.198759078979492
2015-07-07,20.84000015258789,13.230501174926758
2015-07-08,20.25,12.855932235717773
2015-07-09,20.440000534057617,12.976554870605469
2015-07-10,20.700000762939453,13.141619682312012
2015-07-13,20.709999084472656,13.147970199584961
2015-07-14,20.950000762939453,13.300337791442871
2015-07-15,20.899999618530273,13.268589973449707
2015-07-16,21.149999618530273,13.4273042678833
2015-07-17,21.040000915527344,13.357473373413086
2015-07-20,21.18000030517578,13.446355819702148
2015-07-21,21.229999542236328,13.478096008300781
2015-07-22,20.809999465942383,13.211456298828125
2015-07-23,20.559999465942383,13.052738189697266
2015-07-24,20.219999313354492,12.836885452270508
2015-07-27,20.270000457763672,12.868629455566406
2015-07-28,20.729999542236328,13.160665512084961
2015-07-29,20.790000915527344,13.198759078979492
2015-07-30,20.850000381469727,13.236849784851074
2015-07-31,20.920000076293945,13.281290054321289
2015-08-03,20.739999771118164,13.167015075683594
2015-08-04,21.09000015258789,13.389216423034668
2015-08-05,21.040000915527344,13.357473373413086
2015-08-06,20.520000457763672,13.027345657348633
2015-08-07,20.34000015258789,12.913070678710938
2015-08-10,20.649999618530273,13.109874725341797
2015-08-11,19.940000534057617,12.659128189086914
2015-08-12,19.950000762939453,12.665475845336914
2015-08-13,19.889999389648438,12.62738037109375
2015-08-14,19.860000610351562,12.608335494995117
2015-08-17,19.93000030517578,12.652777671813965
2015-08-18,19.700000762939453,12.506759643554688
2015-08-19,19.850000381469727,12.60198974609375
2015-08-20,19.280000686645508,12.240117073059082
2015-08-21,18.81999969482422,11.948081016540527
2015-08-24,17.34000015258789,11.008489608764648
2015-08-25,18.3700008392334,11.662395477294922
2015-08-26,18.8799991607666,11.986173629760742
2015-08-27,19.25,12.221070289611816
2015-08-28,19.149999618530273,12.157585144042969
2015-08-31,18.649999618530273,11.840155601501465
2015-09-01,17.790000915527344,11.294174194335938
2015-09-02,18.190000534057617,11.54812240600586
2015-09-03,17.940000534057617,11.389403343200684
2015-09-04,17.540000915527344,11.135459899902344
2015-09-08,18.34000015258789,11.643346786499023
2015-09-09,18.280000686645508,11.605257034301758
2015-09-10,18.360000610351562,11.656047821044922
2015-09-11,18.329999923706055,11.636998176574707
2015-09-14,18.440000534057617,11.706833839416504
2015-09-15,18.420000076293945,11.694137573242188
2015-09-16,18.899999618530273,11.998871803283691
2015-09-17,18.709999084472656,11.87824821472168
2015-09-18,18.610000610351562,11.8147611618042
2015-09-21,18.450000762939453,11.713183403015137
2015-09-22,18.200000762939453,11.554468154907227
2015-09-23,17.829999923706055,11.31956958770752
2015-09-24,18.100000381469727,11.49098014831543
2015-09-25,17.989999771118164,11.421146392822266
2015-09-28,17.709999084472656,11.24338436126709
2015-09-29,17.489999771118164,11.103716850280762
2015-09-30,17.920000076293945,11.376707077026367
2015-10-01,18.06999969482422,11.47193431854248
2015-10-02,18.25,11.586211204528809
2015-10-05,18.770000457763672,11.916337966918945
2015-10-06,18.8799991607666,11.986173629760742
2015-10-07,19.18000030517578,12.176629066467285
2015-10-08,19.459999084472656,12.354392051696777
2015-10-09,19.639999389648438,12.468667030334473
2015-10-12,19.56999969482422,12.424226760864258
2015-10-13,19.149999618530273,12.157585144042969
2015-10-14,19.260000228881836,12.227418899536133
2015-10-15,19.6200008392334,12.455970764160156
2015-10-16,19.56999969482422,12.424226760864258
2015-10-19,19.399999618530273,12.316301345825195
2015-10-20,19.280000686645508,12.240117073059082
2015-10-21,19.139999389648438,12.151239395141602
2015-10-22,19.530000686645508,12.398832321166992
2015-10-23,19.790000915527344,12.563897132873535
2015-10-26,19.729999542236328,12.525805473327637
2015-10-27,19.549999237060547,12.411528587341309
2015-10-28,19.389999389648438,12.309950828552246
2015-10-29,18.829999923706055,11.954427719116211
2015-10-30,18.920000076293945,12.011567115783691
2015-11-02,18.8700008392334,11.979826927185059
2015-11-03,19.209999084472656,12.19567584991455
2015-11-04,18.989999771118164,12.056008338928223
2015-11-05,18.809999465942383,11.941732406616211
2015-11-06,18.639999389648438,11.833805084228516
2015-11-09,18.15999984741211,11.529074668884277
2015-11-10,18.139999389648438,11.516377449035645
2015-11-11,18.34000015258789,11.643346786499023
2015-11-12,18.350000381469727,11.649696350097656
2015-11-13,18.110000610351562,11.497331619262695
2015-11-16,18.260000228881836,11.592558860778809
2015-11-17,18.459999084472656,11.719532012939453
2015-11-18,18.729999542236328,11.890944480895996
2015-11-19,19.200000762939453,12.18932819366455
2015-11-20,19.350000381469727,12.284557342529297
2015-11-23,19.229999542236328,12.208375930786133
2015-11-24,19.350000381469727,12.284557342529297
2015-11-25,19.15999984741211,12.163933753967285
2015-11-27,19.020000457763672,12.075054168701172
2015-11-30,19.09000015258789,12.119491577148438
2015-12-01,19.6299991607666,12.462319374084473
2015-12-02,19.43000030517578,12.335347175598145
2015-12-03,19.299999237060547,12.252815246582031
2015-12-04,19.389999389648438,12.309950828552246
2015-12-07,19.010000228881836,12.068704605102539
2015-12-08,18.6299991607666,11.827455520629883
2015-12-09,18.600000381469727,11.808411598205566
2015-12-10,18.610000610351562,11.8147611618042
2015-12-11,18.09000015258789,11.484630584716797
2015-12-14,18.100000381469727,11.49098014831543
2015-12-15,18.1299991607666,11.510026931762695
2015-12-16,18.649999618530273,11.840155601501465
2015-12-17,18.309999465942383,11.624302864074707
2015-12-18,18.530000686645508,11.763970375061035
2015-12-21,18.239999771118164,11.906933784484863
2015-12-22,18.3799991607666,11.998324394226074
2015-12-23,18.719999313354492,12.220274925231934
2015-12-24,18.729999542236328,12.226802825927734
2015-12-28,18.690000534057617,12.200689315795898
2015-12-29,19.200000762939453,12.533612251281738
2015-12-30,19.15999984741211,12.507502555847168
2015-12-31,18.959999084472656,12.376943588256836
2016-01-04,18.700000762939453,12.207220077514648
2016-01-05,18.420000076293945,12.02443790435791
2016-01-06,17.889999389648438,11.678454399108887
2016-01-07,17.1299991607666,11.182334899902344
2016-01-08,16.8799991607666,11.019137382507324
2016-01-11,17.020000457763672,11.110525131225586
2016-01-12,17.1200008392334,11.175806045532227
2016-01-13,16.81999969482422,10.97996711730957
2016-01-14,17.170000076293945,11.20844554901123
2016-01-15,16.25,10.60787582397461
2016-01-19,16.639999389648438,10.862464904785156
2016-01-20,16.579999923706055,10.823298454284668
2016-01-21,16.899999618530273,11.032190322875977
2016-01-22,17.209999084472656,11.234554290771484
2016-01-25,16.940000534057617,11.058303833007812
2016-01-26,17.280000686645508,11.280251502990723
2016-01-27,17.09000015258789,11.156222343444824
2016-01-28,17.399999618530273,11.358588218688965
2016-01-29,17.639999389648438,11.515256881713867
2016-02-01,17.670000076293945,11.534841537475586
2016-02-02,17.110000610351562,11.169280052185059
2016-02-03,17.350000381469727,11.325948715209961
2016-02-04,17.649999618530273,11.5217866897583
2016-02-05,17.190000534057617,11.221501350402832
2016-02-08,17.170000076293945,11.20844554901123
2016-02-09,16.84000015258789,10.993025779724121
2016-02-10,16.780000686645508,10.953856468200684
2016-02-11,16.719999313354492,10.914689064025879
2016-02-12,16.940000534057617,11.058303833007812
2016-02-16,17.31999969482422,11.306365013122559
2016-02-17,17.600000381469727,11.489147186279297
2016-02-18,17.65999984741211,11.528315544128418
2016-02-19,17.6200008392334,11.502203941345215
2016-02-22,18.110000610351562,11.822072982788086
2016-02-23,17.770000457763672,11.600120544433594
2016-02-24,17.579999923706055,11.476088523864746
2016-02-25,17.600000381469727,11.489147186279297
2016-02-26,17.299999237060547,11.293310165405273
2016-02-29,17.280000686645508,11.280251502990723
2016-03-01,17.84000015258789,11.645817756652832
2016-03-02,18.360000610351562,11.985269546508789
2016-03-03,18.719999313354492,12.220274925231934
2016-03-04,19.049999237060547,12.43569564819336
2016-03-07,19.31999969482422,12.61194896697998
2016-03-08,18.959999084472656,12.376943588256836
2016-03-09,19.40999984741211,12.670699119567871
2016-03-10,19.270000457763672,12.579309463500977
2016-03-11,19.770000457763672,12.905708312988281
2016-03-14,19.510000228881836,12.735977172851562
2016-03-15,19.06999969482422,12.448750495910645
2016-03-16,19.510000228881836,12.735977172851562
2016-03-17,19.940000534057617,13.016681671142578
2016-03-18,19.829999923706055,12.944870948791504
2016-03-21,19.719999313354492,12.873065948486328
2016-03-22,19.690000534057617,12.853484153747559
2016-03-23,19.270000457763672,12.579309463500977
2016-03-24,19.229999542236328,12.55319881439209
2016-03-28,19.290000915527344,12.592367172241211
2016-03-29,19.239999771118164,12.559723854064941
2016-03-30,19.329999923706055,12.618476867675781
2016-03-31,19.31999969482422,12.61194896697998
2016-04-01,19.200000762939453,12.533612251281738
2016-04-04,18.959999084472656,12.376943588256836
2016-04-05,18.399999618530273,12.01137924194336
2016-04-06,18.799999237060547,12.272494316101074
2016-04-07,18.40999984741211,12.017906188964844
2016-04-08,18.600000381469727,12.141937255859375
2016-04-11,18.610000610351562,12.148466110229492
2016-04-12,19.190000534057617,12.527090072631836
2016-04-13,19.489999771118164,12.722926139831543
2016-04-14,19.690000534057617,12.853484153747559
2016-04-15,19.8799991607666,12.977508544921875
2016-04-18,20.1299991607666,13.140710830688477
2016-04-19,20.440000534057617,13.343076705932617
2016-04-20,20.459999084472656,13.356133460998535
2016-04-21,20.329999923706055,13.27126693725586
2016-04-22,20.260000228881836,13.22557258605957
2016-04-25,20.149999618530273,13.153765678405762
2016-04-26,20.299999237060547,13.251687049865723
2016-04-27,19.809999465942383,12.931818008422852
2016-04-28,19.8700008392334,12.970987319946289
2016-04-29,19.93000030517578,13.010150909423828
2016-05-02,20.079999923706055,13.10806941986084
2016-05-03,19.829999923706055,12.944870948791504
2016-05-04,19.520000457763672,12.742509841918945
2016-05-05,19.510000228881836,12.735977172851562
2016-05-06,19.469999313354492,12.709869384765625
2016-05-09,19.3700008392334,12.644587516784668
2016-05-10,19.799999237060547,12.925289154052734
2016-05-11,19.729999542236328,12.879592895507812
2016-05-12,19.68000030517578,12.846954345703125
2016-05-13,19.399999618530273,12.664173126220703
2016-05-16,19.709999084472656,12.866538047790527
2016-05-17,19.68000030517578,12.846954345703125
2016-05-18,19.43000030517578,12.683757781982422
2016-05-19,19.3700008392334,12.644587516784668
2016-05-20,19.450000762939453,12.696813583374023
2016-05-23,19.31999969482422,12.61194896697998
2016-05-24,19.3700008392334,12.644587516784668
2016-05-25,19.489999771118164,12.722926139831543
2016-05-26,19.559999465942383,12.768619537353516
2016-05-27,19.579999923706055,12.781676292419434
2016-05-31,19.450000762939453,12.696813583374023
2016-06-01,19.420000076293945,12.677225112915039
2016-06-02,19.270000457763672,12.579309463500977
2016-06-03,19.639999389648438,12.820844650268555
2016-06-06,19.860000610351562,12.964457511901855
2016-06-07,20.059999465942383,13.095014572143555
2016-06-08,20.190000534057617,13.17988109588623
2016-06-09,19.93000030517578,13.010150909423828
2016-06-10,19.43000030517578,12.683757781982422
2016-06-13,19.25,12.566251754760742
2016-06-14,19.079999923706055,12.455276489257812
2016-06-15,19.09000015258789,12.46180534362793
2016-06-16,18.950000762939453,12.370414733886719
2016-06-17,19.110000610351562,12.474862098693848
2016-06-20,19.59000015258789,12.788202285766602
2016-06-21,19.729999542236328,12.879592895507812
2016-06-22,19.459999084472656,12.883565902709961
2016-06-23,20.0,13.241076469421387
2016-06-24,18.920000076293945,12.526057243347168
2016-06-27,18.360000610351562,12.15530776977539
2016-06-28,18.8799991607666,12.499578475952148
2016-06-29,19.1200008392334,12.658470153808594
2016-06-30,19.450000762939453,12.876947402954102
2016-07-01,19.540000915527344,12.936530113220215
2016-07-05,19.149999618530273,12.678330421447754
2016-07-06,19.3799991607666,12.83060359954834
2016-07-07,19.239999771118164,12.73791217803955
2016-07-08,19.709999084472656,13.049081802368164
2016-07-11,19.90999984741211,13.181489944458008
2016-07-12,20.270000457763672,13.419829368591309
2016-07-13,20.239999771118164,13.399968147277832
2016-07-14,20.450000762939453,13.539000511169434
2016-07-15,20.3799991607666,13.492654800415039
2016-07-18,20.479999542236328,13.558860778808594
2016-07-19,20.209999084472656,13.380105972290039
2016-07-20,20.31999969482422,13.45293140411377
2016-07-21,20.34000015258789,13.466175079345703
2016-07-22,20.31999969482422,13.45293140411377
2016-07-25,20.3799991607666,13.492654800415039
2016-07-26,20.549999237060547,13.605204582214355
2016-07-27,20.540000915527344,13.59858226776123
2016-07-28,20.610000610351562,13.64493179321289
2016-07-29,20.889999389648438,13.830300331115723
2016-08-01,20.65999984741211,13.678033828735352
2016-08-02,20.639999389648438,13.664789199829102
2016-08-03,20.559999465942383,13.611824989318848
2016-08-04,20.65999984741211,13.678033828735352
2016-08-05,20.809999465942383,13.777339935302734
2016-08-08,20.920000076293945,13.850166320800781
2016-08-09,21.030000686645508,13.922989845275879
2016-08-10,21.040000915527344,13.929610252380371
2016-08-11,21.100000381469727,13.96933364868164
2016-08-12,20.860000610351562,13.810439109802246
2016-08-15,21.0,13.903129577636719
2016-08-16,20.989999771118164,13.89650821685791
2016-08-17,20.989999771118164,13.89650821685791
2016-08-18,21.0,13.903129577636719
2016-08-19,20.809999465942383,13.777339935302734
2016-08-22,20.829999923706055,13.790575981140137
2016-08-23,20.959999084472656,13.876646041870117
2016-08-24,20.959999084472656,13.876646041870117
2016-08-25,20.950000762939453,13.870026588439941
2016-08-26,20.670000076293945,13.684649467468262
2016-08-29,20.649999618530273,13.671408653259277
2016-08-30,20.469999313354492,13.552240371704102
2016-08-31,20.219999313354492,13.386726379394531
2016-09-01,20.329999923706055,13.459551811218262
2016-09-02,20.34000015258789,13.466175079345703
2016-09-06,20.700000762939453,13.704513549804688
2016-09-07,20.649999618530273,13.671408653259277
2016-09-08,20.420000076293945,13.51914119720459
2016-09-09,19.770000457763672,13.088801383972168
2016-09-12,19.959999084472656,13.214594841003418
2016-09-13,19.280000686645508,12.764398574829102
2016-09-14,19.440000534057617,12.87032699584961
2016-09-15,19.809999465942383,13.11528205871582
2016-09-16,19.790000915527344,13.10204792022705
2016-09-19,19.8700008392334,13.155013084411621
2016-09-20,19.989999771118164,13.234455108642578
2016-09-21,20.440000534057617,13.532380104064941
2016-09-22,20.56999969482422,13.61844539642334
2016-09-23,20.540000915527344,13.59858226776123
2016-09-26,20.520000457763672,13.585345268249512
2016-09-27,20.739999771118164,13.730995178222656
2016-09-28,20.979999542236328,13.889888763427734
2016-09-29,20.739999771118164,13.730995178222656
2016-09-30,20.899999618530273,13.836921691894531
2016-10-03,20.940000534057617,13.86340618133545
2016-10-04,20.780000686645508,13.757473945617676
2016-10-05,20.899999618530273,13.836921691894531
2016-10-06,20.90999984741211,13.843544006347656
2016-10-07,20.829999923706055,13.790575981140137
2016-10-10,20.989999771118164,13.89650821685791
2016-10-11,20.59000015258789,13.631689071655273
2016-10-12,20.729999542236328,13.724371910095215
2016-10-13,20.670000076293945,13.684649467468262
2016-10-14,20.700000762939453,13.704513549804688
2016-10-17,20.639999389648438,13.664789199829102
2016-10-18,20.899999618530273,13.836921691894531
2016-10-19,21.059999465942383,13.942853927612305
2016-10-20,20.850000381469727,13.803823471069336
2016-10-21,20.729999542236328,13.724371910095215
2016-10-24,20.690000534057617,13.697893142700195
2016-10-25,20.860000610351562,13.810439109802246
2016-10-26,20.610000610351562,13.64493179321289
2016-10-27,20.260000228881836,13.413207054138184
2016-10-28,20.15999984741211,13.347005844116211
2016-10-31,20.280000686645508,13.426454544067383
2016-11-01,20.200000762939453,13.37348747253418
2016-11-02,19.989999771118164,13.234455108642578
2016-11-03,20.059999465942383,13.28079891204834
2016-11-04,19.899999618530273,13.174872398376465
2016-11-07,20.479999542236328,13.558860778808594
2016-11-08,20.68000030517578,13.69127368927002
2016-11-09,20.530000686645508,13.591964721679688
2016-11-10,20.489999771118164,13.565483093261719
2016-11-11,20.43000030517578,13.525760650634766
2016-11-14,20.479999542236328,13.558860778808594
2016-11-15,20.559999465942383,13.611824989318848
2016-11-16,20.15999984741211,13.347005844116211
2016-11-17,20.200000762939453,13.37348747253418
2016-11-18,20.030000686645508,13.260939598083496
2016-11-21,20.200000762939453,13.37348747253418
2016-11-22,20.420000076293945,13.51914119720459
2016-11-23,20.610000610351562,13.64493179321289
2016-11-25,20.829999923706055,13.790575981140137
2016-11-28,20.75,13.737614631652832
2016-11-29,20.780000686645508,13.757473945617676
2016-11-30,20.440000534057617,13.532380104064941
2016-12-01,20.65999984741211,13.678033828735352
2016-12-02,20.690000534057617,13.697893142700195
2016-12-05,20.729999542236328,13.724371910095215
2016-12-06,20.75,13.737614631652832
2016-12-07,21.040000915527344,13.929610252380371
2016-12-08,21.100000381469727,13.96933364868164
2016-12-09,21.149999618530273,14.002439498901367
2016-12-12,21.200000762939453,14.035540580749512
2016-12-13,21.31999969482422,14.114988327026367
2016-12-14,20.920000076293945,13.850166320800781
2016-12-15,20.780000686645508,13.757473945617676
2016-12-16,20.56999969482422,13.61844539642334
2016-12-19,20.530000686645508,13.591964721679688
2016-12-20,20.729999542236328,13.724371910095215
2016-12-21,20.18000030517578,13.71757698059082
2016-12-22,20.200000762939453,13.731173515319824
2016-12-23,20.049999237060547,13.629203796386719
2016-12-27,20.139999389648438,13.690387725830078
2016-12-28,20.219999313354492,13.744765281677246
2016-12-29,20.3799991607666,13.853528022766113
2016-12-30,20.229999542236328,13.75156307220459
2017-01-03,20.59000015258789,13.996280670166016
2017-01-04,20.850000381469727,14.173019409179688
2017-01-05,21.049999237060547,14.308967590332031
2017-01-06,20.940000534057617,14.234196662902832
2017-01-09,21.170000076293945,14.390539169311523
2017-01-10,21.209999084472656,14.41772747039795
2017-01-11,21.43000030517578,14.567279815673828
2017-01-12,21.520000457763672,14.628454208374023
2017-01-13,21.43000030517578,14.567279815673828
2017-01-17,21.3799991607666,14.533287048339844
2017-01-18,21.200000762939453,14.410933494567871
2017-01-19,21.290000915527344,14.4721097946167
2017-01-20,21.290000915527344,14.4721097946167
2017-01-23,21.229999542236328,14.43132495880127
2017-01-24,21.389999389648438,14.54008674621582
2017-01-25,21.459999084472656,14.58767032623291
2017-01-26,21.34000015258789,14.506101608276367
2017-01-27,21.399999618530273,14.546886444091797
2017-01-30,21.229999542236328,14.43132495880127
2017-01-31,21.239999771118164,14.438122749328613
2017-02-01,21.350000381469727,14.512897491455078
2017-02-02,21.56999969482422,14.662443161010742
2017-02-03,21.59000015258789,14.676041603088379
2017-02-06,21.389999389648438,14.54008674621582
2017-02-07,21.34000015258789,14.506101608276367
2017-02-08,21.450000762939453,14.5808744430542
2017-02-09,21.559999465942383,14.655644416809082
2017-02-10,21.850000381469727,14.852778434753418
2017-02-13,21.959999084472656,14.9275541305542
2017-02-14,21.979999542236328,14.941145896911621
2017-02-15,22.280000686645508,15.145078659057617
2017-02-16,22.280000686645508,15.145078659057617
2017-02-17,22.239999771118164,15.117884635925293
2017-02-21,22.329999923706055,15.17906379699707
2017-02-22,22.3700008392334,15.20625114440918
2017-02-23,22.3700008392334,15.20625114440918
2017-02-24,22.079999923706055,15.00912094116211
2017-02-27,22.059999465942383,14.995527267456055
2017-02-28,21.950000762939453,14.920754432678223
2017-03-01,22.200000762939453,15.090692520141602
2017-03-02,21.950000762939453,14.920754432678223
2017-03-03,21.979999542236328,14.941145896911621
2017-03-06,21.920000076293945,14.900361061096191
2017-03-07,22.010000228881836,14.96153736114502
2017-03-08,21.860000610351562,14.859577178955078
2017-03-09,21.860000610351562,14.859577178955078
2017-03-10,22.049999237060547,14.988728523254395
2017-03-13,22.1200008392334,15.0363130569458
2017-03-14,21.969999313354492,14.934348106384277
2017-03-15,22.649999618530273,15.396584510803223
2017-03-16,22.450000762939453,15.260636329650879
2017-03-17,22.489999771118164,15.28782844543457
2017-03-20,22.530000686645508,15.31501579284668
2017-03-21,22.219999313354492,15.104289054870605
2017-03-22,22.100000381469727,15.02271556854248
2017-03-23,22.020000457763672,14.968338012695312
2017-03-24,22.170000076293945,15.07030200958252
2017-03-27,22.170000076293945,15.07030200958252
2017-03-28,22.489999771118164,15.28782844543457
2017-03-29,22.75,15.464564323425293
2017-03-30,22.780000686645508,15.484956741333008
2017-03-31,22.610000610351562,15.36939525604248
2017-04-03,22.540000915527344,15.321810722351074
2017-04-04,22.479999542236328,15.281026840209961
2017-04-05,22.450000762939453,15.260636329650879
2017-04-06,22.420000076293945,15.240238189697266
2017-04-07,22.309999465942383,15.165467262268066
2017-04-10,22.389999389648438,15.219849586486816
2017-04-11,22.549999237060547,15.328611373901367
2017-04-12,22.489999771118164,15.28782844543457
2017-04-13,22.43000030517578,15.247037887573242
2017-04-17,22.559999465942383,15.335410118103027
2017-04-18,22.260000228881836,15.131479263305664
2017-04-19,22.040000915527344,14.981932640075684
2017-04-20,22.270000457763672,15.138277053833008
2017-04-21,22.329999923706055,15.17906379699707
2017-04-24,22.56999969482422,15.342206001281738
2017-04-25,22.6200008392334,15.376194953918457
2017-04-26,22.40999984741211,15.233443260192871
2017-04-27,22.399999618530273,15.226648330688477
2017-04-28,22.459999084472656,15.267431259155273
2017-05-01,22.68000030517578,15.416976928710938
2017-05-02,22.65999984741211,15.4033842086792
2017-05-03,22.15999984741211,15.063502311706543
2017-05-04,22.0,14.954743385314941
2017-05-05,22.100000381469727,15.02271556854248
2017-05-08,21.959999084472656,14.9275541305542
2017-05-09,21.690000534057617,14.744019508361816
2017-05-10,21.8799991607666,14.873167991638184
2017-05-11,21.850000381469727,14.852778434753418
2017-05-12,21.75,14.784805297851562
2017-05-15,21.899999618530273,14.886767387390137
2017-05-16,22.010000228881836,14.96153736114502
2017-05-17,21.450000762939453,14.5808744430542
2017-05-18,21.5,14.614862442016602
2017-05-19,21.690000534057617,14.744019508361816
2017-05-22,21.850000381469727,14.852778434753418
2017-05-23,21.850000381469727,14.852778434753418
2017-05-24,21.8799991607666,14.873167991638184
2017-05-25,21.809999465942383,14.825587272644043
2017-05-26,21.670000076293945,14.730419158935547
2017-05-30,21.559999465942383,14.655644416809082
2017-05-31,21.489999771118164,14.608065605163574
2017-06-01,21.450000762939453,14.5808744430542
2017-06-02,21.719999313354492,14.764408111572266
2017-06-05,21.729999542236328,14.771202087402344
2017-06-06,21.489999771118164,14.608065605163574
2017-06-07,21.489999771118164,14.608065605163574
2017-06-08,21.59000015258789,14.676041603088379
2017-06-09,21.56999969482422,14.662443161010742
2017-06-12,21.549999237060547,14.648850440979004
2017-06-13,22.020000457763672,14.968338012695312
2017-06-14,22.229999542236328,15.111087799072266
2017-06-15,22.059999465942383,14.995527267456055
2017-06-16,22.15999984741211,15.063502311706543
2017-06-19,22.239999771118164,15.117884635925293
2017-06-20,21.3700008392334,14.840110778808594
2017-06-21,21.15999984741211,14.69427490234375
2017-06-22,21.209999084472656,14.72900104522705
2017-06-23,21.360000610351562,14.83316421508789
2017-06-26,21.3799991607666,14.847053527832031
2017-06-27,21.309999465942383,14.798445701599121
2017-06-28,21.760000228881836,15.110939979553223
2017-06-29,21.799999237060547,15.13871955871582
2017-06-30,21.68000030517578,15.055387496948242
2017-07-03,21.579999923706055,14.985941886901855
2017-07-05,21.68000030517578,15.055387496948242
2017-07-06,21.479999542236328,14.916499137878418
2017-07-07,21.479999542236328,14.916499137878418
2017-07-10,21.530000686645508,14.95121955871582
2017-07-11,21.579999923706055,14.985941886901855
2017-07-12,21.670000076293945,15.048440933227539
2017-07-13,21.899999618530273,15.208161354064941
2017-07-14,22.260000228881836,15.45815658569336
2017-07-17,22.18000030517578,15.402602195739746
2017-07-18,22.25,15.451211929321289
2017-07-19,22.649999618530273,15.728987693786621
2017-07-20,22.709999084472656,15.770652770996094
2017-07-21,22.389999389648438,15.548434257507324
2017-07-24,22.399999618530273,15.555380821228027
2017-07-25,22.639999389648438,15.722040176391602
2017-07-26,22.8799991607666,15.888710975646973
2017-07-27,22.760000228881836,15.805377006530762
2017-07-28,22.6200008392334,15.708155632019043
2017-07-31,22.700000762939453,15.763713836669922
2017-08-01,22.780000686645508,15.819266319274902
2017-08-02,22.709999084472656,15.770652770996094
2017-08-03,22.530000686645508,15.645654678344727
2017-08-04,22.549999237060547,15.659547805786133
2017-08-07,22.600000381469727,15.694268226623535
2017-08-08,22.5,15.624823570251465
2017-08-09,22.440000534057617,15.583158493041992
2017-08-10,22.18000030517578,15.402602195739746
2017-08-11,22.239999771118164,15.444269180297852
2017-08-14,22.34000015258789,15.513715744018555
2017-08-15,22.280000686645508,15.472046852111816
2017-08-16,22.790000915527344,15.826210975646973
2017-08-17,22.5,15.624823570251465
2017-08-18,22.610000610351562,15.701210021972656
2017-08-21,22.59000015258789,15.687317848205566
2017-08-22,22.729999542236328,15.784543991088867
2017-08-23,22.6200008392334,15.708155632019043
2017-08-24,22.579999923706055,15.680377006530762
2017-08-25,22.700000762939453,15.763713836669922
2017-08-28,22.649999618530273,15.728987693786621
2017-08-29,22.489999771118164,15.617878913879395
2017-08-30,22.3799991607666,15.541487693786621
2017-08-31,22.649999618530273,15.728987693786621
2017-09-01,22.81999969482422,15.847039222717285
2017-09-05,22.68000030517578,15.749821662902832
2017-09-06,22.760000228881836,15.805377006530762
2017-09-07,22.889999389648438,15.89565372467041
2017-09-08,22.809999465942383,15.840099334716797
2017-09-11,23.010000228881836,15.978983879089355
2017-09-12,23.15999984741211,16.083152770996094
2017-09-13,22.969999313354492,15.95120620727539
2017-09-14,22.969999313354492,15.95120620727539
2017-09-15,22.899999618530273,15.902597427368164
2017-09-18,22.829999923706055,15.853986740112305
2017-09-19,22.979999542236328,15.958151817321777
2017-09-20,22.93000030517578,15.923431396484375
2017-09-21,22.549999237060547,15.659547805786133
2017-09-22,22.709999084472656,15.770652770996094
2017-09-25,22.639999389648438,15.722040176391602
2017-09-26,22.469999313354492,15.603988647460938
2017-09-27,22.389999389648438,15.548434257507324
2017-09-28,22.350000381469727,15.52065658569336
2017-09-29,22.440000534057617,15.583158493041992
2017-10-02,22.540000915527344,15.652599334716797
2017-10-03,22.440000534057617,15.583158493041992
2017-10-04,22.31999969482422,15.499825477600098
2017-10-05,22.219999313354492,15.430378913879395
2017-10-06,22.219999313354492,15.430378913879395
2017-10-09,22.229999542236328,15.437322616577148
2017-10-10,22.40999984741211,15.562321662902832
2017-10-11,22.469999313354492,15.603988647460938
2017-10-12,22.6299991607666,15.715097427368164
2017-10-13,22.959999084472656,15.944259643554688
2017-10-16,22.989999771118164,15.965096473693848
2017-10-17,23.06999969482422,16.020654678344727
2017-10-18,23.06999969482422,16.020654678344727
2017-10-19,23.110000610351562,16.04842758178711
2017-10-20,23.110000610351562,16.04842758178711
2017-10-23,22.969999313354492,15.95120620727539
2017-10-24,23.0,15.972040176391602
2017-10-25,22.690000534057617,15.7567720413208
2017-10-26,22.690000534057617,15.7567720413208
2017-10-27,22.799999237060547,15.833152770996094
2017-10-30,22.760000228881836,15.805377006530762
2017-10-31,22.700000762939453,15.763713836669922
2017-11-01,22.809999465942383,15.840099334716797
2017-11-02,22.979999542236328,15.958151817321777
2017-11-03,22.850000381469727,15.867878913879395
2017-11-06,22.940000534057617,15.93037223815918
2017-11-07,22.899999618530273,15.902597427368164
2017-11-08,23.1200008392334,16.055376052856445
2017-11-09,23.170000076293945,16.0900936126709
2017-11-10,23.170000076293945,16.0900936126709
2017-11-13,23.010000228881836,15.978983879089355
2017-11-14,22.75,15.798432350158691
2017-11-15,22.68000030517578,15.749821662902832
2017-11-16,22.829999923706055,15.853986740112305
2017-11-17,22.6299991607666,15.715097427368164
2017-11-20,22.68000030517578,15.749821662902832
2017-11-21,22.81999969482422,15.847039222717285
2017-11-22,22.940000534057617,15.93037223815918
2017-11-24,22.93000030517578,15.923431396484375
2017-11-27,22.829999923706055,15.853986740112305
2017-11-28,22.959999084472656,15.944259643554688
2017-11-29,22.829999923706055,15.853986740112305
2017-11-30,22.770000457763672,15.812318801879883
2017-12-01,22.850000381469727,15.867878913879395
2017-12-04,22.700000762939453,15.763713836669922
2017-12-05,22.65999984741211,15.735932350158691
2017-12-06,22.600000381469727,15.694268226623535
2017-12-07,22.59000015258789,15.687317848205566
2017-12-08,22.65999984741211,15.735932350158691
2017-12-11,22.709999084472656,15.770652770996094
2017-12-12,22.829999923706055,15.853986740112305
2017-12-13,23.170000076293945,16.0900936126709
2017-12-14,23.110000610351562,16.04842758178711
2017-12-15,23.139999389648438,16.069263458251953
2017-12-18,23.299999237060547,16.18037223815918
2017-12-19,22.700000762939453,16.15120506286621
2017-12-20,22.700000762939453,16.15120506286621
2017-12-21,22.860000610351562,16.265043258666992
2017-12-22,22.969999313354492,16.343305587768555
2017-12-26,22.969999313354492,16.343305587768555
2017-12-27,23.09000015258789,16.42868995666504
2017-12-28,23.190000534057617,16.49983787536621
2017-12-29,23.170000076293945,16.485607147216797
2018-01-02,23.31999969482422,16.592336654663086
2018-01-03,23.469999313354492,16.699060440063477
2018-01-04,23.559999465942383,16.763097763061523
2018-01-05,23.700000762939453,16.86270523071289
2018-01-08,23.56999969482422,16.770214080810547
2018-01-09,23.600000381469727,16.791553497314453
2018-01-10,23.399999618530273,16.649253845214844
2018-01-11,23.540000915527344,16.74886703491211
2018-01-12,23.670000076293945,16.84136199951172
2018-01-16,23.459999084472656,16.69194793701172
2018-01-17,23.59000015258789,16.784442901611328
2018-01-18,23.610000610351562,16.798675537109375
2018-01-19,23.65999984741211,16.834243774414062
2018-01-22,23.690000534057617,16.855592727661133
2018-01-23,23.739999771118164,16.89116859436035
2018-01-24,23.8799991607666,16.99077796936035
2018-01-25,23.809999465942383,16.94097137451172
2018-01-26,24.110000610351562,17.15442657470703
2018-01-29,23.940000534057617,17.033470153808594
2018-01-30,23.75,16.898284912109375
2018-01-31,23.770000457763672,16.912513732910156
2018-02-01,23.8799991607666,16.99077796936035
2018-02-02,23.520000457763672,16.734634399414062
2018-02-05,22.729999542236328,16.17254638671875
2018-02-06,22.950000762939453,16.329076766967773
2018-02-07,22.469999313354492,15.987553596496582
2018-02-08,21.84000015258789,15.539306640625
2018-02-09,22.1200008392334,15.738527297973633
2018-02-12,22.469999313354492,15.987553596496582
2018-02-13,22.600000381469727,16.08005142211914
2018-02-14,23.0,16.36465072631836
2018-02-15,23.170000076293945,16.485607147216797
2018-02-16,22.979999542236328,16.350421905517578
2018-02-20,22.920000076293945,16.307729721069336
2018-02-21,22.860000610351562,16.265043258666992
2018-02-22,23.040000915527344,16.39311408996582
2018-02-23,23.219999313354492,16.52118492126465
2018-02-26,23.469999313354492,16.699060440063477
2018-02-27,23.100000381469727,16.435802459716797
2018-02-28,22.81999969482422,16.2365779876709
2018-03-01,22.670000076293945,16.129854202270508
2018-03-02,22.739999771118164,16.179662704467773
2018-03-05,22.84000015258789,16.250810623168945
2018-03-06,23.020000457763672,16.378881454467773
2018-03-07,22.8700008392334,16.272159576416016
2018-03-08,22.899999618530273,16.293500900268555
2018-03-09,23.309999465942383,16.58521842956543
2018-03-12,23.299999237060547,16.578105926513672
2018-03-13,23.0,16.36465072631836
2018-03-14,23.100000381469727,16.435802459716797
2018-03-15,22.850000381469727,16.25792694091797
2018-03-16,22.770000457763672,16.201004028320312
2018-03-19,22.59000015258789,16.07293128967285
2018-03-20,22.510000228881836,16.016016006469727
2018-03-21,22.739999771118164,16.179662704467773
2018-03-22,22.15999984741211,15.766985893249512
2018-03-23,21.8700008392334,15.560647010803223
2018-03-26,22.260000228881836,15.838135719299316
2018-03-27,21.829999923706055,15.532185554504395
2018-03-28,21.84000015258789,15.539306640625
2018-03-29,22.020000457763672,15.667376518249512
2018-04-02,21.639999389648438,15.397005081176758
2018-04-03,21.889999389648438,15.574882507324219
2018-04-04,22.040000915527344,15.681608200073242
2018-04-05,22.059999465942383,15.695834159851074
2018-04-06,21.809999465942383,15.51795768737793
2018-04-09,22.059999465942383,15.695834159851074
2018-04-10,22.459999084472656,15.980438232421875
2018-04-11,22.309999465942383,15.873711585998535
2018-04-12,22.3799991607666,15.923515319824219
2018-04-13,22.3799991607666,15.923515319824219
2018-04-16,22.479999542236328,15.994667053222656
2018-04-17,22.510000228881836,16.016016006469727
2018-04-18,22.639999389648438,16.10850715637207
2018-04-19,22.399999618530273,15.937750816345215
2018-04-20,22.170000076293945,15.774101257324219
2018-04-23,22.18000030517578,15.781214714050293
2018-04-24,22.18000030517578,15.781214714050293
2018-04-25,22.139999389648438,15.752758026123047
2018-04-26,22.25,15.831022262573242
2018-04-27,22.3799991607666,15.923515319824219
2018-04-30,22.190000534057617,15.78833293914795
2018-05-01,22.299999237060547,15.866596221923828
2018-05-02,22.489999771118164,16.00178337097168
2018-05-03,22.700000762939453,16.15120506286621
2018-05-04,22.729999542236328,16.17254638671875
2018-05-07,22.610000610351562,16.0871639251709
2018-05-08,22.510000228881836,16.016016006469727
2018-05-09,22.610000610351562,16.0871639251709
2018-05-10,22.8799991607666,16.279272079467773
2018-05-11,22.850000381469727,16.25792694091797
2018-05-14,22.899999618530273,16.293500900268555
2018-05-15,22.6200008392334,16.094280242919922
2018-05-16,22.829999923706055,16.243696212768555
2018-05-17,22.860000610351562,16.265043258666992
2018-05-18,22.700000762939453,16.15120506286621
2018-05-21,22.989999771118164,16.3575382232666
2018-05-22,22.829999923706055,16.243696212768555
2018-05-23,22.709999084472656,16.15831184387207
2018-05-24,22.739999771118164,16.179662704467773
2018-05-25,22.600000381469727,16.08005142211914
2018-05-29,22.290000915527344,15.859480857849121
2018-05-30,22.780000686645508,16.20812225341797
2018-05-31,22.56999969482422,16.058704376220703
2018-06-01,22.719999313354492,16.165428161621094
2018-06-04,22.860000610351562,16.265043258666992
2018-06-05,22.760000228881836,16.193891525268555
2018-06-06,23.079999923706055,16.421571731567383
2018-06-07,22.899999618530273,16.293500900268555
2018-06-08,22.889999389648438,16.286386489868164
2018-06-11,23.010000228881836,16.371767044067383
2018-06-12,22.709999084472656,16.15831184387207
2018-06-13,22.68000030517578,16.1369686126709
2018-06-14,22.469999313354492,15.987553596496582
2018-06-15,22.489999771118164,16.00178337097168
2018-06-18,22.68000030517578,16.1369686126709
2018-06-19,22.06999969482422,16.00786018371582
2018-06-20,22.290000915527344,16.167430877685547
2018-06-21,22.3700008392334,16.22545623779297
2018-06-22,22.690000534057617,16.45756721496582
2018-06-25,22.229999542236328,16.123912811279297
2018-06-26,22.389999389648438,16.239965438842773
2018-06-27,22.190000534057617,16.09490203857422
2018-06-28,22.489999771118164,16.312498092651367
2018-06-29,22.610000610351562,16.399534225463867
2018-07-02,22.309999465942383,16.181941986083984
2018-07-03,22.43000030517578,16.268978118896484
2018-07-05,22.670000076293945,16.443056106567383
2018-07-06,22.979999542236328,16.667905807495117
2018-07-09,23.170000076293945,16.805715560913086
2018-07-10,23.040000915527344,16.71142578125
2018-07-11,22.479999542236328,16.30524444580078
2018-07-12,22.90999984741211,16.617136001586914
2018-07-13,22.829999923706055,16.559106826782227
2018-07-16,22.68000030517578,16.450307846069336
2018-07-17,22.59000015258789,16.385026931762695
2018-07-18,22.719999313354492,16.479320526123047
2018-07-19,22.59000015258789,16.385026931762695
2018-07-20,22.84000015258789,16.566362380981445
2018-07-23,22.6200008392334,16.40679168701172
2018-07-24,22.8700008392334,16.588123321533203
2018-07-25,22.940000534057617,16.638891220092773
2018-07-26,22.709999084472656,16.472068786621094
2018-07-27,22.84000015258789,16.566362380981445
2018-07-30,22.81999969482422,16.551851272583008
2018-07-31,22.920000076293945,16.6243839263916
2018-08-01,22.729999542236328,16.486574172973633
2018-08-02,22.65999984741211,16.43580436706543
2018-08-03,22.719999313354492,16.479320526123047
2018-08-06,22.709999084472656,16.472068786621094
2018-08-07,22.780000686645508,16.52284049987793
2018-08-08,22.899999618530273,16.609878540039062
2018-08-09,22.850000381469727,16.57361602783203
2018-08-10,22.479999542236328,16.30524444580078
2018-08-13,22.350000381469727,16.210954666137695
2018-08-14,22.440000534057617,16.276235580444336
2018-08-15,22.40999984741211,16.254470825195312
2018-08-16,22.690000534057617,16.45756721496582
2018-08-17,23.0,16.682411193847656
2018-08-20,23.020000457763672,16.696918487548828
2018-08-21,22.809999465942383,16.54460334777832
2018-08-22,22.75,16.501083374023438
2018-08-23,22.31999969482422,16.189193725585938
2018-08-24,22.520000457763672,16.334257125854492
2018-08-27,22.739999771118164,16.49382972717285
2018-08-28,22.729999542236328,16.486574172973633
2018-08-29,22.950000762939453,16.646146774291992
2018-08-30,22.709999084472656,16.472068786621094
2018-08-31,22.489999771118164,16.312498092651367
2018-09-04,22.239999771118164,16.131166458129883
2018-09-05,22.049999237060547,15.993354797363281
2018-09-06,21.81999969482422,15.826533317565918
2018-09-07,21.459999084472656,15.565413475036621
2018-09-10,21.610000610351562,15.674215316772461
2018-09-11,21.670000076293945,15.717732429504395
2018-09-12,21.889999389648438,15.87730598449707
2018-09-13,21.889999389648438,15.87730598449707
2018-09-14,21.860000610351562,15.855549812316895
2018-09-17,21.889999389648438,15.87730598449707
2018-09-18,22.1299991607666,16.05138397216797
2018-09-19,22.229999542236328,16.123912811279297
2018-09-20,22.3700008392334,16.22545623779297
2018-09-21,22.299999237060547,16.174684524536133
2018-09-24,22.209999084472656,16.109407424926758
2018-09-25,22.25,16.138418197631836
2018-09-26,22.219999313354492,16.11665916442871
2018-09-27,22.1200008392334,16.044130325317383
2018-09-28,22.1200008392334,16.044130325317383
2018-10-01,22.09000015258789,16.022371292114258
2018-10-02,21.829999923706055,15.833781242370605
2018-10-03,21.700000762939453,15.739495277404785
2018-10-04,21.579999923706055,15.652454376220703
2018-10-05,21.489999771118164,15.587176322937012
2018-10-08,21.34000015258789,15.478377342224121
2018-10-09,21.260000228881836,15.420354843139648
2018-10-10,20.809999465942383,15.093955993652344
2018-10-11,20.479999542236328,14.85460090637207
2018-10-12,20.59000015258789,14.93438720703125
2018-10-15,20.6299991607666,14.963397026062012
2018-10-16,20.950000762939453,15.195500373840332
2018-10-17,20.899999618530273,15.159234046936035
2018-10-18,20.709999084472656,15.021425247192383
2018-10-19,20.90999984741211,15.166487693786621
2018-10-22,20.709999084472656,15.021425247192383
2018-10-23,20.489999771118164,14.861854553222656
2018-10-24,20.010000228881836,14.513700485229492
2018-10-25,20.09000015258789,14.571724891662598
2018-10-26,19.959999084472656,14.477431297302246
2018-10-29,19.90999984741211,14.441167831420898
2018-10-30,20.43000030517578,14.81833553314209
2018-10-31,20.600000381469727,14.941636085510254
2018-11-01,20.93000030517578,15.18099594116211
2018-11-02,20.8799991607666,15.144730567932129
2018-11-05,20.959999084472656,15.202753067016602
2018-11-06,21.15999984741211,15.347816467285156
2018-11-07,21.450000762939453,15.5581636428833
2018-11-08,21.3799991607666,15.507390022277832
2018-11-09,21.200000762939453,15.376829147338867
2018-11-12,21.059999465942383,15.275288581848145
2018-11-13,21.030000686645508,15.25352954864502
2018-11-14,20.790000915527344,15.079450607299805
2018-11-15,20.950000762939453,15.195500373840332
2018-11-16,21.020000457763672,15.246274948120117
2018-11-19,20.6200008392334,14.956147193908691
2018-11-20,20.229999542236328,14.673269271850586
2018-11-21,20.610000610351562,14.948890686035156
2018-11-23,20.579999923706055,14.92713451385498
2018-11-26,20.809999465942383,15.093955993652344
2018-11-27,20.799999237060547,15.086701393127441
2018-11-28,21.1200008392334,15.318807601928711
2018-11-29,21.020000457763672,15.246274948120117
2018-11-30,20.799999237060547,15.086701393127441
2018-12-03,21.15999984741211,15.347816467285156
2018-12-04,20.59000015258789,14.93438720703125
2018-12-06,20.43000030517578,14.81833553314209
2018-12-07,20.309999465942383,14.731294631958008
2018-12-10,20.040000915527344,14.535459518432617
2018-12-11,20.200000762939453,14.651511192321777
2018-12-12,20.399999618530273,14.796571731567383
2018-12-13,20.389999389648438,14.789320945739746
2018-12-14,20.040000915527344,14.535459518432617
2018-12-17,20.040000915527344,14.535459518432617
2018-12-18,19.299999237060547,14.539224624633789
2018-12-19,19.079999923706055,14.373492240905762
2018-12-20,18.8700008392334,14.21529483795166
2018-12-21,18.43000030517578,13.883832931518555
2018-12-24,18.420000076293945,13.876296043395996
2018-12-26,19.049999237060547,14.3508939743042
2018-12-27,19.110000610351562,14.39609146118164
2018-12-28,19.25,14.501559257507324
2018-12-31,19.25,14.501559257507324
2019-01-02,19.100000381469727,14.388559341430664
2019-01-03,18.959999084472656,14.283090591430664
2019-01-04,19.6299991607666,14.787821769714355
2019-01-07,19.690000534057617,14.833024978637695
2019-01-08,19.84000015258789,14.946020126342773
2019-01-09,20.1200008392334,15.156956672668457
2019-01-10,20.209999084472656,15.224752426147461
2019-01-11,20.209999084472656,15.224752426147461
2019-01-14,20.1299991607666,15.164485931396484
2019-01-15,20.260000228881836,15.262421607971191
2019-01-16,20.309999465942383,15.300084114074707
2019-01-17,20.5,15.443218231201172
2019-01-18,20.579999923706055,15.503486633300781
2019-01-22,20.06999969482422,15.119287490844727
2019-01-23,20.15999984741211,15.187088012695312
2019-01-24,20.170000076293945,15.194621086120605
2019-01-25,20.530000686645508,15.465816497802734
2019-01-28,20.43000030517578,15.390485763549805
2019-01-29,20.360000610351562,15.337754249572754
2019-01-30,20.690000534057617,15.58635425567627
2019-01-31,20.59000015258789,15.511018753051758
2019-02-01,20.559999465942383,15.488415718078613
2019-02-04,20.729999542236328,15.61648178100586
2019-02-05,21.06999969482422,15.872614860534668
2019-02-06,20.829999923706055,15.691815376281738
2019-02-07,20.81999969482422,15.684282302856445
2019-02-08,20.780000686645508,15.654149055480957
2019-02-11,20.719999313354492,15.608953475952148
2019-02-12,20.93000030517578,15.76715087890625
2019-02-13,20.739999771118164,15.624016761779785
2019-02-14,20.75,15.631548881530762
2019-02-15,21.079999923706055,15.880147933959961
2019-02-19,21.209999084472656,15.978081703186035
2019-02-20,21.139999389648438,15.925352096557617
2019-02-21,21.049999237060547,15.85754680633545
2019-02-22,21.290000915527344,16.038349151611328
2019-02-25,21.399999618530273,16.1212100982666
2019-02-26,21.399999618530273,16.1212100982666
2019-02-27,21.309999465942383,16.053415298461914
2019-02-28,21.280000686645508,16.03081703186035
2019-03-01,21.43000030517578,16.143815994262695
2019-03-04,21.31999969482422,16.06094741821289
2019-03-05,21.389999389648438,16.113677978515625
2019-03-06,21.40999984741211,16.128747940063477
2019-03-07,21.350000381469727,16.083547592163086
2019-03-08,21.260000228881836,16.015750885009766
2019-03-11,21.450000762939453,16.15888023376465
2019-03-12,21.309999465942383,16.053415298461914
2019-03-13,21.420000076293945,16.136280059814453
2019-03-14,21.360000610351562,16.091079711914062
2019-03-15,21.450000762939453,16.15888023376465
2019-03-18,21.520000457763672,16.211612701416016
2019-03-19,21.440000534057617,16.151348114013672
2019-03-20,21.450000762939453,16.15888023376465
2019-03-21,21.579999923706055,16.256811141967773
2019-03-22,21.229999542236328,15.993147850036621
2019-03-25,21.329999923706055,16.068479537963867
2019-03-26,21.43000030517578,16.143815994262695
2019-03-27,21.209999084472656,15.978081703186035
2019-03-28,21.3700008392334,16.098613739013672
2019-03-29,21.520000457763672,16.211612701416016
2019-04-01,21.760000228881836,16.392412185668945
2019-04-02,21.649999618530273,16.309541702270508
2019-04-03,21.829999923706055,16.445140838623047
2019-04-04,21.6299991607666,16.294475555419922
2019-04-05,21.530000686645508,16.219146728515625
2019-04-08,21.670000076293945,16.32461166381836
2019-04-09,21.559999465942383,16.24174690246582
2019-04-10,21.709999084472656,16.3547420501709
2019-04-11,21.649999618530273,16.309541702270508
2019-04-12,21.860000610351562,16.46774673461914
2019-04-15,21.809999465942383,16.430076599121094
2019-04-16,21.920000076293945,16.512941360473633
2019-04-17,21.899999618530273,16.49787712097168
2019-04-18,21.920000076293945,16.512941360473633
2019-04-22,21.889999389648438,16.490346908569336
2019-04-23,21.979999542236328,16.55814552307129
2019-04-24,21.8700008392334,16.475276947021484
2019-04-25,21.8799991607666,16.482807159423828
2019-04-26,21.93000030517578,16.520477294921875
2019-04-29,21.899999618530273,16.49787712097168
2019-04-30,21.770000457763672,16.399946212768555
2019-05-01,21.690000534057617,16.33968162536621
2019-05-02,21.65999984741211,16.317081451416016
2019-05-03,21.829999923706055,16.445140838623047
2019-05-06,21.6200008392334,16.286945343017578
2019-05-07,21.399999618530273,16.1212100982666
2019-05-08,21.399999618530273,16.1212100982666
2019-05-09,21.450000762939453,16.15888023376465
2019-05-10,21.709999084472656,16.3547420501709
2019-05-13,21.270000457763672,16.023277282714844
2019-05-14,21.25,16.00821304321289
2019-05-15,21.40999984741211,16.128747940063477
2019-05-16,21.59000015258789,16.264347076416016
2019-05-17,21.420000076293945,16.136280059814453
2019-05-20,21.8799991607666,16.482807159423828
2019-05-21,22.06999969482422,16.625940322875977
2019-05-22,22.059999465942383,16.618408203125
2019-05-23,21.920000076293945,16.512941360473633
2019-05-24,22.030000686645508,16.595809936523438
2019-05-28,21.889999389648438,16.490346908569336
2019-05-29,21.770000457763672,16.399946212768555
2019-05-30,21.809999465942383,16.430076599121094
2019-05-31,21.799999237060547,16.42254638671875
2019-06-03,21.709999084472656,16.3547420501709
2019-06-04,22.040000915527344,16.60334587097168
2019-06-05,21.950000762939453,16.53554344177246
2019-06-06,22.09000015258789,16.641010284423828
2019-06-07,22.350000381469727,16.836875915527344
2019-06-10,22.350000381469727,16.836875915527344
2019-06-11,22.579999923706055,17.01013946533203
2019-06-12,22.350000381469727,16.836875915527344
2019-06-13,22.360000610351562,16.844411849975586
2019-06-14,22.209999084472656,16.731407165527344
2019-06-17,21.68000030517578,16.664533615112305
2019-06-18,22.010000228881836,16.918193817138672
2019-06-19,22.149999618530273,17.025806427001953
2019-06-20,22.399999618530273,17.217971801757812
2019-06-21,22.270000457763672,17.1180477142334
2019-06-24,22.43000030517578,17.24102783203125
2019-06-25,22.350000381469727,17.17953872680664
2019-06-26,22.440000534057617,17.248716354370117
2019-06-27,22.59000015258789,17.364013671875
2019-06-28,22.540000915527344,17.32558250427246
2019-07-01,22.5,17.29483413696289
2019-07-02,22.489999771118164,17.287147521972656
2019-07-03,22.770000457763672,17.50237464904785
2019-07-05,22.780000686645508,17.510061264038086
2019-07-08,22.489999771118164,17.287147521972656
2019-07-09,22.40999984741211,17.225658416748047
2019-07-10,22.5,17.29483413696289
2019-07-11,22.56999969482422,17.34864044189453
2019-07-12,22.610000610351562,17.379390716552734
2019-07-15,22.639999389648438,17.402446746826172
2019-07-16,22.489999771118164,17.287147521972656
2019-07-17,22.59000015258789,17.364013671875
2019-07-18,22.709999084472656,17.456254959106445
2019-07-19,22.75,17.487003326416016
2019-07-22,22.709999084472656,17.456254959106445
2019-07-23,22.799999237060547,17.52543067932129
2019-07-24,22.809999465942383,17.533119201660156
2019-07-25,22.729999542236328,17.47162628173828
2019-07-26,22.68000030517578,17.433195114135742
2019-07-29,22.790000915527344,17.517745971679688
2019-07-30,22.59000015258789,17.364013671875
2019-07-31,22.40999984741211,17.225658416748047
2019-08-01,22.290000915527344,17.133419036865234
2019-08-02,22.200000762939453,17.064239501953125
2019-08-05,21.389999389648438,16.44162368774414
2019-08-06,21.239999771118164,16.326326370239258
2019-08-07,21.25,16.33401107788086
2019-08-08,21.610000610351562,16.61073112487793
2019-08-09,21.489999771118164,16.518491744995117
2019-08-12,21.31999969482422,16.3878173828125
2019-08-13,21.600000381469727,16.603042602539062
2019-08-14,21.09000015258789,16.211029052734375
2019-08-15,21.010000228881836,16.149534225463867
2019-08-16,21.229999542236328,16.318639755249023
2019-08-19,21.309999465942383,16.380130767822266
2019-08-20,21.3799991607666,16.433937072753906
2019-08-21,21.40999984741211,16.45699691772461
2019-08-22,21.34000015258789,16.4031925201416
2019-08-23,21.079999923706055,16.20334243774414
2019-08-26,21.219999313354492,16.310949325561523
2019-08-27,21.200000762939453,16.295581817626953
2019-08-28,21.260000228881836,16.341697692871094
2019-08-29,21.440000534057617,16.480058670043945
2019-08-30,21.68000030517578,16.664533615112305
2019-09-03,21.56999969482422,16.579984664916992
2019-09-04,21.809999465942383,16.76445770263672
2019-09-05,22.06999969482422,16.964313507080078
2019-09-06,22.229999542236328,17.08730125427246
2019-09-09,22.299999237060547,17.14110565185547
2019-09-10,22.299999237060547,17.14110565185547
2019-09-11,22.399999618530273,17.217971801757812
2019-09-12,22.489999771118164,17.287147521972656
2019-09-13,22.559999465942383,17.34095573425293
2019-09-16,22.489999771118164,17.287147521972656
2019-09-17,22.6299991607666,17.394758224487305
2019-09-18,22.459999084472656,17.264089584350586
2019-09-19,22.520000457763672,17.31020736694336
2019-09-20,22.3799991607666,17.20259666442871
2019-09-23,22.399999618530273,17.217971801757812
2019-09-24,22.31999969482422,17.156478881835938
2019-09-25,22.31999969482422,17.156478881835938
2019-09-26,22.280000686645508,17.125732421875
2019-09-27,22.290000915527344,17.133419036865234
2019-09-30,22.25,17.102672576904297
2019-10-01,21.969999313354492,16.887447357177734
2019-10-02,21.450000762939453,16.48774528503418
2019-10-03,21.59000015258789,16.59535789489746
2019-10-04,21.81999969482422,16.772146224975586
2019-10-07,21.729999542236328,16.70296859741211
2019-10-08,21.56999969482422,16.579984664916992
2019-10-09,21.700000762939453,16.679912567138672
2019-10-10,21.8799991607666,16.818265914916992
2019-10-11,22.139999389648438,17.01811981201172
2019-10-14,21.959999084472656,16.8797607421875
2019-10-15,22.239999771118164,17.094985961914062
2019-10-16,22.31999969482422,17.156478881835938
2019-10-17,22.350000381469727,17.17953872680664
2019-10-18,22.31999969482422,17.156478881835938
2019-10-21,22.510000228881836,17.302522659301758
2019-10-22,22.510000228881836,17.302522659301758
2019-10-23,22.6200008392334,17.387075424194336
2019-10-24,22.6299991607666,17.394758224487305
2019-10-25,22.700000762939453,17.448570251464844
2019-10-28,22.799999237060547,17.52543067932129
2019-10-29,22.739999771118164,17.479310989379883
2019-10-30,22.719999313354492,17.463943481445312
2019-10-31,22.530000686645508,17.317895889282227
2019-11-01,22.760000228881836,17.49468994140625
2019-11-04,22.690000534057617,17.44088363647461
2019-11-05,22.729999542236328,17.47162628173828
2019-11-06,22.600000381469727,17.3717041015625
2019-11-07,22.84000015258789,17.556180953979492
2019-11-08,22.770000457763672,17.50237464904785
2019-11-11,22.899999618530273,17.602298736572266
2019-11-12,22.860000610351562,17.57155418395996
2019-11-13,22.6200008392334,17.387075424194336
2019-11-14,22.610000610351562,17.379390716552734
2019-11-15,22.809999465942383,17.533119201660156
2019-11-18,22.739999771118164,17.479310989379883
2019-11-19,22.850000381469727,17.56386947631836
2019-11-20,22.440000534057617,17.248716354370117
2019-11-21,22.40999984741211,17.225658416748047
2019-11-22,22.510000228881836,17.302522659301758
2019-11-25,22.6200008392334,17.387075424194336
2019-11-26,22.690000534057617,17.44088363647461
2019-11-27,22.969999313354492,17.656105041503906
2019-11-29,22.829999923706055,17.548494338989258
2019-12-02,22.729999542236328,17.47162628173828
2019-12-03,22.329999923706055,17.16416358947754
2019-12-04,22.5,17.29483413696289
2019-12-05,22.459999084472656,17.264089584350586
2019-12-06,22.65999984741211,17.417818069458008
2019-12-09,22.549999237060547,17.333269119262695
2019-12-10,22.479999542236328,17.279462814331055
2019-12-11,22.75,17.487003326416016
2019-12-12,22.889999389648438,17.594608306884766
2019-12-13,22.8700008392334,17.579240798950195
2019-12-16,22.81999969482422,17.897661209106445
2019-12-17,22.610000610351562,17.73296356201172
2019-12-18,22.6200008392334,17.740806579589844
2019-12-19,22.600000381469727,17.725116729736328
2019-12-20,22.610000610351562,17.73296356201172
2019-12-23,22.6299991607666,17.74864387512207
2019-12-24,22.649999618530273,17.764331817626953
2019-12-26,22.790000915527344,17.874134063720703
2019-12-27,22.75,17.842763900756836
2019-12-30,22.719999313354492,17.819238662719727
2019-12-31,22.639999389648438,17.75649070739746
2020-01-02,22.739999771118164,17.834917068481445
2020-01-03,22.5,17.646690368652344
2020-01-06,22.6200008392334,17.740806579589844
2020-01-07,22.59000015258789,17.71727752685547
2020-01-08,22.719999313354492,17.819238662719727
2020-01-09,22.729999542236328,17.82708168029785
2020-01-10,22.850000381469727,17.921194076538086
2020-01-13,23.030000686645508,18.062368392944336
2020-01-14,23.170000076293945,18.172170639038086
2020-01-15,23.280000686645508,18.258441925048828
2020-01-16,23.540000915527344,18.46236228942871
2020-01-17,23.520000457763672,18.446674346923828
2020-01-21,23.329999923706055,18.297657012939453
2020-01-22,23.459999084472656,18.399616241455078
2020-01-23,23.440000534057617,18.383930206298828
2020-01-24,23.25,18.234912872314453
2020-01-27,22.75,17.842763900756836
2020-01-28,22.940000534057617,17.991779327392578
2020-01-29,22.84000015258789,17.913349151611328
2020-01-30,22.829999923706055,17.905508041381836
2020-01-31,22.260000228881836,17.458459854125977
2020-02-03,22.309999465942383,17.497671127319336
2020-02-04,22.700000762939453,17.803546905517578
2020-02-05,22.84000015258789,17.913349151611328
2020-02-06,22.8799991607666,17.94472312927246
2020-02-07,22.59000015258789,17.71727752685547
2020-02-10,22.670000076293945,17.78002166748047
2020-02-11,22.829999923706055,17.905508041381836
2020-02-12,23.1200008392334,18.132957458496094
2020-02-13,22.989999771118164,18.030996322631836
2020-02-14,23.049999237060547,18.07805633544922
2020-02-18,22.979999542236328,18.023151397705078
2020-02-19,23.100000381469727,18.11726951599121
2020-02-20,22.920000076293945,17.976093292236328
2020-02-21,22.739999771118164,17.834917068481445
2020-02-24,21.770000457763672,17.074153900146484
2020-02-25,21.459999084472656,16.831022262573242
2020-02-26,21.190000534057617,16.619260787963867
2020-02-27,20.690000534057617,16.227109909057617
2020-02-28,20.1200008392334,15.780061721801758
2020-03-02,20.420000076293945,16.01535415649414
2020-03-03,20.219999313354492,15.858492851257324
2020-03-04,20.770000457763672,16.28985595703125
2020-03-05,20.15999984741211,15.81143569946289
2020-03-06,19.780000686645508,15.51340103149414
2020-03-09,17.440000534057617,13.678146362304688
2020-03-10,18.940000534057617,14.854591369628906
2020-03-11,17.459999084472656,13.693831443786621
2020-03-12,15.119999885559082,11.858576774597168
2020-03-13,17.260000228881836,13.536971092224121
2020-03-16,14.479999542236328,11.3566255569458
2020-03-17,15.5600004196167,12.203665733337402
2020-03-18,13.720000267028809,10.760560035705566
2020-03-19,13.949999809265137,10.940945625305176
2020-03-20,13.380000114440918,10.493897438049316
2020-03-23,12.819999694824219,10.054691314697266
2020-03-24,14.390000343322754,11.286039352416992
2020-03-25,14.989999771118164,11.756616592407227
2020-03-26,15.680000305175781,12.297781944274902
2020-03-27,14.5,11.372309684753418
2020-03-30,15.75,12.352682113647461
2020-03-31,15.539999961853027,12.187982559204102
2020-04-01,15.010000228881836,11.772303581237793
2020-04-02,15.510000228881836,12.164450645446777
2020-04-03,14.829999923706055,11.631129264831543
2020-04-06,16.079999923706055,12.611501693725586
2020-04-07,15.630000114440918,12.258566856384277
2020-04-08,15.760000228881836,12.360526084899902
2020-04-09,16.6299991607666,13.042862892150879
2020-04-13,16.56999969482422,12.995806694030762
2020-04-14,17.139999389648438,13.44285774230957
2020-04-15,16.299999237060547,12.78404712677002
2020-04-16,16.40999984741211,12.870318412780762
2020-04-17,16.829999923706055,13.199724197387695
2020-04-20,16.229999542236328,12.729144096374512
2020-04-21,15.5,12.156608581542969
2020-04-22,16.190000534057617,12.697774887084961
2020-04-23,16.09000015258789,12.619342803955078
2020-04-24,16.40999984741211,12.870318412780762
2020-04-27,16.610000610351562,13.027178764343262
2020-04-28,16.610000610351562,13.027178764343262
2020-04-29,17.139999389648438,13.44285774230957
2020-04-30,17.040000915527344,13.364428520202637
2020-05-01,16.190000534057617,12.697774887084961
2020-05-04,16.559999465942383,12.987963676452637
2020-05-05,16.719999313354492,13.11345100402832
2020-05-06,16.40999984741211,12.870318412780762
2020-05-07,16.68000030517578,13.082077026367188
2020-05-08,16.920000076293945,13.270309448242188
2020-05-11,16.969999313354492,13.309524536132812
2020-05-12,16.549999237060547,12.980118751525879
2020-05-13,16.489999771118164,12.933062553405762
2020-05-14,16.520000457763672,12.956591606140137
2020-05-15,16.65999984741211,13.06639289855957
2020-05-18,17.399999618530273,13.646773338317871
2020-05-19,17.1299991607666,13.435009956359863
2020-05-20,17.639999389648438,13.835002899169922
2020-05-21,17.3700008392334,13.623245239257812
2020-05-22,17.34000015258789,13.599714279174805
2020-05-26,18.15999984741211,14.242839813232422
2020-05-27,18.3799991607666,14.415384292602539
2020-05-28,18.489999771118164,14.501657485961914
2020-05-29,18.059999465942383,14.164409637451172
2020-06-01,18.950000762939453,14.862435340881348
2020-06-02,19.25,15.097722053527832
2020-06-03,19.809999465942383,15.536930084228516
2020-06-04,19.780000686645508,15.51340103149414
2020-06-05,20.31999969482422,15.936921119689941
2020-06-08,20.65999984741211,16.203584671020508
2020-06-09,20.299999237060547,15.921235084533691
2020-06-10,20.309999465942383,15.929080963134766
2020-06-11,18.850000381469727,14.78400707244873
2020-06-12,19.200000762939453,15.05850887298584
2020-06-15,19.18000030517578,15.268671989440918
2020-06-16,19.3799991607666,15.427884101867676
2020-06-17,19.350000381469727,15.404004096984863
2020-06-18,19.25,15.324395179748535
2020-06-19,19.020000457763672,15.141298294067383
2020-06-22,19.450000762939453,15.483613014221191
2020-06-23,19.479999542236328,15.507493019104004
2020-06-24,18.93000030517578,15.069652557373047
2020-06-25,19.110000610351562,15.212944984436035
2020-06-26,18.790000915527344,14.95820426940918
2020-06-29,19.149999618530273,15.244790077209473
2020-06-30,19.270000457763672,15.340316772460938
2020-07-01,19.459999084472656,15.491573333740234
2020-07-02,19.829999923706055,15.78611946105957
2020-07-06,19.850000381469727,15.80203914642334
2020-07-07,19.549999237060547,15.563220024108887
2020-07-08,19.600000381469727,15.603020668029785
2020-07-09,19.40999984741211,15.451766967773438
2020-07-10,19.6299991607666,15.626903533935547
2020-07-13,19.350000381469727,15.404004096984863
2020-07-14,19.639999389648438,15.63486385345459
2020-07-15,20.06999969482422,15.97717571258545
2020-07-16,19.809999465942383,15.770195960998535
2020-07-17,19.920000076293945,15.857768058776855
2020-07-20,20.0,15.921452522277832
2020-07-21,20.479999542236328,16.303565979003906
2020-07-22,20.43000030517578,16.263763427734375
2020-07-23,20.15999984741211,16.048824310302734
2020-07-24,20.030000686645508,15.945335388183594
2020-07-27,20.360000610351562,16.208036422729492
2020-07-28,20.149999618530273,16.040863037109375
2020-07-29,20.479999542236328,16.303565979003906
2020-07-30,20.299999237060547,16.16027069091797
2020-07-31,19.90999984741211,15.849807739257812
2020-08-03,20.190000534057617,16.072704315185547
2020-08-04,20.31999969482422,16.176193237304688
2020-08-05,20.399999618530273,16.23987579345703
2020-08-06,20.540000915527344,16.351329803466797
2020-08-07,20.389999389648438,16.231916427612305
2020-08-10,20.610000610351562,16.407058715820312
2020-08-11,20.6299991607666,16.422975540161133
2020-08-12,20.889999389648438,16.62995719909668
2020-08-13,20.559999465942383,16.36725425720215
2020-08-14,20.56999969482422,16.375213623046875
2020-08-17,20.770000457763672,16.534427642822266
2020-08-18,20.860000610351562,16.6060733795166
2020-08-19,20.8799991607666,16.62199592590332
2020-08-20,20.809999465942383,16.566268920898438
2020-08-21,20.600000381469727,16.39909553527832
2020-08-24,20.790000915527344,16.55034828186035
2020-08-25,20.729999542236328,16.502582550048828
2020-08-26,20.84000015258789,16.590152740478516
2020-08-27,20.81999969482422,16.574228286743164
2020-08-28,20.899999618530273,16.637914657592773
2020-08-31,20.790000915527344,16.55034828186035
2020-09-01,20.770000457763672,16.534427642822266
2020-09-02,21.1200008392334,16.813053131103516
2020-09-03,20.549999237060547,16.359291076660156
2020-09-04,20.290000915527344,16.152313232421875
2020-09-08,20.09000015258789,15.993098258972168
2020-09-09,20.489999771118164,16.311527252197266
2020-09-10,19.950000762939453,15.881649017333984
2020-09-11,20.149999618530273,16.040863037109375
2020-09-14,20.329999923706055,16.18415641784668
2020-09-15,20.479999542236328,16.303565979003906
2020-09-16,20.5,16.319490432739258
2020-09-17,20.3700008392334,16.216001510620117
2020-09-18,20.1299991607666,16.024938583374023
2020-09-21,19.649999618530273,15.642824172973633
2020-09-22,19.860000610351562,15.810001373291016
2020-09-23,19.579999923706055,15.587100982666016
2020-09-24,19.56999969482422,15.579137802124023
2020-09-25,19.8799991607666,15.82592487335205
2020-09-28,20.059999465942383,15.969215393066406
2020-09-29,19.850000381469727,15.80203914642334
2020-09-30,19.719999313354492,15.698549270629883
2020-10-01,19.8799991607666,15.82592487335205
2020-10-02,19.850000381469727,15.80203914642334
2020-10-05,20.25,16.120468139648438
2020-10-06,20.0,15.921452522277832
2020-10-07,20.389999389648438,16.231916427612305
2020-10-08,20.690000534057617,16.470741271972656
2020-10-09,20.81999969482422,16.574228286743164
2020-10-12,20.959999084472656,16.685678482055664
2020-10-13,20.799999237060547,16.55830955505371
2020-10-14,20.780000686645508,16.542388916015625
2020-10-15,20.75,16.518505096435547
2020-10-16,20.75,16.518505096435547
2020-10-19,20.579999923706055,16.3831729888916
2020-10-20,20.559999465942383,16.36725425720215
2020-10-21,20.549999237060547,16.359291076660156
2020-10-22,20.729999542236328,16.502582550048828
2020-10-23,20.8799991607666,16.62199592590332
2020-10-26,20.56999969482422,16.375213623046875
2020-10-27,20.329999923706055,16.18415641784668
2020-10-28,19.780000686645508,15.746315002441406
2020-10-29,19.8700008392334,15.817962646484375
2020-10-30,19.770000457763672,15.738354682922363
2020-11-02,19.8799991607666,15.82592487335205
2020-11-03,20.520000457763672,16.335411071777344
2020-11-04,20.530000686645508,16.34337043762207
2020-11-05,21.200000762939453,16.87674331665039
2020-11-06,21.239999771118164,16.90858268737793
2020-11-09,22.079999923706055,17.57728385925293
2020-11-10,22.030000686645508,17.537479400634766
2020-11-11,22.329999923706055,17.77629852294922
2020-11-12,21.90999984741211,17.44194984436035
2020-11-13,22.190000534057617,17.66485023498535
2020-11-16,22.520000457763672,17.927553176879883
2020-11-17,22.559999465942383,17.95939826965332
2020-11-18,22.59000015258789,17.983278274536133
2020-11-19,22.760000228881836,18.118610382080078
2020-11-20,22.799999237060547,18.15045166015625
2020-11-23,22.809999465942383,18.158414840698242
2020-11-24,23.40999984741211,18.636056900024414
2020-11-25,23.43000030517578,18.651979446411133
2020-11-27,23.299999237060547,18.548486709594727
2020-11-30,22.719999313354492,18.086767196655273
2020-12-01,23.170000076293945,18.44499969482422
2020-12-02,23.260000228881836,18.516647338867188
2020-12-03,23.3700008392334,18.60421371459961
2020-12-04,23.56999969482422,18.763429641723633
2020-12-07,23.510000228881836,18.715665817260742
2020-12-08,23.670000076293945,18.843036651611328
2020-12-09,23.709999084472656,18.8748836517334
2020-12-10,23.860000610351562,18.99428939819336
2020-12-11,23.75,18.906726837158203
2020-12-14,23.6200008392334,18.96292495727539
2020-12-15,23.899999618530273,19.187713623046875
2020-12-16,23.969999313354492,19.243913650512695
2020-12-17,24.290000915527344,19.500822067260742
2020-12-18,23.989999771118164,19.259971618652344
2020-12-21,23.799999237060547,19.1074275970459
2020-12-22,23.649999618530273,18.98700523376465
2020-12-23,23.93000030517578,19.21179962158203
2020-12-24,23.940000534057617,19.219831466674805
2020-12-28,24.049999237060547,19.30813980102539
2020-12-29,23.959999084472656,19.23587989807129
2020-12-30,24.09000015258789,19.340255737304688
2020-12-31,23.950000762939453,19.22785758972168
2021-01-04,24.030000686645508,19.292085647583008
2021-01-05,24.3700008392334,19.565044403076172
2021-01-06,24.700000762939453,19.829980850219727
2021-01-07,24.709999084472656,19.838010787963867
2021-01-08,24.829999923706055,19.934350967407227
2021-01-11,24.420000076293945,19.605188369750977
2021-01-12,24.56999969482422,19.725610733032227
2021-01-13,24.479999542236328,19.653362274169922
2021-01-14,24.770000457763672,19.88618278503418
2021-01-15,24.450000762939453,19.6292724609375
2021-01-19,24.56999969482422,19.725610733032227
2021-01-20,25.0,20.070829391479492
2021-01-21,25.059999465942383,20.118999481201172
2021-01-22,24.8700008392334,19.966461181640625
2021-01-25,24.979999542236328,20.054777145385742
2021-01-26,25.0,20.070829391479492
2021-01-27,24.309999465942383,19.516874313354492
2021-01-28,24.479999542236328,19.653362274169922
2021-01-29,23.75,19.067291259765625
2021-02-01,24.15999984741211,19.396451950073242
2021-02-02,24.459999084472656,19.637300491333008
2021-02-03,24.559999465942383,19.71758460998535
2021-02-04,24.549999237060547,19.709558486938477
2021-02-05,24.809999465942383,19.918292999267578
2021-02-08,24.989999771118164,20.062803268432617
2021-02-09,24.969999313354492,20.0467472076416
2021-02-10,24.920000076293945,20.006603240966797
2021-02-11,25.100000381469727,20.151113510131836
2021-02-12,25.1299991607666,20.17519760131836
2021-02-16,25.329999923706055,20.335765838623047
2021-02-17,25.190000534057617,20.223369598388672
2021-02-18,25.270000457763672,20.287599563598633
2021-02-19,25.290000915527344,20.303653717041016
2021-02-22,25.3799991607666,20.37590980529785
2021-02-23,25.6200008392334,20.568588256835938
2021-02-24,25.799999237060547,20.713096618652344
2021-02-25,25.229999542236328,20.255483627319336
2021-02-26,24.510000228881836,19.677438735961914
2021-03-01,25.3700008392334,20.367877960205078
2021-03-02,25.329999923706055,20.335765838623047
2021-03-03,25.170000076293945,20.207313537597656
2021-03-04,25.0,20.070829391479492
2021-03-05,25.149999618530273,20.191259384155273
2021-03-08,24.93000030517578,20.01463508605957
2021-03-09,25.200000762939453,20.23139762878418
2021-03-10,25.0,20.070829391479492
2021-03-11,25.190000534057617,20.223369598388672
2021-03-12,25.139999389648438,20.183229446411133
2021-03-15,25.219999313354492,20.247451782226562
2021-03-16,25.18000030517578,20.215341567993164
2021-03-17,25.229999542236328,20.255483627319336
2021-03-18,24.790000915527344,19.902238845825195
2021-03-19,24.68000030517578,19.813926696777344
2021-03-22,24.860000610351562,19.958433151245117
2021-03-23,24.549999237060547,19.709558486938477
2021-03-24,24.540000915527344,19.701534271240234
2021-03-25,24.6299991607666,19.773784637451172
2021-03-26,25.049999237060547,20.110973358154297
2021-03-29,24.940000534057617,20.022663116455078
2021-03-30,24.729999542236328,19.85406494140625
2021-03-31,24.790000915527344,19.902238845825195
2021-04-01,25.1299991607666,20.17519760131836
2021-04-05,25.489999771118164,20.464218139648438
2021-04-06,25.239999771118164,20.263511657714844
2021-04-07,25.309999465942383,20.319711685180664
2021-04-08,25.479999542236328,20.456193923950195
2021-04-09,25.520000457763672,20.488304138183594
2021-04-12,25.440000534057617,20.42407989501953
2021-04-13,25.549999237060547,20.51239013671875
2021-04-14,25.75,20.672958374023438
2021-04-15,26.229999542236328,21.05831527709961
2021-04-16,26.260000228881836,21.082401275634766
2021-04-19,26.1299991607666,20.9780330657959
2021-04-20,25.6299991607666,20.576618194580078
2021-04-21,26.09000015258789,20.945924758911133
2021-04-22,25.920000076293945,20.809436798095703
2021-04-23,26.239999771118164,21.066347122192383
2021-04-26,26.3799991607666,21.178739547729492
2021-04-27,26.229999542236328,21.05831527709961
2021-04-28,26.459999084472656,21.24296760559082
2021-04-29,26.329999923706055,21.138593673706055
2021-04-30,25.8799991607666,20.777324676513672
2021-05-03,26.219999313354492,21.0502872467041
2021-05-04,26.059999465942383,20.921833038330078
2021-05-05,26.420000076293945,21.210857391357422
2021-05-06,26.459999084472656,21.24296760559082
2021-05-07,26.760000228881836,21.483816146850586
2021-05-10,26.829999923706055,21.540016174316406
2021-05-11,26.600000381469727,21.355361938476562
2021-05-12,26.139999389648438,20.98606300354004
2021-05-13,26.25,21.07437515258789
2021-05-14,26.5,21.27507972717285
2021-05-17,26.450000762939453,21.234941482543945
2021-05-18,26.3700008392334,21.170711517333984
2021-05-19,25.90999984741211,20.801408767700195
2021-05-20,26.540000915527344,21.30719757080078
2021-05-21,26.299999237060547,21.114517211914062
2021-05-24,26.489999771118164,21.267051696777344
2021-05-25,26.549999237060547,21.315223693847656
2021-05-26,26.59000015258789,21.347333908081055
2021-05-27,26.739999771118164,21.467763900756836
2021-05-28,26.739999771118164,21.467763900756836
2021-06-01,26.860000610351562,21.564102172851562
2021-06-02,27.1200008392334,21.772838592529297
2021-06-03,26.940000534057617,21.62833023071289
2021-06-04,27.3799991607666,21.98157501220703
2021-06-07,27.329999923706055,21.941431045532227
2021-06-08,27.3700008392334,21.97354507446289
2021-06-09,27.110000610351562,21.764808654785156
2021-06-10,27.010000228881836,21.98950958251953
2021-06-11,26.989999771118164,21.973224639892578
2021-06-14,27.049999237060547,22.022071838378906
2021-06-15,27.010000228881836,21.98950958251953
2021-06-16,26.889999389648438,21.89181137084961
2021-06-17,26.670000076293945,21.712705612182617
2021-06-18,26.010000228881836,21.175382614135742
2021-06-21,26.360000610351562,21.460325241088867
2021-06-22,26.360000610351562,21.460325241088867
2021-06-23,26.1299991607666,21.273080825805664
2021-06-24,26.34000015258789,21.444042205810547
2021-06-25,26.360000610351562,21.460325241088867
2021-06-28,26.170000076293945,21.30564308166504
2021-06-29,26.190000534057617,21.32192611694336
2021-06-30,25.979999542236328,21.15096092224121
2021-07-01,25.889999389648438,21.077686309814453
2021-07-02,26.149999618530273,21.289363861083984
2021-07-06,25.799999237060547,21.004417419433594
2021-07-07,26.079999923706055,21.232370376586914
2021-07-08,25.68000030517578,20.906723022460938
2021-07-09,26.1200008392334,21.26494026184082
2021-07-12,26.079999923706055,21.232370376586914
2021-07-13,25.93000030517578,21.110252380371094
2021-07-14,26.030000686645508,21.191665649414062
2021-07-15,25.780000686645508,20.98813247680664
2021-07-16,25.600000381469727,20.84159278869629
2021-07-19,25.059999465942383,20.401962280273438
2021-07-20,25.3700008392334,20.654346466064453
2021-07-21,25.75,20.963708877563477
2021-07-22,25.709999084472656,20.93114471435547
2021-07-23,25.889999389648438,21.077686309814453
2021-07-26,25.920000076293945,21.102109909057617
2021-07-27,25.8700008392334,21.0614070892334
2021-07-28,25.799999237060547,21.004417419433594
2021-07-29,26.020000457763672,21.18352508544922
2021-07-30,25.770000457763672,20.979991912841797
2021-08-02,25.959999084472656,21.13467788696289
2021-08-03,26.170000076293945,21.30564308166504
2021-08-04,26.149999618530273,21.289363861083984
2021-08-05,26.34000015258789,21.444042205810547
2021-08-06,26.34000015258789,21.444042205810547
2021-08-09,26.239999771118164,21.362632751464844
2021-08-10,26.3799991607666,21.47661018371582
2021-08-11,26.510000228881836,21.58244514465332
2021-08-12,26.43000030517578,21.517314910888672
2021-08-13,26.610000610351562,21.66385841369629
2021-08-16,26.329999923706055,21.435901641845703
2021-08-17,25.690000534057617,20.914867401123047
2021-08-18,25.489999771118164,20.752037048339844
2021-08-19,25.280000686645508,20.581073760986328
2021-08-20,25.329999923706055,20.621776580810547
2021-08-23,25.579999923706055,20.82530975341797
2021-08-24,25.799999237060547,21.004417419433594
2021-08-25,25.8700008392334,21.0614070892334
2021-08-26,25.6299991607666,20.866012573242188
2021-08-27,26.010000228881836,21.175382614135742
2021-08-30,26.0,21.16724395751953
2021-08-31,25.920000076293945,21.102109909057617
2021-09-01,26.18000030517578,21.313785552978516
2021-09-02,26.399999618530273,21.49289321899414
2021-09-03,26.540000915527344,21.60687255859375
2021-09-07,26.399999618530273,21.49289321899414
2021-09-08,26.25,21.370773315429688
2021-09-09,25.989999771118164,21.159103393554688
2021-09-10,25.799999237060547,21.004417419433594
2021-09-13,26.010000228881836,21.175382614135742
2021-09-14,25.75,20.963708877563477
2021-09-15,26.0,21.16724395751953
2021-09-16,25.920000076293945,21.102109909057617
2021-09-17,25.440000534057617,20.711334228515625
2021-09-20,24.780000686645508,20.17401123046875
2021-09-21,25.06999969482422,20.410104751586914
2021-09-22,25.229999542236328,20.54036521911621
2021-09-23,25.610000610351562,20.8497314453125
2021-09-24,25.329999923706055,20.621776580810547
2021-09-27,25.479999542236328,20.743896484375
2021-09-28,24.729999542236328,20.133304595947266
2021-09-29,24.65999984741211,20.07631492614746
2021-09-30,24.81999969482422,20.206575393676758
2021-10-01,24.940000534057617,20.304269790649414
2021-10-04,25.049999237060547,20.393823623657227
2021-10-05,25.31999969482422,20.613636016845703
2021-10-06,25.1299991607666,20.458953857421875
2021-10-07,25.450000762939453,20.719472885131836
2021-10-08,25.469999313354492,20.735755920410156
2021-10-11,25.489999771118164,20.752037048339844
2021-10-12,25.639999389648438,20.87415313720703
2021-10-13,25.75,20.963708877563477
2021-10-14,26.040000915527344,21.19980812072754
2021-10-15,26.15999984741211,21.297500610351562
2021-10-18,26.030000686645508,21.191665649414062
2021-10-19,26.389999389648438,21.484752655029297
2021-10-20,26.6299991607666,21.680139541625977
2021-10-21,26.3799991607666,21.47661018371582
2021-10-22,26.540000915527344,21.60687255859375
2021-10-25,26.700000762939453,21.737133026123047
2021-10-26,26.649999618530273,21.696422576904297
2021-10-27,26.559999465942383,21.623149871826172
2021-10-28,26.850000381469727,21.859249114990234
2021-10-29,26.459999084472656,21.541738510131836
2021-11-01,26.469999313354492,21.54987907409668
2021-11-02,26.170000076293945,21.30564308166504
2021-11-03,26.3700008392334,21.468467712402344
2021-11-04,26.239999771118164,21.362632751464844
2021-11-05,26.43000030517578,21.517314910888672
2021-11-08,26.479999542236328,21.558019638061523
2021-11-09,26.280000686645508,21.395198822021484
2021-11-10,25.959999084472656,21.13467788696289
2021-11-11,25.84000015258789,21.036983489990234
2021-11-12,26.06999969482422,21.224231719970703
2021-11-15,26.09000015258789,21.24051284790039
2021-11-16,25.940000534057617,21.11839485168457
2021-11-17,25.520000457763672,20.776466369628906
2021-11-18,25.540000915527344,20.792749404907227
2021-11-19,25.329999923706055,20.621776580810547
2021-11-22,25.299999237060547,20.597352981567383
2021-11-23,25.6299991607666,20.866012573242188
2021-11-24,25.530000686645508,20.784603118896484
2021-11-26,24.559999465942383,19.994901657104492
2021-11-29,24.75,20.149585723876953
2021-11-30,24.459999084472656,19.91348648071289
2021-12-01,24.25,19.74252700805664
2021-12-02,24.65999984741211,20.07631492614746
2021-12-03,24.309999465942383,19.79136848449707
2021-12-06,24.65999984741211,20.07631492614746
2021-12-07,25.1299991607666,20.458953857421875
2021-12-08,25.350000381469727,20.6380615234375
2021-12-09,25.200000762939453,20.515941619873047
2021-12-10,25.239999771118164,20.548507690429688
2021-12-13,24.299999237060547,20.320215225219727
2021-12-14,24.200000762939453,20.236595153808594
2021-12-15,24.469999313354492,20.462377548217773
2021-12-16,24.329999923706055,20.345304489135742
2021-12-17,24.049999237060547,20.111162185668945
2021-12-20,24.06999969482422,20.127885818481445
2021-12-21,24.479999542236328,20.47073745727539
2021-12-22,24.84000015258789,20.771780014038086
2021-12-23,25.0,20.90557289123535
2021-12-27,25.170000076293945,21.047731399536133
2021-12-28,25.100000381469727,20.989194869995117
2021-12-29,25.209999084472656,21.081178665161133
2021-12-30,25.0,21.08877182006836
2021-12-31,24.829999923706055,20.945369720458984
2022-01-03,24.8700008392334,20.97911262512207
2022-01-04,25.25,21.299663543701172
2022-01-05,24.940000534057617,21.03816032409668
2022-01-06,24.5,20.6669979095459
2022-01-07,24.6200008392334,20.768224716186523
2022-01-10,24.43000030517578,20.60795021057129
2022-01-11,24.739999771118164,20.869449615478516
2022-01-12,24.969999313354492,21.063467025756836
2022-01-13,24.8799991607666,20.987546920776367
2022-01-14,24.600000381469727,20.751354217529297
2022-01-18,24.190000534057617,20.405498504638672
2022-01-19,24.299999237060547,20.4982852935791
2022-01-20,24.1200008392334,20.34644889831543
2022-01-21,23.440000534057617,19.772836685180664
2022-01-24,23.25,19.61255645751953
2022-01-25,23.190000534057617,19.561946868896484
2022-01-26,22.979999542236328,19.384798049926758
2022-01-27,22.469999313354492,18.954587936401367
2022-01-28,22.56999969482422,19.0389461517334
2022-01-31,22.84000015258789,19.266704559326172
2022-02-01,23.139999389648438,19.51976776123047
2022-02-02,23.280000686645508,19.63786506652832
2022-02-03,23.020000457763672,19.418542861938477
2022-02-04,23.110000610351562,19.494461059570312
2022-02-07,23.299999237060547,19.654735565185547
2022-02-08,23.739999771118164,20.025897979736328
2022-02-09,24.1200008392334,20.34644889831543
2022-02-10,23.899999618530273,20.160865783691406
2022-02-11,23.65999984741211,19.958412170410156
2022-02-14,23.709999084472656,20.000591278076172
2022-02-15,24.100000381469727,20.32957649230957
2022-02-16,24.360000610351562,20.548900604248047
2022-02-17,24.170000076293945,20.388628005981445
2022-02-18,23.979999542236328,20.228351593017578
2022-02-22,24.1200008392334,20.34644889831543
2022-02-23,23.969999313354492,20.21991539001465
2022-02-24,23.790000915527344,20.068078994750977
2022-02-25,24.219999313354492,20.430803298950195
2022-02-28,24.049999237060547,20.287399291992188
2022-03-01,23.84000015258789,20.11025619506836
2022-03-02,24.610000610351562,20.759790420532227
2022-03-03,24.3799991607666,20.565771102905273
2022-03-04,24.770000457763672,20.89475440979004
2022-03-07,24.290000915527344,20.489850997924805
2022-03-08,23.90999984741211,20.169301986694336
2022-03-09,24.420000076293945,20.59951400756836
2022-03-10,24.639999389648438,20.78509521484375
2022-03-11,24.3799991607666,20.565771102905273
2022-03-14,24.079999923706055,20.312705993652344
2022-03-15,24.309999465942383,20.506723403930664
2022-03-16,25.1200008392334,21.189998626708984
2022-03-17,25.3700008392334,21.400888442993164
2022-03-18,25.690000534057617,21.67082405090332
2022-03-21,25.690000534057617,21.67082405090332
2022-03-22,25.979999542236328,21.91545295715332
2022-03-23,26.0,21.93232536315918
2022-03-24,26.360000610351562,22.236003875732422
2022-03-25,26.5,22.354097366333008
2022-03-28,26.3700008392334,22.24443817138672
2022-03-29,26.68000030517578,22.505939483642578
2022-03-30,26.700000762939453,22.522811889648438
2022-03-31,26.43000030517578,22.2950496673584
2022-04-01,26.690000534057617,22.514375686645508
2022-04-04,26.8799991607666,22.674646377563477
2022-04-05,26.739999771118164,22.55655288696289
2022-04-06,26.559999465942383,22.404712677001953
2022-04-07,26.530000686645508,22.37940788269043
2022-04-08,26.540000915527344,22.387845993041992
2022-04-11,26.260000228881836,22.15164566040039
2022-04-12,26.360000610351562,22.236003875732422
2022-04-13,26.5,22.354097366333008
2022-04-14,26.389999389648438,22.261310577392578
2022-04-18,26.309999465942383,22.193824768066406
2022-04-19,26.639999389648438,22.472196578979492
2022-04-20,26.799999237060547,22.60716438293457
2022-04-21,26.280000686645508,22.168516159057617
2022-04-22,25.290000915527344,21.333404541015625
2022-04-25,24.860000610351562,20.970674514770508
2022-04-26,24.399999618530273,20.582643508911133
2022-04-27,24.6200008392334,20.768224716186523
2022-04-28,24.979999542236328,21.071901321411133
2022-04-29,24.579999923706055,20.73448371887207
2022-05-02,24.510000228881836,20.675430297851562
2022-05-03,24.790000915527344,20.91162872314453
2022-05-04,25.3700008392334,21.400888442993164
2022-05-05,24.450000762939453,20.624820709228516
2022-05-06,24.09000015258789,20.321142196655273
2022-05-09,23.290000915527344,19.646303176879883
2022-05-10,23.309999465942383,19.66317367553711
2022-05-11,23.239999771118164,19.604124069213867
2022-05-12,22.799999237060547,19.232959747314453
2022-05-13,23.6299991607666,19.93310546875
2022-05-16,23.719999313354492,20.0090274810791
2022-05-17,24.1200008392334,20.34644889831543
2022-05-18,23.520000457763672,19.84031867980957
2022-05-19,23.829999923706055,20.101818084716797
2022-05-20,24.040000915527344,20.27896499633789
2022-05-23,24.350000381469727,20.540462493896484
2022-05-24,24.31999969482422,20.515159606933594
2022-05-25,24.399999618530273,20.582643508911133
2022-05-26,24.43000030517578,20.60795021057129
2022-05-27,24.950000762939453,21.046594619750977
2022-05-31,24.68000030517578,20.818836212158203
2022-06-01,24.760000228881836,20.886320114135742
2022-06-02,25.34000015258789,21.375579833984375
2022-06-03,24.979999542236328,21.071901321411133
2022-06-06,24.940000534057617,21.03816032409668
2022-06-07,24.8799991607666,20.987546920776367
2022-06-08,24.450000762939453,20.624820709228516
2022-06-09,23.010000228881836,20.018436431884766
2022-06-10,22.3799991607666,19.470340728759766
2022-06-13,21.40999984741211,18.626455307006836
2022-06-14,21.239999771118164,18.47855567932129
2022-06-15,21.670000076293945,18.852649688720703
2022-06-16,21.18000030517578,18.42635726928711
2022-06-17,20.809999465942383,18.104461669921875
2022-06-21,21.309999465942383,18.539459228515625
2022-06-22,21.06999969482422,18.330659866333008
2022-06-23,21.040000915527344,18.3045597076416
2022-06-24,21.610000610351562,18.800453186035156
2022-06-27,21.559999465942383,18.756954193115234
2022-06-28,21.520000457763672,18.722152709960938
2022-06-29,21.459999084472656,18.669954299926758
2022-06-30,21.219999313354492,18.461156845092773
2022-07-01,21.09000015258789,18.348060607910156
2022-07-05,20.81999969482422,18.113162994384766
2022-07-06,20.969999313354492,18.243661880493164
2022-07-07,21.40999984741211,18.626455307006836
2022-07-08,21.31999969482422,18.54815673828125
2022-07-11,20.75,18.052265167236328
2022-07-12,20.84000015258789,18.13055992126465
2022-07-13,20.8700008392334,18.156661987304688
2022-07-14,20.65999984741211,17.973966598510742
2022-07-15,21.06999969482422,18.330659866333008
2022-07-18,21.059999465942383,18.32196044921875
2022-07-19,21.559999465942383,18.756954193115234
2022-07-20,21.549999237060547,18.748252868652344
2022-07-21,21.75,18.922252655029297
2022-07-22,21.75,18.922252655029297
2022-07-25,22.020000457763672,19.157150268554688
2022-07-26,21.739999771118164,18.91355323791504
2022-07-27,22.350000381469727,19.444244384765625
2022-07-28,22.450000762939453,19.531246185302734
2022-07-29,22.739999771118164,19.783540725708008
2022-08-01,22.729999542236328,19.774843215942383
2022-08-02,22.440000534057617,19.522546768188477
2022-08-03,22.549999237060547,19.618242263793945
2022-08-04,22.540000915527344,19.609542846679688
2022-08-05,22.3799991607666,19.470340728759766
2022-08-08,22.59000015258789,19.653045654296875
2022-08-09,22.40999984741211,19.496444702148438
2022-08-10,23.020000457763672,20.02713966369629
2022-08-11,23.040000915527344,20.044540405273438
2022-08-12,23.25,20.22723388671875
2022-08-15,22.979999542236328,19.992340087890625
2022-08-16,23.100000381469727,20.096736907958984
2022-08-17,22.809999465942383,19.844440460205078
2022-08-18,22.90999984741211,19.931438446044922
2022-08-19,22.600000381469727,19.661741256713867
2022-08-22,22.3700008392334,19.461645126342773
2022-08-23,22.420000076293945,19.505146026611328
2022-08-24,22.479999542236328,19.557340621948242
2022-08-25,22.8700008392334,19.89664077758789
2022-08-26,22.440000534057617,19.522546768188477
2022-08-29,22.360000610351562,19.452945709228516
2022-08-30,22.049999237060547,19.18324851989746
2022-08-31,21.90999984741211,19.061450958251953
2022-09-01,21.729999542236328,18.90485191345215
2022-09-02,21.770000457763672,18.939651489257812
2022-09-06,21.469999313354492,18.67865562438965
2022-09-07,21.459999084472656,18.669954299926758
2022-09-08,21.65999984741211,18.843952178955078
2022-09-09,22.350000381469727,19.444244384765625
2022-09-12,22.59000015258789,19.653045654296875
2022-09-13,21.6200008392334,18.80915641784668
2022-09-14,21.579999923706055,18.77435302734375
2022-09-15,21.40999984741211,18.626455307006836
2022-09-16,21.239999771118164,18.47855567932129
2022-09-19,21.440000534057617,18.652555465698242
2022-09-20,21.200000762939453,18.44375991821289
2022-09-21,20.770000457763672,18.069664001464844
2022-09-22,20.729999542236328,18.034860610961914
2022-09-23,19.950000762939453,17.35627555847168
2022-09-26,19.790000915527344,17.217073440551758
2022-09-27,19.6200008392334,17.069177627563477
2022-09-28,20.190000534057617,17.565067291259766
2022-09-29,20.0,17.39977264404297
2022-09-30,19.6200008392334,17.069177627563477
2022-10-03,20.18000030517578,17.556371688842773
2022-10-04,20.84000015258789,18.13055992126465
2022-10-05,20.780000686645508,18.078365325927734
2022-10-06,20.459999084472656,17.799968719482422
2022-10-07,20.139999389648438,17.52157211303711
2022-10-10,19.899999618530273,17.31277084350586
2022-10-11,19.6200008392334,17.069177627563477
2022-10-12,19.6200008392334,17.069177627563477
2022-10-13,20.09000015258789,17.478071212768555
2022-10-14,19.579999923706055,17.034378051757812
2022-10-17,19.969999313354492,17.373672485351562
2022-10-18,20.06999969482422,17.46067237854004
2022-10-19,19.940000534057617,17.34757423400879
2022-10-20,19.920000076293945,17.33017349243164
2022-10-21,20.399999618530273,17.747766494750977
2022-10-24,20.239999771118164,17.60856819152832
2022-10-25,20.639999389648438,17.95656394958496
2022-10-26,20.8700008392334,18.156661987304688
2022-10-27,20.760000228881836,18.060964584350586
2022-10-28,20.790000915527344,18.08706283569336
2022-10-31,20.719999313354492,18.026165008544922
2022-11-01,21.010000228881836,18.278459548950195
2022-11-02,20.6299991607666,17.947864532470703
2022-11-03,20.31999969482422,17.67816734313965
2022-11-04,21.329999923706055,18.556856155395508
2022-11-07,21.280000686645508,18.51336097717285
2022-11-08,21.489999771118164,18.696054458618164
2022-11-09,21.049999237060547,18.313261032104492
2022-11-10,22.329999923706055,19.42684555053711
2022-11-11,22.799999237060547,19.835739135742188
2022-11-14,22.520000457763672,19.592140197753906
2022-11-15,22.8799991607666,19.905338287353516
2022-11-16,22.719999313354492,19.76613998413086
2022-11-17,22.68000030517578,19.731338500976562
2022-11-18,22.760000228881836,19.800941467285156
2022-11-21,22.510000228881836,19.583444595336914
2022-11-22,22.860000610351562,19.887939453125
2022-11-23,23.170000076293945,20.15763282775879
2022-11-25,23.270000457763672,20.24463653564453
2022-11-28,22.850000381469727,19.879241943359375
2022-11-29,23.06999969482422,20.070636749267578
2022-11-30,23.690000534057617,20.610031127929688
2022-12-01,23.729999542236328,20.64483070373535
2022-12-02,23.639999389648438,20.566530227661133
2022-12-05,23.18000030517578,20.166337966918945
2022-12-06,23.059999465942383,20.061935424804688
2022-12-07,23.100000381469727,20.096736907958984
2022-12-08,23.200000762939453,20.183734893798828
2022-12-09,23.170000076293945,20.15763282775879
2022-12-12,23.219999313354492,20.201135635375977
2022-12-13,23.100000381469727,20.475919723510742
2022-12-14,23.040000915527344,20.422739028930664
2022-12-15,22.299999237060547,19.766799926757812
2022-12-16,22.209999084472656,19.68701934814453
2022-12-19,22.190000534057617,19.669294357299805
2022-12-20,22.049999237060547,19.545196533203125
2022-12-21,22.399999618530273,19.855438232421875
2022-12-22,22.030000686645508,19.527467727661133
2022-12-23,22.31999969482422,19.78452491760254
2022-12-27,22.40999984741211,19.864301681518555
2022-12-28,22.110000610351562,19.59838104248047
2022-12-29,22.350000381469727,19.81111717224121
2022-12-30,22.229999542236328,19.704748153686523
2023-01-03,21.969999313354492,19.474281311035156
2023-01-04,22.549999237060547,19.9883975982666
2023-01-05,22.229999542236328,19.704748153686523
2023-01-06,23.020000457763672,20.405010223388672
2023-01-09,23.010000228881836,20.396142959594727
2023-01-10,23.040000915527344,20.422739028930664
2023-01-11,23.360000610351562,20.706384658813477
2023-01-12,23.829999923706055,21.122995376586914
2023-01-13,24.010000228881836,21.282546997070312
2023-01-17,24.1299991607666,21.388914108276367
2023-01-18,23.860000610351562,21.149587631225586
2023-01-19,24.059999465942383,21.32686996459961
2023-01-20,24.3799991607666,21.610517501831055
2023-01-23,24.549999237060547,21.761205673217773
2023-01-24,24.6200008392334,21.823251724243164
2023-01-25,24.860000610351562,22.035991668701172
2023-01-26,25.020000457763672,22.17781639099121
2023-01-27,24.940000534057617,22.106901168823242
2023-01-30,24.690000534057617,21.885303497314453
2023-01-31,24.860000610351562,22.035991668701172
2023-02-01,25.1200008392334,22.266456604003906
2023-02-02,24.940000534057617,22.106901168823242
2023-02-03,24.530000686645508,21.74347496032715
2023-02-06,24.299999237060547,21.53960418701172
2023-02-07,24.540000915527344,21.752342224121094
2023-02-08,24.350000381469727,21.58392333984375
2023-02-09,24.280000686645508,21.52187728881836
2023-02-10,24.170000076293945,21.42437171936035
2023-02-13,24.469999313354492,21.690292358398438
2023-02-14,24.43000030517578,21.654836654663086
2023-02-15,23.940000534057617,21.220497131347656
2023-02-16,23.84000015258789,21.131860733032227
2023-02-17,23.690000534057617,20.998899459838867
2023-02-21,23.459999084472656,20.795024871826172
2023-02-22,23.350000381469727,20.69752311706543
2023-02-23,23.360000610351562,20.706384658813477
2023-02-24,22.920000076293945,20.316368103027344
2023-02-27,23.010000228881836,20.396142959594727
2023-02-28,22.8799991607666,20.28091049194336
2023-03-01,23.09000015258789,20.467052459716797
2023-03-02,23.100000381469727,20.475919723510742
2023-03-03,23.479999542236328,20.81275177001953
2023-03-06,23.25,20.60887908935547
2023-03-07,22.739999771118164,20.156814575195312
2023-03-08,22.920000076293945,20.316368103027344
2023-03-09,22.649999618530273,20.077037811279297
2023-03-10,22.25,19.722476959228516
2023-03-13,22.110000610351562,19.59838104248047
2023-03-14,22.420000076293945,19.873167037963867
2023-03-15,21.84000015258789,19.359050750732422
2023-03-16,22.100000381469727,19.58951759338379
2023-03-17,21.969999313354492,19.474281311035156
2023-03-20,22.18000030517578,19.66042709350586
2023-03-21,22.260000228881836,19.731340408325195
2023-03-22,22.139999389648438,19.62497329711914
2023-03-23,22.040000915527344,19.536333084106445
2023-03-24,22.020000457763672,19.518606185913086
2023-03-27,22.139999389648438,19.62497329711914
2023-03-28,22.350000381469727,19.81111717224121
2023-03-29,22.559999465942383,19.997262954711914
2023-03-30,22.850000381469727,20.254322052001953
2023-03-31,22.940000534057617,20.334095001220703
2023-04-03,23.329999923706055,20.679792404174805
2023-04-04,23.149999618530273,20.520240783691406
2023-04-05,23.09000015258789,20.467052459716797
2023-04-06,23.09000015258789,20.467052459716797
2023-04-10,23.049999237060547,20.431598663330078
2023-04-11,23.25,20.60887908935547
2023-04-12,23.3799991607666,20.72411346435547
2023-04-13,23.690000534057617,20.998899459838867
2023-04-14,23.459999084472656,20.795024871826172
2023-04-17,23.450000762939453,20.786163330078125
2023-04-18,23.549999237060547,20.87480354309082
2023-04-19,23.479999542236328,20.81275177001953
2023-04-20,23.5,20.830482482910156
2023-04-21,23.25,20.60887908935547
2023-04-24,23.329999923706055,20.679792404174805
2023-04-25,22.90999984741211,20.30750274658203
2023-04-26,22.84000015258789,20.245458602905273
2023-04-27,23.1200008392334,20.493650436401367
2023-04-28,23.139999389648438,20.511377334594727
2023-05-01,23.06999969482422,20.44932746887207
2023-05-02,22.850000381469727,20.254322052001953
2023-05-03,22.68000030517578,20.103628158569336
2023-05-04,22.65999984741211,20.085901260375977
2023-05-05,23.299999237060547,20.653200149536133
2023-05-08,23.309999465942383,20.662063598632812
2023-05-09,23.170000076293945,20.537965774536133
2023-05-10,23.239999771118164,20.600017547607422
2023-05-11,22.979999542236328,20.36955451965332
2023-05-12,22.889999389648438,20.28977394104004
2023-05-15,23.149999618530273,20.520240783691406
2023-05-16,22.729999542236328,20.147953033447266
2023-05-17,22.920000076293945,20.316368103027344
2023-05-18,22.81999969482422,20.22772789001465
2023-05-19,23.0,20.387279510498047
2023-05-22,23.0,20.387279510498047
2023-05-23,22.719999313354492,20.13908576965332
2023-05-24,22.280000686645508,19.74907112121582
2023-05-25,22.059999465942383,19.554058074951172
2023-05-26,22.420000076293945,19.873167037963867
2023-05-30,22.25,19.722476959228516
2023-05-31,21.8700008392334,19.38564109802246
2023-06-01,22.3700008392334,19.828845977783203
2023-06-02,22.709999084472656,20.13022232055664
2023-06-05,22.549999237060547,19.9883975982666
2023-06-06,22.700000762939453,20.121360778808594
2023-06-07,22.049999237060547,19.910961151123047
2023-06-08,22.3799991607666,20.208946228027344
2023-06-09,22.360000610351562,20.190889358520508
2023-06-12,22.450000762939453,20.272159576416016
2023-06-13,22.729999542236328,20.52499771118164
2023-06-14,22.809999465942383,20.59723663330078
2023-06-15,23.229999542236328,20.976490020751953
2023-06-16,23.329999923706055,21.066791534423828
2023-06-20,23.290000915527344,21.030670166015625
2023-06-21,23.209999084472656,20.95842933654785
2023-06-22,22.719999313354492,20.51596450805664
2023-06-23,22.15999984741211,20.010292053222656
2023-06-26,22.18000030517578,20.028348922729492
2023-06-27,22.360000610351562,20.190889358520508
2023-06-28,22.219999313354492,20.064470291137695
2023-06-29,22.34000015258789,20.172828674316406
2023-06-30,22.549999237060547,20.362457275390625
2023-07-03,22.670000076293945,20.470815658569336
2023-07-05,22.479999542236328,20.299245834350586
2023-07-06,21.920000076293945,19.7935733795166
2023-07-07,22.100000381469727,19.956111907958984
2023-07-10,21.989999771118164,19.856782913208008
2023-07-11,22.299999237060547,20.13671112060547
2023-07-12,22.829999923706055,20.61529541015625
2023-07-13,23.43000030517578,21.15709114074707
2023-07-14,23.299999237060547,21.039701461791992
2023-07-17,23.200000762939453,20.94940185546875
2023-07-18,23.290000915527344,21.030670166015625
2023-07-19,23.190000534057617,20.940372467041016
2023-07-20,23.219999313354492,20.96746253967285
2023-07-21,23.139999389648438,20.89522361755371
2023-07-24,23.18000030517578,20.93134307861328
2023-07-25,23.399999618530273,21.1299991607666
2023-07-26,23.469999313354492,21.193208694458008
2023-07-27,23.25,20.994548797607422
2023-07-28,23.1299991607666,20.886192321777344
2023-07-31,23.360000610351562,21.09387969970703
2023-08-01,22.899999618530273,20.678503036499023
2023-08-02,22.34000015258789,20.172828674316406
2023-08-03,22.34000015258789,20.172828674316406
2023-08-04,22.469999313354492,20.290218353271484
2023-08-07,22.559999465942383,20.37148666381836
2023-08-08,22.40999984741211,20.236040115356445
2023-08-09,22.450000762939453,20.272159576416016
2023-08-10,22.440000534057617,20.26312828063965
2023-08-11,22.25,20.0915584564209
2023-08-14,22.139999389648438,19.992231369018555
2023-08-15,21.8700008392334,19.748422622680664
2023-08-16,21.6299991607666,19.53170394897461
2023-08-17,21.440000534057617,19.360136032104492
2023-08-18,21.459999084472656,19.37819480895996
2023-08-21,21.510000228881836,19.42334747314453
2023-08-22,21.399999618530273,19.324016571044922
2023-08-23,21.75,19.640064239501953
2023-08-24,21.360000610351562,19.28789710998535
2023-08-25,21.520000457763672,19.432374954223633
2023-08-28,21.709999084472656,19.603944778442383
2023-08-29,22.1200008392334,19.974172592163086
2023-08-30,22.25,20.0915584564209
2023-08-31,22.209999084472656,20.055438995361328
2023-09-01,22.25,20.0915584564209
2023-09-05,22.049999237060547,19.910961151123047
2023-09-06,21.860000610351562,19.739395141601562
2023-09-07,21.75,19.640064239501953
2023-09-08,21.700000762939453,19.59491729736328
2023-09-11,22.049999237060547,19.910961151123047
2023-09-12,22.0,19.865814208984375
2023-09-13,21.899999618530273,19.775514602661133
2023-09-14,22.329999923706055,20.163799285888672
2023-09-15,22.239999771118164,20.082529067993164
2023-09-18,22.170000076293945,20.019319534301758
2023-09-19,22.15999984741211,20.010292053222656
2023-09-20,22.049999237060547,19.910961151123047
2023-09-21,21.350000381469727,19.278867721557617
2023-09-22,21.639999389648438,19.540733337402344
2023-09-25,21.6200008392334,19.522676467895508
2023-09-26,21.34000015258789,19.26983642578125
2023-09-27,21.25,19.188568115234375
2023-09-28,21.6299991607666,19.53170394897461
2023-09-29,21.510000228881836,19.42334747314453
2023-10-02,21.06999969482422,19.026029586791992
2023-10-03,20.790000915527344,18.773191452026367
2023-10-04,20.899999618530273,18.872520446777344
2023-10-05,21.09000015258789,19.044090270996094
2023-10-06,21.420000076293945,19.342077255249023
2023-10-09,21.459999084472656,19.37819480895996
2023-10-10,21.729999542236328,19.622005462646484
2023-10-11,21.729999542236328,19.622005462646484
2023-10-12,21.219999313354492,19.16147804260254
2023-10-13,21.15999984741211,19.1072998046875
2023-10-16,21.489999771118164,19.40528678894043
2023-10-17,21.579999923706055,19.486555099487305
2023-10-18,21.229999542236328,19.170507431030273
2023-10-19,20.989999771118164,18.95378875732422
2023-10-20,20.6299991607666,18.628711700439453
2023-10-23,20.670000076293945,18.664833068847656
2023-10-24,20.920000076293945,18.890581130981445
2023-10-25,20.649999618530273,18.646774291992188
2023-10-26,20.610000610351562,18.610652923583984
2023-10-27,20.549999237060547,18.556472778320312
2023-10-30,20.799999237060547,18.7822208404541
2023-10-31,20.739999771118164,18.728042602539062
2023-11-01,21.1200008392334,19.071178436279297
2023-11-02,21.549999237060547,19.45946502685547
2023-11-03,21.809999465942383,19.694242477416992
2023-11-06,21.719999313354492,19.612974166870117
2023-11-07,21.469999313354492,19.387226104736328
2023-11-08,21.520000457763672,19.432374954223633
2023-11-09,21.399999618530273,19.324016571044922
2023-11-10,21.3799991607666,19.30595588684082
2023-11-13,21.489999771118164,19.40528678894043
2023-11-14,22.190000534057617,20.037382125854492
2023-11-15,22.190000534057617,20.037382125854492
2023-11-16,21.979999542236328,19.84775161743164
2023-11-17,22.209999084472656,20.055438995361328
2023-11-20,22.360000610351562,20.190889358520508
2023-11-21,22.329999923706055,20.163799285888672
2023-11-22,22.25,20.0915584564209
2023-11-24,22.450000762939453,20.272159576416016
2023-11-27,22.260000228881836,20.100589752197266
2023-11-28,22.510000228881836,20.326339721679688
2023-11-29,22.399999618530273,20.227008819580078
2023-11-30,22.450000762939453,20.272159576416016
2023-12-01,22.93000030517578,20.705595016479492
2023-12-04,22.549999237060547,20.362457275390625
2023-12-05,22.34000015258789,20.172828674316406
2023-12-06,22.540000915527344,20.35342788696289
2023-12-07,22.739999771118164,20.534025192260742
2023-12-08,22.81999969482422,20.606264114379883
2023-12-11,22.809999465942383,20.59723663330078
2023-12-12,22.8700008392334,20.651416778564453
2023-12-13,23.6200008392334,21.328657150268555
2023-12-14,23.989999771118164,21.662765502929688
2023-12-15,23.829999923706055,21.518285751342773
2023-12-18,24.0,21.671796798706055
2023-12-19,24.520000457763672,22.1413516998291
2023-12-20,23.700000762939453,21.835472106933594
2023-12-21,24.18000030517578,22.277708053588867
2023-12-22,24.239999771118164,22.332984924316406
2023-12-26,24.440000534057617,22.517253875732422
2023-12-27,24.559999465942383,22.627811431884766
2023-12-28,24.489999771118164,22.56332015991211
2023-12-29,24.34000015258789,22.425119400024414
2024-01-02,24.149999618530273,22.25006675720215
2024-01-03,23.899999618530273,22.019733428955078
2024-01-04,23.81999969482422,21.946027755737305
2024-01-05,23.799999237060547,21.927600860595703
2024-01-08,23.969999313354492,22.084228515625
2024-01-09,23.719999313354492,21.853897094726562
2024-01-10,23.68000030517578,21.817041397094727
2024-01-11,23.65999984741211,21.798614501953125
2024-01-12,23.709999084472656,21.844680786132812
2024-01-16,23.100000381469727,21.282672882080078
2024-01-17,22.850000381469727,21.052343368530273
2024-01-18,23.059999465942383,21.245817184448242
2024-01-19,23.280000686645508,21.448511123657227
2024-01-22,23.280000686645508,21.448511123657227
2024-01-23,23.479999542236328,21.632776260375977
2024-01-24,23.5,21.65120506286621
2024-01-25,23.639999389648438,21.780189514160156
2024-01-26,23.690000534057617,21.826257705688477
2024-01-29,23.860000610351562,21.982881546020508
2024-01-30,23.799999237060547,21.927600860595703
2024-01-31,23.6200008392334,21.761762619018555
2024-02-01,23.739999771118164,21.87232208251953
2024-02-02,23.600000381469727,21.743337631225586
2024-02-05,23.360000610351562,21.522216796875
2024-02-06,23.6299991607666,21.770973205566406
2024-02-07,23.549999237060547,21.6972713470459
2024-02-08,23.520000457763672,21.669631958007812
2024-02-09,23.649999618530273,21.789403915405273
2024-02-12,23.6299991607666,21.770973205566406
2024-02-13,22.979999542236328,21.172115325927734
2024-02-14,23.3700008392334,21.531431198120117
2024-02-15,23.75,21.88153648376465
2024-02-16,23.729999542236328,21.863109588623047
2024-02-20,23.75,21.88153648376465
2024-02-21,23.6299991607666,21.770973205566406
2024-02-22,23.860000610351562,21.982881546020508
2024-02-23,23.90999984741211,22.028947830200195
2024-02-26,23.829999923706055,21.955242156982422
2024-02-27,23.989999771118164,22.1026554107666
2024-02-28,23.709999084472656,21.844680786132812
2024-02-29,23.920000076293945,22.038164138793945
2024-03-01,24.190000534057617,22.286922454833984
2024-03-04,24.020000457763672,22.130294799804688
2024-03-05,23.950000762939453,22.0658016204834
2024-03-06,24.3700008392334,22.4527587890625
2024-03-07,24.760000228881836,22.81207847595215
2024-03-08,24.770000457763672,22.8212890625
2024-03-11,24.40999984741211,22.489614486694336
2024-03-12,24.40999984741211,22.489614486694336
2024-03-13,24.59000015258789,22.655452728271484
2024-03-14,24.1200008392334,22.222429275512695
2024-03-15,24.030000686645508,22.139507293701172
2024-03-18,24.079999923706055,22.185571670532227
2024-03-19,24.1200008392334,22.222429275512695
2024-03-20,24.420000076293945,22.498825073242188
2024-03-21,24.420000076293945,22.498825073242188
2024-03-22,24.260000228881836,22.351415634155273
2024-03-25,24.360000610351562,22.443546295166016
2024-03-26,24.280000686645508,22.369840621948242
2024-03-27,24.65999984741211,22.71994400024414
2024-03-28,24.65999984741211,22.71994400024414
2024-04-01,24.579999923706055,22.646238327026367
2024-04-02,24.520000457763672,22.590957641601562
2024-04-03,24.56999969482422,22.63702392578125
2024-04-04,24.43000030517578,22.508039474487305
2024-04-05,24.559999465942383,22.627811431884766
2024-04-08,24.700000762939453,22.756797790527344
2024-04-09,24.850000381469727,22.894996643066406
2024-04-10,24.290000915527344,22.37905502319336
2024-04-11,24.350000381469727,22.4343318939209
2024-04-12,23.899999618530273,22.019733428955078
2024-04-15,23.729999542236328,21.863109588623047
2024-04-16,23.239999771118164,21.411657333374023
2024-04-17,23.5,21.65120506286621
2024-04-18,23.299999237060547,21.46693992614746
2024-04-19,23.360000610351562,21.522216796875
2024-04-22,23.649999618530273,21.789403915405273
2024-04-23,23.860000610351562,21.982881546020508
2024-04-24,23.719999313354492,21.853897094726562
2024-04-25,23.579999923706055,21.724910736083984
2024-04-26,23.719999313354492,21.853897094726562
2024-04-29,23.93000030517578,22.047372817993164
2024-04-30,23.34000015258789,21.50379180908203
2024-05-01,23.389999389648438,21.54985809326172
2024-05-02,23.81999969482422,21.946027755737305
2024-05-03,24.15999984741211,22.259279251098633
2024-05-06,24.420000076293945,22.498825073242188
2024-05-07,24.6299991607666,22.692304611206055
2024-05-08,24.5,22.57253074645996
2024-05-09,24.489999771118164,22.56332015991211
2024-05-10,24.479999542236328,22.55410385131836
2024-05-13,24.520000457763672,22.590957641601562
2024-05-14,24.65999984741211,22.71994400024414
2024-05-15,25.020000457763672,23.05162239074707
2024-05-16,25.1299991607666,23.15296745300293
2024-05-17,25.239999771118164,23.25431251525879
2024-05-20,25.09000015258789,23.116113662719727
2024-05-21,25.1200008392334,23.143756866455078
2024-05-22,24.639999389648438,22.70151710510254
2024-05-23,24.5,22.57253074645996
2024-05-24,24.709999084472656,22.766010284423828
2024-05-28,24.6200008392334,22.683090209960938
2024-05-29,24.200000762939453,22.296131134033203
2024-05-30,24.43000030517578,22.508039474487305
2024-05-31,24.649999618530273,22.710729598999023
2024-06-03,24.809999465942383,22.858142852783203
2024-06-04,24.649999618530273,22.710729598999023
2024-06-05,24.950000762939453,22.98712921142578
2024-06-06,25.100000381469727,23.125328063964844
2024-06-07,24.739999771118164,22.793649673461914
2024-06-10,24.770000457763672,22.8212890625
2024-06-11,24.049999237060547,22.5855712890625
2024-06-12,24.399999618530273,22.914260864257812
2024-06-13,24.260000228881836,22.78278923034668
2024-06-14,24.09000015258789,22.623138427734375
2024-06-17,24.15999984741211,22.688875198364258
2024-06-18,24.43000030517578,22.94243621826172
2024-06-20,24.459999084472656,22.97060775756836
2024-06-21,24.3700008392334,22.88608741760254
2024-06-24,24.459999084472656,22.97060775756836
2024-06-25,24.520000457763672,23.026954650878906
2024-06-26,24.239999771118164,22.76400375366211
2024-06-27,24.459999084472656,22.97060775756836
2024-06-28,24.43000030517578,22.94243621826172
2024-07-01,24.34000015258789,22.8579158782959
2024-07-02,24.420000076293945,22.93304443359375
2024-07-03,24.790000915527344,23.280515670776367
2024-07-05,24.950000762939453,23.43077278137207
2024-07-08,24.729999542236328,23.224166870117188
2024-07-09,24.770000457763672,23.261730194091797
2024-07-10,25.139999389648438,23.609203338623047
2024-07-11,25.260000228881836,23.72189712524414
2024-07-12,25.6299991607666,24.069366455078125
2024-07-15,25.540000915527344,23.984848022460938
2024-07-16,25.59000015258789,24.031801223754883
2024-07-17,25.40999984741211,23.862764358520508
2024-07-18,25.110000610351562,23.581029891967773
2024-07-19,24.950000762939453,23.43077278137207
2024-07-22,25.030000686645508,23.505903244018555
2024-07-23,24.889999389648438,23.374425888061523
2024-07-24,24.450000762939453,22.961217880249023
2024-07-25,24.329999923706055,22.84852409362793
2024-07-26,24.68000030517578,23.177213668823242
2024-07-29,24.510000228881836,23.017562866210938
2024-07-30,24.670000076293945,23.16781997680664
2024-07-31,25.020000457763672,23.496509552001953
2024-08-01,24.43000030517578,22.94243621826172
2024-08-02,24.020000457763672,22.557401657104492
2024-08-05,23.209999084472656,21.796720504760742
2024-08-06,23.610000610351562,22.172367095947266
2024-08-07,23.559999465942383,22.125410079956055
2024-08-08,24.110000610351562,22.641921997070312
2024-08-09,24.290000915527344,22.810962677001953
2024-08-12,24.25,22.773395538330078
2024-08-13,24.6299991607666,23.13025665283203
2024-08-14,24.479999542236328,22.989389419555664
2024-08-15,24.700000762939453,23.195995330810547
2024-08-16,24.950000762939453,23.43077278137207
2024-08-19,25.399999618530273,23.85337257385254
2024-08-20,25.260000228881836,23.72189712524414
2024-08-21,25.530000686645508,23.97545623779297
2024-08-22,25.270000457763672,23.731287002563477
2024-08-23,25.899999618530273,24.322925567626953
2024-08-26,25.8700008392334,24.29475212097168
2024-08-27,25.81999969482422,24.2477970123291
2024-08-28,25.790000915527344,24.219623565673828
2024-08-29,26.049999237060547,24.46379280090332
2024-08-30,25.8700008392334,24.29475212097168
2024-09-03,25.5,23.947280883789062
2024-09-04,25.469999313354492,23.91910743713379
2024-09-05,25.579999923706055,24.022411346435547
2024-09-06,25.1200008392334,23.590421676635742
2024-09-09,25.559999465942383,24.00362777709961
2024-09-10,25.450000762939453,23.900327682495117
2024-09-11,25.610000610351562,24.050582885742188
2024-09-12,26.049999237060547,24.46379280090332
2024-09-13,25.959999084472656,24.379270553588867
2024-09-16,26.350000381469727,24.745525360107422
2024-09-17,26.200000762939453,24.604660034179688
2024-09-18,26.149999618530273,24.557703018188477
2024-09-19,26.81999969482422,25.186908721923828
2024-09-20,26.510000228881836,24.895782470703125
2024-09-23,26.649999618530273,25.02725601196289
2024-09-24,26.8799991607666,25.24325180053711
2024-09-25,26.440000534057617,24.830045700073242
2024-09-26,26.969999313354492,25.327774047851562
2024-09-27,27.049999237060547,25.40290069580078
2024-09-30,27.110000610351562,25.45924949645996
2024-10-01,26.90999984741211,25.271425247192383
2024-10-02,26.899999618530273,25.26203155517578
2024-10-03,26.6299991607666,25.008474349975586
2024-10-04,26.459999084472656,24.848825454711914
2024-10-07,26.3700008392334,24.764307022094727
2024-10-08,26.290000915527344,24.689178466796875
2024-10-09,26.219999313354492,24.62343978881836
2024-10-10,26.31999969482422,24.71735191345215
2024-10-11,26.5,24.886390686035156
2024-10-14,26.530000686645508,24.91456413269043
2024-10-15,26.3700008392334,24.764307022094727
2024-10-16,26.459999084472656,24.848825454711914
2024-10-17,26.459999084472656,24.848825454711914
2024-10-18,26.559999465942383,24.94273567199707
2024-10-21,26.209999084472656,24.61404800415039
2024-10-22,26.139999389648438,24.548311233520508
2024-10-23,25.84000015258789,24.266578674316406
2024-10-24,25.989999771118164,24.40744400024414
2024-10-25,25.790000915527344,24.219623565673828
2024-10-28,25.899999618530273,24.322925567626953
2024-10-29,25.719999313354492,24.153884887695312
2024-10-30,25.579999923706055,24.022411346435547
2024-10-31,25.350000381469727,23.806415557861328
2024-11-01,25.450000762939453,23.900327682495117
2024-11-04,25.479999542236328,23.928499221801758
2024-11-05,25.8700008392334,24.29475212097168
2024-11-06,25.709999084472656,24.144495010375977
2024-11-07,26.469999313354492,24.858217239379883
2024-11-08,25.940000534057617,24.360490798950195
2024-11-11,25.93000030517578,24.351099014282227
2024-11-12,25.5,23.947280883789062
2024-11-13,25.510000228881836,23.95667266845703
2024-11-14,25.559999465942383,24.00362777709961
2024-11-15,25.56999969482422,24.013019561767578
2024-11-18,25.920000076293945,24.341707229614258
2024-11-19,26.139999389648438,24.548311233520508
2024-11-20,25.979999542236328,24.398056030273438
2024-11-21,26.239999771118164,24.642223358154297
2024-11-22,26.31999969482422,24.71735191345215
2024-11-25,26.31999969482422,24.71735191345215
2024-11-26,25.969999313354492,24.38866424560547
2024-11-27,26.25,24.6516170501709
2024-11-29,26.43000030517578,24.820653915405273
2024-12-02,26.360000610351562,24.754915237426758
2024-12-03,26.290000915527344,24.689178466796875
2024-12-04,26.1299991607666,24.53891944885254
2024-12-05,26.09000015258789,24.50135612487793
2024-12-06,25.700000762939453,24.13510513305664
2024-12-09,26.020000457763672,24.435619354248047
2024-12-10,25.579999923706055,24.022411346435547
2024-12-11,25.6299991607666,24.069366455078125
2024-12-12,25.200000762939453,23.665550231933594
2024-12-13,25.100000381469727,23.571638107299805
2024-12-16,25.149999618530273,23.618593215942383
2024-12-17,24.799999237060547,23.682575225830078
2024-12-18,23.979999542236328,22.899520874023438
2024-12-19,23.829999923706055,22.75628089904785
2024-12-20,23.770000457763672,22.698986053466797
2024-12-23,24.100000381469727,23.014116287231445
2024-12-24,24.200000762939453,23.109609603881836
2024-12-26,24.31999969482422,23.22420310974121
2024-12-27,24.059999465942383,22.97591781616211
2024-12-30,23.969999313354492,22.889972686767578
2024-12-31,23.860000610351562,22.784931182861328
2025-01-02,23.90999984741211,22.832674026489258
2025-01-03,24.200000762939453,23.109609603881836
2025-01-06,24.329999923706055,23.233753204345703
2025-01-07,24.219999313354492,23.128707885742188
2025-01-08,24.360000610351562,23.262399673461914
2025-01-10,23.809999465942383,22.737180709838867
2025-01-13,23.8799991607666,22.804027557373047
2025-01-14,23.979999542236328,22.899520874023438
2025-01-15,24.350000381469727,23.252851486206055
2025-01-16,24.329999923706055,23.233753204345703
2025-01-17,24.239999771118164,23.147808074951172
2025-01-21,24.799999237060547,23.682575225830078
2025-01-22,24.709999084472656,23.596630096435547
2025-01-23,24.75,23.634828567504883
2025-01-24,24.90999984741211,23.78761863708496
2025-01-27,24.8700008392334,23.74942398071289
2025-01-28,24.790000915527344,23.67302703857422
2025-01-29,24.639999389648438,23.529783248901367
2025-01-30,24.950000762939453,23.825817108154297
2025-01-31,24.610000610351562,23.501136779785156
2025-02-03,24.489999771118164,23.38654327392578
2025-02-04,24.780000686645508,23.66347885131836
2025-02-05,25.010000228881836,23.88311195373535
2025-02-06,25.1299991607666,23.997705459594727
2025-02-07,24.93000030517578,23.806718826293945
2025-02-10,25.09000015258789,23.959508895874023
2025-02-11,25.040000915527344,23.911762237548828
2025-02-12,25.260000228881836,24.121849060058594
2025-02-13,25.65999984741211,24.50382423400879
2025-02-14,25.469999313354492,24.322385787963867
2025-02-18,25.420000076293945,24.274639129638672
2025-02-19,25.040000915527344,23.911762237548828
2025-02-20,25.09000015258789,23.959508895874023
2025-02-21,24.549999237060547,23.443838119506836
2025-02-24,24.6299991607666,23.520233154296875
2025-02-25,24.540000915527344,23.434289932250977
2025-02-26,24.440000534057617,23.338796615600586
2025-02-27,24.06999969482422,22.98546600341797
2025-02-28,23.989999771118164,22.90907096862793
2025-03-03,23.950000762939453,22.87087631225586
2025-03-04,23.920000076293945,22.842226028442383
2025-03-05,24.40999984741211,23.310148239135742
2025-03-06,24.020000457763672,22.937721252441406
2025-03-07,23.889999389648438,22.813575744628906
2025-03-10,23.420000076293945,22.36475372314453
2025-03-11,23.31999969482422,22.26926040649414
2025-03-12,23.309999465942383,22.25971031188965
2025-03-13,23.020000457763672,21.982776641845703
2025-03-14,23.5,22.441150665283203
2025-03-17,23.8700008392334,22.794479370117188
2025-03-18,23.43000030517578,22.374303817749023
2025-03-19,23.649999618530273,22.58439064025879
2025-03-20,23.530000686645508,22.469797134399414
2025-03-21,23.43000030517578,22.374303817749023
2025-03-24,23.700000762939453,22.63214111328125
2025-03-25,23.809999465942383,22.737180709838867
2025-03-26,23.709999084472656,22.641685485839844
2025-03-27,23.75,22.679885864257812
2025-03-28,23.469999313354492,22.412500381469727
2025-03-31,23.440000534057617,22.383852005004883
2025-04-01,23.709999084472656,22.641685485839844
2025-04-02,23.889999389648438,22.813575744628906
2025-04-03,23.25,22.20241355895996
2025-04-04,21.149999618530273,20.19703483581543
2025-04-07,20.850000381469727,19.910552978515625
2025-04-08,20.81999969482422,19.88190460205078
2025-04-09,22.809999465942383,21.78223991394043
2025-04-10,22.350000381469727,21.342966079711914
2025-04-11,22.770000457763672,21.744041442871094
2025-04-14,23.290000915527344,22.240612030029297
2025-04-15,23.360000610351562,22.307456970214844
2025-04-16,23.420000076293945,22.36475372314453
2025-04-17,23.610000610351562,22.546194076538086
2025-04-21,23.479999542236328,22.42205047607422
2025-04-22,23.959999084472656,22.880422592163086
2025-04-23,24.0,22.91861915588379
2025-04-24,24.510000228881836,23.405643463134766
2025-04-25,24.510000228881836,23.405643463134766
2025-04-28,24.520000457763672,23.415191650390625
2025-04-29,24.549999237060547,23.443838119506836
2025-04-30,24.670000076293945,23.55843162536621
2025-05-01,24.649999618530273,23.539331436157227
2025-05-02,25.309999465942383,24.16959571838379
2025-05-05,24.989999771118164,23.864011764526367
2025-05-06,25.049999237060547,23.921310424804688
2025-05-07,24.889999389648438,23.76852035522461
2025-05-08,24.829999923706055,23.71122169494629
2025-05-09,25.010000228881836,23.88311195373535
2025-05-12,25.18000030517578,24.045454025268555
2025-05-13,25.420000076293945,24.274639129638672
2025-05-14,25.15999984741211,24.026355743408203
2025-05-15,25.549999237060547,24.398780822753906
2025-05-16,25.469999313354492,24.322385787963867
2025-05-19,25.6299991607666,24.475175857543945
2025-05-20,25.6299991607666,24.475175857543945
2025-05-21,25.40999984741211,24.26508903503418
2025-05-22,25.40999984741211,24.26508903503418
2025-05-23,25.649999618530273,24.49427604675293
2025-05-27,25.8700008392334,24.704364776611328
2025-05-28,25.559999465942383,24.4083309173584
2025-05-29,25.639999389648438,24.484725952148438
2025-05-30,25.809999465942383,24.64706802368164
2025-06-02,26.149999618530273,24.97174644470215
2025-06-03,26.06999969482422,24.895353317260742
2025-06-04,26.329999923706055,25.14363670349121
2025-06-05,26.360000610351562,25.172286987304688
2025-06-06,26.3700008392334,25.181835174560547
2025-06-09,26.440000534057617,25.248682022094727
2025-06-10,26.709999084472656,25.506513595581055
2025-06-11,26.600000381469727,25.401472091674805
2025-06-12,26.639999389648438,25.439666748046875
2025-06-13,26.31999969482422,25.13408851623535
2025-06-16,26.09000015258789,25.296005249023438
2025-06-17,25.770000457763672,24.98574447631836
2025-06-18,25.860000610351562,25.07300567626953
2025-06-20,25.549999237060547,24.772438049316406
2025-06-23,25.790000915527344,25.005136489868164
2025-06-24,26.049999237060547,25.25722312927246
2025-06-25,26.030000686645508,25.23783302307129
2025-06-26,26.43000030517578,25.625659942626953
2025-06-27,26.09000015258789,25.296005249023438
2025-06-30,26.31999969482422,25.519006729125977
2025-07-01,26.350000381469727,25.548093795776367
2025-07-02,26.540000915527344,25.73231315612793
2025-07-03,26.479999542236328,25.674137115478516
2025-07-07,25.979999542236328,25.189353942871094
2025-07-08,26.139999389648438,25.344484329223633
2025-07-09,26.239999771118164,25.44144058227539
2025-07-10,26.579999923706055,25.771093368530273
2025-07-11,26.360000610351562,25.557790756225586
2025-07-14,26.389999389648438,25.586875915527344
2025-07-15,26.06999969482422,25.276615142822266
2025-07-16,26.190000534057617,25.392963409423828
2025-07-17,26.280000686645508,25.480224609375
2025-07-18,26.450000762939453,25.645051956176758
2025-07-21,26.3700008392334,25.567485809326172
2025-07-22,26.549999237060547,25.74200439453125
2025-07-23,26.81999969482422,26.003787994384766
2025-07-24,26.579999923706055,25.771093368530273
2025-07-25,26.479999542236328,25.674137115478516
2025-07-28,26.219999313354492,25.422048568725586
2025-07-29,26.3700008392334,25.567485809326172
2025-07-30,26.149999618530273,25.35417938232422
2025-07-31,26.020000457763672,25.22813606262207
2025-08-01,25.90999984741211,25.121482849121094
2025-08-04,26.280000686645508,25.480224609375
2025-08-05,26.40999984741211,25.60626792907715
2025-08-06,26.65999984741211,25.84865951538086
2025-08-07,26.600000381469727,25.790485382080078
2025-08-08,26.6299991607666,25.81957244873047
2025-08-11,26.649999618530273,25.83896255493164
2025-08-12,26.959999084472656,26.139528274536133
2025-08-13,26.90999984741211,26.09105110168457
2025-08-14,26.739999771118164,25.926223754882812
2025-08-15,26.829999923706055,26.013484954833984
2025-08-18,26.84000015258789,26.023181915283203
2025-08-19,26.610000610351562,25.800182342529297
2025-08-20,26.700000762939453,25.88744354248047
2025-08-21,26.860000610351562,26.042573928833008
2025-08-22,27.260000228881836,26.430400848388672
2025-08-25,26.829999923706055,26.013484954833984
2025-08-26,26.969999313354492,26.14922523498535
2025-08-27,27.0,26.178312301635742
2025-08-28,27.09000015258789,26.265573501586914
2025-08-29,27.079999923706055,26.255878448486328
2025-09-02,26.770000457763672,25.955312728881836
2025-09-03,26.600000381469727,25.790485382080078
2025-09-04,26.899999618530273,26.081356048583984
2025-09-05,26.93000030517578,26.110441207885742
2025-09-08,27.0,26.178312301635742
2025-09-09,26.889999389648438,26.071659088134766
2025-09-10,27.110000610351562,26.284963607788086
2025-09-11,27.40999984741211,26.575834274291992
2025-09-12,27.239999771118164,26.411008834838867
2025-09-15,27.56999969482422,26.73096466064453
2025-09-16,27.3799991607666,26.54674530029297
2025-09-17,27.139999389648438,26.314050674438477
2025-09-18,26.889999389648438,26.071659088134766
2025-09-19,26.889999389648438,26.071659088134766
2025-09-22,26.920000076293945,26.100746154785156
2025-09-23,26.8700008392334,26.052268981933594
2025-09-24,26.469999313354492,25.664440155029297
2025-09-25,26.469999313354492,25.664440155029297
2025-09-26,26.670000076293945,25.858354568481445
2025-09-29,26.979999542236328,26.158920288085938
2025-09-30,27.0,26.178312301635742
2025-10-01,27.149999618530273,26.323747634887695
2025-10-02,27.18000030517578,26.352834701538086
2025-10-03,27.43000030517578,26.595226287841797
2025-10-06,27.360000610351562,26.52735710144043
2025-10-07,27.139999389648438,26.314050674438477
2025-10-08,27.229999542236328,26.40131187438965
2025-10-09,26.920000076293945,26.100746154785156
2025-10-10,26.440000534057617,25.63535499572754
2025-10-13,26.65999984741211,25.84865951538086
2025-10-14,26.700000762939453,25.88744354248047
2025-10-15,26.889999389648438,26.071659088134766
2025-10-16,26.969999313354492,26.14922523498535
2025-10-17,26.920000076293945,26.100746154785156
2025-10-20,27.260000228881836,26.430400848388672
2025-10-21,27.110000610351562,26.284963607788086
2025-10-22,27.06999969482422,26.24618148803711
2025-10-23,27.190000534057617,26.362529754638672
2025-10-24,27.18000030517578,26.352834701538086
2025-10-27,27.3700008392334,26.537052154541016
2025-10-28,27.520000457763672,26.68248748779297
2025-10-29,27.0,26.178312301635742
2025-10-30,26.889999389648438,26.071659088134766
2025-10-31,26.770000457763672,25.955312728881836
2025-11-03,26.84000015258789,26.023181915283203
2025-11-04,26.40999984741211,25.60626792907715
2025-11-05,26.670000076293945,25.858354568481445
2025-11-06,26.459999084472656,25.65474510192871
2025-11-07,26.440000534057617,25.63535499572754
2025-11-10,26.809999465942383,25.994094848632812
2025-11-11,26.6299991607666,25.81957244873047
2025-11-12,26.579999923706055,25.771093368530273
2025-11-13,25.940000534057617,25.150571823120117
2025-11-14,25.950000762939453,25.160266876220703
2025-11-17,25.639999389648438,24.859699249267578
2025-11-18,25.399999618530273,24.627004623413086
2025-11-19,25.299999237060547,24.530046463012695
2025-11-20,24.950000762939453,24.19070053100586
2025-11-21,25.329999923706055,24.55913543701172
2025-11-24,25.440000534057617,24.665788650512695
2025-11-25,25.6200008392334,24.84031105041504
2025-11-26,25.81999969482422,25.034221649169922
2025-11-28,25.850000381469727,25.063310623168945
2025-12-01,25.729999542236328,24.94696044921875
2025-12-02,25.93000030517578,25.1408748626709
2025-12-03,26.1299991607666,25.334787368774414
2025-12-04,26.290000915527344,25.489919662475586
2025-12-05,26.34000015258789,25.53839874267578
2025-12-08,26.239999771118164,25.44144058227539
2025-12-09,26.350000381469727,25.548093795776367
2025-12-10,26.649999618530273,25.83896255493164
2025-12-11,26.639999389648438,25.829265594482422
2025-12-12,26.520000457763672,25.712921142578125
2025-12-15,26.420000076293945,25.615962982177734
2025-12-16,25.81999969482422,25.462125778198242
2025-12-17,25.579999923706055,25.225452423095703
2025-12-18,25.809999465942383,25.4522647857666
2025-12-19,25.8799991607666,25.52129364013672
2025-12-22,26.149999618530273,25.787551879882812
2025-12-23,26.610000610351562,26.24117660522461
2025-12-24,26.600000381469727,26.23131561279297
2025-12-26,26.68000030517578,26.310205459594727
2025-12-29,26.479999542236328,26.112977981567383
2025-12-30,26.40999984741211,26.043947219848633
2025-12-31,26.190000534057617,25.826997756958008
2026-01-02,26.469999313354492,26.10311508178711
