date,close,adj_close
2014-12-01,46.720001220703125,37.300987243652344
2014-12-02,47.119998931884766,37.62034606933594
2014-12-03,47.08000183105469,37.588417053222656
2014-12-04,46.959999084472656,37.49260330200195
2014-12-05,47.0,37.5245361328125
2014-12-08,46.2400016784668,36.917755126953125
2014-12-09,46.47999954223633,37.109375
2014-12-10,45.7599983215332,36.534523010253906
2014-12-11,45.880001068115234,36.63033676147461
2014-12-12,45.439998626708984,36.279048919677734
2014-12-15,44.560001373291016,35.57645797729492
2014-12-16,44.599998474121094,35.6083869934082
2014-12-17,45.08000183105469,36.205936431884766
2014-12-18,45.79999923706055,36.78419876098633
2014-12-19,46.040000915527344,36.97696304321289
2014-12-22,45.91999816894531,36.88057327270508
2014-12-23,46.0,36.94483184814453
2014-12-24,45.91999816894531,36.88057327270508
2014-12-26,46.2400016784668,37.1375846862793
2014-12-29,45.7599983215332,36.75206756591797
2014-12-30,45.20000076293945,36.30230712890625
2014-12-31,44.959999084472656,36.10955810546875
2015-01-02,45.040000915527344,36.17381286621094
2015-01-05,44.52000045776367,35.75617218017578
2015-01-06,43.79999923706055,35.17789840698242
2015-01-07,44.439998626708984,35.691917419433594
2015-01-08,45.0,36.141693115234375
2015-01-09,44.52000045776367,35.75617218017578
2015-01-12,44.36000061035156,35.62765884399414
2015-01-13,44.720001220703125,35.91680145263672
2015-01-14,44.63999938964844,35.85254669189453
2015-01-15,44.959999084472656,36.10955810546875
2015-01-16,45.36000061035156,36.430809020996094
2015-01-20,45.720001220703125,36.719947814941406
2015-01-21,45.79999923706055,36.78419876098633
2015-01-22,46.0,36.94483184814453
2015-01-23,45.84000015258789,36.816322326660156
2015-01-26,46.36000061035156,37.233970642089844
2015-01-27,46.439998626708984,37.298213958740234
2015-01-28,46.36000061035156,37.233970642089844
2015-01-29,46.7599983215332,37.55522537231445
2015-01-30,45.959999084472656,36.91270446777344
2015-02-02,46.439998626708984,37.298213958740234
2015-02-03,46.36000061035156,37.233970642089844
2015-02-04,46.599998474121094,37.42672348022461
2015-02-05,47.0,37.747982025146484
2015-02-06,46.599998474121094,37.42672348022461
2015-02-09,46.15999984741211,37.073341369628906
2015-02-10,46.7599983215332,37.55522537231445
2015-02-11,46.84000015258789,37.61948013305664
2015-02-12,47.15999984741211,37.876487731933594
2015-02-13,47.720001220703125,38.32625198364258
2015-02-17,47.68000030517578,38.29412841796875
2015-02-18,48.52000045776367,38.968772888183594
2015-02-19,48.880001068115234,39.25790786743164
2015-02-20,49.31999969482422,39.611289978027344
2015-02-23,49.040000915527344,39.38641357421875
2015-02-24,49.279998779296875,39.57916259765625
2015-02-25,49.15999984741211,39.482784271240234
2015-02-26,49.599998474121094,39.8361701965332
2015-02-27,49.400001525878906,39.675540924072266
2015-03-02,49.52000045776367,39.77192306518555
2015-03-03,49.279998779296875,39.57916259765625
2015-03-04,49.040000915527344,39.38641357421875
2015-03-05,49.31999969482422,39.611289978027344
2015-03-06,49.2400016784668,39.54703903198242
2015-03-09,49.08000183105469,39.41852569580078
2015-03-10,48.36000061035156,38.84026336669922
2015-03-11,48.79999923706055,39.19363784790039
2015-03-12,49.880001068115234,40.06105422973633
2015-03-13,49.91999816894531,40.09317398071289
2015-03-16,50.119998931884766,40.25379943847656
2015-03-17,50.2400016784668,40.350181579589844
2015-03-18,51.040000915527344,40.992706298828125
2015-03-19,50.439998626708984,40.51081085205078
2015-03-20,51.2400016784668,41.15332794189453
2015-03-23,51.47999954223633,41.34607696533203
2015-03-24,51.36000061035156,41.24971008300781
2015-03-25,51.2400016784668,41.15332794189453
2015-03-26,50.720001220703125,40.735694885253906
2015-03-27,50.91999816894531,40.89632797241211
2015-03-30,51.119998931884766,41.056949615478516
2015-03-31,50.119998931884766,40.25379943847656
2015-04-01,50.31999969482422,40.4144287109375
2015-04-02,50.7599983215332,40.767818450927734
2015-04-06,51.36000061035156,41.24971008300781
2015-04-07,51.599998474121094,41.44245910644531
2015-04-08,51.68000030517578,41.5067138671875
2015-04-09,51.68000030517578,41.5067138671875
2015-04-10,51.7599983215332,41.57095718383789
2015-04-13,51.400001525878906,41.281829833984375
2015-04-14,51.7599983215332,41.57095718383789
2015-04-15,52.0,41.76371383666992
2015-04-16,52.119998931884766,41.86009979248047
2015-04-17,51.720001220703125,41.53883361816406
2015-04-20,51.880001068115234,41.66735076904297
2015-04-21,52.68000030517578,42.309871673583984
2015-04-22,53.08000183105469,42.63111877441406
2015-04-23,53.040000915527344,42.598995208740234
2015-04-24,53.2400016784668,42.75962829589844
2015-04-27,53.119998931884766,42.663246154785156
2015-04-28,53.279998779296875,42.791748046875
2015-04-29,52.79999923706055,42.40624237060547
2015-04-30,51.439998626708984,41.31394958496094
2015-05-01,52.08000183105469,41.82797622680664
2015-05-04,52.31999969482422,42.02072525024414
2015-05-05,51.31999969482422,41.21758270263672
2015-05-06,51.279998779296875,41.185455322265625
2015-05-07,51.36000061035156,41.24971008300781
2015-05-08,52.560001373291016,42.213497161865234
2015-05-11,51.720001220703125,41.53883361816406
2015-05-12,51.720001220703125,41.53883361816406
2015-05-13,52.040000915527344,41.795841217041016
2015-05-14,52.31999969482422,42.02072525024414
2015-05-15,52.560001373291016,42.213497161865234
2015-05-18,53.0,42.56687927246094
2015-05-19,53.040000915527344,42.598995208740234
2015-05-20,53.040000915527344,42.598995208740234
2015-05-21,53.2400016784668,42.75962829589844
2015-05-22,53.119998931884766,42.663246154785156
2015-05-26,52.439998626708984,42.117103576660156
2015-05-27,52.79999923706055,42.40624237060547
2015-05-28,52.68000030517578,42.309871673583984
2015-05-29,52.20000076293945,41.92435836791992
2015-06-01,52.439998626708984,42.117103576660156
2015-06-02,52.31999969482422,42.02072525024414
2015-06-03,52.52000045776367,42.18135452270508
2015-06-04,52.15999984741211,41.892242431640625
2015-06-05,51.84000015258789,41.635223388671875
2015-06-08,51.560001373291016,41.410343170166016
2015-06-09,51.040000915527344,40.992706298828125
2015-06-10,51.880001068115234,41.66735076904297
2015-06-11,52.119998931884766,41.86009979248047
2015-06-12,51.84000015258789,41.635223388671875
2015-06-15,52.0,41.76371383666992
2015-06-16,51.7599983215332,41.57095718383789
2015-06-17,51.31999969482422,41.21758270263672
2015-06-18,51.36000061035156,41.24971008300781
2015-06-19,51.400001525878906,41.281829833984375
2015-06-22,52.20000076293945,41.92435836791992
2015-06-23,52.79999923706055,42.40624237060547
2015-06-24,52.2400016784668,41.95647430419922
2015-06-25,52.08000183105469,42.04042434692383
2015-06-26,52.31999969482422,42.23415756225586
2015-06-29,51.0,41.16862869262695
2015-06-30,51.2400016784668,41.36235809326172
2015-07-01,51.599998474121094,41.652957916259766
2015-07-02,51.599998474121094,41.652957916259766
2015-07-06,51.2400016784668,41.36235809326172
2015-07-07,51.36000061035156,41.459228515625
2015-07-08,49.2400016784668,39.74790954589844
2015-07-09,49.84000015258789,40.23223876953125
2015-07-10,50.63999938964844,40.87802505493164
2015-07-13,51.31999969482422,41.426937103271484
2015-07-14,51.63999938964844,41.685245513916016
2015-07-15,51.599998474121094,41.652957916259766
2015-07-16,51.79999923706055,41.81439971923828
2015-07-17,51.91999816894531,41.9112663269043
2015-07-20,51.91999816894531,41.9112663269043
2015-07-21,51.7599983215332,41.782108306884766
2015-07-22,51.52000045776367,41.58837890625
2015-07-23,51.47999954223633,41.556087493896484
2015-07-24,51.0,41.16862869262695
2015-07-27,50.79999923706055,41.007171630859375
2015-07-28,51.040000915527344,41.2009162902832
2015-07-29,51.2400016784668,41.36235809326172
2015-07-30,51.31999969482422,41.426937103271484
2015-07-31,51.720001220703125,41.749820709228516
2015-08-03,51.52000045776367,41.58837890625
2015-08-04,51.439998626708984,41.5237922668457
2015-08-05,51.7599983215332,41.782108306884766
2015-08-06,51.599998474121094,41.652957916259766
2015-08-07,51.7599983215332,41.782108306884766
2015-08-10,52.52000045776367,42.395606994628906
2015-08-11,51.599998474121094,41.652957916259766
2015-08-12,51.279998779296875,41.39464569091797
2015-08-13,51.68000030517578,41.717533111572266
2015-08-14,51.68000030517578,41.717533111572266
2015-08-17,51.79999923706055,41.81439971923828
2015-08-18,51.439998626708984,41.5237922668457
2015-08-19,50.880001068115234,41.07175827026367
2015-08-20,49.36000061035156,39.84477615356445
2015-08-21,47.68000030517578,38.48862838745117
2015-08-24,46.0,37.13248062133789
2015-08-25,46.279998779296875,37.35851287841797
2015-08-26,48.119998931884766,38.84381103515625
2015-08-27,49.0,39.55416488647461
2015-08-28,49.2400016784668,39.74790954589844
2015-08-31,48.47999954223633,39.1344108581543
2015-09-01,46.279998779296875,37.35851287841797
2015-09-02,47.119998931884766,38.03657150268555
2015-09-03,47.47999954223633,38.327178955078125
2015-09-04,45.959999084472656,37.100189208984375
2015-09-08,47.040000915527344,37.97200393676758
2015-09-09,46.959999084472656,37.90742492675781
2015-09-10,46.91999816894531,37.87512969970703
2015-09-11,46.959999084472656,37.90742492675781
2015-09-14,46.84000015258789,37.81055450439453
2015-09-15,47.20000076293945,38.101158142089844
2015-09-16,47.599998474121094,38.42405700683594
2015-09-17,47.560001373291016,38.39175796508789
2015-09-18,46.040000915527344,37.16477966308594
2015-09-21,46.31999969482422,37.390804290771484
2015-09-22,45.63999938964844,36.84187698364258
2015-09-23,45.63999938964844,36.84187698364258
2015-09-24,45.31999969482422,36.58356857299805
2015-09-25,46.439998626708984,37.48766326904297
2015-09-28,45.31999969482422,36.58356857299805
2015-09-29,44.7599983215332,36.13152313232422
2015-09-30,45.720001220703125,36.906455993652344
2015-10-01,46.040000915527344,37.16477966308594
2015-10-02,46.599998474121094,37.6168212890625
2015-10-05,47.7599983215332,38.553199768066406
2015-10-06,47.36000061035156,38.23031234741211
2015-10-07,48.119998931884766,38.84381103515625
2015-10-08,48.279998779296875,38.972965240478516
2015-10-09,48.400001525878906,39.06983184814453
2015-10-12,48.47999954223633,39.1344108581543
2015-10-13,47.959999084472656,38.71464920043945
2015-10-14,47.400001525878906,38.26259994506836
2015-10-15,48.599998474121094,39.23126983642578
2015-10-16,48.84000015258789,39.42500686645508
2015-10-19,48.599998474121094,39.23126983642578
2015-10-20,48.31999969482422,39.005252838134766
2015-10-21,48.959999084472656,39.52187728881836
2015-10-22,49.560001373291016,40.0062141418457
2015-10-23,50.040000915527344,40.39368438720703
2015-10-26,50.0,40.36138916015625
2015-10-27,49.599998474121094,40.03850555419922
2015-10-28,50.08000183105469,40.42597579956055
2015-10-29,49.52000045776367,39.973934173583984
2015-10-30,49.279998779296875,39.78019332885742
2015-11-02,49.63999938964844,40.07079315185547
2015-11-03,49.599998474121094,40.03850555419922
2015-11-04,49.36000061035156,39.84477615356445
2015-11-05,49.720001220703125,40.1353759765625
2015-11-06,49.599998474121094,40.03850555419922
2015-11-09,49.400001525878906,39.87705993652344
2015-11-10,49.91999816894531,40.29681396484375
2015-11-11,50.119998931884766,40.458255767822266
2015-11-12,49.63999938964844,40.07079315185547
2015-11-13,49.400001525878906,39.87705993652344
2015-11-16,49.880001068115234,40.264530181884766
2015-11-17,50.0,40.36138916015625
2015-11-18,50.2400016784668,40.55512619018555
2015-11-19,50.2400016784668,40.55512619018555
2015-11-20,50.47999954223633,40.748863220214844
2015-11-23,50.2400016784668,40.55512619018555
2015-11-24,50.47999954223633,40.748863220214844
2015-11-25,50.15999984741211,40.49055099487305
2015-11-27,49.91999816894531,40.29681396484375
2015-11-30,49.52000045776367,39.973934173583984
2015-12-01,50.279998779296875,40.58741760253906
2015-12-02,49.880001068115234,40.264530181884766
2015-12-03,49.400001525878906,39.87705993652344
2015-12-04,49.68000030517578,40.10307693481445
2015-12-07,49.560001373291016,40.0062141418457
2015-12-08,48.91999816894531,39.489593505859375
2015-12-09,48.36000061035156,39.037540435791016
2015-12-10,48.79999923706055,39.39271545410156
2015-12-11,48.040000915527344,38.77923583984375
2015-12-14,48.47999954223633,39.1344108581543
2015-12-15,48.279998779296875,38.972965240478516
2015-12-16,49.47999954223633,39.9416389465332
2015-12-17,49.0,39.55416488647461
2015-12-18,48.400001525878906,39.06983184814453
2015-12-21,48.20000076293945,39.19343566894531
2015-12-22,48.560001373291016,39.48615264892578
2015-12-23,49.08000183105469,39.90898895263672
2015-12-24,48.47999954223633,39.421104431152344
2015-12-28,48.52000045776367,39.453643798828125
2015-12-29,49.2400016784668,40.039093017578125
2015-12-30,48.959999084472656,39.81140899658203
2015-12-31,48.47999954223633,39.421104431152344
2016-01-04,47.720001220703125,38.80311965942383
2016-01-05,48.31999969482422,39.2910041809082
2016-01-06,47.47999954223633,38.60796356201172
2016-01-07,46.7599983215332,38.02250289916992
2016-01-08,45.7599983215332,37.2093505859375
2016-01-11,46.08000183105469,37.46957015991211
2016-01-12,45.84000015258789,37.274410247802734
2016-01-13,45.439998626708984,36.94915008544922
2016-01-14,46.0,37.404510498046875
2016-01-15,44.720001220703125,36.36369705200195
2016-01-19,45.08000183105469,36.65642547607422
2016-01-20,43.36000061035156,35.2578125
2016-01-21,43.20000076293945,35.12771987915039
2016-01-22,45.15999984741211,36.72147750854492
2016-01-25,44.20000076293945,35.94085693359375
2016-01-26,44.79999923706055,36.42875289916992
2016-01-27,44.84000015258789,36.46126937866211
2016-01-28,44.91999816894531,36.52632141113281
2016-01-29,46.0,37.404510498046875
2016-02-01,45.720001220703125,37.17683792114258
2016-02-02,45.2400016784668,36.786529541015625
2016-02-03,44.68000030517578,36.3311653137207
2016-02-04,44.560001373291016,36.23359298706055
2016-02-05,43.79999923706055,35.615604400634766
2016-02-08,43.720001220703125,35.55055618286133
2016-02-09,42.880001068115234,34.867515563964844
2016-02-10,42.119998931884766,34.24953079223633
2016-02-11,41.279998779296875,33.566490173339844
2016-02-12,41.63999938964844,33.85921859741211
2016-02-16,43.15999984741211,35.09518814086914
2016-02-17,43.52000045776367,35.38792419433594
2016-02-18,43.52000045776367,35.38792419433594
2016-02-19,43.31999969482422,35.22529602050781
2016-02-22,44.040000915527344,35.81076431274414
2016-02-23,43.31999969482422,35.22529602050781
2016-02-24,43.7599983215332,35.58307647705078
2016-02-25,44.279998779296875,36.005916595458984
2016-02-26,44.2400016784668,35.973384857177734
2016-02-29,43.560001373291016,35.42045593261719
2016-03-01,44.63999938964844,36.29863739013672
2016-03-02,45.279998779296875,36.81904983520508
2016-03-03,45.599998474121094,37.079254150390625
2016-03-04,46.08000183105469,37.46957015991211
2016-03-07,45.599998474121094,37.079254150390625
2016-03-08,45.15999984741211,36.72147750854492
2016-03-09,45.119998931884766,36.68895721435547
2016-03-10,44.91999816894531,36.52632141113281
2016-03-11,46.119998931884766,37.50210189819336
2016-03-14,46.31999969482422,37.66471862792969
2016-03-15,45.720001220703125,37.17683792114258
2016-03-16,45.79999923706055,37.241886138916016
2016-03-17,45.959999084472656,37.371986389160156
2016-03-18,45.79999923706055,37.241886138916016
2016-03-21,46.0,37.404510498046875
2016-03-22,46.279998779296875,37.632205963134766
2016-03-23,45.68000030517578,37.1442985534668
2016-03-24,45.400001525878906,36.9166374206543
2016-03-28,46.08000183105469,37.46957015991211
2016-03-29,46.560001373291016,37.85988235473633
2016-03-30,46.400001525878906,37.729774475097656
2016-03-31,45.63999938964844,37.11178970336914
2016-04-01,44.52000045776367,36.20106506347656
2016-04-04,44.52000045776367,36.20106506347656
2016-04-05,43.560001373291016,35.42045593261719
2016-04-06,44.279998779296875,36.005916595458984
2016-04-07,44.040000915527344,35.81076431274414
2016-04-08,45.31999969482422,36.85158157348633
2016-04-11,45.040000915527344,36.623897552490234
2016-04-12,46.08000183105469,37.46957015991211
2016-04-13,47.36000061035156,38.5103874206543
2016-04-14,47.560001373291016,38.67302322387695
2016-04-15,47.119998931884766,38.31522750854492
2016-04-18,47.47999954223633,38.60796356201172
2016-04-19,48.20000076293945,39.19343566894531
2016-04-20,48.47999954223633,39.421104431152344
2016-04-21,48.47999954223633,39.421104431152344
2016-04-22,48.84000015258789,39.713836669921875
2016-04-25,48.52000045776367,39.453643798828125
2016-04-26,48.31999969482422,39.2910041809082
2016-04-27,48.279998779296875,39.25848388671875
2016-04-28,46.08000183105469,37.46957015991211
2016-04-29,45.68000030517578,37.1442985534668
2016-05-02,46.52000045776367,37.82735061645508
2016-05-03,46.08000183105469,37.46957015991211
2016-05-04,45.68000030517578,37.1442985534668
2016-05-05,45.91999816894531,37.33945846557617
2016-05-06,46.15999984741211,37.53462600708008
2016-05-09,46.119998931884766,37.50210189819336
2016-05-10,47.279998779296875,38.445335388183594
2016-05-11,46.400001525878906,37.729774475097656
2016-05-12,46.7599983215332,38.02250289916992
2016-05-13,46.119998931884766,37.50210189819336
2016-05-16,46.7599983215332,38.02250289916992
2016-05-17,46.439998626708984,37.76229476928711
2016-05-18,46.47999954223633,37.79481887817383
2016-05-19,46.15999984741211,37.53462600708008
2016-05-20,46.47999954223633,37.79481887817383
2016-05-23,46.279998779296875,37.632205963134766
2016-05-24,46.63999938964844,37.9249267578125
2016-05-25,46.959999084472656,38.18513107299805
2016-05-26,46.91999816894531,38.1525993347168
2016-05-27,46.79999923706055,38.05502700805664
2016-05-31,47.15999984741211,38.347755432128906
2016-06-01,47.119998931884766,38.31522750854492
2016-06-02,46.720001220703125,37.98997497558594
2016-06-03,46.91999816894531,38.1525993347168
2016-06-06,47.400001525878906,38.54291534423828
2016-06-07,47.720001220703125,38.80311965942383
2016-06-08,48.0,39.03080368041992
2016-06-09,47.439998626708984,38.575439453125
2016-06-10,46.599998474121094,37.89240264892578
2016-06-13,45.7599983215332,37.2093505859375
2016-06-14,45.560001373291016,37.04673385620117
2016-06-15,46.0,37.404510498046875
2016-06-16,45.79999923706055,37.241886138916016
2016-06-17,45.720001220703125,37.17683792114258
2016-06-20,46.7599983215332,38.02250289916992
2016-06-21,47.08000183105469,38.28270721435547
2016-06-22,46.279998779296875,37.92866516113281
2016-06-23,47.31999969482422,38.78099060058594
2016-06-24,45.36000061035156,37.174678802490234
2016-06-27,45.119998931884766,36.977989196777344
2016-06-28,45.79999923706055,37.53528594970703
2016-06-29,46.400001525878906,38.02701187133789
2016-06-30,46.0,37.699188232421875
2016-07-01,45.91999816894531,37.633636474609375
2016-07-05,45.91999816894531,37.633636474609375
2016-07-06,45.91999816894531,37.633636474609375
2016-07-07,45.959999084472656,37.66640853881836
2016-07-08,46.279998779296875,37.92866516113281
2016-07-11,47.400001525878906,38.846561431884766
2016-07-12,47.68000030517578,39.07603454589844
2016-07-13,47.599998474121094,39.010459899902344
2016-07-14,47.68000030517578,39.07603454589844
2016-07-15,47.52000045776367,38.94490051269531
2016-07-18,47.63999938964844,39.04325485229492
2016-07-19,47.31999969482422,38.78099060058594
2016-07-20,47.720001220703125,39.108802795410156
2016-07-21,47.36000061035156,38.81377410888672
2016-07-22,47.439998626708984,38.87934112548828
2016-07-25,47.279998779296875,38.74821090698242
2016-07-26,47.31999969482422,38.78099060058594
2016-07-27,47.400001525878906,38.846561431884766
2016-07-28,47.400001525878906,38.846561431884766
2016-07-29,48.2400016784668,39.534976959228516
2016-08-01,48.400001525878906,39.66611099243164
2016-08-02,47.79999923706055,39.17436981201172
2016-08-03,47.560001373291016,38.97768783569336
2016-08-04,48.2400016784668,39.534976959228516
2016-08-05,48.400001525878906,39.66611099243164
2016-08-08,48.599998474121094,39.830013275146484
2016-08-09,49.040000915527344,40.19062423706055
2016-08-10,49.20000076293945,40.321754455566406
2016-08-11,49.560001373291016,40.616783142089844
2016-08-12,49.31999969482422,40.42008590698242
2016-08-15,49.599998474121094,40.64957046508789
2016-08-16,49.15999984741211,40.28895950317383
2016-08-17,49.560001373291016,40.616783142089844
2016-08-18,49.31999969482422,40.42008590698242
2016-08-19,49.20000076293945,40.321754455566406
2016-08-22,49.47999954223633,40.55121612548828
2016-08-23,49.52000045776367,40.58399963378906
2016-08-24,49.47999954223633,40.55121612548828
2016-08-25,49.2400016784668,40.354522705078125
2016-08-26,48.880001068115234,40.05949020385742
2016-08-29,49.040000915527344,40.19062423706055
2016-08-30,49.040000915527344,40.19062423706055
2016-08-31,49.119998931884766,40.25617980957031
2016-09-01,49.47999954223633,40.55121612548828
2016-09-02,49.84000015258789,40.84626007080078
2016-09-06,50.119998931884766,41.075721740722656
2016-09-07,50.36000061035156,41.27241516113281
2016-09-08,50.119998931884766,41.075721740722656
2016-09-09,49.31999969482422,40.42008590698242
2016-09-12,49.720001220703125,40.74791717529297
2016-09-13,48.84000015258789,40.02670669555664
2016-09-14,48.52000045776367,39.76445770263672
2016-09-15,48.7599983215332,39.96112823486328
2016-09-16,48.36000061035156,39.633323669433594
2016-09-19,48.52000045776367,39.76445770263672
2016-09-20,49.20000076293945,40.321754455566406
2016-09-21,50.63999938964844,41.50188446044922
2016-09-22,51.279998779296875,42.02640914916992
2016-09-23,50.560001373291016,41.43633270263672
2016-09-26,50.119998931884766,41.075721740722656
2016-09-27,50.68000030517578,41.534671783447266
2016-09-28,50.599998474121094,41.46910858154297
2016-09-29,50.2400016784668,41.1740837097168
2016-09-30,50.15999984741211,41.1085090637207
2016-10-03,50.0,40.977378845214844
2016-10-04,49.720001220703125,40.74791717529297
2016-10-05,50.040000915527344,41.010169982910156
2016-10-06,49.79999923706055,40.813480377197266
2016-10-07,49.79999923706055,40.813480377197266
2016-10-10,49.959999084472656,40.944602966308594
2016-10-11,49.52000045776367,40.58399963378906
2016-10-12,49.439998626708984,40.5184326171875
2016-10-13,49.36000061035156,40.4528694152832
2016-10-14,49.36000061035156,40.4528694152832
2016-10-17,49.400001525878906,40.485652923583984
2016-10-18,49.68000030517578,40.715126037597656
2016-10-19,49.84000015258789,40.84626007080078
2016-10-20,50.279998779296875,41.206851959228516
2016-10-21,50.279998779296875,41.206851959228516
2016-10-24,50.36000061035156,41.27241516113281
2016-10-25,50.400001525878906,41.305206298828125
2016-10-26,50.31999969482422,41.239646911621094
2016-10-27,50.400001525878906,41.305206298828125
2016-10-28,50.47999954223633,41.37076950073242
2016-10-31,50.52000045776367,41.40354919433594
2016-11-01,50.31999969482422,41.239646911621094
2016-11-02,50.0,40.977378845214844
2016-11-03,50.119998931884766,41.075721740722656
2016-11-04,49.52000045776367,40.58399963378906
2016-11-07,49.869998931884766,40.8708381652832
2016-11-08,49.810001373291016,40.82167434692383
2016-11-09,49.38999938964844,40.47745895385742
2016-11-10,49.43000030517578,40.51023864746094
2016-11-11,49.5,40.56761169433594
2016-11-14,49.560001373291016,40.616783142089844
2016-11-15,49.63999938964844,40.68234634399414
2016-11-16,49.400001525878906,40.485652923583984
2016-11-17,50.13999938964844,41.09210968017578
2016-11-18,49.38999938964844,40.47745895385742
2016-11-21,49.790000915527344,40.805274963378906
2016-11-22,49.90999984741211,40.90362548828125
2016-11-23,49.90999984741211,40.90362548828125
2016-11-25,49.4900016784668,40.55941390991211
2016-11-28,49.91999816894531,40.91181564331055
2016-11-29,49.970001220703125,40.952796936035156
2016-11-30,49.88999938964844,40.88723373413086
2016-12-01,49.470001220703125,40.54302215576172
2016-12-02,49.619998931884766,40.66595458984375
2016-12-05,49.560001373291016,40.616783142089844
2016-12-06,49.779998779296875,40.797080993652344
2016-12-07,50.52000045776367,41.40354919433594
2016-12-08,51.099998474121094,41.87887954711914
2016-12-09,51.25,42.0018196105957
2016-12-12,50.75,41.592044830322266
2016-12-13,51.349998474121094,42.083770751953125
2016-12-14,50.560001373291016,41.43633270263672
2016-12-15,50.560001373291016,41.43633270263672
2016-12-16,50.119998931884766,41.075721740722656
2016-12-19,50.54999923706055,41.42814254760742
2016-12-20,50.599998474121094,41.46910858154297
2016-12-21,49.75,41.247737884521484
2016-12-22,49.66999816894531,41.18141174316406
2016-12-23,49.7599983215332,41.25603103637695
2016-12-27,49.45000076293945,40.99900436401367
2016-12-28,49.380001068115234,40.940975189208984
2016-12-29,48.880001068115234,40.526424407958984
2016-12-30,48.86000061035156,40.50984191894531
2017-01-03,49.2599983215332,40.84148025512695
2017-01-04,50.25,41.662288665771484
2017-01-05,50.540000915527344,41.902732849121094
2017-01-06,50.459999084472656,41.83639907836914
2017-01-09,50.5099983215332,41.87785339355469
2017-01-10,50.31999969482422,41.7203369140625
2017-01-11,50.650001525878906,41.993934631347656
2017-01-12,50.56999969482422,41.92760467529297
2017-01-13,50.88999938964844,42.19291305541992
2017-01-17,50.31999969482422,41.7203369140625
2017-01-18,50.310001373291016,41.7120361328125
2017-01-19,50.16999816894531,41.59596252441406
2017-01-20,50.4900016784668,41.86127471923828
2017-01-23,50.52000045776367,41.88615036010742
2017-01-24,50.650001525878906,41.993934631347656
2017-01-25,51.18000030517578,42.433353424072266
2017-01-26,51.25,42.49139404296875
2017-01-27,50.83000183105469,42.14316940307617
2017-01-30,50.689998626708984,42.027095794677734
2017-01-31,50.56999969482422,41.92760467529297
2017-02-01,50.84000015258789,42.151458740234375
2017-02-02,50.81999969482422,42.13488006591797
2017-02-03,51.04999923706055,42.32557678222656
2017-02-06,50.970001220703125,42.25925064086914
2017-02-07,50.939998626708984,42.234371185302734
2017-02-08,51.09000015258789,42.35873794555664
2017-02-09,51.02000045776367,42.300697326660156
2017-02-10,51.380001068115234,42.59918212890625
2017-02-13,51.58000183105469,42.7650032043457
2017-02-14,51.209999084472656,42.45823287963867
2017-02-15,51.15999984741211,42.416778564453125
2017-02-16,51.220001220703125,42.466522216796875
2017-02-17,51.189998626708984,42.441646575927734
2017-02-21,51.619998931884766,42.79816818237305
2017-02-22,51.68000030517578,42.847900390625
2017-02-23,51.630001068115234,42.806453704833984
2017-02-24,51.52000045776367,42.71524429321289
2017-02-27,51.36000061035156,42.582603454589844
2017-02-28,51.22999954223633,42.474815368652344
2017-03-01,51.83000183105469,42.97227096557617
2017-03-02,51.34000015258789,42.566017150878906
2017-03-03,51.369998931884766,42.59088134765625
2017-03-06,51.25,42.49139404296875
2017-03-07,51.130001068115234,42.39189910888672
2017-03-08,50.970001220703125,42.25925064086914
2017-03-09,50.970001220703125,42.25925064086914
2017-03-10,51.34000015258789,42.566017150878906
2017-03-13,51.599998474121094,42.781578063964844
2017-03-14,51.2400016784668,42.48310852050781
2017-03-15,51.7599983215332,42.91423416137695
2017-03-16,51.65999984741211,42.831321716308594
2017-03-17,51.83000183105469,42.97227096557617
2017-03-20,51.84000015258789,42.980567932128906
2017-03-21,51.439998626708984,42.648921966552734
2017-03-22,51.5099983215332,42.70695877075195
2017-03-23,51.54999923706055,42.740116119384766
2017-03-24,51.869998931884766,43.00543212890625
2017-03-27,51.900001525878906,43.03030014038086
2017-03-28,52.34000015258789,43.395111083984375
2017-03-29,52.27000045776367,43.33708190917969
2017-03-30,51.97999954223633,43.09663391113281
2017-03-31,51.5,42.69866943359375
2017-04-03,51.7599983215332,42.91423416137695
2017-04-04,51.58000183105469,42.7650032043457
2017-04-05,51.220001220703125,42.466522216796875
2017-04-06,50.959999084472656,42.250953674316406
2017-04-07,51.06999969482422,42.3421516418457
2017-04-10,50.95000076293945,42.24265670776367
2017-04-11,51.209999084472656,42.45823287963867
2017-04-12,51.040000915527344,42.31727600097656
2017-04-13,50.61000061035156,41.96076965332031
2017-04-17,51.150001525878906,42.40848159790039
2017-04-18,50.9900016784668,42.27582550048828
2017-04-19,50.959999084472656,42.250953674316406
2017-04-20,51.27000045776367,42.50797653198242
2017-04-21,51.459999084472656,42.66551208496094
2017-04-24,51.81999969482422,42.96397399902344
2017-04-25,52.0099983215332,43.12150955200195
2017-04-26,52.06999969482422,43.1712532043457
2017-04-27,52.11000061035156,43.20442581176758
2017-04-28,51.86000061035156,42.99714660644531
2017-05-01,52.060001373291016,43.162960052490234
2017-05-02,52.220001220703125,43.29562759399414
2017-05-03,52.349998474121094,43.403404235839844
2017-05-04,52.47999954223633,43.51118850708008
2017-05-05,52.77000045776367,43.75162124633789
2017-05-08,52.790000915527344,43.76820755004883
2017-05-09,52.619998931884766,43.627254486083984
2017-05-10,52.380001068115234,43.42827606201172
2017-05-11,52.2400016784668,43.31220245361328
2017-05-12,52.369998931884766,43.419986724853516
2017-05-15,52.52000045776367,43.54435348510742
2017-05-16,52.560001373291016,43.577510833740234
2017-05-17,52.47999954223633,43.51118850708008
2017-05-18,52.619998931884766,43.627254486083984
2017-05-19,53.04999923706055,43.98377227783203
2017-05-22,53.02000045776367,43.95889663696289
2017-05-23,53.09000015258789,44.016944885253906
2017-05-24,53.0099983215332,43.95060729980469
2017-05-25,53.150001525878906,44.066680908203125
2017-05-26,53.18000030517578,44.091548919677734
2017-05-30,53.290000915527344,44.18275451660156
2017-05-31,53.290000915527344,44.18275451660156
2017-06-01,53.77000045776367,44.58072280883789
2017-06-02,54.900001525878906,45.51761245727539
2017-06-05,54.689998626708984,45.3434944152832
2017-06-06,54.72999954223633,45.37666702270508
2017-06-07,54.709999084472656,45.360076904296875
2017-06-08,54.58000183105469,45.25230026245117
2017-06-09,54.09000015258789,44.846038818359375
2017-06-12,54.2599983215332,44.98698043823242
2017-06-13,54.560001373291016,45.2357177734375
2017-06-14,54.529998779296875,45.21083450317383
2017-06-15,54.0,44.771419525146484
2017-06-16,54.220001220703125,44.95381546020508
2017-06-19,54.38999938964844,45.09476852416992
2017-06-20,54.060001373291016,45.10979461669922
2017-06-21,53.97999954223633,45.04304122924805
2017-06-22,54.09000015258789,45.13482666015625
2017-06-23,54.04999923706055,45.101444244384766
2017-06-26,53.900001525878906,44.976280212402344
2017-06-27,53.77000045776367,44.86780548095703
2017-06-28,54.0099983215332,45.06807327270508
2017-06-29,53.470001220703125,44.617469787597656
2017-06-30,53.650001525878906,44.76767349243164
2017-07-03,53.38999938964844,44.55071258544922
2017-07-05,53.400001525878906,44.55906677246094
2017-07-06,53.0099983215332,44.233619689941406
2017-07-07,52.97999954223633,44.20859146118164
2017-07-10,52.84000015258789,44.09177017211914
2017-07-11,53.20000076293945,44.39218521118164
2017-07-12,53.56999969482422,44.70092010498047
2017-07-13,53.5,44.642494201660156
2017-07-14,53.630001068115234,44.750980377197266
2017-07-17,53.560001373291016,44.69256591796875
2017-07-18,53.84000015258789,44.92621994018555
2017-07-19,54.060001373291016,45.10979461669922
2017-07-20,54.2599983215332,45.27667236328125
2017-07-21,54.36000061035156,45.36012268066406
2017-07-24,54.25,45.26833724975586
2017-07-25,54.060001373291016,45.10979461669922
2017-07-26,54.2400016784668,45.25999450683594
2017-07-27,54.41999816894531,45.41018295288086
2017-07-28,54.58000183105469,45.543704986572266
2017-07-31,54.7599983215332,45.69389724731445
2017-08-01,55.08000183105469,45.96091842651367
2017-08-02,55.04999923706055,45.935874938964844
2017-08-03,55.189998626708984,46.052703857421875
2017-08-04,55.13999938964844,46.0109748840332
2017-08-07,55.119998931884766,45.99429702758789
2017-08-08,55.060001373291016,45.94422912597656
2017-08-09,54.720001220703125,45.660518646240234
2017-08-10,54.150001525878906,45.18488311767578
2017-08-11,54.06999969482422,45.11812973022461
2017-08-14,54.470001220703125,45.45191192626953
2017-08-15,54.400001525878906,45.393497467041016
2017-08-16,54.58000183105469,45.543704986572266
2017-08-17,54.209999084472656,45.234954833984375
2017-08-18,54.45000076293945,45.435218811035156
2017-08-21,54.33000183105469,45.33509063720703
2017-08-22,54.439998626708984,45.4268798828125
2017-08-23,54.459999084472656,45.44356155395508
2017-08-24,54.18000030517578,45.20991897583008
2017-08-25,54.36000061035156,45.36012268066406
2017-08-28,54.41999816894531,45.41018295288086
2017-08-29,54.310001373291016,45.318397521972656
2017-08-30,54.279998779296875,45.29336166381836
2017-08-31,54.709999084472656,45.65217590332031
2017-09-01,54.4900016784668,45.468605041503906
2017-09-05,54.25,45.26833724975586
2017-09-06,54.47999954223633,45.46025466918945
2017-09-07,54.79999923706055,45.727272033691406
2017-09-08,54.970001220703125,45.86912536621094
2017-09-11,55.220001220703125,46.077735900878906
2017-09-12,55.2599983215332,46.11111831665039
2017-09-13,55.150001525878906,46.01932907104492
2017-09-14,55.15999984741211,46.02768325805664
2017-09-15,55.2400016784668,46.094425201416016
2017-09-18,55.25,46.1027717590332
2017-09-19,55.56999969482422,46.36979293823242
2017-09-20,55.59000015258789,46.38648986816406
2017-09-21,55.369998931884766,46.20289993286133
2017-09-22,55.43000030517578,46.25297546386719
2017-09-25,55.54999923706055,46.35310745239258
2017-09-26,55.54999923706055,46.35310745239258
2017-09-27,55.65999984741211,46.44488525390625
2017-09-28,55.70000076293945,46.4782600402832
2017-09-29,55.709999084472656,46.486610412597656
2017-10-02,55.709999084472656,46.486610412597656
2017-10-03,56.040000915527344,46.7619743347168
2017-10-04,56.04999923706055,46.770320892333984
2017-10-05,56.02000045776367,46.745296478271484
2017-10-06,55.9900016784668,46.72026062011719
2017-10-09,56.060001373291016,46.778663635253906
2017-10-10,56.459999084472656,47.11244583129883
2017-10-11,56.75,47.35443115234375
2017-10-12,56.68000030517578,47.2960205078125
2017-10-13,57.380001068115234,47.880130767822266
2017-10-16,57.63999938964844,48.097084045410156
2017-10-17,57.58000183105469,48.04701614379883
2017-10-18,57.52000045776367,47.9969482421875
2017-10-19,57.38999938964844,47.88846969604492
2017-10-20,57.52000045776367,47.9969482421875
2017-10-23,57.65999984741211,48.11376953125
2017-10-24,58.13999938964844,48.51429748535156
2017-10-25,57.66999816894531,48.122108459472656
2017-10-26,57.97999954223633,48.380794525146484
2017-10-27,58.41999816894531,48.74794006347656
2017-10-30,58.400001525878906,48.731258392333984
2017-10-31,58.650001525878906,48.93987274169922
2017-11-01,58.97999954223633,49.21522521972656
2017-11-02,59.04999923706055,49.27364730834961
2017-11-03,59.189998626708984,49.39046096801758
2017-11-06,59.18000030517578,49.38212203979492
2017-11-07,59.650001525878906,49.774314880371094
2017-11-08,60.02000045776367,50.08304977416992
2017-11-09,59.52000045776367,49.66582107543945
2017-11-10,59.08000183105469,49.298683166503906
2017-11-13,58.81999969482422,49.08171844482422
2017-11-14,58.5099983215332,48.82304382324219
2017-11-15,58.08000183105469,48.464237213134766
2017-11-16,58.97999954223633,49.21522521972656
2017-11-17,58.689998626708984,48.973243713378906
2017-11-20,58.97999954223633,49.21522521972656
2017-11-21,59.52000045776367,49.66582107543945
2017-11-22,59.560001373291016,49.69920349121094
2017-11-24,60.04999923706055,50.10808181762695
2017-11-27,59.790000915527344,49.8911247253418
2017-11-28,59.970001220703125,50.04132843017578
2017-11-29,59.849998474121094,49.941200256347656
2017-11-30,59.90999984741211,49.99126434326172
2017-12-01,59.63999938964844,49.765953063964844
2017-12-04,59.0099983215332,49.240257263183594
2017-12-05,59.15999984741211,49.36543273925781
2017-12-06,58.939998626708984,49.181854248046875
2017-12-07,59.31999969482422,49.49894332885742
2017-12-08,59.599998474121094,49.732582092285156
2017-12-11,59.79999923706055,49.89946365356445
2017-12-12,59.90999984741211,49.99126434326172
2017-12-13,60.150001525878906,50.191524505615234
2017-12-14,59.869998931884766,49.95787811279297
2017-12-15,59.900001525878906,49.98291015625
2017-12-18,60.619998931884766,50.58370590209961
2017-12-19,59.61000061035156,50.07049560546875
2017-12-20,59.689998626708984,50.13768005371094
2017-12-21,59.72999954223633,50.17129135131836
2017-12-22,60.0099983215332,50.4064826965332
2017-12-26,60.040000915527344,50.43167495727539
2017-12-27,59.959999084472656,50.364471435546875
2017-12-28,59.81999969482422,50.246883392333984
2017-12-29,59.93000030517578,50.33928680419922
2018-01-02,60.290000915527344,50.641666412353516
2018-01-03,61.119998931884766,51.33883285522461
2018-01-04,61.869998931884766,51.96881866455078
2018-01-05,62.040000915527344,52.111602783203125
2018-01-08,62.400001525878906,52.414005279541016
2018-01-09,62.439998626708984,52.44759750366211
2018-01-10,62.84000015258789,52.78358459472656
2018-01-11,63.2599983215332,53.13636779785156
2018-01-12,63.459999084472656,53.30436706542969
2018-01-16,63.459999084472656,53.30436706542969
2018-01-17,63.970001220703125,53.73274612426758
2018-01-18,63.43000030517578,53.2791748046875
2018-01-19,63.83000183105469,53.61515426635742
2018-01-22,64.0999984741211,53.84194564819336
2018-01-23,64.48999786376953,54.16953659057617
2018-01-24,64.51000213623047,54.18632888793945
2018-01-25,64.19999694824219,53.925933837890625
2018-01-26,64.66999816894531,54.32072448730469
2018-01-29,64.12000274658203,53.85874557495117
2018-01-30,63.29999923706055,53.16997146606445
2018-01-31,62.939998626708984,52.86758041381836
2018-02-01,63.25,53.12796401977539
2018-02-02,62.31999969482422,52.3468017578125
2018-02-05,59.369998931884766,49.868896484375
2018-02-06,60.810001373291016,51.07845687866211
2018-02-07,60.27000045776367,50.6248664855957
2018-02-08,58.47999954223633,49.12132263183594
2018-02-09,59.06999969482422,49.61690902709961
2018-02-12,60.220001220703125,50.5828742980957
2018-02-13,59.47999954223633,49.96128845214844
2018-02-14,60.380001068115234,50.71726989746094
2018-02-15,60.66999816894531,50.96085739135742
2018-02-16,61.599998474121094,51.74202346801758
2018-02-20,61.099998474121094,51.3220329284668
2018-02-21,60.4900016784668,50.80966567993164
2018-02-22,60.77000045776367,51.04485321044922
2018-02-23,61.65999984741211,51.792423248291016
2018-02-26,62.459999084472656,52.46440124511719
2018-02-27,61.61000061035156,51.75041961669922
2018-02-28,61.06999969482422,51.296844482421875
2018-03-01,59.29999923706055,49.81010818481445
2018-03-02,59.970001220703125,50.37288284301758
2018-03-05,60.2400016784668,50.59967041015625
2018-03-06,60.61000061035156,50.910457611083984
2018-03-07,60.099998474121094,50.48207473754883
2018-03-08,60.470001220703125,50.79286193847656
2018-03-09,60.619998931884766,50.91884994506836
2018-03-12,60.68000030517578,50.96925354003906
2018-03-13,60.58000183105469,50.88526153564453
2018-03-14,60.84000015258789,51.10364532470703
2018-03-15,60.959999084472656,51.20444869995117
2018-03-16,60.689998626708984,50.97764587402344
2018-03-19,59.65999984741211,50.112491607666016
2018-03-20,60.0,50.39808654785156
2018-03-21,60.08000183105469,50.46527099609375
2018-03-22,59.529998779296875,50.0032958984375
2018-03-23,58.279998779296875,48.95332717895508
2018-03-26,59.11000061035156,49.650508880615234
2018-03-27,59.25,49.768104553222656
2018-03-28,59.91999816894531,50.33088302612305
2018-03-29,60.68000030517578,50.96925354003906
2018-04-02,59.459999084472656,49.94449234008789
2018-04-03,60.209999084472656,50.57447052001953
2018-04-04,60.27000045776367,50.6248664855957
2018-04-05,60.56999969482422,50.876861572265625
2018-04-06,59.619998931884766,50.078887939453125
2018-04-09,60.150001525878906,50.52407455444336
2018-04-10,60.47999954223633,50.80126190185547
2018-04-11,60.33000183105469,50.675262451171875
2018-04-12,60.22999954223633,50.591270446777344
2018-04-13,60.22999954223633,50.591270446777344
2018-04-16,60.400001525878906,50.734066009521484
2018-04-17,60.630001068115234,50.92726135253906
2018-04-18,61.040000915527344,51.271644592285156
2018-04-19,60.810001373291016,51.07845687866211
2018-04-20,60.689998626708984,50.97764587402344
2018-04-23,60.61000061035156,50.910457611083984
2018-04-24,60.38999938964844,50.72566604614258
2018-04-25,60.58000183105469,50.88526153564453
2018-04-26,60.95000076293945,51.19605255126953
2018-04-27,60.779998779296875,51.053253173828125
2018-04-30,60.63999938964844,50.93566131591797
2018-05-01,60.59000015258789,50.89365005493164
2018-05-02,60.22999954223633,50.591270446777344
2018-05-03,60.290000915527344,50.641666412353516
2018-05-04,60.72999954223633,51.011253356933594
2018-05-07,60.79999923706055,51.07005310058594
2018-05-08,60.9900016784668,51.22964096069336
2018-05-09,60.470001220703125,50.79286193847656
2018-05-10,60.81999969482422,51.086849212646484
2018-05-11,61.279998779296875,51.47323226928711
2018-05-14,61.619998931884766,51.758819580078125
2018-05-15,60.9900016784668,51.22964096069336
2018-05-16,61.16999816894531,51.380828857421875
2018-05-17,61.15999984741211,51.3724365234375
2018-05-18,61.0099983215332,51.24644470214844
2018-05-21,61.08000183105469,51.305240631103516
2018-05-22,60.939998626708984,51.187644958496094
2018-05-23,60.70000076293945,50.98605728149414
2018-05-24,60.33000183105469,50.675262451171875
2018-05-25,60.130001068115234,50.50727844238281
2018-05-29,59.72999954223633,50.17129135131836
2018-05-30,60.150001525878906,50.52407455444336
2018-05-31,59.7400016784668,50.179691314697266
2018-06-01,60.150001525878906,50.52407455444336
2018-06-04,60.5099983215332,50.82645797729492
2018-06-05,60.400001525878906,50.734066009521484
2018-06-06,60.65999984741211,50.952457427978516
2018-06-07,60.65999984741211,50.952457427978516
2018-06-08,60.84000015258789,51.10364532470703
2018-06-11,61.029998779296875,51.263240814208984
2018-06-12,60.650001525878906,50.944061279296875
2018-06-13,60.70000076293945,50.98605728149414
2018-06-14,60.63999938964844,50.93566131591797
2018-06-15,60.31999969482422,50.66686248779297
2018-06-18,59.880001068115234,50.297279357910156
2018-06-19,58.790000915527344,49.76399612426758
2018-06-20,58.810001373291016,49.78093719482422
2018-06-21,58.59000015258789,49.59470748901367
2018-06-22,58.880001068115234,49.84018325805664
2018-06-25,58.08000183105469,49.16300964355469
2018-06-26,58.41999816894531,49.4508171081543
2018-06-27,58.029998779296875,49.12068557739258
2018-06-28,58.099998474121094,49.1799430847168
2018-06-29,57.90999984741211,49.01911163330078
2018-07-02,56.9900016784668,48.24036407470703
2018-07-03,56.91999816894531,48.18110275268555
2018-07-05,56.83000183105469,48.104923248291016
2018-07-06,57.20000076293945,48.418121337890625
2018-07-09,57.9900016784668,49.08683395385742
2018-07-10,57.77000045776367,48.900604248046875
2018-07-11,56.970001220703125,48.223426818847656
2018-07-12,57.029998779296875,48.27421569824219
2018-07-13,57.560001373291016,48.72283935546875
2018-07-16,57.58000183105469,48.73977279663086
2018-07-17,58.09000015258789,49.171478271484375
2018-07-18,58.0,49.09529113769531
2018-07-19,58.0099983215332,49.103759765625
2018-07-20,58.189998626708984,49.25612258911133
2018-07-23,58.47999954223633,49.5015983581543
2018-07-24,58.720001220703125,49.704750061035156
2018-07-25,59.099998474121094,50.02640151977539
2018-07-26,59.25,50.15338134765625
2018-07-27,59.43000030517578,50.30574035644531
2018-07-30,58.97999954223633,49.924835205078125
2018-07-31,58.529998779296875,49.543922424316406
2018-08-01,58.90999984741211,49.865577697753906
2018-08-02,58.58000183105469,49.586238861083984
2018-08-03,58.56999969482422,49.577781677246094
2018-08-06,58.130001068115234,49.20532989501953
2018-08-07,58.619998931884766,49.6201057434082
2018-08-08,58.560001373291016,49.569313049316406
2018-08-09,58.34000015258789,49.383094787597656
2018-08-10,57.5,48.67205810546875
2018-08-13,57.15999984741211,48.384254455566406
2018-08-14,57.38999938964844,48.578941345214844
2018-08-15,56.689998626708984,47.986412048339844
2018-08-16,57.0,48.248817443847656
2018-08-17,57.189998626708984,48.40964889526367
2018-08-20,57.41999816894531,48.60433578491211
2018-08-21,57.40999984741211,48.59587860107422
2018-08-22,57.650001525878906,48.79902267456055
2018-08-23,57.40999984741211,48.59587860107422
2018-08-24,57.61000061035156,48.76516342163086
2018-08-27,58.47999954223633,49.5015983581543
2018-08-28,58.29999923706055,49.3492317199707
2018-08-29,58.5099983215332,49.5269889831543
2018-08-30,58.099998474121094,49.1799430847168
2018-08-31,58.220001220703125,49.28151321411133
2018-09-04,57.5,48.67205810546875
2018-09-05,56.88999938964844,48.15571594238281
2018-09-06,57.02000045776367,48.26575469970703
2018-09-07,56.66999816894531,47.969482421875
2018-09-10,56.79999923706055,48.079524993896484
2018-09-11,56.91999816894531,48.18110275268555
2018-09-12,57.029998779296875,48.27421569824219
2018-09-13,57.470001220703125,48.646663665771484
2018-09-14,58.119998931884766,49.196868896484375
2018-09-17,58.150001525878906,49.222267150878906
2018-09-18,59.540000915527344,50.39886474609375
2018-09-19,59.75,50.57661437988281
2018-09-20,59.90999984741211,50.712059020996094
2018-09-21,60.040000915527344,50.82209014892578
2018-09-24,59.77000045776367,50.59354782104492
2018-09-25,60.220001220703125,50.974456787109375
2018-09-26,60.5099983215332,51.21992874145508
2018-09-27,60.349998474121094,51.084495544433594
2018-09-28,60.22999954223633,50.98291778564453
2018-10-01,60.63999938964844,51.32997131347656
2018-10-02,60.5,51.211463928222656
2018-10-03,59.970001220703125,50.762847900390625
2018-10-04,59.15999984741211,50.07719802856445
2018-10-05,59.16999816894531,50.085662841796875
2018-10-08,59.43000030517578,50.30574035644531
2018-10-09,59.09000015258789,50.017948150634766
2018-10-10,57.63999938964844,48.790565490722656
2018-10-11,56.599998474121094,47.91022872924805
2018-10-12,56.72999954223633,48.02027130126953
2018-10-15,56.560001373291016,47.87637710571289
2018-10-16,57.61000061035156,48.76516342163086
2018-10-17,57.56999969482422,48.7313117980957
2018-10-18,56.529998779296875,47.850975036621094
2018-10-19,56.650001525878906,47.95256042480469
2018-10-22,56.29999923706055,47.65629577636719
2018-10-23,55.650001525878906,47.106082916259766
2018-10-24,53.869998931884766,45.599369049072266
2018-10-25,54.66999816894531,46.27653884887695
2018-10-26,53.970001220703125,45.68401336669922
2018-10-29,53.470001220703125,45.260780334472656
2018-10-30,54.310001373291016,45.97181701660156
2018-10-31,54.84000015258789,46.420440673828125
2018-11-01,54.709999084472656,46.310401916503906
2018-11-02,55.02000045776367,46.57280731201172
2018-11-05,54.81999969482422,46.40351104736328
2018-11-06,55.439998626708984,46.928321838378906
2018-11-07,56.02000045776367,47.419281005859375
2018-11-08,55.65999984741211,47.11454391479492
2018-11-09,55.099998474121094,46.64052963256836
2018-11-12,54.349998474121094,46.005680084228516
2018-11-13,54.150001525878906,45.83637619018555
2018-11-14,54.34000015258789,45.99721145629883
2018-11-15,54.65999984741211,46.26808166503906
2018-11-16,54.70000076293945,46.301944732666016
2018-11-19,54.459999084472656,46.098785400390625
2018-11-20,53.459999084472656,45.25231170654297
2018-11-21,54.279998779296875,45.9464225769043
2018-11-23,54.08000183105469,45.777130126953125
2018-11-26,54.810001373291016,46.395057678222656
2018-11-27,54.7599983215332,46.352718353271484
2018-11-28,55.47999954223633,46.96218490600586
2018-11-29,55.290000915527344,46.801361083984375
2018-11-30,55.34000015258789,46.84367752075195
2018-12-03,56.09000015258789,47.47853469848633
2018-12-04,54.02000045776367,45.72633743286133
2018-12-06,53.939998626708984,45.65862274169922
2018-12-07,53.540000915527344,45.32003402709961
2018-12-10,53.130001068115234,44.972984313964844
2018-12-11,53.09000015258789,44.939117431640625
2018-12-12,53.72999954223633,45.48085021972656
2018-12-13,53.56999969482422,45.34542465209961
2018-12-14,52.959999084472656,44.82908248901367
2018-12-17,52.540000915527344,44.47356033325195
2018-12-18,52.279998779296875,44.597259521484375
2018-12-19,51.5099983215332,43.940406799316406
2018-12-20,51.2400016784668,43.71009063720703
2018-12-21,49.65999984741211,42.36227035522461
2018-12-24,49.119998931884766,41.90162658691406
2018-12-26,50.04999923706055,42.69496536254883
2018-12-27,50.720001220703125,43.26650619506836
2018-12-28,50.779998779296875,43.317684173583984
2018-12-31,50.689998626708984,43.24090576171875
2019-01-02,51.040000915527344,43.53947830200195
2019-01-03,50.75,43.292091369628906
2019-01-04,52.470001220703125,44.75933837890625
2019-01-07,52.599998474121094,44.8702278137207
2019-01-08,52.849998474121094,45.08348846435547
2019-01-09,53.13999938964844,45.33087921142578
2019-01-10,53.459999084472656,45.603851318359375
2019-01-11,52.84000015258789,45.07495880126953
2019-01-14,52.650001525878906,44.91288375854492
2019-01-15,53.290000915527344,45.458839416503906
2019-01-16,53.54999923706055,45.68062210083008
2019-01-17,53.439998626708984,45.586788177490234
2019-01-18,54.150001525878906,46.19245147705078
2019-01-22,53.18000030517578,45.36499786376953
2019-01-23,53.029998779296875,45.237037658691406
2019-01-24,53.34000015258789,45.50148391723633
2019-01-25,53.91999816894531,45.996246337890625
2019-01-28,53.529998779296875,45.66355895996094
2019-01-29,53.58000183105469,45.70622253417969
2019-01-30,54.18000030517578,46.21804428100586
2019-01-31,54.279998779296875,46.303348541259766
2019-02-01,54.060001373291016,46.115684509277344
2019-02-04,54.18000030517578,46.21804428100586
2019-02-05,54.400001525878906,46.40571212768555
2019-02-06,53.95000076293945,46.021846771240234
2019-02-07,53.20000076293945,45.38206100463867
2019-02-08,52.72999954223633,44.98112869262695
2019-02-11,52.779998779296875,45.02377700805664
2019-02-12,53.709999084472656,45.81711196899414
2019-02-13,53.84000015258789,45.92800521850586
2019-02-14,53.79999923706055,45.893882751464844
2019-02-15,54.4900016784668,46.48249435424805
2019-02-19,54.58000183105469,46.559268951416016
2019-02-20,54.63999938964844,46.61044692993164
2019-02-21,54.560001373291016,46.542205810546875
2019-02-22,54.68000030517578,46.644561767578125
2019-02-25,54.9900016784668,46.90901184082031
2019-02-26,55.18000030517578,47.07109069824219
2019-02-27,54.88999938964844,46.823707580566406
2019-02-28,54.36000061035156,46.3715934753418
2019-03-01,54.52000045776367,46.508079528808594
2019-03-04,54.349998474121094,46.36306381225586
2019-03-05,54.400001525878906,46.40571212768555
2019-03-06,54.08000183105469,46.13274002075195
2019-03-07,53.439998626708984,45.586788177490234
2019-03-08,53.349998474121094,45.5100212097168
2019-03-11,53.93000030517578,46.00478744506836
2019-03-12,54.060001373291016,46.115684509277344
2019-03-13,54.27000045776367,46.294822692871094
2019-03-14,53.689998626708984,45.800048828125
2019-03-15,54.310001373291016,46.32894515991211
2019-03-18,54.459999084472656,46.45689392089844
2019-03-19,54.47999954223633,46.47395706176758
2019-03-20,54.5099983215332,46.499542236328125
2019-03-21,54.869998931884766,46.8066520690918
2019-03-22,54.279998779296875,46.303348541259766
2019-03-25,54.310001373291016,46.32894515991211
2019-03-26,54.90999984741211,46.84076690673828
2019-03-27,54.720001220703125,46.67869186401367
2019-03-28,54.75,46.70427703857422
2019-03-29,54.720001220703125,46.67869186401367
2019-04-01,55.40999984741211,47.26728820800781
2019-04-02,55.029998779296875,46.94313430786133
2019-04-03,55.36000061035156,47.22463607788086
2019-04-04,55.33000183105469,47.19905090332031
2019-04-05,55.369998931884766,47.23316955566406
2019-04-08,55.2400016784668,47.122276306152344
2019-04-09,54.939998626708984,46.866355895996094
2019-04-10,54.95000076293945,46.87489318847656
2019-04-11,54.779998779296875,46.72987365722656
2019-04-12,55.060001373291016,46.96873092651367
2019-04-15,55.04999923706055,46.9601936340332
2019-04-16,55.27000045776367,47.147865295410156
2019-04-17,55.27000045776367,47.147865295410156
2019-04-18,55.349998474121094,47.21611022949219
2019-04-22,55.150001525878906,47.045501708984375
2019-04-23,55.459999084472656,47.3099479675293
2019-04-24,54.779998779296875,46.72987365722656
2019-04-25,54.900001525878906,46.832244873046875
2019-04-26,55.400001525878906,47.258758544921875
2019-04-29,55.619998931884766,47.446434020996094
2019-04-30,55.41999816894531,47.275821685791016
2019-05-01,55.22999954223633,47.11374282836914
2019-05-02,55.25,47.13079833984375
2019-05-03,55.959999084472656,47.73646545410156
2019-05-06,55.38999938964844,47.25022888183594
2019-05-07,54.380001068115234,46.388648986816406
2019-05-08,54.04999923706055,46.10714340209961
2019-05-09,53.70000076293945,45.80857849121094
2019-05-10,54.06999969482422,46.12421417236328
2019-05-13,52.849998474121094,45.08348846435547
2019-05-14,53.59000015258789,45.71474838256836
2019-05-15,53.66999816894531,45.782989501953125
2019-05-16,53.88999938964844,45.97065734863281
2019-05-17,53.689998626708984,45.800048828125
2019-05-20,53.400001525878906,45.55266571044922
2019-05-21,53.77000045776367,45.86830520629883
2019-05-22,53.33000183105469,45.492950439453125
2019-05-23,52.93000030517578,45.15174102783203
2019-05-24,53.75,45.85123062133789
2019-05-28,53.29999923706055,45.46735763549805
2019-05-29,53.04999923706055,45.25410079956055
2019-05-30,53.290000915527344,45.458839416503906
2019-05-31,52.720001220703125,44.97259521484375
2019-06-03,53.029998779296875,45.237037658691406
2019-06-04,53.63999938964844,45.75739669799805
2019-06-05,53.66999816894531,45.782989501953125
2019-06-06,53.72999954223633,45.83415985107422
2019-06-07,54.380001068115234,46.388648986816406
2019-06-10,54.630001068115234,46.60190963745117
2019-06-11,54.810001373291016,46.755470275878906
2019-06-12,54.20000076293945,46.235111236572266
2019-06-13,54.13999938964844,46.183921813964844
2019-06-14,54.0,46.06449890136719
2019-06-17,53.66999816894531,46.19964599609375
2019-06-18,53.9900016784668,46.475101470947266
2019-06-19,54.470001220703125,46.88829040527344
2019-06-20,55.0,47.34451675415039
2019-06-21,54.459999084472656,46.879676818847656
2019-06-24,54.459999084472656,46.879676818847656
2019-06-25,54.220001220703125,46.67308807373047
2019-06-26,54.13999938964844,46.604225158691406
2019-06-27,54.36000061035156,46.79359817504883
2019-06-28,54.58000183105469,46.982975006103516
2019-07-01,55.36000061035156,47.6544189453125
2019-07-02,55.529998779296875,47.800743103027344
2019-07-03,55.689998626708984,47.938472747802734
2019-07-05,55.45000076293945,47.73189163208008
2019-07-08,55.130001068115234,47.4564208984375
2019-07-09,54.63999938964844,47.034629821777344
2019-07-10,54.970001220703125,47.318695068359375
2019-07-11,55.06999969482422,47.40477752685547
2019-07-12,55.09000015258789,47.421993255615234
2019-07-15,55.130001068115234,47.4564208984375
2019-07-16,54.720001220703125,47.10348892211914
2019-07-17,54.66999816894531,47.060455322265625
2019-07-18,54.529998779296875,46.93993377685547
2019-07-19,54.66999816894531,47.060455322265625
2019-07-22,54.75,47.12930679321289
2019-07-23,55.189998626708984,47.50807189941406
2019-07-24,55.2599983215332,47.568328857421875
2019-07-25,54.66999816894531,47.060455322265625
2019-07-26,54.810001373291016,47.18096160888672
2019-07-29,54.7400016784668,47.1207160949707
2019-07-30,54.38999938964844,46.81942367553711
2019-07-31,54.349998474121094,46.78498840332031
2019-08-01,54.34000015258789,46.77638626098633
2019-08-02,54.060001373291016,46.53535461425781
2019-08-05,52.720001220703125,45.381874084472656
2019-08-06,53.38999938964844,45.9586181640625
2019-08-07,53.7599983215332,46.27711486816406
2019-08-08,54.13999938964844,46.604225158691406
2019-08-09,53.56999969482422,46.11355972290039
2019-08-12,53.060001373291016,45.6745491027832
2019-08-13,53.65999984741211,46.1910400390625
2019-08-14,52.36000061035156,45.07197952270508
2019-08-15,52.86000061035156,45.50238037109375
2019-08-16,53.40999984741211,45.975833892822266
2019-08-19,53.400001525878906,45.96722412109375
2019-08-20,53.290000915527344,45.87253952026367
2019-08-21,53.470001220703125,46.0274772644043
2019-08-22,53.38999938964844,45.9586181640625
2019-08-23,52.790000915527344,45.44213104248047
2019-08-26,53.560001373291016,46.104957580566406
2019-08-27,53.38999938964844,45.9586181640625
2019-08-28,53.369998931884766,45.94139862060547
2019-08-29,53.75,46.26850891113281
2019-08-30,53.91999816894531,46.414852142333984
2019-09-03,53.95000076293945,46.440673828125
2019-09-04,54.25,46.698909759521484
2019-09-05,54.63999938964844,47.034629821777344
2019-09-06,54.83000183105469,47.19818878173828
2019-09-09,55.189998626708984,47.50807189941406
2019-09-10,55.349998474121094,47.64579391479492
2019-09-11,55.84000015258789,48.067604064941406
2019-09-12,56.209999084472656,48.38610076904297
2019-09-13,56.869998931884766,48.95423126220703
2019-09-16,56.56999969482422,48.69599151611328
2019-09-17,56.779998779296875,48.87676239013672
2019-09-18,56.65999984741211,48.77346420288086
2019-09-19,57.08000183105469,49.13500213623047
2019-09-20,56.95000076293945,49.023094177246094
2019-09-23,56.88999938964844,48.9714469909668
2019-09-24,56.970001220703125,49.04031753540039
2019-09-25,57.20000076293945,49.2382926940918
2019-09-26,57.29999923706055,49.32437515258789
2019-09-27,56.47999954223633,48.6185188293457
2019-09-30,56.7400016784668,48.84233093261719
2019-10-01,56.4900016784668,48.62712478637695
2019-10-02,55.790000915527344,48.024559020996094
2019-10-03,56.06999969482422,48.26558303833008
2019-10-04,56.720001220703125,48.82511520385742
2019-10-07,56.36000061035156,48.51522445678711
2019-10-08,56.029998779296875,48.231143951416016
2019-10-09,56.52000045776367,48.652950286865234
2019-10-10,56.45000076293945,48.59268569946289
2019-10-11,57.150001525878906,49.19526290893555
2019-10-14,56.900001525878906,48.98006057739258
2019-10-15,57.75,49.71174240112305
2019-10-16,57.630001068115234,49.60845184326172
2019-10-17,57.47999954223633,49.47932434082031
2019-10-18,57.369998931884766,49.38463592529297
2019-10-21,57.779998779296875,49.73756790161133
2019-10-22,57.849998474121094,49.797828674316406
2019-10-23,58.09000015258789,50.004425048828125
2019-10-24,58.119998931884766,50.03024673461914
2019-10-25,58.09000015258789,50.004425048828125
2019-10-28,58.2599983215332,50.150760650634766
2019-10-29,58.5099983215332,50.365962982177734
2019-10-30,58.66999816894531,50.503684997558594
2019-10-31,58.68000030517578,50.51229476928711
2019-11-01,59.2599983215332,51.011558532714844
2019-11-04,59.65999984741211,51.355892181396484
2019-11-05,59.7400016784668,51.42476272583008
2019-11-06,59.61000061035156,51.3128547668457
2019-11-07,59.959999084472656,51.6141357421875
2019-11-08,59.93000030517578,51.58830261230469
2019-11-11,59.779998779296875,51.45918655395508
2019-11-12,59.90999984741211,51.57109069824219
2019-11-13,59.70000076293945,51.390323638916016
2019-11-14,59.439998626708984,51.166507720947266
2019-11-15,59.790000915527344,51.46780014038086
2019-11-18,59.84000015258789,51.51083755493164
2019-11-19,59.650001525878906,51.347286224365234
2019-11-20,59.470001220703125,51.19233703613281
2019-11-21,59.529998779296875,51.243980407714844
2019-11-22,59.56999969482422,51.27842330932617
2019-11-25,59.97999954223633,51.631351470947266
2019-11-26,59.880001068115234,51.54526901245117
2019-11-27,60.0,51.64856719970703
2019-11-29,59.43000030517578,51.157901763916016
2019-12-02,59.310001373291016,51.05461120605469
2019-12-03,59.540000915527344,51.252601623535156
2019-12-04,60.209999084472656,51.829341888427734
2019-12-05,59.970001220703125,51.622737884521484
2019-12-06,60.65999984741211,52.21670150756836
2019-12-09,60.31999969482422,51.92402267456055
2019-12-10,60.290000915527344,51.89820098876953
2019-12-11,60.41999816894531,52.010108947753906
2019-12-12,60.56999969482422,52.13923263549805
2019-12-13,60.72999954223633,52.27695846557617
2019-12-16,60.290000915527344,52.517372131347656
2019-12-17,60.15999984741211,52.40412902832031
2019-12-18,59.91999816894531,52.1950798034668
2019-12-19,59.86000061035156,52.14280700683594
2019-12-20,59.81999969482422,52.107975006103516
2019-12-23,59.77000045776367,52.064422607421875
2019-12-24,59.529998779296875,51.85535430908203
2019-12-26,59.689998626708984,51.99472427368164
2019-12-27,59.58000183105469,51.89891052246094
2019-12-30,59.04999923706055,51.43723678588867
2019-12-31,59.2400016784668,51.60273742675781
2020-01-02,59.86000061035156,52.14280700683594
2020-01-03,59.20000076293945,51.56790542602539
2020-01-06,59.40999984741211,51.75082778930664
2020-01-07,59.5099983215332,51.837928771972656
2020-01-08,59.52000045776367,51.846649169921875
2020-01-09,59.939998626708984,52.21249771118164
2020-01-10,59.52000045776367,51.846649169921875
2020-01-13,59.86000061035156,52.14280700683594
2020-01-14,59.880001068115234,52.16023254394531
2020-01-15,59.65999984741211,51.968589782714844
2020-01-16,59.70000076293945,52.003440856933594
2020-01-17,59.7400016784668,52.038291931152344
2020-01-21,59.41999816894531,51.75954055786133
2020-01-22,59.689998626708984,51.99472427368164
2020-01-23,59.7599983215332,52.05570983886719
2020-01-24,59.529998779296875,51.85535430908203
2020-01-27,58.459999084472656,50.923301696777344
2020-01-28,58.97999954223633,51.37626647949219
2020-01-29,58.790000915527344,51.21076202392578
2020-01-30,58.709999084472656,51.14106750488281
2020-01-31,57.75,50.30482864379883
2020-02-03,58.189998626708984,50.6881103515625
2020-02-04,59.06999969482422,51.45465850830078
2020-02-05,59.599998474121094,51.91633605957031
2020-02-06,60.04999923706055,52.30832290649414
2020-02-07,59.470001220703125,51.8030891418457
2020-02-10,59.400001525878906,51.742122650146484
2020-02-11,59.70000076293945,52.003440856933594
2020-02-12,59.40999984741211,51.75082778930664
2020-02-13,58.88999938964844,51.29786682128906
2020-02-14,58.45000076293945,50.91459655761719
2020-02-18,57.58000183105469,50.1567497253418
2020-02-19,57.47999954223633,50.06964111328125
2020-02-20,57.11000061035156,49.74734878540039
2020-02-21,56.630001068115234,49.3292236328125
2020-02-24,54.720001220703125,47.665462493896484
2020-02-25,54.630001068115234,47.58707046508789
2020-02-26,54.900001525878906,47.82225799560547
2020-02-27,53.02000045776367,46.18461990356445
2020-02-28,52.959999084472656,46.13236618041992
2020-03-02,53.630001068115234,46.71599197387695
2020-03-03,52.939998626708984,46.11494827270508
2020-03-04,54.09000015258789,47.11668395996094
2020-03-05,53.11000061035156,46.26301956176758
2020-03-06,52.599998474121094,45.81877517700195
2020-03-09,49.91999816894531,43.48428726196289
2020-03-10,51.40999984741211,44.78219985961914
2020-03-11,49.66999816894531,43.26650619506836
2020-03-12,44.79999923706055,39.02436065673828
2020-03-13,46.27000045776367,40.30484390258789
2020-03-16,43.220001220703125,37.64805603027344
2020-03-17,45.34000015258789,39.494747161865234
2020-03-18,44.380001068115234,38.65850830078125
2020-03-19,45.0,39.19856643676758
2020-03-20,45.11000061035156,39.294395446777344
2020-03-23,44.63999938964844,38.884979248046875
2020-03-24,47.7400016784668,41.58533477783203
2020-03-25,48.63999938964844,42.36930465698242
2020-03-26,50.2400016784668,43.763031005859375
2020-03-27,50.18000030517578,43.71076583862305
2020-03-30,50.790000915527344,44.242122650146484
2020-03-31,49.38999938964844,43.022613525390625
2020-04-01,47.040000915527344,40.9755744934082
2020-04-02,47.63999938964844,41.49822235107422
2020-04-03,46.56999969482422,40.566162109375
2020-04-06,49.31999969482422,42.961639404296875
2020-04-07,49.849998474121094,43.42330551147461
2020-04-08,49.72999954223633,43.31877899169922
2020-04-09,50.380001068115234,43.88497543334961
2020-04-13,50.16999816894531,43.70205307006836
2020-04-14,51.09000015258789,44.503448486328125
2020-04-15,50.58000183105469,44.059200286865234
2020-04-16,50.150001525878906,43.68464279174805
2020-04-17,50.81999969482422,44.26825714111328
2020-04-20,50.040000915527344,43.58881759643555
2020-04-21,49.56999969482422,43.179405212402344
2020-04-22,50.43000030517578,43.92853546142578
2020-04-23,50.5,43.989505767822266
2020-04-24,50.88999938964844,44.3292350769043
2020-04-27,51.59000015258789,44.938987731933594
2020-04-28,52.34000015258789,45.59230041503906
2020-04-29,53.2599983215332,46.39369201660156
2020-04-30,51.7599983215332,45.087059020996094
2020-05-01,50.849998474121094,44.29438400268555
2020-05-04,50.599998474121094,44.07661819458008
2020-05-05,51.09000015258789,44.503448486328125
2020-05-06,50.70000076293945,44.16372299194336
2020-05-07,51.459999084472656,44.82574462890625
2020-05-08,52.34000015258789,45.59230041503906
2020-05-11,52.84000015258789,46.027835845947266
2020-05-12,52.150001525878906,45.42679214477539
2020-05-13,52.400001525878906,45.644561767578125
2020-05-14,51.619998931884766,44.96512222290039
2020-05-15,51.709999084472656,45.043514251708984
2020-05-18,53.0,46.167205810546875
2020-05-19,52.380001068115234,45.62714385986328
2020-05-20,53.16999816894531,46.31529235839844
2020-05-21,52.599998474121094,45.81877517700195
2020-05-22,52.66999816894531,45.87975311279297
2020-05-26,54.459999084472656,47.43898391723633
2020-05-27,55.15999984741211,48.048736572265625
2020-05-28,55.880001068115234,48.67591094970703
2020-05-29,55.40999984741211,48.26650619506836
2020-06-01,56.25,48.99821853637695
2020-06-02,56.5,49.21598434448242
2020-06-03,56.88999938964844,49.555702209472656
2020-06-04,56.25,48.99821853637695
2020-06-05,57.060001373291016,49.703792572021484
2020-06-08,57.900001525878906,50.43550109863281
2020-06-09,57.599998474121094,50.174163818359375
2020-06-10,57.56999969482422,50.14804458618164
2020-06-11,55.150001525878906,48.0400276184082
2020-06-12,56.13999938964844,48.902400970458984
2020-06-15,55.09000015258789,48.36857986450195
2020-06-16,56.150001525878906,49.299251556396484
2020-06-17,56.400001525878906,49.51875305175781
2020-06-18,56.29999923706055,49.43095397949219
2020-06-19,56.029998779296875,49.193885803222656
2020-06-22,56.40999984741211,49.52752685546875
2020-06-23,56.560001373291016,49.65922546386719
2020-06-24,55.380001068115234,48.623199462890625
2020-06-25,56.0099983215332,49.17633056640625
2020-06-26,55.470001220703125,48.70222091674805
2020-06-29,55.47999954223633,48.71099853515625
2020-06-30,54.91999816894531,48.21931838989258
2020-07-01,54.810001373291016,48.12274169921875
2020-07-02,55.16999816894531,48.438819885253906
2020-07-06,55.880001068115234,49.06218719482422
2020-07-07,55.380001068115234,48.623199462890625
2020-07-08,55.34000015258789,48.58807373046875
2020-07-09,55.06999969482422,48.35102081298828
2020-07-10,55.790000915527344,48.98317337036133
2020-07-13,55.5,48.728553771972656
2020-07-14,55.939998626708984,49.1148681640625
2020-07-15,56.650001525878906,49.73824691772461
2020-07-16,56.06999969482422,49.22900390625
2020-07-17,56.15999984741211,49.30803298950195
2020-07-20,56.20000076293945,49.34314727783203
2020-07-21,56.22999954223633,49.36948776245117
2020-07-22,56.08000183105469,49.237789154052734
2020-07-23,55.88999938964844,49.07097244262695
2020-07-24,55.83000183105469,49.01829528808594
2020-07-27,56.939998626708984,49.99286651611328
2020-07-28,56.59000015258789,49.685569763183594
2020-07-29,56.619998931884766,49.711910247802734
2020-07-30,55.77000045776367,48.96561813354492
2020-07-31,54.33000183105469,47.7013053894043
2020-08-03,55.439998626708984,48.675872802734375
2020-08-04,56.060001373291016,49.22023010253906
2020-08-05,56.02000045776367,49.18511962890625
2020-08-06,55.97999954223633,49.14999008178711
2020-08-07,56.0,49.16754150390625
2020-08-10,56.27000045776367,49.40460968017578
2020-08-11,56.72999954223633,49.8084831237793
2020-08-12,57.93000030517578,50.86207580566406
2020-08-13,57.86000061035156,50.80061340332031
2020-08-14,57.849998474121094,50.79183578491211
2020-08-17,58.09000015258789,51.00255584716797
2020-08-18,58.290000915527344,51.17815399169922
2020-08-19,57.97999954223633,50.90597152709961
2020-08-20,57.77000045776367,50.72159194946289
2020-08-21,57.61000061035156,50.581119537353516
2020-08-24,58.25,51.14303970336914
2020-08-25,58.16999816894531,51.072792053222656
2020-08-26,58.33000183105469,51.2132682800293
2020-08-27,57.790000915527344,50.739158630371094
2020-08-28,58.099998474121094,51.01133728027344
2020-08-31,58.02000045776367,50.94109344482422
2020-09-01,58.18000030517578,51.08156967163086
2020-09-02,58.7599983215332,51.59081268310547
2020-09-03,57.72999954223633,50.68647003173828
2020-09-04,58.04999923706055,50.967430114746094
2020-09-08,57.56999969482422,50.545997619628906
2020-09-09,57.77000045776367,50.72159194946289
2020-09-10,57.79999923706055,50.7479362487793
2020-09-11,58.54999923706055,51.40643310546875
2020-09-14,58.970001220703125,51.77519226074219
2020-09-15,59.2400016784668,52.01224136352539
2020-09-16,59.45000076293945,52.19662857055664
2020-09-17,59.52000045776367,52.258079528808594
2020-09-18,59.2599983215332,52.0297966003418
2020-09-21,58.380001068115234,51.257171630859375
2020-09-22,58.560001373291016,51.41521453857422
2020-09-23,58.900001525878906,51.7137336730957
2020-09-24,58.66999816894531,51.51178741455078
2020-09-25,58.7599983215332,51.59081268310547
2020-09-28,59.58000183105469,52.31076431274414
2020-09-29,59.529998779296875,52.2668571472168
2020-09-30,59.06999969482422,51.86298751831055
2020-10-01,59.08000183105469,51.871768951416016
2020-10-02,58.790000915527344,51.61715316772461
2020-10-05,59.27000045776367,52.03858947753906
2020-10-06,59.13999938964844,51.92444610595703
2020-10-07,59.45000076293945,52.19662857055664
2020-10-08,59.470001220703125,52.21418380737305
2020-10-09,59.459999084472656,52.20539474487305
2020-10-12,59.619998931884766,52.34587860107422
2020-10-13,59.43000030517578,52.17906188964844
2020-10-14,59.52000045776367,52.258079528808594
2020-10-15,59.02000045776367,51.819087982177734
2020-10-16,58.900001525878906,51.7137336730957
2020-10-19,58.970001220703125,51.77519226074219
2020-10-20,58.97999954223633,51.783966064453125
2020-10-21,59.439998626708984,52.187835693359375
2020-10-22,59.27000045776367,52.03858947753906
2020-10-23,59.29999923706055,52.06492614746094
2020-10-26,58.72999954223633,51.56446838378906
2020-10-27,58.939998626708984,51.748844146728516
2020-10-28,58.13999938964844,51.046451568603516
2020-10-29,58.58000183105469,51.432769775390625
2020-10-30,58.2400016784668,51.13425064086914
2020-11-02,58.849998474121094,51.66983413696289
2020-11-03,60.09000015258789,52.7585334777832
2020-11-04,59.9900016784668,52.67074203491211
2020-11-05,61.470001220703125,53.97016525268555
2020-11-06,61.52000045776367,54.014076232910156
2020-11-09,63.33000183105469,55.60322952270508
2020-11-10,63.09000015258789,55.39251708984375
2020-11-11,63.470001220703125,55.72615432739258
2020-11-12,62.4900016784668,54.86572265625
2020-11-13,63.380001068115234,55.64713668823242
2020-11-16,64.27999877929688,56.43731689453125
2020-11-17,64.02999877929688,56.21782684326172
2020-11-18,63.599998474121094,55.840293884277344
2020-11-19,64.0199966430664,56.209041595458984
2020-11-20,64.73999786376953,56.841190338134766
2020-11-23,64.77999877929688,56.87631607055664
2020-11-24,65.76000213623047,57.736751556396484
2020-11-25,65.29000091552734,57.324092864990234
2020-11-27,66.2300033569336,58.149410247802734
2020-11-30,64.38999938964844,56.533905029296875
2020-12-01,65.70999908447266,57.6928596496582
2020-12-02,65.5999984741211,57.596275329589844
2020-12-03,65.76000213623047,57.736751556396484
2020-12-04,66.05999755859375,58.000144958496094
2020-12-07,65.08999633789062,57.148502349853516
2020-12-08,65.23999786376953,57.28019714355469
2020-12-09,65.69999694824219,57.68407440185547
2020-12-10,65.80999755859375,57.780643463134766
2020-12-11,65.94999694824219,57.903568267822266
2020-12-14,65.91000366210938,58.095733642578125
2020-12-15,66.37999725341797,58.50999450683594
2020-12-16,66.37000274658203,58.501182556152344
2020-12-17,66.76000213623047,58.844947814941406
2020-12-18,66.56999969482422,58.67747116088867
2020-12-21,65.8499984741211,58.04283905029297
2020-12-22,65.81999969482422,58.01639938354492
2020-12-23,66.05999755859375,58.227943420410156
2020-12-24,65.81999969482422,58.01639938354492
2020-12-28,66.48999786376953,58.60696029663086
2020-12-29,67.31999969482422,59.338558197021484
2020-12-30,67.3499984741211,59.364994049072266
2020-12-31,67.55999755859375,59.55009078979492
2021-01-04,66.76000213623047,58.844947814941406
2021-01-05,67.37999725341797,59.39143753051758
2021-01-06,68.18000030517578,60.096595764160156
2021-01-07,68.04000091552734,59.97319793701172
2021-01-08,69.29000091552734,61.074989318847656
2021-01-11,68.63999938964844,60.50204086303711
2021-01-12,69.0,60.81937026977539
2021-01-13,69.19999694824219,60.99566650390625
2021-01-14,69.91999816894531,61.63029861450195
2021-01-15,68.72000122070312,60.572574615478516
2021-01-19,69.12000274658203,60.92515182495117
2021-01-20,69.47000122070312,61.23366165161133
2021-01-21,69.19999694824219,60.99566650390625
2021-01-22,69.23999786376953,61.03091812133789
2021-01-25,69.51000213623047,61.2689094543457
2021-01-26,69.5199966430664,61.2777214050293
2021-01-27,68.0,59.937931060791016
2021-01-28,68.44000244140625,60.32577133178711
2021-01-29,66.98999786376953,59.047672271728516
2021-02-01,67.69000244140625,59.66469192504883
2021-02-02,68.2300033569336,60.14067077636719
2021-02-03,68.62999725341797,60.49324035644531
2021-02-04,68.70999908447266,60.56375503540039
2021-02-05,69.25,61.03972625732422
2021-02-08,70.48999786376953,62.13272476196289
2021-02-09,70.87000274658203,62.46767807006836
2021-02-10,70.73999786376953,62.35307312011719
2021-02-11,71.11000061035156,62.6792106628418
2021-02-12,71.55000305175781,63.06706237792969
2021-02-16,71.86000061035156,63.340293884277344
2021-02-17,71.76000213623047,63.25215530395508
2021-02-18,70.9000015258789,62.49410629272461
2021-02-19,71.33999633789062,62.88193893432617
2021-02-22,71.16999816894531,62.732093811035156
2021-02-23,71.01000213623047,62.59107208251953
2021-02-24,70.41999816894531,62.071014404296875
2021-02-25,69.20999908447266,61.00447082519531
2021-02-26,68.22000122070312,60.1318473815918
2021-03-01,69.3499984741211,61.12788391113281
2021-03-02,68.66999816894531,60.52850341796875
2021-03-03,68.26000213623047,60.1671028137207
2021-03-04,67.61000061035156,59.59416961669922
2021-03-05,68.16000366210938,60.07897186279297
2021-03-08,67.4000015258789,59.4090690612793
2021-03-09,68.13999938964844,60.061336517333984
2021-03-10,68.37999725341797,60.27287673950195
2021-03-11,68.04000091552734,59.97319793701172
2021-03-12,68.94000244140625,60.766483306884766
2021-03-15,69.30999755859375,61.092620849609375
2021-03-16,69.54000091552734,61.29536056518555
2021-03-17,69.98999786376953,61.69200134277344
2021-03-18,70.18000030517578,61.859474182128906
2021-03-19,70.69000244140625,62.30900955200195
2021-03-22,70.22000122070312,61.89473342895508
2021-03-23,69.16999816894531,60.96921157836914
2021-03-24,68.41000366210938,60.29932403564453
2021-03-25,69.19000244140625,60.98685073852539
2021-03-26,70.11000061035156,61.79777908325195
2021-03-29,69.69000244140625,61.42756652832031
2021-03-30,69.18000030517578,60.97804260253906
2021-03-31,68.5199966430664,60.39628982543945
2021-04-01,69.13999938964844,60.942779541015625
2021-04-05,69.9800033569336,61.68318557739258
2021-04-06,68.91999816894531,60.74885559082031
2021-04-07,69.12000274658203,60.92515182495117
2021-04-08,69.19000244140625,60.98685073852539
2021-04-09,69.66999816894531,61.409942626953125
2021-04-12,69.23999786376953,61.03091812133789
2021-04-13,69.68000030517578,61.418758392333984
2021-04-14,69.55000305175781,61.30416488647461
2021-04-15,69.87999725341797,61.59503936767578
2021-04-16,69.95999908447266,61.66555404663086
2021-04-19,69.29000091552734,61.074989318847656
2021-04-20,67.79000091552734,59.75284194946289
2021-04-21,68.37000274658203,60.26405715942383
2021-04-22,68.48999786376953,60.36983108520508
2021-04-23,69.0999984741211,60.90752029418945
2021-04-26,68.83999633789062,60.6783447265625
2021-04-27,68.0,59.937931060791016
2021-04-28,67.9800033569336,59.92031478881836
2021-04-29,68.04000091552734,59.97319793701172
2021-04-30,67.41999816894531,59.426700592041016
2021-05-03,68.22000122070312,60.1318473815918
2021-05-04,67.36000061035156,59.37382125854492
2021-05-05,68.16999816894531,60.08778381347656
2021-05-06,68.72000122070312,60.572574615478516
2021-05-07,69.05999755859375,60.872257232666016
2021-05-10,68.91999816894531,60.74885559082031
2021-05-11,67.75,59.71757507324219
2021-05-12,65.43000030517578,57.672630310058594
2021-05-13,65.97000122070312,58.14861297607422
2021-05-14,67.01000213623047,59.065311431884766
2021-05-17,66.44999694824219,58.57170104980469
2021-05-18,67.29000091552734,59.31211853027344
2021-05-19,66.94999694824219,59.012413024902344
2021-05-20,67.55999755859375,59.55009078979492
2021-05-21,67.93000030517578,59.8762321472168
2021-05-24,68.2300033569336,60.14067077636719
2021-05-25,68.06999969482422,59.99962615966797
2021-05-26,68.22000122070312,60.1318473815918
2021-05-27,68.2699966430664,60.17591857910156
2021-05-28,68.58000183105469,60.44917678833008
2021-06-01,68.1500015258789,60.070167541503906
2021-06-02,68.77999877929688,60.625465393066406
2021-06-03,68.80000305175781,60.643089294433594
2021-06-04,69.55000305175781,61.30416488647461
2021-06-07,69.81999969482422,61.542152404785156
2021-06-08,69.4800033569336,61.242469787597656
2021-06-09,68.98999786376953,60.81056213378906
2021-06-10,68.77999877929688,61.072509765625
2021-06-11,68.87999725341797,61.16129684448242
2021-06-14,68.86000061035156,61.1435432434082
2021-06-15,69.19000244140625,61.436561584472656
2021-06-16,69.08000183105469,61.3388786315918
2021-06-17,68.81999969482422,61.10802459716797
2021-06-18,67.25,59.71395492553711
2021-06-21,67.95999908447266,60.344390869140625
2021-06-22,68.04000091552734,60.41543197631836
2021-06-23,67.5199966430664,59.953697204589844
2021-06-24,68.11000061035156,60.47758483886719
2021-06-25,68.41999816894531,60.75284957885742
2021-06-28,68.13999938964844,60.50422286987305
2021-06-29,68.19000244140625,60.548614501953125
2021-06-30,67.54000091552734,59.97146224975586
2021-07-01,67.48999786376953,59.92705535888672
2021-07-02,67.91000366210938,60.30000305175781
2021-07-06,67.66000366210938,60.07801055908203
2021-07-07,67.69000244140625,60.104652404785156
2021-07-08,66.63999938964844,59.17230987548828
2021-07-09,68.43000030517578,60.76172637939453
2021-07-12,68.62999725341797,60.939308166503906
2021-07-13,68.41000366210938,60.74396514892578
2021-07-14,68.75,61.04585647583008
2021-07-15,67.91000366210938,60.30000305175781
2021-07-16,67.22000122070312,59.68732452392578
2021-07-19,66.26000213623047,58.834896087646484
2021-07-20,67.05000305175781,59.536373138427734
2021-07-21,67.52999877929688,59.962581634521484
2021-07-22,67.48999786376953,59.92705535888672
2021-07-23,67.87000274658203,60.26448059082031
2021-07-26,67.62999725341797,60.051368713378906
2021-07-27,67.26000213623047,59.722843170166016
2021-07-28,67.62000274658203,60.04249572753906
2021-07-29,67.8499984741211,60.24672317504883
2021-07-30,67.11000061035156,59.58964920043945
2021-08-02,67.76000213623047,60.16680145263672
2021-08-03,68.26000213623047,60.61077117919922
2021-08-04,67.55999755859375,59.98920822143555
2021-08-05,67.95999908447266,60.344390869140625
2021-08-06,67.81999969482422,60.22007751464844
2021-08-09,67.77999877929688,60.184566497802734
2021-08-10,67.81999969482422,60.22007751464844
2021-08-11,68.66000366210938,60.96595001220703
2021-08-12,68.43000030517578,60.76172637939453
2021-08-13,68.63999938964844,60.94818115234375
2021-08-16,68.16999816894531,60.53086471557617
2021-08-17,67.5999984741211,60.02473449707031
2021-08-18,67.25,59.71395492553711
2021-08-19,66.61000061035156,59.145668029785156
2021-08-20,66.66000366210938,59.1900749206543
2021-08-23,67.54000091552734,59.97146224975586
2021-08-24,68.13999938964844,60.50422286987305
2021-08-25,68.01000213623047,60.38878631591797
2021-08-26,67.66000366210938,60.07801055908203
2021-08-27,68.12999725341797,60.495330810546875
2021-08-30,68.04000091552734,60.41543197631836
2021-08-31,68.4000015258789,60.735084533691406
2021-09-01,69.51000213623047,61.720699310302734
2021-09-02,69.83000183105469,62.00484085083008
2021-09-03,71.80999755859375,63.76295471191406
2021-09-07,72.55999755859375,64.42891693115234
2021-09-08,72.25,64.15364837646484
2021-09-09,72.88999938964844,64.72193908691406
2021-09-10,72.80999755859375,64.6509017944336
2021-09-13,73.80999755859375,65.53883361816406
2021-09-14,73.4000015258789,65.17478942871094
2021-09-15,74.12000274658203,65.81410217285156
2021-09-16,73.94999694824219,65.66314697265625
2021-09-17,73.43000030517578,65.20142364501953
2021-09-20,72.37000274658203,64.26021575927734
2021-09-21,73.0199966430664,64.83737182617188
2021-09-22,72.48999786376953,64.36676025390625
2021-09-23,72.91000366210938,64.73970031738281
2021-09-24,72.66000366210938,64.51771545410156
2021-09-27,72.5999984741211,64.46443939208984
2021-09-28,71.02999877929688,63.07036590576172
2021-09-29,70.98999786376953,63.03485107421875
2021-09-30,70.25,62.377784729003906
2021-10-01,69.93000030517578,62.093631744384766
2021-10-04,67.98999786376953,60.371028900146484
2021-10-05,68.37000274658203,60.708438873291016
2021-10-06,67.77999877929688,60.184566497802734
2021-10-07,68.16999816894531,60.53086471557617
2021-10-08,67.86000061035156,60.25559997558594
2021-10-11,68.16000366210938,60.52198791503906
2021-10-12,67.72000122070312,60.13130187988281
2021-10-13,67.68000030517578,60.095767974853516
2021-10-14,68.31999969482422,60.66404342651367
2021-10-15,69.04000091552734,61.303375244140625
2021-10-18,68.69999694824219,61.001461029052734
2021-10-19,69.12999725341797,61.38326644897461
2021-10-20,69.05999755859375,61.32112121582031
2021-10-21,67.86000061035156,60.25559997558594
2021-10-22,68.41999816894531,60.75284957885742
2021-10-25,68.44999694824219,60.77946853637695
2021-10-26,68.45999908447266,60.788360595703125
2021-10-27,67.95999908447266,60.344390869140625
2021-10-28,68.5,60.82387161254883
2021-10-29,68.4000015258789,60.735084533691406
2021-11-01,69.43000030517578,61.6496696472168
2021-11-02,69.3499984741211,61.57863235473633
2021-11-03,69.7699966430664,61.951568603515625
2021-11-04,70.2699966430664,62.395530700683594
2021-11-05,70.36000061035156,62.4754524230957
2021-11-08,70.20999908447266,62.342254638671875
2021-11-09,69.7699966430664,61.951568603515625
2021-11-10,68.68000030517578,60.98370361328125
2021-11-11,69.08000183105469,61.3388786315918
2021-11-12,70.08000183105469,62.226829528808594
2021-11-15,70.0199966430664,62.17353820800781
2021-11-16,69.87999725341797,62.04924011230469
2021-11-17,69.58999633789062,61.791725158691406
2021-11-18,69.7699966430664,61.951568603515625
2021-11-19,69.91000366210938,62.07587432861328
2021-11-22,69.55000305175781,61.75621795654297
2021-11-23,69.62999725341797,61.827239990234375
2021-11-24,68.77999877929688,61.072509765625
2021-11-26,66.95999908447266,59.456451416015625
2021-11-29,67.1500015258789,59.62516784667969
2021-11-30,66.33000183105469,58.89706039428711
2021-12-01,65.9800033569336,58.58626937866211
2021-12-02,66.97000122070312,59.465328216552734
2021-12-03,67.36000061035156,59.81163787841797
2021-12-06,67.4000015258789,59.847145080566406
2021-12-07,68.97000122070312,61.241214752197266
2021-12-08,68.88999938964844,61.17017364501953
2021-12-09,68.33000183105469,60.672935485839844
2021-12-10,68.43000030517578,60.76172637939453
2021-12-13,66.88999938964844,60.17517852783203
2021-12-14,66.80999755859375,60.10319900512695
2021-12-15,67.95999908447266,61.13776397705078
2021-12-16,68.04000091552734,61.20974349975586
2021-12-17,67.20999908447266,60.46305465698242
2021-12-20,66.63999938964844,59.95027160644531
2021-12-21,67.02999877929688,60.30112075805664
2021-12-22,67.13999938964844,60.40007400512695
2021-12-23,67.4000015258789,60.63397979736328
2021-12-27,67.33999633789062,60.58000183105469
2021-12-28,67.41999816894531,60.65196990966797
2021-12-29,67.0999984741211,60.364097595214844
2021-12-30,66.91000366210938,60.193172454833984
2021-12-31,66.95999908447266,60.23815155029297
2022-01-03,67.02999877929688,60.30112075805664
2022-01-04,67.91000366210938,61.0927848815918
2022-01-05,67.5999984741211,60.813899993896484
2022-01-06,67.0999984741211,60.364097595214844
2022-01-07,66.66999816894531,59.977264404296875
2022-01-10,66.51000213623047,59.83332443237305
2022-01-11,67.02999877929688,60.30112075805664
2022-01-12,67.98999786376953,61.164756774902344
2022-01-13,67.30999755859375,60.553009033203125
2022-01-14,67.2300033569336,60.48105239868164
2022-01-18,66.16999816894531,59.52744674682617
2022-01-19,65.3499984741211,58.789772033691406
2022-01-20,65.05999755859375,58.52888488769531
2022-01-21,64.80999755859375,58.30398178100586
2022-01-24,64.52999877929688,58.05208206176758
2022-01-25,64.30000305175781,57.845176696777344
2022-01-26,63.40999984741211,57.04452133178711
2022-01-27,62.5099983215332,56.234859466552734
2022-01-28,62.75,56.450775146484375
2022-01-31,64.08000183105469,57.64725875854492
2022-02-01,64.0999984741211,57.665252685546875
2022-02-02,65.08000183105469,58.546878814697266
2022-02-03,63.720001220703125,57.32341003417969
2022-02-04,64.22000122070312,57.77320861816406
2022-02-07,64.26000213623047,57.80919647216797
2022-02-08,64.62999725341797,58.14204025268555
2022-02-09,65.5199966430664,58.94270324707031
2022-02-10,64.4800033569336,58.007110595703125
2022-02-11,63.959999084472656,57.539306640625
2022-02-14,63.959999084472656,57.539306640625
2022-02-15,64.66999816894531,58.17803955078125
2022-02-16,64.68000030517578,58.18702697753906
2022-02-17,63.72999954223633,57.332393646240234
2022-02-18,63.630001068115234,57.242435455322266
2022-02-22,63.119998931884766,56.78363800048828
2022-02-23,62.470001220703125,56.198883056640625
2022-02-24,62.11000061035156,55.87501907348633
2022-02-25,63.54999923706055,57.170467376708984
2022-02-28,62.939998626708984,56.621700286865234
2022-03-01,62.08000183105469,55.8480339050293
2022-03-02,62.290000915527344,56.03695297241211
2022-03-03,61.97999954223633,55.75807189941406
2022-03-04,61.18000030517578,55.038387298583984
2022-03-07,59.029998779296875,53.104209899902344
2022-03-08,58.18000030517578,52.339534759521484
2022-03-09,59.75,53.751930236816406
2022-03-10,59.5,53.52702713012695
2022-03-11,58.540000915527344,52.66340255737305
2022-03-14,58.619998931884766,52.73537063598633
2022-03-15,59.58000183105469,53.59900665283203
2022-03-16,60.90999984741211,54.79548263549805
2022-03-17,61.47999954223633,55.308265686035156
2022-03-18,62.27000045776367,56.018959045410156
2022-03-21,62.25,56.00096893310547
2022-03-22,62.439998626708984,56.171897888183594
2022-03-23,62.06999969482422,55.83903884887695
2022-03-24,62.75,56.450775146484375
2022-03-25,62.7400016784668,56.441776275634766
2022-03-28,61.79999923706055,55.59614181518555
2022-03-29,63.02000045776367,56.69367218017578
2022-03-30,62.36000061035156,56.09992218017578
2022-03-31,61.61000061035156,55.42521667480469
2022-04-01,61.93000030517578,55.71309280395508
2022-04-04,62.43000030517578,56.162899017333984
2022-04-05,60.79999923706055,54.69652557373047
2022-04-06,59.88999938964844,53.87788009643555
2022-04-07,59.68000030517578,53.688961029052734
2022-04-08,59.43000030517578,53.464054107666016
2022-04-11,58.5,52.62741470336914
2022-04-12,57.72999954223633,51.93470764160156
2022-04-13,58.560001373291016,52.681392669677734
2022-04-14,58.400001525878906,52.53746032714844
2022-04-18,57.70000076293945,51.90772247314453
2022-04-19,57.709999084472656,51.91672134399414
2022-04-20,58.25,52.40251541137695
2022-04-21,57.77000045776367,51.97069549560547
2022-04-22,56.90999984741211,51.1970329284668
2022-04-25,57.2599983215332,51.51189422607422
2022-04-26,56.04999923706055,50.423362731933594
2022-04-27,56.27000045776367,50.621280670166016
2022-04-28,57.29999923706055,51.54787826538086
2022-04-29,56.619998931884766,50.93614196777344
2022-05-02,56.599998474121094,50.918148040771484
2022-05-03,57.04999923706055,51.32297134399414
2022-05-04,58.060001373291016,52.23158645629883
2022-05-05,56.470001220703125,50.80120086669922
2022-05-06,56.689998626708984,50.999114990234375
2022-05-09,55.09000015258789,49.55973434448242
2022-05-10,55.16999816894531,49.6317024230957
2022-05-11,54.56999969482422,49.0919303894043
2022-05-12,55.18000030517578,49.64069747924805
2022-05-13,56.31999969482422,50.666259765625
2022-05-16,56.02000045776367,50.39636993408203
2022-05-17,56.43000030517578,50.76521682739258
2022-05-18,55.88999938964844,50.279422760009766
2022-05-19,56.369998931884766,50.711238861083984
2022-05-20,57.09000015258789,51.35895919799805
2022-05-23,57.63999938964844,51.8537483215332
2022-05-24,57.41999816894531,51.655826568603516
2022-05-25,57.540000915527344,51.76378631591797
2022-05-26,57.9900016784668,52.168617248535156
2022-05-27,58.34000015258789,52.48347473144531
2022-05-31,57.599998474121094,51.81776428222656
2022-06-01,57.630001068115234,51.84475326538086
2022-06-02,58.220001220703125,52.37553405761719
2022-06-03,57.0099983215332,51.2869873046875
2022-06-06,57.31999969482422,51.56587219238281
2022-06-07,57.5,51.727806091308594
2022-06-08,56.75,51.05309295654297
2022-06-09,55.79999923706055,50.68611526489258
2022-06-10,54.790000915527344,49.7686767578125
2022-06-13,53.2599983215332,48.3788948059082
2022-06-14,52.900001525878906,48.05189514160156
2022-06-15,53.4900016784668,48.58782196044922
2022-06-16,52.63999938964844,47.81571578979492
2022-06-17,52.060001373291016,47.288875579833984
2022-06-21,52.599998474121094,47.77938461303711
2022-06-22,52.34000015258789,47.54322052001953
2022-06-23,52.65999984741211,47.83388900756836
2022-06-24,53.70000076293945,48.77857208251953
2022-06-27,53.22999954223633,48.35165023803711
2022-06-28,53.150001525878906,48.27898025512695
2022-06-29,52.90999984741211,48.06098175048828
2022-06-30,52.83000183105469,47.98830795288086
2022-07-01,53.04999923706055,48.18814468383789
2022-07-05,52.709999084472656,47.87929916381836
2022-07-06,52.70000076293945,47.870216369628906
2022-07-07,53.45000076293945,48.551483154296875
2022-07-08,53.720001220703125,48.7967414855957
2022-07-11,52.9900016784668,48.133644104003906
2022-07-12,53.0099983215332,48.15180969238281
2022-07-13,52.72999954223633,47.8974723815918
2022-07-14,52.209999084472656,47.42512512207031
2022-07-15,52.7599983215332,47.92472457885742
2022-07-18,52.86000061035156,48.01555252075195
2022-07-19,53.619998931884766,48.705902099609375
2022-07-20,53.849998474121094,48.914825439453125
2022-07-21,54.529998779296875,49.53250503540039
2022-07-22,54.70000076293945,49.686927795410156
2022-07-25,54.689998626708984,49.6778450012207
2022-07-26,54.09000015258789,49.13283157348633
2022-07-27,55.18000030517578,50.12294006347656
2022-07-28,55.630001068115234,50.53169631958008
2022-07-29,56.150001525878906,51.00404357910156
2022-08-01,56.869998931884766,51.65804672241211
2022-08-02,55.790000915527344,50.677032470703125
2022-08-03,55.66999816894531,50.568023681640625
2022-08-04,55.650001525878906,50.549861907958984
2022-08-05,55.310001373291016,50.241024017333984
2022-08-08,55.290000915527344,50.22285842895508
2022-08-09,54.7400016784668,49.72325897216797
2022-08-10,56.310001373291016,51.14937973022461
2022-08-11,56.290000915527344,51.13120651245117
2022-08-12,57.029998779296875,51.80339431762695
2022-08-15,57.2599983215332,52.01231002807617
2022-08-16,56.9900016784668,51.76705551147461
2022-08-17,56.810001373291016,51.60355758666992
2022-08-18,56.61000061035156,51.4218864440918
2022-08-19,55.630001068115234,50.53169631958008
2022-08-22,55.060001373291016,50.01393508911133
2022-08-23,55.189998626708984,50.13201904296875
2022-08-24,55.16999816894531,50.113853454589844
2022-08-25,55.79999923706055,50.68611526489258
2022-08-26,54.439998626708984,49.45075988769531
2022-08-29,53.88999938964844,48.9511604309082
2022-08-30,53.83000183105469,48.89665603637695
2022-08-31,53.59000015258789,48.678653717041016
2022-09-01,52.95000076293945,48.097312927246094
2022-09-02,52.369998931884766,47.570465087890625
2022-09-06,51.54999923706055,46.82561111450195
2022-09-07,51.470001220703125,46.752952575683594
2022-09-08,52.09000015258789,47.31612777709961
2022-09-09,53.06999969482422,48.20631408691406
2022-09-12,53.09000015258789,48.224483489990234
2022-09-13,51.34000015258789,46.634864807128906
2022-09-14,52.08000183105469,47.30704116821289
2022-09-15,51.66999816894531,46.93461227416992
2022-09-16,51.630001068115234,46.898284912109375
2022-09-19,51.79999923706055,47.052703857421875
2022-09-20,51.2599983215332,46.562191009521484
2022-09-21,50.66999816894531,46.02626419067383
2022-09-22,51.06999969482422,46.38960647583008
2022-09-23,50.040000915527344,45.454002380371094
2022-09-26,49.22999954223633,44.71823501586914
2022-09-27,48.81999969482422,44.3458137512207
2022-09-28,49.7400016784668,45.18149948120117
2022-09-29,49.2599983215332,44.745487213134766
2022-09-30,48.849998474121094,44.3730583190918
2022-10-03,49.72999954223633,45.17240905761719
2022-10-04,51.31999969482422,46.6166877746582
2022-10-05,50.779998779296875,46.126182556152344
2022-10-06,50.31999969482422,45.70833969116211
2022-10-07,49.810001373291016,45.24508285522461
2022-10-10,49.61000061035156,45.06340789794922
2022-10-11,49.099998474121094,44.60014724731445
2022-10-12,48.7400016784668,44.27314376831055
2022-10-13,49.16999816894531,44.663734436035156
2022-10-14,48.459999084472656,44.018798828125
2022-10-17,48.95000076293945,44.463897705078125
2022-10-18,48.779998779296875,44.30947494506836
2022-10-19,48.47999954223633,44.036964416503906
2022-10-20,48.439998626708984,44.000633239746094
2022-10-21,49.290000915527344,44.772735595703125
2022-10-24,48.970001220703125,44.4820671081543
2022-10-25,50.09000015258789,45.499420166015625
2022-10-26,50.380001068115234,45.76284408569336
2022-10-27,49.75,45.190582275390625
2022-10-28,50.279998779296875,45.67200469970703
2022-10-31,49.9900016784668,45.40858459472656
2022-11-01,50.369998931884766,45.75375747680664
2022-11-02,50.040000915527344,45.454002380371094
2022-11-03,49.900001525878906,45.326839447021484
2022-11-04,50.869998931884766,46.20793914794922
2022-11-07,51.15999984741211,46.47135543823242
2022-11-08,51.900001525878906,47.14353942871094
2022-11-09,51.02000045776367,46.34419250488281
2022-11-10,53.869998931884766,48.93299102783203
2022-11-11,54.939998626708984,49.904930114746094
2022-11-14,54.189998626708984,49.22366714477539
2022-11-15,54.54999923706055,49.5506706237793
2022-11-16,54.36000061035156,49.37808609008789
2022-11-17,54.2599983215332,49.28725051879883
2022-11-18,54.2400016784668,49.26908493041992
2022-11-21,53.79999923706055,48.869407653808594
2022-11-22,54.95000076293945,49.91401672363281
2022-11-23,55.58000183105469,50.48628234863281
2022-11-25,55.959999084472656,50.831451416015625
2022-11-28,55.529998779296875,50.440860748291016
2022-11-29,55.189998626708984,50.13201904296875
2022-11-30,55.79999923706055,50.68611526489258
2022-12-01,56.18000030517578,51.03129196166992
2022-12-02,55.93000030517578,50.80420684814453
2022-12-05,54.7599983215332,49.74142837524414
2022-12-06,54.59000015258789,49.58700942993164
2022-12-07,54.75,49.73234176635742
2022-12-08,55.09000015258789,50.04118728637695
2022-12-09,55.2599983215332,50.19560241699219
2022-12-12,55.25,50.186527252197266
2022-12-13,55.91999816894531,50.90937042236328
2022-12-14,55.869998931884766,50.863853454589844
2022-12-15,54.5099983215332,49.62571716308594
2022-12-16,54.54999923706055,49.66212844848633
2022-12-19,54.20000076293945,49.3434944152832
2022-12-20,54.970001220703125,50.044498443603516
2022-12-21,54.88999938964844,49.97167205810547
2022-12-22,54.72999954223633,49.82600784301758
2022-12-23,54.77000045776367,49.862422943115234
2022-12-27,54.52000045776367,49.63482666015625
2022-12-28,53.869998931884766,49.043060302734375
2022-12-29,54.869998931884766,49.95345687866211
2022-12-30,54.439998626708984,49.56199264526367
2023-01-03,54.70000076293945,49.79869079589844
2023-01-04,54.15999984741211,49.30707550048828
2023-01-05,53.43000030517578,48.64249038696289
2023-01-06,54.77000045776367,49.862422943115234
2023-01-09,54.88999938964844,49.97167205810547
2023-01-10,54.7599983215332,49.85331344604492
2023-01-11,55.20000076293945,50.25389862060547
2023-01-12,56.529998779296875,51.464717864990234
2023-01-13,56.77000045776367,51.6832160949707
2023-01-17,57.310001373291016,52.174827575683594
2023-01-18,57.22999954223633,52.10199737548828
2023-01-19,57.20000076293945,52.074684143066406
2023-01-20,57.849998474121094,52.666446685791016
2023-01-23,57.689998626708984,52.520782470703125
2023-01-24,58.08000183105469,52.87583541870117
2023-01-25,58.779998779296875,53.51311492919922
2023-01-26,58.65999984741211,53.403865814208984
2023-01-27,58.81999969482422,53.549530029296875
2023-01-30,58.470001220703125,53.230892181396484
2023-01-31,58.66999816894531,53.412967681884766
2023-02-01,58.869998931884766,53.59504699707031
2023-02-02,58.72999954223633,53.46759033203125
2023-02-03,58.060001373291016,52.857627868652344
2023-02-06,57.529998779296875,52.37511444091797
2023-02-07,58.369998931884766,53.13984680175781
2023-02-08,57.72999954223633,52.55719757080078
2023-02-09,57.790000915527344,52.611820220947266
2023-02-10,58.119998931884766,52.91225051879883
2023-02-13,58.09000015258789,52.88493728637695
2023-02-14,57.79999923706055,52.62091827392578
2023-02-15,57.22999954223633,52.10199737548828
2023-02-16,57.040000915527344,51.92901611328125
2023-02-17,57.02000045776367,51.91081237792969
2023-02-21,56.31999969482422,51.273536682128906
2023-02-22,55.900001525878906,50.891170501708984
2023-02-23,56.459999084472656,51.40099334716797
2023-02-24,55.619998931884766,50.63625717163086
2023-02-27,56.150001525878906,51.118770599365234
2023-02-28,55.939998626708984,50.927581787109375
2023-03-01,56.029998779296875,51.009525299072266
2023-03-02,56.09000015258789,51.06414794921875
2023-03-03,57.380001068115234,52.238555908203125
2023-03-06,57.380001068115234,52.238555908203125
2023-03-07,56.869998931884766,51.77425003051758
2023-03-08,57.56999969482422,52.41153335571289
2023-03-09,57.470001220703125,52.32049560546875
2023-03-10,56.779998779296875,51.692317962646484
2023-03-13,56.2400016784668,51.20070266723633
2023-03-14,56.08000183105469,51.05503845214844
2023-03-15,54.939998626708984,50.017181396484375
2023-03-16,56.060001373291016,51.036834716796875
2023-03-17,55.709999084472656,50.71819305419922
2023-03-20,56.52000045776367,51.45561599731445
2023-03-21,56.869998931884766,51.77425003051758
2023-03-22,56.709999084472656,51.62858963012695
2023-03-23,56.959999084472656,51.8561897277832
2023-03-24,57.130001068115234,52.010963439941406
2023-03-27,57.380001068115234,52.238555908203125
2023-03-28,57.4900016784668,52.33870315551758
2023-03-29,57.709999084472656,52.53898620605469
2023-03-30,57.97999954223633,52.78479766845703
2023-03-31,58.689998626708984,53.431175231933594
2023-04-03,58.959999084472656,53.67698287963867
2023-04-04,58.939998626708984,53.658775329589844
2023-04-05,58.060001373291016,52.857627868652344
2023-04-06,57.810001373291016,52.630027770996094
2023-04-10,57.689998626708984,52.520782470703125
2023-04-11,57.880001068115234,52.693756103515625
2023-04-12,58.06999969482422,52.86673355102539
2023-04-13,58.880001068115234,53.60415267944336
2023-04-14,58.439998626708984,53.20357894897461
2023-04-17,58.61000061035156,53.35834503173828
2023-04-18,58.959999084472656,53.67698287963867
2023-04-19,58.4900016784668,53.24909591674805
2023-04-20,58.68000030517578,53.42207336425781
2023-04-21,59.0099983215332,53.72249984741211
2023-04-24,58.97999954223633,53.695194244384766
2023-04-25,58.56999969482422,53.32192611694336
2023-04-26,58.36000061035156,53.130741119384766
2023-04-27,59.310001373291016,53.99562072753906
2023-04-28,58.84000015258789,53.56773376464844
2023-05-01,58.77000045776367,53.504005432128906
2023-05-02,58.279998779296875,53.05791091918945
2023-05-03,58.630001068115234,53.376556396484375
2023-05-04,58.7400016784668,53.47669219970703
2023-05-05,59.529998779296875,54.19590759277344
2023-05-08,59.400001525878906,54.07756042480469
2023-05-09,60.040000915527344,54.660213470458984
2023-05-10,59.7400016784668,54.38710021972656
2023-05-11,59.90999984741211,54.54186248779297
2023-05-12,60.20000076293945,54.805877685546875
2023-05-15,60.560001373291016,55.13361740112305
2023-05-16,60.439998626708984,55.02436447143555
2023-05-17,60.849998474121094,55.39763259887695
2023-05-18,60.86000061035156,55.40673828125
2023-05-19,60.959999084472656,55.497779846191406
2023-05-22,61.22999954223633,55.743587493896484
2023-05-23,60.349998474121094,54.94243621826172
2023-05-24,59.709999084472656,54.359779357910156
2023-05-25,60.04999923706055,54.669315338134766
2023-05-26,60.25,54.85139083862305
2023-05-30,59.86000061035156,54.496341705322266
2023-05-31,59.34000015258789,54.02293395996094
2023-06-01,60.83000183105469,55.379425048828125
2023-06-02,62.0,56.44459533691406
2023-06-05,61.779998779296875,56.24429702758789
2023-06-06,63.040000915527344,57.39140319824219
2023-06-07,61.0,55.91648483276367
2023-06-08,61.52000045776367,56.39315414428711
2023-06-09,62.220001220703125,57.03482437133789
2023-06-12,62.61000061035156,57.39231872558594
2023-06-13,63.5099983215332,58.21731948852539
2023-06-14,63.79999923706055,58.48314666748047
2023-06-15,63.709999084472656,58.40065002441406
2023-06-16,63.099998474121094,57.84148406982422
2023-06-20,62.22999954223633,57.043983459472656
2023-06-21,62.970001220703125,57.722320556640625
2023-06-22,62.45000076293945,57.24565124511719
2023-06-23,60.90999984741211,55.833988189697266
2023-06-26,60.90999984741211,55.833988189697266
2023-06-27,61.13999938964844,56.04482650756836
2023-06-28,61.81999969482422,56.668155670166016
2023-06-29,61.5099983215332,56.38398742675781
2023-06-30,61.900001525878906,56.74148941040039
2023-07-03,62.09000015258789,56.915653228759766
2023-07-05,61.58000183105469,56.44815444946289
2023-07-06,60.77000045776367,55.705657958984375
2023-07-07,61.63999938964844,56.50315475463867
2023-07-10,61.54999923706055,56.420654296875
2023-07-11,61.81999969482422,56.668155670166016
2023-07-12,62.25,57.062320709228516
2023-07-13,63.18000030517578,57.914817810058594
2023-07-14,62.41999816894531,57.2181510925293
2023-07-17,62.45000076293945,57.24565124511719
2023-07-18,63.310001373291016,58.03398895263672
2023-07-19,63.31999969482422,58.04315185546875
2023-07-20,62.47999954223633,57.27315139770508
2023-07-21,62.40999984741211,57.208988189697266
2023-07-24,62.5,57.29148864746094
2023-07-25,62.58000183105469,57.36482238769531
2023-07-26,62.83000183105469,57.59398651123047
2023-07-27,63.34000015258789,58.061485290527344
2023-07-28,63.70000076293945,58.391483306884766
2023-07-31,63.41999816894531,58.13481521606445
2023-08-01,62.66999816894531,57.44731521606445
2023-08-02,61.4900016784668,56.36566162109375
2023-08-03,61.189998626708984,56.09064865112305
2023-08-04,61.779998779296875,56.63148498535156
2023-08-07,62.29999923706055,57.108150482177734
2023-08-08,61.75,56.60398864746094
2023-08-09,61.209999084472656,56.10898971557617
2023-08-10,61.470001220703125,56.347320556640625
2023-08-11,61.369998931884766,56.25565719604492
2023-08-14,60.81999969482422,55.75149154663086
2023-08-15,60.16999816894531,55.15565872192383
2023-08-16,59.41999816894531,54.468162536621094
2023-08-17,59.16999816894531,54.23899841308594
2023-08-18,59.31999969482422,54.376495361328125
2023-08-21,59.369998931884766,54.422325134277344
2023-08-22,59.65999984741211,54.68815994262695
2023-08-23,60.45000076293945,55.412322998046875
2023-08-24,59.65999984741211,54.68815994262695
2023-08-25,59.970001220703125,54.97233200073242
2023-08-28,60.68000030517578,55.62316131591797
2023-08-29,61.099998474121094,56.008155822753906
2023-08-30,60.9900016784668,55.907325744628906
2023-08-31,61.63999938964844,56.50315475463867
2023-09-01,62.040000915527344,56.86982345581055
2023-09-05,62.06999969482422,56.89732360839844
2023-09-06,62.22999954223633,57.043983459472656
2023-09-07,62.22999954223633,57.043983459472656
2023-09-08,61.61000061035156,56.47565841674805
2023-09-11,62.31999969482422,57.12648391723633
2023-09-12,62.310001373291016,57.1173210144043
2023-09-13,62.279998779296875,57.089820861816406
2023-09-14,63.34000015258789,58.061485290527344
2023-09-15,62.9900016784668,57.74065399169922
2023-09-18,63.13999938964844,57.87814712524414
2023-09-19,63.45000076293945,58.162315368652344
2023-09-20,62.599998474121094,57.383155822753906
2023-09-21,61.630001068115234,56.493988037109375
2023-09-22,61.79999923706055,56.64982223510742
2023-09-25,61.720001220703125,56.57649612426758
2023-09-26,60.77000045776367,55.705657958984375
2023-09-27,61.029998779296875,55.94398880004883
2023-09-28,61.150001525878906,56.053993225097656
2023-09-29,60.290000915527344,55.265663146972656
2023-10-02,59.77000045776367,54.78899383544922
2023-10-03,58.72999954223633,53.835662841796875
2023-10-04,58.09000015258789,53.249000549316406
2023-10-05,59.22999954223633,54.29399108886719
2023-10-06,59.380001068115234,54.431495666503906
2023-10-09,59.54999923706055,54.58732986450195
2023-10-10,60.33000183105469,55.302330017089844
2023-10-11,60.18000030517578,55.164833068847656
2023-10-12,60.33000183105469,55.302330017089844
2023-10-13,59.58000183105469,54.614830017089844
2023-10-16,59.77000045776367,54.78899383544922
2023-10-17,59.88999938964844,54.898990631103516
2023-10-18,58.95000076293945,54.037330627441406
2023-10-19,58.52000045776367,53.64316177368164
2023-10-20,58.130001068115234,53.285667419433594
2023-10-23,57.9900016784668,53.15732955932617
2023-10-24,58.36000061035156,53.496498107910156
2023-10-25,58.130001068115234,53.285667419433594
2023-10-26,57.34000015258789,52.561500549316406
2023-10-27,57.81999969482422,53.001502990722656
2023-10-30,58.25,53.39566421508789
2023-10-31,58.959999084472656,54.0464973449707
2023-11-01,59.970001220703125,54.97233200073242
2023-11-02,60.95000076293945,55.870662689208984
2023-11-03,62.0,56.833160400390625
2023-11-06,61.20000076293945,56.09982681274414
2023-11-07,60.63999938964844,55.586490631103516
2023-11-08,59.63999938964844,54.66982650756836
2023-11-09,59.88999938964844,54.898990631103516
2023-11-10,60.470001220703125,55.430660247802734
2023-11-13,60.439998626708984,55.40315628051758
2023-11-14,61.63999938964844,56.50315475463867
2023-11-15,61.18000030517578,56.08148956298828
2023-11-16,61.38999938964844,56.27398681640625
2023-11-17,62.349998474121094,57.15398025512695
2023-11-20,62.36000061035156,57.163150787353516
2023-11-21,62.099998474121094,56.92481231689453
2023-11-22,62.4900016784668,57.28232192993164
2023-11-24,62.61000061035156,57.39231872558594
2023-11-27,62.560001373291016,57.34648513793945
2023-11-28,62.54999923706055,57.33731460571289
2023-11-29,62.4900016784668,57.28232192993164
2023-11-30,62.61000061035156,57.39231872558594
2023-12-01,63.209999084472656,57.942317962646484
2023-12-04,62.25,57.062320709228516
2023-12-05,62.02000045776367,56.85148620605469
2023-12-06,62.66999816894531,57.44731521606445
2023-12-07,63.150001525878906,57.8873176574707
2023-12-08,62.779998779296875,57.548152923583984
2023-12-11,63.13999938964844,57.87814712524414
2023-12-12,63.04999923706055,57.795650482177734
2023-12-13,64.01000213623047,58.67565155029297
2023-12-14,63.720001220703125,58.409820556640625
2023-12-15,63.16999816894531,57.9056510925293
2023-12-18,63.04999923706055,57.795650482177734
2023-12-19,63.2400016784668,57.969818115234375
2023-12-20,62.04999923706055,57.67702102661133
2023-12-21,63.130001068115234,58.680908203125
2023-12-22,63.33000183105469,58.8668098449707
2023-12-26,63.310001373291016,58.84822463989258
2023-12-27,63.65999984741211,59.17354965209961
2023-12-28,64.04000091552734,59.526771545410156
2023-12-29,64.13999938964844,59.619728088378906
2024-01-02,63.560001373291016,59.080604553222656
2024-01-03,63.209999084472656,58.75526809692383
2024-01-04,63.060001373291016,58.615840911865234
2024-01-05,63.529998779296875,59.05271530151367
2024-01-08,64.45999908447266,59.917171478271484
2024-01-09,64.06999969482422,59.554664611816406
2024-01-10,65.22000122070312,60.623619079589844
2024-01-11,65.80000305175781,61.16273498535156
2024-01-12,66.43000030517578,61.74833679199219
2024-01-16,65.94000244140625,61.292869567871094
2024-01-17,65.12000274658203,60.53065872192383
2024-01-18,65.7300033569336,61.0976676940918
2024-01-19,65.9000015258789,61.25569152832031
2024-01-22,66.68000030517578,61.980712890625
2024-01-23,66.08999633789062,61.43229293823242
2024-01-24,66.16999816894531,61.50665283203125
2024-01-25,65.91999816894531,61.27427291870117
2024-01-26,65.38999938964844,60.78163528442383
2024-01-29,66.16999816894531,61.50665283203125
2024-01-30,65.93000030517578,61.283573150634766
2024-01-31,66.20999908447266,61.54383850097656
2024-02-01,66.91999816894531,62.20380783081055
2024-02-02,66.51000213623047,61.82270431518555
2024-02-05,66.19000244140625,61.52524948120117
2024-02-06,66.18000030517578,61.51595687866211
2024-02-07,66.55999755859375,61.869171142578125
2024-02-08,66.38999938964844,61.711158752441406
2024-02-09,66.62999725341797,61.93424606323242
2024-02-12,66.97000122070312,62.25027847290039
2024-02-13,66.73999786376953,62.03647994995117
2024-02-14,67.0,62.278160095214844
2024-02-15,67.63999938964844,62.87306213378906
2024-02-16,67.62999725341797,62.86376190185547
2024-02-20,67.93000030517578,63.14262390136719
2024-02-21,67.79000091552734,63.01250076293945
2024-02-22,68.9000015258789,64.04426574707031
2024-02-23,69.01000213623047,64.14651489257812
2024-02-26,69.0,64.13721466064453
2024-02-27,69.18000030517578,64.30453491210938
2024-02-28,68.66999816894531,63.830467224121094
2024-02-29,69.12000274658203,64.24876403808594
2024-03-01,70.33000183105469,65.37348175048828
2024-03-04,69.91999816894531,64.99237823486328
2024-03-05,70.30000305175781,65.34561157226562
2024-03-06,71.37000274658203,66.34019470214844
2024-03-07,71.33999633789062,66.31229400634766
2024-03-08,71.18000030517578,66.16358947753906
2024-03-11,69.5999984741211,64.69493865966797
2024-03-12,69.9800033569336,65.04814910888672
2024-03-13,69.37000274658203,64.48115539550781
2024-03-14,69.05999755859375,64.19297790527344
2024-03-15,69.56999969482422,64.66703796386719
2024-03-18,70.6500015258789,65.67092895507812
2024-03-19,70.91999816894531,65.92190551757812
2024-03-20,71.47000122070312,66.43314361572266
2024-03-21,71.83000183105469,66.76777648925781
2024-03-22,71.81999969482422,66.75848388671875
2024-03-25,70.98999786376953,65.98696899414062
2024-03-26,71.30000305175781,66.2751235961914
2024-03-27,71.61000061035156,66.56328582763672
2024-03-28,71.3499984741211,66.32159423828125
2024-04-01,70.27999877929688,65.32701110839844
2024-04-02,69.91999816894531,64.99237823486328
2024-04-03,70.4000015258789,65.43855285644531
2024-04-04,69.66999816894531,64.76000213623047
2024-04-05,69.87000274658203,64.94591522216797
2024-04-08,70.22000122070312,65.27123260498047
2024-04-09,70.4800033569336,65.5129165649414
2024-04-10,69.37999725341797,64.49043273925781
2024-04-11,69.98999786376953,65.05744171142578
2024-04-12,69.05999755859375,64.19297790527344
2024-04-15,68.7699966430664,63.92341995239258
2024-04-16,67.80999755859375,63.03108215332031
2024-04-17,67.08999633789062,62.36182403564453
2024-04-18,66.88999938964844,62.17591857910156
2024-04-19,66.48999786376953,61.80410385131836
2024-04-22,67.16999816894531,62.436187744140625
2024-04-23,67.31999969482422,62.57561492919922
2024-04-24,67.61000061035156,62.845176696777344
2024-04-25,66.55999755859375,61.869171142578125
2024-04-26,67.12999725341797,62.39899826049805
2024-04-29,67.73999786376953,62.96601867675781
2024-04-30,67.2699966430664,62.529136657714844
2024-05-01,67.11000061035156,62.38041687011719
2024-05-02,68.47000122070312,63.64457321166992
2024-05-03,69.26000213623047,64.37889099121094
2024-05-06,69.66999816894531,64.76000213623047
2024-05-07,68.91000366210938,64.0535659790039
2024-05-08,68.04000091552734,63.244873046875
2024-05-09,68.33999633789062,63.52373123168945
2024-05-10,67.94999694824219,63.16121292114258
2024-05-13,67.68000030517578,62.91024398803711
2024-05-14,68.20999908447266,63.402896881103516
2024-05-15,68.97000122070312,64.10933685302734
2024-05-16,68.2699966430664,63.458656311035156
2024-05-17,68.7300033569336,63.886253356933594
2024-05-20,69.22000122070312,64.34172058105469
2024-05-21,68.81999969482422,63.96990203857422
2024-05-22,68.0199966430664,63.22627639770508
2024-05-23,67.72000122070312,62.947425842285156
2024-05-24,68.45999908447266,63.635276794433594
2024-05-28,68.8499984741211,63.99778366088867
2024-05-29,67.47000122070312,62.71504592895508
2024-05-30,68.05999755859375,63.263458251953125
2024-05-31,68.97000122070312,64.10933685302734
2024-06-03,69.4000015258789,64.50902557373047
2024-06-04,69.4800033569336,64.5833969116211
2024-06-05,69.27999877929688,64.3974838256836
2024-06-06,69.23999786376953,64.36030578613281
2024-06-07,68.7300033569336,63.886253356933594
2024-06-10,69.33999633789062,64.4532470703125
2024-06-11,68.05999755859375,63.73128890991211
2024-06-12,68.38999938964844,64.04029846191406
2024-06-13,67.1500015258789,62.879173278808594
2024-06-14,67.12999725341797,62.860443115234375
2024-06-17,66.61000061035156,62.37350845336914
2024-06-18,66.66000366210938,62.420345306396484
2024-06-20,66.4800033569336,62.25178909301758
2024-06-21,66.01000213623047,61.81167984008789
2024-06-24,66.51000213623047,62.279876708984375
2024-06-25,67.55999755859375,63.26308822631836
2024-06-26,67.30999755859375,63.028987884521484
2024-06-27,67.6500015258789,63.34737014770508
2024-06-28,68.23999786376953,63.899845123291016
2024-07-01,67.79000091552734,63.47846984863281
2024-07-02,68.86000061035156,64.48041534423828
2024-07-03,69.48999786376953,65.07035064697266
2024-07-05,69.95999908447266,65.51045227050781
2024-07-08,69.62000274658203,65.19207763671875
2024-07-09,70.0,65.54791259765625
2024-07-10,71.27999877929688,66.74649810791016
2024-07-11,71.01000213623047,66.49366760253906
2024-07-12,71.4000015258789,66.8588638305664
2024-07-15,71.05999755859375,66.54048919677734
2024-07-16,71.9000015258789,67.32706451416016
2024-07-17,71.4800033569336,66.93377685546875
2024-07-18,70.4000015258789,65.9224624633789
2024-07-19,69.95999908447266,65.51045227050781
2024-07-22,70.30000305175781,65.8288345336914
2024-07-23,70.23999786376953,65.77263641357422
2024-07-24,68.86000061035156,64.48041534423828
2024-07-25,67.77999877929688,63.46909713745117
2024-07-26,68.69000244140625,64.32122039794922
2024-07-29,68.8499984741211,64.4710464477539
2024-07-30,68.94000244140625,64.5553207397461
2024-07-31,70.97000122070312,66.45621490478516
2024-08-01,67.55000305175781,63.25373840332031
2024-08-02,64.6500015258789,60.538177490234375
2024-08-05,63.43000030517578,59.39576721191406
2024-08-06,63.119998931884766,59.10548400878906
2024-08-07,64.16999816894531,60.08869934082031
2024-08-08,65.52999877929688,61.36220932006836
2024-08-09,65.37000274658203,61.212379455566406
2024-08-12,65.7300033569336,61.54948425292969
2024-08-13,67.61000061035156,63.30991744995117
2024-08-14,67.70999908447266,63.40354919433594
2024-08-15,69.01000213623047,64.6208724975586
2024-08-16,69.37000274658203,64.9579849243164
2024-08-19,70.36000061035156,65.885009765625
2024-08-20,70.0199966430664,65.5666275024414
2024-08-21,70.83000183105469,66.32511138916016
2024-08-22,70.30999755859375,65.83818817138672
2024-08-23,71.93000030517578,67.35515594482422
2024-08-26,71.02999877929688,66.51239776611328
2024-08-27,71.7300033569336,67.16788482666016
2024-08-28,71.41999816894531,66.87759399414062
2024-08-29,71.54000091552734,66.98995971679688
2024-08-30,71.97000122070312,67.39260864257812
2024-09-03,70.88999938964844,66.38130187988281
2024-09-04,70.16000366210938,65.69773864746094
2024-09-05,70.58000183105469,66.09101867675781
2024-09-06,68.08999633789062,63.75938034057617
2024-09-09,69.33000183105469,64.92052459716797
2024-09-10,69.13999938964844,64.74259948730469
2024-09-11,69.55999755859375,65.13589477539062
2024-09-12,70.25,65.7820053100586
2024-09-13,69.87000274658203,65.42617797851562
2024-09-16,70.54000091552734,66.0535659790039
2024-09-17,69.70999908447266,65.2763442993164
2024-09-18,69.38999938964844,64.9767074584961
2024-09-19,71.2300033569336,66.69967651367188
2024-09-20,71.2699966430664,66.73712921142578
2024-09-23,71.69999694824219,67.13978576660156
2024-09-24,71.08000183105469,66.55921936035156
2024-09-25,70.94999694824219,66.43748474121094
2024-09-26,72.98999786376953,68.34773254394531
2024-09-27,71.08000183105469,66.55921936035156
2024-09-30,71.54000091552734,66.98995971679688
2024-10-01,71.63999938964844,67.0835952758789
2024-10-02,71.2300033569336,66.69967651367188
2024-10-03,70.94999694824219,66.43748474121094
2024-10-04,71.87999725341797,67.30833435058594
2024-10-07,71.04000091552734,66.52176666259766
2024-10-08,71.26000213623047,66.72776794433594
2024-10-09,70.88999938964844,66.38130187988281
2024-10-10,70.9000015258789,66.39067077636719
2024-10-11,71.05000305175781,66.53113555908203
2024-10-14,71.16999816894531,66.64348602294922
2024-10-15,69.70999908447266,65.2763442993164
2024-10-16,70.12999725341797,65.66964721679688
2024-10-17,69.76000213623047,65.32317352294922
2024-10-18,70.12999725341797,65.66964721679688
2024-10-21,68.97000122070312,64.58341979980469
2024-10-22,68.05999755859375,63.73128890991211
2024-10-23,66.66999816894531,62.42970657348633
2024-10-24,67.22000122070312,62.94472122192383
2024-10-25,67.23999786376953,62.96343994140625
2024-10-28,67.69999694824219,63.39418411254883
2024-10-29,68.36000061035156,64.01221466064453
2024-10-30,68.41999816894531,64.06839752197266
2024-10-31,68.06999969482422,63.740657806396484
2024-11-01,67.9800033569336,63.65638732910156
2024-11-04,68.04000091552734,63.712562561035156
2024-11-05,69.06999969482422,64.67705535888672
2024-11-06,69.37999725341797,64.96733856201172
2024-11-07,69.9800033569336,65.52918243408203
2024-11-08,69.43000030517578,65.01416015625
2024-11-11,69.5999984741211,65.17333984375
2024-11-12,68.5,64.14330291748047
2024-11-13,67.73999786376953,63.43164825439453
2024-11-14,67.81999969482422,63.506561279296875
2024-11-15,67.48999786376953,63.197540283203125
2024-11-18,67.87999725341797,63.56273651123047
2024-11-19,67.77999877929688,63.46909713745117
2024-11-20,67.27999877929688,63.00090408325195
2024-11-21,67.47000122070312,63.1788215637207
2024-11-22,67.94999694824219,63.6282844543457
2024-11-25,68.41999816894531,64.06839752197266
2024-11-26,68.06999969482422,63.740657806396484
2024-11-27,67.87999725341797,63.56273651123047
2024-11-29,69.69000244140625,65.25762176513672
2024-12-02,70.54000091552734,66.0535659790039
2024-12-03,71.55000305175781,66.99932861328125
2024-12-04,71.1500015258789,66.62476348876953
2024-12-05,71.0199966430664,66.50302124023438
2024-12-06,71.08000183105469,66.55921936035156
2024-12-09,70.45999908447266,65.97864532470703
2024-12-10,70.08000183105469,65.62281036376953
2024-12-11,71.06999969482422,66.54985809326172
2024-12-12,70.37000274658203,65.89437866210938
2024-12-13,69.54000091552734,65.1171646118164
2024-12-16,69.18000030517578,64.78006744384766
2024-12-17,67.87999725341797,64.55561065673828
2024-12-18,66.18000030517578,62.93886947631836
2024-12-19,66.38999938964844,63.138587951660156
2024-12-20,66.20999908447266,62.967403411865234
2024-12-23,66.48999786376953,63.23369216918945
2024-12-24,66.44999694824219,63.19564437866211
2024-12-26,67.22000122070312,63.92794418334961
2024-12-27,67.7300033569336,64.41297149658203
2024-12-30,67.16000366210938,63.870880126953125
2024-12-31,67.0999984741211,63.813819885253906
2025-01-02,67.01000213623047,63.72822952270508
2025-01-03,67.27999877929688,63.98500061035156
2025-01-06,67.43000030517578,64.12765502929688
2025-01-07,67.2699966430664,63.975486755371094
2025-01-08,67.0999984741211,63.813819885253906
2025-01-10,65.23999786376953,62.04490280151367
2025-01-13,65.41999816894531,62.216094970703125
2025-01-14,65.29000091552734,62.09246063232422
2025-01-15,66.2699966430664,63.02446746826172
2025-01-16,65.8499984741211,62.625030517578125
2025-01-17,66.18000030517578,62.93886947631836
2025-01-21,67.33000183105469,64.03255462646484
2025-01-22,67.25,63.956478118896484
2025-01-23,67.81999969482422,64.4985580444336
2025-01-24,68.4800033569336,65.12622833251953
2025-01-27,67.73999786376953,64.42247009277344
2025-01-28,68.30999755859375,64.96456146240234
2025-01-29,68.0999984741211,64.76483917236328
2025-01-30,69.12000274658203,65.7348861694336
2025-01-31,68.30999755859375,64.96456146240234
2025-02-03,67.66000366210938,64.34639739990234
2025-02-04,68.2699966430664,64.926513671875
2025-02-05,69.12000274658203,65.7348861694336
2025-02-06,69.4000015258789,66.00118255615234
2025-02-07,68.4800033569336,65.12622833251953
2025-02-10,68.75,65.38301086425781
2025-02-11,68.73999786376953,65.37349700927734
2025-02-12,68.0199966430664,64.68875122070312
2025-02-13,69.26000213623047,65.86803436279297
2025-02-14,69.37000274658203,65.97264862060547
2025-02-18,70.0999984741211,66.6668930053711
2025-02-19,69.62000274658203,66.21040344238281
2025-02-20,69.70999908447266,66.29598999023438
2025-02-21,69.08999633789062,65.70635223388672
2025-02-24,68.77999877929688,65.41154479980469
2025-02-25,69.47000122070312,66.0677490234375
2025-02-26,69.51000213623047,66.10578918457031
2025-02-27,69.0,65.62076568603516
2025-02-28,68.47000122070312,65.11671447753906
2025-03-03,69.20999908447266,65.82048034667969
2025-03-04,68.63999938964844,65.27839660644531
2025-03-05,70.1500015258789,66.71443939208984
2025-03-06,69.61000061035156,66.20088958740234
2025-03-07,70.16999816894531,66.73345947265625
2025-03-10,68.68000030517578,65.31643676757812
2025-03-11,68.26000213623047,64.91700744628906
2025-03-12,69.5199966430664,66.11529541015625
2025-03-13,69.26000213623047,65.86803436279297
2025-03-14,70.3499984741211,66.90464782714844
2025-03-17,71.08999633789062,67.60841369628906
2025-03-18,70.88999938964844,67.41819763183594
2025-03-19,71.69999694824219,68.18852996826172
2025-03-20,71.31999969482422,67.8271484375
2025-03-21,71.33000183105469,67.83665466308594
2025-03-24,71.16999816894531,67.68448638916016
2025-03-25,71.68000030517578,68.16950988769531
2025-03-26,70.75,67.2850570678711
2025-03-27,70.6500015258789,67.18995666503906
2025-03-28,69.22000122070312,65.82999420166016
2025-03-31,68.55999755859375,65.20231628417969
2025-04-01,68.19999694824219,64.85994720458984
2025-04-02,68.22000122070312,64.87896728515625
2025-04-03,65.41000366210938,62.20658874511719
2025-04-04,61.5099983215332,58.497581481933594
2025-04-07,61.31999969482422,58.316890716552734
2025-04-08,61.650001525878906,58.6307258605957
2025-04-09,66.33999633789062,63.09103012084961
2025-04-10,64.22000122070312,61.07486343383789
2025-04-11,65.81999969482422,62.596500396728516
2025-04-14,66.9000015258789,63.62360763549805
2025-04-15,67.44000244140625,64.13716888427734
2025-04-16,66.77999877929688,63.50947952270508
2025-04-17,68.06999969482422,64.73631286621094
2025-04-21,67.91999816894531,64.5936508178711
2025-04-22,69.2699966430664,65.8775405883789
2025-04-23,69.4800033569336,66.07725524902344
2025-04-24,70.27999877929688,66.83807373046875
2025-04-25,70.7699966430664,67.3040771484375
2025-04-28,71.73999786376953,68.22657012939453
2025-04-29,72.0199966430664,68.49285888671875
2025-04-30,71.43000030517578,67.9317626953125
2025-05-01,71.16999816894531,67.68448638916016
2025-05-02,71.88999938964844,68.36922454833984
2025-05-05,72.38999938964844,68.84474182128906
2025-05-06,72.43000030517578,68.88278198242188
2025-05-07,71.9800033569336,68.45482635498047
2025-05-08,71.83000183105469,68.31216430664062
2025-05-09,72.01000213623047,68.48335266113281
2025-05-12,72.80000305175781,69.23465728759766
2025-05-13,72.25,68.71159362792969
2025-05-14,71.44999694824219,67.95077514648438
2025-05-15,72.30000305175781,68.7591552734375
2025-05-16,72.48999786376953,68.9398422241211
2025-05-19,72.56999969482422,69.01592254638672
2025-05-20,72.98999786376953,69.41535186767578
2025-05-21,72.30999755859375,68.7686538696289
2025-05-22,72.37000274658203,68.82572174072266
2025-05-23,73.02999877929688,69.45339965820312
2025-05-27,74.94999694824219,71.27937316894531
2025-05-28,73.61000061035156,70.00499725341797
2025-05-29,74.02999877929688,70.4044189453125
2025-05-30,74.12000274658203,70.4900131225586
2025-06-02,75.04000091552734,71.36495971679688
2025-06-03,74.12999725341797,70.49951934814453
2025-06-04,74.08000183105469,70.45198059082031
2025-06-05,73.38999938964844,69.79576873779297
2025-06-06,73.81999969482422,70.2047119140625
2025-06-09,73.93000030517578,70.30931854248047
2025-06-10,73.87999725341797,70.26176452636719
2025-06-11,73.66999816894531,70.06204986572266
2025-06-12,74.20999908447266,70.57560729980469
2025-06-13,73.5999984741211,69.9954833984375
2025-06-16,73.1500015258789,70.13066864013672
2025-06-17,72.27999877929688,69.29656982421875
2025-06-18,73.05000305175781,70.0347900390625
2025-06-20,71.76000213623047,68.79803466796875
2025-06-23,72.0199966430664,69.04730224609375
2025-06-24,72.73999786376953,69.73758697509766
2025-06-25,72.44000244140625,69.44996643066406
2025-06-26,73.97000122070312,70.91681671142578
2025-06-27,75.27999877929688,72.17274475097656
2025-06-30,74.97000122070312,71.87554168701172
2025-07-01,74.41999816894531,71.3482437133789
2025-07-02,74.45999908447266,71.38658905029297
2025-07-03,74.5999984741211,71.52080535888672
2025-07-07,72.81999969482422,69.81427764892578
2025-07-08,73.19000244140625,70.16901397705078
2025-07-09,73.30000305175781,70.27447509765625
2025-07-10,72.94000244140625,69.92932891845703
2025-07-11,72.36000061035156,69.3732681274414
2025-07-14,72.41000366210938,69.42121124267578
2025-07-15,71.69000244140625,68.73092651367188
2025-07-16,72.0199966430664,69.04730224609375
2025-07-17,72.38999938964844,69.40203094482422
2025-07-18,71.80999755859375,68.8459701538086
2025-07-21,72.61000061035156,69.61295318603516
2025-07-22,72.9800033569336,69.96768188476562
2025-07-23,76.48999786376953,73.33280181884766
2025-07-24,76.55000305175781,73.39032745361328
2025-07-25,75.68000030517578,72.55623626708984
2025-07-28,74.2699966430664,71.20442962646484
2025-07-29,73.87999725341797,70.83052825927734
2025-07-30,73.9800033569336,70.92640686035156
2025-07-31,73.62000274658203,70.58126831054688
2025-08-01,74.06999969482422,71.01268768310547
2025-08-04,75.29000091552734,72.18233489990234
2025-08-05,75.02999877929688,71.93305969238281
2025-08-06,76.02999877929688,72.89179229736328
2025-08-07,76.62000274658203,73.45743560791016
2025-08-08,77.93000030517578,74.71336364746094
2025-08-11,77.79000091552734,74.57913970947266
2025-08-12,79.2300033569336,75.95970916748047
2025-08-13,79.2699966430664,75.99805450439453
2025-08-14,78.80000305175781,75.54745483398438
2025-08-15,80.1500015258789,76.84172821044922
2025-08-18,80.30000305175781,76.98554229736328
2025-08-19,80.0199966430664,76.71708679199219
2025-08-20,79.63999938964844,76.352783203125
2025-08-21,78.69999694824219,75.45157623291016
2025-08-22,80.0199966430664,76.71708679199219
2025-08-25,79.05000305175781,75.78713989257812
2025-08-26,78.91999816894531,75.6624984741211
2025-08-27,78.62999725341797,75.38446807861328
2025-08-28,79.29000091552734,76.0172348022461
2025-08-29,78.27999877929688,75.04891204833984
2025-09-02,78.1500015258789,74.92428588867188
2025-09-03,77.93000030517578,74.71336364746094
2025-09-04,78.7300033569336,75.4803466796875
2025-09-05,79.18000030517578,75.9117660522461
2025-09-08,80.95999908447266,77.61830139160156
2025-09-09,80.05999755859375,76.75543975830078
2025-09-10,80.36000061035156,77.0430679321289
2025-09-11,81.31999969482422,77.96343994140625
2025-09-12,80.76000213623047,77.42655181884766
2025-09-15,81.3499984741211,77.99219512939453
2025-09-16,81.3499984741211,77.99219512939453
2025-09-17,81.16999816894531,77.81962585449219
2025-09-18,81.48999786376953,78.12641906738281
2025-09-19,80.79000091552734,77.45531463623047
2025-09-22,81.25,77.89632415771484
2025-09-23,81.08999633789062,77.74292755126953
2025-09-24,80.8499984741211,77.5128402709961
2025-09-25,80.45999908447266,77.13893127441406
2025-09-26,80.44000244140625,77.11976623535156
2025-09-29,80.51000213623047,77.1868667602539
2025-09-30,80.20999908447266,76.89925384521484
2025-10-01,80.20999908447266,76.89925384521484
2025-10-02,80.1500015258789,76.84172821044922
2025-10-03,81.77999877929688,78.40444946289062
2025-10-06,83.2699966430664,79.83293914794922
2025-10-07,81.95999908447266,78.57701873779297
2025-10-08,81.75,78.37568664550781
2025-10-09,81.55000305175781,78.18394470214844
2025-10-10,78.36000061035156,75.1256103515625
2025-10-13,79.29000091552734,76.0172348022461
2025-10-14,80.04000091552734,76.73626708984375
2025-10-15,81.29000091552734,77.93467712402344
2025-10-16,81.55000305175781,78.18394470214844
2025-10-17,82.0,78.61537170410156
2025-10-20,83.54000091552734,80.09180450439453
2025-10-21,82.56999969482422,79.1618423461914
2025-10-22,82.18000030517578,78.7879409790039
2025-10-23,82.22000122070312,78.82628631591797
2025-10-24,82.5,79.09473419189453
2025-10-27,83.52999877929688,80.08221435546875
2025-10-28,83.93000030517578,80.46570587158203
2025-10-29,83.2300033569336,79.79460144042969
2025-10-30,83.20999908447266,79.77542114257812
2025-10-31,83.44999694824219,80.0055160522461
2025-11-03,83.63999938964844,80.18767547607422
2025-11-04,82.83000183105469,79.4111099243164
2025-11-05,82.80000305175781,79.3823471069336
2025-11-06,82.95999908447266,79.5357437133789
2025-11-07,83.29000091552734,79.85211944580078
2025-11-10,83.68000030517578,80.22602844238281
2025-11-11,83.75,80.29313659667969
2025-11-12,84.33999633789062,80.85877990722656
2025-11-13,83.01000213623047,79.58368682861328
2025-11-14,83.9800033569336,80.5136489868164
2025-11-17,82.47000122070312,79.06597137451172
2025-11-18,80.77999877929688,77.44572448730469
2025-11-19,80.68000030517578,77.349853515625
2025-11-20,79.48999786376953,76.20896911621094
2025-11-21,81.19000244140625,77.83880615234375
2025-11-24,81.73999786376953,78.36609649658203
2025-11-25,81.91999816894531,78.5386734008789
2025-11-26,83.26000213623047,79.8233642578125
2025-11-28,83.01000213623047,79.58368682861328
2025-12-01,82.52999877929688,79.12349700927734
2025-12-02,82.47000122070312,79.06597137451172
2025-12-03,82.61000061035156,79.2001953125
2025-12-04,83.62000274658203,80.16851043701172
2025-12-05,83.69999694824219,80.24520111083984
2025-12-08,83.19000244140625,79.75625610351562
2025-12-09,83.30999755859375,79.87129211425781
2025-12-10,83.91000366210938,80.446533203125
2025-12-11,84.22000122070312,80.74374389648438
2025-12-12,84.0,80.5328140258789
2025-12-15,84.87000274658203,81.36690521240234
2025-12-16,80.8499984741211,80.41309356689453
2025-12-17,79.73999786376953,79.30908966064453
2025-12-18,79.97000122070312,79.53784942626953
2025-12-19,80.58000183105469,80.1445541381836
2025-12-22,80.45999908447266,80.02519989013672
2025-12-23,81.13999938964844,80.70152282714844
2025-12-24,81.0,80.5622787475586
2025-12-26,80.97000122070312,80.5324478149414
2025-12-29,81.08999633789062,80.65179443359375
2025-12-30,80.9800033569336,80.54238891601562
2025-12-31,80.73999786376953,80.30368041992188
2026-01-02,81.33000183105469,80.8905029296875
