date,close,adj_close
2014-12-01,33.220001220703125,25.875816345214844
2014-12-02,33.06999969482422,25.75897789001465
2014-12-03,32.97999954223633,25.688873291015625
2014-12-04,33.060001373291016,25.751192092895508
2014-12-05,33.099998474121094,25.782344818115234
2014-12-08,32.86000061035156,25.595401763916016
2014-12-09,32.7400016784668,25.501935958862305
2014-12-10,32.45000076293945,25.27604866027832
2014-12-11,32.529998779296875,25.33835792541504
2014-12-12,32.04999923706055,24.9644775390625
2014-12-15,31.56999969482422,24.59059715270996
2014-12-16,31.829999923706055,24.793109893798828
2014-12-17,31.90999984741211,24.855424880981445
2014-12-18,32.439998626708984,25.268253326416016
2014-12-19,32.189998626708984,25.073524475097656
2014-12-22,32.41999816894531,25.25267791748047
2014-12-23,32.20000076293945,25.081315994262695
2014-12-24,32.34000015258789,25.190366744995117
2014-12-26,32.38999938964844,25.22930908203125
2014-12-29,32.13999938964844,25.034578323364258
2014-12-30,31.959999084472656,24.89437484741211
2014-12-31,31.690000534057617,24.684066772460938
2015-01-02,31.530000686645508,24.559438705444336
2015-01-05,31.110000610351562,24.232288360595703
2015-01-06,30.780000686645508,23.975244522094727
2015-01-07,30.979999542236328,24.13102912902832
2015-01-08,31.420000076293945,24.473756790161133
2015-01-09,31.59000015258789,24.606170654296875
2015-01-12,31.5,24.53607177734375
2015-01-13,31.649999618530273,24.65290641784668
2015-01-14,31.729999542236328,24.715221405029297
2015-01-15,32.93000030517578,25.649930953979492
2015-01-16,32.61000061035156,25.400672912597656
2015-01-20,32.61000061035156,25.400672912597656
2015-01-21,32.630001068115234,25.4162540435791
2015-01-22,32.34000015258789,25.190366744995117
2015-01-23,32.36000061035156,25.20594596862793
2015-01-26,32.33000183105469,25.182579040527344
2015-01-27,32.560001373291016,25.36172866821289
2015-01-28,31.760000228881836,24.73858642578125
2015-01-29,32.04999923706055,24.9644775390625
2015-01-30,31.75,24.730798721313477
2015-02-02,32.0099983215332,24.93331527709961
2015-02-03,32.290000915527344,25.15142059326172
2015-02-04,32.45000076293945,25.27604866027832
2015-02-05,32.58000183105469,25.377309799194336
2015-02-06,32.52000045776367,25.330568313598633
2015-02-09,32.709999084472656,25.478561401367188
2015-02-10,32.779998779296875,25.53308868408203
2015-02-11,32.560001373291016,25.36172866821289
2015-02-12,32.79999923706055,25.548667907714844
2015-02-13,32.81999969482422,25.564250946044922
2015-02-17,33.02000045776367,25.720033645629883
2015-02-18,32.959999084472656,25.673297882080078
2015-02-19,32.9900016784668,25.696664810180664
2015-02-20,33.43000030517578,26.039390563964844
2015-02-23,33.279998779296875,25.922550201416016
2015-02-24,33.349998474121094,25.977075576782227
2015-02-25,33.43000030517578,26.039390563964844
2015-02-26,33.40999984741211,26.023813247680664
2015-02-27,33.31999969482422,25.953710556030273
2015-03-02,33.310001373291016,25.945919036865234
2015-03-03,33.04999923706055,25.743396759033203
2015-03-04,33.060001373291016,25.751192092895508
2015-03-05,32.959999084472656,25.673297882080078
2015-03-06,32.689998626708984,25.46298599243164
2015-03-09,32.65999984741211,25.439620971679688
2015-03-10,32.11000061035156,25.011211395263672
2015-03-11,32.029998779296875,24.948898315429688
2015-03-12,32.369998931884766,25.21373176574707
2015-03-13,32.470001220703125,25.2916259765625
2015-03-16,32.54999923706055,25.353933334350586
2015-03-17,32.529998779296875,25.33835792541504
2015-03-18,33.529998779296875,26.117286682128906
2015-03-19,33.290000915527344,25.93033790588379
2015-03-20,34.0,26.483375549316406
2015-03-23,34.38999938964844,26.787160873413086
2015-03-24,34.31999969482422,26.732633590698242
2015-03-25,33.970001220703125,26.460006713867188
2015-03-26,33.47999954223633,26.078338623046875
2015-03-27,33.65999984741211,26.218542098999023
2015-03-30,33.66999816894531,26.226329803466797
2015-03-31,33.209999084472656,25.868024826049805
2015-04-01,33.599998474121094,26.17180824279785
2015-04-02,33.810001373291016,26.33538246154785
2015-04-06,34.02000045776367,26.49895668029785
2015-04-07,34.0099983215332,26.491167068481445
2015-04-08,34.09000015258789,26.553483963012695
2015-04-09,34.25,26.67810821533203
2015-04-10,34.40999984741211,26.802734375
2015-04-13,34.209999084472656,26.646949768066406
2015-04-14,34.459999084472656,26.84168243408203
2015-04-15,34.7599983215332,27.075355529785156
2015-04-16,34.970001220703125,27.238935470581055
2015-04-17,34.61000061035156,26.958520889282227
2015-04-20,34.47999954223633,26.857257843017578
2015-04-21,34.81999969482422,27.122095108032227
2015-04-22,34.529998779296875,26.896202087402344
2015-04-23,34.93000030517578,27.207775115966797
2015-04-24,34.810001373291016,27.114303588867188
2015-04-27,34.7400016784668,27.059778213500977
2015-04-28,34.63999938964844,26.98188591003418
2015-04-29,34.599998474121094,26.95073127746582
2015-04-30,34.540000915527344,26.903995513916016
2015-05-01,35.040000915527344,27.29345703125
2015-05-04,34.97999954223633,27.24671745300293
2015-05-05,34.88999938964844,27.17661476135254
2015-05-06,34.7599983215332,27.075355529785156
2015-05-07,34.630001068115234,26.974102020263672
2015-05-08,35.130001068115234,27.36356544494629
2015-05-11,35.08000183105469,27.324613571166992
2015-05-12,35.099998474121094,27.340190887451172
2015-05-13,35.470001220703125,27.628395080566406
2015-05-14,36.130001068115234,28.142484664916992
2015-05-15,35.91999816894531,27.978904724121094
2015-05-18,35.790000915527344,27.87765121459961
2015-05-19,35.56999969482422,27.706283569335938
2015-05-20,35.72999954223633,27.830913543701172
2015-05-21,35.90999984741211,27.971118927001953
2015-05-22,35.560001373291016,27.69849967956543
2015-05-26,34.91999816894531,27.199981689453125
2015-05-27,35.45000076293945,27.612817764282227
2015-05-28,35.650001525878906,27.768600463867188
2015-05-29,35.400001525878906,27.573869705200195
2015-06-01,35.189998626708984,27.410295486450195
2015-06-02,35.34000015258789,27.527135848999023
2015-06-03,35.439998626708984,27.60502052307129
2015-06-04,35.31999969482422,27.511552810668945
2015-06-05,34.75,27.067569732666016
2015-06-08,34.880001068115234,27.16883087158203
2015-06-09,34.61000061035156,26.958520889282227
2015-06-10,35.150001525878906,27.379138946533203
2015-06-11,35.16999816894531,27.39471435546875
2015-06-12,34.880001068115234,27.16883087158203
2015-06-15,34.5099983215332,26.88062286376953
2015-06-16,34.5,26.872838973999023
2015-06-17,34.439998626708984,26.82609748840332
2015-06-18,34.630001068115234,26.974102020263672
2015-06-19,34.63999938964844,26.98188591003418
2015-06-22,35.040000915527344,27.29345703125
2015-06-23,35.11000061035156,27.347984313964844
2015-06-24,34.61000061035156,26.958520889282227
2015-06-25,33.54999923706055,26.751998901367188
2015-06-26,33.83000183105469,26.975269317626953
2015-06-29,33.16999816894531,26.448993682861328
2015-06-30,32.75,26.114097595214844
2015-07-01,32.90999984741211,26.24167251586914
2015-07-02,33.15999984741211,26.441024780273438
2015-07-06,32.689998626708984,26.06624984741211
2015-07-07,32.810001373291016,26.161937713623047
2015-07-08,32.470001220703125,25.890832901000977
2015-07-09,32.900001525878906,26.233705520629883
2015-07-10,34.0,27.110816955566406
2015-07-13,34.0,27.110816955566406
2015-07-14,34.400001525878906,27.429767608642578
2015-07-15,34.040000915527344,27.14271354675293
2015-07-16,34.439998626708984,27.461660385131836
2015-07-17,34.279998779296875,27.33408546447754
2015-07-20,34.349998474121094,27.389896392822266
2015-07-21,34.16999816894531,27.24637222290039
2015-07-22,33.779998779296875,26.935394287109375
2015-07-23,34.040000915527344,27.14271354675293
2015-07-24,33.709999084472656,26.879579544067383
2015-07-27,33.2599983215332,26.520755767822266
2015-07-28,33.790000915527344,26.943368911743164
2015-07-29,33.900001525878906,27.03107452392578
2015-07-30,33.91999816894531,27.047027587890625
2015-07-31,34.099998474121094,27.190553665161133
2015-08-03,34.06999969482422,27.16663360595703
2015-08-04,33.970001220703125,27.086896896362305
2015-08-05,33.970001220703125,27.086896896362305
2015-08-06,33.709999084472656,26.879579544067383
2015-08-07,33.5,26.712127685546875
2015-08-10,33.849998474121094,26.991209030151367
2015-08-11,33.369998931884766,26.608470916748047
2015-08-12,33.31999969482422,26.568603515625
2015-08-13,33.369998931884766,26.608470916748047
2015-08-14,33.529998779296875,26.736051559448242
2015-08-17,33.59000015258789,26.783893585205078
2015-08-18,33.439998626708984,26.664283752441406
2015-08-19,33.45000076293945,26.672264099121094
2015-08-20,32.81999969482422,26.1699161529541
2015-08-21,32.0099983215332,25.524036407470703
2015-08-24,31.479999542236328,25.10142707824707
2015-08-25,31.739999771118164,25.30874252319336
2015-08-26,32.029998779296875,25.53998374938965
2015-08-27,32.130001068115234,25.61972427368164
2015-08-28,31.8700008392334,25.412405014038086
2015-08-31,31.81999969482422,25.372533798217773
2015-09-01,31.079999923706055,24.78247833251953
2015-09-02,31.280000686645508,24.94195556640625
2015-09-03,31.43000030517578,25.06155776977539
2015-09-04,31.030000686645508,24.742610931396484
2015-09-08,31.530000686645508,25.141298294067383
2015-09-09,31.510000228881836,25.125349044799805
2015-09-10,31.65999984741211,25.24495506286621
2015-09-11,31.770000457763672,25.332666397094727
2015-09-14,31.450000762939453,25.0775089263916
2015-09-15,31.709999084472656,25.28482437133789
2015-09-16,32.060001373291016,25.563907623291016
2015-09-17,32.13999938964844,25.627696990966797
2015-09-18,31.6200008392334,25.213064193725586
2015-09-21,31.520000457763672,25.13332176208496
2015-09-22,30.670000076293945,24.455551147460938
2015-09-23,30.200000762939453,24.080787658691406
2015-09-24,30.010000228881836,23.92928123474121
2015-09-25,30.09000015258789,23.993072509765625
2015-09-28,29.850000381469727,23.801700592041016
2015-09-29,29.93000030517578,23.865493774414062
2015-09-30,30.59000015258789,24.391761779785156
2015-10-01,30.59000015258789,24.391761779785156
2015-10-02,30.989999771118164,24.710716247558594
2015-10-05,31.520000457763672,25.13332176208496
2015-10-06,31.700000762939453,25.276851654052734
2015-10-07,31.479999542236328,25.10142707824707
2015-10-08,31.81999969482422,25.372533798217773
2015-10-09,31.889999389648438,25.428354263305664
2015-10-12,31.860000610351562,25.40443229675293
2015-10-13,31.649999618530273,25.236982345581055
2015-10-14,31.770000457763672,25.332666397094727
2015-10-15,32.220001220703125,25.691486358642578
2015-10-16,32.13999938964844,25.627696990966797
2015-10-19,31.959999084472656,25.484169006347656
2015-10-20,31.860000610351562,25.40443229675293
2015-10-21,31.559999465942383,25.165220260620117
2015-10-22,31.90999984741211,25.444299697875977
2015-10-23,32.189998626708984,25.66756248474121
2015-10-26,31.899999618530273,25.436328887939453
2015-10-27,31.6299991607666,25.22103500366211
2015-10-28,31.84000015258789,25.38848114013672
2015-10-29,31.899999618530273,25.436328887939453
2015-10-30,31.770000457763672,25.332666397094727
2015-11-02,32.119998931884766,25.611745834350586
2015-11-03,32.0099983215332,25.524036407470703
2015-11-04,31.84000015258789,25.38848114013672
2015-11-05,31.889999389648438,25.428354263305664
2015-11-06,31.649999618530273,25.236982345581055
2015-11-09,31.299999237060547,24.957901000976562
2015-11-10,31.1200008392334,24.814374923706055
2015-11-11,31.219999313354492,24.89410972595215
2015-11-12,30.920000076293945,24.654897689819336
2015-11-13,30.610000610351562,24.4077091217041
2015-11-16,30.940000534057617,24.67084503173828
2015-11-17,30.989999771118164,24.710716247558594
2015-11-18,31.209999084472656,24.886137008666992
2015-11-19,31.329999923706055,24.98181915283203
2015-11-20,31.1299991607666,24.822343826293945
2015-11-23,30.809999465942383,24.567188262939453
2015-11-24,30.690000534057617,24.47150230407715
2015-11-25,30.850000381469727,24.59908103942871
2015-11-27,30.829999923706055,24.583131790161133
2015-11-30,30.889999389648438,24.630977630615234
2015-12-01,31.06999969482422,24.77450180053711
2015-12-02,31.040000915527344,24.75058364868164
2015-12-03,31.239999771118164,24.910058975219727
2015-12-04,31.549999237060547,25.157245635986328
2015-12-07,31.350000381469727,24.997770309448242
2015-12-08,31.079999923706055,24.78247833251953
2015-12-09,30.940000534057617,24.67084503173828
2015-12-10,30.889999389648438,24.630977630615234
2015-12-11,30.510000228881836,24.327972412109375
2015-12-14,30.469999313354492,24.29607582092285
2015-12-15,30.68000030517578,24.463525772094727
2015-12-16,31.290000915527344,24.949932098388672
2015-12-17,30.770000457763672,24.53529167175293
2015-12-18,30.510000228881836,24.327972412109375
2015-12-21,30.56999969482422,24.375812530517578
2015-12-22,30.850000381469727,24.59908103942871
2015-12-23,31.360000610351562,25.0057430267334
2015-12-24,31.43000030517578,25.06155776977539
2015-12-28,31.469999313354492,25.093456268310547
2015-12-29,31.719999313354492,25.29279899597168
2015-12-30,31.68000030517578,25.26090431213379
2015-12-31,31.040000915527344,24.75058364868164
2016-01-04,30.690000534057617,24.47150230407715
2016-01-05,30.6200008392334,24.415681838989258
2016-01-06,30.15999984741211,24.048891067504883
2016-01-07,29.670000076293945,23.65817642211914
2016-01-08,29.229999542236328,23.307329177856445
2016-01-11,29.229999542236328,23.307329177856445
2016-01-12,29.610000610351562,23.61033058166504
2016-01-13,29.200000762939453,23.283409118652344
2016-01-14,29.549999237060547,23.562488555908203
2016-01-15,28.600000381469727,22.80497932434082
2016-01-19,28.90999984741211,23.052169799804688
2016-01-20,28.450000762939453,22.68537712097168
2016-01-21,28.360000610351562,22.613611221313477
2016-01-22,28.899999618530273,23.044193267822266
2016-01-25,28.68000030517578,22.8687744140625
2016-01-26,29.100000381469727,23.203670501708984
2016-01-27,28.8700008392334,23.02027702331543
2016-01-28,28.760000228881836,22.93256378173828
2016-01-29,29.15999984741211,23.25151252746582
2016-02-01,29.1200008392334,23.219615936279297
2016-02-02,28.600000381469727,22.80497932434082
2016-02-03,29.1200008392334,23.219615936279297
2016-02-04,28.8700008392334,23.02027702331543
2016-02-05,28.649999618530273,22.844852447509766
2016-02-08,28.239999771118164,22.517925262451172
2016-02-09,27.979999542236328,22.31060791015625
2016-02-10,28.149999618530273,22.446165084838867
2016-02-11,27.739999771118164,22.119237899780273
2016-02-12,28.170000076293945,22.46211051940918
2016-02-16,28.549999237060547,22.765113830566406
2016-02-17,28.709999084472656,22.8926944732666
2016-02-18,28.59000015258789,22.797008514404297
2016-02-19,28.600000381469727,22.80497932434082
2016-02-22,28.700000762939453,22.88472557067871
2016-02-23,28.290000915527344,22.55779457092285
2016-02-24,28.309999465942383,22.573741912841797
2016-02-25,28.639999389648438,22.83687400817871
2016-02-26,28.540000915527344,22.757137298583984
2016-02-29,28.329999923706055,22.589691162109375
2016-03-01,29.030000686645508,23.147857666015625
2016-03-02,29.18000030517578,23.267459869384766
2016-03-03,29.3799991607666,23.42693519592285
2016-03-04,29.25,23.323274612426758
2016-03-07,29.350000381469727,23.403013229370117
2016-03-08,29.15999984741211,23.25151252746582
2016-03-09,29.170000076293945,23.25948715209961
2016-03-10,29.260000228881836,23.33125114440918
2016-03-11,29.780000686645508,23.74588966369629
2016-03-14,29.600000381469727,23.602357864379883
2016-03-15,29.3799991607666,23.42693519592285
2016-03-16,29.59000015258789,23.594385147094727
2016-03-17,29.790000915527344,23.753862380981445
2016-03-18,29.65999984741211,23.65019989013672
2016-03-21,29.610000610351562,23.61033058166504
2016-03-22,29.530000686645508,23.546545028686523
2016-03-23,29.450000762939453,23.482751846313477
2016-03-24,29.15999984741211,23.25151252746582
2016-03-28,29.270000457763672,23.33922576904297
2016-03-29,29.6299991607666,23.62628173828125
2016-03-30,29.81999969482422,23.777786254882812
2016-03-31,29.729999542236328,23.706018447875977
2016-04-01,29.56999969482422,23.578439712524414
2016-04-04,29.6299991607666,23.62628173828125
2016-04-05,29.3799991607666,23.42693519592285
2016-04-06,30.020000457763672,23.937257766723633
2016-04-07,29.700000762939453,23.682098388671875
2016-04-08,30.049999237060547,23.961177825927734
2016-04-11,29.8799991607666,23.825624465942383
2016-04-12,30.170000076293945,24.056861877441406
2016-04-13,30.399999618530273,24.240262985229492
2016-04-14,30.549999237060547,24.3598690032959
2016-04-15,30.479999542236328,24.304052352905273
2016-04-18,30.719999313354492,24.495420455932617
2016-04-19,31.270000457763672,24.933979034423828
2016-04-20,31.1200008392334,24.814374923706055
2016-04-21,30.729999542236328,24.50339698791504
2016-04-22,30.59000015258789,24.391761779785156
2016-04-25,30.559999465942383,24.367843627929688
2016-04-26,30.610000610351562,24.4077091217041
2016-04-27,30.739999771118164,24.511369705200195
2016-04-28,30.6299991607666,24.423660278320312
2016-04-29,30.610000610351562,24.4077091217041
2016-05-02,30.93000030517578,24.66286849975586
2016-05-03,30.469999313354492,24.29607582092285
2016-05-04,30.079999923706055,23.9851016998291
2016-05-05,29.799999237060547,23.76183319091797
2016-05-06,29.770000457763672,23.737913131713867
2016-05-09,29.93000030517578,23.865493774414062
2016-05-10,30.25,24.120655059814453
2016-05-11,30.200000762939453,24.080787658691406
2016-05-12,30.239999771118164,24.112680435180664
2016-05-13,29.959999084472656,23.889415740966797
2016-05-16,30.18000030517578,24.064836502075195
2016-05-17,29.93000030517578,23.865493774414062
2016-05-18,29.940000534057617,23.87346839904785
2016-05-19,29.81999969482422,23.777786254882812
2016-05-20,30.059999465942383,23.96915054321289
2016-05-23,30.1200008392334,24.016998291015625
2016-05-24,30.40999984741211,24.248233795166016
2016-05-25,30.56999969482422,24.375812530517578
2016-05-26,30.790000915527344,24.551239013671875
2016-05-27,30.84000015258789,24.591108322143555
2016-05-31,30.540000915527344,24.35189437866211
2016-06-01,30.68000030517578,24.463525772094727
2016-06-02,30.780000686645508,24.543264389038086
2016-06-03,30.93000030517578,24.66286849975586
2016-06-06,31.06999969482422,24.77450180053711
2016-06-07,31.34000015258789,24.98979377746582
2016-06-08,31.399999618530273,25.037639617919922
2016-06-09,30.979999542236328,24.70273780822754
2016-06-10,30.219999313354492,24.09673309326172
2016-06-13,29.719999313354492,23.698043823242188
2016-06-14,29.420000076293945,23.458829879760742
2016-06-15,29.540000915527344,23.554521560668945
2016-06-16,29.6200008392334,23.61830711364746
2016-06-17,29.989999771118164,23.913333892822266
2016-06-20,30.31999969482422,24.176469802856445
2016-06-21,30.610000610351562,24.4077091217041
2016-06-22,29.770000457763672,24.369237899780273
2016-06-23,30.43000030517578,24.909500122070312
2016-06-24,28.309999465942383,23.174104690551758
2016-06-27,28.059999465942383,22.969459533691406
2016-06-28,28.690000534057617,23.485166549682617
2016-06-29,29.079999923706055,23.804412841796875
2016-06-30,29.649999618530273,24.271007537841797
2016-07-01,29.809999465942383,24.4019775390625
2016-07-05,29.059999465942383,23.788040161132812
2016-07-06,29.139999389648438,23.85352897644043
2016-07-07,29.059999465942383,23.788040161132812
2016-07-08,29.299999237060547,23.984500885009766
2016-07-11,29.600000381469727,24.230077743530273
2016-07-12,29.579999923706055,24.21370506286621
2016-07-13,29.690000534057617,24.303747177124023
2016-07-14,29.950000762939453,24.51658058166504
2016-07-15,29.799999237060547,24.393796920776367
2016-07-18,29.8700008392334,24.451095581054688
2016-07-19,29.639999389648438,24.262821197509766
2016-07-20,29.809999465942383,24.4019775390625
2016-07-21,29.709999084472656,24.32012176513672
2016-07-22,29.790000915527344,24.385610580444336
2016-07-25,29.809999465942383,24.4019775390625
2016-07-26,29.809999465942383,24.4019775390625
2016-07-27,29.889999389648438,24.46746253967285
2016-07-28,29.739999771118164,24.34467887878418
2016-07-29,30.209999084472656,24.729413986206055
2016-08-01,30.06999969482422,24.614810943603516
2016-08-02,30.0,24.557514190673828
2016-08-03,29.790000915527344,24.385610580444336
2016-08-04,29.959999084472656,24.524768829345703
2016-08-05,30.049999237060547,24.598440170288086
2016-08-08,29.969999313354492,24.53295135498047
2016-08-09,30.190000534057617,24.713043212890625
2016-08-10,30.360000610351562,24.852201461791992
2016-08-11,30.729999542236328,25.15507698059082
2016-08-12,30.729999542236328,25.15507698059082
2016-08-15,30.770000457763672,25.187824249267578
2016-08-16,30.780000686645508,25.196006774902344
2016-08-17,30.729999542236328,25.15507698059082
2016-08-18,30.989999771118164,25.367908477783203
2016-08-19,30.649999618530273,25.089590072631836
2016-08-22,30.700000762939453,25.130516052246094
2016-08-23,30.790000915527344,25.204191207885742
2016-08-24,30.559999465942383,25.015920639038086
2016-08-25,30.389999389648438,24.87675666809082
2016-08-26,30.200000762939453,24.721229553222656
2016-08-29,30.299999237060547,24.803085327148438
2016-08-30,30.280000686645508,24.786714553833008
2016-08-31,30.18000030517578,24.70485496520996
2016-09-01,30.260000228881836,24.770341873168945
2016-09-02,30.6200008392334,25.06502914428711
2016-09-06,30.969999313354492,25.35153579711914
2016-09-07,31.0,25.376094818115234
2016-09-08,30.940000534057617,25.326980590820312
2016-09-09,30.43000030517578,24.909500122070312
2016-09-12,30.739999771118164,25.16326332092285
2016-09-13,30.329999923706055,24.82764434814453
2016-09-14,30.31999969482422,24.8194580078125
2016-09-15,30.540000915527344,24.999547958374023
2016-09-16,30.059999465942383,24.60662269592285
2016-09-19,30.170000076293945,24.696672439575195
2016-09-20,30.399999618530273,24.88494300842285
2016-09-21,30.719999313354492,25.14689064025879
2016-09-22,31.06999969482422,25.433393478393555
2016-09-23,30.81999969482422,25.228748321533203
2016-09-26,30.56999969482422,25.024105072021484
2016-09-27,30.670000076293945,25.10595703125
2016-09-28,30.899999618530273,25.294235229492188
2016-09-29,30.459999084472656,24.93405532836914
2016-09-30,30.549999237060547,25.00773048400879
2016-10-03,30.479999542236328,24.95043182373047
2016-10-04,30.420000076293945,24.901317596435547
2016-10-05,30.56999969482422,25.024105072021484
2016-10-06,30.329999923706055,24.82764434814453
2016-10-07,30.15999984741211,24.68848419189453
2016-10-10,30.18000030517578,24.70485496520996
2016-10-11,29.899999618530273,24.475650787353516
2016-10-12,29.780000686645508,24.377422332763672
2016-10-13,29.6299991607666,24.254634857177734
2016-10-14,29.719999313354492,24.32830810546875
2016-10-17,29.520000457763672,24.164592742919922
2016-10-18,29.75,24.35286521911621
2016-10-19,29.81999969482422,24.410167694091797
2016-10-20,29.68000030517578,24.295564651489258
2016-10-21,29.59000015258789,24.22188949584961
2016-10-24,29.3700008392334,24.041805267333984
2016-10-25,29.139999389648438,23.85352897644043
2016-10-26,29.030000686645508,23.763484954833984
2016-10-27,29.09000015258789,23.81260108947754
2016-10-28,29.06999969482422,23.796228408813477
2016-10-31,29.010000228881836,23.747116088867188
2016-11-01,29.100000381469727,23.820785522460938
2016-11-02,28.920000076293945,23.67344093322754
2016-11-03,28.709999084472656,23.501535415649414
2016-11-04,28.6299991607666,23.436052322387695
2016-11-07,29.110000610351562,23.82897186279297
2016-11-08,29.149999618530273,23.861713409423828
2016-11-09,29.479999542236328,24.131847381591797
2016-11-10,29.3700008392334,24.041805267333984
2016-11-11,29.18000030517578,23.88627052307129
2016-11-14,28.889999389648438,23.648881912231445
2016-11-15,29.010000228881836,23.747116088867188
2016-11-16,28.780000686645508,23.558841705322266
2016-11-17,28.93000030517578,23.681629180908203
2016-11-18,28.6299991607666,23.436052322387695
2016-11-21,28.559999465942383,23.37874984741211
2016-11-22,28.260000228881836,23.133174896240234
2016-11-23,28.049999237060547,22.96126937866211
2016-11-25,28.5,23.329633712768555
2016-11-28,28.239999771118164,23.116806030273438
2016-11-29,28.420000076293945,23.264148712158203
2016-11-30,28.350000381469727,23.206850051879883
2016-12-01,28.18000030517578,23.06768798828125
2016-12-02,28.309999465942383,23.174104690551758
2016-12-05,28.639999389648438,23.444232940673828
2016-12-06,28.850000381469727,23.616138458251953
2016-12-07,28.959999084472656,23.70618438720703
2016-12-08,28.729999542236328,23.51791000366211
2016-12-09,29.1299991607666,23.8453426361084
2016-12-12,28.979999542236328,23.72255516052246
2016-12-13,29.43000030517578,24.090919494628906
2016-12-14,29.030000686645508,23.763484954833984
2016-12-15,28.940000534057617,23.68981170654297
2016-12-16,29.1299991607666,23.8453426361084
2016-12-19,29.1299991607666,23.8453426361084
2016-12-20,29.209999084472656,23.910829544067383
2016-12-21,29.170000076293945,23.89280891418457
2016-12-22,29.229999542236328,23.94195556640625
2016-12-23,29.25,23.958337783813477
2016-12-27,29.25,23.958337783813477
2016-12-28,29.1299991607666,23.86004638671875
2016-12-29,29.309999465942383,24.007482528686523
2016-12-30,29.459999084472656,24.130346298217773
2017-01-03,29.56999969482422,24.22044563293457
2017-01-04,29.860000610351562,24.457979202270508
2017-01-05,30.219999313354492,24.752849578857422
2017-01-06,30.15999984741211,24.70370864868164
2017-01-09,30.209999084472656,24.74466323852539
2017-01-10,30.25,24.777423858642578
2017-01-11,30.260000228881836,24.78561782836914
2017-01-12,30.399999618530273,24.90028953552246
2017-01-13,30.520000457763672,24.998579025268555
2017-01-17,30.360000610351562,24.867525100708008
2017-01-18,30.270000457763672,24.793807983398438
2017-01-19,30.079999923706055,24.63818359375
2017-01-20,30.260000228881836,24.78561782836914
2017-01-23,30.260000228881836,24.78561782836914
2017-01-24,30.270000457763672,24.793807983398438
2017-01-25,30.690000534057617,25.1378231048584
2017-01-26,30.709999084472656,25.154203414916992
2017-01-27,30.709999084472656,25.154203414916992
2017-01-30,30.610000610351562,25.072296142578125
2017-01-31,30.729999542236328,25.17058753967285
2017-02-01,30.739999771118164,25.17877960205078
2017-02-02,30.6200008392334,25.080486297607422
2017-02-03,30.799999237060547,25.22792625427246
2017-02-06,30.700000762939453,25.146015167236328
2017-02-07,30.700000762939453,25.146015167236328
2017-02-08,30.760000228881836,25.195159912109375
2017-02-09,30.81999969482422,25.244304656982422
2017-02-10,30.829999923706055,25.25249671936035
2017-02-13,30.780000686645508,25.2115421295166
2017-02-14,30.700000762939453,25.146015167236328
2017-02-15,30.8700008392334,25.285261154174805
2017-02-16,31.049999237060547,25.432695388793945
2017-02-17,31.049999237060547,25.432695388793945
2017-02-21,31.09000015258789,25.465457916259766
2017-02-22,31.059999465942383,25.440885543823242
2017-02-23,31.110000610351562,25.48184585571289
2017-02-24,30.969999313354492,25.367170333862305
2017-02-27,30.950000762939453,25.350788116455078
2017-02-28,31.040000915527344,25.42450714111328
2017-03-01,31.290000915527344,25.629281997680664
2017-03-02,31.260000228881836,25.604705810546875
2017-03-03,31.469999313354492,25.776714324951172
2017-03-06,31.40999984741211,25.727569580078125
2017-03-07,31.270000457763672,25.612895965576172
2017-03-08,31.149999618530273,25.514604568481445
2017-03-09,31.329999923706055,25.662038803100586
2017-03-10,31.520000457763672,25.81766700744629
2017-03-13,31.68000030517578,25.9487247467041
2017-03-14,31.540000915527344,25.834049224853516
2017-03-15,31.90999984741211,26.137113571166992
2017-03-16,32.06999969482422,26.26816749572754
2017-03-17,32.11000061035156,26.300931930541992
2017-03-20,32.040000915527344,26.243595123291016
2017-03-21,31.84000015258789,26.079774856567383
2017-03-22,31.90999984741211,26.137113571166992
2017-03-23,31.989999771118164,26.2026424407959
2017-03-24,32.06999969482422,26.26816749572754
2017-03-27,32.2400016784668,26.407413482666016
2017-03-28,32.150001525878906,26.33369255065918
2017-03-29,32.13999938964844,26.325504302978516
2017-03-30,32.040000915527344,26.243595123291016
2017-03-31,31.979999542236328,26.19445037841797
2017-04-03,31.969999313354492,26.186256408691406
2017-04-04,32.02000045776367,26.227210998535156
2017-04-05,31.739999771118164,25.997865676879883
2017-04-06,31.84000015258789,26.079774856567383
2017-04-07,31.81999969482422,26.063396453857422
2017-04-10,31.770000457763672,26.022441864013672
2017-04-11,32.04999923706055,26.25178337097168
2017-04-12,32.15999984741211,26.341886520385742
2017-04-13,31.979999542236328,26.19445037841797
2017-04-17,32.150001525878906,26.33369255065918
2017-04-18,32.0,26.210830688476562
2017-04-19,31.8700008392334,26.10434913635254
2017-04-20,32.15999984741211,26.341886520385742
2017-04-21,32.15999984741211,26.341886520385742
2017-04-24,32.810001373291016,26.87429428100586
2017-04-25,33.16999816894531,27.169164657592773
2017-04-26,33.18000030517578,27.177352905273438
2017-04-27,33.36000061035156,27.324790954589844
2017-04-28,33.2400016784668,27.226505279541016
2017-05-01,33.36000061035156,27.324790954589844
2017-05-02,33.619998931884766,27.53775405883789
2017-05-03,33.619998931884766,27.53775405883789
2017-05-04,34.150001525878906,27.97187042236328
2017-05-05,34.439998626708984,28.20940399169922
2017-05-08,34.02000045776367,27.86539077758789
2017-05-09,34.029998779296875,27.873579025268555
2017-05-10,33.959999084472656,27.81624412536621
2017-05-11,33.91999816894531,27.783479690551758
2017-05-12,34.20000076293945,28.01282501220703
2017-05-15,34.33000183105469,28.119308471679688
2017-05-16,34.7400016784668,28.45513343811035
2017-05-17,34.25,28.053783416748047
2017-05-18,34.33000183105469,28.119308471679688
2017-05-19,34.83000183105469,28.52884864807129
2017-05-22,35.029998779296875,28.692668914794922
2017-05-23,34.91999816894531,28.602567672729492
2017-05-24,34.86000061035156,28.553428649902344
2017-05-25,34.900001525878906,28.58618927001953
2017-05-26,34.880001068115234,28.569805145263672
2017-05-30,34.75,28.46332359313965
2017-05-31,34.93000030517578,28.610761642456055
2017-06-01,35.06999969482422,28.725431442260742
2017-06-02,35.380001068115234,28.979351043701172
2017-06-05,34.97999954223633,28.651710510253906
2017-06-06,34.849998474121094,28.545228958129883
2017-06-07,34.7400016784668,28.45513343811035
2017-06-08,34.41999816894531,28.19301986694336
2017-06-09,34.41999816894531,28.19301986694336
2017-06-12,34.279998779296875,28.078353881835938
2017-06-13,34.540000915527344,28.29131507873535
2017-06-14,34.470001220703125,28.233978271484375
2017-06-15,34.27000045776367,28.070159912109375
2017-06-16,34.790000915527344,28.496091842651367
2017-06-19,34.970001220703125,28.64352798461914
2017-06-20,34.060001373291016,28.49127769470215
2017-06-21,34.060001373291016,28.49127769470215
2017-06-22,34.150001525878906,28.566564559936523
2017-06-23,34.290000915527344,28.683673858642578
2017-06-26,34.470001220703125,28.834243774414062
2017-06-27,34.619998931884766,28.959718704223633
2017-06-28,34.7599983215332,29.076828002929688
2017-06-29,34.33000183105469,28.71713638305664
2017-06-30,34.310001373291016,28.700407028198242
2017-07-03,34.33000183105469,28.71713638305664
2017-07-05,34.22999954223633,28.63348388671875
2017-07-06,33.95000076293945,28.39926528930664
2017-07-07,34.060001373291016,28.49127769470215
2017-07-10,34.119998931884766,28.541473388671875
2017-07-11,34.0,28.44108772277832
2017-07-12,34.40999984741211,28.784061431884766
2017-07-13,34.400001525878906,28.775686264038086
2017-07-14,34.54999923706055,28.901166915893555
2017-07-17,34.54999923706055,28.901166915893555
2017-07-18,34.66999816894531,29.00153923034668
2017-07-19,34.84000015258789,29.143753051757812
2017-07-20,34.900001525878906,29.19394302368164
2017-07-21,34.810001373291016,29.1186580657959
2017-07-24,34.720001220703125,29.043373107910156
2017-07-25,34.619998931884766,28.959718704223633
2017-07-26,34.72999954223633,29.051740646362305
2017-07-27,34.41999816894531,28.792415618896484
2017-07-28,34.369998931884766,28.750591278076172
2017-07-31,34.470001220703125,28.834243774414062
2017-08-01,34.650001525878906,28.98481559753418
2017-08-02,34.70000076293945,29.026639938354492
2017-08-03,34.720001220703125,29.043373107910156
2017-08-04,34.79999923706055,29.11029052734375
2017-08-07,34.72999954223633,29.051740646362305
2017-08-08,34.5,28.859342575073242
2017-08-09,34.58000183105469,28.926259994506836
2017-08-10,34.09000015258789,28.516380310058594
2017-08-11,34.0,28.44108772277832
2017-08-14,34.20000076293945,28.608388900756836
2017-08-15,34.16999816894531,28.583293914794922
2017-08-16,34.310001373291016,28.700407028198242
2017-08-17,34.0099983215332,28.44945526123047
2017-08-18,33.90999984741211,28.365802764892578
2017-08-21,34.06999969482422,28.499645233154297
2017-08-22,34.2599983215332,28.65857696533203
2017-08-23,34.220001220703125,28.625118255615234
2017-08-24,34.15999984741211,28.574928283691406
2017-08-25,34.34000015258789,28.725502014160156
2017-08-28,34.27000045776367,28.666942596435547
2017-08-29,34.18000030517578,28.59166145324707
2017-08-30,34.02000045776367,28.457820892333984
2017-08-31,34.310001373291016,28.700407028198242
2017-09-01,34.2599983215332,28.65857696533203
2017-09-05,34.16999816894531,28.583293914794922
2017-09-06,34.27000045776367,28.666942596435547
2017-09-07,34.59000015258789,28.93462562561035
2017-09-08,34.66999816894531,29.00153923034668
2017-09-11,34.86000061035156,29.160486221313477
2017-09-12,34.95000076293945,29.23577117919922
2017-09-13,34.720001220703125,29.043373107910156
2017-09-14,34.7599983215332,29.076828002929688
2017-09-15,34.79999923706055,29.11029052734375
2017-09-18,34.790000915527344,29.101930618286133
2017-09-19,34.939998626708984,29.227397918701172
2017-09-20,34.81999969482422,29.12702178955078
2017-09-21,34.72999954223633,29.051740646362305
2017-09-22,34.79999923706055,29.11029052734375
2017-09-25,34.779998779296875,29.093557357788086
2017-09-26,34.720001220703125,29.043373107910156
2017-09-27,34.59000015258789,28.93462562561035
2017-09-28,34.68000030517578,29.00991439819336
2017-09-29,35.029998779296875,29.30268669128418
2017-10-02,35.060001373291016,29.32778549194336
2017-10-03,35.2400016784668,29.478355407714844
2017-10-04,35.20000076293945,29.44489097595215
2017-10-05,35.11000061035156,29.369609832763672
2017-10-06,35.029998779296875,29.30268669128418
2017-10-09,34.93000030517578,29.219038009643555
2017-10-10,35.279998779296875,29.511808395385742
2017-10-11,35.29999923706055,29.528541564941406
2017-10-12,35.310001373291016,29.536907196044922
2017-10-13,35.40999984741211,29.620555877685547
2017-10-16,35.25,29.48671531677246
2017-10-17,35.08000183105469,29.344512939453125
2017-10-18,35.130001068115234,29.386341094970703
2017-10-19,35.060001373291016,29.32778549194336
2017-10-20,34.849998474121094,29.15211296081543
2017-10-23,34.720001220703125,29.043373107910156
2017-10-24,34.47999954223633,28.84261131286621
2017-10-25,34.27000045776367,28.666942596435547
2017-10-26,34.290000915527344,28.683673858642578
2017-10-27,34.220001220703125,28.625118255615234
2017-10-30,34.349998474121094,28.733858108520508
2017-10-31,34.529998779296875,28.88443374633789
2017-11-01,34.33000183105469,28.71713638305664
2017-11-02,34.54999923706055,28.901166915893555
2017-11-03,34.630001068115234,28.968090057373047
2017-11-06,34.61000061035156,28.951356887817383
2017-11-07,34.36000061035156,28.742237091064453
2017-11-08,34.45000076293945,28.817516326904297
2017-11-09,34.31999969482422,28.708768844604492
2017-11-10,34.150001525878906,28.566564559936523
2017-11-13,34.15999984741211,28.574928283691406
2017-11-14,34.209999084472656,28.61675453186035
2017-11-15,34.029998779296875,28.466182708740234
2017-11-16,34.209999084472656,28.61675453186035
2017-11-17,34.38999938964844,28.7673282623291
2017-11-20,34.619998931884766,28.959718704223633
2017-11-21,34.81999969482422,29.12702178955078
2017-11-22,34.97999954223633,29.2608585357666
2017-11-24,35.209999084472656,29.453256607055664
2017-11-27,34.91999816894531,29.210670471191406
2017-11-28,35.16999816894531,29.4197940826416
2017-11-29,34.91999816894531,29.210670471191406
2017-11-30,34.97999954223633,29.2608585357666
2017-12-01,35.130001068115234,29.386341094970703
2017-12-04,34.91999816894531,29.210670471191406
2017-12-05,34.709999084472656,29.035003662109375
2017-12-06,34.72999954223633,29.051740646362305
2017-12-07,34.650001525878906,28.98481559753418
2017-12-08,34.84000015258789,29.143753051757812
2017-12-11,34.84000015258789,29.143753051757812
2017-12-12,34.91999816894531,29.210670471191406
2017-12-13,35.060001373291016,29.32778549194336
2017-12-14,35.0099983215332,29.285951614379883
2017-12-15,35.09000015258789,29.352876663208008
2017-12-18,35.41999816894531,29.62891960144043
2017-12-19,35.2400016784668,29.478355407714844
2017-12-20,34.970001220703125,29.252500534057617
2017-12-21,35.189998626708984,29.4365291595459
2017-12-22,35.189998626708984,29.4365291595459
2017-12-26,35.150001525878906,29.403064727783203
2017-12-27,35.380001068115234,29.5954647064209
2017-12-28,35.529998779296875,29.720935821533203
2017-12-29,35.58000183105469,29.762767791748047
2018-01-02,35.720001220703125,29.879878997802734
2018-01-03,35.900001525878906,30.030452728271484
2018-01-04,36.119998931884766,30.2144718170166
2018-01-05,36.290000915527344,30.356679916381836
2018-01-08,36.22999954223633,30.306486129760742
2018-01-09,36.2400016784668,30.314855575561523
2018-01-10,36.08000183105469,30.18101692199707
2018-01-11,36.189998626708984,30.273035049438477
2018-01-12,36.529998779296875,30.557445526123047
2018-01-16,36.540000915527344,30.56580352783203
2018-01-17,36.56999969482422,30.590898513793945
2018-01-18,36.650001525878906,30.65782356262207
2018-01-19,36.779998779296875,30.766563415527344
2018-01-22,36.81999969482422,30.80002784729004
2018-01-23,36.97999954223633,30.933868408203125
2018-01-24,37.279998779296875,31.18482208251953
2018-01-25,37.36000061035156,31.25173568725586
2018-01-26,37.7400016784668,31.56961441040039
2018-01-29,37.34000015258789,31.23501205444336
2018-01-30,37.27000045776367,31.176454544067383
2018-01-31,37.16999816894531,31.092798233032227
2018-02-01,37.27000045776367,31.176454544067383
2018-02-02,36.54999923706055,30.574169158935547
2018-02-05,35.34000015258789,29.56200408935547
2018-02-06,35.38999938964844,29.603824615478516
2018-02-07,35.29999923706055,29.528541564941406
2018-02-08,34.560001373291016,28.909528732299805
2018-02-09,34.63999938964844,28.976449966430664
2018-02-12,35.06999969482422,29.336145401000977
2018-02-13,34.93000030517578,29.219038009643555
2018-02-14,35.709999084472656,29.871503829956055
2018-02-15,36.02000045776367,30.13081932067871
2018-02-16,35.95000076293945,30.072267532348633
2018-02-20,35.47999954223633,29.67911148071289
2018-02-21,35.31999969482422,29.545270919799805
2018-02-22,35.459999084472656,29.662382125854492
2018-02-23,35.619998931884766,29.796222686767578
2018-02-26,35.849998474121094,29.988616943359375
2018-02-27,35.439998626708984,29.64565086364746
2018-02-28,34.91999816894531,29.210670471191406
2018-03-01,34.29999923706055,28.69203758239746
2018-03-02,34.36000061035156,28.742237091064453
2018-03-05,34.72999954223633,29.051740646362305
2018-03-06,34.790000915527344,29.101930618286133
2018-03-07,34.70000076293945,29.026639938354492
2018-03-08,34.790000915527344,29.101930618286133
2018-03-09,35.08000183105469,29.344512939453125
2018-03-12,35.15999984741211,29.41143226623535
2018-03-13,34.880001068115234,29.17721176147461
2018-03-14,34.939998626708984,29.227397918701172
2018-03-15,34.91999816894531,29.210670471191406
2018-03-16,34.869998931884766,29.168842315673828
2018-03-19,34.689998626708984,29.018272399902344
2018-03-20,34.650001525878906,28.98481559753418
2018-03-21,34.560001373291016,28.909528732299805
2018-03-22,33.81999969482422,28.290517807006836
2018-03-23,33.599998474121094,28.106487274169922
2018-03-26,34.16999816894531,28.583293914794922
2018-03-27,33.880001068115234,28.340709686279297
2018-03-28,34.2400016784668,28.641847610473633
2018-03-29,34.369998931884766,28.750591278076172
2018-04-02,33.90999984741211,28.365802764892578
2018-04-03,33.869998931884766,28.33234214782715
2018-04-04,33.86000061035156,28.323978424072266
2018-04-05,33.9900016784668,28.432723999023438
2018-04-06,33.900001525878906,28.357439041137695
2018-04-09,34.209999084472656,28.61675453186035
2018-04-10,34.47999954223633,28.84261131286621
2018-04-11,34.209999084472656,28.61675453186035
2018-04-12,34.36000061035156,28.742237091064453
2018-04-13,34.41999816894531,28.792415618896484
2018-04-16,34.4900016784668,28.850976943969727
2018-04-17,34.66999816894531,29.00153923034668
2018-04-18,34.68000030517578,29.00991439819336
2018-04-19,34.529998779296875,28.88443374633789
2018-04-20,34.36000061035156,28.742237091064453
2018-04-23,34.290000915527344,28.683673858642578
2018-04-24,34.06999969482422,28.499645233154297
2018-04-25,33.959999084472656,28.407629013061523
2018-04-26,34.150001525878906,28.566564559936523
2018-04-27,34.209999084472656,28.61675453186035
2018-04-30,34.040000915527344,28.474550247192383
2018-05-01,33.91999816894531,28.374168395996094
2018-05-02,33.88999938964844,28.34907341003418
2018-05-03,34.029998779296875,28.466182708740234
2018-05-04,34.06999969482422,28.499645233154297
2018-05-07,34.279998779296875,28.675312042236328
2018-05-08,34.220001220703125,28.625118255615234
2018-05-09,34.34000015258789,28.725502014160156
2018-05-10,34.36000061035156,28.742237091064453
2018-05-11,34.5,28.859342575073242
2018-05-14,34.52000045776367,28.876073837280273
2018-05-15,34.38999938964844,28.7673282623291
2018-05-16,34.45000076293945,28.817516326904297
2018-05-17,34.439998626708984,28.809146881103516
2018-05-18,34.380001068115234,28.758956909179688
2018-05-21,34.54999923706055,28.901166915893555
2018-05-22,34.47999954223633,28.84261131286621
2018-05-23,34.04999923706055,28.482913970947266
2018-05-24,34.06999969482422,28.499645233154297
2018-05-25,33.9900016784668,28.432723999023438
2018-05-29,33.470001220703125,27.99774169921875
2018-05-30,33.65999984741211,28.156675338745117
2018-05-31,33.27000045776367,27.8304443359375
2018-06-01,33.709999084472656,28.198501586914062
2018-06-04,33.720001220703125,28.206871032714844
2018-06-05,33.560001373291016,28.07303237915039
2018-06-06,33.689998626708984,28.181774139404297
2018-06-07,33.560001373291016,28.07303237915039
2018-06-08,33.58000183105469,28.08976173400879
2018-06-11,33.91999816894531,28.374168395996094
2018-06-12,33.880001068115234,28.340709686279297
2018-06-13,33.90999984741211,28.365802764892578
2018-06-14,33.790000915527344,28.265422821044922
2018-06-15,33.630001068115234,28.131582260131836
2018-06-18,33.25,27.813711166381836
2018-06-19,32.189998626708984,27.596813201904297
2018-06-20,32.369998931884766,27.751127243041992
2018-06-21,32.130001068115234,27.545373916625977
2018-06-22,32.709999084472656,28.042613983154297
2018-06-25,32.29999923706055,27.691118240356445
2018-06-26,32.31999969482422,27.70826530456543
2018-06-27,32.040000915527344,27.468215942382812
2018-06-28,32.11000061035156,27.528226852416992
2018-06-29,32.58000183105469,27.931163787841797
2018-07-02,32.439998626708984,27.811138153076172
2018-07-03,32.68000030517578,28.016895294189453
2018-07-05,33.0,28.29123306274414
2018-07-06,33.16999816894531,28.43697166442871
2018-07-09,33.349998474121094,28.591289520263672
2018-07-10,33.34000015258789,28.582719802856445
2018-07-11,32.93000030517578,28.231224060058594
2018-07-12,33.15999984741211,28.428401947021484
2018-07-13,33.290000915527344,28.539854049682617
2018-07-16,33.439998626708984,28.668453216552734
2018-07-17,33.380001068115234,28.617013931274414
2018-07-18,33.59000015258789,28.797046661376953
2018-07-19,33.65999984741211,28.857059478759766
2018-07-20,33.970001220703125,29.122825622558594
2018-07-23,33.95000076293945,29.10567855834961
2018-07-24,34.0,29.148542404174805
2018-07-25,34.29999923706055,29.405733108520508
2018-07-26,34.41999816894531,29.50861167907715
2018-07-27,34.52000045776367,29.594348907470703
2018-07-30,34.66999816894531,29.72294044494629
2018-07-31,34.70000076293945,29.748661041259766
2018-08-01,34.59000015258789,29.654356002807617
2018-08-02,34.619998931884766,29.68007469177246
2018-08-03,34.61000061035156,29.6715030670166
2018-08-06,34.47999954223633,29.56005096435547
2018-08-07,34.66999816894531,29.72294044494629
2018-08-08,34.630001068115234,29.688648223876953
2018-08-09,34.61000061035156,29.6715030670166
2018-08-10,34.029998779296875,29.17426109313965
2018-08-13,34.029998779296875,29.17426109313965
2018-08-14,34.11000061035156,29.242849349975586
2018-08-15,33.790000915527344,28.968507766723633
2018-08-16,33.849998474121094,29.019947052001953
2018-08-17,34.0,29.148542404174805
2018-08-20,34.220001220703125,29.3371524810791
2018-08-21,34.52000045776367,29.594348907470703
2018-08-22,34.52000045776367,29.594348907470703
2018-08-23,34.38999938964844,29.482892990112305
2018-08-24,34.540000915527344,29.611492156982422
2018-08-27,34.84000015258789,29.868682861328125
2018-08-28,34.84000015258789,29.868682861328125
2018-08-29,35.13999938964844,30.12587547302246
2018-08-30,34.95000076293945,29.962987899780273
2018-08-31,34.77000045776367,29.80866813659668
2018-09-04,34.5099983215332,29.58576774597168
2018-09-05,34.25,29.362869262695312
2018-09-06,34.2599983215332,29.371440887451172
2018-09-07,34.189998626708984,29.311429977416992
2018-09-10,34.36000061035156,29.457176208496094
2018-09-11,34.41999816894531,29.50861167907715
2018-09-12,34.599998474121094,29.662927627563477
2018-09-13,34.83000183105469,29.8601131439209
2018-09-14,34.81999969482422,29.851537704467773
2018-09-17,34.779998779296875,29.817249298095703
2018-09-18,34.810001373291016,29.842966079711914
2018-09-19,34.720001220703125,29.765810012817383
2018-09-20,35.33000183105469,30.28877067565918
2018-09-21,35.2599983215332,30.2287540435791
2018-09-24,34.86000061035156,29.885831832885742
2018-09-25,34.9900016784668,29.99728012084961
2018-09-26,35.06999969482422,30.06586456298828
2018-09-27,34.900001525878906,29.92011833190918
2018-09-28,34.689998626708984,29.740083694458008
2018-10-01,34.72999954223633,29.774375915527344
2018-10-02,34.599998474121094,29.662927627563477
2018-10-03,34.63999938964844,29.697223663330078
2018-10-04,34.189998626708984,29.311429977416992
2018-10-05,33.90999984741211,29.071386337280273
2018-10-08,33.63999938964844,28.83991050720215
2018-10-09,33.65999984741211,28.857059478759766
2018-10-10,32.9900016784668,28.28266143798828
2018-10-11,32.38999938964844,27.768274307250977
2018-10-12,32.5,27.862577438354492
2018-10-15,32.470001220703125,27.83686065673828
2018-10-16,33.130001068115234,28.402685165405273
2018-10-17,32.779998779296875,28.102624893188477
2018-10-18,32.54999923706055,27.905441284179688
2018-10-19,32.91999816894531,28.222644805908203
2018-10-22,32.97999954223633,28.27408790588379
2018-10-23,32.779998779296875,28.102624893188477
2018-10-24,31.8799991607666,27.331045150756836
2018-10-25,32.220001220703125,27.622529983520508
2018-10-26,32.2599983215332,27.65682029724121
2018-10-29,32.25,27.648250579833984
2018-10-30,32.7599983215332,28.085477828979492
2018-10-31,33.099998474121094,28.37696075439453
2018-11-01,33.38999938964844,28.625581741333008
2018-11-02,33.209999084472656,28.47126579284668
2018-11-05,33.27000045776367,28.522708892822266
2018-11-06,33.290000915527344,28.539854049682617
2018-11-07,33.63999938964844,28.83991050720215
2018-11-08,33.38999938964844,28.625581741333008
2018-11-09,33.38999938964844,28.625581741333008
2018-11-12,32.81999969482422,28.136920928955078
2018-11-13,32.93000030517578,28.231224060058594
2018-11-14,32.66999816894531,28.008319854736328
2018-11-15,32.77000045776367,28.094051361083984
2018-11-16,32.90999984741211,28.21407699584961
2018-11-19,32.619998931884766,27.9654541015625
2018-11-20,32.22999954223633,27.631105422973633
2018-11-21,32.65999984741211,27.999746322631836
2018-11-23,32.560001373291016,27.914016723632812
2018-11-26,32.959999084472656,28.256938934326172
2018-11-27,32.880001068115234,28.1883544921875
2018-11-28,33.25,28.505558013916016
2018-11-29,33.22999954223633,28.488414764404297
2018-11-30,33.209999084472656,28.47126579284668
2018-12-03,33.54999923706055,28.762754440307617
2018-12-04,33.02000045776367,28.30837631225586
2018-12-06,32.529998779296875,27.888294219970703
2018-12-07,32.2400016784668,27.639677047729492
2018-12-10,32.06999969482422,27.493932723999023
2018-12-11,32.20000076293945,27.605384826660156
2018-12-12,32.7400016784668,28.06833267211914
2018-12-13,32.540000915527344,27.89687156677246
2018-12-14,31.950000762939453,27.39105796813965
2018-12-17,31.549999237060547,27.048131942749023
2018-12-18,31.43000030517578,26.945255279541016
2018-12-19,31.139999389648438,26.696636199951172
2018-12-20,30.940000534057617,26.52517318725586
2018-12-21,30.719999313354492,26.336565017700195
2018-12-24,30.43000030517578,26.08794403076172
2018-12-26,31.200000762939453,26.748077392578125
2018-12-27,30.8799991607666,26.47373390197754
2018-12-28,31.3700008392334,26.89381980895996
2018-12-31,31.520000457763672,27.022415161132812
2019-01-02,31.280000686645508,26.816659927368164
2019-01-03,31.260000228881836,26.79951286315918
2019-01-04,32.040000915527344,27.468215942382812
2019-01-07,31.979999542236328,27.416776657104492
2019-01-08,32.290000915527344,27.68254280090332
2019-01-09,32.66999816894531,28.008319854736328
2019-01-10,32.86000061035156,28.17121124267578
2019-01-11,32.83000183105469,28.14549446105957
2019-01-14,32.720001220703125,28.05118751525879
2019-01-15,32.77000045776367,28.094051361083984
2019-01-16,32.83000183105469,28.14549446105957
2019-01-17,33.06999969482422,28.35124397277832
2019-01-18,33.369998931884766,28.608434677124023
2019-01-22,32.90999984741211,28.21407699584961
2019-01-23,33.09000015258789,28.36838722229004
2019-01-24,33.060001373291016,28.34267234802246
2019-01-25,33.04999923706055,28.334096908569336
2019-01-28,33.029998779296875,28.316951751708984
2019-01-29,33.13999938964844,28.4112548828125
2019-01-30,33.29999923706055,28.54842758178711
2019-01-31,33.31999969482422,28.565568923950195
2019-02-01,33.189998626708984,28.45412254333496
2019-02-04,33.33000183105469,28.574146270751953
2019-02-05,33.599998474121094,28.80561637878418
2019-02-06,33.5099983215332,28.72846221923828
2019-02-07,33.13999938964844,28.4112548828125
2019-02-08,33.220001220703125,28.479843139648438
2019-02-11,33.09000015258789,28.36838722229004
2019-02-12,33.349998474121094,28.591289520263672
2019-02-13,33.40999984741211,28.642730712890625
2019-02-14,33.5099983215332,28.72846221923828
2019-02-15,33.970001220703125,29.122825622558594
2019-02-19,34.13999938964844,29.268564224243164
2019-02-20,34.290000915527344,29.39716339111328
2019-02-21,34.33000183105469,29.43145751953125
2019-02-22,34.470001220703125,29.551481246948242
2019-02-25,34.5099983215332,29.58576774597168
2019-02-26,34.810001373291016,29.842966079711914
2019-02-27,34.61000061035156,29.6715030670166
2019-02-28,34.56999969482422,29.6372127532959
2019-03-01,34.81999969482422,29.851537704467773
2019-03-04,34.75,29.79152488708496
2019-03-05,34.709999084472656,29.757230758666992
2019-03-06,34.56999969482422,29.6372127532959
2019-03-07,34.22999954223633,29.34572410583496
2019-03-08,34.27000045776367,29.380022048950195
2019-03-11,34.439998626708984,29.5257568359375
2019-03-12,34.38999938964844,29.482892990112305
2019-03-13,34.779998779296875,29.817249298095703
2019-03-14,35.08000183105469,30.074440002441406
2019-03-15,35.27000045776367,30.237321853637695
2019-03-18,35.34000015258789,30.297340393066406
2019-03-19,35.38999938964844,30.340206146240234
2019-03-20,35.459999084472656,30.40021324157715
2019-03-21,35.52000045776367,30.4516544342041
2019-03-22,34.77000045776367,29.80866813659668
2019-03-25,34.81999969482422,29.851537704467773
2019-03-26,35.06999969482422,30.06586456298828
2019-03-27,35.15999984741211,30.143016815185547
2019-03-28,35.119998931884766,30.108726501464844
2019-03-29,35.369998931884766,30.32305908203125
2019-04-01,35.599998474121094,30.52023696899414
2019-04-02,35.58000183105469,30.503097534179688
2019-04-03,35.7400016784668,30.640262603759766
2019-04-04,35.630001068115234,30.545955657958984
2019-04-05,35.68000030517578,30.588825225830078
2019-04-08,35.79999923706055,30.69169807434082
2019-04-09,35.709999084472656,30.614538192749023
2019-04-10,35.63999938964844,30.554529190063477
2019-04-11,35.65999984741211,30.571680068969727
2019-04-12,35.61000061035156,30.5288143157959
2019-04-15,35.779998779296875,30.6745548248291
2019-04-16,35.779998779296875,30.6745548248291
2019-04-17,35.810001373291016,30.700275421142578
2019-04-18,35.79999923706055,30.69169807434082
2019-04-22,35.7400016784668,30.640262603759766
2019-04-23,35.77000045776367,30.665983200073242
2019-04-24,35.88999938964844,30.768857955932617
2019-04-25,35.939998626708984,30.811721801757812
2019-04-26,36.09000015258789,30.940324783325195
2019-04-29,36.11000061035156,30.957468032836914
2019-04-30,36.20000076293945,31.03462028503418
2019-05-01,36.08000183105469,30.931747436523438
2019-05-02,36.08000183105469,30.931747436523438
2019-05-03,36.290000915527344,31.111783981323242
2019-05-06,36.0,30.8631591796875
2019-05-07,35.40999984741211,30.357349395751953
2019-05-08,35.720001220703125,30.62312126159668
2019-05-09,35.380001068115234,30.331628799438477
2019-05-10,35.7400016784668,30.640262603759766
2019-05-13,35.15999984741211,30.143016815185547
2019-05-14,35.369998931884766,30.32305908203125
2019-05-15,35.619998931884766,30.537385940551758
2019-05-16,36.119998931884766,30.966039657592773
2019-05-17,36.02000045776367,30.880306243896484
2019-05-20,35.91999816894531,30.79457664489746
2019-05-21,36.119998931884766,30.966039657592773
2019-05-22,36.25,31.077491760253906
2019-05-23,36.16999816894531,31.0089054107666
2019-05-24,36.58000183105469,31.360403060913086
2019-05-28,36.09000015258789,30.940324783325195
2019-05-29,35.900001525878906,30.777435302734375
2019-05-30,36.099998474121094,30.94889259338379
2019-05-31,35.959999084472656,30.828872680664062
2019-06-03,36.4900016784668,31.283245086669922
2019-06-04,36.599998474121094,31.377552032470703
2019-06-05,36.810001373291016,31.55759048461914
2019-06-06,36.900001525878906,31.634746551513672
2019-06-07,37.33000183105469,32.00338363647461
2019-06-10,37.400001525878906,32.06340026855469
2019-06-11,37.40999984741211,32.07197189331055
2019-06-12,37.380001068115234,32.0462532043457
2019-06-13,37.439998626708984,32.09768295288086
2019-06-14,37.290000915527344,31.96909523010254
2019-06-17,36.4900016784668,31.925350189208984
2019-06-18,36.91999816894531,32.30156326293945
2019-06-19,37.119998931884766,32.47654342651367
2019-06-20,37.61000061035156,32.905250549316406
2019-06-21,37.52000045776367,32.826499938964844
2019-06-24,37.65999984741211,32.94898223876953
2019-06-25,37.400001525878906,32.72151565551758
2019-06-26,37.290000915527344,32.62527084350586
2019-06-27,37.369998931884766,32.69526290893555
2019-06-28,37.560001373291016,32.86150360107422
2019-07-01,37.45000076293945,32.7652587890625
2019-07-02,37.63999938964844,32.931488037109375
2019-07-03,37.849998474121094,33.1152229309082
2019-07-05,37.31999969482422,32.65151596069336
2019-07-08,37.2400016784668,32.5815315246582
2019-07-09,37.099998474121094,32.45904541015625
2019-07-10,37.189998626708984,32.537776947021484
2019-07-11,37.040000915527344,32.406551361083984
2019-07-12,36.959999084472656,32.336551666259766
2019-07-15,37.04999923706055,32.4152946472168
2019-07-16,37.04999923706055,32.4152946472168
2019-07-17,37.369998931884766,32.69526290893555
2019-07-18,37.75,33.02772903442383
2019-07-19,37.52000045776367,32.826499938964844
2019-07-22,37.58000183105469,32.878997802734375
2019-07-23,37.709999084472656,32.99273681640625
2019-07-24,37.5099983215332,32.817752838134766
2019-07-25,36.97999954223633,32.35404968261719
2019-07-26,37.290000915527344,32.62527084350586
2019-07-29,37.5,32.80900192260742
2019-07-30,37.16999816894531,32.52028274536133
2019-07-31,37.16999816894531,32.52028274536133
2019-08-01,37.27000045776367,32.60777282714844
2019-08-02,37.25,32.590274810791016
2019-08-05,36.45000076293945,31.890350341796875
2019-08-06,36.4900016784668,31.925350189208984
2019-08-07,36.72999954223633,32.13532638549805
2019-08-08,37.29999923706055,32.63402557373047
2019-08-09,37.400001525878906,32.72151565551758
2019-08-12,37.279998779296875,32.61652374267578
2019-08-13,37.45000076293945,32.7652587890625
2019-08-14,36.630001068115234,32.04783630371094
2019-08-15,36.56999969482422,31.99534034729004
2019-08-16,36.959999084472656,32.336551666259766
2019-08-19,37.18000030517578,32.529029846191406
2019-08-20,37.040000915527344,32.406551361083984
2019-08-21,37.2599983215332,32.599021911621094
2019-08-22,37.150001525878906,32.50278854370117
2019-08-23,36.83000183105469,32.22282028198242
2019-08-26,37.08000183105469,32.44154739379883
2019-08-27,37.0099983215332,32.38029861450195
2019-08-28,36.959999084472656,32.336551666259766
2019-08-29,37.13999938964844,32.49403381347656
2019-08-30,37.470001220703125,32.78275680541992
2019-09-03,37.220001220703125,32.56403350830078
2019-09-04,37.720001220703125,33.00148010253906
2019-09-05,37.779998779296875,33.053977966308594
2019-09-06,38.06999969482422,33.30770492553711
2019-09-09,37.95000076293945,33.20270919799805
2019-09-10,37.720001220703125,33.00148010253906
2019-09-11,37.959999084472656,33.21146011352539
2019-09-12,38.11000061035156,33.34269332885742
2019-09-13,37.83000183105469,33.097721099853516
2019-09-16,37.40999984741211,32.730262756347656
2019-09-17,37.54999923706055,32.85274887084961
2019-09-18,37.529998779296875,32.83525466918945
2019-09-19,37.66999816894531,32.95773696899414
2019-09-20,37.630001068115234,32.92274475097656
2019-09-23,37.66999816894531,32.95773696899414
2019-09-24,37.650001525878906,32.94023895263672
2019-09-25,37.33000183105469,32.660274505615234
2019-09-26,37.66999816894531,32.95773696899414
2019-09-27,37.709999084472656,32.99273681640625
2019-09-30,37.70000076293945,32.98398208618164
2019-10-01,37.25,32.590274810791016
2019-10-02,36.369998931884766,31.820354461669922
2019-10-03,36.59000015258789,32.012840270996094
2019-10-04,37.029998779296875,32.397796630859375
2019-10-07,37.130001068115234,32.485286712646484
2019-10-08,36.779998779296875,32.17906951904297
2019-10-09,36.959999084472656,32.336551666259766
2019-10-10,37.11000061035156,32.46779251098633
2019-10-11,37.40999984741211,32.730262756347656
2019-10-14,37.25,32.590274810791016
2019-10-15,37.540000915527344,32.84400177001953
2019-10-16,37.599998474121094,32.89649200439453
2019-10-17,37.66999816894531,32.95773696899414
2019-10-18,37.59000015258789,32.88774108886719
2019-10-21,37.65999984741211,32.94898223876953
2019-10-22,37.439998626708984,32.756507873535156
2019-10-23,37.619998931884766,32.913997650146484
2019-10-24,37.86000061035156,33.12397384643555
2019-10-25,38.02000045776367,33.263954162597656
2019-10-28,38.150001525878906,33.3776969909668
2019-10-29,38.279998779296875,33.491424560546875
2019-10-30,38.58000183105469,33.753910064697266
2019-10-31,38.58000183105469,33.753910064697266
2019-11-01,38.709999084472656,33.86764144897461
2019-11-04,38.83000183105469,33.972633361816406
2019-11-05,38.58000183105469,33.753910064697266
2019-11-06,38.63999938964844,33.806400299072266
2019-11-07,38.650001525878906,33.815147399902344
2019-11-08,38.599998474121094,33.77140426635742
2019-11-11,38.61000061035156,33.7801513671875
2019-11-12,38.560001373291016,33.73640441894531
2019-11-13,38.709999084472656,33.86764144897461
2019-11-14,38.58000183105469,33.753910064697266
2019-11-15,38.7599983215332,33.9113883972168
2019-11-18,38.86000061035156,33.99887466430664
2019-11-19,38.83000183105469,33.972633361816406
2019-11-20,38.7400016784668,33.89388656616211
2019-11-21,38.61000061035156,33.7801513671875
2019-11-22,38.650001525878906,33.815147399902344
2019-11-25,38.93000030517578,34.060123443603516
2019-11-26,39.040000915527344,34.15636444091797
2019-11-27,39.099998474121094,34.2088508605957
2019-11-29,38.900001525878906,34.03387451171875
2019-12-02,38.77000045776367,33.92013931274414
2019-12-03,38.61000061035156,33.7801513671875
2019-12-04,38.86000061035156,33.99887466430664
2019-12-05,38.869998931884766,34.00762176513672
2019-12-06,39.20000076293945,34.29634475708008
2019-12-09,39.13999938964844,34.24385070800781
2019-12-10,39.08000183105469,34.19135665893555
2019-12-11,39.16999816894531,34.27009201049805
2019-12-12,39.41999816894531,34.48882293701172
2019-12-13,39.439998626708984,34.506324768066406
2019-12-16,39.79999923706055,34.8212890625
2019-12-17,39.849998474121094,34.86503982543945
2019-12-18,40.0099983215332,35.0050163269043
2019-12-19,40.11000061035156,35.09251403808594
2019-12-20,40.29999923706055,35.25874710083008
2019-12-23,40.5,35.4337272644043
2019-12-24,40.459999084472656,35.39873123168945
2019-12-26,40.52000045776367,35.45122528076172
2019-12-27,40.75,35.6524543762207
2019-12-30,40.47999954223633,35.416221618652344
2019-12-31,40.63999938964844,35.556209564208984
2020-01-02,40.959999084472656,35.83617401123047
2020-01-03,40.689998626708984,35.59996795654297
2020-01-06,40.880001068115234,35.76618957519531
2020-01-07,40.70000076293945,35.60870361328125
2020-01-08,40.72999954223633,35.634952545166016
2020-01-09,40.650001525878906,35.564964294433594
2020-01-10,40.38999938964844,35.33747863769531
2020-01-13,40.63999938964844,35.556209564208984
2020-01-14,40.81999969482422,35.71369552612305
2020-01-15,41.0,35.87118148803711
2020-01-16,41.15999984741211,36.01115798950195
2020-01-17,41.59000015258789,36.38737106323242
2020-01-21,41.619998931884766,36.41361618041992
2020-01-22,41.7599983215332,36.53610610961914
2020-01-23,41.56999969482422,36.369873046875
2020-01-24,41.31999969482422,36.151145935058594
2020-01-27,40.79999923706055,35.696197509765625
2020-01-28,41.15999984741211,36.01115798950195
2020-01-29,41.220001220703125,36.06365966796875
2020-01-30,41.34000015258789,36.168643951416016
2020-01-31,40.7400016784668,35.64370346069336
2020-02-03,40.779998779296875,35.67869186401367
2020-02-04,41.27000045776367,36.107398986816406
2020-02-05,41.880001068115234,36.64109802246094
2020-02-06,41.779998779296875,36.5536003112793
2020-02-07,41.599998474121094,36.396121978759766
2020-02-10,41.880001068115234,36.64109802246094
2020-02-11,41.970001220703125,36.7198371887207
2020-02-12,42.0099983215332,36.75482940673828
2020-02-13,41.779998779296875,36.5536003112793
2020-02-14,41.900001525878906,36.658599853515625
2020-02-18,41.90999984741211,36.66734313964844
2020-02-19,42.2599983215332,36.97355651855469
2020-02-20,41.959999084472656,36.711090087890625
2020-02-21,41.93000030517578,36.68483352661133
2020-02-24,40.08000183105469,35.06626892089844
2020-02-25,39.18000030517578,34.27884292602539
2020-02-26,39.2599983215332,34.348838806152344
2020-02-27,38.189998626708984,33.412689208984375
2020-02-28,37.880001068115234,33.1414680480957
2020-03-02,38.68000030517578,33.84139633178711
2020-03-03,38.79999923706055,33.946380615234375
2020-03-04,40.34000015258789,35.293739318847656
2020-03-05,39.13999938964844,34.24385070800781
2020-03-06,38.65999984741211,33.82389450073242
2020-03-09,36.06999969482422,31.557886123657227
2020-03-10,37.52000045776367,32.826499938964844
2020-03-11,35.65999984741211,31.199174880981445
2020-03-12,31.90999984741211,27.918275833129883
2020-03-13,34.38999938964844,30.088043212890625
2020-03-16,31.049999237060547,27.165855407714844
2020-03-17,32.5,28.434467315673828
2020-03-18,31.360000610351562,27.43707847595215
2020-03-19,32.5,28.434467315673828
2020-03-20,31.260000228881836,27.349586486816406
2020-03-23,30.510000228881836,26.693408966064453
2020-03-24,32.75,28.653196334838867
2020-03-25,33.83000183105469,29.59809684753418
2020-03-26,35.310001373291016,30.892961502075195
2020-03-27,34.790000915527344,30.438003540039062
2020-03-30,35.70000076293945,31.23417091369629
2020-03-31,35.36000061035156,30.936702728271484
2020-04-01,34.5,30.184288024902344
2020-04-02,35.150001525878906,30.752973556518555
2020-04-03,34.7400016784668,30.394262313842773
2020-04-06,35.72999954223633,31.260419845581055
2020-04-07,35.599998474121094,31.146677017211914
2020-04-08,36.06999969482422,31.557886123657227
2020-04-09,36.279998779296875,31.741615295410156
2020-04-13,35.939998626708984,31.44414520263672
2020-04-14,36.709999084472656,32.117828369140625
2020-04-15,35.72999954223633,31.260419845581055
2020-04-16,36.150001525878906,31.627883911132812
2020-04-17,37.06999969482422,32.43279266357422
2020-04-20,37.0099983215332,32.38029861450195
2020-04-21,36.38999938964844,31.83785629272461
2020-04-22,36.75,32.1528205871582
2020-04-23,36.20000076293945,31.67162322998047
2020-04-24,36.939998626708984,32.31905746459961
2020-04-27,37.15999984741211,32.51153564453125
2020-04-28,37.36000061035156,32.68651580810547
2020-04-29,37.41999816894531,32.739009857177734
2020-04-30,36.880001068115234,32.26655960083008
2020-05-01,36.38999938964844,31.83785629272461
2020-05-04,36.45000076293945,31.890350341796875
2020-05-05,36.18000030517578,31.654130935668945
2020-05-06,36.34000015258789,31.794113159179688
2020-05-07,36.68000030517578,32.091575622558594
2020-05-08,37.25,32.590274810791016
2020-05-11,37.380001068115234,32.70401382446289
2020-05-12,37.02000045776367,32.38905334472656
2020-05-13,36.7599983215332,32.16157150268555
2020-05-14,36.47999954223633,31.916593551635742
2020-05-15,36.5099983215332,31.942848205566406
2020-05-18,37.439998626708984,32.756507873535156
2020-05-19,37.2400016784668,32.5815315246582
2020-05-20,37.880001068115234,33.1414680480957
2020-05-21,37.56999969482422,32.870243072509766
2020-05-22,37.369998931884766,32.69526290893555
2020-05-26,37.790000915527344,33.06272888183594
2020-05-27,37.58000183105469,32.878997802734375
2020-05-28,38.099998474121094,33.333946228027344
2020-05-29,38.310001373291016,33.51768493652344
2020-06-01,38.79999923706055,33.946380615234375
2020-06-02,38.959999084472656,34.086368560791016
2020-06-03,39.619998931884766,34.66381072998047
2020-06-04,39.369998931884766,34.44507598876953
2020-06-05,39.31999969482422,34.40133285522461
2020-06-08,39.790000915527344,34.81254196166992
2020-06-09,39.869998931884766,34.88252639770508
2020-06-10,39.810001373291016,34.830039978027344
2020-06-11,38.25,33.465187072753906
2020-06-12,38.61000061035156,33.7801513671875
2020-06-15,38.36000061035156,34.11273956298828
2020-06-16,38.75,34.45956039428711
2020-06-17,39.279998779296875,34.930870056152344
2020-06-18,39.189998626708984,34.8508415222168
2020-06-19,39.16999816894531,34.83305358886719
2020-06-22,39.41999816894531,35.05537414550781
2020-06-23,39.45000076293945,35.082054138183594
2020-06-24,38.630001068115234,34.352848052978516
2020-06-25,39.22999954223633,34.88641357421875
2020-06-26,38.720001220703125,34.43288040161133
2020-06-29,38.869998931884766,34.56627655029297
2020-06-30,38.959999084472656,34.64630889892578
2020-07-01,39.369998931884766,35.01091384887695
2020-07-02,39.5,35.126522064208984
2020-07-06,40.08000183105469,35.64230728149414
2020-07-07,39.63999938964844,35.25101852416992
2020-07-08,40.13999938964844,35.695655822753906
2020-07-09,39.84000015258789,35.42887496948242
2020-07-10,40.209999084472656,35.757904052734375
2020-07-13,39.880001068115234,35.46444320678711
2020-07-14,40.470001220703125,35.98912048339844
2020-07-15,40.72999954223633,36.22032928466797
2020-07-16,40.720001220703125,36.21144104003906
2020-07-17,40.91999816894531,36.3892936706543
2020-07-20,41.220001220703125,36.65607833862305
2020-07-21,41.06999969482422,36.52268981933594
2020-07-22,41.68000030517578,37.065147399902344
2020-07-23,41.220001220703125,36.65607833862305
2020-07-24,40.90999984741211,36.380401611328125
2020-07-27,41.439998626708984,36.85171890258789
2020-07-28,41.29999923706055,36.72722244262695
2020-07-29,41.810001373291016,37.180755615234375
2020-07-30,41.41999816894531,36.83393478393555
2020-07-31,40.529998779296875,36.0424690246582
2020-08-03,41.16999816894531,36.61161422729492
2020-08-04,41.220001220703125,36.65607833862305
2020-08-05,41.209999084472656,36.647186279296875
2020-08-06,41.22999954223633,36.66496658325195
2020-08-07,41.099998474121094,36.54936981201172
2020-08-10,41.029998779296875,36.487117767333984
2020-08-11,40.7599983215332,36.24700927734375
2020-08-12,41.77000045776367,37.145179748535156
2020-08-13,41.77000045776367,37.145179748535156
2020-08-14,41.5,36.90507507324219
2020-08-17,41.95000076293945,37.30525207519531
2020-08-18,41.86000061035156,37.2252197265625
2020-08-19,41.7599983215332,37.136287689208984
2020-08-20,41.939998626708984,37.29636001586914
2020-08-21,41.709999084472656,37.091827392578125
2020-08-24,41.9900016784668,37.340824127197266
2020-08-25,41.95000076293945,37.30525207519531
2020-08-26,42.189998626708984,37.518672943115234
2020-08-27,41.810001373291016,37.180755615234375
2020-08-28,41.869998931884766,37.23411178588867
2020-08-31,41.72999954223633,37.10961151123047
2020-09-01,41.81999969482422,37.18964385986328
2020-09-02,42.54999923706055,37.83882141113281
2020-09-03,41.459999084472656,36.8695068359375
2020-09-04,41.560001373291016,36.958431243896484
2020-09-08,41.13999938964844,36.58493423461914
2020-09-09,42.09000015258789,37.429752349853516
2020-09-10,41.77000045776367,37.145179748535156
2020-09-11,42.25,37.57203674316406
2020-09-14,42.43000030517578,37.732112884521484
2020-09-15,42.709999084472656,37.98110580444336
2020-09-16,42.68000030517578,37.954429626464844
2020-09-17,42.810001373291016,38.070030212402344
2020-09-18,42.66999816894531,37.945526123046875
2020-09-21,41.91999816894531,37.2785758972168
2020-09-22,41.72999954223633,37.10961151123047
2020-09-23,40.939998626708984,36.407073974609375
2020-09-24,40.7599983215332,36.24700927734375
2020-09-25,40.9900016784668,36.45154571533203
2020-09-28,41.279998779296875,36.70943832397461
2020-09-29,41.220001220703125,36.65607833862305
2020-09-30,41.06999969482422,36.52268981933594
2020-10-01,41.38999938964844,36.807254791259766
2020-10-02,41.47999954223633,36.88728713989258
2020-10-05,41.97999954223633,37.33192825317383
2020-10-06,41.25,36.68275833129883
2020-10-07,41.40999984741211,36.82503890991211
2020-10-08,41.720001220703125,37.1007194519043
2020-10-09,42.2400016784668,37.563140869140625
2020-10-12,42.560001373291016,37.847713470458984
2020-10-13,42.040000915527344,37.385292053222656
2020-10-14,41.75,37.12739562988281
2020-10-15,41.18000030517578,36.62051010131836
2020-10-16,41.41999816894531,36.83393478393555
2020-10-19,41.310001373291016,36.736114501953125
2020-10-20,41.66999816894531,37.05625534057617
2020-10-21,41.130001068115234,36.57604217529297
2020-10-22,41.189998626708984,36.629398345947266
2020-10-23,41.439998626708984,36.85171890258789
2020-10-26,40.95000076293945,36.415977478027344
2020-10-27,40.52000045776367,36.0335807800293
2020-10-28,39.13999938964844,34.80637741088867
2020-10-29,39.060001373291016,34.73523712158203
2020-10-30,38.93000030517578,34.61962890625
2020-11-02,39.61000061035156,35.22433853149414
2020-11-03,40.779998779296875,36.264793395996094
2020-11-04,41.650001525878906,37.03846740722656
2020-11-05,42.209999084472656,37.53646469116211
2020-11-06,42.52000045776367,37.81214141845703
2020-11-09,42.11000061035156,37.44753646850586
2020-11-10,42.0099983215332,37.358604431152344
2020-11-11,42.560001373291016,37.847713470458984
2020-11-12,42.310001373291016,37.62539291381836
2020-11-13,42.81999969482422,38.07892608642578
2020-11-16,43.06999969482422,38.30124282836914
2020-11-17,43.09000015258789,38.319026947021484
2020-11-18,42.7599983215332,38.025569915771484
2020-11-19,42.939998626708984,38.185638427734375
2020-11-20,42.86000061035156,38.114501953125
2020-11-23,42.54999923706055,37.83882141113281
2020-11-24,42.84000015258789,38.09671401977539
2020-11-25,42.880001068115234,38.13228225708008
2020-11-27,43.06999969482422,38.30124282836914
2020-11-30,42.529998779296875,37.8210334777832
2020-12-01,43.22999954223633,38.44352722167969
2020-12-02,43.189998626708984,38.407958984375
2020-12-03,43.0099983215332,38.247886657714844
2020-12-04,43.25,38.46131896972656
2020-12-07,43.209999084472656,38.425743103027344
2020-12-08,43.439998626708984,38.63027572631836
2020-12-09,43.560001373291016,38.736995697021484
2020-12-10,43.4900016784668,38.674739837646484
2020-12-11,43.529998779296875,38.7103157043457
2020-12-14,43.290000915527344,38.517242431640625
2020-12-15,43.650001525878906,38.837547302246094
2020-12-16,43.849998474121094,39.0154914855957
2020-12-17,44.290000915527344,39.4069938659668
2020-12-18,44.310001373291016,39.42478942871094
2020-12-21,43.689998626708984,38.87313461303711
2020-12-22,43.59000015258789,38.78416442871094
2020-12-23,43.790000915527344,38.96211242675781
2020-12-24,43.72999954223633,38.908729553222656
2020-12-28,44.41999816894531,39.52265930175781
2020-12-29,44.900001525878906,39.94973373413086
2020-12-30,45.04999923706055,40.08319854736328
2020-12-31,44.68000030517578,39.75398635864258
2021-01-04,45.16999816894531,40.189964294433594
2021-01-05,45.5,40.48358154296875
2021-01-06,45.29999923706055,40.305633544921875
2021-01-07,45.31999969482422,40.323429107666016
2021-01-08,45.459999084472656,40.447998046875
2021-01-11,45.220001220703125,40.23445510864258
2021-01-12,45.459999084472656,40.447998046875
2021-01-13,45.31999969482422,40.323429107666016
2021-01-14,45.34000015258789,40.341224670410156
2021-01-15,45.119998931884766,40.145477294921875
2021-01-19,45.290000915527344,40.29673767089844
2021-01-20,45.540000915527344,40.5191764831543
2021-01-21,45.709999084472656,40.670433044433594
2021-01-22,45.689998626708984,40.65264129638672
2021-01-25,45.66999816894531,40.63484573364258
2021-01-26,45.790000915527344,40.741615295410156
2021-01-27,45.130001068115234,40.15437698364258
2021-01-28,45.22999954223633,40.24334716796875
2021-01-29,44.029998779296875,39.17565155029297
2021-02-01,44.45000076293945,39.549346923828125
2021-02-02,44.790000915527344,39.851863861083984
2021-02-03,44.630001068115234,39.709503173828125
2021-02-04,44.65999984741211,39.7361946105957
2021-02-05,44.470001220703125,39.567142486572266
2021-02-08,44.5099983215332,39.60273361206055
2021-02-09,45.099998474121094,40.127681732177734
2021-02-10,45.119998931884766,40.145477294921875
2021-02-11,45.380001068115234,40.37681579589844
2021-02-12,45.36000061035156,40.3590202331543
2021-02-16,45.47999954223633,40.465789794921875
2021-02-17,44.84000015258789,39.8963508605957
2021-02-18,44.7599983215332,39.82516860961914
2021-02-19,44.56999969482422,39.6561164855957
2021-02-22,44.45000076293945,39.549346923828125
2021-02-23,43.86000061035156,39.02439498901367
2021-02-24,44.09000015258789,39.229042053222656
2021-02-25,43.45000076293945,38.659603118896484
2021-02-26,43.22999954223633,38.4638557434082
2021-03-01,43.77000045776367,38.94431686401367
2021-03-02,44.04999923706055,39.193443298339844
2021-03-03,43.5099983215332,38.71297836303711
2021-03-04,43.029998779296875,38.28590393066406
2021-03-05,43.290000915527344,38.517242431640625
2021-03-08,43.04999923706055,38.30369567871094
2021-03-09,43.81999969482422,38.98880386352539
2021-03-10,43.93000030517578,39.086673736572266
2021-03-11,44.20000076293945,39.326908111572266
2021-03-12,43.95000076293945,39.10447311401367
2021-03-15,44.189998626708984,39.31801223754883
2021-03-16,44.400001525878906,39.50486373901367
2021-03-17,44.4900016784668,39.58494186401367
2021-03-18,44.029998779296875,39.17565155029297
2021-03-19,44.36000061035156,39.46927261352539
2021-03-22,44.939998626708984,39.98532485961914
2021-03-23,44.599998474121094,39.68280792236328
2021-03-24,44.43000030517578,39.531551361083984
2021-03-25,44.61000061035156,39.691707611083984
2021-03-26,44.779998779296875,39.84296417236328
2021-03-29,44.65999984741211,39.7361946105957
2021-03-30,44.619998931884766,39.70060348510742
2021-03-31,44.209999084472656,39.335811614990234
2021-04-01,44.95000076293945,39.994224548339844
2021-04-05,45.709999084472656,40.670433044433594
2021-04-06,45.36000061035156,40.3590202331543
2021-04-07,45.43000030517578,40.42129898071289
2021-04-08,46.0,40.92845916748047
2021-04-09,46.220001220703125,41.12420654296875
2021-04-12,45.970001220703125,40.90176773071289
2021-04-13,46.040000915527344,40.96405029296875
2021-04-14,45.86000061035156,40.80388641357422
2021-04-15,46.29999923706055,41.19538879394531
2021-04-16,46.790000915527344,41.6313591003418
2021-04-19,46.849998474121094,41.68474578857422
2021-04-20,46.45000076293945,41.32884979248047
2021-04-21,46.77000045776367,41.61356735229492
2021-04-22,46.689998626708984,41.542381286621094
2021-04-23,47.02000045776367,41.83600616455078
2021-04-26,46.790000915527344,41.6313591003418
2021-04-27,46.58000183105469,41.444515228271484
2021-04-28,46.709999084472656,41.5601806640625
2021-04-29,46.810001373291016,41.64915466308594
2021-04-30,46.290000915527344,41.18648147583008
2021-05-03,46.75,41.59577178955078
2021-05-04,46.060001373291016,40.981842041015625
2021-05-05,46.63999938964844,41.49789810180664
2021-05-06,47.0099983215332,41.82710266113281
2021-05-07,47.58000183105469,42.33426284790039
2021-05-10,47.04999923706055,41.862693786621094
2021-05-11,46.59000015258789,41.45341110229492
2021-05-12,46.119998931884766,41.03523254394531
2021-05-13,46.66999816894531,41.52458953857422
2021-05-14,47.189998626708984,41.98725891113281
2021-05-17,47.29999923706055,42.08513259887695
2021-05-18,47.5,42.263084411621094
2021-05-19,47.08000183105469,41.88938903808594
2021-05-20,47.720001220703125,42.45882797241211
2021-05-21,48.02000045776367,42.72574996948242
2021-05-24,48.20000076293945,42.88590621948242
2021-05-25,48.52000045776367,43.17062759399414
2021-05-26,48.630001068115234,43.26850128173828
2021-05-27,48.63999938964844,43.27739715576172
2021-05-28,48.72999954223633,43.35747146606445
2021-06-01,49.04999923706055,43.64219284057617
2021-06-02,49.09000015258789,43.67778396606445
2021-06-03,48.93000030517578,43.53542709350586
2021-06-04,49.47999954223633,44.02478790283203
2021-06-07,49.810001373291016,44.31840515136719
2021-06-08,49.93000030517578,44.4251708984375
2021-06-09,50.36000061035156,44.80776596069336
2021-06-10,49.599998474121094,44.94822692871094
2021-06-11,49.63999938964844,44.98447799682617
2021-06-14,49.72999954223633,45.06603240966797
2021-06-15,49.970001220703125,45.283531188964844
2021-06-16,49.59000015258789,44.93916320800781
2021-06-17,49.18000030517578,44.5676155090332
2021-06-18,48.61000061035156,44.05107498168945
2021-06-21,49.18000030517578,44.5676155090332
2021-06-22,49.040000915527344,44.44074630737305
2021-06-23,48.72999954223633,44.15981674194336
2021-06-24,49.15999984741211,44.54948806762695
2021-06-25,49.31999969482422,44.69448471069336
2021-06-28,49.130001068115234,44.52231216430664
2021-06-29,49.16999816894531,44.558555603027344
2021-06-30,48.630001068115234,44.06919860839844
2021-07-01,48.779998779296875,44.20513153076172
2021-07-02,48.959999084472656,44.368247985839844
2021-07-06,48.77000045776367,44.196067810058594
2021-07-07,49.13999938964844,44.53136444091797
2021-07-08,49.08000183105469,44.47699737548828
2021-07-09,49.279998779296875,44.658241271972656
2021-07-12,49.630001068115234,44.97541046142578
2021-07-13,49.439998626708984,44.8032341003418
2021-07-14,49.5,44.85760498046875
2021-07-15,49.16999816894531,44.558555603027344
2021-07-16,49.119998931884766,44.513240814208984
2021-07-19,48.619998931884766,44.06013488769531
2021-07-20,48.83000183105469,44.25044631958008
2021-07-21,49.38999938964844,44.7579231262207
2021-07-22,49.08000183105469,44.47699737548828
2021-07-23,49.59000015258789,44.93916320800781
2021-07-26,49.54999923706055,44.902915954589844
2021-07-27,49.560001373291016,44.911983489990234
2021-07-28,49.7599983215332,45.09321594238281
2021-07-29,50.029998779296875,45.33789825439453
2021-07-30,50.2400016784668,45.52820587158203
2021-08-02,50.439998626708984,45.70944595336914
2021-08-03,50.68000030517578,45.92694091796875
2021-08-04,50.45000076293945,45.718505859375
2021-08-05,50.56999969482422,45.82725524902344
2021-08-06,50.119998931884766,45.41946029663086
2021-08-09,50.13999938964844,45.43758010864258
2021-08-10,50.2599983215332,45.54632568359375
2021-08-11,50.38999938964844,45.66413497924805
2021-08-12,50.529998779296875,45.7910041809082
2021-08-13,51.040000915527344,46.25318145751953
2021-08-16,51.150001525878906,46.35285949707031
2021-08-17,51.099998474121094,46.30754852294922
2021-08-18,50.95000076293945,46.1716194152832
2021-08-19,50.630001068115234,45.881629943847656
2021-08-20,50.81999969482422,46.05380630493164
2021-08-23,51.06999969482422,46.280364990234375
2021-08-24,50.959999084472656,46.18067932128906
2021-08-25,50.66999816894531,45.91787338256836
2021-08-26,50.56999969482422,45.82725524902344
2021-08-27,51.15999984741211,46.36191940307617
2021-08-30,50.9900016784668,46.20786666870117
2021-08-31,50.84000015258789,46.07193374633789
2021-09-01,50.97999954223633,46.19879913330078
2021-09-02,50.939998626708984,46.16255187988281
2021-09-03,50.7400016784668,45.9813117980957
2021-09-07,50.369998931884766,45.6460075378418
2021-09-08,49.720001220703125,45.05697250366211
2021-09-09,49.650001525878906,44.99353790283203
2021-09-10,49.38999938964844,44.7579231262207
2021-09-13,49.43000030517578,44.79417037963867
2021-09-14,49.4900016784668,44.84854507446289
2021-09-15,49.290000915527344,44.667301177978516
2021-09-16,49.22999954223633,44.6129264831543
2021-09-17,48.400001525878906,43.86077117919922
2021-09-20,47.72999954223633,43.25360870361328
2021-09-21,48.22999954223633,43.70671081542969
2021-09-22,48.349998474121094,43.81545639038086
2021-09-23,48.79999923706055,44.2232551574707
2021-09-24,48.150001525878906,43.634220123291016
2021-09-27,47.689998626708984,43.21735763549805
2021-09-28,46.619998931884766,42.247703552246094
2021-09-29,46.779998779296875,42.392704010009766
2021-09-30,46.58000183105469,42.21146011352539
2021-10-01,46.97999954223633,42.573944091796875
2021-10-04,46.970001220703125,42.564884185791016
2021-10-05,46.84000015258789,42.44707489013672
2021-10-06,46.97999954223633,42.573944091796875
2021-10-07,47.38999938964844,42.945491790771484
2021-10-08,47.630001068115234,43.162986755371094
2021-10-11,47.310001373291016,42.87299728393555
2021-10-12,47.29999923706055,42.86393356323242
2021-10-13,48.0099983215332,43.50734329223633
2021-10-14,48.41999816894531,43.8788948059082
2021-10-15,48.650001525878906,44.08732604980469
2021-10-18,48.619998931884766,44.06013488769531
2021-10-19,48.52000045776367,43.969520568847656
2021-10-20,49.040000915527344,44.44074630737305
2021-10-21,49.2599983215332,44.640113830566406
2021-10-22,49.529998779296875,44.884788513183594
2021-10-25,49.119998931884766,44.513240814208984
2021-10-26,49.439998626708984,44.8032341003418
2021-10-27,49.36000061035156,44.73073959350586
2021-10-28,50.04999923706055,45.35602569580078
2021-10-29,49.83000183105469,45.15665817260742
2021-11-01,50.5,45.763824462890625
2021-11-02,50.540000915527344,45.80006790161133
2021-11-03,51.130001068115234,46.33473205566406
2021-11-04,51.2400016784668,46.43442153930664
2021-11-05,50.90999984741211,46.13536834716797
2021-11-08,50.880001068115234,46.108177185058594
2021-11-09,51.20000076293945,46.39817428588867
2021-11-10,50.63999938964844,45.890689849853516
2021-11-11,50.75,45.99037170410156
2021-11-12,51.06999969482422,46.280364990234375
2021-11-15,50.83000183105469,46.062870025634766
2021-11-16,50.650001525878906,45.89975357055664
2021-11-17,50.970001220703125,46.18973922729492
2021-11-18,51.029998779296875,46.244110107421875
2021-11-19,50.63999938964844,45.890689849853516
2021-11-22,50.130001068115234,45.42852020263672
2021-11-23,49.66999816894531,45.011661529541016
2021-11-24,49.619998931884766,44.96635437011719
2021-11-26,49.33000183105469,44.70355224609375
2021-11-29,49.52000045776367,44.875732421875
2021-11-30,49.380001068115234,44.748863220214844
2021-12-01,48.970001220703125,44.37731170654297
2021-12-02,49.5,44.85760498046875
2021-12-03,49.619998931884766,44.96635437011719
2021-12-06,50.04999923706055,45.35602569580078
2021-12-07,50.779998779296875,46.01755905151367
2021-12-08,51.310001373291016,46.49785232543945
2021-12-09,50.970001220703125,46.18973922729492
2021-12-10,51.2400016784668,46.43442153930664
2021-12-13,50.880001068115234,46.108177185058594
2021-12-14,50.40999984741211,45.68225860595703
2021-12-15,51.22999954223633,46.42535400390625
2021-12-16,51.869998931884766,47.005332946777344
2021-12-17,51.220001220703125,46.416297912597656
2021-12-20,51.209999084472656,46.4072265625
2021-12-21,51.56999969482422,46.73347091674805
2021-12-22,51.91999816894531,47.05064010620117
2021-12-23,52.11000061035156,47.22282409667969
2021-12-27,52.66999816894531,47.73030471801758
2021-12-28,52.9900016784668,48.020294189453125
2021-12-29,53.02000045776367,48.04747772216797
2021-12-30,52.790000915527344,47.83905029296875
2021-12-31,52.72999954223633,47.78467559814453
2022-01-03,52.900001525878906,47.93873977661133
2022-01-04,52.779998779296875,47.82999038696289
2022-01-05,52.18000030517578,47.286258697509766
2022-01-06,51.790000915527344,46.932838439941406
2022-01-07,52.02000045776367,47.14126968383789
2022-01-10,50.779998779296875,46.01755905151367
2022-01-11,51.40999984741211,46.588478088378906
2022-01-12,51.66999816894531,46.82408905029297
2022-01-13,51.33000183105469,46.5159797668457
2022-01-14,51.08000183105469,46.289424896240234
2022-01-18,50.7400016784668,45.9813117980957
2022-01-19,50.72999954223633,45.972251892089844
2022-01-20,50.36000061035156,45.6369514465332
2022-01-21,49.84000015258789,45.16571807861328
2022-01-24,48.88999938964844,44.3048095703125
2022-01-25,48.439998626708984,43.89701461791992
2022-01-26,48.33000183105469,43.797340393066406
2022-01-27,48.290000915527344,43.76108932495117
2022-01-28,48.68000030517578,44.1145133972168
2022-01-31,49.33000183105469,44.70355224609375
2022-02-01,50.02000045776367,45.328834533691406
2022-02-02,50.029998779296875,45.33789825439453
2022-02-03,48.97999954223633,44.386375427246094
2022-02-04,48.869998931884766,44.28669357299805
2022-02-07,48.869998931884766,44.28669357299805
2022-02-08,48.849998474121094,44.2685661315918
2022-02-09,49.720001220703125,45.05697250366211
2022-02-10,48.9900016784668,44.39543914794922
2022-02-11,48.650001525878906,44.08732604980469
2022-02-14,48.209999084472656,43.6885871887207
2022-02-15,48.93000030517578,44.341064453125
2022-02-16,49.16999816894531,44.558555603027344
2022-02-17,48.349998474121094,43.81545639038086
2022-02-18,48.29999923706055,43.770145416259766
2022-02-22,47.88999938964844,43.398597717285156
2022-02-23,47.81999969482422,43.33516311645508
2022-02-24,47.25,42.81862258911133
2022-02-25,48.290000915527344,43.76108932495117
2022-02-28,47.939998626708984,43.44390869140625
2022-03-01,47.41999816894531,42.972679138183594
2022-03-02,47.72999954223633,43.25360870361328
2022-03-03,47.060001373291016,42.646446228027344
2022-03-04,45.93000030517578,41.62241744995117
2022-03-07,44.220001220703125,40.07279586791992
2022-03-08,44.43000030517578,40.263099670410156
2022-03-09,46.41999816894531,42.06645965576172
2022-03-10,45.7400016784668,41.45024108886719
2022-03-11,45.15999984741211,40.92463302612305
2022-03-14,45.84000015258789,41.54085922241211
2022-03-15,46.349998474121094,42.003028869628906
2022-03-16,47.310001373291016,42.87299728393555
2022-03-17,48.20000076293945,43.679527282714844
2022-03-18,48.970001220703125,44.37731170654297
2022-03-21,48.58000183105469,44.02389144897461
2022-03-22,48.97999954223633,44.386375427246094
2022-03-23,48.380001068115234,43.84264373779297
2022-03-24,48.77000045776367,44.196067810058594
2022-03-25,48.810001373291016,44.23231887817383
2022-03-28,48.79999923706055,44.2232551574707
2022-03-29,49.7599983215332,45.09321594238281
2022-03-30,49.65999984741211,45.002601623535156
2022-03-31,49.099998474121094,44.495121002197266
2022-04-01,49.5099983215332,44.866668701171875
2022-04-04,49.790000915527344,45.12041091918945
2022-04-05,49.709999084472656,45.04791259765625
2022-04-06,49.16999816894531,44.558555603027344
2022-04-07,49.66999816894531,45.011661529541016
2022-04-08,49.84000015258789,45.16571807861328
2022-04-11,49.91999816894531,45.23821258544922
2022-04-12,49.310001373291016,44.6854248046875
2022-04-13,49.4900016784668,44.84854507446289
2022-04-14,49.25,44.63105010986328
2022-04-18,49.09000015258789,44.486061096191406
2022-04-19,48.599998474121094,44.042015075683594
2022-04-20,48.619998931884766,44.06013488769531
2022-04-21,47.970001220703125,43.471099853515625
2022-04-22,47.68000030517578,43.20829772949219
2022-04-25,47.70000076293945,43.22642517089844
2022-04-26,46.18000030517578,41.848976135253906
2022-04-27,46.619998931884766,42.247703552246094
2022-04-28,47.0,42.592071533203125
2022-04-29,46.400001525878906,42.048343658447266
2022-05-02,46.11000061035156,41.78553771972656
2022-05-03,45.9900016784668,41.676795959472656
2022-05-04,46.52000045776367,42.15708923339844
2022-05-05,45.27000045776367,41.02431869506836
2022-05-06,44.58000183105469,40.3990364074707
2022-05-09,43.119998931884766,39.075958251953125
2022-05-10,43.619998931884766,39.5290641784668
2022-05-11,43.15999984741211,39.11220932006836
2022-05-12,42.9900016784668,38.958152770996094
2022-05-13,43.81999969482422,39.71030807495117
2022-05-16,43.91999816894531,39.800926208496094
2022-05-17,44.45000076293945,40.28122329711914
2022-05-18,43.689998626708984,39.59249496459961
2022-05-19,43.810001373291016,39.70124816894531
2022-05-20,43.66999816894531,39.57437515258789
2022-05-23,44.52000045776367,40.344661712646484
2022-05-24,44.959999084472656,40.74338912963867
2022-05-25,44.61000061035156,40.42621612548828
2022-05-26,45.15999984741211,40.92463302612305
2022-05-27,45.77000045776367,41.4774284362793
2022-05-31,45.54999923706055,41.27805709838867
2022-06-01,44.599998474121094,40.41715621948242
2022-06-02,45.599998474121094,41.32337188720703
2022-06-03,44.95000076293945,40.73433303833008
2022-06-06,44.7599983215332,40.56214904785156
2022-06-07,44.560001373291016,40.38090896606445
2022-06-08,43.75,39.646873474121094
2022-06-09,42.02000045776367,38.839942932128906
2022-06-10,41.130001068115234,38.01729965209961
2022-06-13,39.95000076293945,36.926605224609375
2022-06-14,39.29999923706055,36.32579040527344
2022-06-15,39.86000061035156,36.84341049194336
2022-06-16,39.560001373291016,36.56611633300781
2022-06-17,39.5,36.510658264160156
2022-06-21,39.81999969482422,36.806434631347656
2022-06-22,40.16999816894531,37.129947662353516
2022-06-23,40.209999084472656,37.16692352294922
2022-06-24,41.84000015258789,38.67356491088867
2022-06-27,41.810001373291016,38.64583969116211
2022-06-28,41.099998474121094,37.98957061767578
2022-06-29,41.459999084472656,38.322322845458984
2022-06-30,41.529998779296875,38.387027740478516
2022-07-01,41.58000183105469,38.43324661254883
2022-07-05,41.06999969482422,37.96183776855469
2022-07-06,41.220001220703125,38.100486755371094
2022-07-07,41.41999816894531,38.28534698486328
2022-07-08,41.400001525878906,38.26686477661133
2022-07-11,41.20000076293945,38.08200454711914
2022-07-12,41.209999084472656,38.091243743896484
2022-07-13,41.040000915527344,37.934104919433594
2022-07-14,40.56999969482422,37.49967575073242
2022-07-15,41.27000045776367,38.146697998046875
2022-07-18,41.099998474121094,37.98957061767578
2022-07-19,42.2400016784668,39.04329299926758
2022-07-20,41.779998779296875,38.61810302734375
2022-07-21,42.41999816894531,39.20966720581055
2022-07-22,42.29999923706055,39.0987548828125
2022-07-25,42.5,39.28361892700195
2022-07-26,42.27000045776367,39.071022033691406
2022-07-27,42.75,39.51469421386719
2022-07-28,43.09000015258789,39.82896423339844
2022-07-29,43.4900016784668,40.198692321777344
2022-08-01,43.470001220703125,40.18021011352539
2022-08-02,42.779998779296875,39.54242706298828
2022-08-03,43.029998779296875,39.773502349853516
2022-08-04,43.380001068115234,40.09701919555664
2022-08-05,42.869998931884766,39.625614166259766
2022-08-08,43.08000183105469,39.81972122192383
2022-08-09,42.91999816894531,39.67182922363281
2022-08-10,43.72999954223633,40.420528411865234
2022-08-11,43.790000915527344,40.475990295410156
2022-08-12,44.0,40.67009353637695
2022-08-15,43.88999938964844,40.56842041015625
2022-08-16,43.36000061035156,40.07853317260742
2022-08-17,43.099998474121094,39.83820724487305
2022-08-18,43.04999923706055,39.791988372802734
2022-08-19,42.83000183105469,39.588645935058594
2022-08-22,42.11000061035156,38.92313003540039
2022-08-23,41.720001220703125,38.562644958496094
2022-08-24,41.83000183105469,38.66432189941406
2022-08-25,42.400001525878906,39.191184997558594
2022-08-26,41.279998779296875,38.155948638916016
2022-08-29,41.31999969482422,38.19291687011719
2022-08-30,40.869998931884766,37.7769775390625
2022-08-31,40.61000061035156,37.53664779663086
2022-09-01,40.11000061035156,37.074493408203125
2022-09-02,40.0099983215332,36.9820556640625
2022-09-06,40.02000045776367,36.991302490234375
2022-09-07,40.529998779296875,37.46269989013672
2022-09-08,40.58000183105469,37.5089225769043
2022-09-09,41.66999816894531,38.51642990112305
2022-09-12,42.099998474121094,38.91388702392578
2022-09-13,41.0099983215332,37.90637969970703
2022-09-14,40.779998779296875,37.69378662109375
2022-09-15,40.54999923706055,37.4811897277832
2022-09-16,40.099998474121094,37.065242767333984
2022-09-19,40.060001373291016,37.02827835083008
2022-09-20,39.439998626708984,36.455196380615234
2022-09-21,38.88999938964844,35.94681930541992
2022-09-22,38.41999816894531,35.512386322021484
2022-09-23,37.65999984741211,34.80990219116211
2022-09-26,36.970001220703125,34.17212677001953
2022-09-27,36.93000030517578,34.13515090942383
2022-09-28,38.119998931884766,35.23509216308594
2022-09-29,37.61000061035156,34.76369094848633
2022-09-30,37.45000076293945,34.61579895019531
2022-10-03,37.58000183105469,34.7359619140625
2022-10-04,39.2599983215332,36.288818359375
2022-10-05,38.790000915527344,35.85438537597656
2022-10-06,37.9900016784668,35.114933013916016
2022-10-07,37.540000915527344,34.6989860534668
2022-10-10,37.20000076293945,34.38471984863281
2022-10-11,36.9900016784668,34.19061279296875
2022-10-12,36.90999984741211,34.11666488647461
2022-10-13,37.31999969482422,34.49563217163086
2022-10-14,37.04999923706055,34.24606704711914
2022-10-17,38.130001068115234,35.24433517456055
2022-10-18,38.619998931884766,35.6972541809082
2022-10-19,37.83000183105469,34.967041015625
2022-10-20,37.68000030517578,34.828392028808594
2022-10-21,38.18000030517578,35.290550231933594
2022-10-24,38.45000076293945,35.54011917114258
2022-10-25,39.369998931884766,36.3904914855957
2022-10-26,39.65999984741211,36.658546447753906
2022-10-27,38.9900016784668,36.03925323486328
2022-10-28,39.349998474121094,36.372005462646484
2022-10-31,39.11000061035156,36.150177001953125
2022-11-01,39.040000915527344,36.085472106933594
2022-11-02,38.68000030517578,35.752716064453125
2022-11-03,38.029998779296875,35.15190124511719
2022-11-04,39.380001068115234,36.39973831176758
2022-11-07,39.349998474121094,36.372005462646484
2022-11-08,39.77000045776367,36.760223388671875
2022-11-09,39.88999938964844,36.87113952636719
2022-11-10,42.029998779296875,38.849185943603516
2022-11-11,43.310001373291016,40.03231430053711
2022-11-14,42.47999954223633,39.26512908935547
2022-11-15,42.349998474121094,39.14496994018555
2022-11-16,42.08000183105469,38.89540481567383
2022-11-17,41.900001525878906,38.729026794433594
2022-11-18,42.099998474121094,38.91388702392578
2022-11-21,42.060001373291016,38.876914978027344
2022-11-22,42.380001068115234,39.172698974609375
2022-11-23,42.84000015258789,39.5978889465332
2022-11-25,43.0099983215332,39.7550163269043
2022-11-28,42.59000015258789,39.36680603027344
2022-11-29,42.27000045776367,39.071022033691406
2022-11-30,42.88999938964844,39.644100189208984
2022-12-01,43.5,40.20793533325195
2022-12-02,43.400001525878906,40.11550521850586
2022-12-05,42.86000061035156,39.61637496948242
2022-12-06,42.56999969482422,39.34832000732422
2022-12-07,42.41999816894531,39.20966720581055
2022-12-08,42.630001068115234,39.403778076171875
2022-12-09,42.779998779296875,39.54242706298828
2022-12-12,42.81999969482422,39.57939910888672
2022-12-13,43.40999984741211,40.12474822998047
2022-12-14,43.47999954223633,40.189449310302734
2022-12-15,42.290000915527344,39.089508056640625
2022-12-16,41.79999923706055,38.63658905029297
2022-12-19,41.75,38.59037399291992
2022-12-20,41.630001068115234,38.47945785522461
2022-12-21,42.310001373291016,39.10799789428711
2022-12-22,41.880001068115234,38.710540771484375
2022-12-23,41.959999084472656,38.78448486328125
2022-12-27,42.18000030517578,38.987831115722656
2022-12-28,41.95000076293945,38.775238037109375
2022-12-29,42.560001373291016,39.339073181152344
2022-12-30,41.93000030517578,38.756752014160156
2023-01-03,42.58000183105469,39.35756301879883
2023-01-04,43.52000045776367,40.22642517089844
2023-01-05,42.970001220703125,39.71804428100586
2023-01-06,43.810001373291016,40.494476318359375
2023-01-09,43.939998626708984,40.6146354675293
2023-01-10,44.13999938964844,40.79949951171875
2023-01-11,44.290000915527344,40.93815231323242
2023-01-12,44.45000076293945,41.08604049682617
2023-01-13,44.599998474121094,41.22468948364258
2023-01-17,45.13999938964844,41.72381591796875
2023-01-18,45.060001373291016,41.64987564086914
2023-01-19,44.959999084472656,41.55744171142578
2023-01-20,44.93000030517578,41.52971649169922
2023-01-23,45.220001220703125,41.79777145385742
2023-01-24,45.08000183105469,41.668365478515625
2023-01-25,45.40999984741211,41.973388671875
2023-01-26,45.150001525878906,41.733070373535156
2023-01-27,44.9900016784668,41.585174560546875
2023-01-30,44.84000015258789,41.44652557373047
2023-01-31,45.25,41.825496673583984
2023-02-01,45.470001220703125,42.028846740722656
2023-02-02,45.2599983215332,41.83474349975586
2023-02-03,45.060001373291016,41.64987564086914
2023-02-06,44.810001373291016,41.418800354003906
2023-02-07,45.16999816894531,41.751548767089844
2023-02-08,45.04999923706055,41.64063262939453
2023-02-09,44.5,41.132259368896484
2023-02-10,44.33000183105469,40.97512435913086
2023-02-13,44.900001525878906,41.50198745727539
2023-02-14,44.9900016784668,41.585174560546875
2023-02-15,45.02000045776367,41.6129035949707
2023-02-16,44.43000030517578,41.06755447387695
2023-02-17,44.90999984741211,41.511226654052734
2023-02-21,44.529998779296875,41.15998077392578
2023-02-22,44.52000045776367,41.1507453918457
2023-02-23,44.470001220703125,41.104530334472656
2023-02-24,43.72999954223633,40.420528411865234
2023-02-27,44.09000015258789,40.75328826904297
2023-02-28,43.369998931884766,40.08777618408203
2023-03-01,43.380001068115234,40.09701919555664
2023-03-02,43.75,40.43901824951172
2023-03-03,44.150001525878906,40.808746337890625
2023-03-06,43.97999954223633,40.651611328125
2023-03-07,43.11000061035156,39.84745407104492
2023-03-08,43.11000061035156,39.84745407104492
2023-03-09,42.93000030517578,39.68107223510742
2023-03-10,42.849998474121094,39.60712432861328
2023-03-13,43.06999969482422,39.81047821044922
2023-03-14,43.599998474121094,40.30036926269531
2023-03-15,42.29999923706055,39.0987548828125
2023-03-16,43.119998931884766,39.856693267822266
2023-03-17,42.59000015258789,39.36680603027344
2023-03-20,42.86000061035156,39.61637496948242
2023-03-21,43.66999816894531,40.36507034301758
2023-03-22,43.349998474121094,40.06928634643555
2023-03-23,43.349998474121094,40.06928634643555
2023-03-24,43.470001220703125,40.18021011352539
2023-03-27,44.029998779296875,40.69782638549805
2023-03-28,43.880001068115234,40.559181213378906
2023-03-29,44.529998779296875,41.15998077392578
2023-03-30,44.90999984741211,41.511226654052734
2023-03-31,45.31999969482422,41.89019775390625
2023-04-03,45.470001220703125,42.028846740722656
2023-04-04,45.5099983215332,42.065818786621094
2023-04-05,45.68000030517578,42.22295379638672
2023-04-06,46.189998626708984,42.69435501098633
2023-04-10,46.150001525878906,42.657386779785156
2023-04-11,46.380001068115234,42.86997985839844
2023-04-12,46.72999954223633,43.1934928894043
2023-04-13,47.31999969482422,43.73884201049805
2023-04-14,47.22999954223633,43.6556510925293
2023-04-17,47.119998931884766,43.553977966308594
2023-04-18,47.34000015258789,43.757328033447266
2023-04-19,47.33000183105469,43.748085021972656
2023-04-20,47.61000061035156,44.00689697265625
2023-04-21,48.099998474121094,44.45980453491211
2023-04-24,48.470001220703125,44.80181121826172
2023-04-25,48.06999969482422,44.43207931518555
2023-04-26,47.709999084472656,44.09932327270508
2023-04-27,47.79999923706055,44.182518005371094
2023-04-28,48.09000015258789,44.450565338134766
2023-05-01,48.09000015258789,44.450565338134766
2023-05-02,48.040000915527344,44.404354095458984
2023-05-03,48.540000915527344,44.86651611328125
2023-05-04,48.459999084472656,44.792564392089844
2023-05-05,48.709999084472656,45.023643493652344
2023-05-08,48.83000183105469,45.13456726074219
2023-05-09,48.689998626708984,45.00516128540039
2023-05-10,48.369998931884766,44.70937728881836
2023-05-11,48.41999816894531,44.755592346191406
2023-05-12,48.349998474121094,44.690887451171875
2023-05-15,48.56999969482422,44.89424133300781
2023-05-16,48.099998474121094,44.45980453491211
2023-05-17,47.91999816894531,44.29343032836914
2023-05-18,47.869998931884766,44.24721145629883
2023-05-19,48.25,44.59845733642578
2023-05-22,48.16999816894531,44.524513244628906
2023-05-23,47.52000045776367,43.9237060546875
2023-05-24,47.0,43.443058013916016
2023-05-25,46.880001068115234,43.33213806152344
2023-05-26,47.34000015258789,43.757328033447266
2023-05-30,46.77000045776367,43.230464935302734
2023-05-31,46.27000045776367,42.76830291748047
2023-06-01,46.68000030517578,43.14727783203125
2023-06-02,47.189998626708984,43.618675231933594
2023-06-05,46.959999084472656,43.40608596801758
2023-06-06,47.18000030517578,43.60943603515625
2023-06-07,45.5,42.98683547973633
2023-06-08,46.0099983215332,43.468666076660156
2023-06-09,45.66999816894531,43.14744567871094
2023-06-12,45.720001220703125,43.19468307495117
2023-06-13,45.849998474121094,43.3175048828125
2023-06-14,45.900001525878906,43.364742279052734
2023-06-15,46.5,43.931602478027344
2023-06-16,46.470001220703125,43.90325927734375
2023-06-20,45.70000076293945,43.17578887939453
2023-06-21,45.619998931884766,43.1002082824707
2023-06-22,45.68000030517578,43.156890869140625
2023-06-23,45.63999938964844,43.119102478027344
2023-06-26,45.54999923706055,43.03407287597656
2023-06-27,45.95000076293945,43.41197967529297
2023-06-28,45.68000030517578,43.156890869140625
2023-06-29,45.56999969482422,43.0529670715332
2023-06-30,46.209999084472656,43.65761947631836
2023-07-03,45.91999816894531,43.383636474609375
2023-07-05,45.560001373291016,43.043521881103516
2023-07-06,44.9900016784668,42.505008697509766
2023-07-07,44.90999984741211,42.42942428588867
2023-07-10,45.16999816894531,42.67506408691406
2023-07-11,45.790000915527344,43.26081848144531
2023-07-12,46.61000061035156,44.035526275634766
2023-07-13,47.220001220703125,44.61183166503906
2023-07-14,47.33000183105469,44.71575927734375
2023-07-17,47.02000045776367,44.422882080078125
2023-07-18,47.529998779296875,44.90470886230469
2023-07-19,47.58000183105469,44.95194625854492
2023-07-20,47.380001068115234,44.762996673583984
2023-07-21,47.41999816894531,44.80078125
2023-07-24,47.189998626708984,44.5834846496582
2023-07-25,47.560001373291016,44.93305587768555
2023-07-26,47.689998626708984,45.055870056152344
2023-07-27,47.779998779296875,45.140899658203125
2023-07-28,47.81999969482422,45.17869186401367
2023-07-31,47.709999084472656,45.07476806640625
2023-08-01,47.220001220703125,44.61183166503906
2023-08-02,46.810001373291016,44.22447967529297
2023-08-03,46.52000045776367,43.95050048828125
2023-08-04,46.52000045776367,43.95050048828125
2023-08-07,46.779998779296875,44.19613265991211
2023-08-08,46.4900016784668,43.922157287597656
2023-08-09,46.400001525878906,43.837127685546875
2023-08-10,46.59000015258789,44.016632080078125
2023-08-11,46.5,43.931602478027344
2023-08-14,46.41999816894531,43.85601806640625
2023-08-15,45.83000183105469,43.29861068725586
2023-08-16,45.59000015258789,43.071861267089844
2023-08-17,45.27000045776367,42.76953887939453
2023-08-18,45.08000183105469,42.59003448486328
2023-08-21,45.400001525878906,42.89236068725586
2023-08-22,45.22999954223633,42.731746673583984
2023-08-23,45.810001373291016,43.27971649169922
2023-08-24,45.349998474121094,42.84511947631836
2023-08-25,45.56999969482422,43.0529670715332
2023-08-28,45.86000061035156,43.32695007324219
2023-08-29,46.52000045776367,43.95050048828125
2023-08-30,46.369998931884766,43.808780670166016
2023-08-31,46.130001068115234,43.58203887939453
2023-09-01,45.93000030517578,43.39308547973633
2023-09-05,45.18000030517578,42.68450927734375
2023-09-06,45.06999969482422,42.58058547973633
2023-09-07,45.220001220703125,42.72230529785156
2023-09-08,45.02000045776367,42.533348083496094
2023-09-11,45.310001373291016,42.80733108520508
2023-09-12,45.18000030517578,42.68450927734375
2023-09-13,45.029998779296875,42.54279708862305
2023-09-14,45.40999984741211,42.90180587768555
2023-09-15,45.59000015258789,43.071861267089844
2023-09-18,45.18000030517578,42.68450927734375
2023-09-19,45.15999984741211,42.665611267089844
2023-09-20,45.29999923706055,42.79788589477539
2023-09-21,44.689998626708984,42.22157669067383
2023-09-22,44.33000183105469,41.88146209716797
2023-09-25,44.16999816894531,41.73029708862305
2023-09-26,43.63999938964844,41.22957229614258
2023-09-27,43.099998474121094,40.71939468383789
2023-09-28,43.47999954223633,41.078407287597656
2023-09-29,43.56999969482422,41.16343688964844
2023-10-02,43.130001068115234,40.74774169921875
2023-10-03,42.619998931884766,40.265907287597656
2023-10-04,42.970001220703125,40.59657669067383
2023-10-05,43.18000030517578,40.794979095458984
2023-10-06,43.529998779296875,41.12564468383789
2023-10-09,43.65999984741211,41.248470306396484
2023-10-10,44.189998626708984,41.74919128417969
2023-10-11,44.630001068115234,42.16489028930664
2023-10-12,43.9900016784668,41.560245513916016
2023-10-13,44.04999923706055,41.61692428588867
2023-10-16,44.13999938964844,41.70195388793945
2023-10-17,43.84000015258789,41.41852569580078
2023-10-18,43.150001525878906,40.766639709472656
2023-10-19,42.619998931884766,40.265907287597656
2023-10-20,42.34000015258789,40.00137710571289
2023-10-23,42.16999816894531,39.840763092041016
2023-10-24,42.470001220703125,40.12419891357422
2023-10-25,42.2400016784668,39.90690231323242
2023-10-26,42.0,39.68015670776367
2023-10-27,41.61000061035156,39.31169891357422
2023-10-30,42.13999938964844,39.81242370605469
2023-10-31,41.91999816894531,39.604576110839844
2023-11-01,42.439998626708984,40.09585189819336
2023-11-02,43.040000915527344,40.662715911865234
2023-11-03,43.189998626708984,40.80442810058594
2023-11-06,43.11000061035156,40.72884750366211
2023-11-07,43.0099983215332,40.63436508178711
2023-11-08,43.099998474121094,40.71939468383789
2023-11-09,43.04999923706055,40.672157287597656
2023-11-10,43.06999969482422,40.69105529785156
2023-11-13,43.08000183105469,40.700504302978516
2023-11-14,44.2400016784668,41.79643249511719
2023-11-15,44.25,41.805877685546875
2023-11-16,44.11000061035156,41.673614501953125
2023-11-17,44.52000045776367,42.06096649169922
2023-11-20,44.5,42.04207229614258
2023-11-21,44.75,42.27825927734375
2023-11-22,44.849998474121094,42.37274169921875
2023-11-24,45.15999984741211,42.665611267089844
2023-11-27,44.93000030517578,42.44832229614258
2023-11-28,44.81999969482422,42.34439468383789
2023-11-29,45.2400016784668,42.7411994934082
2023-11-30,45.41999816894531,42.9112548828125
2023-12-01,45.83000183105469,43.29861068725586
2023-12-04,45.810001373291016,43.27971649169922
2023-12-05,45.63999938964844,43.119102478027344
2023-12-06,45.75,43.223026275634766
2023-12-07,45.630001068115234,43.109657287597656
2023-12-08,45.95000076293945,43.41197967529297
2023-12-11,46.11000061035156,43.563140869140625
2023-12-12,46.439998626708984,43.874916076660156
2023-12-13,47.0,44.403987884521484
2023-12-14,47.18000030517578,44.57404327392578
2023-12-15,46.810001373291016,44.22447967529297
2023-12-18,46.970001220703125,44.375640869140625
2023-12-19,47.310001373291016,44.696861267089844
2023-12-20,46.709999084472656,44.130001068115234
2023-12-21,47.38999938964844,44.77244567871094
2023-12-22,47.45000076293945,44.829132080078125
2023-12-26,47.70000076293945,45.06532287597656
2023-12-27,48.06999969482422,45.41488265991211
2023-12-28,47.86000061035156,45.21648406982422
2023-12-29,48.27000045776367,45.60383987426758
2024-01-02,47.95000076293945,45.301513671875
2024-01-03,47.79999923706055,45.15979766845703
2024-01-04,47.869998931884766,45.225929260253906
2024-01-05,47.70000076293945,45.06532287597656
2024-01-08,48.279998779296875,45.61328125
2024-01-09,47.84000015258789,45.19758987426758
2024-01-10,47.939998626708984,45.29206085205078
2024-01-11,47.689998626708984,45.055870056152344
2024-01-12,47.880001068115234,45.235382080078125
2024-01-16,47.2400016784668,44.63072967529297
2024-01-17,46.77000045776367,44.18669128417969
2024-01-18,46.88999938964844,44.3000602722168
2024-01-19,46.7599983215332,44.17723846435547
2024-01-22,47.029998779296875,44.43232345581055
2024-01-23,46.529998779296875,43.95994567871094
2024-01-24,46.849998474121094,44.26226806640625
2024-01-25,47.040000915527344,44.44178009033203
2024-01-26,47.81999969482422,45.17869186401367
2024-01-29,48.27000045776367,45.60383987426758
2024-01-30,48.18000030517578,45.51880645751953
2024-01-31,47.5099983215332,44.88581466674805
2024-02-01,47.86000061035156,45.21648406982422
2024-02-02,47.33000183105469,44.71575927734375
2024-02-05,47.189998626708984,44.5834846496582
2024-02-06,47.20000076293945,44.59294128417969
2024-02-07,46.77000045776367,44.18669128417969
2024-02-08,46.4900016784668,43.922157287597656
2024-02-09,46.380001068115234,43.81822967529297
2024-02-12,46.540000915527344,43.969390869140625
2024-02-13,45.630001068115234,43.109657287597656
2024-02-14,46.290000915527344,43.73320007324219
2024-02-15,46.7400016784668,44.15834426879883
2024-02-16,46.66999816894531,44.09220886230469
2024-02-20,47.220001220703125,44.61183166503906
2024-02-21,47.33000183105469,44.71575927734375
2024-02-22,47.119998931884766,44.517356872558594
2024-02-23,47.38999938964844,44.77244567871094
2024-02-26,47.119998931884766,44.517356872558594
2024-02-27,47.20000076293945,44.59294128417969
2024-02-28,47.040000915527344,44.44178009033203
2024-02-29,46.81999969482422,44.233924865722656
2024-03-01,47.09000015258789,44.489013671875
2024-03-04,46.88999938964844,44.3000602722168
2024-03-05,46.900001525878906,44.30950927734375
2024-03-06,47.380001068115234,44.762996673583984
2024-03-07,47.939998626708984,45.29206085205078
2024-03-08,48.220001220703125,45.55659866333008
2024-03-11,48.459999084472656,45.7833366394043
2024-03-12,48.72999954223633,46.03842544555664
2024-03-13,48.72999954223633,46.03842544555664
2024-03-14,48.34000015258789,45.66996765136719
2024-03-15,48.2599983215332,45.59438705444336
2024-03-18,47.689998626708984,45.055870056152344
2024-03-19,47.5,44.876365661621094
2024-03-20,48.0099983215332,45.358192443847656
2024-03-21,47.56999969482422,44.942501068115234
2024-03-22,47.400001525878906,44.781890869140625
2024-03-25,47.27000045776367,44.65907287597656
2024-03-26,47.150001525878906,44.54569625854492
2024-03-27,47.380001068115234,44.762996673583984
2024-03-28,47.599998474121094,44.97084045410156
2024-04-01,47.43000030517578,44.810237884521484
2024-04-02,46.779998779296875,44.19613265991211
2024-04-03,46.95000076293945,44.356746673583984
2024-04-04,46.869998931884766,44.28116226196289
2024-04-05,46.599998474121094,44.02607727050781
2024-04-08,46.61000061035156,44.035526275634766
2024-04-09,46.689998626708984,44.111106872558594
2024-04-10,46.04999923706055,43.5064582824707
2024-04-11,46.31999969482422,43.76154708862305
2024-04-12,45.56999969482422,43.0529670715332
2024-04-15,45.619998931884766,43.1002082824707
2024-04-16,45.13999938964844,42.6467170715332
2024-04-17,45.36000061035156,42.85456848144531
2024-04-18,45.18000030517578,42.68450927734375
2024-04-19,45.70000076293945,43.17578887939453
2024-04-22,46.04999923706055,43.5064582824707
2024-04-23,46.439998626708984,43.874916076660156
2024-04-24,46.06999969482422,43.525352478027344
2024-04-25,45.7599983215332,43.23247146606445
2024-04-26,45.939998626708984,43.402530670166016
2024-04-29,46.08000183105469,43.53480529785156
2024-04-30,45.36000061035156,42.85456848144531
2024-05-01,45.25,42.75064468383789
2024-05-02,45.689998626708984,43.166343688964844
2024-05-03,46.22999954223633,43.676513671875
2024-05-06,46.369998931884766,43.808780670166016
2024-05-07,46.86000061035156,44.27172088623047
2024-05-08,47.18000030517578,44.57404327392578
2024-05-09,47.619998931884766,44.9897346496582
2024-05-10,47.939998626708984,45.29206085205078
2024-05-13,47.709999084472656,45.07476806640625
2024-05-14,48.209999084472656,45.547149658203125
2024-05-15,48.77000045776367,46.07621765136719
2024-05-16,48.81999969482422,46.12345886230469
2024-05-17,48.970001220703125,46.265174865722656
2024-05-20,48.939998626708984,46.23683166503906
2024-05-21,48.7400016784668,46.04787826538086
2024-05-22,48.310001373291016,45.641632080078125
2024-05-23,48.20000076293945,45.53770446777344
2024-05-24,48.31999969482422,45.65107345581055
2024-05-28,48.02000045776367,45.367645263671875
2024-05-29,47.720001220703125,45.08422088623047
2024-05-30,48.58000183105469,45.8967170715332
2024-05-31,49.15999984741211,46.44467544555664
2024-06-03,49.33000183105469,46.605289459228516
2024-06-04,49.90999984741211,47.153255462646484
2024-06-05,50.20000076293945,47.4272346496582
2024-06-06,50.630001068115234,47.8334846496582
2024-06-07,50.209999084472656,47.436683654785156
2024-06-10,49.90999984741211,47.153255462646484
2024-06-11,48.4900016784668,46.76459503173828
2024-06-12,49.040000915527344,47.295021057128906
2024-06-13,48.95000076293945,47.20822525024414
2024-06-14,48.77000045776367,47.034629821777344
2024-06-17,48.84000015258789,47.10213851928711
2024-06-18,49.290000915527344,47.53612518310547
2024-06-20,49.15999984741211,47.41075134277344
2024-06-21,48.59000015258789,46.86103439331055
2024-06-24,49.029998779296875,47.285377502441406
2024-06-25,48.93000030517578,47.188934326171875
2024-06-26,48.31999969482422,46.60063934326172
2024-06-27,48.31999969482422,46.60063934326172
2024-06-28,48.209999084472656,46.49455261230469
2024-07-01,48.119998931884766,46.40775680541992
2024-07-02,48.060001373291016,46.34989547729492
2024-07-03,48.33000183105469,46.61029052734375
2024-07-05,48.63999938964844,46.90925216674805
2024-07-08,48.529998779296875,46.803165435791016
2024-07-09,48.59000015258789,46.86103439331055
2024-07-10,48.9900016784668,47.246803283691406
2024-07-11,49.29999923706055,47.545772552490234
2024-07-12,49.77000045776367,47.999046325683594
2024-07-15,49.310001373291016,47.555416107177734
2024-07-16,49.54999923706055,47.7868766784668
2024-07-17,50.220001220703125,48.43303298950195
2024-07-18,49.619998931884766,47.85438537597656
2024-07-19,49.380001068115234,47.6229248046875
2024-07-22,49.970001220703125,48.19192886352539
2024-07-23,49.470001220703125,47.709720611572266
2024-07-24,49.52000045776367,47.75794219970703
2024-07-25,49.43000030517578,47.671142578125
2024-07-26,50.060001373291016,48.27872848510742
2024-07-29,49.720001220703125,47.95082473754883
2024-07-30,50.09000015258789,48.30765914916992
2024-07-31,50.41999816894531,48.62591552734375
2024-08-01,50.099998474121094,48.31730270385742
2024-08-02,50.0099983215332,48.230506896972656
2024-08-05,48.79999923706055,47.063560485839844
2024-08-06,48.95000076293945,47.20822525024414
2024-08-07,49.2400016784668,47.48790740966797
2024-08-08,49.47999954223633,47.719364166259766
2024-08-09,49.77000045776367,47.999046325683594
2024-08-12,49.5099983215332,47.74829864501953
2024-08-13,49.95000076293945,48.17264175415039
2024-08-14,50.5,48.70307159423828
2024-08-15,50.349998474121094,48.558406829833984
2024-08-16,50.7599983215332,48.953819274902344
2024-08-19,51.36000061035156,49.532470703125
2024-08-20,51.66999816894531,49.83143615722656
2024-08-21,51.95000076293945,50.101478576660156
2024-08-22,51.619998931884766,49.78321838378906
2024-08-23,52.5099983215332,50.64154815673828
2024-08-26,52.54999923706055,50.68012619018555
2024-08-27,52.689998626708984,50.81514358520508
2024-08-28,52.709999084472656,50.83443069458008
2024-08-29,52.779998779296875,50.90194320678711
2024-08-30,52.849998474121094,50.969451904296875
2024-09-03,52.119998931884766,50.26542663574219
2024-09-04,51.84000015258789,49.995391845703125
2024-09-05,51.41999816894531,49.59033203125
2024-09-06,51.02000045776367,49.20457077026367
2024-09-09,51.060001373291016,49.24314498901367
2024-09-10,51.209999084472656,49.3878059387207
2024-09-11,50.709999084472656,48.90559768676758
2024-09-12,51.06999969482422,49.25278854370117
2024-09-13,51.38999938964844,49.5614013671875
2024-09-16,51.58000183105469,49.7446403503418
2024-09-17,51.400001525878906,49.571044921875
2024-09-18,51.15999984741211,49.3395881652832
2024-09-19,51.5099983215332,49.67713165283203
2024-09-20,50.65999984741211,48.85737991333008
2024-09-23,51.060001373291016,49.24314498901367
2024-09-24,51.630001068115234,49.79286575317383
2024-09-25,51.59000015258789,49.75428771972656
2024-09-26,52.33000183105469,50.46795654296875
2024-09-27,52.47999954223633,50.61261749267578
2024-09-30,52.099998474121094,50.24613571166992
2024-10-01,51.84000015258789,49.995391845703125
2024-10-02,51.61000061035156,49.77357482910156
2024-10-03,50.959999084472656,49.14670181274414
2024-10-04,50.91999816894531,49.108123779296875
2024-10-07,50.66999816894531,48.86701965332031
2024-10-08,50.66999816894531,48.86701965332031
2024-10-09,51.04999923706055,49.23350143432617
2024-10-10,51.02000045776367,49.20457077026367
2024-10-11,51.470001220703125,49.63855743408203
2024-10-14,51.58000183105469,49.7446403503418
2024-10-15,51.08000183105469,49.26243209838867
2024-10-16,51.04999923706055,49.23350143432617
2024-10-17,51.220001220703125,49.3974494934082
2024-10-18,51.5099983215332,49.67713165283203
2024-10-21,51.040000915527344,49.22385787963867
2024-10-22,50.68000030517578,48.87666702270508
2024-10-23,50.56999969482422,48.77058029174805
2024-10-24,50.779998779296875,48.973106384277344
2024-10-25,50.650001525878906,48.84773254394531
2024-10-28,51.20000076293945,49.37816619873047
2024-10-29,50.310001373291016,48.519832611083984
2024-10-30,49.779998779296875,48.008689880371094
2024-10-31,49.349998474121094,47.593990325927734
2024-11-01,49.66999816894531,47.90260314941406
2024-11-04,49.7400016784668,47.970115661621094
2024-11-05,49.75,47.97975540161133
2024-11-06,48.900001525878906,47.16000747680664
2024-11-07,49.40999984741211,47.65185546875
2024-11-08,48.75,47.01533889770508
2024-11-11,48.63999938964844,46.90925216674805
2024-11-12,47.83000183105469,46.12807846069336
2024-11-13,47.58000183105469,45.8869743347168
2024-11-14,47.459999084472656,45.771240234375
2024-11-15,47.16999816894531,45.49155807495117
2024-11-18,47.45000076293945,45.761600494384766
2024-11-19,47.20000076293945,45.5204963684082
2024-11-20,47.189998626708984,45.51084899902344
2024-11-21,47.189998626708984,45.51084899902344
2024-11-22,47.279998779296875,45.5976448059082
2024-11-25,47.40999984741211,45.7230224609375
2024-11-26,47.2400016784668,45.5590705871582
2024-11-27,47.599998474121094,45.90625762939453
2024-11-29,48.189998626708984,46.47526550292969
2024-12-02,48.040000915527344,46.33060836791992
2024-12-03,47.9900016784668,46.282386779785156
2024-12-04,47.959999084472656,46.253448486328125
2024-12-05,48.18000030517578,46.46562194824219
2024-12-06,48.25,46.53313064575195
2024-12-09,48.09000015258789,46.37882614135742
2024-12-10,47.43000030517578,45.7423095703125
2024-12-11,47.66999816894531,45.9737663269043
2024-12-12,47.209999084472656,45.53013610839844
2024-12-13,47.18000030517578,45.50120544433594
2024-12-16,47.09000015258789,45.41440963745117
2024-12-17,47.2400016784668,45.5590705871582
2024-12-18,45.959999084472656,44.324615478515625
2024-12-19,45.72999954223633,44.10280227661133
2024-12-20,45.91999816894531,44.28603744506836
2024-12-23,46.29999923706055,44.65251922607422
2024-12-24,46.470001220703125,44.816471099853516
2024-12-26,46.619998931884766,44.96113204956055
2024-12-27,46.34000015258789,44.691097259521484
2024-12-30,46.20000076293945,44.55607604980469
2024-12-31,45.959999084472656,44.324615478515625
2025-01-02,45.849998474121094,44.218528747558594
2025-01-03,46.2599983215332,44.61394119262695
2025-01-06,46.52000045776367,44.86469268798828
2025-01-07,46.869998931884766,45.20223617553711
2025-01-08,47.0,45.32761001586914
2025-01-10,46.40999984741211,44.75860595703125
2025-01-13,46.15999984741211,44.51750183105469
2025-01-14,46.33000183105469,44.681453704833984
2025-01-15,46.599998474121094,44.94184112548828
2025-01-16,47.11000061035156,45.43370056152344
2025-01-17,47.16999816894531,45.49155807495117
2025-01-21,48.349998474121094,46.62957000732422
2025-01-22,48.439998626708984,46.71636962890625
2025-01-23,48.790000915527344,47.053916931152344
2025-01-24,48.83000183105469,47.092498779296875
2025-01-27,49.84000015258789,48.06655502319336
2025-01-28,49.709999084472656,47.94118118286133
2025-01-29,49.59000015258789,47.8254508972168
2025-01-30,50.02000045776367,48.240150451660156
2025-01-31,49.56999969482422,47.80615997314453
2025-02-03,49.2400016784668,47.48790740966797
2025-02-04,49.5099983215332,47.74829864501953
2025-02-05,50.209999084472656,48.42338943481445
2025-02-06,49.970001220703125,48.19192886352539
2025-02-07,49.59000015258789,47.8254508972168
2025-02-10,49.900001525878906,48.12442398071289
2025-02-11,50.04999923706055,48.26908493041992
2025-02-12,50.220001220703125,48.43303298950195
2025-02-13,51.400001525878906,49.571044921875
2025-02-14,51.40999984741211,49.580692291259766
2025-02-18,51.310001373291016,49.484249114990234
2025-02-19,50.86000061035156,49.050262451171875
2025-02-20,51.290000915527344,49.464962005615234
2025-02-21,51.619998931884766,49.78321838378906
2025-02-24,51.540000915527344,49.7060661315918
2025-02-25,51.970001220703125,50.120765686035156
2025-02-26,52.029998779296875,50.178627014160156
2025-02-27,51.33000183105469,49.503536224365234
2025-02-28,51.72999954223633,49.889305114746094
2025-03-03,52.29999923706055,50.439022064208984
2025-03-04,52.709999084472656,50.83443069458008
2025-03-05,52.86000061035156,50.979095458984375
2025-03-06,52.59000015258789,50.71870422363281
2025-03-07,53.529998779296875,51.6252555847168
2025-03-10,52.619998931884766,50.74763488769531
2025-03-11,51.869998931884766,50.024322509765625
2025-03-12,52.40999984741211,50.545108795166016
2025-03-13,52.13999938964844,50.28471374511719
2025-03-14,52.59000015258789,50.71870422363281
2025-03-17,53.33000183105469,51.432373046875
2025-03-18,53.43000030517578,51.528812408447266
2025-03-19,53.2400016784668,51.345577239990234
2025-03-20,53.279998779296875,51.384151458740234
2025-03-21,53.060001373291016,51.17198181152344
2025-03-24,52.900001525878906,51.01767349243164
2025-03-25,52.97999954223633,51.094825744628906
2025-03-26,52.45000076293945,50.58368682861328
2025-03-27,52.59000015258789,50.71870422363281
2025-03-28,52.47999954223633,50.61261749267578
2025-03-31,51.790000915527344,49.94717025756836
2025-04-01,51.7599983215332,49.918235778808594
2025-04-02,51.4900016784668,49.65784454345703
2025-04-03,51.40999984741211,49.580692291259766
2025-04-04,48.36000061035156,46.639217376708984
2025-04-07,47.040000915527344,45.36619186401367
2025-04-08,47.119998931884766,45.44334030151367
2025-04-09,49.709999084472656,47.94118118286133
2025-04-10,49.70000076293945,47.93153762817383
2025-04-11,51.04999923706055,49.23350143432617
2025-04-14,51.20000076293945,49.37816619873047
2025-04-15,51.45000076293945,49.61927032470703
2025-04-16,51.290000915527344,49.464962005615234
2025-04-17,51.95000076293945,50.101478576660156
2025-04-21,51.81999969482422,49.97610092163086
2025-04-22,52.45000076293945,50.58368682861328
2025-04-23,52.22999954223633,50.37151336669922
2025-04-24,52.959999084472656,51.07553482055664
2025-04-25,53.040000915527344,51.15269088745117
2025-04-28,53.709999084472656,51.798851013183594
2025-04-29,53.66999816894531,51.76027297973633
2025-04-30,53.86000061035156,51.943511962890625
2025-05-01,53.52000045776367,51.6156120300293
2025-05-02,54.470001220703125,52.53180694580078
2025-05-05,54.63999938964844,52.69575881958008
2025-05-06,54.34000015258789,52.406436920166016
2025-05-07,54.150001525878906,52.22319412231445
2025-05-08,53.58000183105469,51.67347717285156
2025-05-09,53.58000183105469,51.67347717285156
2025-05-12,53.529998779296875,51.6252555847168
2025-05-13,53.189998626708984,51.2973518371582
2025-05-14,52.939998626708984,51.05624771118164
2025-05-15,54.02000045776367,52.09782028198242
2025-05-16,54.40999984741211,52.47394561767578
2025-05-19,55.02000045776367,53.06224060058594
2025-05-20,55.16999816894531,53.2068977355957
2025-05-21,55.040000915527344,53.08152770996094
2025-05-22,54.77000045776367,52.821136474609375
2025-05-23,55.029998779296875,53.07188034057617
2025-05-27,55.20000076293945,53.235836029052734
2025-05-28,54.619998931884766,52.67646789550781
2025-05-29,54.900001525878906,52.94650650024414
2025-05-30,55.18000030517578,53.21654510498047
2025-06-02,55.540000915527344,53.56373596191406
2025-06-03,55.029998779296875,53.07188034057617
2025-06-04,55.560001373291016,53.58302688598633
2025-06-05,55.470001220703125,53.4962272644043
2025-06-06,55.63999938964844,53.66017532348633
2025-06-09,55.619998931884766,53.64088439941406
2025-06-10,55.66999816894531,53.68910598754883
2025-06-11,55.43000030517578,53.45764923095703
2025-06-12,56.27000045776367,54.26776123046875
2025-06-13,55.220001220703125,53.25511932373047
2025-06-16,53.77000045776367,52.835540771484375
2025-06-17,53.41999816894531,52.49162292480469
2025-06-18,53.25,52.32457733154297
2025-06-20,52.68000030517578,51.76448440551758
2025-06-23,53.459999084472656,52.53092956542969
2025-06-24,54.31999969482422,53.37598419189453
2025-06-25,53.75,52.815887451171875
2025-06-26,54.2599983215332,53.31702423095703
2025-06-27,54.630001068115234,53.68059539794922
2025-06-30,54.810001373291016,53.85746765136719
2025-07-01,54.97999954223633,54.024513244628906
2025-07-02,55.27000045776367,54.30947494506836
2025-07-03,54.900001525878906,53.94590377807617
2025-07-07,54.529998779296875,53.582332611083984
2025-07-08,54.81999969482422,53.86729431152344
2025-07-09,55.279998779296875,54.319297790527344
2025-07-10,55.45000076293945,54.48634719848633
2025-07-11,54.70000076293945,53.7493782043457
2025-07-14,54.709999084472656,53.75920486450195
2025-07-15,54.18000030517578,53.2384147644043
2025-07-16,54.54999923706055,53.601985931396484
2025-07-17,54.36000061035156,53.415287017822266
2025-07-18,54.47999954223633,53.533203125
2025-07-21,54.5099983215332,53.562679290771484
2025-07-22,54.959999084472656,54.004859924316406
2025-07-23,56.20000076293945,55.22331237792969
2025-07-24,55.119998931884766,54.162078857421875
2025-07-25,55.15999984741211,54.201385498046875
2025-07-28,54.15999984741211,53.21876525878906
2025-07-29,54.119998931884766,53.17945861816406
2025-07-30,53.47999954223633,52.55057907104492
2025-07-31,52.720001220703125,51.80379104614258
2025-08-01,52.43000030517578,51.518829345703125
2025-08-04,53.310001373291016,52.38353729248047
2025-08-05,53.47999954223633,52.55057907104492
2025-08-06,52.97999954223633,52.059268951416016
2025-08-07,53.68000030517578,52.74710464477539
2025-08-08,53.599998474121094,52.668495178222656
2025-08-11,53.20000076293945,52.275447845458984
2025-08-12,53.810001373291016,52.874847412109375
2025-08-13,54.20000076293945,53.2580680847168
2025-08-14,54.099998474121094,53.15980529785156
2025-08-15,54.5,53.5528564453125
2025-08-18,54.349998474121094,53.405460357666016
2025-08-19,54.900001525878906,53.94590377807617
2025-08-20,55.52000045776367,54.55513000488281
2025-08-21,54.939998626708984,53.985206604003906
2025-08-22,55.63999938964844,54.67304229736328
2025-08-25,54.970001220703125,54.014686584472656
2025-08-26,55.11000061035156,54.15225601196289
2025-08-27,55.2400016784668,54.27999496459961
2025-08-28,55.33000183105469,54.368431091308594
2025-08-29,55.33000183105469,54.368431091308594
2025-09-02,54.66999816894531,53.71989822387695
2025-09-03,55.08000183105469,54.12277603149414
2025-09-04,55.709999084472656,54.741825103759766
2025-09-05,56.25,55.27244186401367
2025-09-08,56.33000183105469,55.35105514526367
2025-09-09,56.02000045776367,55.04644012451172
2025-09-10,55.619998931884766,54.65338897705078
2025-09-11,56.119998931884766,55.14469909667969
2025-09-12,55.650001525878906,54.6828727722168
2025-09-15,55.560001373291016,54.59443664550781
2025-09-16,55.47999954223633,54.51582336425781
2025-09-17,55.290000915527344,54.32912826538086
2025-09-18,55.209999084472656,54.25051498413086
2025-09-19,55.2599983215332,54.299644470214844
2025-09-22,55.56999969482422,54.6042594909668
2025-09-23,55.2400016784668,54.27999496459961
2025-09-24,54.5099983215332,53.562679290771484
2025-09-25,53.86000061035156,52.92397689819336
2025-09-26,54.2599983215332,53.31702423095703
2025-09-29,54.56999969482422,53.621639251708984
2025-09-30,55.2400016784668,54.27999496459961
2025-10-01,55.939998626708984,54.96782684326172
2025-10-02,56.25,55.27244186401367
2025-10-03,56.65999984741211,55.675315856933594
2025-10-06,56.720001220703125,55.734275817871094
2025-10-07,56.54999923706055,55.56722640991211
2025-10-08,56.83000183105469,55.84236526489258
2025-10-09,56.36000061035156,55.380531311035156
2025-10-10,56.099998474121094,55.12504577636719
2025-10-13,56.08000183105469,55.10540008544922
2025-10-14,56.33000183105469,55.35105514526367
2025-10-15,56.63999938964844,55.655662536621094
2025-10-16,57.470001220703125,56.47124099731445
2025-10-17,57.779998779296875,56.77585220336914
2025-10-20,57.68000030517578,56.677589416503906
2025-10-21,57.11000061035156,56.117496490478516
2025-10-22,57.13999938964844,56.14697265625
2025-10-23,57.16999816894531,56.17645263671875
2025-10-24,57.119998931884766,56.127323150634766
2025-10-27,56.939998626708984,55.9504508972168
2025-10-28,56.16999816894531,55.19383239746094
2025-10-29,55.65999984741211,54.69269561767578
2025-10-30,55.599998474121094,54.63373565673828
2025-10-31,55.36000061035156,54.397911071777344
2025-11-03,55.119998931884766,54.162078857421875
2025-11-04,55.060001373291016,54.10312271118164
2025-11-05,55.400001525878906,54.43721389770508
2025-11-06,55.220001220703125,54.26034164428711
2025-11-07,55.7400016784668,54.771305084228516
2025-11-10,56.36000061035156,55.380531311035156
2025-11-11,57.66999816894531,56.667762756347656
2025-11-12,58.060001373291016,57.050987243652344
2025-11-13,57.849998474121094,56.844635009765625
2025-11-14,57.54999923706055,56.54985046386719
2025-11-17,56.810001373291016,55.82271194458008
2025-11-18,56.58000183105469,55.596710205078125
2025-11-19,56.36000061035156,55.380531311035156
2025-11-20,55.689998626708984,54.722171783447266
2025-11-21,56.689998626708984,55.704795837402344
2025-11-24,56.38999938964844,55.41000747680664
2025-11-25,57.2599983215332,56.264888763427734
2025-11-26,57.54999923706055,56.54985046386719
2025-11-28,57.81999969482422,56.81515884399414
2025-12-01,57.41999816894531,56.4221076965332
2025-12-02,57.939998626708984,56.93307113647461
2025-12-03,58.06999969482422,57.060813903808594
2025-12-04,57.90999984741211,56.903594970703125
2025-12-05,58.029998779296875,57.021507263183594
2025-12-08,57.7599983215332,56.75619888305664
2025-12-09,57.689998626708984,56.687416076660156
2025-12-10,58.380001068115234,57.36542510986328
2025-12-11,58.4900016784668,57.473514556884766
2025-12-12,58.369998931884766,57.35559844970703
2025-12-15,59.060001373291016,58.033607482910156
2025-12-16,59.02000045776367,57.99430465698242
2025-12-17,58.84000015258789,57.81743240356445
2025-12-18,59.470001220703125,58.436485290527344
2025-12-19,59.56999969482422,58.53474426269531
2025-12-22,59.93000030517578,58.88848876953125
2025-12-23,60.400001525878906,59.35032272338867
2025-12-24,60.529998779296875,59.478057861328125
2025-12-26,60.540000915527344,59.48788833618164
2025-12-29,60.349998474121094,59.301185607910156
2025-12-30,60.16999816894531,59.12431716918945
2025-12-31,59.959999084472656,58.917964935302734
2026-01-02,60.34000015258789,59.29136276245117
