date,close,adj_close
2014-12-01,140.92999267578125,121.47705841064453
2014-12-02,140.75,121.3219223022461
2014-12-03,140.83999633789062,121.3995361328125
2014-12-04,140.63999938964844,121.22710418701172
2014-12-05,140.5399932861328,121.14089965820312
2014-12-08,141.10000610351562,121.62361907958984
2014-12-09,141.22999572753906,121.73564910888672
2014-12-10,141.3300018310547,121.82183837890625
2014-12-11,141.3699951171875,121.85637664794922
2014-12-12,141.7100067138672,122.14940643310547
2014-12-15,141.7100067138672,122.14940643310547
2014-12-16,141.9600067138672,122.36495208740234
2014-12-17,142.02000427246094,122.41664123535156
2014-12-18,142.0,122.39940643310547
2014-12-19,142.10000610351562,122.48561096191406
2014-12-22,141.99000549316406,122.39078521728516
2014-12-23,141.97999572753906,122.38212585449219
2014-12-29,142.50999450683594,122.83898162841797
2014-12-30,142.5,122.83036041259766
2015-01-02,142.94000244140625,123.20966339111328
2015-01-05,142.80999755859375,123.09757232666016
2015-01-06,143.19000244140625,123.42512512207031
2015-01-07,143.13999938964844,123.38202667236328
2015-01-08,142.85000610351562,123.13204193115234
2015-01-09,143.05999755859375,123.31309509277344
2015-01-12,143.07000732421875,123.32170104980469
2015-01-13,143.05999755859375,123.31309509277344
2015-01-14,143.42999267578125,123.63199615478516
2015-01-15,143.5500030517578,123.73545837402344
2015-01-16,143.66000366210938,123.83026885986328
2015-01-19,143.69000244140625,123.85614013671875
2015-01-20,143.61000061035156,123.78714752197266
2015-01-21,143.0500030517578,123.30445861816406
2015-01-22,143.5800018310547,123.76129150390625
2015-01-23,144.1999969482422,124.29573822021484
2015-01-26,143.7899932861328,123.9422836303711
2015-01-27,143.85000610351562,123.99407958984375
2015-01-28,144.0399932861328,124.15782928466797
2015-01-29,144.10000610351562,124.20948791503906
2015-01-30,144.5500030517578,124.59739685058594
2015-02-02,144.4499969482422,124.51119232177734
2015-02-03,144.25,124.33885192871094
2015-02-04,144.00999450683594,124.13195037841797
2015-02-05,144.0399932861328,124.15782928466797
2015-02-06,143.97000122070312,124.09748077392578
2015-02-09,144.11000061035156,124.2181625366211
2015-02-10,144.00999450683594,124.13195037841797
2015-02-11,144.08999633789062,124.20089721679688
2015-02-12,144.42999267578125,124.49398040771484
2015-02-13,144.27000427246094,124.35609436035156
2015-02-16,143.6199951171875,124.34789276123047
2015-02-17,143.39999389648438,124.15742492675781
2015-02-18,143.38999938964844,124.14879608154297
2015-02-19,143.47999572753906,124.22673797607422
2015-02-20,143.5500030517578,124.28732299804688
2015-02-23,143.55999755859375,124.29596710205078
2015-02-24,143.60000610351562,124.33063507080078
2015-02-25,143.97999572753906,124.65962982177734
2015-02-26,144.11000061035156,124.7721939086914
2015-02-27,143.9499969482422,124.63365173339844
2015-03-02,143.66000366210938,124.382568359375
2015-03-03,143.6300048828125,124.35658264160156
2015-03-04,143.4499969482422,124.20074462890625
2015-03-05,143.64999389648438,124.3739013671875
2015-03-06,143.19000244140625,123.97562408447266
2015-03-09,143.97999572753906,124.65962982177734
2015-03-10,144.55999755859375,125.16177368164062
2015-03-11,144.8000030517578,125.36956024169922
2015-03-12,144.42999267578125,125.04924011230469
2015-03-13,144.3000030517578,124.93668365478516
2015-03-16,144.0,124.67693328857422
2015-03-17,144.00999450683594,124.68559265136719
2015-03-18,144.61000061035156,125.205078125
2015-03-19,144.6999969482422,125.28302001953125
2015-03-20,144.77999877929688,125.35225677490234
2015-03-23,144.44000244140625,125.05789947509766
2015-03-24,144.30999755859375,124.94532775878906
2015-03-25,144.4199981689453,125.04058074951172
2015-03-26,144.47999572753906,125.09252166748047
2015-03-27,144.57000732421875,125.17044830322266
2015-03-30,144.52000427246094,125.12714385986328
2015-03-31,144.77000427246094,125.34358978271484
2015-04-01,144.72999572753906,125.3089828491211
2015-04-02,144.67999267578125,125.26567840576172
2015-04-07,144.64999389648438,125.23970794677734
2015-04-08,144.9499969482422,125.49948120117188
2015-04-09,144.99000549316406,125.53409576416016
2015-04-10,144.97000122070312,125.51676940917969
2015-04-13,145.0,125.54271697998047
2015-04-14,145.19000244140625,125.707275390625
2015-04-15,145.4499969482422,125.9323501586914
2015-04-16,145.5,125.97569274902344
2015-04-17,145.67999267578125,126.13150787353516
2015-04-20,145.66000366210938,126.11418914794922
2015-04-21,145.3800048828125,125.87178802490234
2015-04-22,144.86000061035156,125.4215087890625
2015-04-23,144.85000610351562,125.41288757324219
2015-04-24,144.91000366210938,125.46479797363281
2015-04-27,144.8699951171875,125.4301986694336
2015-04-28,144.92999267578125,125.48212432861328
2015-04-29,143.85000610351562,124.54710388183594
2015-04-30,143.07000732421875,123.87171936035156
2015-05-04,142.3300018310547,123.23104858398438
2015-05-05,141.8300018310547,122.79810333251953
2015-05-06,141.24000549316406,122.28731536865234
2015-05-07,141.14999389648438,122.20934295654297
2015-05-08,141.6199951171875,122.61629486083984
2015-05-11,141.24000549316406,122.28731536865234
2015-05-12,140.49000549316406,121.6379165649414
2015-05-13,140.27999877929688,121.45608520507812
2015-05-14,140.24000549316406,121.42150115966797
2015-05-15,140.25999450683594,122.03544616699219
2015-05-18,140.22000122070312,122.00064849853516
2015-05-19,140.49000549316406,122.2355728149414
2015-05-20,140.30999755859375,122.0789566040039
2015-05-21,140.24000549316406,122.0180892944336
2015-05-22,140.5,122.24431610107422
2015-05-26,141.0,122.67935180664062
2015-05-27,141.10000610351562,122.76632690429688
2015-05-28,141.16000366210938,122.81853485107422
2015-05-29,141.6199951171875,123.21876525878906
2015-06-01,141.2899932861328,122.93164825439453
2015-06-02,139.91000366210938,121.73098754882812
2015-06-03,138.47999572753906,120.48676300048828
2015-06-04,138.86000061035156,120.8174057006836
2015-06-05,138.6999969482422,120.67820739746094
2015-06-08,138.2899932861328,120.3214340209961
2015-06-09,137.72999572753906,119.83419799804688
2015-06-10,137.50999450683594,119.64277648925781
2015-06-11,138.25,120.2866439819336
2015-06-12,138.69000244140625,120.66949462890625
2015-06-15,138.8000030517578,120.76519012451172
2015-06-16,138.99000549316406,120.93048858642578
2015-06-17,138.9499969482422,120.89571380615234
2015-06-18,139.0500030517578,120.982666015625
2015-06-19,139.41000366210938,121.29590606689453
2015-06-22,138.4199981689453,120.43456268310547
2015-06-23,138.5800018310547,120.57379913330078
2015-06-24,138.80999755859375,120.77386474609375
2015-06-25,138.6999969482422,120.67820739746094
2015-06-26,138.17999267578125,120.22571563720703
2015-06-29,139.25,121.15670013427734
2015-06-30,139.50999450683594,121.38294219970703
2015-07-01,139.08999633789062,121.01750183105469
2015-07-02,138.9199981689453,120.86961364746094
2015-07-03,139.42999267578125,121.31331634521484
2015-07-06,139.6699981689453,121.52216339111328
2015-07-07,140.7100067138672,122.42699432373047
2015-07-08,140.3000030517578,122.07025909423828
2015-07-09,139.9600067138672,121.77447509765625
2015-07-10,138.55999755859375,120.55634307861328
2015-07-13,138.99000549316406,120.93048858642578
2015-07-14,139.07000732421875,121.00009155273438
2015-07-15,139.69000244140625,121.53956604003906
2015-07-16,139.4499969482422,121.33073425292969
2015-07-17,139.92999267578125,121.74837493896484
2015-07-20,140.10000610351562,121.89627838134766
2015-07-21,139.9600067138672,121.77447509765625
2015-07-22,140.27999877929688,122.0528564453125
2015-07-23,140.2899932861328,122.06153106689453
2015-07-24,140.64999389648438,122.3747787475586
2015-07-27,140.6699981689453,122.39219665527344
2015-07-28,140.67999267578125,122.40088653564453
2015-07-29,140.55999755859375,122.29647064208984
2015-07-30,141.07000732421875,122.7402114868164
2015-07-31,141.0500030517578,122.72284698486328
2015-08-03,141.25999450683594,122.90553283691406
2015-08-04,141.22000122070312,122.87075805664062
2015-08-05,140.27999877929688,122.0528564453125
2015-08-06,140.72999572753906,122.44439697265625
2015-08-07,141.1699981689453,122.82721710205078
2015-08-10,140.9199981689453,122.60971069335938
2015-08-11,141.4600067138672,123.07959747314453
2015-08-12,141.77000427246094,123.34931945800781
2015-08-13,141.47000122070312,123.0882568359375
2015-08-14,141.19000244140625,122.84458923339844
2015-08-17,140.82000732421875,123.03971099853516
2015-08-18,140.72000122070312,122.95233154296875
2015-08-19,140.80999755859375,123.03089904785156
2015-08-20,141.2100067138672,123.38040161132812
2015-08-21,141.38999938964844,123.5377197265625
2015-08-24,141.1699981689453,123.34546661376953
2015-08-25,139.82000732421875,122.1659927368164
2015-08-26,140.10000610351562,122.4106216430664
2015-08-27,139.8699951171875,122.2096939086914
2015-08-28,139.86000061035156,122.20087432861328
2015-08-31,139.39999389648438,121.79901885986328
2015-09-01,139.25999450683594,121.67662811279297
2015-09-02,139.3699951171875,121.77276611328125
2015-09-03,139.9600067138672,122.28829956054688
2015-09-04,140.49000549316406,122.75135040283203
2015-09-07,140.4600067138672,122.72518920898438
2015-09-08,140.42999267578125,122.69889831542969
2015-09-09,140.3000030517578,122.58531188964844
2015-09-10,140.4199981689453,122.69019317626953
2015-09-11,140.75,122.97852325439453
2015-09-14,140.77000427246094,122.99602508544922
2015-09-15,140.02999877929688,122.34942626953125
2015-09-16,139.74000549316406,122.0960464477539
2015-09-17,139.63999938964844,122.0086669921875
2015-09-18,140.63999938964844,122.88240814208984
2015-09-21,140.52999877929688,122.78629302978516
2015-09-22,141.22000122070312,123.3891830444336
2015-09-23,141.19000244140625,123.36293029785156
2015-09-24,141.2100067138672,123.38040161132812
2015-09-25,140.7899932861328,123.0134506225586
2015-09-28,141.22999572753906,123.39790344238281
2015-09-29,141.2899932861328,123.4503173828125
2015-09-30,141.2899932861328,123.4503173828125
2015-10-01,141.77999877929688,123.87849426269531
2015-10-02,142.02999877929688,124.0969467163086
2015-10-05,141.55999755859375,123.68620300292969
2015-10-06,141.25999450683594,123.42412567138672
2015-10-07,141.35000610351562,123.50279235839844
2015-10-08,141.36000061035156,123.51151275634766
2015-10-09,141.0800018310547,123.26687622070312
2015-10-12,141.4600067138672,123.59890747070312
2015-10-13,141.33999633789062,123.49398803710938
2015-10-14,141.77000427246094,123.86976623535156
2015-10-15,141.6699981689453,123.78235626220703
2015-10-16,141.72999572753906,123.83480072021484
2015-10-19,141.5800018310547,123.7037353515625
2015-10-20,141.0399932861328,123.23190307617188
2015-10-21,141.52999877929688,123.66004180908203
2015-10-22,142.2899932861328,124.32408905029297
2015-10-23,142.22000122070312,124.2629165649414
2015-10-26,142.2899932861328,124.32408905029297
2015-10-27,142.77000427246094,124.74345397949219
2015-10-28,142.7899932861328,124.76094055175781
2015-10-29,141.9600067138672,124.03578186035156
2015-10-30,142.0399932861328,124.10563659667969
2015-11-02,141.72999572753906,123.83480072021484
2015-11-03,141.64999389648438,123.76486206054688
2015-11-04,141.4499969482422,123.59013366699219
2015-11-05,141.3800048828125,123.52900695800781
2015-11-06,140.66000366210938,122.89990234375
2015-11-09,141.0,123.1969985961914
2015-11-10,141.42999267578125,123.57266998291016
2015-11-11,141.49000549316406,123.6251220703125
2015-11-12,141.49000549316406,123.6251220703125
2015-11-13,141.91000366210938,123.99207305908203
2015-11-16,141.5800018310547,124.20663452148438
2015-11-17,141.64999389648438,124.26802825927734
2015-11-18,141.80999755859375,124.40839385986328
2015-11-19,142.07000732421875,124.63655853271484
2015-11-20,142.0500030517578,124.61896514892578
2015-11-23,141.66000366210938,124.27679443359375
2015-11-24,141.7899932861328,124.39089965820312
2015-11-25,142.3000030517578,124.8382797241211
2015-11-26,142.27999877929688,124.82071685791016
2015-11-27,142.4600067138672,124.97869110107422
2015-11-30,142.2899932861328,124.82954406738281
2015-12-01,142.3800048828125,124.90846252441406
2015-12-02,142.47000122070312,124.98745727539062
2015-12-03,140.58999633789062,123.33811950683594
2015-12-04,140.25999450683594,123.04862976074219
2015-12-07,141.11000061035156,123.79431915283203
2015-12-08,141.22000122070312,123.89081573486328
2015-12-09,141.0,123.6978759765625
2015-12-10,141.27000427246094,123.9346923828125
2015-12-11,141.58999633789062,124.2154312133789
2015-12-14,141.38999938964844,124.03998565673828
2015-12-15,140.63999938964844,123.38201904296875
2015-12-16,140.2899932861328,123.07493591308594
2015-12-17,140.97999572753906,123.68029022216797
2015-12-18,141.39999389648438,124.0487289428711
2015-12-21,141.3699951171875,124.02244567871094
2015-12-22,140.9499969482422,123.65392303466797
2015-12-23,140.72000122070312,123.4521713256836
2015-12-28,141.2100067138672,123.88201904296875
2015-12-29,140.60000610351562,123.34695434570312
2015-12-30,140.75,123.4784927368164
2016-01-04,141.1300048828125,123.81189727783203
2016-01-05,141.44000244140625,124.08385467529297
2016-01-06,141.67999267578125,124.29435729980469
2016-01-07,141.38999938964844,124.03998565673828
2016-01-08,141.75,124.35579681396484
2016-01-11,141.4199981689453,124.06629943847656
2016-01-12,141.4600067138672,124.10139465332031
2016-01-13,141.6699981689453,124.28559112548828
2016-01-14,141.6999969482422,124.31190490722656
2016-01-15,142.02999877929688,124.6014404296875
2016-01-18,142.0500030517578,124.61896514892578
2016-01-19,142.0,124.57511138916016
2016-01-20,142.47999572753906,124.99622344970703
2016-01-21,142.9199981689453,125.38224792480469
2016-01-22,142.69000244140625,125.18043518066406
2016-01-25,142.77999877929688,125.25941467285156
2016-01-26,143.05999755859375,125.50504302978516
2016-01-27,142.99000549316406,125.44363403320312
2016-01-28,143.33999633789062,125.75066375732422
2016-01-29,143.9600067138672,126.29460906982422
2016-02-01,143.6300048828125,126.00509643554688
2016-02-02,144.00999450683594,126.33853149414062
2016-02-03,144.35000610351562,126.63674926757812
2016-02-04,144.0,126.3297119140625
2016-02-05,144.08999633789062,126.40864562988281
2016-02-08,144.7100067138672,126.95258331298828
2016-02-09,144.63999938964844,126.89118194580078
2016-02-10,144.61000061035156,126.86480712890625
2016-02-11,145.25,127.42633819580078
2016-02-12,144.41000366210938,126.68941497802734
2016-02-15,144.14999389648438,126.96244812011719
2016-02-16,143.94000244140625,126.77742767333984
2016-02-17,143.86000061035156,126.70697021484375
2016-02-18,144.36000061035156,127.14739990234375
2016-02-19,144.4199981689453,127.2001953125
2016-02-22,144.64999389648438,127.40279388427734
2016-02-23,144.5800018310547,127.3411636352539
2016-02-24,144.8300018310547,127.5613021850586
2016-02-25,145.02000427246094,127.7286605834961
2016-02-26,144.92999267578125,127.6494140625
2016-02-29,145.27999877929688,127.95765686035156
2016-03-01,145.0399932861328,127.74627685546875
2016-03-02,144.52000427246094,127.28826141357422
2016-03-03,144.92999267578125,127.6494140625
2016-03-04,144.24000549316406,127.04168701171875
2016-03-07,144.52999877929688,127.2970962524414
2016-03-08,144.80999755859375,127.5436782836914
2016-03-09,144.25,127.05052185058594
2016-03-10,143.55999755859375,126.4427490234375
2016-03-11,143.77999877929688,126.63655853271484
2016-03-14,143.7100067138672,126.5748519897461
2016-03-15,143.39999389648438,126.30187225341797
2016-03-16,143.3699951171875,126.27539825439453
2016-03-17,144.05999755859375,126.88314819335938
2016-03-18,144.24000549316406,127.04168701171875
2016-03-21,144.0399932861328,126.86552429199219
2016-03-22,144.27000427246094,127.06816101074219
2016-03-23,144.3699951171875,127.15618896484375
2016-03-24,144.5,127.27067565917969
2016-03-29,144.9199981689453,127.64057922363281
2016-03-30,144.67999267578125,127.42920684814453
2016-03-31,144.74000549316406,127.48208618164062
2016-04-01,144.72999572753906,127.47332000732422
2016-04-04,144.9199981689453,127.64057922363281
2016-04-05,145.14999389648438,127.8431396484375
2016-04-06,145.0800018310547,127.78153228759766
2016-04-07,145.3800048828125,128.0457763671875
2016-04-08,145.35000610351562,128.0193634033203
2016-04-11,145.24000549316406,127.92244720458984
2016-04-12,144.83999633789062,127.57011413574219
2016-04-13,145.0399932861328,127.74627685546875
2016-04-14,144.77000427246094,127.50846862792969
2016-04-15,145.05999755859375,127.76392364501953
2016-04-18,144.77999877929688,127.5173110961914
2016-04-19,144.66000366210938,127.41161346435547
2016-04-20,144.88999938964844,127.61417388916016
2016-04-21,144.10000610351562,126.91840362548828
2016-04-22,144.16000366210938,126.97117614746094
2016-04-25,143.8800048828125,126.72459411621094
2016-04-26,143.5500030517578,126.43396759033203
2016-04-27,143.61000061035156,126.48680877685547
2016-04-28,143.97999572753906,126.81265258789062
2016-04-29,143.72999572753906,126.59249877929688
2016-05-02,143.6699981689453,126.5396728515625
2016-05-03,144.39999389648438,127.18260955810547
2016-05-04,144.33999633789062,127.12974548339844
2016-05-05,144.75,127.49089050292969
2016-05-06,144.92999267578125,127.6494140625
2016-05-09,145.10000610351562,127.79916381835938
2016-05-10,145.1199951171875,127.8167953491211
2016-05-11,145.10000610351562,127.79916381835938
2016-05-12,144.86000061035156,127.58773803710938
2016-05-13,145.07000732421875,127.77271270751953
2016-05-17,144.47000122070312,127.69908142089844
2016-05-18,144.2100067138672,127.46932220458984
2016-05-19,144.07000732421875,127.34556579589844
2016-05-20,144.13999938964844,127.40733337402344
2016-05-23,143.97000122070312,127.25714111328125
2016-05-24,144.08999633789062,127.36316680908203
2016-05-25,144.2899932861328,127.53996276855469
2016-05-26,144.44000244140625,127.6725845336914
2016-05-27,144.3699951171875,127.61062622070312
2016-05-30,144.2100067138672,127.46932220458984
2016-05-31,144.30999755859375,127.55764770507812
2016-06-01,144.47999572753906,127.70793151855469
2016-06-02,144.6300048828125,127.84050750732422
2016-06-03,145.0500030517578,128.21173095703125
2016-06-06,144.85000610351562,128.0349578857422
2016-06-07,145.1699981689453,128.31777954101562
2016-06-08,145.0800018310547,128.23826599121094
2016-06-09,145.27999877929688,128.41505432128906
2016-06-10,145.38999938964844,128.5122833251953
2016-06-13,145.33999633789062,128.46807861328125
2016-06-14,145.69000244140625,128.77745056152344
2016-06-15,145.80999755859375,128.88351440429688
2016-06-16,145.91000366210938,128.97190856933594
2016-06-17,145.63999938964844,128.7332763671875
2016-06-20,145.22999572753906,128.37081909179688
2016-06-21,145.35000610351562,128.47694396972656
2016-06-22,145.27000427246094,128.40621948242188
2016-06-23,144.8699951171875,128.05264282226562
2016-06-24,146.22999572753906,129.25474548339844
2016-06-27,146.64999389648438,129.62600708007812
2016-06-28,146.75,129.7144012451172
2016-06-29,146.8699951171875,129.8204803466797
2016-06-30,146.8800048828125,129.82931518554688
2016-07-01,146.8699951171875,129.8204803466797
2016-07-04,146.99000549316406,129.92649841308594
2016-07-05,147.3800048828125,130.2712860107422
2016-07-06,147.44000244140625,130.3242950439453
2016-07-07,147.2899932861328,130.1916961669922
2016-07-08,147.4600067138672,130.34201049804688
2016-07-11,147.3000030517578,130.2005157470703
2016-07-12,146.72000122070312,129.68789672851562
2016-07-13,147.13999938964844,130.05911254882812
2016-07-14,146.74000549316406,129.70555114746094
2016-07-15,146.41000366210938,129.41384887695312
2016-07-18,146.57000732421875,129.5552978515625
2016-07-19,146.60000610351562,129.58180236816406
2016-07-20,146.4199981689453,129.42274475097656
2016-07-21,146.3699951171875,129.3784942626953
2016-07-22,146.4600067138672,129.4580841064453
2016-07-25,146.58999633789062,129.57298278808594
2016-07-26,146.47999572753906,129.4757537841797
2016-07-27,146.92999267578125,129.87347412109375
2016-07-28,146.91000366210938,129.85585021972656
2016-07-29,147.24000549316406,130.14752197265625
2016-08-01,146.9499969482422,129.8911590576172
2016-08-02,146.39999389648438,129.4050750732422
2016-08-03,146.49000549316406,129.4845733642578
2016-08-04,147.0399932861328,129.970703125
2016-08-05,146.77999877929688,129.74087524414062
2016-08-08,146.80999755859375,129.7674102783203
2016-08-09,146.89999389648438,129.84695434570312
2016-08-10,147.24000549316406,130.14752197265625
2016-08-11,147.10000610351562,130.02377319335938
2016-08-12,147.22999572753906,130.13865661621094
2016-08-15,146.85000610351562,129.80282592773438
2016-08-16,146.0399932861328,129.50367736816406
2016-08-17,146.17999267578125,129.6278533935547
2016-08-18,146.47999572753906,129.89389038085938
2016-08-19,146.07000732421875,129.53028869628906
2016-08-22,146.52000427246094,129.92930603027344
2016-08-23,146.5399932861328,129.9470672607422
2016-08-24,146.5,129.9115753173828
2016-08-25,146.36000061035156,129.78746032714844
2016-08-26,146.47999572753906,129.89389038085938
2016-08-29,146.42999267578125,129.84951782226562
2016-08-30,146.47000122070312,129.88499450683594
2016-08-31,146.24000549316406,129.68099975585938
2016-09-01,146.24000549316406,129.68099975585938
2016-09-02,146.05999755859375,129.52145385742188
2016-09-05,146.11000061035156,129.5657501220703
2016-09-06,146.66000366210938,130.0535125732422
2016-09-07,146.8000030517578,130.17762756347656
2016-09-08,146.17999267578125,129.6278533935547
2016-09-09,145.5800018310547,129.09580993652344
2016-09-12,145.38999938964844,128.92727661132812
2016-09-13,145.27000427246094,128.82089233398438
2016-09-14,145.52999877929688,129.05137634277344
2016-09-15,145.47999572753906,129.00709533691406
2016-09-16,145.75,129.24652099609375
2016-09-19,145.6699981689453,129.1755828857422
2016-09-20,145.8800048828125,129.36183166503906
2016-09-21,145.69000244140625,129.19334411621094
2016-09-22,146.52000427246094,129.92930603027344
2016-09-23,146.44000244140625,129.8584442138672
2016-09-26,146.7100067138672,130.0978546142578
2016-09-27,147.0399932861328,130.39044189453125
2016-09-28,147.14999389648438,130.4879913330078
2016-09-29,146.80999755859375,130.18649291992188
2016-09-30,146.8000030517578,130.17762756347656
2016-10-04,146.63999938964844,130.0357666015625
2016-10-05,145.8800048828125,129.36183166503906
2016-10-06,145.8000030517578,129.29086303710938
2016-10-07,145.5500030517578,129.06919860839844
2016-10-10,145.27000427246094,128.82089233398438
2016-10-11,145.52000427246094,129.04254150390625
2016-10-12,145.1300048828125,128.69674682617188
2016-10-13,145.30999755859375,128.85630798339844
2016-10-14,145.25999450683594,128.81201171875
2016-10-17,145.25999450683594,128.81201171875
2016-10-18,145.42999267578125,128.96275329589844
2016-10-19,145.5500030517578,129.06919860839844
2016-10-20,145.69000244140625,129.19334411621094
2016-10-21,145.63999938964844,129.1490020751953
2016-10-24,145.47000122070312,128.99826049804688
2016-10-25,145.3800048828125,128.91839599609375
2016-10-26,144.85000610351562,128.4484405517578
2016-10-27,144.10000610351562,127.7833480834961
2016-10-28,144.16000366210938,127.8365478515625
2016-10-31,144.1699981689453,127.8454360961914
2016-11-01,144.05999755859375,127.74787139892578
2016-11-02,144.50999450683594,128.14694213867188
2016-11-03,144.25999450683594,127.92521667480469
2016-11-04,144.49000549316406,128.12921142578125
2016-11-07,144.3300018310547,127.98731994628906
2016-11-08,144.05999755859375,127.74787139892578
2016-11-09,144.1199951171875,127.8010482788086
2016-11-10,143.27000427246094,127.04731750488281
2016-11-11,142.9199981689453,126.73696899414062
2016-11-14,142.74000549316406,126.57738494873047
2016-11-15,142.42999267578125,126.70677185058594
2016-11-16,142.41000366210938,126.68895721435547
2016-11-17,142.6300048828125,126.88468170166016
2016-11-18,142.63999938964844,126.89359283447266
2016-11-21,142.7100067138672,126.95585632324219
2016-11-22,143.25,127.436279296875
2016-11-23,142.8699951171875,127.09820556640625
2016-11-24,143.05999755859375,127.26726531982422
2016-11-25,143.2100067138672,127.40068817138672
2016-11-28,143.66000366210938,127.8010025024414
2016-11-29,143.35000610351562,127.52522277832031
2016-11-30,142.9199981689453,127.14271545410156
2016-12-01,142.33999633789062,126.62671661376953
2016-12-02,142.8000030517578,127.03595733642578
2016-12-05,142.33999633789062,126.62671661376953
2016-12-06,141.9600067138672,126.28866577148438
2016-12-07,142.2100067138672,126.51109313964844
2016-12-08,142.1300048828125,126.43991088867188
2016-12-09,142.39999389648438,126.68009185791016
2016-12-12,142.02999877929688,126.35092163085938
2016-12-13,142.42999267578125,126.70677185058594
2016-12-14,142.8800048828125,127.10716247558594
2016-12-15,142.3800048828125,126.66228485107422
2016-12-16,142.72999572753906,126.97364044189453
2016-12-19,143.27999877929688,127.46295166015625
2016-12-20,143.02999877929688,127.2405014038086
2016-12-21,143.24000549316406,127.42737579345703
2016-12-22,143.1199951171875,127.32058715820312
2016-12-23,143.41000366210938,127.57860565185547
2016-12-27,143.72999572753906,127.8632583618164
2016-12-28,143.75999450683594,127.88995361328125
2016-12-29,143.83999633789062,127.9611587524414
2016-12-30,143.72999572753906,127.8632583618164
2017-01-02,143.88999938964844,128.00563049316406
2017-01-03,143.1999969482422,127.39179992675781
2017-01-04,143.08999633789062,127.29389953613281
2017-01-05,143.22999572753906,127.41844177246094
2017-01-06,142.74000549316406,126.98255920410156
2017-01-09,142.9499969482422,127.16936492919922
2017-01-10,142.94000244140625,127.16049194335938
2017-01-11,143.2100067138672,127.40068817138672
2017-01-12,143.3300018310547,127.5074462890625
2017-01-13,143.10000610351562,127.30284118652344
2017-01-16,143.3300018310547,127.5074462890625
2017-01-17,143.3699951171875,127.54298400878906
2017-01-18,142.99000549316406,127.20491790771484
2017-01-19,142.77000427246094,127.00928497314453
2017-01-20,142.30999755859375,126.5999755859375
2017-01-23,142.85000610351562,127.08045959472656
2017-01-24,142.4499969482422,126.72456359863281
2017-01-25,141.88999938964844,126.22639465332031
2017-01-26,141.6699981689453,126.03067016601562
2017-01-27,141.83999633789062,126.181884765625
2017-01-30,141.9600067138672,126.28866577148438
2017-01-31,142.11000061035156,126.4220962524414
2017-02-01,141.82000732421875,126.16412353515625
2017-02-02,142.27999877929688,126.57337188720703
2017-02-03,142.36000061035156,126.64453887939453
2017-02-06,142.8699951171875,127.09820556640625
2017-02-07,143.0,127.21390533447266
2017-02-08,143.52999877929688,127.68535614013672
2017-02-09,143.4600067138672,127.62308502197266
2017-02-10,143.3800048828125,127.55192565917969
2017-02-13,143.1999969482422,127.39179992675781
2017-02-14,143.00999450683594,127.22279357910156
2017-02-15,142.52000427246094,127.15379333496094
2017-02-16,142.7100067138672,127.3233413696289
2017-02-17,143.19000244140625,127.75157165527344
2017-02-20,143.30999755859375,127.85863494873047
2017-02-21,143.27000427246094,127.82298278808594
2017-02-22,143.63999938964844,128.15304565429688
2017-02-23,143.97999572753906,128.4563446044922
2017-02-24,144.52999877929688,128.94711303710938
2017-02-27,144.3300018310547,128.7686767578125
2017-02-28,144.22999572753906,128.67947387695312
2017-03-01,143.4600067138672,127.99252319335938
2017-03-02,143.1699981689453,127.73371124267578
2017-03-03,142.66000366210938,127.27872467041016
2017-03-06,142.7899932861328,127.3946762084961
2017-03-07,143.07000732421875,127.64448547363281
2017-03-08,142.5399932861328,127.17166137695312
2017-03-09,142.05999755859375,126.74337005615234
2017-03-10,141.27999877929688,126.0475082397461
2017-03-13,141.4499969482422,126.19915771484375
2017-03-14,141.66000366210938,126.38654327392578
2017-03-15,142.02000427246094,126.70772552490234
2017-03-16,141.69000244140625,126.41326904296875
2017-03-17,141.77000427246094,126.48466491699219
2017-03-20,141.77999877929688,126.49359893798828
2017-03-21,141.52999877929688,126.27059936523438
2017-03-22,142.0,126.68990325927734
2017-03-23,141.7899932861328,126.50250244140625
2017-03-24,141.89999389648438,126.60063934326172
2017-03-27,141.8800048828125,126.58283996582031
2017-03-28,142.07000732421875,126.75235748291016
2017-03-29,142.5500030517578,127.18059539794922
2017-03-30,142.67999267578125,127.29657745361328
2017-03-31,142.7100067138672,127.3233413696289
2017-04-03,143.24000549316406,127.79619598388672
2017-04-04,143.4199981689453,127.95677185058594
2017-04-05,143.44000244140625,127.97466278076172
2017-04-06,143.36000061035156,127.9031753540039
2017-04-07,143.72000122070312,128.22442626953125
2017-04-10,143.89999389648438,128.3849639892578
2017-04-11,143.9499969482422,128.4296417236328
2017-04-12,144.0399932861328,128.50994873046875
2017-04-13,144.13999938964844,128.59915161132812
2017-04-18,144.3000030517578,128.74192810058594
2017-04-19,143.88999938964844,128.37612915039062
2017-04-20,143.52000427246094,128.04600524902344
2017-04-21,143.49000549316406,128.0192413330078
2017-04-24,142.47999572753906,127.11807250976562
2017-04-25,142.11000061035156,126.78802490234375
2017-04-26,142.3300018310547,126.98426055908203
2017-04-27,142.8699951171875,127.46603393554688
2017-04-28,142.69000244140625,127.30549621582031
2017-05-02,142.58999633789062,127.21624755859375
2017-05-03,142.61000061035156,127.234130859375
2017-05-04,141.99000549316406,126.68096923828125
2017-05-05,141.7100067138672,126.43116760253906
2017-05-08,141.7100067138672,126.43116760253906
2017-05-09,141.58999633789062,126.32405090332031
2017-05-10,141.67999267578125,126.40435028076172
2017-05-11,141.57000732421875,126.3062515258789
2017-05-12,141.92999267578125,126.6274185180664
2017-05-15,141.22999572753906,126.39398193359375
2017-05-16,141.17999267578125,126.34918975830078
2017-05-17,141.67999267578125,126.79666900634766
2017-05-18,141.92999267578125,127.0204849243164
2017-05-19,141.74000549316406,126.85043334960938
2017-05-22,141.49000549316406,126.62670135498047
2017-05-23,141.4499969482422,126.59087371826172
2017-05-24,141.42999267578125,126.572998046875
2017-05-25,141.82000732421875,126.92198944091797
2017-05-26,142.1300048828125,127.19947814941406
2017-05-29,142.5,127.53057098388672
2017-05-30,142.52999877929688,127.55743408203125
2017-05-31,142.50999450683594,127.53952026367188
2017-06-01,142.44000244140625,127.47686767578125
2017-06-02,142.77999877929688,127.78118133544922
2017-06-06,142.8699951171875,127.86167907714844
2017-06-07,142.77999877929688,127.78118133544922
2017-06-08,142.8000030517578,127.799072265625
2017-06-09,142.7899932861328,127.79008483886719
2017-06-12,142.8699951171875,127.86167907714844
2017-06-13,142.72000122070312,127.72747802734375
2017-06-14,143.0399932861328,128.0138397216797
2017-06-15,142.41000366210938,127.45004272460938
2017-06-16,142.60000610351562,127.62007904052734
2017-06-19,142.52999877929688,127.55743408203125
2017-06-20,142.64999389648438,127.66484069824219
2017-06-21,142.55999755859375,127.58424377441406
2017-06-22,142.67999267578125,127.69170379638672
2017-06-23,142.67999267578125,127.69170379638672
2017-06-26,142.72000122070312,127.72747802734375
2017-06-27,141.64999389648438,126.76986694335938
2017-06-28,141.58999633789062,126.71614074707031
2017-06-29,140.74000549316406,125.95547485351562
2017-06-30,140.5500030517578,125.78545379638672
2017-07-03,140.55999755859375,125.79436492919922
2017-07-04,140.6699981689453,125.89278411865234
2017-07-05,140.61000061035156,125.83914184570312
2017-07-06,139.75,125.06948852539062
2017-07-07,139.75999450683594,125.0783920288086
2017-07-10,140.00999450683594,125.30215454101562
2017-07-11,139.88999938964844,125.19473266601562
2017-07-12,140.22999572753906,125.49905395507812
2017-07-13,140.02000427246094,125.31106567382812
2017-07-14,140.0399932861328,125.32898712158203
2017-07-17,140.1699981689453,125.44532775878906
2017-07-18,140.36000061035156,125.61538696289062
2017-07-19,140.49000549316406,125.731689453125
2017-07-20,140.61000061035156,125.83914184570312
2017-07-21,140.8699951171875,126.07179260253906
2017-07-24,140.9199981689453,126.11658477783203
2017-07-25,140.4199981689453,125.66909790039062
2017-07-26,140.47000122070312,125.71382904052734
2017-07-27,140.74000549316406,125.95547485351562
2017-07-28,140.6699981689453,125.89278411865234
2017-07-31,140.6300048828125,125.85697937011719
2017-08-01,141.16000366210938,126.33135223388672
2017-08-02,141.2100067138672,126.37609100341797
2017-08-03,141.4199981689453,126.56402587890625
2017-08-04,141.22000122070312,126.38500213623047
2017-08-07,141.4199981689453,126.56402587890625
2017-08-08,141.25,126.41188049316406
2017-08-09,141.75999450683594,126.86834716796875
2017-08-10,141.86000061035156,126.95781707763672
2017-08-11,142.19000244140625,127.25312805175781
2017-08-14,141.9600067138672,127.04730224609375
2017-08-15,141.67999267578125,126.79666900634766
2017-08-16,141.2100067138672,126.7720718383789
2017-08-17,141.27999877929688,126.83489227294922
2017-08-18,141.4600067138672,126.99649810791016
2017-08-21,141.61000061035156,127.13121795654297
2017-08-22,141.61000061035156,127.13121795654297
2017-08-23,141.85000610351562,127.3466796875
2017-08-24,141.9199981689453,127.40946197509766
2017-08-25,141.83999633789062,127.33760833740234
2017-08-28,141.99000549316406,127.47229766845703
2017-08-29,142.30999755859375,127.75958251953125
2017-08-30,142.11000061035156,127.58009338378906
2017-08-31,142.1300048828125,127.59803771972656
2017-09-01,141.9600067138672,127.44538116455078
2017-09-04,142.0800018310547,127.5531005859375
2017-09-05,142.39999389648438,127.8404312133789
2017-09-06,142.25999450683594,127.7147445678711
2017-09-07,142.6699981689453,128.08277893066406
2017-09-08,142.52000427246094,127.94810485839844
2017-09-11,142.36000061035156,127.80448913574219
2017-09-12,141.72999572753906,127.23889923095703
2017-09-13,141.67999267578125,127.19396209716797
2017-09-14,141.57000732421875,127.09526824951172
2017-09-15,141.27000427246094,126.82594299316406
2017-09-18,141.11000061035156,126.68232727050781
2017-09-19,141.13999938964844,126.709228515625
2017-09-20,141.27999877929688,126.83489227294922
2017-09-21,141.10000610351562,126.67328643798828
2017-09-22,141.1199951171875,126.69124603271484
2017-09-25,141.63999938964844,127.15805053710938
2017-09-26,141.55999755859375,127.08625793457031
2017-09-27,141.0399932861328,126.61943054199219
2017-09-28,140.83999633789062,126.43995666503906
2017-09-29,141.0800018310547,126.65536499023438
2017-10-02,141.1999969482422,126.76307678222656
2017-10-03,141.1999969482422,126.76307678222656
2017-10-04,141.1999969482422,126.76307678222656
2017-10-05,141.13999938964844,126.709228515625
2017-10-06,141.0800018310547,126.65536499023438
2017-10-09,141.24000549316406,126.79898834228516
2017-10-10,141.24000549316406,126.79898834228516
2017-10-11,141.0500030517578,126.62843322753906
2017-10-12,141.24000549316406,126.79898834228516
2017-10-13,141.66000366210938,127.17605590820312
2017-10-16,141.9499969482422,127.43644714355469
2017-10-17,142.0399932861328,127.5171890258789
2017-10-18,142.0399932861328,127.5171890258789
2017-10-19,141.72000122070312,127.22992706298828
2017-10-20,141.1699981689453,126.73612976074219
2017-10-23,141.36000061035156,126.90670776367188
2017-10-24,140.9499969482422,126.53863525390625
2017-10-25,140.9499969482422,126.53863525390625
2017-10-26,141.3699951171875,126.91571044921875
2017-10-27,141.88999938964844,127.38256072998047
2017-10-30,142.0500030517578,127.52619934082031
2017-10-31,142.0500030517578,127.52619934082031
2017-11-01,141.8699951171875,127.36459350585938
2017-11-02,141.92999267578125,127.41847229003906
2017-11-03,142.02000427246094,127.49928283691406
2017-11-06,142.3000030517578,127.75059509277344
2017-11-07,142.3699951171875,127.81344604492188
2017-11-08,142.41000366210938,127.84935760498047
2017-11-09,141.8699951171875,127.36459350585938
2017-11-10,141.60000610351562,127.12220764160156
2017-11-13,141.55999755859375,127.08625793457031
2017-11-14,141.74000549316406,127.24787139892578
2017-11-15,141.41000366210938,127.3725357055664
2017-11-16,141.4199981689453,127.38151550292969
2017-11-17,141.47999572753906,127.43553161621094
2017-11-20,141.52000427246094,127.47159576416016
2017-11-21,141.63999938964844,127.57962036132812
2017-11-22,141.52000427246094,127.47159576416016
2017-11-23,141.52999877929688,127.48062133789062
2017-11-24,141.3800048828125,127.34552001953125
2017-11-27,141.57000732421875,127.51663208007812
2017-11-28,141.5800018310547,127.52565002441406
2017-11-29,141.1199951171875,127.11127471923828
2017-11-30,141.25999450683594,127.23738861083984
2017-12-01,141.94000244140625,127.84989166259766
2017-12-04,141.60000610351562,127.54366302490234
2017-12-05,141.76499938964844,127.69227600097656
2017-12-06,142.00999450683594,127.9129409790039
2017-12-07,142.05999755859375,127.95797729492188
2017-12-08,141.97500610351562,127.88142395019531
2017-12-11,142.00999450683594,127.9129409790039
2017-12-12,141.80999755859375,127.73280334472656
2017-12-13,141.7899932861328,127.71480560302734
2017-12-14,141.7899932861328,127.71480560302734
2017-12-15,141.85499572753906,127.77336883544922
2017-12-18,141.75999450683594,127.68778991699219
2017-12-19,141.0800018310547,127.07527160644531
2017-12-20,140.75,126.77802276611328
2017-12-21,140.57000732421875,126.61589050292969
2017-12-22,140.57000732421875,126.61589050292969
2017-12-27,140.8699951171875,126.88612365722656
2017-12-28,140.47000122070312,126.52582550048828
2017-12-29,140.36000061035156,126.4267578125
2018-01-02,140.0500030517578,126.27000427246094
2018-01-03,140.22999572753906,126.43232727050781
2018-01-04,140.22000122070312,126.42327880859375
2018-01-05,140.2050018310547,126.40978240966797
2018-01-08,140.3300018310547,126.52244567871094
2018-01-09,140.05999755859375,126.27904510498047
2018-01-10,139.8699951171875,126.10774230957031
2018-01-11,139.2949981689453,125.58931732177734
2018-01-12,139.44500732421875,125.72457122802734
2018-01-15,139.2899932861328,125.58477783203125
2018-01-16,139.49000549316406,125.76516723632812
2018-01-17,139.50999450683594,125.78314971923828
2018-01-18,139.41000366210938,125.69300079345703
2018-01-19,139.46499633789062,125.74261474609375
2018-01-22,139.46499633789062,125.74261474609375
2018-01-23,139.48500061035156,125.76058959960938
2018-01-24,139.25999450683594,125.55770111083984
2018-01-25,138.9550018310547,125.28279113769531
2018-01-26,138.74000549316406,125.08891296386719
2018-01-29,138.0399932861328,124.4577865600586
2018-01-30,138.1699981689453,124.57499694824219
2018-01-31,138.0500030517578,124.46681213378906
2018-02-01,137.9149932861328,124.34510803222656
2018-02-02,137.4550018310547,123.93034362792969
2018-02-05,137.67999267578125,124.13320922851562
2018-02-06,138.1199951171875,124.52989959716797
2018-02-07,137.69500732421875,124.146728515625
2018-02-08,137.4499969482422,123.92584991455078
2018-02-09,137.52999877929688,123.99800109863281
2018-02-12,137.51499938964844,123.9844970703125
2018-02-13,137.57000732421875,124.03410339355469
2018-02-14,137.48500061035156,123.9573745727539
2018-02-15,137.4149932861328,123.89429473876953
2018-02-16,137.9550018310547,124.38114166259766
2018-02-19,137.6750030517578,124.12873077392578
2018-02-20,137.6750030517578,124.12873077392578
2018-02-21,137.8000030517578,124.24139404296875
2018-02-22,138.0,124.42174530029297
2018-02-23,138.4550018310547,124.83200073242188
2018-02-26,138.47500610351562,124.85001373291016
2018-02-27,138.26499938964844,124.66061401367188
2018-02-28,138.26499938964844,124.66061401367188
2018-03-01,138.63999938964844,124.99872589111328
2018-03-02,138.625,124.9852294921875
2018-03-05,138.72500610351562,125.07540893554688
2018-03-06,138.3249969482422,124.7147445678711
2018-03-07,138.4600067138672,124.83644104003906
2018-03-08,138.73500061035156,125.08441162109375
2018-03-09,138.5800018310547,124.94468688964844
2018-03-12,138.80999755859375,125.15198516845703
2018-03-13,138.93499755859375,125.26472473144531
2018-03-14,139.19000244140625,125.49465942382812
2018-03-15,139.3350067138672,125.62538146972656
2018-03-16,139.40499877929688,125.68848419189453
2018-03-19,139.42999267578125,125.71102905273438
2018-03-20,139.32000732421875,125.61184692382812
2018-03-21,139.19000244140625,125.49465942382812
2018-03-22,139.8000030517578,126.04458618164062
2018-03-23,139.85499572753906,126.09419250488281
2018-03-26,139.8699951171875,126.10774230957031
2018-03-27,139.8699951171875,126.10774230957031
2018-03-28,140.14500427246094,126.35563659667969
2018-03-29,140.19500732421875,126.40079498291016
2018-04-03,140.125,126.33758544921875
2018-04-04,140.1750030517578,126.38272857666016
2018-04-05,139.97000122070312,126.19794464111328
2018-04-06,140.23500061035156,126.43682098388672
2018-04-09,140.11000061035156,126.32408905029297
2018-04-10,139.99000549316406,126.2159423828125
2018-04-11,140.18499755859375,126.39171600341797
2018-04-12,140.09500122070312,126.31060028076172
2018-04-13,140.07000732421875,126.28805541992188
2018-04-16,139.93499755859375,126.1663589477539
2018-04-17,140.08999633789062,126.3060531616211
2018-04-18,139.88999938964844,126.12574005126953
2018-04-19,139.22999572753906,125.53076934814453
2018-04-20,139.3000030517578,125.59380340576172
2018-04-23,138.89999389648438,125.23316955566406
2018-04-24,138.89999389648438,125.23316955566406
2018-04-25,138.875,125.21063995361328
2018-04-26,139.35000610351562,125.638916015625
2018-04-27,139.55499267578125,125.82373046875
2018-04-30,139.63999938964844,125.90035247802734
2018-05-02,139.4600067138672,125.73809814453125
2018-05-03,139.98500061035156,126.21142578125
2018-05-04,139.7949981689453,126.04013061523438
2018-05-07,139.94500732421875,126.17536163330078
2018-05-08,139.63999938964844,125.90035247802734
2018-05-09,139.65499877929688,125.91388702392578
2018-05-10,139.69000244140625,125.94547271728516
2018-05-11,139.64500427246094,125.90489959716797
2018-05-14,139.11500549316406,125.42706298828125
2018-05-15,138.44500732421875,125.22848510742188
2018-05-16,138.6649932861328,125.42745971679688
2018-05-17,138.47000122070312,125.25104522705078
2018-05-18,139.0399932861328,125.76664733886719
2018-05-21,139.0399932861328,125.76664733886719
2018-05-22,139.2449951171875,125.95201873779297
2018-05-23,139.85000610351562,126.4992904663086
2018-05-24,140.19000244140625,126.80683898925781
2018-05-25,140.81500244140625,127.37218475341797
2018-05-28,141.49000549316406,127.98283386230469
2018-05-29,142.19500732421875,128.6204376220703
2018-05-30,141.16000366210938,127.68426513671875
2018-05-31,141.4550018310547,127.95110321044922
2018-06-01,141.0449981689453,127.58018493652344
2018-06-04,140.61000061035156,127.18677520751953
2018-06-05,141.18499755859375,127.70686340332031
2018-06-06,140.17999267578125,126.79776000976562
2018-06-07,139.9149932861328,126.55810546875
2018-06-08,140.40499877929688,127.00130462646484
2018-06-11,139.92999267578125,126.57171630859375
2018-06-12,139.96499633789062,126.60334014892578
2018-06-13,140.14500427246094,126.76612854003906
2018-06-14,140.61500549316406,127.19123840332031
2018-06-15,140.85000610351562,127.40375518798828
2018-06-18,140.9324951171875,127.47848510742188
2018-06-19,141.14999389648438,127.67520141601562
2018-06-20,141.1824951171875,127.70458221435547
2018-06-21,141.6300048828125,128.109375
2018-06-22,141.5800018310547,128.0641326904297
2018-06-25,141.6824951171875,128.15689086914062
2018-06-26,141.5500030517578,128.03700256347656
2018-06-27,141.66000366210938,128.1365509033203
2018-06-28,141.73500061035156,128.204345703125
2018-06-29,141.80499267578125,128.2676544189453
2018-07-02,141.90499877929688,128.3581085205078
2018-07-03,141.94500732421875,128.394287109375
2018-07-04,141.82000732421875,128.28125
2018-07-05,141.8524932861328,128.3106689453125
2018-07-06,141.9324951171875,128.38299560546875
2018-07-09,141.82249450683594,128.28350830078125
2018-07-10,141.6199951171875,128.100341796875
2018-07-11,141.74249267578125,128.21112060546875
2018-07-12,141.87249755859375,128.3287353515625
2018-07-13,141.9949951171875,128.43948364257812
2018-07-16,141.7449951171875,128.21340942382812
2018-07-17,141.93499755859375,128.38523864746094
2018-07-18,141.93499755859375,128.38523864746094
2018-07-19,142.0500030517578,128.48928833007812
2018-07-20,141.65499877929688,128.1320037841797
2018-07-23,141.3300018310547,127.83799743652344
2018-07-24,141.49000549316406,127.98283386230469
2018-07-25,141.52999877929688,128.01893615722656
2018-07-26,141.39500427246094,127.89684295654297
2018-07-27,141.39500427246094,127.89684295654297
2018-07-30,140.9149932861328,127.462646484375
2018-07-31,140.97000122070312,127.51236724853516
2018-08-01,140.51499938964844,127.10079193115234
2018-08-02,140.77499389648438,127.33601379394531
2018-08-03,141.31500244140625,127.82445526123047
2018-08-06,141.5,127.99176025390625
2018-08-07,141.28500366210938,127.79732513427734
2018-08-08,141.39999389648438,127.90130615234375
2018-08-09,141.625,128.10487365722656
2018-08-10,142.1999969482422,128.6249237060547
2018-08-13,142.22500610351562,128.6475830078125
2018-08-14,142.125,128.55711364746094
2018-08-15,142.4199981689453,128.8239288330078
2018-08-16,141.89500427246094,128.74459838867188
2018-08-17,141.98500061035156,128.8262176513672
2018-08-20,142.02999877929688,128.86703491210938
2018-08-21,141.72000122070312,128.5857696533203
2018-08-22,141.47999572753906,128.3679962158203
2018-08-23,141.53500366210938,128.4179229736328
2018-08-24,141.47000122070312,128.35897827148438
2018-08-27,141.19500732421875,128.10943603515625
2018-08-28,141.16000366210938,128.07766723632812
2018-08-29,140.88499450683594,127.82814025878906
2018-08-30,141.4499969482422,128.34083557128906
2018-08-31,141.63999938964844,128.51321411132812
2018-09-03,141.6199951171875,128.49505615234375
2018-09-04,141.35000610351562,128.2500762939453
2018-09-05,141.07000732421875,127.99604797363281
2018-09-06,141.3800048828125,128.2772979736328
2018-09-07,141.02000427246094,127.9507064819336
2018-09-10,140.83999633789062,127.78734588623047
2018-09-11,140.6750030517578,127.63761138916016
2018-09-12,140.7949981689453,127.74650573730469
2018-09-13,140.69500732421875,127.65576171875
2018-09-14,140.44000244140625,127.42442321777344
2018-09-17,140.3699951171875,127.36090087890625
2018-09-18,140.11500549316406,127.12953186035156
2018-09-19,140.02000427246094,127.04328155517578
2018-09-20,140.16000366210938,127.17034149169922
2018-09-21,140.27499389648438,127.27471923828125
2018-09-24,139.72500610351562,126.7757339477539
2018-09-25,139.4250030517578,126.50347137451172
2018-09-26,139.52499389648438,126.5942153930664
2018-09-27,139.47500610351562,126.5488510131836
2018-09-28,140.0850067138672,127.1023178100586
2018-10-01,140.03500366210938,127.05690002441406
2018-10-02,140.03500366210938,127.05690002441406
2018-10-04,139.41000366210938,126.4898681640625
2018-10-05,139.17999267578125,126.28117370605469
2018-10-08,139.5050048828125,126.5760726928711
2018-10-09,139.43499755859375,126.51256561279297
2018-10-10,139.38499450683594,126.4671859741211
2018-10-11,139.6750030517578,126.73033905029297
2018-10-12,139.85499572753906,126.89359283447266
2018-10-15,139.80499267578125,126.84829711914062
2018-10-16,139.97000122070312,126.99800109863281
2018-10-17,140.2550048828125,127.25655364990234
2018-10-18,140.6750030517578,127.63761138916016
2018-10-19,140.5449981689453,127.5196533203125
2018-10-22,140.3699951171875,127.36090087890625
2018-10-23,140.78500366210938,127.73747253417969
2018-10-24,140.78500366210938,127.73747253417969
2018-10-25,140.9250030517578,127.86444854736328
2018-10-26,141.35499572753906,128.2545928955078
2018-10-29,141.13499450683594,128.05502319335938
2018-10-30,141.22500610351562,128.13665771484375
2018-10-31,141.0449981689453,127.97331237792969
2018-11-01,140.97999572753906,127.91436767578125
2018-11-02,140.7100067138672,127.66940307617188
2018-11-05,140.7550048828125,127.71019744873047
2018-11-06,140.65499877929688,127.61945343017578
2018-11-07,140.47500610351562,127.4561767578125
2018-11-08,140.3699951171875,127.36090087890625
2018-11-09,140.3699951171875,127.36090087890625
2018-11-12,141.0500030517578,127.97782897949219
2018-11-13,140.85000610351562,127.79637908935547
2018-11-14,140.9600067138672,127.89622497558594
2018-11-15,140.97999572753906,128.27210998535156
2018-11-16,140.90499877929688,128.20387268066406
2018-11-19,140.89500427246094,128.19483947753906
2018-11-20,141.1300048828125,128.40859985351562
2018-11-21,140.89999389648438,128.1993408203125
2018-11-22,140.89500427246094,128.19483947753906
2018-11-23,141.18499755859375,128.45863342285156
2018-11-26,140.97000122070312,128.26300048828125
2018-11-27,141.10000610351562,128.3812713623047
2018-11-28,141.10499572753906,128.38583374023438
2018-11-29,141.42999267578125,128.68154907226562
2018-11-30,141.51499938964844,128.7588653564453
2018-12-03,141.61500549316406,128.849853515625
2018-12-04,141.9250030517578,129.1319580078125
2018-12-05,141.8249969482422,129.04087829589844
2018-12-06,142.34500122070312,129.51405334472656
2018-12-07,142.0500030517578,129.24566650390625
2018-12-10,142.0800018310547,129.27291870117188
2018-12-11,142.15499877929688,129.34121704101562
2018-12-12,141.8249969482422,129.04087829589844
2018-12-13,141.73500061035156,128.9590606689453
2018-12-14,142.03500366210938,129.23202514648438
2018-12-17,141.98500061035156,129.18650817871094
2018-12-18,142.0749969482422,129.2683868408203
2018-12-19,142.0749969482422,129.2683868408203
2018-12-20,142.19000244140625,129.37303161621094
2018-12-21,142.02999877929688,129.2274627685547
2018-12-27,142.30999755859375,129.48220825195312
2018-12-28,142.22000122070312,129.40032958984375
2019-01-02,142.88499450683594,130.00537109375
2019-01-03,143.1300048828125,130.22828674316406
2019-01-04,142.50999450683594,129.6641845703125
2019-01-07,142.4550018310547,129.6140899658203
2019-01-08,142.2949981689453,129.46859741210938
2019-01-09,142.35000610351562,129.5186309814453
2019-01-10,142.56500244140625,129.71426391601562
2019-01-11,142.67999267578125,129.8189239501953
2019-01-14,142.76499938964844,129.89617919921875
2019-01-15,143.0500030517578,130.155517578125
2019-01-16,142.82000732421875,129.94625854492188
2019-01-17,142.625,129.7688446044922
2019-01-18,142.4199981689453,129.58229064941406
2019-01-21,142.47999572753906,129.63690185546875
2019-01-22,142.67999267578125,129.8189239501953
2019-01-23,142.8000030517578,129.92808532714844
2019-01-24,143.23500061035156,130.32383728027344
2019-01-25,142.98500061035156,130.09640502929688
2019-01-28,142.9499969482422,130.06455993652344
2019-01-29,143.0050048828125,130.1145477294922
2019-01-30,143.10000610351562,130.2010498046875
2019-01-31,143.2899932861328,130.3739013671875
2019-02-01,143.33999633789062,130.41932678222656
2019-02-04,143.13499450683594,130.23289489746094
2019-02-05,143.23500061035156,130.32383728027344
2019-02-06,143.23500061035156,130.32383728027344
2019-02-07,143.80999755859375,130.8469696044922
2019-02-08,144.06500244140625,131.07901000976562
2019-02-11,143.7949981689453,130.8333740234375
2019-02-12,143.63499450683594,130.68777465820312
2019-02-13,143.77499389648438,130.815185546875
2019-02-14,143.85499572753906,130.88795471191406
2019-02-15,143.52000427246094,130.9114990234375
2019-02-18,143.47000122070312,130.86590576171875
2019-02-19,143.625,131.00729370117188
2019-02-20,143.5449981689453,130.93438720703125
2019-02-21,143.22999572753906,130.64703369140625
2019-02-22,143.5399932861328,130.9297332763672
2019-02-25,143.4199981689453,130.82032775878906
2019-02-26,143.33999633789062,130.74729919433594
2019-02-27,142.96499633789062,130.4052734375
2019-02-28,142.63499450683594,130.104248046875
2019-03-01,142.53500366210938,130.01304626464844
2019-03-04,142.88499450683594,130.33229064941406
2019-03-05,142.82000732421875,130.2730255126953
2019-03-06,143.23500061035156,130.6515655517578
2019-03-07,143.8699951171875,131.2307586669922
2019-03-08,143.7449951171875,131.1167449951172
2019-03-11,143.83999633789062,131.2034912109375
2019-03-12,143.8800048828125,131.2399139404297
2019-03-13,143.8800048828125,131.2399139404297
2019-03-14,143.55999755859375,130.94796752929688
2019-03-15,143.58999633789062,130.97537231445312
2019-03-18,143.63499450683594,131.01641845703125
2019-03-19,143.4199981689453,130.82032775878906
2019-03-20,143.625,131.00729370117188
2019-03-21,144.02000427246094,131.36761474609375
2019-03-22,144.63499450683594,131.92861938476562
2019-03-25,144.64500427246094,131.93771362304688
2019-03-26,144.52000427246094,131.8236846923828
2019-03-27,145.21499633789062,132.45762634277344
2019-03-28,145.08999633789062,132.34361267089844
2019-03-29,145.10000610351562,132.35275268554688
2019-04-01,144.74000549316406,132.0243682861328
2019-04-02,144.9250030517578,132.193115234375
2019-04-03,144.44000244140625,131.75067138671875
2019-04-04,144.49000549316406,131.7963104248047
2019-04-05,144.4199981689453,131.7324676513672
2019-04-08,144.41000366210938,131.72335815429688
2019-04-09,144.49000549316406,131.7963104248047
2019-04-10,144.76499938964844,132.047119140625
2019-04-11,144.52000427246094,131.8236846923828
2019-04-12,143.8699951171875,131.2307586669922
2019-04-15,143.86500549316406,131.22621154785156
2019-04-16,143.86000061035156,131.2216796875
2019-04-17,143.6699981689453,131.04835510253906
2019-04-18,144.2050018310547,131.536376953125
2019-04-23,144.0500030517578,131.39498901367188
2019-04-24,144.60499572753906,131.90121459960938
2019-04-25,144.58999633789062,131.88751220703125
2019-04-26,144.68499755859375,131.97422790527344
2019-04-29,144.46499633789062,131.77349853515625
2019-04-30,144.30999755859375,131.6321563720703
2019-05-02,144.2550048828125,131.5819549560547
2019-05-03,144.22999572753906,131.5591583251953
2019-05-06,144.38499450683594,131.70053100585938
2019-05-07,144.8350067138672,132.11105346679688
2019-05-08,144.94000244140625,132.20680236816406
2019-05-09,145.01499938964844,132.275146484375
2019-05-10,144.94000244140625,132.20680236816406
2019-05-13,145.2100067138672,132.4530487060547
2019-05-14,145.07000732421875,132.32534790039062
2019-05-15,145.11500549316406,132.67491149902344
2019-05-16,145.0850067138672,132.64744567871094
2019-05-17,145.13499450683594,132.69314575195312
2019-05-20,145.01499938964844,132.58348083496094
2019-05-21,144.75,132.34117126464844
2019-05-22,144.96499633789062,132.53775024414062
2019-05-23,145.31500244140625,132.85769653320312
2019-05-24,145.28500366210938,132.830322265625
2019-05-27,145.52999877929688,133.05430603027344
2019-05-28,145.74000549316406,133.24632263183594
2019-05-29,145.85000610351562,133.34686279296875
2019-05-30,145.85000610351562,133.34686279296875
2019-05-31,146.10000610351562,133.57545471191406
2019-06-03,146.11000061035156,133.5845947265625
2019-06-04,146.0749969482422,133.5525665283203
2019-06-05,146.25999450683594,133.72174072265625
2019-06-06,146.3350067138672,133.79029846191406
2019-06-07,146.59500122070312,134.0279998779297
2019-06-11,146.27999877929688,133.739990234375
2019-06-12,146.4149932861328,133.86341857910156
2019-06-13,146.39500427246094,133.8451385498047
2019-06-14,146.5050048828125,133.94569396972656
2019-06-17,146.4199981689453,133.86801147460938
2019-06-18,147.30999755859375,134.6816864013672
2019-06-19,146.85000610351562,134.2611541748047
2019-06-20,147.16000366210938,134.54454040527344
2019-06-21,146.77999877929688,134.19715881347656
2019-06-24,147.03500366210938,134.43031311035156
2019-06-25,147.22500610351562,134.60398864746094
2019-06-26,146.94000244140625,134.3434295654297
2019-06-27,147.01499938964844,134.41197204589844
2019-06-28,147.22000122070312,134.59942626953125
2019-07-01,147.60499572753906,134.951416015625
2019-07-02,147.57000732421875,134.91944885253906
2019-07-03,147.71499633789062,135.052001953125
2019-07-04,147.82000732421875,135.14801025390625
2019-07-05,147.38999938964844,134.7548828125
2019-07-08,147.57000732421875,134.91944885253906
2019-07-09,147.4250030517578,134.7868194580078
2019-07-10,146.92999267578125,134.33428955078125
2019-07-11,146.52499389648438,133.9639892578125
2019-07-12,146.4149932861328,133.86341857910156
2019-07-15,146.8350067138672,134.24740600585938
2019-07-16,146.9149932861328,134.32054138183594
2019-07-17,147.2050018310547,134.58572387695312
2019-07-18,147.39999389648438,134.7639923095703
2019-07-19,147.55499267578125,134.90565490722656
2019-07-22,147.7550048828125,135.0885467529297
2019-07-23,147.90499877929688,135.22567749023438
2019-07-24,148.05499267578125,135.36282348632812
2019-07-25,147.9550018310547,135.27139282226562
2019-07-26,147.94500732421875,135.2622528076172
2019-07-29,148.0800018310547,135.38571166992188
2019-07-30,148.1199951171875,135.42230224609375
2019-07-31,148.52000427246094,135.78802490234375
2019-08-01,148.7100067138672,135.96170043945312
2019-08-02,148.9550018310547,136.1856689453125
2019-08-05,149.1699981689453,136.38226318359375
2019-08-06,149.48500061035156,136.67019653320312
2019-08-07,149.88999938964844,137.04052734375
2019-08-08,149.6750030517578,136.8439483642578
2019-08-09,149.86000061035156,137.01309204101562
2019-08-12,150.03500366210938,137.17308044433594
2019-08-13,150.16000366210938,137.2873992919922
2019-08-14,150.53500366210938,137.63021850585938
2019-08-15,151.08999633789062,138.13766479492188
2019-08-16,150.4949951171875,137.8967742919922
2019-08-19,150.17999267578125,137.608154296875
2019-08-20,150.57000732421875,137.9654998779297
2019-08-21,150.36000061035156,137.77308654785156
2019-08-22,149.94000244140625,137.3882598876953
2019-08-23,150.33999633789062,137.75474548339844
2019-08-26,150.27499389648438,137.69522094726562
2019-08-27,150.5399932861328,137.9380340576172
2019-08-28,150.72999572753906,138.11209106445312
2019-08-29,150.44500732421875,137.8509979248047
2019-08-30,150.6999969482422,138.08465576171875
2019-09-02,150.67999267578125,138.0662841796875
2019-09-03,150.6699981689453,138.05715942382812
2019-09-04,150.34500122070312,137.7593231201172
2019-09-05,149.46499633789062,136.95297241210938
2019-09-06,149.94000244140625,137.3882598876953
2019-09-09,149.44500732421875,136.93472290039062
2019-09-10,149.0850067138672,136.60479736328125
2019-09-11,149.30999755859375,136.81100463867188
2019-09-12,148.7050018310547,136.25662231445312
2019-09-13,147.89999389648438,135.5189971923828
2019-09-16,148.13499450683594,135.734375
2019-09-17,148.15499877929688,135.75265502929688
2019-09-18,148.4149932861328,135.99095153808594
2019-09-19,148.24000549316406,135.83059692382812
2019-09-20,148.4499969482422,136.02294921875
2019-09-23,149.05499267578125,136.57733154296875
2019-09-24,149.2449951171875,136.75137329101562
2019-09-25,149.03500366210938,136.55899047851562
2019-09-26,149.03500366210938,136.55899047851562
2019-09-27,148.47000122070312,136.04132080078125
2019-09-30,148.93499755859375,136.46737670898438
2019-10-01,149.01499938964844,136.54066467285156
2019-10-02,148.77999877929688,136.32533264160156
2019-10-04,149.1300048828125,136.6460418701172
2019-10-07,149.02999877929688,136.55441284179688
2019-10-08,149.27000427246094,136.77432250976562
2019-10-09,148.80999755859375,136.3528289794922
2019-10-10,148.0500030517578,135.65646362304688
2019-10-11,147.6199951171875,135.26242065429688
2019-10-14,147.77999877929688,135.4091339111328
2019-10-15,147.32000732421875,134.9875946044922
2019-10-16,147.07000732421875,134.7584991455078
2019-10-17,147.1199951171875,134.80433654785156
2019-10-18,147.0399932861328,134.73104858398438
2019-10-21,146.5,134.23623657226562
2019-10-22,146.86000061035156,134.56607055664062
2019-10-23,146.98500061035156,134.6806182861328
2019-10-24,147.22000122070312,134.89593505859375
2019-10-25,146.8699951171875,134.57525634765625
2019-10-28,146.39999389648438,134.14459228515625
2019-10-29,146.63999938964844,134.36451721191406
2019-10-30,146.5800018310547,134.30953979492188
2019-10-31,147.0749969482422,134.76307678222656
2019-11-01,146.75,134.46531677246094
2019-11-04,146.6199951171875,134.34616088867188
2019-11-05,146.2100067138672,133.97048950195312
2019-11-06,146.30999755859375,134.0621337890625
2019-11-07,145.49000549316406,133.310791015625
2019-11-08,145.68499755859375,133.4894256591797
2019-11-11,145.5,133.3199005126953
2019-11-12,145.4600067138672,133.28329467773438
2019-11-13,146.06500244140625,133.83763122558594
2019-11-14,146.5800018310547,134.30953979492188
2019-11-15,146.02000427246094,134.12684631347656
2019-11-18,145.99000549316406,134.09927368164062
2019-11-19,146.05499267578125,134.1589813232422
2019-11-20,146.13999938964844,134.237060546875
2019-11-21,145.8300018310547,133.9523162841797
2019-11-22,146.21499633789062,134.30592346191406
2019-11-25,146.11000061035156,134.2095184326172
2019-11-26,146.33999633789062,134.42071533203125
2019-11-27,146.2949981689453,134.37942504882812
2019-11-28,146.25999450683594,134.34727478027344
2019-11-29,146.10000610351562,134.2003173828125
2019-12-02,145.47999572753906,133.6308135986328
2019-12-03,146.10499572753906,134.20489501953125
2019-12-04,145.7899932861328,133.91552734375
2019-12-05,145.51499938964844,133.6629638671875
2019-12-06,145.47999572753906,133.6308135986328
2019-12-09,145.65499877929688,133.7915802001953
2019-12-10,145.56500244140625,133.70884704589844
2019-12-11,145.8000030517578,133.9247589111328
2019-12-12,145.13999938964844,133.31851196289062
2019-12-13,145.5,133.64918518066406
2019-12-16,145.32000732421875,133.48382568359375
2019-12-17,145.49000549316406,133.63998413085938
2019-12-18,145.07000732421875,133.2542266845703
2019-12-19,145.0,133.18988037109375
2019-12-20,145.02999877929688,133.2174530029297
2019-12-23,144.9600067138672,133.1531524658203
2019-12-27,144.98500061035156,133.17613220214844
2019-12-30,144.44000244140625,132.67552185058594
2020-01-02,144.83999633789062,133.04293823242188
2020-01-03,145.36000061035156,133.52059936523438
2020-01-06,145.3300018310547,133.4929962158203
2020-01-07,145.3000030517578,133.46548461914062
2020-01-08,145.3000030517578,133.46548461914062
2020-01-09,144.75999450683594,132.96945190429688
2020-01-10,144.84500122070312,133.0475311279297
2020-01-13,144.4250030517578,132.66177368164062
2020-01-14,144.51499938964844,132.74436950683594
2020-01-15,144.8300018310547,133.03375244140625
2020-01-16,144.94500732421875,133.139404296875
2020-01-17,144.97999572753906,133.1715545654297
2020-01-20,144.89500427246094,133.0934600830078
2020-01-21,145.17999267578125,133.35523986816406
2020-01-22,145.3350067138672,133.4976348876953
2020-01-23,145.7550048828125,133.88343811035156
2020-01-24,145.99000549316406,134.09927368164062
2020-01-27,146.44000244140625,134.51263427734375
2020-01-28,146.125,134.2232666015625
2020-01-29,146.35499572753906,134.4345245361328
2020-01-30,146.67999267578125,134.7330322265625
2020-01-31,147.03500366210938,135.05918884277344
2020-02-03,146.98500061035156,135.0132293701172
2020-02-04,146.63499450683594,134.6917266845703
2020-02-05,146.28500366210938,134.3702392578125
2020-02-06,146.25,134.3380889892578
2020-02-07,146.40499877929688,134.48045349121094
2020-02-10,146.68499755859375,134.73764038085938
2020-02-11,146.50999450683594,134.576904296875
2020-02-12,146.3699951171875,134.44834899902344
2020-02-13,146.3800048828125,134.45750427246094
2020-02-14,146.61000061035156,134.6687774658203
2020-02-17,146.18499755859375,134.6258087158203
2020-02-18,146.25999450683594,134.69483947753906
2020-02-19,146.30999755859375,134.74095153808594
2020-02-20,146.57000732421875,134.98037719726562
2020-02-21,146.41000366210938,134.8330078125
2020-02-24,146.86000061035156,135.24737548828125
2020-02-25,147.1999969482422,135.56053161621094
2020-02-26,146.97999572753906,135.35792541503906
2020-02-27,147.47999572753906,135.81837463378906
2020-02-28,148.1199951171875,136.40777587890625
2020-03-02,148.42999267578125,136.69326782226562
2020-03-03,148.77999877929688,137.01559448242188
2020-03-04,148.47999572753906,136.7393341064453
2020-03-05,149.0449981689453,137.25965881347656
2020-03-06,149.4199981689453,137.60498046875
2020-03-09,150.77999877929688,138.857421875
2020-03-10,150.3350067138672,138.44766235351562
2020-03-11,149.55999755859375,137.73388671875
2020-03-12,149.6300048828125,137.7983856201172
2020-03-13,147.8000030517578,136.1130828857422
2020-03-16,147.13999938964844,135.5052490234375
2020-03-17,146.85499572753906,135.2427978515625
2020-03-18,144.3300018310547,132.91748046875
2020-03-19,143.3800048828125,132.0426025390625
2020-03-20,145.5050048828125,133.9995880126953
2020-03-23,146.14999389648438,134.59356689453125
2020-03-24,144.99000549316406,133.5253143310547
2020-03-25,144.66000366210938,133.2213897705078
2020-03-26,145.5850067138672,134.0732421875
2020-03-27,146.75999450683594,135.15530395507812
2020-03-30,146.86500549316406,135.2519989013672
2020-03-31,146.50999450683594,134.92506408691406
2020-04-01,146.77999877929688,135.17373657226562
2020-04-02,146.61500549316406,135.0217742919922
2020-04-03,146.52000427246094,134.93431091308594
2020-04-06,146.14999389648438,134.59356689453125
2020-04-07,145.00999450683594,133.543701171875
2020-04-08,144.97999572753906,133.51611328125
2020-04-09,145.24000549316406,133.7555389404297
2020-04-14,145.67999267578125,134.16073608398438
2020-04-15,146.4499969482422,134.86984252929688
2020-04-16,146.55999755859375,134.9711151123047
2020-04-17,146.5800018310547,134.98956298828125
2020-04-20,146.24000549316406,134.67645263671875
2020-04-21,146.67999267578125,135.0816192626953
2020-04-22,146.1199951171875,134.5658721923828
2020-04-23,146.1300048828125,134.5751953125
2020-04-24,146.5500030517578,134.96194458007812
2020-04-27,145.88499450683594,134.34950256347656
2020-04-28,146.5399932861328,134.95269775390625
2020-04-29,146.63999938964844,135.04481506347656
2020-04-30,147.67999267578125,136.0025634765625
2020-05-04,147.55999755859375,135.8920440673828
2020-05-05,147.64999389648438,135.97494506835938
2020-05-06,146.94000244140625,135.32106018066406
2020-05-07,147.44000244140625,135.78155517578125
2020-05-08,147.22999572753906,135.58815002441406
2020-05-11,147.03500366210938,135.4086151123047
2020-05-12,147.0,135.37632751464844
2020-05-13,147.1300048828125,135.49607849121094
2020-05-14,147.25999450683594,135.6157684326172
2020-05-15,146.74000549316406,135.46128845214844
2020-05-18,146.25999450683594,135.0181884765625
2020-05-19,146.0800018310547,134.85203552246094
2020-05-20,146.13999938964844,134.9074249267578
2020-05-21,146.3800048828125,135.12896728515625
2020-05-22,146.27000427246094,135.0274200439453
2020-05-25,146.27999877929688,135.03665161132812
2020-05-26,145.61000061035156,134.41815185546875
2020-05-27,145.52999877929688,134.34429931640625
2020-05-28,145.5500030517578,134.3627166748047
2020-05-29,145.77000427246094,134.56585693359375
2020-06-02,145.55999755859375,134.37197875976562
2020-06-03,144.9149932861328,133.77655029296875
2020-06-04,144.6999969482422,133.57809448242188
2020-06-05,144.16000366210938,133.07960510253906
2020-06-08,144.6199951171875,133.5042266845703
2020-06-09,144.52000427246094,133.41192626953125
2020-06-10,144.73500061035156,133.6103973388672
2020-06-11,145.53500366210938,134.34890747070312
2020-06-12,145.8300018310547,134.6212615966797
2020-06-15,145.80999755859375,134.60275268554688
2020-06-16,145.66000366210938,134.46432495117188
2020-06-17,145.66000366210938,134.46432495117188
2020-06-18,145.86000061035156,134.6489715576172
2020-06-19,145.86000061035156,134.6489715576172
2020-06-22,146.16000366210938,134.92584228515625
2020-06-23,145.74000549316406,134.5381622314453
2020-06-24,145.7100067138672,134.5104522705078
2020-06-25,146.47000122070312,135.21206665039062
2020-06-26,146.5500030517578,135.28591918945312
2020-06-29,146.47999572753906,135.22129821777344
2020-06-30,146.4199981689453,135.16587829589844
2020-07-01,145.77999877929688,134.57508850097656
2020-07-02,146.16000366210938,134.92584228515625
2020-07-03,146.08999633789062,134.8612518310547
2020-07-06,146.0800018310547,134.85203552246094
2020-07-07,145.99000549316406,134.76895141601562
2020-07-08,146.13999938964844,134.9074249267578
2020-07-09,146.35499572753906,135.1058807373047
2020-07-10,146.4600067138672,135.20281982421875
2020-07-13,145.80999755859375,134.60275268554688
2020-07-14,146.1199951171875,134.888916015625
2020-07-15,146.13999938964844,134.9074249267578
2020-07-16,146.38999938964844,135.13821411132812
2020-07-17,146.19000244140625,134.9535675048828
2020-07-20,146.27999877929688,135.03665161132812
2020-07-21,146.25999450683594,135.0181884765625
2020-07-22,146.58999633789062,135.3228302001953
2020-07-23,146.41000366210938,135.1566619873047
2020-07-24,146.05999755859375,134.83358764648438
2020-07-27,146.5800018310547,135.31362915039062
2020-07-28,146.75999450683594,135.4797821044922
2020-07-29,146.6300048828125,135.35975646972656
2020-07-30,147.0800018310547,135.77517700195312
2020-07-31,146.9949951171875,135.69671630859375
2020-08-03,146.8800048828125,135.5905303955078
2020-08-04,147.1750030517578,135.8628692626953
2020-08-05,146.6649932861328,135.39202880859375
2020-08-06,147.02000427246094,135.7197723388672
2020-08-07,146.66000366210938,135.38743591308594
2020-08-10,146.9199981689453,135.62745666503906
2020-08-11,146.36000061035156,135.1105499267578
2020-08-12,146.13999938964844,134.9074249267578
2020-08-13,145.6699981689453,134.47349548339844
2020-08-14,145.66000366210938,134.46432495117188
2020-08-17,145.7100067138672,134.8279266357422
2020-08-18,145.77000427246094,134.88343811035156
2020-08-19,145.9600067138672,135.05921936035156
2020-08-20,146.14999389648438,135.23504638671875
2020-08-21,146.3000030517578,135.37384033203125
2020-08-24,146.14999389648438,135.23504638671875
2020-08-25,145.5,134.63357543945312
2020-08-26,145.38999938964844,134.53179931640625
2020-08-27,145.3300018310547,134.4762725830078
2020-08-28,145.35000610351562,134.49481201171875
2020-08-31,145.1999969482422,134.35594177246094
2020-09-01,145.3800048828125,134.52255249023438
2020-09-02,146.05499267578125,135.14715576171875
2020-09-03,146.19000244140625,135.2720947265625
2020-09-04,146.0399932861328,135.13323974609375
2020-09-07,145.88999938964844,134.9944610595703
2020-09-08,146.24000549316406,135.31829833984375
2020-09-09,145.77999877929688,134.8926239013672
2020-09-10,145.49000549316406,134.6243438720703
2020-09-11,146.02999877929688,135.12399291992188
2020-09-14,146.00999450683594,135.1055145263672
2020-09-15,146.00999450683594,135.1055145263672
2020-09-16,146.02000427246094,135.11474609375
2020-09-17,146.09500122070312,135.1841583251953
2020-09-18,146.0050048828125,135.1008758544922
2020-09-21,146.4600067138672,135.5218963623047
2020-09-22,146.25,135.32757568359375
2020-09-23,146.24000549316406,135.31829833984375
2020-09-24,146.21499633789062,135.29515075683594
2020-09-25,146.39999389648438,135.4663543701172
2020-09-28,146.38499450683594,135.45249938964844
2020-09-29,146.52000427246094,135.57742309570312
2020-09-30,146.3000030517578,135.37384033203125
2020-10-01,146.44000244140625,135.50338745117188
2020-10-02,146.5399932861328,135.59588623046875
2020-10-05,146.22000122070312,135.29983520507812
2020-10-06,146.1649932861328,135.24888610839844
2020-10-07,145.96499633789062,135.06387329101562
2020-10-08,146.35000610351562,135.4201202392578
2020-10-09,146.4199981689453,135.48484802246094
2020-10-12,146.50999450683594,135.56817626953125
2020-10-13,146.64999389648438,135.69772338867188
2020-10-14,146.8699951171875,135.9012451171875
2020-10-15,147.2050018310547,136.21127319335938
2020-10-16,147.33999633789062,136.33615112304688
2020-10-19,147.42999267578125,136.41944885253906
2020-10-20,147.1699981689453,136.17889404296875
2020-10-21,147.02999877929688,136.04933166503906
2020-10-22,146.75999450683594,135.79946899414062
2020-10-23,146.82000732421875,135.8550262451172
2020-10-26,146.85000610351562,135.88275146484375
2020-10-27,147.22000122070312,136.2251434326172
2020-10-28,147.38999938964844,136.3824462890625
2020-10-29,147.44000244140625,136.42869567871094
2020-10-30,147.3699951171875,136.36392211914062
2020-11-02,147.5,136.48422241210938
2020-11-03,147.27999877929688,136.28060913085938
2020-11-04,147.5,136.48422241210938
2020-11-05,147.35499572753906,136.35006713867188
2020-11-06,147.17999267578125,136.18807983398438
2020-11-09,146.11000061035156,135.19802856445312
2020-11-10,145.8800048828125,134.98524475097656
2020-11-11,146.02499389648438,135.11936950683594
2020-11-12,146.3300018310547,135.40164184570312
2020-11-13,146.4499969482422,135.51263427734375
2020-11-16,146.0449981689453,135.510986328125
2020-11-17,146.19000244140625,135.6455535888672
2020-11-18,146.125,135.58526611328125
2020-11-19,146.22999572753906,135.68267822265625
2020-11-20,146.39999389648438,135.84042358398438
2020-11-23,146.35000610351562,135.79403686523438
2020-11-24,146.2050018310547,135.65948486328125
2020-11-25,146.22500610351562,135.6780548095703
2020-11-26,146.3800048828125,135.82188415527344
2020-11-27,146.3800048828125,135.82188415527344
2020-11-30,146.21499633789062,135.6687774658203
2020-12-01,145.77499389648438,135.26052856445312
2020-12-02,145.7449951171875,135.232666015625
2020-12-03,145.98500061035156,135.45538330078125
2020-12-04,145.9550018310547,135.42755126953125
2020-12-07,146.3699951171875,135.81260681152344
2020-12-08,146.60499572753906,136.03060913085938
2020-12-09,146.56500244140625,135.99351501464844
2020-12-10,146.50999450683594,135.94252014160156
2020-12-11,146.8300018310547,136.23939514160156
2020-12-14,146.6750030517578,136.09561157226562
2020-12-15,146.5800018310547,136.00746154785156
2020-12-16,146.16000366210938,135.61767578125
2020-12-17,146.22000122070312,135.67343139648438
2020-12-18,146.1649932861328,135.62237548828125
2020-12-21,146.30499267578125,135.7522430419922
2020-12-22,146.38499450683594,135.82650756835938
2020-12-23,145.80999755859375,135.29299926757812
2020-12-28,145.9550018310547,135.42755126953125
2020-12-29,146.17999267578125,135.63629150390625
2020-12-30,145.96499633789062,135.4368133544922
2021-01-04,146.47999572753906,135.9146270751953
2021-01-05,146.2100067138672,135.66416931152344
2021-01-06,145.90499877929688,135.38113403320312
2021-01-07,145.8800048828125,135.35797119140625
2021-01-08,145.91000366210938,135.38577270507812
2021-01-11,145.6649932861328,135.158447265625
2021-01-12,145.38999938964844,134.9032745361328
2021-01-13,145.8699951171875,135.34864807128906
2021-01-14,146.1750030517578,135.63162231445312
2021-01-15,146.07000732421875,135.5342559814453
2021-01-18,145.89999389648438,135.37643432617188
2021-01-19,145.85499572753906,135.33470153808594
2021-01-20,145.90499877929688,135.38113403320312
2021-01-21,145.6199951171875,135.11669921875
2021-01-22,145.75,135.23733520507812
2021-01-25,146.15499877929688,135.6130828857422
2021-01-26,146.0050048828125,135.4739227294922
2021-01-27,146.1199951171875,135.58059692382812
2021-01-28,146.08999633789062,135.55276489257812
2021-01-29,145.8699951171875,135.34864807128906
2021-02-01,145.75999450683594,135.24658203125
2021-02-02,145.5500030517578,135.0517120361328
2021-02-03,145.3800048828125,134.89401245117188
2021-02-04,145.25999450683594,134.78262329101562
2021-02-05,145.16000366210938,134.68988037109375
2021-02-08,145.22000122070312,134.74551391601562
2021-02-09,145.22000122070312,134.74551391601562
2021-02-10,145.15499877929688,134.68521118164062
2021-02-11,145.3300018310547,134.8476104736328
2021-02-12,145.0500030517578,134.5878448486328
2021-02-15,144.19000244140625,134.2154083251953
2021-02-16,143.9199981689453,133.964111328125
2021-02-17,144.0500030517578,134.0851287841797
2021-02-18,143.83999633789062,133.8896484375
2021-02-19,143.55999755859375,133.62904357910156
2021-02-22,143.8300018310547,133.88034057617188
2021-02-23,143.6199951171875,133.68487548828125
2021-02-24,143.44000244140625,133.517333984375
2021-02-25,142.72999572753906,132.85643005371094
2021-02-26,142.94000244140625,133.05191040039062
2021-03-01,143.68499755859375,133.74539184570312
2021-03-02,143.86500549316406,133.9128875732422
2021-03-03,143.38499450683594,133.4661407470703
2021-03-04,143.5500030517578,133.6197509765625
2021-03-05,143.49000549316406,133.56385803222656
2021-03-08,143.27000427246094,133.35906982421875
2021-03-09,143.44000244140625,133.517333984375
2021-03-10,143.5399932861328,133.61038208007812
2021-03-11,143.6999969482422,133.75933837890625
2021-03-12,143.39500427246094,133.47543334960938
2021-03-15,143.80999755859375,133.86175537109375
2021-03-16,143.80499267578125,133.85708618164062
2021-03-17,143.44000244140625,133.517333984375
2021-03-18,143.22999572753906,133.32183837890625
2021-03-19,143.5,133.57318115234375
2021-03-22,143.6699981689453,133.7314453125
2021-03-23,143.9550018310547,133.9967041015625
2021-03-24,144.06500244140625,134.09910583496094
2021-03-25,144.35000610351562,134.3643798828125
2021-03-26,144.0399932861328,134.0758056640625
2021-03-29,143.7550048828125,133.81056213378906
2021-03-30,143.3350067138672,133.4196014404297
2021-03-31,143.4600067138672,133.5359344482422
2021-04-01,143.80499267578125,133.85708618164062
2021-04-06,143.7050018310547,133.76402282714844
2021-04-07,143.72500610351562,133.7825927734375
2021-04-08,143.85499572753906,133.90359497070312
2021-04-09,143.4600067138672,133.5359344482422
2021-04-12,143.47000122070312,133.54527282714844
2021-04-13,143.43499755859375,133.51266479492188
2021-04-14,143.14999389648438,133.24737548828125
2021-04-15,143.42999267578125,133.50804138183594
2021-04-16,143.16000366210938,133.25669860839844
2021-04-19,142.8699951171875,132.98675537109375
2021-04-20,143.11000061035156,133.2101593017578
2021-04-21,143.16000366210938,133.25669860839844
2021-04-22,143.05499267578125,133.15895080566406
2021-04-23,143.08999633789062,133.19151306152344
2021-04-26,143.0449981689453,133.149658203125
2021-04-27,143.02499389648438,133.13107299804688
2021-04-28,142.84500122070312,132.9635009765625
2021-04-29,142.51499938964844,132.65628051757812
2021-04-30,142.61000061035156,132.7447509765625
2021-05-03,142.67999267578125,132.80990600585938
2021-05-04,142.96499633789062,133.0751953125
2021-05-05,142.91000366210938,133.0239715576172
2021-05-06,142.9250030517578,133.03797912597656
2021-05-07,142.78500366210938,132.9076385498047
2021-05-10,142.72999572753906,132.85643005371094
2021-05-11,142.25,132.40965270996094
2021-05-12,141.89999389648438,132.0839080810547
2021-05-13,141.81500244140625,132.00474548339844
2021-05-14,141.88999938964844,132.07452392578125
2021-05-17,141.3699951171875,132.02218627929688
2021-05-18,141.3000030517578,131.95680236816406
2021-05-19,141.3699951171875,132.02218627929688
2021-05-20,141.25999450683594,131.91943359375
2021-05-21,141.50999450683594,132.15289306640625
2021-05-25,141.86500549316406,132.48443603515625
2021-05-26,142.19000244140625,132.7879638671875
2021-05-27,141.9149932861328,132.53111267089844
2021-05-28,142.02999877929688,132.6385040283203
2021-05-31,142.02999877929688,132.6385040283203
2021-06-01,141.94500732421875,132.55917358398438
2021-06-02,142.13499450683594,132.73658752441406
2021-06-03,142.0500030517578,132.65719604492188
2021-06-04,142.25999450683594,132.8533477783203
2021-06-07,142.11500549316406,132.7179718017578
2021-06-08,142.3300018310547,132.91871643066406
2021-06-09,142.57000732421875,133.14280700683594
2021-06-10,142.5800018310547,133.15219116210938
2021-06-11,142.77000427246094,133.32960510253906
2021-06-14,142.61000061035156,133.18016052246094
2021-06-15,142.4499969482422,133.03077697753906
2021-06-16,142.59500122070312,133.16615295410156
2021-06-17,142.41000366210938,132.993408203125
2021-06-18,142.4949951171875,133.07281494140625
2021-06-21,142.14999389648438,132.75057983398438
2021-06-22,142.0500030517578,132.65719604492188
2021-06-23,142.1999969482422,132.7973175048828
2021-06-24,142.2100067138672,132.80667114257812
2021-06-25,141.98500061035156,132.59654235839844
2021-06-28,142.2550048828125,132.84864807128906
2021-06-29,142.125,132.72726440429688
2021-06-30,142.42999267578125,133.01206970214844
2021-07-01,142.39999389648438,132.9840850830078
2021-07-02,142.6300048828125,133.19888305664062
2021-07-05,142.41000366210938,132.993408203125
2021-07-06,142.9250030517578,133.474365234375
2021-07-07,143.07000732421875,133.60977172851562
2021-07-08,143.27000427246094,133.7965545654297
2021-07-09,143.1199951171875,133.6564483642578
2021-07-12,143.1699981689453,133.7031707763672
2021-07-13,143.16000366210938,133.69381713867188
2021-07-14,143.25999450683594,133.78721618652344
2021-07-15,143.3800048828125,133.89927673339844
2021-07-16,143.5449981689453,134.0533447265625
2021-07-19,143.80499267578125,134.29615783691406
2021-07-20,144.0850067138672,134.55764770507812
2021-07-21,143.94000244140625,134.42221069335938
2021-07-22,144.13499450683594,134.60430908203125
2021-07-23,144.125,134.59503173828125
2021-07-26,144.13499450683594,134.60430908203125
2021-07-27,144.3800048828125,134.83316040039062
2021-07-28,144.4600067138672,134.9078826904297
2021-07-29,144.4600067138672,134.9078826904297
2021-07-30,144.52000427246094,134.96389770507812
2021-08-02,144.73500061035156,135.16468811035156
2021-08-03,144.71499633789062,135.14596557617188
2021-08-04,144.82000732421875,135.24407958984375
2021-08-05,144.76499938964844,135.19268798828125
2021-08-06,144.39999389648438,134.85183715820312
2021-08-09,144.3800048828125,134.83316040039062
2021-08-10,144.375,134.82846069335938
2021-08-11,144.375,134.82846069335938
2021-08-12,144.41000366210938,134.8611602783203
2021-08-13,144.39999389648438,134.85183715820312
2021-08-16,143.9600067138672,134.8677520751953
2021-08-17,143.97000122070312,134.87710571289062
2021-08-18,144.10000610351562,134.99887084960938
2021-08-19,144.13999938964844,135.03634643554688
2021-08-20,144.19000244140625,135.0832061767578
2021-08-23,144.0800018310547,134.9801483154297
2021-08-24,144.0449981689453,134.94735717773438
2021-08-25,143.5800018310547,134.51174926757812
2021-08-26,143.52000427246094,134.45555114746094
2021-08-27,143.57000732421875,134.5023651123047
2021-08-30,143.71499633789062,134.63819885253906
2021-08-31,143.2449951171875,134.19786071777344
2021-09-01,143.16000366210938,134.11825561523438
2021-09-02,143.25999450683594,134.2119598388672
2021-09-03,143.0500030517578,134.0152130126953
2021-09-06,143.11000061035156,134.07139587402344
2021-09-07,142.625,133.61705017089844
2021-09-08,142.6699981689453,133.65921020507812
2021-09-09,143.0,133.96836853027344
2021-09-10,142.72000122070312,133.7060546875
2021-09-13,142.74000549316406,133.72476196289062
2021-09-14,142.8000030517578,133.781005859375
2021-09-15,142.55999755859375,133.5561065673828
2021-09-16,142.5,133.4999237060547
2021-09-17,142.27999877929688,133.29383850097656
2021-09-20,142.60000610351562,133.59364318847656
2021-09-21,142.6699981689453,133.65921020507812
2021-09-22,142.63499450683594,133.6264190673828
2021-09-23,142.02000427246094,133.05029296875
2021-09-24,141.75999450683594,132.8066864013672
2021-09-27,141.73500061035156,132.7832489013672
2021-09-28,141.52000427246094,132.58184814453125
2021-09-29,141.64999389648438,132.70364379882812
2021-09-30,141.5,132.56309509277344
2021-10-01,141.75999450683594,132.8066864013672
2021-10-04,141.72999572753906,132.77857971191406
2021-10-05,141.4600067138672,132.52561950683594
2021-10-06,141.43499755859375,132.50222778320312
2021-10-07,141.47500610351562,132.5396728515625
2021-10-08,141.13999938964844,132.225830078125
2021-10-11,140.9199981689453,132.0197296142578
2021-10-12,140.6199951171875,131.73867797851562
2021-10-13,140.83999633789062,131.94479370117188
2021-10-14,141.35000610351562,132.42259216308594
2021-10-15,141.2050018310547,132.2867431640625
2021-10-18,140.86000061035156,131.9635467529297
2021-10-19,140.58999633789062,131.7105712890625
2021-10-20,140.75,131.86045837402344
2021-10-21,140.42999267578125,131.56068420410156
2021-10-22,140.36000061035156,131.4950714111328
2021-10-25,140.63999938964844,131.75743103027344
2021-10-26,140.64500427246094,131.76210021972656
2021-10-27,141.02999877929688,132.12278747558594
2021-10-28,140.77999877929688,131.88861083984375
2021-10-29,140.22500610351562,131.36865234375
2021-11-01,140.33999633789062,131.47634887695312
2021-11-02,141.0,132.0946807861328
2021-11-03,141.0449981689453,132.13687133789062
2021-11-04,141.72999572753906,132.77857971191406
2021-11-05,142.16000366210938,133.1814422607422
2021-11-08,141.90499877929688,132.9425048828125
2021-11-09,142.3000030517578,133.3125762939453
2021-11-10,141.8000030517578,132.8441619873047
2021-11-11,141.68499755859375,132.7364044189453
2021-11-12,141.99000549316406,133.02212524414062
2021-11-15,141.34500122070312,132.90478515625
2021-11-16,141.40499877929688,132.96124267578125
2021-11-17,141.36000061035156,132.91891479492188
2021-11-18,141.625,133.1680908203125
2021-11-19,142.18499755859375,133.6946563720703
2021-11-22,141.7949981689453,133.3279571533203
2021-11-23,141.28500366210938,132.84840393066406
2021-11-24,141.25999450683594,132.8248748779297
2021-11-25,141.40499877929688,132.96124267578125
2021-11-26,142.18499755859375,133.6946563720703
2021-11-29,141.97500610351562,133.49722290039062
2021-11-30,142.08999633789062,133.6053466796875
2021-12-01,141.9149932861328,133.4407958984375
2021-12-02,142.24000549316406,133.74636840820312
2021-12-03,142.24000549316406,133.74636840820312
2021-12-06,142.27499389648438,133.77928161621094
2021-12-07,142.14500427246094,133.65704345703125
2021-12-08,141.60000610351562,133.1446075439453
2021-12-09,141.96499633789062,133.48777770996094
2021-12-10,141.88999938964844,133.41725158691406
2021-12-13,142.16000366210938,133.67115783691406
2021-12-14,142.00999450683594,133.53009033203125
2021-12-15,141.98500061035156,133.50662231445312
2021-12-16,141.875,133.40318298339844
2021-12-17,142.1699981689453,133.6805419921875
2021-12-20,142.08999633789062,133.6053466796875
2021-12-21,141.5800018310547,133.1257781982422
2021-12-22,141.4499969482422,133.00355529785156
2021-12-23,141.0800018310547,132.6556396484375
2021-12-27,140.98500061035156,132.5663299560547
2021-12-28,140.92999267578125,132.5146026611328
2021-12-29,140.51499938964844,132.1243896484375
2021-12-30,140.59500122070312,132.19960021972656
2022-01-03,140.02000427246094,131.65895080566406
2022-01-04,139.99000549316406,131.63072204589844
2022-01-05,140.00999450683594,131.64952087402344
2022-01-06,139.8249969482422,131.47557067871094
2022-01-07,139.5449981689453,131.21231079101562
2022-01-10,139.53500366210938,131.20289611816406
2022-01-11,139.4250030517578,131.09947204589844
2022-01-12,139.63499450683594,131.2969207763672
2022-01-13,139.85499572753906,131.50379943847656
2022-01-14,139.52999877929688,131.1981964111328
2022-01-17,139.2949981689453,130.97720336914062
2022-01-18,139.27499389648438,130.9584197998047
2022-01-19,139.21499633789062,130.90200805664062
2022-01-20,139.28500366210938,130.9678192138672
2022-01-21,139.61000061035156,131.2734375
2022-01-24,139.98500061035156,131.62600708007812
2022-01-25,139.8699951171875,131.5178680419922
2022-01-26,139.84500122070312,131.49440002441406
2022-01-27,139.5500030517578,131.21701049804688
2022-01-28,139.41000366210938,131.0853729248047
2022-01-31,138.77999877929688,130.4929962158203
2022-02-01,138.5749969482422,130.30020141601562
2022-02-02,138.4499969482422,130.18267822265625
2022-02-03,137.09500122070312,128.90859985351562
2022-02-04,136.52499389648438,128.37266540527344
2022-02-07,136.33999633789062,128.19866943359375
2022-02-08,135.9199981689453,127.80376434326172
2022-02-09,136.4149932861328,128.26919555664062
2022-02-10,135.65499877929688,127.55460357666016
2022-02-11,135.76499938964844,127.65805053710938
2022-02-14,135.9949951171875,127.87428283691406
2022-02-15,135.19500732421875,127.63480377197266
2022-02-16,135.5449981689453,127.9652099609375
2022-02-17,135.9600067138672,128.35702514648438
2022-02-18,136.35000610351562,128.72520446777344
2022-02-21,136.2949981689453,128.6732940673828
2022-02-22,135.89500427246094,128.29562377929688
2022-02-23,135.97999572753906,128.37591552734375
2022-02-24,136.51499938964844,128.88096618652344
2022-02-25,135.93499755859375,128.33340454101562
2022-02-28,136.8800048828125,129.22557067871094
2022-03-01,139.27999877929688,131.4913330078125
2022-03-02,138.1699981689453,130.4434051513672
2022-03-03,138.22999572753906,130.50009155273438
2022-03-04,139.4550018310547,131.6565704345703
2022-03-07,138.60499572753906,130.8540802001953
2022-03-08,137.40499877929688,129.72117614746094
2022-03-09,136.52499389648438,128.890380859375
2022-03-10,135.63499450683594,128.05018615722656
2022-03-11,135.63999938964844,128.05490112304688
2022-03-14,134.6300048828125,127.10137939453125
2022-03-15,135.17999267578125,127.6206283569336
2022-03-16,134.50999450683594,126.98808288574219
2022-03-17,134.48500061035156,126.9645004272461
2022-03-18,134.74000549316406,127.20521545410156
2022-03-21,133.86500549316406,126.37916564941406
2022-03-22,133.4149932861328,125.95430755615234
2022-03-23,133.66000366210938,126.18560791015625
2022-03-24,133.11500549316406,125.67109680175781
2022-03-25,132.61500549316406,125.19904327392578
2022-03-28,132.36500549316406,124.9630355834961
2022-03-29,131.64999389648438,124.28801727294922
2022-03-30,131.3699951171875,124.02366638183594
2022-03-31,132.5,125.09049987792969
2022-04-01,132.30999755859375,124.91110229492188
2022-04-04,132.75999450683594,125.33596801757812
2022-04-05,131.92999267578125,124.55233764648438
2022-04-06,131.71499633789062,124.34937286376953
2022-04-07,131.4149932861328,124.0661392211914
2022-04-08,130.97999572753906,123.65548706054688
2022-04-11,130.02000427246094,122.7491683959961
2022-04-12,130.35499572753906,123.06544494628906
2022-04-13,130.44000244140625,123.14569854736328
2022-04-14,130.0050048828125,122.7350082397461
2022-04-19,129.4199981689453,122.1827163696289
2022-04-20,129.86000061035156,122.59811401367188
2022-04-21,129.10499572753906,121.88534545898438
2022-04-22,128.77499389648438,121.57376861572266
2022-04-25,130.05499267578125,122.78221893310547
2022-04-26,130.2449951171875,122.96158599853516
2022-04-27,130.3300018310547,123.04182434082031
2022-04-28,129.4949951171875,122.25352478027344
2022-04-29,129.11000061035156,121.89008331298828
2022-05-02,129.0050048828125,121.79095458984375
2022-05-03,128.9949951171875,121.78147888183594
2022-05-04,128.80499267578125,121.60210418701172
2022-05-05,128.2449951171875,121.07341003417969
2022-05-06,127.43499755859375,120.30873107910156
2022-05-09,127.95999908447266,120.80435943603516
2022-05-10,128.6999969482422,121.50298309326172
2022-05-11,128.78500366210938,121.5832290649414
2022-05-12,130.0399932861328,122.7680435180664
2022-05-13,129.36000061035156,122.12606811523438
2022-05-16,129.11000061035156,122.2348403930664
2022-05-17,127.94000244140625,121.12712860107422
2022-05-18,128.11000061035156,121.2880859375
2022-05-19,128.78500366210938,121.9271240234375
2022-05-20,128.875,122.01233673095703
2022-05-23,128.19500732421875,121.3685531616211
2022-05-24,128.8350067138672,121.97445678710938
2022-05-25,128.88999938964844,122.02652740478516
2022-05-26,128.55499267578125,121.70938110351562
2022-05-27,128.84500122070312,121.98393249511719
2022-05-30,127.98500061035156,121.16973114013672
2022-05-31,127.30000305175781,120.52120971679688
2022-06-01,126.83999633789062,120.085693359375
2022-06-02,126.23500061035156,119.51290893554688
2022-06-03,125.97000122070312,119.26203918457031
2022-06-06,125.41500091552734,118.73658752441406
2022-06-07,125.76499938964844,119.06793212890625
2022-06-08,125.20999908447266,118.54251098632812
2022-06-09,124.37000274658203,117.74723052978516
2022-06-10,123.6449966430664,117.0608139038086
2022-06-13,122.38999938964844,115.8726577758789
2022-06-14,121.34500122070312,114.88331604003906
2022-06-15,122.37000274658203,115.85374450683594
2022-06-16,121.86499786376953,115.37561798095703
2022-06-17,122.34500122070312,115.83006286621094
2022-06-20,121.7300033569336,115.24781036376953
2022-06-21,121.50499725341797,115.0347900390625
2022-06-22,122.71499633789062,116.18035888671875
2022-06-23,124.48500061035156,117.8561019897461
2022-06-24,124.56500244140625,117.93184661865234
2022-06-27,123.53500366210938,116.9566879272461
2022-06-28,122.7300033569336,116.19456481933594
2022-06-29,123.91999816894531,117.3211898803711
2022-06-30,125.29499816894531,118.62296295166016
2022-07-01,126.81999969482422,120.06676483154297
2022-07-04,125.7300033569336,119.03480529785156
2022-07-05,127.11000061035156,120.34132385253906
2022-07-06,127.44000244140625,120.65376281738281
2022-07-07,126.5,119.76380920410156
2022-07-08,126.20500183105469,119.4844970703125
2022-07-11,127.15499877929688,120.3839111328125
2022-07-12,128.13499450683594,121.31175231933594
2022-07-13,127.91000366210938,121.0987319946289
2022-07-14,127.57499694824219,120.78155517578125
2022-07-15,127.98500061035156,121.16973114013672
2022-07-18,127.19999694824219,120.42652893066406
2022-07-19,126.46499633789062,119.73067474365234
2022-07-20,126.6449966430664,119.90108489990234
2022-07-21,126.80500030517578,120.05255889892578
2022-07-22,128.8000030517578,121.94133758544922
2022-07-25,128.78500366210938,121.9271240234375
2022-07-26,129.68499755859375,122.7791976928711
2022-07-27,129.4499969482422,122.55670166015625
2022-07-28,130.89999389648438,123.92949676513672
2022-07-29,130.7449951171875,123.78273010253906
2022-08-01,131.32000732421875,124.3271255493164
2022-08-02,131.24000549316406,124.25141143798828
2022-08-03,130.25,123.31412506103516
2022-08-04,130.875,123.90582275390625
2022-08-05,129.39999389648438,122.50935363769531
2022-08-08,129.94000244140625,123.02062225341797
2022-08-09,129.69000244140625,122.783935546875
2022-08-10,130.06500244140625,123.13896942138672
2022-08-11,129.38499450683594,122.49515533447266
2022-08-12,129.0850067138672,122.21117401123047
2022-08-15,129.94500732421875,123.02537536621094
2022-08-16,129.0050048828125,122.40303802490234
2022-08-17,127.87000274658203,121.32612609863281
2022-08-18,127.66000366210938,121.12686157226562
2022-08-19,126.51499938964844,120.04045104980469
2022-08-22,125.87999725341797,119.43795776367188
2022-08-23,125.80500030517578,119.36681365966797
2022-08-24,125.31500244140625,118.90189361572266
2022-08-25,125.75499725341797,119.3193588256836
2022-08-26,125.11499786376953,118.71212005615234
2022-08-29,124.03500366210938,117.68738555908203
2022-08-30,123.9749984741211,117.63043975830078
2022-08-31,123.58499908447266,117.2603988647461
2022-09-01,123.37000274658203,117.05641174316406
2022-09-02,123.8550033569336,117.5166015625
2022-09-05,123.49500274658203,117.17500305175781
2022-09-06,123.05000305175781,116.75277709960938
2022-09-07,123.37000274658203,117.05641174316406
2022-09-08,122.08999633789062,115.84191131591797
2022-09-09,122.2750015258789,116.01746368408203
2022-09-12,122.67500305175781,116.39698028564453
2022-09-13,121.91500091552734,115.6758804321289
2022-09-14,122.03500366210938,115.78974151611328
2022-09-15,121.5,115.28211975097656
2022-09-16,121.44499969482422,115.22991943359375
2022-09-19,121.13500213623047,114.935791015625
2022-09-20,119.93000030517578,113.79244995117188
2022-09-21,120.19499969482422,114.04388427734375
2022-09-22,119.28500366210938,113.18045806884766
2022-09-23,118.95999908447266,112.87210083007812
2022-09-26,118.375,112.31703186035156
2022-09-27,117.16000366210938,111.16421508789062
2022-09-28,118.0999984741211,112.05611419677734
2022-09-29,117.75,111.7240219116211
2022-09-30,118.5250015258789,112.4593734741211
2022-10-03,120.26000213623047,114.1055679321289
2022-10-04,120.5199966430664,114.35226440429688
2022-10-05,119.43000030517578,113.3180160522461
2022-10-06,118.63999938964844,112.56847381591797
2022-10-07,117.83000183105469,111.79993438720703
2022-10-10,116.8550033569336,110.87483978271484
2022-10-11,117.11000061035156,111.11676025390625
2022-10-12,116.83000183105469,110.8510971069336
2022-10-13,117.25499725341797,111.25434875488281
2022-10-14,116.70500183105469,110.73249053955078
2022-10-17,117.38999938964844,111.38245391845703
2022-10-18,117.30500030517578,111.30180358886719
2022-10-19,116.48500061035156,110.52375793457031
2022-10-20,116.38500213623047,110.42886352539062
2022-10-21,116.09500122070312,110.15371704101562
2022-10-24,116.81500244140625,110.83686828613281
2022-10-25,118.2300033569336,112.17945861816406
2022-10-26,118.51000213623047,112.44512939453125
2022-10-27,119.90499877929688,113.76873016357422
2022-10-28,118.72000122070312,112.64437866210938
2022-10-31,118.30500030517578,112.2506332397461
2022-11-01,118.45500183105469,112.39295959472656
2022-11-02,118.36000061035156,112.30279541015625
2022-11-03,117.33499908447266,111.33026885986328
2022-11-04,116.98500061035156,110.99816131591797
2022-11-07,116.75,110.77519226074219
2022-11-08,117.08999633789062,111.09780883789062
2022-11-09,117.87999725341797,111.84737396240234
2022-11-10,119.38999938964844,113.28010559082031
2022-11-11,118.05500030517578,112.01342010498047
2022-11-14,118.05000305175781,112.0086669921875
2022-11-15,118.20999908447266,112.40029907226562
2022-11-16,118.97000122070312,113.12295532226562
2022-11-17,118.7300033569336,112.89476776123047
2022-11-18,118.88500213623047,113.04215240478516
2022-11-21,119.13500213623047,113.27984619140625
2022-11-22,119.11499786376953,113.26082611083984
2022-11-23,119.5250015258789,113.65068817138672
2022-11-24,120.11000061035156,114.20693969726562
2022-11-25,119.03500366210938,113.18478393554688
2022-11-28,118.94000244140625,113.09442901611328
2022-11-29,119.67500305175781,113.79332733154297
2022-11-30,119.44999694824219,113.5793685913086
2022-12-01,120.56999969482422,114.64433288574219
2022-12-02,120.22000122070312,114.3115234375
2022-12-05,119.96499633789062,114.06906127929688
2022-12-06,120.69999694824219,114.76793670654297
2022-12-07,120.90499877929688,114.9628677368164
2022-12-08,120.58000183105469,114.65385437011719
2022-12-09,119.68000030517578,113.7980728149414
2022-12-12,119.51000213623047,113.63643646240234
2022-12-13,119.87999725341797,113.98823547363281
2022-12-14,119.625,113.74578857421875
2022-12-15,118.08499908447266,112.2814712524414
2022-12-16,117.58000183105469,111.8012924194336
2022-12-19,117.30000305175781,111.5350570678711
2022-12-20,116.52999877929688,110.80288696289062
2022-12-21,116.48999786376953,110.76484680175781
2022-12-22,116.1500015258789,110.44156646728516
2022-12-23,115.7750015258789,110.08499908447266
2022-12-27,114.86499786376953,109.21971130371094
2022-12-28,114.97000122070312,109.31954956054688
2022-12-29,115.37999725341797,109.70939636230469
2022-12-30,115.0199966430664,109.3670883178711
2023-01-02,115.53500366210938,109.85678100585938
2023-01-03,116.03500366210938,110.33222961425781
2023-01-04,116.95500183105469,111.20698547363281
2023-01-05,116.6050033569336,110.87419128417969
2023-01-06,117.3949966430664,111.6253662109375
2023-01-09,117.29499816894531,111.53028869628906
2023-01-10,116.63500213623047,110.90271759033203
2023-01-11,117.54499816894531,111.76799774169922
2023-01-12,118.05999755859375,112.25767517089844
2023-01-13,118.15499877929688,112.34801483154297
2023-01-16,118.06500244140625,112.262451171875
2023-01-17,118.8550033569336,113.01363372802734
2023-01-18,119.34500122070312,113.47954559326172
2023-01-19,118.97000122070312,113.12295532226562
2023-01-20,118.08000183105469,112.27671813964844
2023-01-23,117.82499694824219,112.03423309326172
2023-01-24,118.19000244140625,112.38130950927734
2023-01-25,118.16000366210938,112.352783203125
2023-01-26,117.81500244140625,112.02473449707031
2023-01-27,117.625,111.84406280517578
2023-01-30,116.88999938964844,111.14519500732422
2023-01-31,117.26499938964844,111.50177764892578
2023-02-01,117.19000244140625,111.4304428100586
2023-02-02,119.15499877929688,113.29887390136719
2023-02-03,118.06999969482422,112.26719665527344
2023-02-06,117.28500366210938,111.52078247070312
2023-02-07,117.06500244140625,111.31159210205078
2023-02-08,116.67500305175781,110.9407730102539
2023-02-09,117.08000183105469,111.32584381103516
2023-02-10,116.58999633789062,110.85992431640625
2023-02-13,116.44000244140625,110.7173080444336
2023-02-14,115.84500122070312,110.15155792236328
2023-02-15,115.36499786376953,109.9248275756836
2023-02-16,115.3550033569336,109.91529846191406
2023-02-17,115.5250015258789,110.0772705078125
2023-02-20,115.44499969482422,110.00105285644531
2023-02-21,114.87000274658203,109.45316314697266
2023-02-22,115.08499908447266,109.65802764892578
2023-02-23,115.4000015258789,109.95818328857422
2023-02-24,114.8499984741211,109.43411254882812
2023-02-27,114.4749984741211,109.0767822265625
2023-02-28,113.93499755859375,108.562255859375
2023-03-01,113.37000274658203,108.02389526367188
2023-03-02,113.1050033569336,107.7713851928711
2023-03-03,113.2300033569336,107.8905258178711
2023-03-06,113.06999969482422,107.73804473876953
2023-03-07,113.375,108.0286636352539
2023-03-08,113.6050033569336,108.2478256225586
2023-03-09,113.83000183105469,108.46220397949219
2023-03-10,114.94000244140625,109.51986694335938
2023-03-13,117.0199966430664,111.50177764892578
2023-03-14,115.63999938964844,110.18685150146484
2023-03-15,118.6050033569336,113.01204681396484
2023-03-16,117.54499816894531,112.00202178955078
2023-03-17,118.79499816894531,113.19307708740234
2023-03-20,118.87999725341797,113.27406311035156
2023-03-21,117.31999969482422,111.78763580322266
2023-03-22,116.81500244140625,111.30644989013672
2023-03-23,118.17500305175781,112.6023178100586
2023-03-24,118.8550033569336,113.25025939941406
2023-03-27,117.8550033569336,112.29740905761719
2023-03-28,117.44499969482422,111.90673065185547
2023-03-29,117.19000244140625,111.66376495361328
2023-03-30,116.625,111.12541198730469
2023-03-31,117.23500061035156,111.7066421508789
2023-04-03,117.75499725341797,112.20211791992188
2023-04-04,117.68499755859375,112.13541412353516
2023-04-05,118.33499908447266,112.75476837158203
2023-04-06,118.38500213623047,112.80241394042969
2023-04-11,117.375,111.84001922607422
2023-04-12,116.7300033569336,111.22545623779297
2023-04-13,116.72000122070312,111.21593475341797
2023-04-14,116.18499755859375,110.7061538696289
2023-04-17,115.88500213623047,110.42030334472656
2023-04-18,115.8499984741211,110.38694763183594
2023-04-19,115.50499725341797,110.05821990966797
2023-04-20,116.05999755859375,110.58705139160156
2023-04-21,115.76499938964844,110.30595397949219
2023-04-24,115.73500061035156,110.27737426757812
2023-04-25,116.75,111.24451446533203
2023-04-26,116.7249984741211,111.22069549560547
2023-04-27,116.15499877929688,110.67755889892578
2023-04-28,117.32499694824219,111.79238891601562
2023-05-02,117.95999908447266,112.39745330810547
2023-05-03,117.91000366210938,112.34981536865234
2023-05-04,118.66500091552734,113.06922149658203
2023-05-05,117.76499938964844,112.2116470336914
2023-05-08,117.5,111.95914459228516
2023-05-09,117.36000061035156,111.82575988769531
2023-05-10,117.7750015258789,112.22118377685547
2023-05-11,118.37999725341797,112.79765319824219
2023-05-12,118.00499725341797,112.44033813476562
2023-05-15,117.54000091552734,112.21919250488281
2023-05-16,117.05500030517578,111.75614166259766
2023-05-17,117.06999969482422,111.77045440673828
2023-05-18,116.25,110.98759460449219
2023-05-19,116.5250015258789,111.25013732910156
2023-05-22,116.18000030517578,110.92073822021484
2023-05-23,116.05500030517578,110.80142974853516
2023-05-24,116.19499969482422,110.93507385253906
2023-05-25,115.76499938964844,110.5245361328125
2023-05-26,115.43499755859375,110.20948028564453
2023-05-29,116.29000091552734,111.02577209472656
2023-05-30,117.07499694824219,111.7752456665039
2023-05-31,117.66000366210938,112.3337631225586
2023-06-01,118.0,112.65837097167969
2023-06-02,117.375,112.0616455078125
2023-06-05,116.8499984741211,111.5604248046875
2023-06-06,116.97000122070312,111.67498779296875
2023-06-07,116.2300033569336,110.9684829711914
2023-06-08,116.46499633789062,111.1928482055664
2023-06-09,116.80000305175781,111.5126724243164
2023-06-12,116.81999969482422,111.53177642822266
2023-06-13,116.33000183105469,111.06397247314453
2023-06-14,116.21499633789062,110.95416259765625
2023-06-15,115.63500213623047,110.40042114257812
2023-06-16,115.91999816894531,110.67252349853516
2023-06-19,115.46499633789062,110.23811340332031
2023-06-20,116.33999633789062,111.07349395751953
2023-06-21,116.13999938964844,110.88255310058594
2023-06-22,115.62000274658203,110.38610076904297
2023-06-23,116.76000213623047,111.47449493408203
2023-06-26,117.09500122070312,111.79432678222656
2023-06-27,116.65499877929688,111.37425231933594
2023-06-28,117.06999969482422,111.77045440673828
2023-06-29,116.26000213623047,110.99711608886719
2023-06-30,116.4749984741211,111.20240783691406
2023-07-03,116.1050033569336,110.84913635253906
2023-07-04,115.9749984741211,110.72502136230469
2023-07-05,115.8499984741211,110.60568237304688
2023-07-06,114.5250015258789,109.34066772460938
2023-07-07,114.72000122070312,109.52684783935547
2023-07-10,114.52999877929688,109.34544372558594
2023-07-11,114.53500366210938,109.35021209716797
2023-07-12,115.3499984741211,110.12833404541016
2023-07-13,116.13500213623047,110.87779998779297
2023-07-14,115.91000366210938,110.66297912597656
2023-07-17,116.12000274658203,110.86345672607422
2023-07-18,116.93000030517578,111.63681030273438
2023-07-19,116.52999877929688,111.25489807128906
2023-07-20,116.18499755859375,110.92552185058594
2023-07-21,116.43000030517578,111.159423828125
2023-07-24,116.75499725341797,111.46971893310547
2023-07-25,116.70999908447266,111.42676544189453
2023-07-26,116.15499877929688,110.8968734741211
2023-07-27,116.43000030517578,111.159423828125
2023-07-28,116.30500030517578,111.04009246826172
2023-07-31,116.33499908447266,111.06873321533203
2023-08-01,115.79000091552734,110.54840087890625
2023-08-02,115.97000122070312,110.72026824951172
2023-08-03,115.68499755859375,110.44815063476562
2023-08-04,115.83000183105469,110.58658599853516
2023-08-07,115.71499633789062,110.47679901123047
2023-08-08,116.59500122070312,111.31697082519531
2023-08-09,116.3949966430664,111.12601470947266
2023-08-10,116.15499877929688,110.8968734741211
2023-08-11,115.44000244140625,110.21424865722656
2023-08-14,115.28500366210938,110.06626892089844
2023-08-15,114.98500061035156,109.77984619140625
2023-08-16,114.86499786376953,109.92322540283203
2023-08-17,114.55000305175781,109.62178039550781
2023-08-18,115.12000274658203,110.1672592163086
2023-08-21,114.5,109.57392120361328
2023-08-22,114.94999694824219,110.00455474853516
2023-08-23,116.01000213623047,111.01895904541016
2023-08-24,116.08000183105469,111.08595275878906
2023-08-25,115.82499694824219,110.84190368652344
2023-08-28,115.6500015258789,110.6744384765625
2023-08-29,116.16999816894531,111.17206573486328
2023-08-30,115.93499755859375,110.94718933105469
2023-08-31,116.48500061035156,111.47351837158203
2023-09-01,115.95500183105469,110.9663314819336
2023-09-04,115.73999786376953,110.76056671142578
2023-09-05,115.45999908447266,110.49261474609375
2023-09-06,114.98500061035156,110.0380630493164
2023-09-07,115.37000274658203,110.40648651123047
2023-09-08,115.45500183105469,110.48783111572266
2023-09-11,115.23999786376953,110.28207397460938
2023-09-12,115.1500015258789,110.19595336914062
2023-09-13,115.04000091552734,110.09069061279297
2023-09-14,115.51499938964844,110.54524230957031
2023-09-15,115.00499725341797,110.05718231201172
2023-09-18,114.58000183105469,109.65047454833984
2023-09-19,114.29000091552734,109.37296295166016
2023-09-20,114.6449966430664,109.71268463134766
2023-09-21,114.41500091552734,109.49259185791016
2023-09-22,114.50499725341797,109.57870483398438
2023-09-25,114.16999816894531,109.25810241699219
2023-09-26,114.19999694824219,109.28681182861328
2023-09-27,113.83499908447266,108.93753051757812
2023-09-28,112.91999816894531,108.06189727783203
2023-09-29,113.8949966430664,108.99494934082031
2023-10-02,113.37000274658203,108.4925308227539
2023-10-03,113.06999969482422,108.20543670654297
2023-10-04,113.2300033569336,108.35855865478516
2023-10-05,113.70500183105469,108.81311798095703
2023-10-06,113.7300033569336,108.8370590209961
2023-10-09,114.7249984741211,109.78923034667969
2023-10-10,114.58499908447266,109.65526580810547
2023-10-11,115.0,110.05240631103516
2023-10-12,114.44999694824219,109.52606201171875
2023-10-13,114.8949966430664,109.95191955566406
2023-10-16,114.51000213623047,109.58348846435547
2023-10-17,113.7750015258789,108.88011932373047
2023-10-18,113.51499938964844,108.63128662109375
2023-10-19,113.45999908447266,108.57865905761719
2023-10-20,113.83000183105469,108.9327392578125
2023-10-23,114.01000213623047,109.10499572753906
2023-10-24,114.26499938964844,109.34903717041016
2023-10-25,113.9000015258789,108.99974822998047
2023-10-26,114.21499633789062,109.30117797851562
2023-10-27,114.45500183105469,109.5308609008789
2023-10-30,114.5199966430664,109.59307098388672
2023-10-31,114.69999694824219,109.76531982421875
2023-11-01,115.08000183105469,110.12895965576172
2023-11-02,115.42500305175781,110.45911407470703
2023-11-03,115.94499969482422,110.95674133300781
2023-11-06,115.21499633789062,110.25814819335938
2023-11-07,115.69999694824219,110.72228240966797
2023-11-08,115.98999786376953,110.99982452392578
2023-11-09,115.77999877929688,110.79884338378906
2023-11-10,115.27999877929688,110.32036590576172
2023-11-13,115.22000122070312,110.26294708251953
2023-11-14,116.16000366210938,111.16251373291016
2023-11-15,115.54499816894531,110.88289642333984
2023-11-16,116.04000091552734,111.3579330444336
2023-11-17,115.96499633789062,111.28595733642578
2023-11-20,115.7249984741211,111.05562591552734
2023-11-21,116.25499725341797,111.56424713134766
2023-11-22,116.18000030517578,111.49225616455078
2023-11-23,115.69000244140625,111.02205657958984
2023-11-24,115.54499816894531,110.88289642333984
2023-11-27,116.25,111.5594482421875
2023-11-28,116.84500122070312,112.13043975830078
2023-11-29,117.45999908447266,112.72064208984375
2023-11-30,117.24500274658203,112.5143051147461
2023-12-01,118.08000183105469,113.31561279296875
2023-12-04,118.08000183105469,113.31561279296875
2023-12-05,118.08000183105469,113.31561279296875
2023-12-06,118.08000183105469,113.31561279296875
2023-12-07,119.43499755859375,114.61593627929688
2023-12-08,118.625,113.83863067626953
2023-12-11,118.65499877929688,113.8674087524414
2023-12-12,118.95500183105469,114.15531158447266
2023-12-13,119.37999725341797,114.56317901611328
2023-12-14,120.0199966430664,115.17733764648438
2023-12-15,120.7249984741211,115.85388946533203
2023-12-18,120.21499633789062,115.36446380615234
2023-12-19,120.79499816894531,115.92105865478516
2023-12-20,121.11000061035156,116.22335815429688
2023-12-21,121.37999725341797,116.48247528076172
2023-12-22,121.25,116.35771179199219
2023-12-27,121.88500213623047,116.96708679199219
2023-12-28,121.62999725341797,116.72237396240234
2023-12-29,121.09500122070312,116.20896911621094
2024-01-02,120.50499725341797,115.64276885986328
2024-01-03,120.98500061035156,116.1033935546875
2024-01-04,120.31500244140625,115.46044158935547
2024-01-05,119.9749984741211,115.13414764404297
2024-01-08,120.11499786376953,115.26849365234375
2024-01-09,119.58499908447266,114.75988006591797
2024-01-10,119.3550033569336,114.53917694091797
2024-01-11,119.43000030517578,114.61113739013672
2024-01-12,120.07499694824219,115.23013305664062
2024-01-15,119.44000244140625,114.62073516845703
2024-01-16,119.48500061035156,114.66392517089844
2024-01-17,118.81999969482422,114.0257568359375
2024-01-18,118.61000061035156,113.82421875
2024-01-19,118.59500122070312,113.8098373413086
2024-01-22,118.95500183105469,114.15531158447266
2024-01-23,118.54000091552734,113.75704956054688
2024-01-24,118.5999984741211,113.81462097167969
2024-01-25,119.11000061035156,114.30404663085938
2024-01-26,119.07499694824219,114.27046203613281
2024-01-29,119.59500122070312,114.76947784423828
2024-01-30,119.30999755859375,114.49597930908203
2024-01-31,120.20500183105469,115.35486602783203
2024-02-01,120.44000244140625,115.58039855957031
2024-02-02,119.54000091552734,114.71670532226562
2024-02-05,118.83999633789062,114.04493713378906
2024-02-06,118.99500274658203,114.1937026977539
2024-02-07,118.90499877929688,114.10733032226562
2024-02-08,118.5199966430664,113.73785400390625
2024-02-09,118.25499725341797,113.4835433959961
2024-02-12,118.42500305175781,113.64669036865234
2024-02-13,118.1500015258789,113.3827896118164
2024-02-14,118.53500366210938,113.75225830078125
2024-02-15,118.01000213623047,113.5977783203125
2024-02-16,117.62999725341797,113.23198699951172
2024-02-19,117.57499694824219,113.17903137207031
2024-02-20,117.8949966430664,113.487060546875
2024-02-21,117.31999969482422,112.9335708618164
2024-02-22,117.3949966430664,113.00576782226562
2024-02-23,117.94499969482422,113.53519439697266
2024-02-26,117.375,112.98650360107422
2024-02-27,117.19499969482422,112.81322479248047
2024-02-28,117.19999694824219,112.81806182861328
2024-02-29,117.63999938964844,113.24159240722656
2024-03-01,117.56500244140625,113.16940307617188
2024-03-04,117.68000030517578,113.28009796142578
2024-03-05,118.30999755859375,113.88655090332031
2024-03-06,118.26000213623047,113.83842468261719
2024-03-07,118.47000122070312,114.04058074951172
2024-03-08,118.875,114.430419921875
2024-03-11,118.54000091552734,114.10794830322266
2024-03-12,118.29499816894531,113.87212371826172
2024-03-13,118.01499938964844,113.60257720947266
2024-03-14,117.56500244140625,113.16940307617188
2024-03-15,117.42500305175781,113.0346450805664
2024-03-18,117.26000213623047,112.87580871582031
2024-03-19,117.34500122070312,112.95763397216797
2024-03-20,117.48500061035156,113.09241485595703
2024-03-21,117.80500030517578,113.40042877197266
2024-03-22,118.44999694824219,114.02130889892578
2024-03-25,118.00499725341797,113.59295654296875
2024-03-26,118.25,113.82878875732422
2024-03-27,118.73999786376953,114.30047607421875
2024-03-28,118.66000366210938,114.22347259521484
2024-04-02,117.92500305175781,113.51595306396484
2024-04-03,118.0,113.5881576538086
2024-04-04,118.26499938964844,113.84323120117188
2024-04-05,117.98999786376953,113.57852172851562
2024-04-08,117.65499877929688,113.25604248046875
2024-04-09,118.17500305175781,113.756591796875
2024-04-10,117.70999908447266,113.3089828491211
2024-04-11,117.34500122070312,112.95763397216797
2024-04-12,118.31999969482422,113.89617919921875
2024-04-15,117.66500091552734,113.26566314697266
2024-04-16,117.31999969482422,112.9335708618164
2024-04-17,117.43000030517578,113.0394515991211
2024-04-18,117.26000213623047,112.87580871582031
2024-04-19,117.19000244140625,112.80843353271484
2024-04-22,117.2750015258789,112.89025115966797
2024-04-23,117.16999816894531,112.78916931152344
2024-04-24,116.55000305175781,112.19236755371094
2024-04-25,116.24500274658203,111.89877319335938
2024-04-26,116.62000274658203,112.2597427368164
2024-04-29,117.0250015258789,112.64960479736328
2024-04-30,116.54499816894531,112.18754577636719
2024-05-02,116.8550033569336,112.4859619140625
2024-05-03,117.2699966430664,112.88542938232422
2024-05-06,117.53500366210938,113.14053344726562
2024-05-07,117.91500091552734,113.5063247680664
2024-05-08,117.6050033569336,113.20791625976562
2024-05-09,117.30999755859375,112.9239273071289
2024-05-10,117.18499755859375,112.8036117553711
2024-05-13,117.24500274658203,112.86137390136719
2024-05-14,116.94999694824219,112.577392578125
2024-05-15,117.54000091552734,113.5562515258789
2024-05-16,117.2249984741211,113.25192260742188
2024-05-17,116.80999755859375,112.85098266601562
2024-05-20,116.66000366210938,112.70606994628906
2024-05-21,116.88999938964844,112.92827606201172
2024-05-22,116.63500213623047,112.6819076538086
2024-05-23,116.12999725341797,112.19403076171875
2024-05-24,116.2300033569336,112.29064178466797
2024-05-27,116.56500244140625,112.61429595947266
2024-05-28,116.24500274658203,112.3051528930664
2024-05-29,115.51499938964844,111.5998764038086
2024-05-30,115.79499816894531,111.87039184570312
2024-05-31,115.72000122070312,111.79792785644531
2024-06-03,116.37000274658203,112.42588806152344
2024-06-04,116.70500183105469,112.74954223632812
2024-06-05,116.9000015258789,112.93794250488281
2024-06-06,116.65499877929688,112.70124053955078
2024-06-07,116.06500244140625,112.13124084472656
2024-06-10,115.5999984741211,111.6819839477539
2024-06-11,116.05999755859375,112.12639617919922
2024-06-12,116.81500244140625,112.85581970214844
2024-06-13,117.33000183105469,113.3533706665039
2024-06-14,118.44999694824219,114.43539428710938
2024-06-17,117.9749984741211,113.97649383544922
2024-06-18,118.08999633789062,114.08760070800781
2024-06-19,118.07499694824219,114.07310485839844
2024-06-20,117.91000366210938,113.91370391845703
2024-06-21,118.08499908447266,114.08277130126953
2024-06-24,117.94499969482422,113.94752502441406
2024-06-25,118.01499938964844,114.01513671875
2024-06-26,117.7249984741211,113.73497009277344
2024-06-27,117.77999877929688,113.7881088256836
2024-06-28,117.52999877929688,113.54659271240234
2024-07-01,116.58499908447266,112.63361358642578
2024-07-02,116.53500366210938,112.58531188964844
2024-07-03,116.91000366210938,112.94759368896484
2024-07-04,116.69499969482422,112.7398910522461
2024-07-05,117.1500015258789,113.17945861816406
2024-07-08,117.24500274658203,113.271240234375
2024-07-09,116.94000244140625,112.9765853881836
2024-07-10,117.31999969482422,113.34369659423828
2024-07-11,117.8949966430664,113.89920806884766
2024-07-12,117.71499633789062,113.72529602050781
2024-07-15,117.94999694824219,113.95235443115234
2024-07-16,118.24500274658203,114.23735046386719
2024-07-17,118.31999969482422,114.30982208251953
2024-07-18,118.47000122070312,114.4547348022461
2024-07-19,118.05999755859375,114.05862426757812
2024-07-22,117.80999755859375,113.81708526611328
2024-07-23,118.2699966430664,114.26151275634766
2024-07-24,118.2699966430664,114.26151275634766
2024-07-25,118.59500122070312,114.57548522949219
2024-07-26,118.7300033569336,114.70591735839844
2024-07-29,118.98999786376953,114.95709991455078
2024-07-30,119.19999694824219,115.15997314453125
2024-07-31,119.52999877929688,115.47881317138672
2024-08-01,120.08499908447266,116.0149917602539
2024-08-02,120.78500366210938,116.6912612915039
2024-08-05,120.53500366210938,116.44973754882812
2024-08-06,120.48999786376953,116.40625
2024-08-07,119.90499877929688,115.8410873413086
2024-08-08,120.04499816894531,115.9763412475586
2024-08-09,120.34500122070312,116.26618194580078
2024-08-12,120.30500030517578,116.22753143310547
2024-08-13,120.69999694824219,116.60913848876953
2024-08-14,120.71499633789062,116.62362670898438
2024-08-15,119.99500274658203,115.92803955078125
2024-08-16,119.5,115.89945220947266
2024-08-19,119.57499694824219,115.97220611572266
2024-08-20,119.93499755859375,116.32135772705078
2024-08-21,120.00499725341797,116.38923645019531
2024-08-22,119.76000213623047,116.1516342163086
2024-08-23,119.88500213623047,116.27285766601562
2024-08-26,119.71499633789062,116.10797882080078
2024-08-27,119.49500274658203,115.89460754394531
2024-08-28,119.61000061035156,116.00614929199219
2024-08-29,119.58499908447266,115.98190307617188
2024-08-30,119.43499755859375,115.83642578125
2024-09-02,119.08499908447266,115.4969711303711
2024-09-03,119.62000274658203,116.01585388183594
2024-09-04,120.1449966430664,116.52501678466797
2024-09-05,120.0999984741211,116.48137664794922
2024-09-06,120.56500244140625,116.932373046875
2024-09-09,120.51000213623047,116.8790283203125
2024-09-10,120.8499984741211,117.20879364013672
2024-09-11,121.30500030517578,117.65007019042969
2024-09-12,120.79499816894531,117.15543365478516
2024-09-13,120.86499786376953,117.22332763671875
2024-09-16,121.11000061035156,117.46095275878906
2024-09-17,120.86499786376953,117.22332763671875
2024-09-18,120.38999938964844,116.76263427734375
2024-09-19,120.55500030517578,116.92268371582031
2024-09-20,120.32499694824219,116.69959259033203
2024-09-23,120.65499877929688,117.01966094970703
2024-09-24,121.16000366210938,117.50944519042969
2024-09-25,120.78500366210938,117.145751953125
2024-09-26,120.93000030517578,117.28638458251953
2024-09-27,121.16500091552734,117.51429748535156
2024-09-30,121.1050033569336,117.45611572265625
2024-10-01,121.9749984741211,118.29988861083984
2024-10-02,121.55000305175781,117.88770294189453
2024-10-03,121.1449966430664,117.4948959350586
2024-10-04,120.54000091552734,116.90811157226562
2024-10-07,120.16999816894531,116.54927825927734
2024-10-08,120.18000030517578,116.55896759033203
2024-10-09,120.08999633789062,116.47167205810547
2024-10-10,120.07499694824219,116.4571304321289
2024-10-11,120.01000213623047,116.39409637451172
2024-10-14,119.98500061035156,116.36984252929688
2024-10-15,120.3949966430664,116.76748657226562
2024-10-16,120.83499908447266,117.19422912597656
2024-10-17,120.70500183105469,117.06816864013672
2024-10-18,120.94499969482422,117.30091857910156
2024-10-21,120.11499786376953,116.49592590332031
2024-10-22,119.81999969482422,116.2098159790039
2024-10-23,119.76000213623047,116.1516342163086
2024-10-24,120.3550033569336,116.72870635986328
2024-10-25,120.05999755859375,116.44258117675781
2024-10-28,120.13999938964844,116.52017211914062
2024-10-29,119.69000244140625,116.08373260498047
2024-10-30,119.30000305175781,115.70549774169922
2024-10-31,118.91999816894531,115.33692169189453
2024-11-01,118.91000366210938,115.3272476196289
2024-11-04,119.13999938964844,115.55030822753906
2024-11-05,118.87000274658203,115.2884521484375
2024-11-06,119.22000122070312,115.62789916992188
2024-11-07,118.87000274658203,115.2884521484375
2024-11-08,119.44499969482422,115.84612274169922
2024-11-11,119.80999755859375,116.20011901855469
2024-11-12,119.6500015258789,116.04493713378906
2024-11-13,119.4000015258789,115.80248260498047
2024-11-14,119.66999816894531,116.0643310546875
2024-11-15,119.16999816894531,116.03299713134766
2024-11-18,119.01000213623047,115.8772201538086
2024-11-19,119.26499938964844,116.12548828125
2024-11-20,119.16999816894531,116.03299713134766
2024-11-21,119.48500061035156,116.33971405029297
2024-11-22,119.94000244140625,116.78273010253906
2024-11-25,120.42500305175781,117.25497436523438
2024-11-26,120.4800033569336,117.30852508544922
2024-11-27,120.66999816894531,117.49351501464844
2024-11-28,121.0,117.8148193359375
2024-11-29,121.33499908447266,118.14102172851562
2024-12-02,121.79000091552734,118.58403778076172
2024-12-03,121.62000274658203,118.41851043701172
2024-12-04,121.74500274658203,118.54022216796875
2024-12-05,121.09500122070312,117.90733337402344
2024-12-06,121.2699966430664,118.07771301269531
2024-12-09,121.09500122070312,117.90733337402344
2024-12-10,121.1449966430664,117.95600891113281
2024-12-11,121.03500366210938,117.84891510009766
2024-12-12,120.53500366210938,117.36207580566406
2024-12-13,120.05999755859375,116.89956665039062
2024-12-16,120.26499938964844,117.09917449951172
2024-12-17,120.33499908447266,117.16732788085938
2024-12-18,120.11499786376953,116.953125
2024-12-19,119.69499969482422,116.544189453125
2024-12-20,119.9749984741211,116.81681060791016
2024-12-23,119.52999877929688,116.38352966308594
2024-12-27,119.125,115.98918914794922
2024-12-30,119.30500030517578,116.16444396972656
2025-01-02,119.38500213623047,116.24234008789062
2025-01-03,118.81999969482422,115.69221496582031
2025-01-06,118.71499633789062,115.58997344970703
2025-01-07,118.52999877929688,115.40985107421875
2025-01-08,118.24500274658203,115.1323471069336
2025-01-09,118.1449966430664,115.03498840332031
2025-01-10,117.78500366210938,114.6844711303711
2025-01-13,117.55999755859375,114.46537780761719
2025-01-14,117.29000091552734,114.2024917602539
2025-01-15,118.06999969482422,114.96196746826172
2025-01-16,118.20999908447266,115.09827423095703
2025-01-17,118.29499816894531,115.1810302734375
2025-01-20,118.38999938964844,115.27354431152344
2025-01-21,118.5199966430664,115.40010070800781
2025-01-22,118.23999786376953,115.12747955322266
2025-01-23,118.13999938964844,115.03011322021484
2025-01-24,117.98999786376953,114.88406372070312
2025-01-27,118.22000122070312,115.1080093383789
2025-01-28,118.12000274658203,115.0106430053711
2025-01-29,118.05500030517578,114.94734954833984
2025-01-30,118.43499755859375,115.31734466552734
2025-01-31,119.01499938964844,115.88208770751953
2025-02-03,119.55000305175781,116.40299987792969
2025-02-04,119.63500213623047,116.48576354980469
2025-02-05,119.7300033569336,116.57826232910156
2025-02-06,119.66999816894531,116.51982879638672
2025-02-07,119.61499786376953,116.4662857055664
2025-02-10,119.88500213623047,116.72917938232422
2025-02-11,119.33000183105469,116.18878936767578
2025-02-12,118.83499908447266,115.70682525634766
2025-02-13,119.41000366210938,116.26669311523438
2025-02-14,119.25499725341797,116.11576080322266
2025-02-17,118.44999694824219,115.80400085449219
2025-02-18,118.2750015258789,115.63291931152344
2025-02-19,117.91999816894531,115.28585052490234
2025-02-20,118.07499694824219,115.4373779296875
2025-02-21,118.49500274658203,115.84800720214844
2025-02-24,118.56500244140625,115.91644287109375
2025-02-25,118.81999969482422,116.1657485961914
2025-02-26,118.8499984741211,116.19507598876953
2025-02-27,119.1449966430664,116.48348236083984
2025-02-28,119.2750015258789,116.61058044433594
2025-03-03,118.62000274658203,115.97021484375
2025-03-04,118.65499877929688,116.00442504882812
2025-03-05,116.19000244140625,113.59449768066406
2025-03-06,115.42500305175781,112.84659576416016
2025-03-07,115.91999816894531,113.33052062988281
2025-03-10,115.88999938964844,113.30119323730469
2025-03-11,115.43000030517578,112.85147094726562
2025-03-12,115.57499694824219,112.99322509765625
2025-03-13,115.76000213623047,113.1740951538086
2025-03-14,115.59500122070312,113.01278686523438
2025-03-17,116.15499877929688,113.56027221679688
2025-03-18,116.09500122070312,113.50161743164062
2025-03-19,116.3550033569336,113.75581359863281
2025-03-20,116.36000061035156,113.76069641113281
2025-03-21,116.65499877929688,114.04910278320312
2025-03-24,116.56500244140625,113.96112060546875
2025-03-25,116.34500122070312,113.74603271484375
2025-03-26,116.46499633789062,113.86334228515625
2025-03-27,116.58000183105469,113.97578430175781
2025-03-28,117.02999877929688,114.41573333740234
2025-03-31,116.99500274658203,114.38150787353516
2025-04-01,117.3499984741211,114.72856903076172
2025-04-02,117.08000183105469,114.46461486816406
2025-04-03,117.80000305175781,115.16853332519531
2025-04-04,118.57499694824219,115.92620849609375
2025-04-07,118.16500091552734,115.52537536621094
2025-04-08,118.0199966430664,115.38359832763672
2025-04-09,118.5199966430664,115.8724365234375
2025-04-10,118.45999908447266,115.81378936767578
2025-04-11,118.86000061035156,116.20484161376953
2025-04-14,118.93000030517578,116.27328491210938
2025-04-15,118.90499877929688,116.24884033203125
2025-04-16,119.23500061035156,116.57147216796875
2025-04-17,119.46499633789062,116.79632568359375
2025-04-22,119.75,117.07496643066406
2025-04-23,119.25499725341797,116.59101867675781
2025-04-24,119.70500183105469,117.03096771240234
2025-04-25,119.52999877929688,116.85987854003906
2025-04-28,119.21499633789062,116.55191802978516
2025-04-29,119.33499908447266,116.66923522949219
2025-04-30,119.75,117.07496643066406
2025-05-02,119.05999755859375,116.40038299560547
2025-05-05,119.15499877929688,116.49325561523438
2025-05-06,119.05999755859375,116.40038299560547
2025-05-07,119.51499938964844,116.84521484375
2025-05-08,119.15499877929688,116.49325561523438
2025-05-09,118.88500213623047,116.22929382324219
2025-05-12,118.07499694824219,115.4373779296875
2025-05-13,117.86499786376953,115.2320785522461
2025-05-14,117.70999908447266,115.0805435180664
2025-05-15,117.87999725341797,115.72200012207031
2025-05-16,118.07499694824219,115.9134292602539
2025-05-19,118.19999694824219,116.03614044189453
2025-05-20,118.18499755859375,116.02140808105469
2025-05-21,117.79499816894531,115.6385498046875
2025-05-22,117.98500061035156,115.82508087158203
2025-05-23,118.41999816894531,116.25211334228516
2025-05-26,118.45999908447266,116.29138946533203
2025-05-27,118.63999938964844,116.46807861328125
2025-05-28,118.52999877929688,116.36009979248047
2025-05-29,118.93499755859375,116.7576904296875
2025-05-30,118.88999938964844,116.71350860595703
2025-06-02,118.75499725341797,116.58097839355469
2025-06-03,118.9800033569336,116.8018569946289
2025-06-04,118.87000274658203,116.69387817382812
2025-06-05,118.27999877929688,116.11467742919922
2025-06-06,118.38500213623047,116.2177505493164
2025-06-09,118.3949966430664,116.22756958007812
2025-06-10,118.74500274658203,116.5711669921875
2025-06-11,118.63999938964844,116.46807861328125
2025-06-12,119.13500213623047,116.95402526855469
2025-06-13,118.69499969482422,116.52207946777344
2025-06-16,118.83499908447266,116.65950775146484
2025-06-17,118.72000122070312,116.54661560058594
2025-06-18,119.03500366210938,116.85585021972656
2025-06-19,118.91999816894531,116.74295043945312
2025-06-20,118.87999725341797,116.70368957519531
2025-06-23,119.01000213623047,116.8313217163086
2025-06-24,118.83000183105469,116.65460205078125
2025-06-25,118.55999755859375,116.38954162597656
2025-06-26,118.67500305175781,116.50244903564453
2025-06-27,118.34500122070312,116.1784896850586
2025-06-30,118.29000091552734,116.1244888305664
2025-07-01,118.68000030517578,116.50735473632812
2025-07-02,118.30999755859375,116.14411926269531
2025-07-03,118.51499938964844,116.34536743164062
2025-07-04,118.68000030517578,116.50735473632812
2025-07-07,118.4749984741211,116.30610656738281
2025-07-08,118.16999816894531,116.00668334960938
2025-07-09,118.15499877929688,115.99195861816406
2025-07-10,118.01499938964844,115.85452270507812
2025-07-11,117.80500030517578,115.64837646484375
2025-07-14,117.74500274658203,115.58946990966797
2025-07-15,117.91999816894531,115.76126098632812
2025-07-16,118.1500015258789,115.987060546875
2025-07-17,118.27999877929688,116.11467742919922
2025-07-18,118.0999984741211,115.93795776367188
2025-07-21,118.83999633789062,116.66441345214844
2025-07-22,118.94499969482422,116.76750183105469
2025-07-23,118.8949966430664,116.71841430664062
2025-07-24,118.07499694824219,115.9134292602539
2025-07-25,117.88999938964844,115.7318115234375
2025-07-28,118.20500183105469,116.04105377197266
2025-07-29,118.13500213623047,115.97233581542969
2025-07-30,118.00499725341797,115.84471130371094
2025-07-31,118.125,115.96250915527344
2025-08-01,118.2249984741211,116.06068420410156
2025-08-04,118.72000122070312,116.54661560058594
2025-08-05,118.82499694824219,116.64969635009766
2025-08-06,118.57499694824219,116.40426635742188
2025-08-07,118.6500015258789,116.47789001464844
2025-08-08,118.30999755859375,116.14411926269531
2025-08-11,118.11000061035156,115.94778442382812
2025-08-12,117.75499725341797,115.59928131103516
2025-08-13,118.37000274658203,116.2030258178711
2025-08-14,118.12999725341797,115.96742248535156
2025-08-15,117.62000274658203,115.46675872802734
2025-08-18,117.13500213623047,115.51322174072266
2025-08-19,117.38999938964844,115.76468658447266
2025-08-20,117.70999908447266,116.08026885986328
2025-08-21,117.37000274658203,115.7449722290039
2025-08-22,117.61000061035156,115.98164367675781
2025-08-25,117.2699966430664,115.64634704589844
2025-08-26,117.75,116.11971282958984
2025-08-27,117.95999908447266,116.32679748535156
2025-08-28,117.93000030517578,116.2972183227539
2025-08-29,117.66500091552734,116.03588104248047
2025-09-01,117.55999755859375,115.93233489990234
2025-09-02,117.2750015258789,115.65129089355469
2025-09-03,117.66999816894531,116.04081726074219
2025-09-04,117.83499908447266,116.20352935791016
2025-09-05,118.33499908447266,116.69660949707031
2025-09-08,118.38500213623047,116.74591827392578
2025-09-09,118.27999877929688,116.64237213134766
2025-09-10,118.4000015258789,116.76071166992188
2025-09-11,118.20500183105469,116.56841278076172
2025-09-12,117.84500122070312,116.21338653564453
2025-09-15,118.00499725341797,116.37117767333984
2025-09-16,117.91500091552734,116.28243255615234
2025-09-17,118.16000366210938,116.52403259277344
2025-09-18,117.7699966430664,116.1394271850586
2025-09-19,117.55999755859375,115.93233489990234
2025-09-22,117.6500015258789,116.0210952758789
2025-09-23,117.54499816894531,115.91754150390625
2025-09-24,117.66500091552734,116.03588104248047
2025-09-25,117.41999816894531,115.79427337646484
2025-09-26,117.62000274658203,115.99150848388672
2025-09-29,117.88999938964844,116.25776672363281
2025-09-30,117.83000183105469,116.19860076904297
2025-10-01,117.83000183105469,116.19860076904297
2025-10-02,118.01499938964844,116.38103485107422
2025-10-03,118.0999984741211,116.46485137939453
2025-10-06,117.93499755859375,116.3021469116211
2025-10-07,117.96499633789062,116.33172607421875
2025-10-08,118.19999694824219,116.5634765625
2025-10-09,118.05999755859375,116.4254150390625
2025-10-10,118.67500305175781,117.03190612792969
2025-10-13,118.7300033569336,117.08614349365234
2025-10-14,118.91000366210938,117.2636489868164
2025-10-15,119.26000213623047,117.60880279541016
2025-10-16,119.31500244140625,117.66304016113281
2025-10-17,119.26000213623047,117.60880279541016
2025-10-20,119.06999969482422,117.42143249511719
2025-10-21,119.33999633789062,117.68768310546875
2025-10-22,119.28500366210938,117.63346099853516
2025-10-23,119.24500274658203,117.5940170288086
2025-10-27,118.83999633789062,117.19461059570312
2025-10-28,118.8499984741211,117.20447540283203
2025-10-29,118.87000274658203,117.22420501708984
2025-10-30,118.76000213623047,117.11572265625
2025-10-31,118.86499786376953,117.2192611694336
2025-11-03,118.58999633789062,116.94807434082031
2025-11-04,118.66000366210938,117.0171127319336
2025-11-05,118.5199966430664,116.87903594970703
2025-11-06,118.69000244140625,117.04669189453125
2025-11-07,118.66999816894531,117.02696990966797
2025-11-10,118.59500122070312,116.95301055908203
2025-11-11,118.69000244140625,117.04669189453125
2025-11-12,118.83499908447266,117.18968200683594
2025-11-13,118.37000274658203,116.73112487792969
2025-11-14,118.19999694824219,116.5634765625
2025-11-17,117.71499633789062,116.59632110595703
2025-11-18,117.74500274658203,116.62604522705078
2025-11-19,117.86499786376953,116.7448959350586
2025-11-20,117.70999908447266,116.59136962890625
2025-11-21,117.93000030517578,116.80928802490234
2025-11-24,117.95999908447266,116.83899688720703
2025-11-25,118.0999984741211,116.97766876220703
2025-11-26,118.18000030517578,117.0569076538086
2025-11-27,118.06999969482422,116.94795989990234
2025-11-28,118.06500244140625,116.94300079345703
2025-12-01,117.50499725341797,116.38832092285156
2025-12-02,117.5199966430664,116.4031753540039
2025-12-03,117.5199966430664,116.4031753540039
2025-12-04,117.41500091552734,116.29917907714844
2025-12-05,117.0999984741211,115.98717498779297
2025-12-08,116.52999877929688,115.42259216308594
2025-12-09,116.63500213623047,115.52659606933594
2025-12-10,116.6050033569336,115.49687957763672
2025-12-11,116.67500305175781,115.56621551513672
2025-12-12,116.63500213623047,115.52659606933594
2025-12-15,116.66500091552734,115.55630493164062
2025-12-16,116.73500061035156,115.62564086914062
2025-12-17,116.62999725341797,115.52163696289062
2025-12-18,116.80000305175781,115.69002532958984
2025-12-19,116.375,115.2690658569336
2025-12-22,116.30999755859375,115.20467376708984
2025-12-23,116.62999725341797,115.52163696289062
2025-12-29,116.9749984741211,115.86335754394531
2025-12-30,116.83000183105469,115.71973419189453
2026-01-02,116.5199966430664,115.41268157958984
