date,close,adj_close
2014-12-01,71.83000183105469,58.950321197509766
2014-12-02,72.06999969482422,59.14728927612305
2014-12-03,72.56999969482422,59.557613372802734
2014-12-04,72.29000091552734,59.32783889770508
2014-12-05,72.2699966430664,59.31142044067383
2014-12-08,71.55000305175781,58.72053146362305
2014-12-09,71.52999877929688,58.7041130065918
2014-12-10,70.26000213623047,57.661834716796875
2014-12-11,70.2699966430664,57.670040130615234
2014-12-12,69.31999969482422,56.890380859375
2014-12-15,68.88999938964844,56.537471771240234
2014-12-16,69.11000061035156,56.71803665161133
2014-12-17,69.87999725341797,57.3499641418457
2014-12-18,71.19000244140625,58.425071716308594
2014-12-19,70.91999816894531,58.59775161743164
2014-12-22,71.37999725341797,58.977840423583984
2014-12-23,71.80999755859375,59.33312225341797
2014-12-24,71.88999938964844,59.39921951293945
2014-12-26,72.05999755859375,59.5396842956543
2014-12-29,71.8499984741211,59.366172790527344
2014-12-30,71.26000213623047,58.878692626953125
2014-12-31,70.51000213623047,58.25899887084961
2015-01-02,70.4800033569336,58.23421096801758
2015-01-05,68.83999633789062,56.87916564941406
2015-01-06,68.12999725341797,56.29251480102539
2015-01-07,68.47000122070312,56.57345199584961
2015-01-08,69.69000244140625,57.581459045410156
2015-01-09,69.08000183105469,57.07746124267578
2015-01-12,68.80000305175781,56.84611129760742
2015-01-13,68.9000015258789,56.92875289916992
2015-01-14,68.44999694824219,56.55691909790039
2015-01-15,68.38999938964844,56.507347106933594
2015-01-16,68.69000244140625,56.75522994995117
2015-01-20,69.55999755859375,57.47404479980469
2015-01-21,70.04000091552734,57.87066650390625
2015-01-22,70.86000061035156,58.54819869995117
2015-01-23,70.5,58.250736236572266
2015-01-26,70.91999816894531,58.59775161743164
2015-01-27,70.3499984741211,58.126808166503906
2015-01-28,69.43000030517578,57.36665344238281
2015-01-29,70.1500015258789,57.96155548095703
2015-01-30,69.16000366210938,57.1435661315918
2015-02-02,70.05999755859375,57.88719177246094
2015-02-03,71.16999816894531,58.80431365966797
2015-02-04,70.51000213623047,58.25899887084961
2015-02-05,71.47000122070312,59.052207946777344
2015-02-06,70.95999908447266,58.63081359863281
2015-02-09,70.63999938964844,58.366397857666016
2015-02-10,71.16999816894531,58.80431365966797
2015-02-11,71.02999877929688,58.68864822387695
2015-02-12,71.86000061035156,59.37443161010742
2015-02-13,72.23999786376953,59.68842697143555
2015-02-17,72.4000015258789,59.82061767578125
2015-02-18,73.0,60.316368103027344
2015-02-19,73.23999786376953,60.51467514038086
2015-02-20,73.83000183105469,61.00214767456055
2015-02-23,73.63999938964844,60.845176696777344
2015-02-24,73.73999786376953,60.927791595458984
2015-02-25,73.73999786376953,60.927791595458984
2015-02-26,73.44000244140625,60.6799201965332
2015-02-27,73.44999694824219,60.688194274902344
2015-03-02,73.58999633789062,60.80384826660156
2015-03-03,73.19999694824219,60.48160934448242
2015-03-04,72.80999755859375,60.159366607666016
2015-03-05,72.87000274658203,60.20893859863281
2015-03-06,71.94000244140625,59.44053268432617
2015-03-09,72.29000091552734,59.72972106933594
2015-03-10,71.26000213623047,58.878692626953125
2015-03-11,71.2699966430664,58.886940002441406
2015-03-12,72.22000122070312,59.671878814697266
2015-03-13,71.69000244140625,59.23396682739258
2015-03-16,72.7300033569336,60.093284606933594
2015-03-17,72.48999786376953,59.89496994018555
2015-03-18,73.61000061035156,60.820396423339844
2015-03-19,72.91000366210938,60.24201583862305
2015-03-20,73.62999725341797,60.836891174316406
2015-03-23,73.3499984741211,60.60555648803711
2015-03-24,73.27999877929688,60.547706604003906
2015-03-25,72.48999786376953,59.89496994018555
2015-03-26,72.12999725341797,59.5975227355957
2015-03-27,72.25,59.69667434692383
2015-03-30,72.7300033569336,60.093284606933594
2015-03-31,72.11000061035156,59.580997467041016
2015-04-01,71.81999969482422,59.34138107299805
2015-04-02,72.23999786376953,59.68842697143555
2015-04-06,73.06999969482422,60.374202728271484
2015-04-07,72.7699966430664,60.1263313293457
2015-04-08,72.7699966430664,60.1263313293457
2015-04-09,73.05000305175781,60.35768127441406
2015-04-10,73.83000183105469,61.00214767456055
2015-04-13,73.18000030517578,60.465084075927734
2015-04-14,73.4800033569336,60.71295928955078
2015-04-15,73.68000030517578,60.87821578979492
2015-04-16,73.83999633789062,61.01039505004883
2015-04-17,72.87000274658203,60.20893859863281
2015-04-20,73.37000274658203,60.622074127197266
2015-04-21,73.56999969482422,60.78733444213867
2015-04-22,73.8499984741211,61.0186767578125
2015-04-23,74.05000305175781,61.18392562866211
2015-04-24,73.77999877929688,60.9608268737793
2015-04-27,74.0199966430664,61.15914535522461
2015-04-28,74.19999694824219,61.307865142822266
2015-04-29,73.63999938964844,60.845176696777344
2015-04-30,73.13999938964844,60.43203353881836
2015-05-01,73.69000244140625,60.886474609375
2015-05-04,73.80999755859375,60.985618591308594
2015-05-05,72.79000091552734,60.142852783203125
2015-05-06,72.79000091552734,60.142852783203125
2015-05-07,72.8499984741211,60.19242477416992
2015-05-08,74.0999984741211,61.22524642944336
2015-05-11,73.73999786376953,60.927791595458984
2015-05-12,73.45999908447266,60.696441650390625
2015-05-13,73.76000213623047,60.944305419921875
2015-05-14,74.55999755859375,61.60531997680664
2015-05-15,74.61000061035156,61.64663314819336
2015-05-18,74.58000183105469,61.62184524536133
2015-05-19,74.38999938964844,61.46485137939453
2015-05-20,74.2699966430664,61.36569595336914
2015-05-21,74.69000244140625,61.712730407714844
2015-05-22,74.45999908447266,61.52268600463867
2015-05-26,73.44000244140625,60.6799201965332
2015-05-27,74.12000274658203,61.24174499511719
2015-05-28,73.80000305175781,60.97736740112305
2015-05-29,73.06999969482422,60.374202728271484
2015-06-01,73.08999633789062,60.390716552734375
2015-06-02,73.37000274658203,60.622074127197266
2015-06-03,73.81999969482422,60.99388122558594
2015-06-04,73.20999908447266,60.48986053466797
2015-06-05,72.7300033569336,60.093284606933594
2015-06-08,72.55999755859375,59.952796936035156
2015-06-09,72.33000183105469,59.76278305053711
2015-06-10,73.2699966430664,60.539451599121094
2015-06-11,73.47000122070312,60.70470428466797
2015-06-12,73.0199966430664,60.33289337158203
2015-06-15,72.47000122070312,59.878440856933594
2015-06-16,72.44000244140625,59.853675842285156
2015-06-17,72.33000183105469,59.76278305053711
2015-06-18,73.04000091552734,60.349422454833984
2015-06-19,72.97000122070312,60.29158020019531
2015-06-22,73.45999908447266,60.696441650390625
2015-06-23,73.48999786376953,60.721229553222656
2015-06-24,72.06999969482422,60.175994873046875
2015-06-25,71.7699966430664,59.92551040649414
2015-06-26,71.69999694824219,59.867061614990234
2015-06-29,70.08999633789062,58.52276611328125
2015-06-30,70.26000213623047,58.664710998535156
2015-07-01,70.66000366210938,58.99869155883789
2015-07-02,70.43000030517578,58.80665588378906
2015-07-06,69.58000183105469,58.096927642822266
2015-07-07,69.80999755859375,58.28897476196289
2015-07-08,68.38999938964844,57.10331726074219
2015-07-09,68.95999908447266,57.57925033569336
2015-07-10,70.29000091552734,58.689754486083984
2015-07-13,70.73999786376953,59.065486907958984
2015-07-14,71.19000244140625,59.44121170043945
2015-07-15,70.70999908447266,59.040443420410156
2015-07-16,71.3499984741211,59.574825286865234
2015-07-17,71.22000122070312,59.466270446777344
2015-07-20,71.33000183105469,59.55811309814453
2015-07-21,70.7300033569336,59.05714797973633
2015-07-22,70.37999725341797,58.76490020751953
2015-07-23,69.91000366210938,58.372467041015625
2015-07-24,69.04000091552734,57.64604187011719
2015-07-27,68.66000366210938,57.32875442504883
2015-07-28,69.5999984741211,58.11362838745117
2015-07-29,70.05999755859375,58.497711181640625
2015-07-30,70.25,58.6563606262207
2015-07-31,70.43000030517578,58.80665588378906
2015-08-03,70.19000244140625,58.60626983642578
2015-08-04,70.13999938964844,58.56450653076172
2015-08-05,70.62999725341797,58.973655700683594
2015-08-06,70.56999969482422,58.92354965209961
2015-08-07,70.19999694824219,58.61460494995117
2015-08-10,71.27999877929688,59.516353607177734
2015-08-11,70.36000061035156,58.748199462890625
2015-08-12,70.13999938964844,58.56450653076172
2015-08-13,70.18000030517578,58.597896575927734
2015-08-14,70.5999984741211,58.948585510253906
2015-08-17,70.58999633789062,58.94023132324219
2015-08-18,70.26000213623047,58.664710998535156
2015-08-19,69.56999969482422,58.088584899902344
2015-08-20,67.95999908447266,56.744285583496094
2015-08-21,66.27999877929688,55.34153747558594
2015-08-24,64.48999786376953,53.846946716308594
2015-08-25,63.849998474121094,53.31257247924805
2015-08-26,65.45999908447266,54.65686798095703
2015-08-27,67.04000091552734,55.976112365722656
2015-08-28,66.95999908447266,55.90930938720703
2015-08-31,66.37999725341797,55.4250373840332
2015-09-01,64.5199966430664,53.87199020385742
2015-09-02,65.5999984741211,54.77375793457031
2015-09-03,65.62999725341797,54.79880905151367
2015-09-04,64.69000244140625,54.01395797729492
2015-09-08,66.30999755859375,55.366573333740234
2015-09-09,65.9000015258789,55.02425003051758
2015-09-10,66.05999755859375,55.15785217285156
2015-09-11,66.2699966430664,55.33320236206055
2015-09-14,65.87999725341797,55.007545471191406
2015-09-15,66.91999816894531,55.87590789794922
2015-09-16,67.43000030517578,56.301753997802734
2015-09-17,67.05999755859375,55.992820739746094
2015-09-18,65.45999908447266,54.65686798095703
2015-09-21,65.79000091552734,54.93241500854492
2015-09-22,64.62999725341797,53.963844299316406
2015-09-23,64.27999877929688,53.671607971191406
2015-09-24,63.72999954223633,53.21237564086914
2015-09-25,63.970001220703125,53.41276931762695
2015-09-28,62.9900016784668,52.59449768066406
2015-09-29,63.06999969482422,52.66130447387695
2015-09-30,64.0,53.43781661987305
2015-10-01,64.04000091552734,53.47121810913086
2015-10-02,64.98999786376953,54.26443862915039
2015-10-05,66.7699966430664,55.75066375732422
2015-10-06,66.9800033569336,55.926025390625
2015-10-07,67.6500015258789,56.485450744628906
2015-10-08,68.5,57.19515609741211
2015-10-09,68.8499984741211,57.48740768432617
2015-10-12,68.66000366210938,57.32875442504883
2015-10-13,67.94000244140625,56.72758102416992
2015-10-14,67.4800033569336,56.343502044677734
2015-10-15,68.30999755859375,57.03652572631836
2015-10-16,67.94999694824219,56.73593521118164
2015-10-19,67.75,56.568939208984375
2015-10-20,68.1500015258789,56.902931213378906
2015-10-21,68.25,56.986427307128906
2015-10-22,69.66999816894531,58.17206954956055
2015-10-23,70.12999725341797,58.5561637878418
2015-10-26,70.08000183105469,58.514408111572266
2015-10-27,69.33999633789062,57.89652633666992
2015-10-28,69.77999877929688,58.263912200927734
2015-10-29,69.62999725341797,58.138671875
2015-10-30,69.80999755859375,58.28897476196289
2015-11-02,70.30999755859375,58.706459045410156
2015-11-03,70.30000305175781,58.69811248779297
2015-11-04,70.04000091552734,58.481021881103516
2015-11-05,70.08000183105469,58.514408111572266
2015-11-06,70.08999633789062,58.52276611328125
2015-11-09,69.56999969482422,58.088584899902344
2015-11-10,69.52999877929688,58.05518341064453
2015-11-11,69.76000213623047,58.247215270996094
2015-11-12,68.88999938964844,57.52080154418945
2015-11-13,68.55999755859375,57.24526596069336
2015-11-16,69.31999969482422,57.87983703613281
2015-11-17,69.37000274658203,57.921600341796875
2015-11-18,70.12999725341797,58.5561637878418
2015-11-19,70.54000091552734,58.898494720458984
2015-11-20,70.58999633789062,58.94023132324219
2015-11-23,70.18000030517578,58.597896575927734
2015-11-24,70.18000030517578,58.597896575927734
2015-11-25,70.31999969482422,58.714805603027344
2015-11-27,70.37999725341797,58.76490020751953
2015-11-30,70.19999694824219,58.61460494995117
2015-12-01,70.5999984741211,58.948585510253906
2015-12-02,69.94999694824219,58.40586471557617
2015-12-03,69.19999694824219,57.77964782714844
2015-12-04,69.93000030517578,58.3891716003418
2015-12-07,69.63999938964844,58.14702224731445
2015-12-08,68.52999877929688,57.22022247314453
2015-12-09,68.25,56.986427307128906
2015-12-10,68.45999908447266,57.16176223754883
2015-12-11,67.52999877929688,56.38523483276367
2015-12-14,67.58000183105469,56.4269905090332
2015-12-15,67.51000213623047,56.36854553222656
2015-12-16,68.79000091552734,57.43730926513672
2015-12-17,67.83000183105469,56.63573455810547
2015-12-18,66.81999969482422,55.79242706298828
2015-12-21,66.63999938964844,56.10730743408203
2015-12-22,67.5,56.83139419555664
2015-12-23,68.43000030517578,57.61438751220703
2015-12-24,68.5,57.6733283996582
2015-12-28,68.16999816894531,57.39549255371094
2015-12-29,68.70999908447266,57.850135803222656
2015-12-30,68.22000122070312,57.43758010864258
2015-12-31,67.62000274658203,56.93242263793945
2016-01-04,66.5199966430664,56.00627517700195
2016-01-05,66.72000122070312,56.17466354370117
2016-01-06,65.54000091552734,55.18117904663086
2016-01-07,64.31999969482422,54.15399932861328
2016-01-08,63.36000061035156,53.34572219848633
2016-01-11,63.27000045776367,53.269954681396484
2016-01-12,63.91999816894531,53.81721115112305
2016-01-13,62.68000030517578,52.77320098876953
2016-01-14,63.7599983215332,53.682498931884766
2016-01-15,61.790000915527344,52.02387619018555
2016-01-19,62.20000076293945,52.36906814575195
2016-01-20,61.18000030517578,51.51028823852539
2016-01-21,61.400001525878906,51.69550704956055
2016-01-22,62.45000076293945,52.579559326171875
2016-01-25,61.630001068115234,51.88916778564453
2016-01-26,62.79999923706055,52.87424087524414
2016-01-27,62.45000076293945,52.579559326171875
2016-01-28,62.689998626708984,52.7816276550293
2016-01-29,64.18000030517578,54.03612518310547
2016-02-01,64.16000366210938,54.019283294677734
2016-02-02,62.72999954223633,52.81529998779297
2016-02-03,63.38999938964844,53.3709831237793
2016-02-04,64.25,54.09505844116211
2016-02-05,63.43000030517578,53.404666900634766
2016-02-08,62.72999954223633,52.81529998779297
2016-02-09,62.79999923706055,52.87424087524414
2016-02-10,62.54999923706055,52.66374969482422
2016-02-11,61.72999954223633,51.97335433959961
2016-02-12,62.33000183105469,52.47853088378906
2016-02-16,63.91999816894531,53.81721115112305
2016-02-17,64.9800033569336,54.70969009399414
2016-02-18,65.16000366210938,54.86123275756836
2016-02-19,64.9800033569336,54.70969009399414
2016-02-22,65.8499984741211,55.44217300415039
2016-02-23,65.33000183105469,55.00436782836914
2016-02-24,64.97000122070312,54.701263427734375
2016-02-25,66.04000091552734,55.60213851928711
2016-02-26,66.08999633789062,55.64424133300781
2016-02-29,65.5,55.14749526977539
2016-03-01,66.83999633789062,56.275699615478516
2016-03-02,67.12000274658203,56.51145553588867
2016-03-03,67.56999969482422,56.89033126831055
2016-03-04,68.29000091552734,57.49652862548828
2016-03-07,68.31999969482422,57.52178955078125
2016-03-08,67.41999816894531,56.764034271240234
2016-03-09,67.4800033569336,56.81455612182617
2016-03-10,67.41000366210938,56.755619049072266
2016-03-11,68.66000366210938,57.80805206298828
2016-03-14,68.83999633789062,57.9595947265625
2016-03-15,68.43000030517578,57.61438751220703
2016-03-16,68.83999633789062,57.9595947265625
2016-03-17,70.0999984741211,59.020442962646484
2016-03-18,70.55999755859375,59.40773391723633
2016-03-21,70.41999816894531,59.28986740112305
2016-03-22,70.4800033569336,59.34038543701172
2016-03-23,69.75,58.72575378417969
2016-03-24,69.2300033569336,58.287960052490234
2016-03-28,69.8499984741211,58.809967041015625
2016-03-29,70.2699966430664,59.16356658935547
2016-03-30,70.93000030517578,59.71925735473633
2016-03-31,70.43000030517578,59.29829025268555
2016-04-01,70.0,58.93625259399414
2016-04-04,69.45999908447266,58.48161315917969
2016-04-05,68.63999938964844,57.79120635986328
2016-04-06,69.0199966430664,58.111141204833984
2016-04-07,68.41000366210938,57.59756088256836
2016-04-08,69.30000305175781,58.346885681152344
2016-04-11,69.52999877929688,58.54054260253906
2016-04-12,69.98999786376953,58.927825927734375
2016-04-13,71.06999969482422,59.837135314941406
2016-04-14,71.16999816894531,59.92131423950195
2016-04-15,71.13999938964844,59.89607620239258
2016-04-18,71.38999938964844,60.1065559387207
2016-04-19,72.06999969482422,60.6790771484375
2016-04-20,72.11000061035156,60.7127571105957
2016-04-21,71.88999938964844,60.52752685546875
2016-04-22,71.94000244140625,60.56963348388672
2016-04-25,71.44000244140625,60.148643493652344
2016-04-26,71.80999755859375,60.460174560546875
2016-04-27,72.11000061035156,60.7127571105957
2016-04-28,71.16999816894531,59.92131423950195
2016-04-29,70.95999908447266,59.7445182800293
2016-05-02,71.37999725341797,60.09812545776367
2016-05-03,70.56999969482422,59.41616439819336
2016-05-04,69.94000244140625,58.88573455810547
2016-05-05,69.80999755859375,58.77627182006836
2016-05-06,70.16999816894531,59.07938003540039
2016-05-09,69.91999816894531,58.868900299072266
2016-05-10,71.08999633789062,59.85396194458008
2016-05-11,70.5999984741211,59.441402435302734
2016-05-12,70.55000305175781,59.39934158325195
2016-05-13,69.66000366210938,58.649986267089844
2016-05-16,70.48999786376953,59.34880447387695
2016-05-17,70.05000305175781,58.97835159301758
2016-05-18,70.05000305175781,58.97835159301758
2016-05-19,69.45999908447266,58.48161315917969
2016-05-20,69.87999725341797,58.835205078125
2016-05-23,69.72000122070312,58.700496673583984
2016-05-24,70.47000122070312,59.33197021484375
2016-05-25,70.94999694824219,59.7360954284668
2016-05-26,70.98999786376953,59.76976776123047
2016-05-27,70.86000061035156,59.66033172607422
2016-05-31,70.83000183105469,59.635074615478516
2016-06-01,70.86000061035156,59.66033172607422
2016-06-02,70.79000091552734,59.60139465332031
2016-06-03,71.01000213623047,59.7866096496582
2016-06-06,71.51000213623047,60.207584381103516
2016-06-07,71.91999816894531,60.55280685424805
2016-06-08,72.30999755859375,60.88115310668945
2016-06-09,71.87999725341797,60.519107818603516
2016-06-10,70.63999938964844,59.475093841552734
2016-06-13,69.63999938964844,58.63314437866211
2016-06-14,69.51000213623047,58.523712158203125
2016-06-15,69.54000091552734,58.548946380615234
2016-06-16,69.68000030517578,58.66682815551758
2016-06-17,69.93000030517578,58.8773193359375
2016-06-20,71.11000061035156,59.870826721191406
2016-06-21,70.52999877929688,60.00863265991211
2016-06-22,70.30999755859375,59.82146072387695
2016-06-23,71.7699966430664,61.063663482666016
2016-06-24,67.4000015258789,57.3455696105957
2016-06-27,65.8499984741211,56.02678298950195
2016-06-28,67.33000183105469,57.286006927490234
2016-06-29,68.4000015258789,58.196388244628906
2016-06-30,69.45999908447266,59.098270416259766
2016-07-01,69.68000030517578,59.28543472290039
2016-07-05,68.69000244140625,58.443115234375
2016-07-06,68.73999786376953,58.48566436767578
2016-07-07,68.69000244140625,58.443115234375
2016-07-08,69.91999816894531,59.48964309692383
2016-07-11,71.18000030517578,60.561683654785156
2016-07-12,71.73999786376953,61.03813934326172
2016-07-13,71.7699966430664,61.063663482666016
2016-07-14,72.3499984741211,61.557151794433594
2016-07-15,72.30999755859375,61.52311706542969
2016-07-18,72.1500015258789,61.38698196411133
2016-07-19,72.0999984741211,61.344451904296875
2016-07-20,72.66999816894531,61.82940673828125
2016-07-21,71.86000061035156,61.1402473449707
2016-07-22,71.7699966430664,61.063663482666016
2016-07-25,71.75,61.04663848876953
2016-07-26,72.12999725341797,61.369956970214844
2016-07-27,72.05000305175781,61.301910400390625
2016-07-28,72.31999969482422,61.53162384033203
2016-07-29,72.36000061035156,61.56564712524414
2016-08-01,71.95999908447266,61.22531509399414
2016-08-02,71.5199966430664,60.8509635925293
2016-08-03,71.63999938964844,60.953067779541016
2016-08-04,71.81999969482422,61.1062126159668
2016-08-05,72.30999755859375,61.52311706542969
2016-08-08,72.36000061035156,61.56564712524414
2016-08-09,72.87999725341797,62.00807571411133
2016-08-10,73.13999938964844,62.22929000854492
2016-08-11,73.75,62.74832534790039
2016-08-12,73.5999984741211,62.620662689208984
2016-08-15,73.87000274658203,62.85041809082031
2016-08-16,73.62999725341797,62.64618682861328
2016-08-17,73.66000366210938,62.67172622680664
2016-08-18,74.01000213623047,62.969520568847656
2016-08-19,74.0,62.961002349853516
2016-08-22,74.0,62.961002349853516
2016-08-23,74.22000122070312,63.148216247558594
2016-08-24,73.95999908447266,62.92695617675781
2016-08-25,73.7300033569336,62.731292724609375
2016-08-26,73.41000366210938,62.45903015136719
2016-08-29,73.79000091552734,62.78233337402344
2016-08-30,73.51000213623047,62.54409408569336
2016-08-31,73.4000015258789,62.45051574707031
2016-09-01,73.5199966430664,62.55261993408203
2016-09-02,74.12999725341797,63.07162094116211
2016-09-06,74.16999816894531,63.105628967285156
2016-09-07,74.55000305175781,63.42896270751953
2016-09-08,74.30999755859375,63.22477340698242
2016-09-09,72.72000122070312,61.871944427490234
2016-09-12,73.25,62.3228874206543
2016-09-13,72.05000305175781,61.301910400390625
2016-09-14,71.91999816894531,61.191307067871094
2016-09-15,72.43000030517578,61.62520217895508
2016-09-16,71.75,61.04663848876953
2016-09-19,72.23999786376953,61.46355438232422
2016-09-20,72.26000213623047,61.480567932128906
2016-09-21,73.51000213623047,62.54409408569336
2016-09-22,74.13999938964844,63.08012008666992
2016-09-23,73.72000122070312,62.722782135009766
2016-09-26,72.97000122070312,62.08465576171875
2016-09-27,73.4800033569336,62.51858139038086
2016-09-28,73.91000366210938,62.884429931640625
2016-09-29,73.36000061035156,62.416481018066406
2016-09-30,73.79000091552734,62.78233337402344
2016-10-03,73.76000213623047,62.756813049316406
2016-10-04,73.5,62.535587310791016
2016-10-05,73.77999877929688,62.77382278442383
2016-10-06,73.58999633789062,62.61215591430664
2016-10-07,73.06999969482422,62.169734954833984
2016-10-10,72.97000122070312,62.08465576171875
2016-10-11,72.1500015258789,61.38698196411133
2016-10-12,72.19000244140625,61.421024322509766
2016-10-13,72.16999816894531,61.403995513916016
2016-10-14,72.31999969482422,61.53162384033203
2016-10-17,72.26000213623047,61.480567932128906
2016-10-18,72.52999877929688,61.71028518676758
2016-10-19,72.8499984741211,61.98257064819336
2016-10-20,72.66999816894531,61.82940673828125
2016-10-21,72.4000015258789,61.59968185424805
2016-10-24,72.61000061035156,61.77835464477539
2016-10-25,72.31999969482422,61.53162384033203
2016-10-26,72.45999908447266,61.65074157714844
2016-10-27,71.87999725341797,61.157257080078125
2016-10-28,72.18000030517578,61.41249465942383
2016-10-31,72.38999938964844,61.591190338134766
2016-11-01,71.80000305175781,61.08919906616211
2016-11-02,71.44999694824219,60.79140853881836
2016-11-03,71.18000030517578,60.561683654785156
2016-11-04,71.1500015258789,60.53614807128906
2016-11-07,72.4800033569336,61.667755126953125
2016-11-08,72.79000091552734,61.93151092529297
2016-11-09,73.7300033569336,62.731292724609375
2016-11-10,74.62000274658203,63.488521575927734
2016-11-11,74.4000015258789,63.30133819580078
2016-11-14,74.45999908447266,63.35238265991211
2016-11-15,74.76000213623047,63.60762405395508
2016-11-16,74.0999984741211,63.046085357666016
2016-11-17,74.58999633789062,63.462974548339844
2016-11-18,74.16000366210938,63.09716033935547
2016-11-21,74.83000183105469,63.66718292236328
2016-11-22,74.9800033569336,63.794803619384766
2016-11-23,75.43000030517578,64.17770385742188
2016-11-25,75.54000091552734,64.2712631225586
2016-11-28,75.23999786376953,64.01602172851562
2016-11-29,75.5,64.23725128173828
2016-11-30,75.3499984741211,64.109619140625
2016-12-01,75.70999908447266,64.41592407226562
2016-12-02,75.52999877929688,64.26275634765625
2016-12-05,75.94999694824219,64.62010192871094
2016-12-06,76.16000366210938,64.79878234863281
2016-12-07,77.3499984741211,65.811279296875
2016-12-08,77.0,65.51347351074219
2016-12-09,77.2699966430664,65.74320220947266
2016-12-12,76.97000122070312,65.48794555664062
2016-12-13,77.20999908447266,65.69214630126953
2016-12-14,76.06999969482422,64.72219848632812
2016-12-15,76.0,64.66264343261719
2016-12-16,76.0,64.66264343261719
2016-12-19,76.18000030517578,64.8157958984375
2016-12-20,76.44999694824219,65.04553985595703
2016-12-21,76.6500015258789,65.21569061279297
2016-12-22,75.77999877929688,64.96109008789062
2016-12-23,75.83999633789062,65.01251983642578
2016-12-27,76.08999633789062,65.2268295288086
2016-12-28,75.4800033569336,64.70394134521484
2016-12-29,75.56999969482422,64.78107452392578
2016-12-30,75.36000061035156,64.60106658935547
2017-01-03,75.87000274658203,65.0382308959961
2017-01-04,76.44000244140625,65.52686309814453
2017-01-05,76.5999984741211,65.66401672363281
2017-01-06,76.63999938964844,65.69831085205078
2017-01-09,76.47000122070312,65.5525894165039
2017-01-10,76.51000213623047,65.58688354492188
2017-01-11,76.9000015258789,65.92118835449219
2017-01-12,77.02999877929688,66.03262329101562
2017-01-13,77.30999755859375,66.27265930175781
2017-01-17,76.94000244140625,65.9554672241211
2017-01-18,76.86000061035156,65.88691711425781
2017-01-19,77.01000213623047,66.01549530029297
2017-01-20,77.2300033569336,66.20407104492188
2017-01-23,76.98999786376953,65.99834442138672
2017-01-24,77.76000213623047,66.65841674804688
2017-01-25,78.7699966430664,67.52420806884766
2017-01-26,78.68000030517578,67.44708251953125
2017-01-27,78.4800033569336,67.27565002441406
2017-01-30,77.9000015258789,66.77842712402344
2017-01-31,77.58999633789062,66.5126953125
2017-02-01,77.80000305175781,66.69270324707031
2017-02-02,77.37999725341797,66.33264923095703
2017-02-03,77.93000030517578,66.80414581298828
2017-02-06,77.52999877929688,66.46124267578125
2017-02-07,77.68000030517578,66.5898208618164
2017-02-08,77.79000091552734,66.68414306640625
2017-02-09,78.08999633789062,66.9413070678711
2017-02-10,78.62999725341797,67.40420532226562
2017-02-13,79.19999694824219,67.892822265625
2017-02-14,79.19000244140625,67.8842544555664
2017-02-15,79.5199966430664,68.1671371459961
2017-02-16,79.58000183105469,68.21858215332031
2017-02-17,79.37999725341797,68.04712677001953
2017-02-21,79.80000305175781,68.40716552734375
2017-02-22,79.55000305175781,68.19286346435547
2017-02-23,79.5,68.14999389648438
2017-02-24,79.2300033569336,67.91854858398438
2017-02-27,79.61000061035156,68.2442855834961
2017-02-28,79.44000244140625,68.09856414794922
2017-03-01,80.55999755859375,69.05864715576172
2017-03-02,79.83999633789062,68.44144439697266
2017-03-03,80.08000183105469,68.64720153808594
2017-03-06,79.80999755859375,68.4157485961914
2017-03-07,79.55000305175781,68.19286346435547
2017-03-08,79.47000122070312,68.1242904663086
2017-03-09,79.11000061035156,67.815673828125
2017-03-10,79.70999908447266,68.33001708984375
2017-03-13,79.81999969482422,68.42431640625
2017-03-14,79.1500015258789,67.8499755859375
2017-03-15,80.13999938964844,68.69862365722656
2017-03-16,80.23999786376953,68.78435516357422
2017-03-17,80.55000305175781,69.05008697509766
2017-03-20,80.51000213623047,69.01581573486328
2017-03-21,79.73999786376953,68.35572814941406
2017-03-22,79.83999633789062,68.44144439697266
2017-03-23,79.97000122070312,68.55290985107422
2017-03-24,80.01000213623047,68.58717346191406
2017-03-27,79.87999725341797,68.47574615478516
2017-03-28,80.54000091552734,69.0415267944336
2017-03-29,80.54000091552734,69.0415267944336
2017-03-30,80.69000244140625,69.17009735107422
2017-03-31,80.37999725341797,68.90436553955078
2017-04-03,80.36000061035156,68.88722229003906
2017-04-04,80.4800033569336,68.9900894165039
2017-04-05,80.18000030517578,68.73292541503906
2017-04-06,80.48999786376953,68.9986572265625
2017-04-07,80.47000122070312,68.98152160644531
2017-04-10,80.55000305175781,69.05008697509766
2017-04-11,80.6500015258789,69.13581085205078
2017-04-12,80.19999694824219,68.75006866455078
2017-04-13,79.66999816894531,68.29573059082031
2017-04-17,80.37000274658203,68.89579010009766
2017-04-18,80.08000183105469,68.64720153808594
2017-04-19,80.05000305175781,68.62147521972656
2017-04-20,80.87000274658203,69.32440185546875
2017-04-21,80.83999633789062,69.29869079589844
2017-04-24,82.41999816894531,70.65312957763672
2017-04-25,82.91000366210938,71.07315826416016
2017-04-26,82.87999725341797,71.04743957519531
2017-04-27,82.86000061035156,71.03030395507812
2017-04-28,82.5999984741211,70.80741882324219
2017-05-01,82.7699966430664,70.9531478881836
2017-05-02,83.25,71.36461639404297
2017-05-03,83.02999877929688,71.17601776123047
2017-05-04,83.29000091552734,71.39892578125
2017-05-05,83.94999694824219,71.96469116210938
2017-05-08,83.66000366210938,71.71609497070312
2017-05-09,83.54000091552734,71.61321258544922
2017-05-10,83.2300033569336,71.34748840332031
2017-05-11,83.08999633789062,71.22747039794922
2017-05-12,83.11000061035156,71.24459838867188
2017-05-15,83.31999969482422,71.42462158203125
2017-05-16,83.63999938964844,71.6989517211914
2017-05-17,82.19000244140625,70.45594787597656
2017-05-18,82.37000274658203,70.61026000976562
2017-05-19,83.26000213623047,71.37319946289062
2017-05-22,83.56999969482422,71.63894653320312
2017-05-23,83.69000244140625,71.74180603027344
2017-05-24,83.8499984741211,71.87895965576172
2017-05-25,84.16000366210938,72.14470672607422
2017-05-26,84.01000213623047,72.01611328125
2017-05-30,84.05999755859375,72.0589828491211
2017-05-31,84.19999694824219,72.1789779663086
2017-06-01,84.86000061035156,72.74476623535156
2017-06-02,85.7300033569336,73.49054718017578
2017-06-05,85.27999877929688,73.10479736328125
2017-06-06,84.98999786376953,72.856201171875
2017-06-07,84.79000091552734,72.68476104736328
2017-06-08,84.87999725341797,72.76190948486328
2017-06-09,85.0199966430664,72.88192749023438
2017-06-12,84.94999694824219,72.82190704345703
2017-06-13,85.44999694824219,73.25054168701172
2017-06-14,85.47000122070312,73.26768493652344
2017-06-15,85.36000061035156,73.17340850830078
2017-06-16,85.9800033569336,73.70487213134766
2017-06-19,86.47000122070312,74.12489318847656
2017-06-20,84.87000274658203,73.45244598388672
2017-06-21,84.5199966430664,73.14952087402344
2017-06-22,84.5199966430664,73.14952087402344
2017-06-23,84.68000030517578,73.28797912597656
2017-06-26,84.79000091552734,73.3832015991211
2017-06-27,84.29000091552734,72.95046997070312
2017-06-28,84.91999816894531,73.49571228027344
2017-06-29,84.11000061035156,72.79468536376953
2017-06-30,84.66000366210938,73.27069854736328
2017-07-03,84.76000213623047,73.35723114013672
2017-07-05,84.94000244140625,73.51302337646484
2017-07-06,84.22000122070312,72.8898696899414
2017-07-07,84.69999694824219,73.30531311035156
2017-07-10,84.87000274658203,73.45244598388672
2017-07-11,84.95999908447266,73.53031921386719
2017-07-12,85.63999938964844,74.11886596679688
2017-07-13,85.44999694824219,73.95440673828125
2017-07-14,86.02999877929688,74.45637512207031
2017-07-17,85.80999755859375,74.26596069335938
2017-07-18,85.69000244140625,74.16212463378906
2017-07-19,85.83999633789062,74.29193878173828
2017-07-20,85.72000122070312,74.1880874633789
2017-07-21,85.27999877929688,73.80728912353516
2017-07-24,85.11000061035156,73.6601333618164
2017-07-25,85.0,73.56494903564453
2017-07-26,85.30999755859375,73.83323669433594
2017-07-27,84.87999725341797,73.4610824584961
2017-07-28,85.11000061035156,73.6601333618164
2017-07-31,85.12000274658203,73.66881561279297
2017-08-01,85.3499984741211,73.86785888671875
2017-08-02,85.62000274658203,74.10153198242188
2017-08-03,85.8499984741211,74.30058288574219
2017-08-04,85.98999786376953,74.42176055908203
2017-08-07,85.9000015258789,74.34387969970703
2017-08-08,85.80999755859375,74.26596069335938
2017-08-09,85.58000183105469,74.06690979003906
2017-08-10,84.4800033569336,73.11488342285156
2017-08-11,84.62000274658203,73.23607635498047
2017-08-14,85.19000244140625,73.72937774658203
2017-08-15,85.11000061035156,73.6601333618164
2017-08-16,85.44999694824219,73.95440673828125
2017-08-17,84.5199966430664,73.14952087402344
2017-08-18,84.30999755859375,72.9677734375
2017-08-21,84.31999969482422,72.97640991210938
2017-08-22,85.12999725341797,73.6774673461914
2017-08-23,84.56999969482422,73.19281768798828
2017-08-24,84.20999908447266,72.8812484741211
2017-08-25,84.66999816894531,73.27933502197266
2017-08-28,84.58000183105469,73.20144653320312
2017-08-29,84.69999694824219,73.30531311035156
2017-08-30,84.88999938964844,73.46975708007812
2017-08-31,85.44000244140625,73.94575500488281
2017-09-01,85.58999633789062,74.0755844116211
2017-09-05,85.12000274658203,73.66881561279297
2017-09-06,85.31999969482422,73.8419189453125
2017-09-07,85.70999908447266,74.17943572998047
2017-09-08,85.93000030517578,74.3698501586914
2017-09-11,86.69999694824219,75.03624725341797
2017-09-12,87.02999877929688,75.32184600830078
2017-09-13,86.63999938964844,74.98432159423828
2017-09-14,87.08999633789062,75.37376403808594
2017-09-15,87.29000091552734,75.54689025878906
2017-09-18,87.80999755859375,75.99691009521484
2017-09-19,87.94000244140625,76.10941314697266
2017-09-20,88.0999984741211,76.24790954589844
2017-09-21,88.37000274658203,76.48159790039062
2017-09-22,88.55999755859375,76.6460189819336
2017-09-25,88.4800033569336,76.57678985595703
2017-09-26,88.36000061035156,76.47291564941406
2017-09-27,88.36000061035156,76.47291564941406
2017-09-28,88.5999984741211,76.68064880371094
2017-09-29,88.9000015258789,76.94026947021484
2017-10-02,89.08000183105469,77.09607696533203
2017-10-03,89.47000122070312,77.43360900878906
2017-10-04,89.45999908447266,77.42495727539062
2017-10-05,89.4000015258789,77.37301635742188
2017-10-06,89.3499984741211,77.32975006103516
2017-10-09,89.04000091552734,77.06145477294922
2017-10-10,89.61000061035156,77.55477905273438
2017-10-11,89.75,77.67593383789062
2017-10-12,89.98999786376953,77.88363647460938
2017-10-13,89.97000122070312,77.86634063720703
2017-10-16,89.9800033569336,77.87498474121094
2017-10-17,89.73999786376953,77.66728973388672
2017-10-18,90.0,77.89229583740234
2017-10-19,90.13999938964844,78.01346588134766
2017-10-20,90.69999694824219,78.49812316894531
2017-10-23,90.33000183105469,78.17791748046875
2017-10-24,90.52999877929688,78.35100555419922
2017-10-25,90.19999694824219,78.06539154052734
2017-10-26,90.43000030517578,78.26445007324219
2017-10-27,90.4800033569336,78.30773162841797
2017-10-30,90.36000061035156,78.20387268066406
2017-10-31,90.19000244140625,78.05674743652344
2017-11-01,90.2300033569336,78.09135437011719
2017-11-02,90.4800033569336,78.30773162841797
2017-11-03,90.54000091552734,78.35962677001953
2017-11-06,90.69999694824219,78.49812316894531
2017-11-07,90.69999694824219,78.49812316894531
2017-11-08,90.61000061035156,78.42024230957031
2017-11-09,89.58999633789062,77.5374526977539
2017-11-10,89.30999755859375,77.29511260986328
2017-11-13,88.72000122070312,76.78450775146484
2017-11-14,88.5,76.59408569335938
2017-11-15,88.08999633789062,76.2392578125
2017-11-16,89.16999816894531,77.17394256591797
2017-11-17,88.51000213623047,76.60273742675781
2017-11-20,88.83999633789062,76.88835144042969
2017-11-21,89.4000015258789,77.37301635742188
2017-11-22,89.69000244140625,77.62399291992188
2017-11-24,89.87000274658203,77.77980041503906
2017-11-27,89.72000122070312,77.64997100830078
2017-11-28,90.72000122070312,78.51544189453125
2017-11-29,90.97000122070312,78.7318115234375
2017-11-30,91.63999938964844,79.3116683959961
2017-12-01,90.9000015258789,78.67121887207031
2017-12-04,91.16999816894531,78.9048843383789
2017-12-05,90.86000061035156,78.6365966796875
2017-12-06,90.69000244140625,78.48946380615234
2017-12-07,91.36000061035156,79.0693359375
2017-12-08,91.52999877929688,79.21646118164062
2017-12-11,91.37999725341797,79.08665466308594
2017-12-12,91.52999877929688,79.21646118164062
2017-12-13,91.75,79.40685272216797
2017-12-14,91.33999633789062,79.05203247070312
2017-12-15,91.81999969482422,79.46746063232422
2017-12-18,92.66999816894531,80.20311737060547
2017-12-19,92.69999694824219,80.22906494140625
2017-12-20,92.68000030517578,80.21176147460938
2017-12-21,92.27999877929688,80.34061431884766
2017-12-22,92.61000061035156,80.62792205810547
2017-12-26,92.54000091552734,80.56697082519531
2017-12-27,92.61000061035156,80.62792205810547
2017-12-28,92.7300033569336,80.73239135742188
2017-12-29,92.87000274658203,80.85427856445312
2018-01-02,93.4000015258789,81.31570434570312
2018-01-03,93.94000244140625,81.78584289550781
2018-01-04,95.0,82.70868682861328
2018-01-05,95.75,83.36164855957031
2018-01-08,95.77999877929688,83.38778686523438
2018-01-09,96.20999908447266,83.76211547851562
2018-01-10,96.12999725341797,83.69248962402344
2018-01-11,97.0999984741211,84.5369873046875
2018-01-12,98.02999877929688,85.34666442871094
2018-01-16,97.75,85.10289001464844
2018-01-17,98.1500015258789,85.45111846923828
2018-01-18,97.77999877929688,85.12902069091797
2018-01-19,98.08000183105469,85.39019775390625
2018-01-22,98.16999816894531,85.46855926513672
2018-01-23,98.5199966430664,85.77325439453125
2018-01-24,98.23999786376953,85.52949523925781
2018-01-25,98.0999984741211,85.40760803222656
2018-01-26,99.0199966430664,86.20856475830078
2018-01-29,98.33000183105469,85.60784149169922
2018-01-30,97.68000030517578,85.04193878173828
2018-01-31,97.80000305175781,85.14642333984375
2018-02-01,97.58000183105469,84.95487213134766
2018-02-02,95.6500015258789,83.27461242675781
2018-02-05,91.41999816894531,79.59188079833984
2018-02-06,93.06999969482422,81.02839660644531
2018-02-07,92.69000244140625,80.69756317138672
2018-02-08,89.5999984741211,78.0073471069336
2018-02-09,90.23999786376953,78.56454467773438
2018-02-12,91.83000183105469,79.94883728027344
2018-02-13,91.52999877929688,79.6876449584961
2018-02-14,92.98999786376953,80.958740234375
2018-02-15,94.05999755859375,81.89029693603516
2018-02-16,94.4800033569336,82.2559814453125
2018-02-20,93.80000305175781,81.66395568847656
2018-02-21,94.75,82.49102783203125
2018-02-22,94.30000305175781,82.09925079345703
2018-02-23,94.88999938964844,82.61293029785156
2018-02-26,95.70999908447266,83.32682800292969
2018-02-27,94.73999786376953,82.48233795166016
2018-02-28,93.05999755859375,81.01970672607422
2018-03-01,91.37999725341797,79.55706024169922
2018-03-02,91.4000015258789,79.57447052001953
2018-03-05,92.16999816894531,80.2448501586914
2018-03-06,92.69000244140625,80.69756317138672
2018-03-07,92.80000305175781,80.7933349609375
2018-03-08,92.95999908447266,80.93263244628906
2018-03-09,94.33999633789062,82.13408660888672
2018-03-12,94.05000305175781,81.88160705566406
2018-03-13,93.41999816894531,81.33311462402344
2018-03-14,92.94999694824219,80.9239273071289
2018-03-15,93.0199966430664,80.98486328125
2018-03-16,93.27999877929688,81.21122741699219
2018-03-19,92.5199966430664,80.549560546875
2018-03-20,92.69999694824219,80.70626831054688
2018-03-21,92.86000061035156,80.84557342529297
2018-03-22,90.25,78.5732650756836
2018-03-23,89.0999984741211,77.57205200195312
2018-03-26,90.91000366210938,79.14787292480469
2018-03-27,90.27999877929688,78.599365234375
2018-03-28,90.12000274658203,78.4600830078125
2018-03-29,91.38999938964844,79.56575775146484
2018-04-02,89.68000030517578,78.07699584960938
2018-04-03,90.55999755859375,78.84314727783203
2018-04-04,90.58000183105469,78.86055755615234
2018-04-05,91.36000061035156,79.53964233398438
2018-04-06,89.87999725341797,78.25110626220703
2018-04-09,89.95999908447266,78.3207778930664
2018-04-10,91.29000091552734,79.47870635986328
2018-04-11,90.56999969482422,78.85185241699219
2018-04-12,91.41000366210938,79.58316802978516
2018-04-13,91.19000244140625,79.39165496826172
2018-04-16,91.98999786376953,80.088134765625
2018-04-17,92.44000244140625,80.47991180419922
2018-04-18,93.4800033569336,81.3853530883789
2018-04-19,93.0999984741211,81.05451965332031
2018-04-20,92.8499984741211,80.83685302734375
2018-04-23,92.5999984741211,80.61921691894531
2018-04-24,91.18000030517578,79.38292694091797
2018-04-25,90.97000122070312,79.20011138916016
2018-04-26,91.05999755859375,79.2784652709961
2018-04-27,90.98999786376953,79.21751403808594
2018-04-30,90.37000274658203,78.67774200439453
2018-05-01,90.12999725341797,78.46878814697266
2018-05-02,89.6500015258789,78.05087280273438
2018-05-03,89.6500015258789,78.05087280273438
2018-05-04,90.4800033569336,78.77350616455078
2018-05-07,90.80000305175781,79.05210876464844
2018-05-08,91.38999938964844,79.56575775146484
2018-05-09,91.77999877929688,79.90528869628906
2018-05-10,92.55000305175781,80.57568359375
2018-05-11,92.83999633789062,80.82816314697266
2018-05-14,92.5999984741211,80.61921691894531
2018-05-15,92.25,80.31448364257812
2018-05-16,92.33999633789062,80.39283752441406
2018-05-17,92.73999786376953,80.74109649658203
2018-05-18,92.97000122070312,80.94132995605469
2018-05-21,94.0999984741211,81.92513275146484
2018-05-22,93.48999786376953,81.39405822753906
2018-05-23,92.79000091552734,80.78462982177734
2018-05-24,93.0,80.96745300292969
2018-05-25,92.87000274658203,80.85427856445312
2018-05-29,91.36000061035156,79.53964233398438
2018-05-30,92.52999877929688,80.5582504272461
2018-05-31,91.66000366210938,79.80082702636719
2018-06-01,92.51000213623047,80.54086303710938
2018-06-04,92.5999984741211,80.61921691894531
2018-06-05,92.55000305175781,80.57568359375
2018-06-06,93.41000366210938,81.32441711425781
2018-06-07,93.44000244140625,81.35051727294922
2018-06-08,93.44000244140625,81.35051727294922
2018-06-11,93.88999938964844,81.7423095703125
2018-06-12,93.56999969482422,81.46369934082031
2018-06-13,93.58000183105469,81.47241973876953
2018-06-14,93.18000030517578,81.12418365478516
2018-06-15,92.68000030517578,80.6888656616211
2018-06-18,92.22000122070312,80.28836822509766
2018-06-19,89.4800033569336,78.85370635986328
2018-06-20,89.41000366210938,78.79203033447266
2018-06-21,88.55999755859375,78.04296112060547
2018-06-22,89.23999786376953,78.6422119140625
2018-06-25,87.83999633789062,77.40846252441406
2018-06-26,87.94999694824219,77.50541687011719
2018-06-27,87.22000122070312,76.86209869384766
2018-06-28,87.44999694824219,77.06478118896484
2018-06-29,87.88999938964844,77.45252990722656
2018-07-02,87.31999969482422,76.95022583007812
2018-07-03,87.81999969482422,77.39085388183594
2018-07-05,87.62000274658203,77.214599609375
2018-07-06,88.05000305175781,77.59354400634766
2018-07-09,89.36000061035156,78.74795532226562
2018-07-10,89.5199966430664,78.88894653320312
2018-07-11,88.20999908447266,77.73454284667969
2018-07-12,88.87999725341797,78.32495880126953
2018-07-13,89.4800033569336,78.85370635986328
2018-07-16,89.26000213623047,78.65985107421875
2018-07-17,89.62999725341797,78.98590087890625
2018-07-18,90.12999725341797,79.42652893066406
2018-07-19,90.11000061035156,79.40888214111328
2018-07-20,90.31999969482422,79.5939712524414
2018-07-23,89.88999938964844,79.21501922607422
2018-07-24,90.20999908447266,79.49702453613281
2018-07-25,91.38999938964844,80.53688049316406
2018-07-26,91.98999786376953,81.06564331054688
2018-07-27,91.91000366210938,80.99515533447266
2018-07-30,91.33999633789062,80.49283599853516
2018-07-31,92.37000274658203,81.40052032470703
2018-08-01,91.5999984741211,80.72193908691406
2018-08-02,91.13999938964844,80.31657409667969
2018-08-03,91.12999725341797,80.3077621459961
2018-08-06,90.88999938964844,80.09626007080078
2018-08-07,91.66999816894531,80.78362274169922
2018-08-08,91.38999938964844,80.53688049316406
2018-08-09,91.22000122070312,80.3870620727539
2018-08-10,89.80000305175781,79.13571166992188
2018-08-13,89.58000183105469,78.94183349609375
2018-08-14,90.0999984741211,79.40007781982422
2018-08-15,89.2699966430664,78.66865539550781
2018-08-16,90.01000213623047,79.32078552246094
2018-08-17,90.66999816894531,79.90240478515625
2018-08-20,91.01000213623047,80.20201873779297
2018-08-21,91.70999908447266,80.81888580322266
2018-08-22,91.51000213623047,80.64263916015625
2018-08-23,90.95999908447266,80.15795135498047
2018-08-24,91.3499984741211,80.50163269042969
2018-08-27,92.76000213623047,81.74418640136719
2018-08-28,92.62000274658203,81.62081146240234
2018-08-29,92.8499984741211,81.82350158691406
2018-08-30,91.9800033569336,81.05682373046875
2018-08-31,92.08000183105469,81.14495086669922
2018-09-04,91.37999725341797,80.528076171875
2018-09-05,91.3499984741211,80.50163269042969
2018-09-06,91.69000244140625,80.80126953125
2018-09-07,91.13999938964844,80.31657409667969
2018-09-10,91.80999755859375,80.90702819824219
2018-09-11,92.0,81.07445526123047
2018-09-12,92.31999969482422,81.35646057128906
2018-09-13,92.72000122070312,81.70893859863281
2018-09-14,93.2300033569336,82.15839385986328
2018-09-17,93.37999725341797,82.29055786132812
2018-09-18,94.30999755859375,83.11012268066406
2018-09-19,94.37000274658203,83.1629867553711
2018-09-20,95.0199966430664,83.73579406738281
2018-09-21,95.12000274658203,83.82392120361328
2018-09-24,94.05000305175781,82.88099670410156
2018-09-25,94.18000030517578,82.99555206298828
2018-09-26,94.18000030517578,82.99555206298828
2018-09-27,93.97000122070312,82.81050109863281
2018-09-28,93.66000366210938,82.53731536865234
2018-10-01,94.16000366210938,82.9779281616211
2018-10-02,93.76000213623047,82.62542724609375
2018-10-03,93.76000213623047,82.62542724609375
2018-10-04,93.4000015258789,82.30818939208984
2018-10-05,92.83999633789062,81.81468963623047
2018-10-08,92.8499984741211,81.82350158691406
2018-10-09,91.87999725341797,80.96868896484375
2018-10-10,88.87000274658203,78.316162109375
2018-10-11,87.83999633789062,77.40846252441406
2018-10-12,87.5999984741211,77.19696044921875
2018-10-15,87.5999984741211,77.19696044921875
2018-10-16,89.05999755859375,78.48358154296875
2018-10-17,88.5,77.9900894165039
2018-10-18,87.01000213623047,76.67704010009766
2018-10-19,86.62999725341797,76.3421630859375
2018-10-22,86.08999633789062,75.86628723144531
2018-10-23,84.98999786376953,74.89691162109375
2018-10-24,82.2699966430664,72.49993896484375
2018-10-25,83.13999938964844,73.2666244506836
2018-10-26,82.43000030517578,72.64095306396484
2018-10-29,81.52999877929688,71.84782409667969
2018-10-30,82.88999938964844,73.04631805419922
2018-10-31,83.75,73.80418395996094
2018-11-01,84.73999786376953,74.67662811279297
2018-11-02,84.98999786376953,74.89691162109375
2018-11-05,84.8499984741211,74.7735595703125
2018-11-06,85.80999755859375,75.61953735351562
2018-11-07,86.7699966430664,76.46553039550781
2018-11-08,86.12999725341797,75.90153503417969
2018-11-09,85.33000183105469,75.19654083251953
2018-11-12,84.0,74.02449798583984
2018-11-13,84.63999938964844,74.58848571777344
2018-11-14,84.55999755859375,74.51799011230469
2018-11-15,84.94999694824219,74.86165618896484
2018-11-16,85.0,74.90574645996094
2018-11-19,83.94000244140625,73.97162628173828
2018-11-20,82.41999816894531,72.63214111328125
2018-11-21,83.41000366210938,73.50457000732422
2018-11-23,83.26000213623047,73.37237548828125
2018-11-26,83.9800033569336,74.00688171386719
2018-11-27,83.62000274658203,73.68960571289062
2018-11-28,85.33999633789062,75.20536041259766
2018-11-29,85.4000015258789,75.25825500488281
2018-11-30,85.72000122070312,75.54022979736328
2018-12-03,86.79000091552734,76.48316192626953
2018-12-04,83.4000015258789,73.49575805664062
2018-12-06,82.44999694824219,72.6585464477539
2018-12-07,81.11000061035156,71.47771453857422
2018-12-10,81.0999984741211,71.46888732910156
2018-12-11,80.80000305175781,71.20450592041016
2018-12-12,81.80999755859375,72.09458923339844
2018-12-13,81.7300033569336,72.02406311035156
2018-12-14,80.3499984741211,70.80794525146484
2018-12-17,79.23999786376953,69.82978057861328
2018-12-18,79.26000213623047,70.39016723632812
2018-12-19,78.0999984741211,69.3599624633789
2018-12-20,76.80999755859375,68.2143325805664
2018-12-21,75.30000305175781,66.87332153320312
2018-12-24,73.93000030517578,65.65662384033203
2018-12-26,76.33000183105469,67.78804779052734
2018-12-27,77.19000244140625,68.55180358886719
2018-12-28,77.26000213623047,68.61398315429688
2018-12-31,77.91999816894531,69.20012664794922
2019-01-02,77.93000030517578,69.20899963378906
2019-01-03,76.20999908447266,67.68148040771484
2019-01-04,79.13999938964844,70.28358459472656
2019-01-07,79.58999633789062,70.6832275390625
2019-01-08,80.52999877929688,71.5180435180664
2019-01-09,81.16999816894531,72.08641052246094
2019-01-10,82.04000091552734,72.85905456542969
2019-01-11,81.3499984741211,72.24628448486328
2019-01-14,81.30999755859375,72.21073913574219
2019-01-15,81.48999786376953,72.37059783935547
2019-01-16,81.58000183105469,72.45053100585938
2019-01-17,82.3499984741211,73.13435363769531
2019-01-18,83.7699966430664,74.39543151855469
2019-01-22,82.38999938964844,73.16987609863281
2019-01-23,82.58999633789062,73.34749603271484
2019-01-24,82.70999908447266,73.4540786743164
2019-01-25,83.88999938964844,74.50202941894531
2019-01-28,83.27999877929688,73.96029663085938
2019-01-29,83.87999725341797,74.4931411743164
2019-01-30,84.87999725341797,75.38121795654297
2019-01-31,85.2699966430664,75.72759246826172
2019-02-01,85.44000244140625,75.87855529785156
2019-02-04,86.06999969482422,76.43804931640625
2019-02-05,86.76000213623047,77.05085754394531
2019-02-06,86.45999908447266,76.78441619873047
2019-02-07,85.48999786376953,75.92296600341797
2019-02-08,85.25,75.7098388671875
2019-02-11,85.44999694824219,75.887451171875
2019-02-12,86.77999877929688,77.06861114501953
2019-02-13,86.97000122070312,77.23735046386719
2019-02-14,87.13999938964844,77.38832092285156
2019-02-15,88.27999877929688,78.40074157714844
2019-02-19,88.45999908447266,78.56060028076172
2019-02-20,89.08000183105469,79.11123657226562
2019-02-21,88.68000030517578,78.75599670410156
2019-02-22,89.22000122070312,79.23554992675781
2019-02-25,89.58000183105469,79.5552749633789
2019-02-26,89.62999725341797,79.59967803955078
2019-02-27,89.52999877929688,79.5108642578125
2019-02-28,89.26000213623047,79.27108764648438
2019-03-01,89.18000030517578,79.20002746582031
2019-03-04,89.11000061035156,79.13786315917969
2019-03-05,88.7300033569336,78.80038452148438
2019-03-06,88.22000122070312,78.34746551513672
2019-03-07,87.16999816894531,77.41497039794922
2019-03-08,86.81999969482422,77.1041259765625
2019-03-11,87.91000366210938,78.0721664428711
2019-03-12,87.33000183105469,77.55705261230469
2019-03-13,88.05000305175781,78.19649505615234
2019-03-14,88.05000305175781,78.19649505615234
2019-03-15,88.30000305175781,78.41850280761719
2019-03-18,88.80999755859375,78.87142944335938
2019-03-19,88.66999816894531,78.74710845947266
2019-03-20,88.61000061035156,78.69381713867188
2019-03-21,89.1500015258789,79.17340087890625
2019-03-22,87.1500015258789,77.39720916748047
2019-03-25,87.02999877929688,77.2906265258789
2019-03-26,87.80000305175781,77.9744644165039
2019-03-27,87.94000244140625,78.0987777709961
2019-03-28,88.11000061035156,78.24977111816406
2019-03-29,88.94999694824219,78.99578094482422
2019-04-01,90.41999816894531,80.30126953125
2019-04-02,90.44000244140625,80.31901550292969
2019-04-03,90.73999786376953,80.58544921875
2019-04-04,90.91999816894531,80.74530029296875
2019-04-05,91.0999984741211,80.9051742553711
2019-04-08,90.9000015258789,80.7275390625
2019-04-09,89.9800033569336,79.9104995727539
2019-04-10,90.11000061035156,80.02594757080078
2019-04-11,90.6500015258789,80.5055160522461
2019-04-12,91.55000305175781,81.3048095703125
2019-04-15,91.31999969482422,81.10054016113281
2019-04-16,91.72000122070312,81.45576477050781
2019-04-17,92.05000305175781,81.74886322021484
2019-04-18,92.66000366210938,82.29059600830078
2019-04-22,92.48999786376953,82.13960266113281
2019-04-23,92.94000244140625,82.53926849365234
2019-04-24,92.75,82.37051391601562
2019-04-25,91.79000091552734,81.5179443359375
2019-04-26,92.20999908447266,81.89095306396484
2019-04-29,92.69999694824219,82.32611846923828
2019-04-30,92.98999786376953,82.5836410522461
2019-05-01,92.27999877929688,81.95310974121094
2019-05-02,91.83999633789062,81.56236267089844
2019-05-03,92.91000366210938,82.51261138916016
2019-05-06,92.05000305175781,81.74886322021484
2019-05-07,90.0,79.92826080322266
2019-05-08,90.1500015258789,80.06147766113281
2019-05-09,89.81999969482422,79.76841735839844
2019-05-10,90.44999694824219,80.32791900634766
2019-05-13,88.12000274658203,78.25865936279297
2019-05-14,89.12000274658203,79.1467514038086
2019-05-15,89.29000091552734,79.29772186279297
2019-05-16,90.11000061035156,80.02594757080078
2019-05-17,89.4000015258789,79.3954086303711
2019-05-20,88.94999694824219,78.99578094482422
2019-05-21,89.6500015258789,79.617431640625
2019-05-22,89.08999633789062,79.12008666992188
2019-05-23,87.81999969482422,77.99223327636719
2019-05-24,88.37000274658203,78.48068237304688
2019-05-28,87.38999938964844,77.6103515625
2019-05-29,86.9800033569336,77.24624633789062
2019-05-30,87.3499984741211,77.57481384277344
2019-05-31,86.30000305175781,76.642333984375
2019-06-03,87.0999984741211,77.35279083251953
2019-06-04,88.54000091552734,78.63166046142578
2019-06-05,89.13999938964844,79.16449737548828
2019-06-06,89.25,79.26219940185547
2019-06-07,90.23999786376953,80.14140319824219
2019-06-10,90.48999786376953,80.3634262084961
2019-06-11,90.41000366210938,80.2923812866211
2019-06-12,90.08000183105469,79.99931335449219
2019-06-13,90.4800033569336,80.35456848144531
2019-06-14,90.06999969482422,79.99043273925781
2019-06-17,88.87000274658203,79.90144348144531
2019-06-18,90.05999755859375,80.97134399414062
2019-06-19,90.37999725341797,81.259033203125
2019-06-20,91.8499984741211,82.58069610595703
2019-06-21,91.29000091552734,82.07720184326172
2019-06-24,91.30000305175781,82.0862045288086
2019-06-25,90.7300033569336,81.57371520996094
2019-06-26,90.77999877929688,81.6186752319336
2019-06-27,90.83999633789062,81.67262268066406
2019-06-28,91.56999969482422,82.32894134521484
2019-07-01,92.01000213623047,82.72455596923828
2019-07-02,91.87999725341797,82.6076431274414
2019-07-03,92.38999938964844,83.06617736816406
2019-07-05,91.45999908447266,82.23005676269531
2019-07-08,90.87000274658203,81.6995849609375
2019-07-09,90.66999816894531,81.519775390625
2019-07-10,90.56999969482422,81.42986297607422
2019-07-11,90.77999877929688,81.6186752319336
2019-07-12,92.02999877929688,82.74252319335938
2019-07-15,91.75,82.49077606201172
2019-07-16,91.98999786376953,82.7065658569336
2019-07-17,90.98999786376953,81.80747985839844
2019-07-18,90.77999877929688,81.6186752319336
2019-07-19,91.22000122070312,82.01426696777344
2019-07-22,91.18000030517578,81.9782943725586
2019-07-23,92.25,82.94031524658203
2019-07-24,92.44000244140625,83.11113739013672
2019-07-25,91.94000244140625,82.66160583496094
2019-07-26,92.13999938964844,82.84143829345703
2019-07-29,91.91999816894531,82.64361572265625
2019-07-30,91.6500015258789,82.40087127685547
2019-07-31,90.9800033569336,81.7984848022461
2019-08-01,89.80000305175781,80.73756408691406
2019-08-02,88.97000122070312,79.99134826660156
2019-08-05,86.7300033569336,77.9773941040039
2019-08-06,87.73999786376953,78.88545989990234
2019-08-07,87.94000244140625,79.06526947021484
2019-08-08,89.18000030517578,80.18013763427734
2019-08-09,88.38999938964844,79.4698715209961
2019-08-12,87.4800033569336,78.65169525146484
2019-08-13,88.37000274658203,79.45188903808594
2019-08-14,85.70999908447266,77.06031799316406
2019-08-15,85.69999694824219,77.05133819580078
2019-08-16,87.01000213623047,78.22913360595703
2019-08-19,87.76000213623047,78.90345764160156
2019-08-20,87.30000305175781,78.48986053466797
2019-08-21,88.12999725341797,79.2361068725586
2019-08-22,87.94999694824219,79.07426452636719
2019-08-23,86.05999755859375,77.37500762939453
2019-08-26,86.83000183105469,78.06729888916016
2019-08-27,86.5999984741211,77.8604965209961
2019-08-28,86.87999725341797,78.11225128173828
2019-08-29,88.25,79.34398651123047
2019-08-30,88.62999725341797,79.68565368652344
2019-09-03,87.77999877929688,78.92143249511719
2019-09-04,88.8499984741211,79.8834457397461
2019-09-05,90.18000030517578,81.07921600341797
2019-09-06,90.41000366210938,81.28600311279297
2019-09-09,90.68000030517578,81.52877044677734
2019-09-10,91.12999725341797,81.933349609375
2019-09-11,91.88999938964844,82.61665344238281
2019-09-12,92.33000183105469,83.01225280761719
2019-09-13,92.94000244140625,83.56069946289062
2019-09-16,92.27999877929688,82.96728515625
2019-09-17,92.5,83.16509246826172
2019-09-18,92.41000366210938,83.08417510986328
2019-09-19,92.37000274658203,83.04823303222656
2019-09-20,91.62000274658203,82.37389373779297
2019-09-23,91.33000183105469,82.11315155029297
2019-09-24,91.04000091552734,81.8524169921875
2019-09-25,91.12999725341797,81.933349609375
2019-09-26,91.2699966430664,82.05921936035156
2019-09-27,91.01000213623047,81.8254623413086
2019-09-30,91.33000183105469,82.11315155029297
2019-10-01,89.7699966430664,80.71058654785156
2019-10-02,87.80999755859375,78.94840240478516
2019-10-03,88.37000274658203,79.45188903808594
2019-10-04,89.41000366210938,80.38693237304688
2019-10-07,89.13999938964844,80.1441650390625
2019-10-08,87.87000274658203,79.0023422241211
2019-10-09,88.68000030517578,79.73060607910156
2019-10-10,89.31999969482422,80.3060302734375
2019-10-11,90.93000030517578,81.7535400390625
2019-10-14,90.76000213623047,81.6007080078125
2019-10-15,91.6500015258789,82.40087127685547
2019-10-16,91.70999908447266,82.4548110961914
2019-10-17,91.88999938964844,82.61665344238281
2019-10-18,91.69999694824219,82.44581604003906
2019-10-21,92.41000366210938,83.08417510986328
2019-10-22,92.70999908447266,83.3539047241211
2019-10-23,92.91000366210938,83.5337142944336
2019-10-24,93.27999877929688,83.86637115478516
2019-10-25,93.63999938964844,84.19005584716797
2019-10-28,93.91999816894531,84.44178771972656
2019-10-29,94.20999908447266,84.70252227783203
2019-10-30,94.58000183105469,85.03519439697266
2019-10-31,94.12999725341797,84.63058471679688
2019-11-01,95.44000244140625,85.80840301513672
2019-11-04,96.5,86.76141357421875
2019-11-05,96.37999725341797,86.65352630615234
2019-11-06,96.45999908447266,86.72544860839844
2019-11-07,96.97000122070312,87.18399047851562
2019-11-08,97.19000244140625,87.38178253173828
2019-11-11,96.93000030517578,87.14802551269531
2019-11-12,97.0199966430664,87.22892761230469
2019-11-13,96.76000213623047,86.99517822265625
2019-11-14,97.05000305175781,87.25592041015625
2019-11-15,97.55999755859375,87.7144546508789
2019-11-18,97.41999816894531,87.58856201171875
2019-11-19,97.29000091552734,87.47169494628906
2019-11-20,96.58999633789062,86.84233093261719
2019-11-21,96.5,86.76141357421875
2019-11-22,97.0,87.2109603881836
2019-11-25,97.69000244140625,87.83132934570312
2019-11-26,98.11000061035156,88.2089614868164
2019-11-27,97.97000122070312,88.08306884765625
2019-11-29,97.18000030517578,87.3727798461914
2019-12-02,96.1500015258789,86.44673156738281
2019-12-03,95.41999816894531,85.79041290283203
2019-12-04,96.13999938964844,86.437744140625
2019-12-05,96.0,86.31188201904297
2019-12-06,97.12000274658203,87.31885528564453
2019-12-09,96.80000305175781,87.0311508178711
2019-12-10,96.6500015258789,86.89627838134766
2019-12-11,97.11000061035156,87.30986022949219
2019-12-12,98.08999633789062,88.19095611572266
2019-12-13,97.9800033569336,88.0920639038086
2019-12-16,97.95999908447266,88.59125518798828
2019-12-17,97.56999969482422,88.23856353759766
2019-12-18,97.18000030517578,87.88585662841797
2019-12-19,97.16000366210938,87.86778259277344
2019-12-20,97.5199966430664,88.19334411621094
2019-12-23,97.76000213623047,88.41038513183594
2019-12-24,97.66999816894531,88.32902526855469
2019-12-26,97.83000183105469,88.47370147705078
2019-12-27,98.01000213623047,88.6364974975586
2019-12-30,97.16999816894531,87.8768310546875
2019-12-31,97.27999877929688,87.97630310058594
2020-01-02,98.83999633789062,89.3871078491211
2020-01-03,98.16999816894531,88.78118896484375
2020-01-06,98.16000366210938,88.77213287353516
2020-01-07,98.06999969482422,88.69075012207031
2020-01-08,98.45999908447266,89.04344940185547
2020-01-09,98.75,89.30571746826172
2020-01-10,98.08000183105469,88.69978332519531
2020-01-13,98.93000030517578,89.46849060058594
2020-01-14,99.05000305175781,89.57701873779297
2020-01-15,99.12000274658203,89.64032745361328
2020-01-16,99.70999908447266,90.17390441894531
2020-01-17,99.88999938964844,90.33668518066406
2020-01-21,99.19999694824219,89.7126693725586
2020-01-22,98.94000244140625,89.47754669189453
2020-01-23,99.4800033569336,89.96590423583984
2020-01-24,99.16999816894531,89.68553924560547
2020-01-27,97.25,87.94917297363281
2020-01-28,97.7699966430664,88.41944885253906
2020-01-29,98.16999816894531,88.78118896484375
2020-01-30,98.19999694824219,88.8083267211914
2020-01-31,96.18000030517578,86.98151397705078
2020-02-03,96.30999755859375,87.09906005859375
2020-02-04,98.16999816894531,88.78118896484375
2020-02-05,99.48999786376953,89.97493743896484
2020-02-06,99.66999816894531,90.13772583007812
2020-02-07,98.76000213623047,89.31475067138672
2020-02-10,99.13999938964844,89.6584243774414
2020-02-11,99.62999725341797,90.10155487060547
2020-02-12,100.0,90.43616485595703
2020-02-13,99.29000091552734,89.7940673828125
2020-02-14,99.19000244140625,89.7036361694336
2020-02-18,98.22000122070312,88.82640838623047
2020-02-19,98.52999877929688,89.10676574707031
2020-02-20,98.18000030517578,88.79023742675781
2020-02-21,97.6500015258789,88.3109130859375
2020-02-24,94.19999694824219,85.19085693359375
2020-02-25,91.41999816894531,82.6767578125
2020-02-26,91.16999816894531,82.45065307617188
2020-02-27,87.94999694824219,79.53860473632812
2020-02-28,86.5199966430664,78.245361328125
2020-03-02,89.18000030517578,80.65097045898438
2020-03-03,87.6500015258789,79.26728057861328
2020-03-04,90.66000366210938,81.98942565917969
2020-03-05,86.83999633789062,78.53475952148438
2020-03-06,85.83999633789062,77.6303939819336
2020-03-09,78.80999755859375,71.27274322509766
2020-03-10,81.93000030517578,74.09434509277344
2020-03-11,77.51000213623047,70.09708404541016
2020-03-12,69.62000274658203,62.96164321899414
2020-03-13,73.30000305175781,66.28971862792969
2020-03-16,65.80000305175781,59.50700378417969
2020-03-17,68.19000244140625,61.668426513671875
2020-03-18,63.43000030517578,57.36366271972656
2020-03-19,64.06999969482422,57.94245147705078
2020-03-20,62.38999938964844,56.42312240600586
2020-03-23,60.439998626708984,54.65962219238281
2020-03-24,66.7300033569336,60.348052978515625
2020-03-25,69.83000183105469,63.151580810546875
2020-03-26,73.8499984741211,66.78709411621094
2020-03-27,71.41999816894531,64.58949279785156
2020-03-30,72.19000244140625,65.28588104248047
2020-03-31,71.05999755859375,64.26394653320312
2020-04-01,67.45999908447266,61.008243560791016
2020-04-02,68.58999633789062,62.03015899658203
2020-04-03,67.12000274658203,60.70075988769531
2020-04-06,71.9000015258789,65.02359771728516
2020-04-07,72.36000061035156,65.43961334228516
2020-04-08,73.70999908447266,66.66050720214844
2020-04-09,75.27999877929688,68.08035278320312
2020-04-13,73.6500015258789,66.60623931884766
2020-04-14,74.79000091552734,67.63719177246094
2020-04-15,72.69000244140625,65.7380599975586
2020-04-16,71.98999786376953,65.10499572753906
2020-04-17,75.11000061035156,67.92660522460938
2020-04-20,73.5199966430664,66.4886703491211
2020-04-21,71.66999816894531,64.81558227539062
2020-04-22,72.80999755859375,65.84654235839844
2020-04-23,73.05999755859375,66.07266235351562
2020-04-24,73.33999633789062,66.32587432861328
2020-04-27,75.06999969482422,67.89043426513672
2020-04-28,76.4000015258789,69.09323120117188
2020-04-29,78.30000305175781,70.8115234375
2020-04-30,76.55999755859375,69.2379150390625
2020-05-01,74.5999984741211,67.46537780761719
2020-05-04,73.76000213623047,66.70571899414062
2020-05-05,74.30999755859375,67.20310974121094
2020-05-06,73.38999938964844,66.37109375
2020-05-07,74.23999786376953,67.13981628417969
2020-05-08,76.22000122070312,68.93047332763672
2020-05-11,76.04000091552734,68.76765441894531
2020-05-12,74.30999755859375,67.20310974121094
2020-05-13,73.0,66.01839447021484
2020-05-14,72.7699966430664,65.81038665771484
2020-05-15,72.86000061035156,65.89179992675781
2020-05-18,77.0,69.63584899902344
2020-05-19,76.19999694824219,68.91236114501953
2020-05-20,78.04000091552734,70.57638549804688
2020-05-21,77.33999633789062,69.94331359863281
2020-05-22,77.16999816894531,69.78958892822266
2020-05-26,80.62999725341797,72.9186782836914
2020-05-27,82.51000213623047,74.61888885498047
2020-05-28,82.58999633789062,74.69122314453125
2020-05-29,81.98999786376953,74.14861297607422
2020-06-01,82.6500015258789,74.7454833984375
2020-06-02,83.69999694824219,75.69507598876953
2020-06-03,86.69999694824219,78.40814971923828
2020-06-04,86.87000274658203,78.56189727783203
2020-06-05,89.44000244140625,80.8861083984375
2020-06-08,90.9800033569336,82.27882385253906
2020-06-09,89.23999786376953,80.70523071289062
2020-06-10,87.91000366210938,79.50244903564453
2020-06-11,82.20999908447266,74.34757232666016
2020-06-12,83.70999908447266,75.7041015625
2020-06-15,83.56999969482422,76.2616958618164
2020-06-16,84.66999816894531,77.26547241210938
2020-06-17,84.6500015258789,77.24723052978516
2020-06-18,84.22000122070312,76.85482788085938
2020-06-19,83.51000213623047,76.2069320678711
2020-06-22,83.94999694824219,76.60845184326172
2020-06-23,84.0999984741211,76.74532318115234
2020-06-24,81.51000213623047,74.3818359375
2020-06-25,82.48999786376953,75.27613830566406
2020-06-26,81.29000091552734,74.18107604980469
2020-06-29,82.91000366210938,75.65940856933594
2020-06-30,83.41999816894531,76.12480163574219
2020-07-01,83.16999816894531,75.89666748046875
2020-07-02,83.87000274658203,76.53544616699219
2020-07-06,85.11000061035156,77.66700744628906
2020-07-07,83.7699966430664,76.44417572021484
2020-07-08,84.08999633789062,76.73619842529297
2020-07-09,82.58000183105469,75.35826873779297
2020-07-10,83.6500015258789,76.33470153808594
2020-07-13,83.7699966430664,76.44417572021484
2020-07-14,85.26000213623047,77.80388641357422
2020-07-15,87.19999694824219,79.57423400878906
2020-07-16,87.05999755859375,79.44647216796875
2020-07-17,87.41000366210938,79.765869140625
2020-07-20,87.04000091552734,79.42823028564453
2020-07-21,87.5999984741211,79.93925476074219
2020-07-22,88.33999633789062,80.61454772949219
2020-07-23,87.69000244140625,80.02136993408203
2020-07-24,87.12999725341797,79.5103530883789
2020-07-27,88.02999877929688,80.3316421508789
2020-07-28,87.30000305175781,79.66548919677734
2020-07-29,88.29000091552734,80.56891632080078
2020-07-30,87.41000366210938,79.765869140625
2020-07-31,85.95999908447266,78.44267272949219
2020-08-03,87.08000183105469,79.4647445678711
2020-08-04,87.37000274658203,79.72937774658203
2020-08-05,88.83000183105469,81.06168365478516
2020-08-06,89.26000213623047,81.4540786743164
2020-08-07,90.06999969482422,82.19324493408203
2020-08-10,91.5199966430664,83.51644134521484
2020-08-11,92.2300033569336,84.16434478759766
2020-08-12,93.27999877929688,85.12252044677734
2020-08-13,92.95999908447266,84.83051300048828
2020-08-14,92.68000030517578,84.57499694824219
2020-08-17,92.76000213623047,84.64799499511719
2020-08-18,92.7300033569336,84.6206283569336
2020-08-19,92.3499984741211,84.27387237548828
2020-08-20,92.06999969482422,84.0183334350586
2020-08-21,92.04000091552734,83.99097442626953
2020-08-24,93.47000122070312,85.29591369628906
2020-08-25,93.58999633789062,85.40541076660156
2020-08-26,93.8499984741211,85.6426773071289
2020-08-27,93.72000122070312,85.52406311035156
2020-08-28,94.4000015258789,86.14459228515625
2020-08-31,93.80999755859375,85.60617065429688
2020-09-01,94.22000122070312,85.9803237915039
2020-09-02,95.7300033569336,87.3582763671875
2020-09-03,93.26000213623047,85.10426330566406
2020-09-04,93.7300033569336,85.53316497802734
2020-09-08,92.37000274658203,84.29212188720703
2020-09-09,94.0199966430664,85.79779052734375
2020-09-10,92.95999908447266,84.83051300048828
2020-09-11,93.94999694824219,85.73394012451172
2020-09-14,94.97000122070312,86.66474151611328
2020-09-15,95.05999755859375,86.74686431884766
2020-09-16,95.43000030517578,87.08450317382812
2020-09-17,95.81999969482422,87.4404067993164
2020-09-18,95.0199966430664,86.71035766601562
2020-09-21,91.88999938964844,83.85408782958984
2020-09-22,92.43000030517578,84.34687805175781
2020-09-23,91.33000183105469,83.34304809570312
2020-09-24,91.37000274658203,83.37955474853516
2020-09-25,92.20999908447266,84.14610290527344
2020-09-28,93.66999816894531,85.4784164428711
2020-09-29,93.62000274658203,85.43279266357422
2020-09-30,93.19999694824219,85.04951477050781
2020-10-01,93.22000122070312,85.06777954101562
2020-10-02,93.56999969482422,85.38716125488281
2020-10-05,95.0199966430664,86.71035766601562
2020-10-06,94.12999725341797,85.89818572998047
2020-10-07,95.62000274658203,87.25789642333984
2020-10-08,96.25,87.83279418945312
2020-10-09,96.56999969482422,88.12483215332031
2020-10-12,97.16999816894531,88.6723403930664
2020-10-13,96.31999969482422,87.89665985107422
2020-10-14,96.45999908447266,88.0244369506836
2020-10-15,96.18000030517578,87.76892852783203
2020-10-16,96.87000274658203,88.39856719970703
2020-10-19,96.06999969482422,87.66854858398438
2020-10-20,96.79000091552734,88.3255615234375
2020-10-21,95.87000274658203,87.48603820800781
2020-10-22,96.1500015258789,87.74154663085938
2020-10-23,96.68000030517578,88.22518920898438
2020-10-26,94.44999694824219,86.19020080566406
2020-10-27,93.0199966430664,84.88526153564453
2020-10-28,90.05999755859375,82.18412780761719
2020-10-29,91.06999969482422,83.10578918457031
2020-10-30,90.7699966430664,82.83203125
2020-11-02,92.77999877929688,84.666259765625
2020-11-03,95.66000366210938,87.29439544677734
2020-11-04,95.38999938964844,87.04800415039062
2020-11-05,97.77999877929688,89.22899627685547
2020-11-06,98.05999755859375,89.4845199584961
2020-11-09,101.48999786376953,92.61454772949219
2020-11-10,102.69000244140625,93.70960998535156
2020-11-11,102.5,93.53621673583984
2020-11-12,101.20999908447266,92.35901641845703
2020-11-13,102.80000305175781,93.80999755859375
2020-11-16,104.70999908447266,95.5529556274414
2020-11-17,104.7300033569336,95.57122039794922
2020-11-18,104.01000213623047,94.91419219970703
2020-11-19,104.68000030517578,95.52558135986328
2020-11-20,104.36000061035156,95.23355865478516
2020-11-23,105.23999786376953,96.03661346435547
2020-11-24,106.97000122070312,97.61531829833984
2020-11-25,106.16999816894531,96.88528442382812
2020-11-27,106.1500015258789,96.86703491210938
2020-11-30,104.80999755859375,95.64420318603516
2020-12-01,105.62000274658203,96.38339233398438
2020-12-02,105.4800033569336,96.25562286376953
2020-12-03,105.7699966430664,96.52025604248047
2020-12-04,106.61000061035156,97.28678894042969
2020-12-07,105.93000030517578,96.666259765625
2020-12-08,106.54000091552734,97.2229232788086
2020-12-09,106.6500015258789,97.32330322265625
2020-12-10,106.0199966430664,96.74840545654297
2020-12-11,106.0999984741211,96.82140350341797
2020-12-14,104.93000030517578,96.4225845336914
2020-12-15,106.1500015258789,97.5436782836914
2020-12-16,105.91999816894531,97.33233642578125
2020-12-17,106.22000122070312,97.60800170898438
2020-12-18,106.27999877929688,97.66313171386719
2020-12-21,105.27999877929688,96.74421691894531
2020-12-22,104.94999694824219,96.44097137451172
2020-12-23,105.83999633789062,97.25880432128906
2020-12-24,105.79000091552734,97.21287536621094
2020-12-28,106.48999786376953,97.85610961914062
2020-12-29,106.37000274658203,97.74584197998047
2020-12-30,106.56999969482422,97.92963409423828
2020-12-31,106.7300033569336,98.07665252685547
2021-01-04,105.58000183105469,97.01988220214844
2021-01-05,106.45999908447266,97.82854461669922
2021-01-06,108.4800033569336,99.68475341796875
2021-01-07,109.23999786376953,100.38314056396484
2021-01-08,109.69999694824219,100.80584716796875
2021-01-11,108.75,99.93286895751953
2021-01-12,109.63999938964844,100.75071716308594
2021-01-13,109.1500015258789,100.30045318603516
2021-01-14,109.51000213623047,100.63126373291016
2021-01-15,107.66000366210938,98.9312515258789
2021-01-19,108.13999938964844,99.37232208251953
2021-01-20,109.0999984741211,100.25450134277344
2021-01-21,108.7300033569336,99.91449737548828
2021-01-22,108.26000213623047,99.48260498046875
2021-01-25,107.58999633789062,98.8669204711914
2021-01-26,106.80999755859375,98.15016174316406
2021-01-27,104.56999969482422,96.0917739868164
2021-01-28,105.95999908447266,97.36908721923828
2021-01-29,103.73999786376953,95.32905578613281
2021-02-01,104.83999633789062,96.33987426757812
2021-02-02,106.9000015258789,98.23285675048828
2021-02-03,107.04000091552734,98.36151885986328
2021-02-04,107.33999633789062,98.6371841430664
2021-02-05,108.16000366210938,99.39069366455078
2021-02-08,109.01000213623047,100.17178344726562
2021-02-09,109.5199966430664,100.64043426513672
2021-02-10,109.01000213623047,100.17178344726562
2021-02-11,109.37000274658203,100.50259399414062
2021-02-12,110.11000061035156,101.18260955810547
2021-02-16,110.20999908447266,101.2745132446289
2021-02-17,109.91999816894531,101.00800323486328
2021-02-18,109.11000061035156,100.2636947631836
2021-02-19,110.55000305175781,101.58694458007812
2021-02-22,110.62999725341797,101.66044616699219
2021-02-23,110.97000122070312,101.97288513183594
2021-02-24,112.37999725341797,103.26854705810547
2021-02-25,110.31999969482422,101.3755874633789
2021-02-26,109.0,100.16261291503906
2021-03-01,111.41000366210938,102.37720489501953
2021-03-02,111.16000366210938,102.14747619628906
2021-03-03,111.12999725341797,102.1198959350586
2021-03-04,109.55999755859375,100.67719268798828
2021-03-05,110.86000061035156,101.87178802490234
2021-03-08,111.20999908447266,102.19341278076172
2021-03-09,112.13999938964844,103.04802703857422
2021-03-10,113.31999969482422,104.13233947753906
2021-03-11,113.66000366210938,104.44479370117188
2021-03-12,114.97000122070312,105.64859008789062
2021-03-15,115.41000366210938,106.05290985107422
2021-03-16,114.77999877929688,105.47398376464844
2021-03-17,115.80999755859375,106.42047882080078
2021-03-18,115.41999816894531,106.06208801269531
2021-03-19,114.61000061035156,105.31776428222656
2021-03-22,114.4000015258789,105.12479400634766
2021-03-23,112.3499984741211,103.2409896850586
2021-03-24,112.80000305175781,103.65451049804688
2021-03-25,114.29000091552734,105.0237045288086
2021-03-26,115.73999786376953,106.35614013671875
2021-03-29,115.58999633789062,106.21829986572266
2021-03-30,116.06999969482422,106.65938568115234
2021-03-31,115.93000030517578,106.53074645996094
2021-04-01,116.87000274658203,107.39453125
2021-04-05,118.43000030517578,108.82804107666016
2021-04-06,117.81999969482422,108.26751708984375
2021-04-07,117.36000061035156,107.84480285644531
2021-04-08,118.05999755859375,108.4880599975586
2021-04-09,118.9000015258789,109.25994110107422
2021-04-12,118.76000213623047,109.13130950927734
2021-04-13,118.51000213623047,108.90156555175781
2021-04-14,118.52999877929688,108.91995239257812
2021-04-15,119.22000122070312,109.55399322509766
2021-04-16,120.12999725341797,110.39022064208984
2021-04-19,119.4800033569336,109.79292297363281
2021-04-20,117.62000274658203,108.0837173461914
2021-04-21,118.70999908447266,109.08533477783203
2021-04-22,118.58000183105469,108.96589660644531
2021-04-23,119.63999938964844,109.93993377685547
2021-04-26,119.7699966430664,110.05940246582031
2021-04-27,120.26000213623047,110.50967407226562
2021-04-28,119.87999725341797,110.16046905517578
2021-04-29,120.19000244140625,110.44535064697266
2021-04-30,118.8499984741211,109.2139892578125
2021-05-03,120.3499984741211,110.59237670898438
2021-05-04,119.87999725341797,110.16046905517578
2021-05-05,120.8499984741211,111.05183410644531
2021-05-06,121.95999908447266,112.07183837890625
2021-05-07,123.37999725341797,113.37671661376953
2021-05-10,122.97000122070312,112.99995422363281
2021-05-11,121.20999908447266,111.38265228271484
2021-05-12,118.41999816894531,108.81886291503906
2021-05-13,120.02999877929688,110.29833221435547
2021-05-14,121.94000244140625,112.05347442626953
2021-05-17,121.18000030517578,111.3550796508789
2021-05-18,120.5199966430664,110.74861145019531
2021-05-19,119.41999816894531,109.73777770996094
2021-05-20,120.25,110.50048065185547
2021-05-21,120.81999969482422,111.0242691040039
2021-05-24,121.58999633789062,111.73184204101562
2021-05-25,121.38999938964844,111.54805755615234
2021-05-26,121.56999969482422,111.71347045898438
2021-05-27,122.81999969482422,112.86212921142578
2021-05-28,123.11000061035156,113.12861633300781
2021-06-01,123.45999908447266,113.45023345947266
2021-06-02,123.80000305175781,113.76266479492188
2021-06-03,123.20999908447266,113.22049713134766
2021-06-04,123.88999938964844,113.84537506103516
2021-06-07,123.54000091552734,113.52375030517578
2021-06-08,123.62000274658203,113.59725952148438
2021-06-09,122.66999816894531,112.72428131103516
2021-06-10,121.45999908447266,112.4770278930664
2021-06-11,121.44000244140625,112.45850372314453
2021-06-14,121.23999786376953,112.2732925415039
2021-06-15,121.58000183105469,112.58816528320312
2021-06-16,120.76000213623047,111.82879638671875
2021-06-17,119.31999969482422,110.49530029296875
2021-06-18,117.5199966430664,108.82840728759766
2021-06-21,119.45999908447266,110.62493133544922
2021-06-22,119.97000122070312,111.09722137451172
2021-06-23,119.30000305175781,110.47676086425781
2021-06-24,120.11000061035156,111.22686767578125
2021-06-25,120.37999725341797,111.4769058227539
2021-06-28,119.55000305175781,110.70828247070312
2021-06-29,119.5,110.6619873046875
2021-06-30,119.41000366210938,110.5786361694336
2021-07-01,120.02999877929688,111.15279388427734
2021-07-02,120.55999755859375,111.6435775756836
2021-07-06,119.83000183105469,110.96755981445312
2021-07-07,120.76000213623047,111.82879638671875
2021-07-08,119.16999816894531,110.35638427734375
2021-07-09,121.44999694824219,112.46776580810547
2021-07-12,121.6500015258789,112.65296936035156
2021-07-13,120.76000213623047,111.82879638671875
2021-07-14,120.63999938964844,111.71766662597656
2021-07-15,120.25,111.35650634765625
2021-07-16,119.29000091552734,110.46752166748047
2021-07-19,116.83000183105469,108.189453125
2021-07-20,119.20999908447266,110.3934326171875
2021-07-21,120.70999908447266,111.78250122070312
2021-07-22,120.63999938964844,111.71766662597656
2021-07-23,121.23999786376953,112.2732925415039
2021-07-26,121.31999969482422,112.34736633300781
2021-07-27,120.97000122070312,112.02326965332031
2021-07-28,120.98999786376953,112.04178619384766
2021-07-29,121.79000091552734,112.78263092041016
2021-07-30,121.31999969482422,112.34736633300781
2021-08-02,120.86000061035156,111.92139434814453
2021-08-03,122.38999938964844,113.3382339477539
2021-08-04,121.41000366210938,112.43073272705078
2021-08-05,122.04000091552734,113.0141372680664
2021-08-06,121.9000015258789,112.88449096679688
2021-08-09,121.4000015258789,112.42146301269531
2021-08-10,122.11000061035156,113.0789566040039
2021-08-11,123.55000305175781,114.41243743896484
2021-08-12,123.77999877929688,114.62542724609375
2021-08-13,123.66000366210938,114.51432800292969
2021-08-16,123.43000030517578,114.30133056640625
2021-08-17,122.66000366210938,113.5882797241211
2021-08-18,121.68000030517578,112.68074798583984
2021-08-19,120.4000015258789,111.49542236328125
2021-08-20,120.76000213623047,111.82879638671875
2021-08-23,121.97000122070312,112.94929504394531
2021-08-24,122.63999938964844,113.56976318359375
2021-08-25,122.94999694824219,113.8568344116211
2021-08-26,122.5199966430664,113.45862579345703
2021-08-27,123.3499984741211,114.22724151611328
2021-08-30,123.48999786376953,114.35688781738281
2021-08-31,123.25,114.13463592529297
2021-09-01,123.69999694824219,114.55135345458984
2021-09-02,124.7300033569336,115.50518798828125
2021-09-03,124.88999938964844,115.6533432006836
2021-09-07,123.76000213623047,114.6069107055664
2021-09-08,123.04000091552734,113.9401626586914
2021-09-09,122.87000274658203,113.7827377319336
2021-09-10,122.36000061035156,113.31047058105469
2021-09-13,123.19000244140625,114.0790786743164
2021-09-14,122.12999725341797,113.09747314453125
2021-09-15,123.2699966430664,114.15315246582031
2021-09-16,123.12000274658203,114.0142593383789
2021-09-17,121.48999786376953,112.50479125976562
2021-09-20,119.62999725341797,110.7823715209961
2021-09-21,119.83999633789062,110.97683715820312
2021-09-22,120.25,111.35650634765625
2021-09-23,121.73999786376953,112.73632049560547
2021-09-24,121.25,112.28255462646484
2021-09-27,121.08999633789062,112.13439178466797
2021-09-28,118.94999694824219,110.15265655517578
2021-09-29,118.87000274658203,110.07858276367188
2021-09-30,117.5,108.80990600585938
2021-10-01,118.37000274658203,109.61557006835938
2021-10-04,117.16999816894531,108.50431060791016
2021-10-05,118.16999816894531,109.43034362792969
2021-10-06,117.93000030517578,109.20809936523438
2021-10-07,118.75,109.96745300292969
2021-10-08,118.61000061035156,109.83781433105469
2021-10-11,118.0,109.27291870117188
2021-10-12,117.72000122070312,109.01362609863281
2021-10-13,118.52999877929688,109.76373291015625
2021-10-14,120.26000213623047,111.36578369140625
2021-10-15,121.5199966430664,112.53257751464844
2021-10-18,121.18000030517578,112.21773529052734
2021-10-19,121.88999938964844,112.87521362304688
2021-10-20,122.48999786376953,113.43084716796875
2021-10-21,122.1500015258789,113.11601257324219
2021-10-22,122.79000091552734,113.70865631103516
2021-10-25,122.7699966430664,113.69014739990234
2021-10-26,122.66999816894531,113.5975341796875
2021-10-27,121.63999938964844,112.64371490478516
2021-10-28,122.93000030517578,113.83830261230469
2021-10-29,122.62000274658203,113.55123901367188
2021-11-01,123.47000122070312,114.33837127685547
2021-11-02,123.7699966430664,114.6161880493164
2021-11-03,123.9000015258789,114.736572265625
2021-11-04,124.2699966430664,115.07921600341797
2021-11-05,125.08000183105469,115.82929992675781
2021-11-08,125.58999633789062,116.30156707763672
2021-11-09,125.5199966430664,116.23675537109375
2021-11-10,124.48999786376953,115.28292846679688
2021-11-11,124.62999725341797,115.41258239746094
2021-11-12,125.48999786376953,116.208984375
2021-11-15,125.19000244140625,115.9311752319336
2021-11-16,125.19000244140625,115.9311752319336
2021-11-17,124.66999816894531,115.44962310791016
2021-11-18,124.5199966430664,115.31070709228516
2021-11-19,123.83000183105469,114.6717529296875
2021-11-22,123.80000305175781,114.64396667480469
2021-11-23,123.4800033569336,114.3476333618164
2021-11-24,122.98999786376953,113.89386749267578
2021-11-26,119.44999694824219,110.61567687988281
2021-11-29,119.94999694824219,111.07870483398438
2021-11-30,117.75,109.04141998291016
2021-12-01,116.75,108.1153793334961
2021-12-02,119.45999908447266,110.62493133544922
2021-12-03,119.37999725341797,110.55084228515625
2021-12-06,120.88999938964844,111.94918823242188
2021-12-07,123.0,113.90312194824219
2021-12-08,123.48999786376953,114.35688781738281
2021-12-09,122.5,113.44010162353516
2021-12-10,122.83000183105469,113.7457046508789
2021-12-13,121.0,112.63056182861328
2021-12-14,119.72000122070312,111.4391098022461
2021-12-15,120.87000274658203,112.50956726074219
2021-12-16,121.37000274658203,112.97496795654297
2021-12-17,119.41999816894531,111.15985870361328
2021-12-20,118.05000305175781,109.88460540771484
2021-12-21,119.93000030517578,111.63457489013672
2021-12-22,120.66000366210938,112.3140869140625
2021-12-23,121.80000305175781,113.37523651123047
2021-12-27,122.80999755859375,114.31536865234375
2021-12-28,123.2300033569336,114.70632934570312
2021-12-29,123.76000213623047,115.19966125488281
2021-12-30,122.7699966430664,114.44181060791016
2021-12-31,123.48999786376953,115.11298370361328
2022-01-03,122.91000366210938,114.57231903076172
2022-01-04,124.94000244140625,116.46461486816406
2022-01-05,123.83999633789062,115.43922424316406
2022-01-06,123.56999969482422,115.18753814697266
2022-01-07,123.43000030517578,115.05704498291016
2022-01-10,121.4800033569336,113.23932647705078
2022-01-11,122.45999908447266,114.15283203125
2022-01-12,123.75,115.35533142089844
2022-01-13,123.16000366210938,114.80536651611328
2022-01-14,122.30000305175781,114.00369262695312
2022-01-18,120.31999969482422,112.15801239013672
2022-01-19,119.54000091552734,111.4309310913086
2022-01-20,118.61000061035156,110.56401824951172
2022-01-21,117.5999984741211,109.62251281738281
2022-01-24,116.93000030517578,108.99797058105469
2022-01-25,115.94999694824219,108.08446502685547
2022-01-26,115.0,107.19890594482422
2022-01-27,113.63999938964844,105.93115234375
2022-01-28,114.08000183105469,106.34130859375
2022-01-31,115.88999938964844,108.02851867675781
2022-02-01,117.30999755859375,109.35218048095703
2022-02-02,118.33000183105469,110.30300903320312
2022-02-03,115.9800033569336,108.1124267578125
2022-02-04,115.3499984741211,107.52515411376953
2022-02-07,115.56999969482422,107.730224609375
2022-02-08,116.55000305175781,108.64376068115234
2022-02-09,118.33999633789062,110.31232452392578
2022-02-10,116.66000366210938,108.74629211425781
2022-02-11,114.4800033569336,106.71417236328125
2022-02-14,114.16999816894531,106.42520141601562
2022-02-15,116.1500015258789,108.27088165283203
2022-02-16,116.69000244140625,108.77426147460938
2022-02-17,114.69999694824219,106.91924285888672
2022-02-18,114.02999877929688,106.29469299316406
2022-02-22,112.23999786376953,104.62612915039062
2022-02-23,110.5199966430664,103.02281188964844
2022-02-24,110.48999786376953,102.99481964111328
2022-02-25,113.7300033569336,106.01504516601562
2022-02-28,113.41999816894531,105.72607421875
2022-03-01,111.05999755859375,103.52616119384766
2022-03-02,113.30999755859375,105.62353515625
2022-03-03,112.75,105.10153198242188
2022-03-04,111.0199966430664,103.4888916015625
2022-03-07,108.1500015258789,100.81356811523438
2022-03-08,108.1500015258789,100.81356811523438
2022-03-09,111.12999725341797,103.59141540527344
2022-03-10,110.55000305175781,103.05076599121094
2022-03-11,109.95999908447266,102.50078582763672
2022-03-14,110.7699966430664,103.2558364868164
2022-03-15,112.05000305175781,104.44901275634766
2022-03-16,114.58999633789062,106.81671142578125
2022-03-17,116.06999969482422,108.1963119506836
2022-03-18,116.86000061035156,108.9327163696289
2022-03-21,116.4800033569336,108.57850646972656
2022-03-22,117.23999786376953,109.28693389892578
2022-03-23,115.81999969482422,107.9632797241211
2022-03-24,116.5199966430664,108.61577606201172
2022-03-25,116.6500015258789,108.73696899414062
2022-03-28,116.5199966430664,108.61577606201172
2022-03-29,118.25,110.22843170166016
2022-03-30,117.51000213623047,109.53863525390625
2022-03-31,116.06999969482422,108.1963119506836
2022-04-01,115.43000030517578,107.5997314453125
2022-04-04,115.2300033569336,107.41329193115234
2022-04-05,113.26000213623047,105.57693481445312
2022-04-06,111.69000244140625,104.1134262084961
2022-04-07,112.05000305175781,104.44901275634766
2022-04-08,111.37000274658203,103.81513977050781
2022-04-11,110.58999633789062,103.08804321289062
2022-04-12,109.9000015258789,102.44486236572266
2022-04-13,111.29000091552734,103.74057006835938
2022-04-14,111.26000213623047,103.71260070800781
2022-04-18,110.58999633789062,103.08804321289062
2022-04-19,111.9800033569336,104.38377380371094
2022-04-20,113.1500015258789,105.47440338134766
2022-04-21,112.23999786376953,104.62612915039062
2022-04-22,109.75,102.30502319335938
2022-04-25,109.56999969482422,102.1372299194336
2022-04-26,106.93000030517578,99.67632293701172
2022-04-27,107.13999938964844,99.87208557128906
2022-04-28,108.45999908447266,101.10253143310547
2022-04-29,106.37000274658203,99.15432739257812
2022-05-02,106.06999969482422,98.87466430664062
2022-05-03,106.86000061035156,99.61107635498047
2022-05-04,109.48999786376953,102.06266784667969
2022-05-05,106.3499984741211,99.13566589355469
2022-05-06,105.2699966430664,98.1289291381836
2022-05-09,102.43000030517578,95.48158264160156
2022-05-10,102.31999969482422,95.3790512084961
2022-05-11,101.44000244140625,94.55875396728516
2022-05-12,101.63999938964844,94.74517822265625
2022-05-13,103.55999755859375,96.5349349975586
2022-05-16,103.41000366210938,96.3951187133789
2022-05-17,105.91999816894531,98.7348403930664
2022-05-18,102.58000183105469,95.62141418457031
2022-05-19,102.45999908447266,95.50955963134766
2022-05-20,102.2300033569336,95.29515838623047
2022-05-23,103.70999908447266,96.67475891113281
2022-05-24,103.33999633789062,96.32984924316406
2022-05-25,103.56999969482422,96.54425811767578
2022-05-26,105.48999786376953,98.3340072631836
2022-05-27,107.44999694824219,100.16105651855469
2022-05-31,106.75,99.50853729248047
2022-06-01,105.98999786376953,98.80008697509766
2022-06-02,108.41000366210938,101.05593872070312
2022-06-03,107.29000091552734,100.01190948486328
2022-06-06,107.80000305175781,100.4873275756836
2022-06-07,108.61000061035156,101.24237060546875
2022-06-08,106.66000366210938,99.4246597290039
2022-06-09,103.73999786376953,97.75581359863281
2022-06-10,100.87999725341797,95.06077575683594
2022-06-13,97.4000015258789,91.78152465820312
2022-06-14,96.88999938964844,91.30094146728516
2022-06-15,98.16000366210938,92.49769592285156
2022-06-16,95.0999984741211,89.61419677734375
2022-06-17,94.91999816894531,89.444580078125
2022-06-21,96.08000183105469,90.53765869140625
2022-06-22,95.47000122070312,89.96285247802734
2022-06-23,94.73999786376953,89.27495574951172
2022-06-24,97.69999694824219,92.064208984375
2022-06-27,97.7699966430664,92.13017272949219
2022-06-28,96.79000091552734,91.20671844482422
2022-06-29,96.16000366210938,90.6130599975586
2022-06-30,96.12999725341797,90.58477783203125
2022-07-01,96.7699966430664,91.18785095214844
2022-07-05,95.20999908447266,89.71785736083984
2022-07-06,95.5999984741211,90.08535766601562
2022-07-07,97.08000183105469,91.47999572753906
2022-07-08,97.18000030517578,91.57421112060547
2022-07-11,95.9000015258789,90.36804962158203
2022-07-12,95.83000183105469,90.30208587646484
2022-07-13,95.16000366210938,89.67073059082031
2022-07-14,94.2699966430664,88.83208465576172
2022-07-15,95.91000366210938,90.37747192382812
2022-07-18,96.11000061035156,90.5659408569336
2022-07-19,99.16999816894531,93.44942474365234
2022-07-20,99.29000091552734,93.56249237060547
2022-07-21,100.3499984741211,94.56135559082031
2022-07-22,100.18000030517578,94.40116882324219
2022-07-25,100.45999908447266,94.66500854492188
2022-07-26,99.47000122070312,93.73211669921875
2022-07-27,101.44999694824219,95.59789276123047
2022-07-28,103.26000213623047,97.30349731445312
2022-07-29,105.2699966430664,99.1975326538086
2022-08-01,105.27999877929688,99.20696258544922
2022-08-02,104.08999633789062,98.08561706542969
2022-08-03,104.83000183105469,98.7829360961914
2022-08-04,105.44000244140625,99.35774993896484
2022-08-05,105.12999725341797,99.06561279296875
2022-08-08,105.33000183105469,99.25408172607422
2022-08-09,104.54000091552734,98.50965118408203
2022-08-10,107.3499984741211,101.1575698852539
2022-08-11,107.44999694824219,101.25178527832031
2022-08-12,108.7300033569336,102.45795440673828
2022-08-15,108.5999984741211,102.3354721069336
2022-08-16,108.83999633789062,102.56160736083984
2022-08-17,107.91999816894531,101.69467163085938
2022-08-18,108.11000061035156,101.87372589111328
2022-08-19,106.48999786376953,100.34716033935547
2022-08-22,104.1500015258789,98.14214324951172
2022-08-23,104.25,98.23638916015625
2022-08-24,104.5,98.47196197509766
2022-08-25,105.86000061035156,99.7535171508789
2022-08-26,102.66000366210938,96.73811340332031
2022-08-29,102.37000274658203,96.46482849121094
2022-08-30,101.12000274658203,95.28694152832031
2022-08-31,100.19000244140625,94.41059112548828
2022-09-01,99.70999908447266,93.95826721191406
2022-09-02,98.75,93.05365753173828
2022-09-06,98.88999938964844,93.1855697631836
2022-09-07,100.20999908447266,94.429443359375
2022-09-08,100.43000030517578,94.6367416381836
2022-09-09,102.19999694824219,96.30463409423828
2022-09-12,103.25,97.29405975341797
2022-09-13,99.56999969482422,93.82633972167969
2022-09-14,99.33999633789062,93.60960388183594
2022-09-15,98.41999816894531,92.74269104003906
2022-09-16,96.52999877929688,90.96172332763672
2022-09-19,97.55999755859375,91.93229675292969
2022-09-20,95.87999725341797,90.34919738769531
2022-09-21,94.8499984741211,89.37861633300781
2022-09-22,93.91000366210938,88.49284362792969
2022-09-23,91.51000213623047,86.23128509521484
2022-09-26,90.69000244140625,85.4585952758789
2022-09-27,90.04000091552734,84.84608459472656
2022-09-28,92.25,86.92860412597656
2022-09-29,90.83000183105469,85.59051513671875
2022-09-30,89.94000244140625,84.7518539428711
2022-10-03,92.38999938964844,87.06053161621094
2022-10-04,96.13999938964844,90.5942153930664
2022-10-05,95.36000061035156,89.85920715332031
2022-10-06,93.94999694824219,88.53053283691406
2022-10-07,92.1500015258789,86.83436584472656
2022-10-10,92.16000366210938,86.84380340576172
2022-10-11,91.81999969482422,86.52340698242188
2022-10-12,91.47000122070312,86.193603515625
2022-10-13,93.43000030517578,88.04054260253906
2022-10-14,91.26000213623047,85.9957046508789
2022-10-17,93.54000091552734,88.14418029785156
2022-10-18,95.3499984741211,89.84978485107422
2022-10-19,94.37999725341797,88.93572235107422
2022-10-20,93.44999694824219,88.05937194824219
2022-10-21,95.47000122070312,89.96285247802734
2022-10-24,96.38999938964844,90.82979583740234
2022-10-25,98.02999877929688,92.37518310546875
2022-10-26,98.8499984741211,93.14788055419922
2022-10-27,98.75,93.05365753173828
2022-10-28,100.66999816894531,94.86288452148438
2022-10-31,100.19000244140625,94.41059112548828
2022-11-01,100.38999938964844,94.59905242919922
2022-11-02,98.76000213623047,93.06307220458984
2022-11-03,98.98999786376953,93.27981567382812
2022-11-04,101.3499984741211,95.50366973876953
2022-11-07,102.55000305175781,96.63445281982422
2022-11-08,103.8499984741211,97.85945129394531
2022-11-09,102.33000183105469,96.4271469116211
2022-11-10,107.31999969482422,101.12928771972656
2022-11-11,108.19000244140625,101.9491195678711
2022-11-14,107.30999755859375,101.11985778808594
2022-11-15,107.69999694824219,101.48735809326172
2022-11-16,107.16999816894531,100.98795318603516
2022-11-17,106.75,100.59217071533203
2022-11-18,107.56999969482422,101.36487579345703
2022-11-21,107.41999816894531,101.22352600097656
2022-11-22,108.69999694824219,102.42967987060547
2022-11-23,109.63999938964844,103.31546020507812
2022-11-25,109.98999786376953,103.64527130126953
2022-11-28,107.94999694824219,101.72294616699219
2022-11-29,108.45999908447266,102.20352935791016
2022-11-30,110.19000244140625,103.833740234375
2022-12-01,110.5999984741211,104.2200927734375
2022-12-02,111.01000213623047,104.60643768310547
2022-12-05,109.66000366210938,103.33430480957031
2022-12-06,108.63999938964844,102.37313842773438
2022-12-07,108.69000244140625,102.42027282714844
2022-12-08,108.95999908447266,102.67467498779297
2022-12-09,108.75,102.476806640625
2022-12-12,109.61000061035156,103.28719329833984
2022-12-13,110.30999755859375,104.50552368164062
2022-12-14,110.05000305175781,104.25920104980469
2022-12-15,107.33000183105469,101.68233489990234
2022-12-16,106.52999877929688,100.92442321777344
2022-12-19,105.91000366210938,100.33704376220703
2022-12-20,106.30999755859375,100.71601104736328
2022-12-21,107.70999908447266,102.04232788085938
2022-12-22,106.51000213623047,100.90547943115234
2022-12-23,106.9000015258789,101.27495574951172
2022-12-27,107.36000061035156,101.71074676513672
2022-12-28,105.91999816894531,100.34652709960938
2022-12-29,107.25,101.6065444946289
2022-12-30,106.48999786376953,100.88652038574219
2023-01-03,106.94000244140625,101.31285858154297
2023-01-04,107.83000183105469,102.1560287475586
2023-01-05,106.80000305175781,101.18022155761719
2023-01-06,109.58000183105469,103.81393432617188
2023-01-09,109.83000183105469,104.05079650878906
2023-01-10,110.26000213623047,104.45816802978516
2023-01-11,111.33000183105469,105.47185516357422
2023-01-12,112.31999969482422,106.40975952148438
2023-01-13,112.4800033569336,106.56134796142578
2023-01-17,112.04000091552734,106.14449310302734
2023-01-18,111.36000061035156,105.50027465820312
2023-01-19,109.5999984741211,103.8328857421875
2023-01-20,110.87999725341797,105.04552459716797
2023-01-23,111.70999908447266,105.83185577392578
2023-01-24,112.44999694824219,106.53291320800781
2023-01-25,111.91999816894531,106.03079986572266
2023-01-26,112.4000015258789,106.48554992675781
2023-01-27,112.3499984741211,106.43817901611328
2023-01-30,111.55999755859375,105.68975830078125
2023-01-31,113.0,107.05398559570312
2023-02-01,114.06999969482422,108.06768035888672
2023-02-02,115.08000183105469,109.0245361328125
2023-02-03,113.91999816894531,107.92557525634766
2023-02-06,113.2300033569336,107.27188873291016
2023-02-07,113.55999755859375,107.58451843261719
2023-02-08,112.62999725341797,106.70345306396484
2023-02-09,112.5999984741211,106.67503356933594
2023-02-10,112.86000061035156,106.92134094238281
2023-02-13,114.06999969482422,108.06768035888672
2023-02-14,113.93000030517578,107.93504333496094
2023-02-15,114.31999969482422,108.30452728271484
2023-02-16,113.30999755859375,107.34766387939453
2023-02-17,113.75,107.76451110839844
2023-02-21,111.62999725341797,105.75607299804688
2023-02-22,111.11000061035156,105.26343536376953
2023-02-23,112.0199966430664,106.12554168701172
2023-02-24,110.69999694824219,104.87500762939453
2023-02-27,111.98999786376953,106.09711456298828
2023-02-28,111.55999755859375,105.68975830078125
2023-03-01,112.36000061035156,106.4476547241211
2023-03-02,113.2699966430664,107.30976104736328
2023-03-03,114.62999725341797,108.59822082519531
2023-03-06,114.66999816894531,108.63610076904297
2023-03-07,112.95999908447266,107.01607513427734
2023-03-08,113.36000061035156,107.3950424194336
2023-03-09,112.45999908447266,106.54239654541016
2023-03-10,110.41999816894531,104.60973358154297
2023-03-13,109.62999725341797,103.86129760742188
2023-03-14,111.05000305175781,105.20659637451172
2023-03-15,107.83999633789062,102.16548919677734
2023-03-16,109.6500015258789,103.8802490234375
2023-03-17,108.0199966430664,102.33601379394531
2023-03-20,109.6500015258789,103.8802490234375
2023-03-21,111.05999755859375,105.21605682373047
2023-03-22,109.80000305175781,104.02236938476562
2023-03-23,109.63999938964844,103.87078094482422
2023-03-24,109.19000244140625,103.44445037841797
2023-03-27,110.37999725341797,104.57184600830078
2023-03-28,110.77999877929688,104.9508056640625
2023-03-29,112.30999755859375,106.40028381347656
2023-03-30,113.01000213623047,107.06344604492188
2023-03-31,114.1500015258789,108.14347839355469
2023-04-03,114.44000244140625,108.41819763183594
2023-04-04,112.87999725341797,106.9402847290039
2023-04-05,111.18000030517578,105.32974243164062
2023-04-06,111.19999694824219,105.34869384765625
2023-04-10,111.4800033569336,105.61396026611328
2023-04-11,112.27999877929688,106.37186431884766
2023-04-12,113.12000274658203,107.16767120361328
2023-04-13,113.94999694824219,107.95398712158203
2023-04-14,113.69000244140625,107.70767974853516
2023-04-17,114.69999694824219,108.6645278930664
2023-04-18,115.30999755859375,109.24242401123047
2023-04-19,114.93000030517578,108.8824234008789
2023-04-20,115.01000213623047,108.95822143554688
2023-04-21,115.16999816894531,109.10980224609375
2023-04-24,115.44000244140625,109.3656005859375
2023-04-25,113.66000366210938,107.67925262451172
2023-04-26,112.06999969482422,106.17291259765625
2023-04-27,114.19999694824219,108.19083404541016
2023-04-28,114.75,108.71189880371094
2023-05-01,115.31999969482422,109.25189971923828
2023-05-02,113.95999908447266,107.96346282958984
2023-05-03,113.94000244140625,107.94452667236328
2023-05-04,112.69999694824219,106.76976013183594
2023-05-05,114.48999786376953,108.46556854248047
2023-05-08,114.18000030517578,108.17188262939453
2023-05-09,114.48999786376953,108.46556854248047
2023-05-10,114.26000213623047,108.24768829345703
2023-05-11,113.62999725341797,107.65081787109375
2023-05-12,113.52999877929688,107.55609130859375
2023-05-15,114.3499984741211,108.33293914794922
2023-05-16,113.06999969482422,107.12030029296875
2023-05-17,114.86000061035156,108.81610870361328
2023-05-18,115.30000305175781,109.23294830322266
2023-05-19,115.43000030517578,109.35611724853516
2023-05-22,115.3499984741211,109.28031921386719
2023-05-23,113.5999984741211,107.62240600585938
2023-05-24,112.08000183105469,106.18238830566406
2023-05-25,112.37999725341797,106.46659851074219
2023-05-26,113.47000122070312,107.4992446899414
2023-05-30,113.08999633789062,107.13923645019531
2023-05-31,111.69999694824219,105.82238006591797
2023-06-01,113.20999908447266,107.25292205810547
2023-06-02,115.91000366210938,109.81085968017578
2023-06-05,115.62999725341797,109.54558563232422
2023-06-06,116.41000366210938,110.2845458984375
2023-06-07,115.4800033569336,110.82003021240234
2023-06-08,116.19000244140625,111.50138092041016
2023-06-09,116.05999755859375,111.37661743164062
2023-06-12,116.87000274658203,112.15394592285156
2023-06-13,118.38999938964844,113.61259460449219
2023-06-14,118.66999816894531,113.88130950927734
2023-06-15,119.8499984741211,115.01367950439453
2023-06-16,119.69999694824219,114.86974334716797
2023-06-20,118.48999786376953,113.70857238769531
2023-06-21,119.25,114.43791198730469
2023-06-22,118.11000061035156,113.3438949584961
2023-06-23,116.69000244140625,111.981201171875
2023-06-26,116.95999908447266,112.24031829833984
2023-06-27,118.25,113.47825622558594
2023-06-28,118.61000061035156,113.82372283935547
2023-06-29,118.83000183105469,114.03484344482422
2023-06-30,120.25,115.39755249023438
2023-07-03,120.33000183105469,115.47431945800781
2023-07-05,118.91000366210938,114.11161804199219
2023-07-06,117.47000122070312,112.729736328125
2023-07-07,118.0199966430664,113.25752258300781
2023-07-10,119.05000305175781,114.24596405029297
2023-07-11,120.55999755859375,115.69503021240234
2023-07-12,121.0999984741211,116.21324157714844
2023-07-13,122.16000366210938,117.23047637939453
2023-07-14,121.83000183105469,116.9137954711914
2023-07-17,121.94999694824219,117.02894592285156
2023-07-18,122.83000183105469,117.8734359741211
2023-07-19,122.5999984741211,117.6527099609375
2023-07-20,122.56999969482422,117.62393951416016
2023-07-21,122.44999694824219,117.50875854492188
2023-07-24,122.51000213623047,117.56633758544922
2023-07-25,122.30000305175781,117.36483764648438
2023-07-26,123.0,118.03657531738281
2023-07-27,122.47000122070312,117.52796173095703
2023-07-28,123.48999786376953,118.50680541992188
2023-07-31,123.22000122070312,118.2477035522461
2023-08-01,122.62999725341797,117.68151092529297
2023-08-02,121.16000366210938,116.27082061767578
2023-08-03,120.5199966430664,115.65665435791016
2023-08-04,120.70999908447266,115.83897399902344
2023-08-07,121.77999877929688,116.86580657958984
2023-08-08,120.91000366210938,116.03092193603516
2023-08-09,120.91999816894531,116.0405044555664
2023-08-10,120.44999694824219,115.58946228027344
2023-08-11,120.44000244140625,115.57987976074219
2023-08-14,120.02999877929688,115.18643188476562
2023-08-15,118.4800033569336,113.698974609375
2023-08-16,117.87000274658203,113.11358642578125
2023-08-17,116.91000366210938,112.19232177734375
2023-08-18,116.80999755859375,112.09635925292969
2023-08-21,116.87000274658203,112.15394592285156
2023-08-22,116.6500015258789,111.94282531738281
2023-08-23,117.94999694824219,113.19035339355469
2023-08-24,116.2300033569336,111.53975677490234
2023-08-25,117.41999816894531,112.68174743652344
2023-08-28,118.30999755859375,113.53583526611328
2023-08-29,119.61000061035156,114.78337097167969
2023-08-30,119.8499984741211,115.01367950439453
2023-08-31,119.20999908447266,114.3995132446289
2023-09-01,119.68000030517578,114.85054016113281
2023-09-05,118.29000091552734,113.51663208007812
2023-09-06,118.27999877929688,113.50703430175781
2023-09-07,117.69999694824219,112.950439453125
2023-09-08,117.08999633789062,112.36505126953125
2023-09-11,117.55000305175781,112.80650329589844
2023-09-12,116.94999694824219,112.230712890625
2023-09-13,116.2699966430664,111.5781478881836
2023-09-14,117.4800033569336,112.73932647705078
2023-09-15,117.2300033569336,112.49942016601562
2023-09-18,117.43000030517578,112.69134521484375
2023-09-19,116.76000213623047,112.04837036132812
2023-09-20,116.4800033569336,111.77967834472656
2023-09-21,114.4800033569336,109.86038208007812
2023-09-22,114.12000274658203,109.51490783691406
2023-09-25,114.33000183105469,109.71643829345703
2023-09-26,112.62000274658203,108.07544708251953
2023-09-27,113.01000213623047,108.44970703125
2023-09-28,113.8499984741211,109.25580596923828
2023-09-29,113.01000213623047,108.44970703125
2023-10-02,111.72000122070312,107.2117691040039
2023-10-03,110.7699966430664,106.30009460449219
2023-10-04,110.73999786376953,106.27130126953125
2023-10-05,110.37000274658203,105.9162368774414
2023-10-06,112.04000091552734,107.51884460449219
2023-10-09,112.87000274658203,108.31534576416016
2023-10-10,114.1500015258789,109.54370880126953
2023-10-11,114.4800033569336,109.86038208007812
2023-10-12,113.5999984741211,109.01589965820312
2023-10-13,112.37999725341797,107.84512329101562
2023-10-16,113.54000091552734,108.95831298828125
2023-10-17,113.72000122070312,109.13104248046875
2023-10-18,110.80000305175781,106.32888793945312
2023-10-19,109.7300033569336,105.30205535888672
2023-10-20,108.70999908447266,104.3232192993164
2023-10-23,108.36000061035156,103.98735046386719
2023-10-24,108.95999908447266,104.56311798095703
2023-10-25,107.76000213623047,103.41155242919922
2023-10-26,106.9800033569336,102.66303253173828
2023-10-27,106.6500015258789,102.34634399414062
2023-10-30,108.13999938964844,103.77622985839844
2023-10-31,108.83999633789062,104.44796752929688
2023-11-01,109.33999633789062,104.92779541015625
2023-11-02,111.87000274658203,107.35570526123047
2023-11-03,113.05999755859375,108.49768829345703
2023-11-06,112.73999786376953,108.19059753417969
2023-11-07,112.13999938964844,107.61479949951172
2023-11-08,112.5,107.96028900146484
2023-11-09,112.61000061035156,108.06584167480469
2023-11-10,113.76000213623047,109.16943359375
2023-11-13,114.0199966430664,109.41893768310547
2023-11-14,116.69999694824219,111.99079895019531
2023-11-15,117.06999969482422,112.34586334228516
2023-11-16,117.06999969482422,112.34586334228516
2023-11-17,118.25,113.47825622558594
2023-11-20,118.37999725341797,113.60299682617188
2023-11-21,118.27999877929688,113.50703430175781
2023-11-22,118.55000305175781,113.76614379882812
2023-11-24,118.98999786376953,114.18839263916016
2023-11-27,118.33999633789062,113.56461334228516
2023-11-28,118.56999969482422,113.78533935546875
2023-11-29,118.83999633789062,114.04444122314453
2023-11-30,119.62999725341797,114.80255889892578
2023-12-01,121.43000030517578,116.52992248535156
2023-12-04,120.9800033569336,116.09809112548828
2023-12-05,120.56999969482422,115.70462799072266
2023-12-06,121.19999694824219,116.30919647216797
2023-12-07,121.55000305175781,116.64509582519531
2023-12-08,121.6500015258789,116.74105072021484
2023-12-11,122.5,117.55674743652344
2023-12-12,123.1500015258789,118.1805191040039
2023-12-13,124.56999969482422,119.54322052001953
2023-12-14,126.05000305175781,120.96349334716797
2023-12-15,125.69000244140625,120.61802673339844
2023-12-18,125.61000061035156,120.54125213623047
2023-12-19,126.62000274658203,121.51050567626953
2023-12-20,124.29000091552734,120.08539581298828
2023-12-21,126.08000183105469,121.8148422241211
2023-12-22,126.4800033569336,122.20130920410156
2023-12-26,127.25,122.94525909423828
2023-12-27,127.44000244140625,123.12882995605469
2023-12-28,127.47000122070312,123.1578140258789
2023-12-29,127.43000030517578,123.1191635131836
2024-01-02,126.0999984741211,121.83417510986328
2024-01-03,124.43000030517578,120.22065734863281
2024-01-04,124.69999694824219,120.48152160644531
2024-01-05,124.63999938964844,120.42355346679688
2024-01-08,125.77999877929688,121.52498626708984
2024-01-09,125.1500015258789,120.91629028320312
2024-01-10,125.83000183105469,121.57329559326172
2024-01-11,126.04000091552734,121.77619171142578
2024-01-12,126.62000274658203,122.33657836914062
2024-01-16,124.87999725341797,120.65543365478516
2024-01-17,123.9800033569336,119.78588104248047
2024-01-18,125.43000030517578,121.18682861328125
2024-01-19,125.87999725341797,121.6216049194336
2024-01-22,126.79000091552734,122.50082397460938
2024-01-23,126.55999755859375,122.27859497070312
2024-01-24,126.18000030517578,121.91146087646484
2024-01-25,126.79000091552734,122.50082397460938
2024-01-26,126.94000244140625,122.64574432373047
2024-01-29,127.4800033569336,123.16748046875
2024-01-30,127.54000091552734,123.22544860839844
2024-01-31,126.62999725341797,122.34622192382812
2024-02-01,128.57000732421875,124.22061920166016
2024-02-02,128.7100067138672,124.35587310791016
2024-02-05,127.7300033569336,123.40902709960938
2024-02-06,128.75999450683594,124.4041748046875
2024-02-07,129.47000122070312,125.09017181396484
2024-02-08,129.27000427246094,124.89691925048828
2024-02-09,129.47000122070312,125.09017181396484
2024-02-12,129.16000366210938,124.7906494140625
2024-02-13,127.73999786376953,123.41868591308594
2024-02-14,129.75999450683594,125.37034606933594
2024-02-15,131.1199951171875,126.684326171875
2024-02-16,131.1300048828125,126.69400024414062
2024-02-20,131.02000427246094,126.58772277832031
2024-02-21,131.58999633789062,127.13843536376953
2024-02-22,133.19000244140625,128.68434143066406
2024-02-23,133.8699951171875,129.34130859375
2024-02-26,133.80999755859375,129.28334045410156
2024-02-27,133.88999938964844,129.3606414794922
2024-02-28,134.13999938964844,129.60218811035156
2024-02-29,134.3300018310547,129.78573608398438
2024-03-01,135.0399932861328,130.4717254638672
2024-03-04,135.30999755859375,130.7325897216797
2024-03-05,134.60000610351562,130.04661560058594
2024-03-06,135.72999572753906,131.13839721679688
2024-03-07,136.7899932861328,132.16253662109375
2024-03-08,136.35000610351562,131.73741149902344
2024-03-11,135.52999877929688,130.94515991210938
2024-03-12,136.47000122070312,131.8533477783203
2024-03-13,136.3300018310547,131.7180938720703
2024-03-14,135.72999572753906,131.13839721679688
2024-03-15,136.16000366210938,131.55384826660156
2024-03-18,136.0500030517578,131.4475860595703
2024-03-19,137.41000366210938,132.76156616210938
2024-03-20,139.0,134.2977752685547
2024-03-21,139.72000122070312,134.99342346191406
2024-03-22,139.3300018310547,134.61660766601562
2024-03-25,138.67999267578125,133.98858642578125
2024-03-26,138.58999633789062,133.90164184570312
2024-03-27,140.0500030517578,135.312255859375
2024-03-28,139.69000244140625,134.96441650390625
2024-04-01,138.55999755859375,133.87265014648438
2024-04-02,137.72999572753906,133.07070922851562
2024-04-03,138.55999755859375,133.87265014648438
2024-04-04,137.1699981689453,132.5296630859375
2024-04-05,138.75999450683594,134.0658721923828
2024-04-08,139.08999633789062,134.3847198486328
2024-04-09,138.77000427246094,134.07554626464844
2024-04-10,137.41000366210938,132.76156616210938
2024-04-11,137.7100067138672,133.05140686035156
2024-04-12,135.86000061035156,131.2639923095703
2024-04-15,135.13999938964844,130.568359375
2024-04-16,134.3000030517578,129.75677490234375
2024-04-17,133.82000732421875,129.29299926757812
2024-04-18,133.6300048828125,129.1094512939453
2024-04-19,133.1999969482422,128.69395446777344
2024-04-22,134.27999877929688,129.73744201660156
2024-04-23,135.9499969482422,131.3509521484375
2024-04-24,135.36000061035156,130.78089904785156
2024-04-25,134.6199951171875,130.06594848632812
2024-04-26,136.11000061035156,131.5055389404297
2024-04-29,136.6199951171875,131.99827575683594
2024-04-30,134.83999633789062,130.2785186767578
2024-05-01,134.89999389648438,130.33645629882812
2024-05-02,136.02999877929688,131.42823791503906
2024-05-03,137.35000610351562,132.70359802246094
2024-05-06,138.7899932861328,134.09486389160156
2024-05-07,138.44000244140625,133.75672912597656
2024-05-08,138.52999877929688,133.8436737060547
2024-05-09,140.0500030517578,135.312255859375
2024-05-10,140.5500030517578,135.7953338623047
2024-05-13,139.97999572753906,135.24459838867188
2024-05-14,140.38999938964844,135.64076232910156
2024-05-15,141.30999755859375,136.5296173095703
2024-05-16,140.38999938964844,135.64076232910156
2024-05-17,140.27999877929688,135.53445434570312
2024-05-20,140.6999969482422,135.94024658203125
2024-05-21,140.6999969482422,135.94024658203125
2024-05-22,140.2899932861328,135.54412841796875
2024-05-23,138.9499969482422,134.24945068359375
2024-05-24,139.91000366210938,135.177001953125
2024-05-28,139.1999969482422,134.49099731445312
2024-05-29,137.07000732421875,132.43307495117188
2024-05-30,137.7899932861328,133.1287078857422
2024-05-31,139.60000610351562,134.8774871826172
2024-06-03,138.41000366210938,133.7277374267578
2024-06-04,137.64999389648438,132.99342346191406
2024-06-05,138.8699951171875,134.1721649169922
2024-06-06,138.25999450683594,133.5828094482422
2024-06-07,137.4499969482422,132.80020141601562
2024-06-10,138.22000122070312,133.54415893554688
2024-06-11,135.55999755859375,132.0691375732422
2024-06-12,136.97999572753906,133.45257568359375
2024-06-13,135.69000244140625,132.19580078125
2024-06-14,134.08999633789062,130.6370086669922
2024-06-17,135.3300018310547,131.84506225585938
2024-06-18,136.27000427246094,132.7608642578125
2024-06-20,135.9499969482422,132.4490966796875
2024-06-21,135.1199951171875,131.64047241210938
2024-06-24,135.9600067138672,132.45884704589844
2024-06-25,135.24000549316406,131.75738525390625
2024-06-26,134.8000030517578,131.32872009277344
2024-06-27,135.05999755859375,131.58201599121094
2024-06-28,135.08999633789062,131.6112518310547
2024-07-01,134.35000610351562,130.8903045654297
2024-07-02,135.2899932861328,131.8061065673828
2024-07-03,136.41000366210938,132.8972625732422
2024-07-05,136.3800048828125,132.86802673339844
2024-07-08,136.42999267578125,132.91673278808594
2024-07-09,135.58999633789062,132.098388671875
2024-07-10,136.99000549316406,133.4623260498047
2024-07-11,138.35000610351562,134.7873077392578
2024-07-12,139.36000061035156,135.77130126953125
2024-07-15,139.57000732421875,135.9758758544922
2024-07-16,142.16000366210938,138.49917602539062
2024-07-17,140.6699981689453,137.04754638671875
2024-07-18,139.1300048828125,135.54722595214844
2024-07-19,138.1300048828125,134.57296752929688
2024-07-22,139.72000122070312,136.1220245361328
2024-07-23,139.02000427246094,135.4400634765625
2024-07-24,136.83999633789062,133.31619262695312
2024-07-25,136.5,132.9849395751953
2024-07-26,138.8000030517578,135.2257080078125
2024-07-29,138.4600067138672,134.89447021484375
2024-07-30,139.16000366210938,135.57644653320312
2024-07-31,140.64999389648438,137.028076171875
2024-08-01,137.16000366210938,133.62796020507812
2024-08-02,134.24000549316406,130.78314208984375
2024-08-05,131.60000610351562,128.21112060546875
2024-08-06,132.64999389648438,129.2340545654297
2024-08-07,132.91000366210938,129.48739624023438
2024-08-08,135.27000427246094,131.78662109375
2024-08-09,135.5800018310547,132.08863830566406
2024-08-12,135.14999389648438,131.66969299316406
2024-08-13,137.0399932861328,133.5110321044922
2024-08-14,137.63999938964844,134.09556579589844
2024-08-15,139.27000427246094,135.68362426757812
2024-08-16,139.49000549316406,135.89793395996094
2024-08-19,140.75,137.12548828125
2024-08-20,140.27999877929688,136.66758728027344
2024-08-21,141.32000732421875,137.6808319091797
2024-08-22,140.9600067138672,137.330078125
2024-08-23,142.85000610351562,139.17141723632812
2024-08-26,142.3300018310547,138.66482543945312
2024-08-27,142.8699951171875,139.19088745117188
2024-08-28,142.35000610351562,138.68431091308594
2024-08-29,143.17999267578125,139.492919921875
2024-08-30,144.82000732421875,141.0906982421875
2024-09-03,141.2899932861328,137.6515655517578
2024-09-04,141.27000427246094,137.63209533691406
2024-09-05,140.57000732421875,136.95013427734375
2024-09-06,138.1199951171875,134.56321716308594
2024-09-09,140.00999450683594,136.40455627441406
2024-09-10,140.33999633789062,136.72604370117188
2024-09-11,140.7899932861328,137.16444396972656
2024-09-12,142.1999969482422,138.53814697265625
2024-09-13,143.27999877929688,139.59034729003906
2024-09-16,143.7100067138672,140.00927734375
2024-09-17,144.30999755859375,140.59381103515625
2024-09-18,144.39999389648438,140.68148803710938
2024-09-19,147.17999267578125,143.38990783691406
2024-09-20,146.13999938964844,142.37669372558594
2024-09-23,147.08999633789062,143.30223083496094
2024-09-24,148.0,144.1887969970703
2024-09-25,147.60000610351562,143.79910278320312
2024-09-26,149.8800048828125,146.02040100097656
2024-09-27,148.57000732421875,144.74412536621094
2024-09-30,148.75,144.91946411132812
2024-10-01,148.5399932861328,144.7148895263672
2024-10-02,148.47000122070312,144.64669799804688
2024-10-03,147.25,143.45809936523438
2024-10-04,148.3699951171875,144.5492706298828
2024-10-07,147.66000366210938,143.85757446289062
2024-10-08,147.7100067138672,143.90628051757812
2024-10-09,148.55999755859375,144.734375
2024-10-10,147.63999938964844,143.8380584716797
2024-10-11,149.7899932861328,145.93270874023438
2024-10-14,150.57000732421875,146.69261169433594
2024-10-15,148.74000549316406,144.9097442626953
2024-10-16,149.57000732421875,145.7183837890625
2024-10-17,149.6300048828125,145.77682495117188
2024-10-18,150.07000732421875,146.2054901123047
2024-10-21,149.0,145.1630401611328
2024-10-22,147.6199951171875,143.81857299804688
2024-10-23,146.4499969482422,142.6787109375
2024-10-24,146.4199981689453,142.6494903564453
2024-10-25,146.08999633789062,142.32797241210938
2024-10-28,146.52999877929688,142.7566375732422
2024-10-29,146.47999572753906,142.7079315185547
2024-10-30,146.2899932861328,142.5228271484375
2024-10-31,144.8800048828125,141.14913940429688
2024-11-01,144.83999633789062,141.11016845703125
2024-11-04,144.82000732421875,141.0906982421875
2024-11-05,147.0,143.2145538330078
2024-11-06,150.16000366210938,146.2931671142578
2024-11-07,150.7100067138672,146.82901000976562
2024-11-08,150.9600067138672,147.07257080078125
2024-11-11,151.89999389648438,147.9883575439453
2024-11-12,149.69000244140625,145.8352813720703
2024-11-13,149.52999877929688,145.6793975830078
2024-11-14,148.22999572753906,144.41285705566406
2024-11-15,147.4600067138672,143.66270446777344
2024-11-18,147.49000549316406,143.6919403076172
2024-11-19,147.02999877929688,143.24375915527344
2024-11-20,146.72999572753906,142.9514923095703
2024-11-21,148.05999755859375,144.24725341796875
2024-11-22,149.60000610351562,145.7476043701172
2024-11-25,150.36000061035156,146.48800659179688
2024-11-26,149.85000610351562,145.9911651611328
2024-11-27,150.14999389648438,146.28343200683594
2024-11-29,151.30999755859375,147.41355895996094
2024-12-02,151.14999389648438,147.25767517089844
2024-12-03,151.4600067138672,147.55970764160156
2024-12-04,152.05999755859375,148.14425659179688
2024-12-05,151.2100067138672,147.31613159179688
2024-12-06,150.72000122070312,146.8387451171875
2024-12-09,149.72999572753906,145.87423706054688
2024-12-10,149.02999877929688,145.1922607421875
2024-12-11,149.1199951171875,145.2799530029297
2024-12-12,147.9600067138672,144.14984130859375
2024-12-13,147.3300018310547,143.53604125976562
2024-12-16,147.24000549316406,143.4483642578125
2024-12-17,145.25999450683594,142.4179229736328
2024-12-18,141.72000122070312,138.94717407226562
2024-12-19,141.13999938964844,138.3785400390625
2024-12-20,142.14999389648438,139.36878967285156
2024-12-23,142.2899932861328,139.5060272216797
2024-12-24,142.8800048828125,140.08450317382812
2024-12-26,143.5,140.6923828125
2024-12-27,142.77999877929688,139.98646545410156
2024-12-30,141.2899932861328,138.5255889892578
2024-12-31,141.22999572753906,138.46678161621094
2025-01-02,140.86000061035156,138.10400390625
2025-01-03,141.9199981689453,139.14328002929688
2025-01-06,142.2899932861328,139.5060272216797
2025-01-07,142.13999938964844,139.35897827148438
2025-01-08,142.36000061035156,139.57467651367188
2025-01-10,140.10000610351562,137.35890197753906
2025-01-13,140.75999450683594,138.0059814453125
2025-01-14,141.8699951171875,139.09425354003906
2025-01-15,143.35000610351562,140.54531860351562
2025-01-16,144.1999969482422,141.37867736816406
2025-01-17,145.4499969482422,142.60421752929688
2025-01-21,148.6300048828125,145.7220001220703
2025-01-22,148.47000122070312,145.56512451171875
2025-01-23,150.35000610351562,147.40835571289062
2025-01-24,150.11000061035156,147.1730499267578
2025-01-27,148.33999633789062,145.4376678466797
2025-01-28,146.99000549316406,144.11407470703125
2025-01-29,147.00999450683594,144.13368225097656
2025-01-30,148.77999877929688,145.8690643310547
2025-01-31,147.77999877929688,144.8886260986328
2025-02-03,145.80999755859375,142.95716857910156
2025-02-04,146.5,143.63368225097656
2025-02-05,146.97000122070312,144.094482421875
2025-02-06,147.5,144.61410522460938
2025-02-07,146.57000732421875,143.7023162841797
2025-02-10,148.02000427246094,145.12393188476562
2025-02-11,148.5800018310547,145.6729736328125
2025-02-12,147.91000366210938,145.01609802246094
2025-02-13,148.8800048828125,145.96710205078125
2025-02-14,149.22999572753906,146.3102569580078
2025-02-18,150.75999450683594,147.81031799316406
2025-02-19,149.8800048828125,146.9475555419922
2025-02-20,149.75,146.82008361816406
2025-02-21,147.14999389648438,144.2709503173828
2025-02-24,146.5399932861328,143.67288208007812
2025-02-25,147.42999267578125,144.54547119140625
2025-02-26,147.38999938964844,144.50624084472656
2025-02-27,146.69000244140625,143.8199462890625
2025-02-28,147.82000732421875,144.92784118652344
2025-03-03,148.0,145.1043243408203
2025-03-04,146.1199951171875,143.26109313964844
2025-03-05,149.8000030517578,146.86911010742188
2025-03-06,148.99000549316406,146.074951171875
2025-03-07,150.64999389648438,147.7024688720703
2025-03-10,147.0399932861328,144.16310119628906
2025-03-11,145.83999633789062,142.986572265625
2025-03-12,146.63999938964844,143.77093505859375
2025-03-13,145.0399932861328,142.2022247314453
2025-03-14,148.1999969482422,145.3004150390625
2025-03-17,150.1199951171875,147.18283081054688
2025-03-18,149.27999877929688,146.35926818847656
2025-03-19,150.86000061035156,147.90835571289062
2025-03-20,150.1300048828125,147.19265747070312
2025-03-21,148.32000732421875,145.41807556152344
2025-03-24,149.9600067138672,147.02597045898438
2025-03-25,150.33999633789062,147.39852905273438
2025-03-26,148.8699951171875,145.95729064941406
2025-03-27,148.39999389648438,145.49649047851562
2025-03-28,145.69000244140625,142.8395233154297
2025-03-31,145.3800048828125,142.53558349609375
2025-04-01,146.08999633789062,143.23170471191406
2025-04-02,147.1199951171875,144.2415313720703
2025-04-03,140.52999877929688,137.78048706054688
2025-04-04,131.4499969482422,128.87811279296875
2025-04-07,129.72999572753906,127.1917724609375
2025-04-08,129.3699951171875,126.83882141113281
2025-04-09,140.63999938964844,137.88833618164062
2025-04-10,137.8800048828125,135.1823272705078
2025-04-11,140.8300018310547,138.07461547851562
2025-04-14,141.97000122070312,139.1923065185547
2025-04-15,141.94000244140625,139.1628875732422
2025-04-16,140.8699951171875,138.11383056640625
2025-04-17,141.8300018310547,139.05503845214844
2025-04-21,139.8800048828125,137.14320373535156
2025-04-22,141.97000122070312,139.1923065185547
2025-04-23,143.13999938964844,140.33941650390625
2025-04-24,145.63999938964844,142.79051208496094
2025-04-25,146.6199951171875,143.75131225585938
2025-04-28,147.5800018310547,144.6925506591797
2025-04-29,147.91000366210938,145.01609802246094
2025-04-30,148.60000610351562,145.69259643554688
2025-05-01,149.47000122070312,146.5455780029297
2025-05-02,152.50999450683594,149.52609252929688
2025-05-05,152.4499969482422,149.46725463867188
2025-05-06,151.8000030517578,148.82997131347656
2025-05-07,151.92999267578125,148.95742797851562
2025-05-08,153.14999389648438,150.15354919433594
2025-05-09,153.4499969482422,150.4476776123047
2025-05-12,156.13999938964844,153.08506774902344
2025-05-13,157.61000061035156,154.52630615234375
2025-05-14,156.85000610351562,153.7811737060547
2025-05-15,158.75,155.6439971923828
2025-05-16,160.0800018310547,156.94798278808594
2025-05-19,160.83999633789062,157.69308471679688
2025-05-20,161.38999938964844,158.2323455810547
2025-05-21,159.0800018310547,155.96754455566406
2025-05-22,158.97000122070312,155.8596954345703
2025-05-23,159.0500030517578,155.93812561035156
2025-05-27,161.75,158.58529663085938
2025-05-28,160.4600067138672,157.320556640625
2025-05-29,160.99000549316406,157.84017944335938
2025-05-30,160.9199981689453,157.77154541015625
2025-06-02,161.22999572753906,158.07546997070312
2025-06-03,161.47000122070312,158.31077575683594
2025-06-04,162.02999877929688,158.8598175048828
2025-06-05,161.91000366210938,158.74217224121094
2025-06-06,162.91000366210938,159.72259521484375
2025-06-09,162.6999969482422,159.51670837402344
2025-06-10,162.13999938964844,158.96766662597656
2025-06-11,162.22999572753906,159.055908203125
2025-06-12,162.58999633789062,159.4088592529297
2025-06-13,161.0399932861328,157.88919067382812
2025-06-16,160.66000366210938,158.8353271484375
2025-06-17,159.02000427246094,157.2139434814453
2025-06-18,158.77999877929688,156.97666931152344
2025-06-20,158.13999938964844,156.3439483642578
2025-06-23,159.8000030517578,157.98509216308594
2025-06-24,161.66000366210938,159.823974609375
2025-06-25,160.22999572753906,158.4102020263672
2025-06-26,162.89999389648438,161.0498809814453
2025-06-27,165.0,163.12603759765625
2025-06-30,165.3800048828125,163.50172424316406
2025-07-01,164.52999877929688,162.66136169433594
2025-07-02,165.30999755859375,163.43251037597656
2025-07-03,165.80999755859375,163.92681884765625
2025-07-07,165.0500030517578,163.1754608154297
2025-07-08,165.60000610351562,163.71922302246094
2025-07-09,166.58999633789062,164.69796752929688
2025-07-10,167.39999389648438,165.49876403808594
2025-07-11,166.3699951171875,164.48046875
2025-07-14,166.9199981689453,165.0242156982422
2025-07-15,165.19000244140625,163.31387329101562
2025-07-16,165.77000427246094,163.88729858398438
2025-07-17,167.63999938964844,165.7360382080078
2025-07-18,167.27999877929688,165.380126953125
2025-07-21,167.02999877929688,165.13296508789062
2025-07-22,167.3699951171875,165.46910095214844
2025-07-23,171.27999877929688,169.33470153808594
2025-07-24,170.5800018310547,168.6426544189453
2025-07-25,171.5,169.5522003173828
2025-07-28,169.85000610351562,167.92095947265625
2025-07-29,168.5,166.58627319335938
2025-07-30,167.6699981689453,165.76571655273438
2025-07-31,167.49000549316406,165.58775329589844
2025-08-01,165.4499969482422,163.5709228515625
2025-08-04,167.00999450683594,165.11318969726562
2025-08-05,166.83999633789062,164.94512939453125
2025-08-06,167.69000244140625,165.7854766845703
2025-08-07,168.11000061035156,166.20071411132812
2025-08-08,168.47000122070312,166.55662536621094
2025-08-11,167.3000030517578,165.39990234375
2025-08-12,169.63999938964844,167.7133331298828
2025-08-13,170.16000366210938,168.22743225097656
2025-08-14,169.08999633789062,167.16957092285156
2025-08-15,169.0399932861328,167.12013244628906
2025-08-18,169.44000244140625,167.51560974121094
2025-08-19,169.50999450683594,167.58480834960938
2025-08-20,168.8300018310547,166.91253662109375
2025-08-21,168.1300048828125,166.22048950195312
2025-08-22,170.72999572753906,168.7909393310547
2025-08-25,168.77999877929688,166.86309814453125
2025-08-26,169.8800048828125,167.9506072998047
2025-08-27,169.89999389648438,167.97036743164062
2025-08-28,170.47999572753906,168.54379272460938
2025-08-29,168.86000061035156,166.94219970703125
2025-09-02,167.5,165.59762573242188
2025-09-03,167.2100067138672,165.31092834472656
2025-09-04,168.61000061035156,166.6950225830078
2025-09-05,168.66000366210938,166.74447631835938
2025-09-08,169.97000122070312,168.03958129882812
2025-09-09,168.60000610351562,166.68515014648438
2025-09-10,169.74000549316406,167.81219482421875
2025-09-11,171.6999969482422,169.7499237060547
2025-09-12,170.74000549316406,168.80084228515625
2025-09-15,171.9499969482422,169.99710083007812
2025-09-16,171.4499969482422,169.50277709960938
2025-09-17,170.1300048828125,168.19776916503906
2025-09-18,171.6999969482422,169.7499237060547
2025-09-19,171.42999267578125,169.4829864501953
2025-09-22,172.17999267578125,170.22447204589844
2025-09-23,172.11000061035156,170.1552734375
2025-09-24,171.24000549316406,169.295166015625
2025-09-25,170.11000061035156,168.17799377441406
2025-09-26,171.41000366210938,169.46322631835938
2025-09-29,171.99000549316406,170.03663635253906
2025-09-30,172.75,170.7880096435547
2025-10-01,173.00999450683594,171.04505920410156
2025-10-02,173.72999572753906,171.7568817138672
2025-10-03,174.6999969482422,172.7158660888672
2025-10-06,175.1699981689453,173.18052673339844
2025-10-07,173.80999755859375,171.83596801757812
2025-10-08,175.27000427246094,173.27938842773438
2025-10-09,173.24000549316406,171.27244567871094
2025-10-10,169.49000549316406,167.56504821777344
2025-10-13,170.97999572753906,169.03811645507812
2025-10-14,172.1199951171875,170.1651611328125
2025-10-15,172.02000427246094,170.06631469726562
2025-10-16,172.00999450683594,170.056396484375
2025-10-17,171.74000549316406,169.78948974609375
2025-10-20,173.72000122070312,171.7469940185547
2025-10-21,174.35000610351562,172.36984252929688
2025-10-22,172.27000427246094,170.31346130371094
2025-10-23,174.25,172.27096557617188
2025-10-24,175.13999938964844,173.15086364746094
2025-10-27,176.02999877929688,174.03076171875
2025-10-28,175.22000122070312,173.22994995117188
2025-10-29,174.55999755859375,172.57745361328125
2025-10-30,174.0,172.02381896972656
2025-10-31,174.3000030517578,172.32040405273438
2025-11-03,173.8300018310547,171.85574340820312
2025-11-04,171.6999969482422,169.7499237060547
2025-11-05,172.7100067138672,170.7484588623047
2025-11-06,172.07000732421875,170.11573791503906
2025-11-07,172.7100067138672,170.7484588623047
2025-11-10,174.00999450683594,172.03369140625
2025-11-11,174.02000427246094,172.04359436035156
2025-11-12,174.57000732421875,172.58734130859375
2025-11-13,171.97999572753906,170.02674865722656
2025-11-14,171.74000549316406,169.78948974609375
2025-11-17,169.5399932861328,167.6144561767578
2025-11-18,167.75999450683594,165.85467529296875
2025-11-19,167.86000061035156,165.9535369873047
2025-11-20,165.6999969482422,163.81808471679688
2025-11-21,167.24000549316406,165.34059143066406
2025-11-24,167.63999938964844,165.7360382080078
2025-11-25,169.86000061035156,167.9308319091797
2025-11-26,171.41000366210938,169.46322631835938
2025-11-28,172.25999450683594,170.30357360839844
2025-12-01,170.0,168.06924438476562
2025-12-02,170.88999938964844,168.9491424560547
2025-12-03,172.88999938964844,170.92642211914062
2025-12-04,174.1999969482422,172.22154235839844
2025-12-05,174.13999938964844,172.1622314453125
2025-12-08,174.13999938964844,172.1622314453125
2025-12-09,173.30999755859375,171.34164428710938
2025-12-10,175.6699981689453,173.6748504638672
2025-12-11,177.4499969482422,175.43463134765625
2025-12-12,176.64999389648438,174.6437225341797
2025-12-15,177.14999389648438,175.13803100585938
2025-12-16,175.0399932861328,174.0097198486328
2025-12-17,172.1300048828125,171.11685180664062
2025-12-18,173.8000030517578,172.7770233154297
2025-12-19,175.3800048828125,174.3477325439453
2025-12-22,176.25,175.2126007080078
2025-12-23,176.6999969482422,175.65994262695312
2025-12-24,177.0399932861328,175.99794006347656
2025-12-26,176.89999389648438,175.8587646484375
2025-12-29,176.38999938964844,175.35177612304688
2025-12-30,176.33999633789062,175.30206298828125
2025-12-31,175.33999633789062,174.30795288085938
2026-01-02,177.75999450683594,176.7136993408203
