date,close,adj_close
2014-12-01,38.779998779296875,28.319278717041016
2014-12-02,38.709999084472656,28.26816177368164
2014-12-03,38.630001068115234,28.20973777770996
2014-12-04,38.43000030517578,28.063688278198242
2014-12-05,38.790000915527344,28.326589584350586
2014-12-08,38.439998626708984,28.070985794067383
2014-12-09,38.11000061035156,27.83001136779785
2014-12-10,37.59000015258789,27.450279235839844
2014-12-11,37.459999084472656,27.3553409576416
2014-12-12,36.68000030517578,26.785741806030273
2014-12-15,35.95000076293945,26.252660751342773
2014-12-16,36.36000061035156,26.552064895629883
2014-12-17,36.54999923706055,26.884536743164062
2014-12-18,37.310001373291016,27.44356346130371
2014-12-19,37.0099983215332,27.222888946533203
2014-12-22,37.2599983215332,27.406770706176758
2014-12-23,37.279998779296875,27.421485900878906
2014-12-24,37.54999923706055,27.620088577270508
2014-12-26,37.5099983215332,27.590665817260742
2014-12-29,37.209999084472656,27.3700008392334
2014-12-30,36.7400016784668,27.0242919921875
2014-12-31,36.33000183105469,26.722707748413086
2015-01-02,36.369998931884766,26.75212860107422
2015-01-05,35.0099983215332,25.75177574157715
2015-01-06,34.650001525878906,25.486984252929688
2015-01-07,34.95000076293945,25.70764923095703
2015-01-08,35.439998626708984,26.06806755065918
2015-01-09,35.11000061035156,25.825334548950195
2015-01-12,35.209999084472656,25.89888572692871
2015-01-13,35.38999938964844,26.03128433227539
2015-01-14,35.459999084472656,26.08277702331543
2015-01-15,35.369998931884766,26.016582489013672
2015-01-16,36.060001373291016,26.524106979370117
2015-01-20,36.36000061035156,26.744781494140625
2015-01-21,36.720001220703125,27.009580612182617
2015-01-22,36.86000061035156,27.112550735473633
2015-01-23,36.54999923706055,26.884536743164062
2015-01-26,37.29999923706055,27.436201095581055
2015-01-27,37.189998626708984,27.355287551879883
2015-01-28,36.34000015258789,26.730070114135742
2015-01-29,37.33000183105469,27.45826530456543
2015-01-30,36.68000030517578,26.980152130126953
2015-02-02,37.130001068115234,27.311155319213867
2015-02-03,38.11000061035156,28.032001495361328
2015-02-04,37.33000183105469,27.45826530456543
2015-02-05,37.97999954223633,27.936370849609375
2015-02-06,37.119998931884766,27.303794860839844
2015-02-09,36.810001373291016,27.075775146484375
2015-02-10,37.310001373291016,27.44356346130371
2015-02-11,37.220001220703125,27.377351760864258
2015-02-12,38.20000076293945,28.098201751708984
2015-02-13,38.290000915527344,28.164400100708008
2015-02-17,38.34000015258789,28.2011775970459
2015-02-18,38.439998626708984,28.27473258972168
2015-02-19,38.400001525878906,28.24530601501465
2015-02-20,39.0099983215332,28.693994522094727
2015-02-23,38.7599983215332,28.510112762451172
2015-02-24,39.119998931884766,28.77490234375
2015-02-25,39.029998779296875,28.708702087402344
2015-02-26,38.810001373291016,28.546886444091797
2015-02-27,38.959999084472656,28.657217025756836
2015-03-02,39.06999969482422,28.738122940063477
2015-03-03,38.66999816894531,28.44390869140625
2015-03-04,38.47999954223633,28.304149627685547
2015-03-05,38.65999984741211,28.436553955078125
2015-03-06,38.0,27.951091766357422
2015-03-09,38.130001068115234,28.046707153320312
2015-03-10,37.220001220703125,27.377351760864258
2015-03-11,37.4900016784668,27.57596206665039
2015-03-12,37.810001373291016,27.811336517333984
2015-03-13,37.560001373291016,27.6274471282959
2015-03-16,38.209999084472656,28.105546951293945
2015-03-17,37.970001220703125,27.92901611328125
2015-03-18,38.63999938964844,28.421842575073242
2015-03-19,38.0,27.951091766357422
2015-03-20,39.08000183105469,28.7454891204834
2015-03-23,39.27000045776367,28.885244369506836
2015-03-24,39.43000030517578,29.0029296875
2015-03-25,39.15999984741211,28.804340362548828
2015-03-26,38.790000915527344,28.532176971435547
2015-03-27,39.0099983215332,28.693994522094727
2015-03-30,39.16999816894531,28.811687469482422
2015-03-31,38.58000183105469,28.37771224975586
2015-04-01,38.95000076293945,28.64986228942871
2015-04-02,39.38999938964844,28.973508834838867
2015-04-06,39.7599983215332,29.245664596557617
2015-04-07,39.529998779296875,29.07648468017578
2015-04-08,39.43000030517578,29.0029296875
2015-04-09,39.40999984741211,28.98821258544922
2015-04-10,39.5099983215332,29.061771392822266
2015-04-13,39.29999923706055,28.907310485839844
2015-04-14,39.540000915527344,29.083843231201172
2015-04-15,39.619998931884766,29.142688751220703
2015-04-16,39.529998779296875,29.07648468017578
2015-04-17,38.849998474121094,28.57631492614746
2015-04-20,38.91999816894531,28.6278018951416
2015-04-21,39.220001220703125,28.848464965820312
2015-04-22,39.220001220703125,28.848464965820312
2015-04-23,39.310001373291016,28.9146728515625
2015-04-24,39.5,29.054418563842773
2015-04-27,40.0099983215332,29.429555892944336
2015-04-28,39.959999084472656,29.39277458190918
2015-04-29,39.400001525878906,28.98086166381836
2015-04-30,39.439998626708984,29.010290145874023
2015-05-01,39.90999984741211,29.355998992919922
2015-05-04,39.72999954223633,29.223602294921875
2015-05-05,38.97999954223633,28.671926498413086
2015-05-06,39.439998626708984,29.010290145874023
2015-05-07,39.290000915527344,28.89995574951172
2015-05-08,40.15999984741211,29.539886474609375
2015-05-11,39.72999954223633,29.223602294921875
2015-05-12,39.599998474121094,29.12796974182129
2015-05-13,39.83000183105469,29.297151565551758
2015-05-14,40.66999816894531,29.915021896362305
2015-05-15,40.70000076293945,29.93708038330078
2015-05-18,40.400001525878906,29.716411590576172
2015-05-19,40.41999816894531,29.731128692626953
2015-05-20,40.52000045776367,29.804689407348633
2015-05-21,40.63999938964844,29.89295196533203
2015-05-22,40.20000076293945,29.569313049316406
2015-05-26,39.13999938964844,28.789628982543945
2015-05-27,39.77000045776367,29.25302505493164
2015-05-28,39.77000045776367,29.25302505493164
2015-05-29,39.189998626708984,28.826393127441406
2015-06-01,39.09000015258789,28.75284194946289
2015-06-02,39.560001373291016,29.098554611206055
2015-06-03,40.08000183105469,29.481037139892578
2015-06-04,39.4900016784668,29.047073364257812
2015-06-05,38.790000915527344,28.532176971435547
2015-06-08,38.779998779296875,28.524822235107422
2015-06-09,38.650001525878906,28.429197311401367
2015-06-10,39.720001220703125,29.216245651245117
2015-06-11,39.83000183105469,29.297151565551758
2015-06-12,39.310001373291016,28.9146728515625
2015-06-15,38.79999923706055,28.539535522460938
2015-06-16,38.779998779296875,28.524822235107422
2015-06-17,38.599998474121094,28.392423629760742
2015-06-18,39.209999084472656,28.841110229492188
2015-06-19,38.9900016784668,28.679288864135742
2015-06-22,40.34000015258789,29.672285079956055
2015-06-23,40.25,29.6060791015625
2015-06-24,39.880001068115234,29.33393096923828
2015-06-25,39.29999923706055,29.414762496948242
2015-06-26,39.5099983215332,29.571937561035156
2015-06-29,37.81999969482422,28.307029724121094
2015-06-30,37.540000915527344,28.097463607788086
2015-07-01,37.84000015258789,28.322002410888672
2015-07-02,37.66999816894531,28.194759368896484
2015-07-06,36.47999954223633,27.304088592529297
2015-07-07,36.56999969482422,27.371444702148438
2015-07-08,36.06999969482422,26.997217178344727
2015-07-09,36.84000015258789,27.57354164123535
2015-07-10,38.7400016784668,28.995622634887695
2015-07-13,38.630001068115234,28.91329002380371
2015-07-14,38.84000015258789,29.070472717285156
2015-07-15,38.689998626708984,28.958200454711914
2015-07-16,39.060001373291016,29.235132217407227
2015-07-17,38.95000076293945,29.152799606323242
2015-07-20,39.119998931884766,29.280033111572266
2015-07-21,39.040000915527344,29.22016143798828
2015-07-22,38.84000015258789,29.070472717285156
2015-07-23,38.84000015258789,29.070472717285156
2015-07-24,38.45000076293945,28.7785701751709
2015-07-27,38.099998474121094,28.516597747802734
2015-07-28,38.52000045776367,28.83095932006836
2015-07-29,38.5099983215332,28.82347297668457
2015-07-30,38.349998474121094,28.703712463378906
2015-07-31,38.689998626708984,28.958200454711914
2015-08-03,38.83000183105469,29.062990188598633
2015-08-04,38.689998626708984,28.958200454711914
2015-08-05,39.0099983215332,29.197711944580078
2015-08-06,39.099998474121094,29.265071868896484
2015-08-07,39.0,29.190221786499023
2015-08-10,39.4900016784668,29.556983947753906
2015-08-11,38.91999816894531,29.130348205566406
2015-08-12,38.540000915527344,28.845928192138672
2015-08-13,38.31999969482422,28.6812686920166
2015-08-14,38.25,28.628877639770508
2015-08-17,38.119998931884766,28.531566619873047
2015-08-18,37.79999923706055,28.292070388793945
2015-08-19,37.52000045776367,28.08249282836914
2015-08-20,36.540000915527344,27.3490047454834
2015-08-21,35.959999084472656,26.914884567260742
2015-08-24,35.11000061035156,26.278682708740234
2015-08-25,35.29999923706055,26.420896530151367
2015-08-26,36.119998931884766,27.034639358520508
2015-08-27,36.38999938964844,27.23672103881836
2015-08-28,36.119998931884766,27.034639358520508
2015-08-31,36.02000045776367,26.959793090820312
2015-09-01,35.13999938964844,26.3011417388916
2015-09-02,35.58000183105469,26.63046646118164
2015-09-03,35.560001373291016,26.615495681762695
2015-09-04,34.83000183105469,26.069116592407227
2015-09-08,35.849998474121094,26.83255386352539
2015-09-09,35.54999923706055,26.60800552368164
2015-09-10,36.029998779296875,26.967269897460938
2015-09-11,35.939998626708984,26.899913787841797
2015-09-14,35.59000015258789,26.637950897216797
2015-09-15,35.86000061035156,26.840044021606445
2015-09-16,36.27000045776367,27.146913528442383
2015-09-17,36.599998474121094,27.393901824951172
2015-09-18,35.43000030517578,26.518198013305664
2015-09-21,35.290000915527344,26.413408279418945
2015-09-22,34.189998626708984,25.59009552001953
2015-09-23,34.09000015258789,25.51525115966797
2015-09-24,33.970001220703125,25.425434112548828
2015-09-25,34.2599983215332,25.642486572265625
2015-09-28,33.65999984741211,25.19341278076172
2015-09-29,33.83000183105469,25.320653915405273
2015-09-30,34.34000015258789,25.702367782592773
2015-10-01,34.27000045776367,25.64997673034668
2015-10-02,34.86000061035156,26.091571807861328
2015-10-05,35.59000015258789,26.637950897216797
2015-10-06,35.86000061035156,26.840044021606445
2015-10-07,36.209999084472656,27.10200309753418
2015-10-08,36.439998626708984,27.274145126342773
2015-10-09,36.61000061035156,27.401386260986328
2015-10-12,36.47999954223633,27.304088592529297
2015-10-13,36.15999984741211,27.064577102661133
2015-10-14,36.34000015258789,27.199302673339844
2015-10-15,36.7599983215332,27.513654708862305
2015-10-16,36.70000076293945,27.46875
2015-10-19,36.650001525878906,27.43132781982422
2015-10-20,36.5099983215332,27.32654571533203
2015-10-21,36.470001220703125,27.29659652709961
2015-10-22,36.880001068115234,27.603477478027344
2015-10-23,37.29999923706055,27.91783332824707
2015-10-26,37.150001525878906,27.805557250976562
2015-10-27,36.7400016784668,27.49869155883789
2015-10-28,36.939998626708984,27.648378372192383
2015-10-29,36.849998474121094,27.58101463317871
2015-10-30,36.849998474121094,27.58101463317871
2015-11-02,37.349998474121094,27.95525360107422
2015-11-03,37.189998626708984,27.835500717163086
2015-11-04,36.81999969482422,27.558565139770508
2015-11-05,36.880001068115234,27.603477478027344
2015-11-06,36.83000183105469,27.566059112548828
2015-11-09,36.279998779296875,27.154390335083008
2015-11-10,36.15999984741211,27.064577102661133
2015-11-11,36.310001373291016,27.176849365234375
2015-11-12,35.86000061035156,26.840044021606445
2015-11-13,35.52000045776367,26.58555793762207
2015-11-16,35.849998474121094,26.83255386352539
2015-11-17,35.93000030517578,26.89243507385254
2015-11-18,36.34000015258789,27.199302673339844
2015-11-19,36.52000045776367,27.33402442932129
2015-11-20,36.279998779296875,27.154390335083008
2015-11-23,36.060001373291016,26.989730834960938
2015-11-24,35.939998626708984,26.899913787841797
2015-11-25,36.20000076293945,27.094520568847656
2015-11-27,36.5099983215332,27.32654571533203
2015-11-30,36.560001373291016,27.363964080810547
2015-12-01,36.66999816894531,27.446292877197266
2015-12-02,36.150001525878906,27.057092666625977
2015-12-03,36.02000045776367,26.959793090820312
2015-12-04,36.439998626708984,27.274145126342773
2015-12-07,36.34000015258789,27.199302673339844
2015-12-08,35.779998779296875,26.780168533325195
2015-12-09,35.63999938964844,26.675376892089844
2015-12-10,35.540000915527344,26.600526809692383
2015-12-11,34.880001068115234,26.106542587280273
2015-12-14,34.869998931884766,26.099048614501953
2015-12-15,35.220001220703125,26.36102294921875
2015-12-16,35.84000015258789,26.8250732421875
2015-12-17,35.47999954223633,26.555622100830078
2015-12-18,35.0099983215332,26.203840255737305
2015-12-21,35.060001373291016,26.29909896850586
2015-12-22,35.279998779296875,26.464128494262695
2015-12-23,35.84000015258789,26.884201049804688
2015-12-24,35.79999923706055,26.854183197021484
2015-12-28,35.65999984741211,26.749174118041992
2015-12-29,36.0,27.00421714782715
2015-12-30,35.63999938964844,26.734169006347656
2015-12-31,35.040000915527344,26.28410530090332
2016-01-04,34.470001220703125,25.856536865234375
2016-01-05,34.16999816894531,25.63149642944336
2016-01-06,33.61000061035156,25.211437225341797
2016-01-07,33.13999938964844,24.8588809967041
2016-01-08,32.84000015258789,24.63384246826172
2016-01-11,33.02000045776367,24.76886558532715
2016-01-12,33.470001220703125,25.10641860961914
2016-01-13,32.810001373291016,24.61134147644043
2016-01-14,33.119998931884766,24.843875885009766
2016-01-15,31.969999313354492,23.98124122619629
2016-01-19,32.2400016784668,24.183774948120117
2016-01-20,31.59000015258789,23.696199417114258
2016-01-21,31.979999542236328,23.988744735717773
2016-01-22,32.77000045776367,24.58133888244629
2016-01-25,32.33000183105469,24.251283645629883
2016-01-26,33.040000915527344,24.783872604370117
2016-01-27,32.7400016784668,24.55883026123047
2016-01-28,32.77000045776367,24.58133888244629
2016-01-29,33.20000076293945,24.903888702392578
2016-02-01,33.119998931884766,24.843875885009766
2016-02-02,32.16999816894531,24.13126564025879
2016-02-03,32.650001525878906,24.49132537841797
2016-02-04,32.7599983215332,24.573837280273438
2016-02-05,32.2400016784668,24.183774948120117
2016-02-08,31.329999923706055,23.50116729736328
2016-02-09,31.079999923706055,23.313636779785156
2016-02-10,31.25,23.441158294677734
2016-02-11,30.75,23.066099166870117
2016-02-12,31.1200008392334,23.343647003173828
2016-02-16,32.13999938964844,24.108760833740234
2016-02-17,32.459999084472656,24.348800659179688
2016-02-18,32.18000030517578,24.138765335083008
2016-02-19,32.130001068115234,24.101261138916016
2016-02-22,32.459999084472656,24.348800659179688
2016-02-23,31.969999313354492,23.98124122619629
2016-02-24,31.670000076293945,23.756208419799805
2016-02-25,32.08000183105469,24.06375503540039
2016-02-26,31.989999771118164,23.996246337890625
2016-02-29,31.799999237060547,23.853727340698242
2016-03-01,32.81999969482422,24.61884117126465
2016-03-02,32.869998931884766,24.656347274780273
2016-03-03,33.20000076293945,24.903888702392578
2016-03-04,33.310001373291016,24.986400604248047
2016-03-07,33.27000045776367,24.956396102905273
2016-03-08,32.959999084472656,24.723857879638672
2016-03-09,33.130001068115234,24.851381301879883
2016-03-10,33.290000915527344,24.971397399902344
2016-03-11,34.380001068115234,25.789024353027344
2016-03-14,34.31999969482422,25.744022369384766
2016-03-15,34.150001525878906,25.616497039794922
2016-03-16,34.5099983215332,25.88654136657715
2016-03-17,34.54999923706055,25.916545867919922
2016-03-18,34.65999984741211,25.99905776977539
2016-03-21,34.560001373291016,25.924043655395508
2016-03-22,34.439998626708984,25.83403205871582
2016-03-23,34.16999816894531,25.63149642944336
2016-03-24,33.84000015258789,25.383962631225586
2016-03-28,33.959999084472656,25.473974227905273
2016-03-29,34.41999816894531,25.81903076171875
2016-03-30,34.86000061035156,26.14908218383789
2016-03-31,34.38999938964844,25.79652214050293
2016-04-01,34.11000061035156,25.58649253845215
2016-04-04,34.08000183105469,25.563993453979492
2016-04-05,33.36000061035156,25.023908615112305
2016-04-06,33.7400016784668,25.308950424194336
2016-04-07,33.02000045776367,24.76886558532715
2016-04-08,33.68000030517578,25.263940811157227
2016-04-11,33.7400016784668,25.308950424194336
2016-04-12,34.08000183105469,25.563993453979492
2016-04-13,34.650001525878906,25.991559982299805
2016-04-14,34.689998626708984,26.021560668945312
2016-04-15,34.650001525878906,25.991559982299805
2016-04-18,35.02000045776367,26.269105911254883
2016-04-19,35.7599983215332,26.82418441772461
2016-04-20,35.7400016784668,26.809185028076172
2016-04-21,35.54999923706055,26.666656494140625
2016-04-22,35.38999938964844,26.54663848876953
2016-04-25,35.2599983215332,26.449125289916992
2016-04-26,35.45000076293945,26.591650009155273
2016-04-27,35.66999816894531,26.756675720214844
2016-04-28,35.400001525878906,26.55414390563965
2016-04-29,35.27000045776367,26.456626892089844
2016-05-02,35.560001373291016,26.674161911010742
2016-05-03,34.84000015258789,26.134077072143555
2016-05-04,34.45000076293945,25.841529846191406
2016-05-05,34.2599983215332,25.699010848999023
2016-05-06,34.459999084472656,25.84903335571289
2016-05-09,34.400001525878906,25.804027557373047
2016-05-10,34.7400016784668,26.059066772460938
2016-05-11,34.47999954223633,25.864036560058594
2016-05-12,34.349998474121094,25.766521453857422
2016-05-13,33.95000076293945,25.46647071838379
2016-05-16,34.279998779296875,25.71401023864746
2016-05-17,33.900001525878906,25.428972244262695
2016-05-18,33.90999984741211,25.436473846435547
2016-05-19,33.68000030517578,25.263940811157227
2016-05-20,34.029998779296875,25.526479721069336
2016-05-23,33.880001068115234,25.413963317871094
2016-05-24,34.5099983215332,25.88654136657715
2016-05-25,34.900001525878906,26.17908477783203
2016-05-26,35.16999816894531,26.38161277770996
2016-05-27,35.060001373291016,26.29909896850586
2016-05-31,33.9900016784668,25.496482849121094
2016-06-01,34.97999954223633,26.239086151123047
2016-06-02,35.02000045776367,26.269105911254883
2016-06-03,35.13999938964844,26.359119415283203
2016-06-06,35.220001220703125,26.41912269592285
2016-06-07,35.54999923706055,26.666656494140625
2016-06-08,35.619998931884766,26.71917152404785
2016-06-09,35.029998779296875,26.27660369873047
2016-06-10,33.79999923706055,25.353954315185547
2016-06-13,33.22999954223633,24.926387786865234
2016-06-14,32.689998626708984,24.521329879760742
2016-06-15,32.869998931884766,24.656347274780273
2016-06-16,33.09000015258789,24.821374893188477
2016-06-17,33.5099983215332,25.136423110961914
2016-06-20,34.25,25.691513061523438
2016-06-21,34.630001068115234,25.9765567779541
2016-06-22,33.7400016784668,25.938884735107422
2016-06-23,34.91999816894531,26.846050262451172
2016-06-24,30.899999618530273,23.75552749633789
2016-06-27,30.239999771118164,23.248126983642578
2016-06-28,31.040000915527344,23.863161087036133
2016-06-29,31.6299991607666,24.31674575805664
2016-06-30,32.27000045776367,24.808767318725586
2016-07-01,32.290000915527344,24.824138641357422
2016-07-05,31.260000228881836,24.03229331970215
2016-07-06,31.15999984741211,23.955413818359375
2016-07-07,30.959999084472656,23.801651000976562
2016-07-08,31.6299991607666,24.31674575805664
2016-07-11,32.04999923706055,24.639633178710938
2016-07-12,32.630001068115234,25.085533142089844
2016-07-13,32.70000076293945,25.139345169067383
2016-07-14,33.08000183105469,25.43148422241211
2016-07-15,32.88999938964844,25.285415649414062
2016-07-18,32.869998931884766,25.270036697387695
2016-07-19,32.630001068115234,25.085533142089844
2016-07-20,32.90999984741211,25.300792694091797
2016-07-21,32.83000183105469,25.239288330078125
2016-07-22,32.90999984741211,25.300792694091797
2016-07-25,32.939998626708984,25.3238582611084
2016-07-26,33.09000015258789,25.439170837402344
2016-07-27,33.400001525878906,25.6774959564209
2016-07-28,33.45000076293945,25.715932846069336
2016-07-29,33.83000183105469,26.008075714111328
2016-08-01,33.459999084472656,25.723623275756836
2016-08-02,33.150001525878906,25.485294342041016
2016-08-03,33.040000915527344,25.400732040405273
2016-08-04,33.13999938964844,25.477611541748047
2016-08-05,33.41999816894531,25.69287109375
2016-08-08,33.52000045776367,25.769750595092773
2016-08-09,34.0099983215332,26.14645767211914
2016-08-10,34.209999084472656,26.30021095275879
2016-08-11,34.45000076293945,26.484724044799805
2016-08-12,34.470001220703125,26.500099182128906
2016-08-15,34.58000183105469,26.58466148376465
2016-08-16,34.540000915527344,26.553913116455078
2016-08-17,34.459999084472656,26.49241065979004
2016-08-18,34.650001525878906,26.63848876953125
2016-08-19,34.349998474121094,26.40784454345703
2016-08-22,34.310001373291016,26.377094268798828
2016-08-23,34.4900016784668,26.515478134155273
2016-08-24,34.40999984741211,26.4539737701416
2016-08-25,34.2599983215332,26.338655471801758
2016-08-26,34.130001068115234,26.23870849609375
2016-08-29,34.22999954223633,26.315589904785156
2016-08-30,34.279998779296875,26.354026794433594
2016-08-31,34.209999084472656,26.30021095275879
2016-09-01,34.47999954223633,26.507789611816406
2016-09-02,34.90999984741211,26.838363647460938
2016-09-06,35.099998474121094,26.984434127807617
2016-09-07,35.189998626708984,27.05362319946289
2016-09-08,35.16999816894531,27.03824806213379
2016-09-09,34.400001525878906,26.4462833404541
2016-09-12,34.630001068115234,26.623106002807617
2016-09-13,33.97999954223633,26.12339210510254
2016-09-14,33.880001068115234,26.0465145111084
2016-09-15,34.119998931884766,26.231019973754883
2016-09-16,33.470001220703125,25.731313705444336
2016-09-19,33.72999954223633,25.931198120117188
2016-09-20,33.790000915527344,25.977323532104492
2016-09-21,34.290000915527344,26.36171531677246
2016-09-22,34.810001373291016,26.76148796081543
2016-09-23,34.61000061035156,26.60772705078125
2016-09-26,34.189998626708984,26.284833908081055
2016-09-27,34.13999938964844,26.24639892578125
2016-09-28,34.52000045776367,26.53853988647461
2016-09-29,33.88999938964844,26.054203033447266
2016-09-30,34.4900016784668,26.515478134155273
2016-10-03,34.349998474121094,26.40784454345703
2016-10-04,34.400001525878906,26.4462833404541
2016-10-05,34.56999969482422,26.57697868347168
2016-10-06,34.439998626708984,26.477035522460938
2016-10-07,34.189998626708984,26.284833908081055
2016-10-10,34.33000183105469,26.392471313476562
2016-10-11,33.939998626708984,26.09263801574707
2016-10-12,33.77000045776367,25.961946487426758
2016-10-13,33.619998931884766,25.846622467041016
2016-10-14,33.75,25.94657325744629
2016-10-17,33.72999954223633,25.931198120117188
2016-10-18,34.06999969482422,26.192581176757812
2016-10-19,34.150001525878906,26.254085540771484
2016-10-20,34.220001220703125,26.307905197143555
2016-10-21,34.09000015258789,26.207962036132812
2016-10-24,34.2400016784668,26.32328224182129
2016-10-25,34.18000030517578,26.277149200439453
2016-10-26,34.04999923706055,26.177204132080078
2016-10-27,34.08000183105469,26.200271606445312
2016-10-28,34.220001220703125,26.307905197143555
2016-10-31,34.13999938964844,26.24639892578125
2016-11-01,33.959999084472656,26.108016967773438
2016-11-02,33.689998626708984,25.90043830871582
2016-11-03,33.630001068115234,25.85431671142578
2016-11-04,33.310001373291016,25.608308792114258
2016-11-07,33.83000183105469,26.008075714111328
2016-11-08,33.9900016784668,26.131084442138672
2016-11-09,33.90999984741211,26.069580078125
2016-11-10,33.689998626708984,25.90043830871582
2016-11-11,33.310001373291016,25.608308792114258
2016-11-14,33.0,25.369977951049805
2016-11-15,33.2400016784668,25.554492950439453
2016-11-16,32.77000045776367,25.193161010742188
2016-11-17,32.869998931884766,25.270036697387695
2016-11-18,32.4900016784668,24.9779052734375
2016-11-21,32.79999923706055,25.216224670410156
2016-11-22,32.91999816894531,25.308473587036133
2016-11-23,32.56999969482422,25.039400100708008
2016-11-25,32.77000045776367,25.193161010742188
2016-11-28,32.40999984741211,24.916400909423828
2016-11-29,32.790000915527344,25.208541870117188
2016-11-30,32.779998779296875,25.200849533081055
2016-12-01,32.63999938964844,25.093219757080078
2016-12-02,32.689998626708984,25.131654739379883
2016-12-05,33.40999984741211,25.685184478759766
2016-12-06,33.83000183105469,26.008075714111328
2016-12-07,34.439998626708984,26.477035522460938
2016-12-08,34.22999954223633,26.315589904785156
2016-12-09,34.25,26.330963134765625
2016-12-12,34.31999969482422,26.384784698486328
2016-12-13,34.65999984741211,26.646167755126953
2016-12-14,34.11000061035156,26.223329544067383
2016-12-15,34.150001525878906,26.254085540771484
2016-12-16,34.279998779296875,26.354026794433594
2016-12-19,34.16999816894531,26.269460678100586
2016-12-20,34.349998474121094,26.40784454345703
2016-12-21,34.29999923706055,26.54171371459961
2016-12-22,34.220001220703125,26.479812622070312
2016-12-23,34.349998474121094,26.580406188964844
2016-12-27,34.38999938964844,26.611358642578125
2016-12-28,34.119998931884766,26.40242576599121
2016-12-29,34.38999938964844,26.611358642578125
2016-12-30,34.599998474121094,26.77385711669922
2017-01-03,34.68000030517578,26.83576011657715
2017-01-04,34.900001525878906,27.005996704101562
2017-01-05,35.189998626708984,27.230403900146484
2017-01-06,35.130001068115234,27.183979034423828
2017-01-09,35.029998779296875,27.106597900390625
2017-01-10,34.970001220703125,27.060169219970703
2017-01-11,35.16999816894531,27.214927673339844
2017-01-12,35.20000076293945,27.23814582824707
2017-01-13,35.36000061035156,27.361953735351562
2017-01-17,35.36000061035156,27.361953735351562
2017-01-18,35.220001220703125,27.25362205505371
2017-01-19,35.189998626708984,27.230403900146484
2017-01-20,35.41999816894531,27.40837860107422
2017-01-23,35.47999954223633,27.454805374145508
2017-01-24,35.560001373291016,27.51671028137207
2017-01-25,35.970001220703125,27.83397674560547
2017-01-26,35.61000061035156,27.5554141998291
2017-01-27,35.63999938964844,27.578622817993164
2017-01-30,35.290000915527344,27.30778694152832
2017-01-31,35.34000015258789,27.346473693847656
2017-02-01,35.400001525878906,27.39290428161621
2017-02-02,35.4900016784668,27.462547302246094
2017-02-03,35.68000030517578,27.60957145690918
2017-02-06,35.18000030517578,27.22266960144043
2017-02-07,35.060001373291016,27.129810333251953
2017-02-08,35.06999969482422,27.137548446655273
2017-02-09,35.29999923706055,27.315526962280273
2017-02-10,35.22999954223633,27.261354446411133
2017-02-13,35.40999984741211,27.40064239501953
2017-02-14,35.4900016784668,27.462547302246094
2017-02-15,35.599998474121094,27.547672271728516
2017-02-16,35.84000015258789,27.733386993408203
2017-02-17,35.59000015258789,27.539932250976562
2017-02-21,35.59000015258789,27.539932250976562
2017-02-22,35.630001068115234,27.570877075195312
2017-02-23,35.58000183105469,27.532190322875977
2017-02-24,35.27000045776367,27.292308807373047
2017-02-27,35.41999816894531,27.40837860107422
2017-02-28,35.40999984741211,27.40064239501953
2017-03-01,35.95000076293945,27.818504333496094
2017-03-02,35.7400016784668,27.656003952026367
2017-03-03,36.2400016784668,28.042911529541016
2017-03-06,36.11000061035156,27.942310333251953
2017-03-07,35.900001525878906,27.779813766479492
2017-03-08,35.79999923706055,27.70242691040039
2017-03-09,36.2400016784668,28.042911529541016
2017-03-10,36.650001525878906,28.36016845703125
2017-03-13,36.70000076293945,28.39885711669922
2017-03-14,36.34000015258789,28.120285034179688
2017-03-15,36.81999969482422,28.491722106933594
2017-03-16,37.290000915527344,28.855409622192383
2017-03-17,37.25,28.824453353881836
2017-03-20,37.16999816894531,28.762550354003906
2017-03-21,37.11000061035156,28.716123580932617
2017-03-22,37.15999984741211,28.754810333251953
2017-03-23,37.310001373291016,28.87088966369629
2017-03-24,37.439998626708984,28.97148323059082
2017-03-27,37.630001068115234,29.11850357055664
2017-03-28,37.790000915527344,29.242313385009766
2017-03-29,37.66999816894531,29.149450302124023
2017-03-30,37.5,29.01791000366211
2017-03-31,37.599998474121094,29.095287322998047
2017-04-03,37.5,29.01791000366211
2017-04-04,37.56999969482422,29.072072982788086
2017-04-05,37.29999923706055,28.86315155029297
2017-04-06,37.459999084472656,28.986957550048828
2017-04-07,37.38999938964844,28.932788848876953
2017-04-10,37.20000076293945,28.785770416259766
2017-04-11,37.279998779296875,28.847673416137695
2017-04-12,37.25,28.824453353881836
2017-04-13,36.970001220703125,28.6077938079834
2017-04-17,37.20000076293945,28.785770416259766
2017-04-18,37.0,28.631004333496094
2017-04-19,37.0099983215332,28.638742446899414
2017-04-20,37.380001068115234,28.925052642822266
2017-04-21,37.38999938964844,28.932788848876953
2017-04-24,39.31999969482422,30.426246643066406
2017-04-25,39.599998474121094,30.642911911010742
2017-04-26,39.34000015258789,30.44171905517578
2017-04-27,39.279998779296875,30.395292282104492
2017-04-28,39.2400016784668,30.36434555053711
2017-05-01,39.4900016784668,30.55780601501465
2017-05-02,39.779998779296875,30.782196044921875
2017-05-03,39.65999984741211,30.689340591430664
2017-05-04,40.54999923706055,31.378021240234375
2017-05-05,41.20000076293945,31.881017684936523
2017-05-08,40.540000915527344,31.370290756225586
2017-05-09,40.380001068115234,31.24648666381836
2017-05-10,40.40999984741211,31.26970100402832
2017-05-11,40.25,31.145893096923828
2017-05-12,40.630001068115234,31.439926147460938
2017-05-15,40.91999816894531,31.664339065551758
2017-05-16,41.310001373291016,31.966129302978516
2017-05-17,40.65999984741211,31.463157653808594
2017-05-18,40.650001525878906,31.455413818359375
2017-05-19,41.220001220703125,31.8964900970459
2017-05-22,41.290000915527344,31.95064926147461
2017-05-23,41.279998779296875,31.942909240722656
2017-05-24,41.400001525878906,32.03577423095703
2017-05-25,41.36000061035156,32.004825592041016
2017-05-26,41.209999084472656,31.888742446899414
2017-05-30,41.060001373291016,31.77267837524414
2017-05-31,41.18000030517578,31.86553382873535
2017-06-01,41.5,32.113155364990234
2017-06-02,41.95000076293945,32.46137237548828
2017-06-05,41.63999938964844,32.22148513793945
2017-06-06,41.41999816894531,32.05125045776367
2017-06-07,41.5099983215332,32.12087631225586
2017-06-08,41.439998626708984,32.06672668457031
2017-06-09,41.41999816894531,32.05125045776367
2017-06-12,41.099998474121094,31.803630828857422
2017-06-13,41.439998626708984,32.06672668457031
2017-06-14,41.40999984741211,32.04350280761719
2017-06-15,40.81999969482422,31.586963653564453
2017-06-16,41.25,31.919702529907227
2017-06-19,41.5099983215332,32.12087631225586
2017-06-20,40.400001525878906,31.749948501586914
2017-06-21,40.45000076293945,31.789243698120117
2017-06-22,40.34000015258789,31.702789306640625
2017-06-23,40.38999938964844,31.742082595825195
2017-06-26,40.529998779296875,31.852109909057617
2017-06-27,40.61000061035156,31.914989471435547
2017-06-28,41.029998779296875,32.245059967041016
2017-06-29,40.38999938964844,31.742082595825195
2017-06-30,40.33000183105469,31.694936752319336
2017-07-03,40.369998931884766,31.72637176513672
2017-07-05,40.40999984741211,31.75780487060547
2017-07-06,40.310001373291016,31.679216384887695
2017-07-07,40.43000030517578,31.773529052734375
2017-07-10,40.560001373291016,31.875688552856445
2017-07-11,40.779998779296875,32.048583984375
2017-07-12,41.040000915527344,32.2529182434082
2017-07-13,41.20000076293945,32.378658294677734
2017-07-14,41.470001220703125,32.59085464477539
2017-07-17,41.36000061035156,32.50440216064453
2017-07-18,41.29999923706055,32.457252502441406
2017-07-19,41.41999816894531,32.55155944824219
2017-07-20,41.65999984741211,32.740177154541016
2017-07-21,41.34000015258789,32.488685607910156
2017-07-24,41.22999954223633,32.40223693847656
2017-07-25,41.34000015258789,32.488685607910156
2017-07-26,41.689998626708984,32.76374816894531
2017-07-27,41.59000015258789,32.68516540527344
2017-07-28,41.630001068115234,32.71659851074219
2017-07-31,41.630001068115234,32.71659851074219
2017-08-01,41.91999816894531,32.94449996948242
2017-08-02,41.959999084472656,32.9759407043457
2017-08-03,42.060001373291016,33.054534912109375
2017-08-04,42.25,33.20384216308594
2017-08-07,42.2599983215332,33.211700439453125
2017-08-08,42.029998779296875,33.03095245361328
2017-08-09,41.86000061035156,32.89734649658203
2017-08-10,41.22999954223633,32.40223693847656
2017-08-11,41.20000076293945,32.378658294677734
2017-08-14,41.650001525878906,32.7323112487793
2017-08-15,41.650001525878906,32.7323112487793
2017-08-16,41.88999938964844,32.920921325683594
2017-08-17,41.349998474121094,32.496543884277344
2017-08-18,41.4900016784668,32.606571197509766
2017-08-21,41.45000076293945,32.575138092041016
2017-08-22,41.72999954223633,32.79518508911133
2017-08-23,41.7400016784668,32.80304718017578
2017-08-24,41.619998931884766,32.708740234375
2017-08-25,41.9900016784668,32.999515533447266
2017-08-28,41.9900016784668,32.999515533447266
2017-08-29,41.70000076293945,32.771610260009766
2017-08-30,41.59000015258789,32.68516540527344
2017-08-31,41.83000183105469,32.8737678527832
2017-09-01,41.93000030517578,32.952362060546875
2017-09-05,41.630001068115234,32.71659851074219
2017-09-06,42.09000015258789,33.07810974121094
2017-09-07,42.43000030517578,33.345306396484375
2017-09-08,42.41999816894531,33.337440490722656
2017-09-11,42.849998474121094,33.67538070678711
2017-09-12,43.029998779296875,33.816837310791016
2017-09-13,42.77000045776367,33.612510681152344
2017-09-14,42.849998474121094,33.67538070678711
2017-09-15,42.97999954223633,33.77753829956055
2017-09-18,43.08000183105469,33.85613250732422
2017-09-19,43.290000915527344,34.021175384521484
2017-09-20,43.08000183105469,33.85613250732422
2017-09-21,43.11000061035156,33.87971115112305
2017-09-22,43.20000076293945,33.9504508972168
2017-09-25,42.72999954223633,33.58107376098633
2017-09-26,42.56999969482422,33.4553337097168
2017-09-27,42.72999954223633,33.58107376098633
2017-09-28,42.900001525878906,33.71468734741211
2017-09-29,43.31999969482422,34.044742584228516
2017-10-02,43.189998626708984,33.942588806152344
2017-10-03,43.31999969482422,34.044742584228516
2017-10-04,43.099998474121094,33.87185287475586
2017-10-05,43.18000030517578,33.934730529785156
2017-10-06,43.18000030517578,33.934730529785156
2017-10-09,43.15999984741211,33.919002532958984
2017-10-10,43.54999923706055,34.22550582885742
2017-10-11,43.7400016784668,34.374820709228516
2017-10-12,43.61000061035156,34.27265167236328
2017-10-13,43.599998474121094,34.26479721069336
2017-10-16,43.52000045776367,34.20193099975586
2017-10-17,43.459999084472656,34.15476989746094
2017-10-18,43.66999816894531,34.319801330566406
2017-10-19,43.630001068115234,34.288368225097656
2017-10-20,43.38999938964844,34.09975051879883
2017-10-23,43.2599983215332,33.997596740722656
2017-10-24,43.5,34.18620681762695
2017-10-25,43.459999084472656,34.15476989746094
2017-10-26,43.43000030517578,34.13119888305664
2017-10-27,43.34000015258789,34.06046676635742
2017-10-30,43.599998474121094,34.26479721069336
2017-10-31,43.83000183105469,34.445552825927734
2017-11-01,43.939998626708984,34.53199768066406
2017-11-02,44.11000061035156,34.66559600830078
2017-11-03,43.84000015258789,34.45341110229492
2017-11-06,43.79999923706055,34.421966552734375
2017-11-07,43.43000030517578,34.13119888305664
2017-11-08,43.5099983215332,34.19406509399414
2017-11-09,43.18000030517578,33.934730529785156
2017-11-10,43.06999969482422,33.84827423095703
2017-11-13,42.90999984741211,33.7225341796875
2017-11-14,43.099998474121094,33.87185287475586
2017-11-15,42.900001525878906,33.71468734741211
2017-11-16,43.220001220703125,33.96615219116211
2017-11-17,43.0,33.79326248168945
2017-11-20,42.970001220703125,33.76968765258789
2017-11-21,43.220001220703125,33.96615219116211
2017-11-22,43.209999084472656,33.95830535888672
2017-11-24,43.83000183105469,34.445552825927734
2017-11-27,43.58000183105469,34.249080657958984
2017-11-28,43.7400016784668,34.374820709228516
2017-11-29,43.63999938964844,34.29622268676758
2017-11-30,43.720001220703125,34.35910415649414
2017-12-01,43.41999816894531,34.12333679199219
2017-12-04,43.4900016784668,34.178348541259766
2017-12-05,43.38999938964844,34.09975051879883
2017-12-06,43.310001373291016,34.03689956665039
2017-12-07,43.47999954223633,34.17049026489258
2017-12-08,43.709999084472656,34.35124588012695
2017-12-11,43.68000030517578,34.327674865722656
2017-12-12,43.619998931884766,34.280517578125
2017-12-13,43.54999923706055,34.22550582885742
2017-12-14,43.18000030517578,33.934730529785156
2017-12-15,43.22999954223633,33.97401809692383
2017-12-18,43.81999969482422,34.43769454956055
2017-12-19,43.650001525878906,34.45426940917969
2017-12-20,43.41999816894531,34.27272033691406
2017-12-21,43.5099983215332,34.34376525878906
2017-12-22,43.4900016784668,34.327980041503906
2017-12-26,43.47999954223633,34.32008361816406
2017-12-27,43.4900016784668,34.327980041503906
2017-12-28,43.47999954223633,34.32008361816406
2017-12-29,43.380001068115234,34.24114990234375
2018-01-02,43.599998474121094,34.4148063659668
2018-01-03,43.83000183105469,34.59635543823242
2018-01-04,44.560001373291016,35.17256164550781
2018-01-05,45.0,35.519874572753906
2018-01-08,44.810001373291016,35.36989212036133
2018-01-09,44.939998626708984,35.47249984741211
2018-01-10,44.75,35.32252502441406
2018-01-11,45.060001373291016,35.56722640991211
2018-01-12,45.709999084472656,36.080291748046875
2018-01-16,45.810001373291016,36.15922164916992
2018-01-17,45.9900016784668,36.30131149291992
2018-01-18,46.06999969482422,36.36444854736328
2018-01-19,46.38999938964844,36.617034912109375
2018-01-22,46.720001220703125,36.87751388549805
2018-01-23,46.81999969482422,36.956451416015625
2018-01-24,46.83000183105469,36.96433639526367
2018-01-25,46.720001220703125,36.87751388549805
2018-01-26,47.11000061035156,37.18534851074219
2018-01-29,46.65999984741211,36.83015441894531
2018-01-30,46.33000183105469,36.56968307495117
2018-01-31,46.41999816894531,36.640716552734375
2018-02-01,46.540000915527344,36.73542785644531
2018-02-02,45.369998931884766,35.81191635131836
2018-02-05,43.5,34.335872650146484
2018-02-06,44.720001220703125,35.29885482788086
2018-02-07,43.900001525878906,34.65160369873047
2018-02-08,42.65999984741211,33.67282485961914
2018-02-09,42.84000015258789,33.814910888671875
2018-02-12,43.5099983215332,34.34376525878906
2018-02-13,43.38999938964844,34.24903869628906
2018-02-14,44.22999954223633,34.91208267211914
2018-02-15,44.470001220703125,35.10152816772461
2018-02-16,44.560001373291016,35.17256164550781
2018-02-20,44.09000015258789,34.801578521728516
2018-02-21,43.90999984741211,34.65950393676758
2018-02-22,44.130001068115234,34.833152770996094
2018-02-23,44.41999816894531,35.06205368041992
2018-02-26,44.70000076293945,35.28306198120117
2018-02-27,43.91999816894531,34.667388916015625
2018-02-28,43.63999938964844,34.446372985839844
2018-03-01,43.13999938964844,34.05170822143555
2018-03-02,43.209999084472656,34.106971740722656
2018-03-05,43.470001220703125,34.312191009521484
2018-03-06,43.77000045776367,34.54899215698242
2018-03-07,44.0,34.730533599853516
2018-03-08,44.02000045776367,34.74631881713867
2018-03-09,44.189998626708984,34.8805046081543
2018-03-12,44.29999923706055,34.967342376708984
2018-03-13,43.880001068115234,34.635826110839844
2018-03-14,44.0099983215332,34.73843002319336
2018-03-15,44.0,34.730533599853516
2018-03-16,44.040000915527344,34.762107849121094
2018-03-19,43.83000183105469,34.59635543823242
2018-03-20,43.77000045776367,34.54899215698242
2018-03-21,43.7599983215332,34.54109573364258
2018-03-22,42.81999969482422,33.79912567138672
2018-03-23,42.400001525878906,33.46760940551758
2018-03-26,43.2599983215332,34.14643859863281
2018-03-27,42.75,33.743873596191406
2018-03-28,42.939998626708984,33.89384841918945
2018-03-29,43.349998474121094,34.21746826171875
2018-04-02,42.75,33.743873596191406
2018-04-03,43.11000061035156,34.02803421020508
2018-04-04,43.22999954223633,34.12274932861328
2018-04-05,43.63999938964844,34.446372985839844
2018-04-06,43.5,34.335872650146484
2018-04-09,43.849998474121094,34.61214065551758
2018-04-10,44.369998931884766,35.0225830078125
2018-04-11,44.11000061035156,34.81736373901367
2018-04-12,44.349998474121094,35.00680160522461
2018-04-13,44.459999084472656,35.0936279296875
2018-04-16,44.58000183105469,35.188350677490234
2018-04-17,44.970001220703125,35.496192932128906
2018-04-18,45.15999984741211,35.646156311035156
2018-04-19,44.9900016784668,35.511966705322266
2018-04-20,44.790000915527344,35.3541145324707
2018-04-23,44.68000030517578,35.26728439331055
2018-04-24,44.459999084472656,35.0936279296875
2018-04-25,44.29999923706055,34.967342376708984
2018-04-26,44.439998626708984,35.077842712402344
2018-04-27,44.58000183105469,35.188350677490234
2018-04-30,44.33000183105469,34.99101638793945
2018-05-01,44.20000076293945,34.88840866088867
2018-05-02,44.310001373291016,34.9752311706543
2018-05-03,44.41999816894531,35.06205368041992
2018-05-04,44.540000915527344,35.156768798828125
2018-05-07,44.52000045776367,35.140995025634766
2018-05-08,44.41999816894531,35.06205368041992
2018-05-09,44.459999084472656,35.0936279296875
2018-05-10,44.810001373291016,35.36989212036133
2018-05-11,44.84000015258789,35.393577575683594
2018-05-14,44.849998474121094,35.401466369628906
2018-05-15,44.52000045776367,35.140995025634766
2018-05-16,44.38999938964844,35.03837203979492
2018-05-17,44.5,35.12519073486328
2018-05-18,44.29999923706055,34.967342376708984
2018-05-21,44.599998474121094,35.204124450683594
2018-05-22,44.630001068115234,35.22781753540039
2018-05-23,43.959999084472656,34.69895935058594
2018-05-24,43.83000183105469,34.59635543823242
2018-05-25,43.43000030517578,34.280616760253906
2018-05-29,41.95000076293945,33.11241912841797
2018-05-30,42.84000015258789,33.814910888671875
2018-05-31,42.7400016784668,33.73597717285156
2018-06-01,43.02000045776367,33.956993103027344
2018-06-04,43.2400016784668,34.13064193725586
2018-06-05,43.20000076293945,34.09907913208008
2018-06-06,43.709999084472656,34.501625061035156
2018-06-07,43.31999969482422,34.19378662109375
2018-06-08,43.38999938964844,34.24903869628906
2018-06-11,43.849998474121094,34.61214065551758
2018-06-12,43.560001373291016,34.38323211669922
2018-06-13,43.72999954223633,34.517425537109375
2018-06-14,43.66999816894531,34.47005081176758
2018-06-15,43.540000915527344,34.36745071411133
2018-06-18,43.060001373291016,33.98856735229492
2018-06-19,41.66999816894531,33.694236755371094
2018-06-20,41.54999923706055,33.597206115722656
2018-06-21,41.119998931884766,33.24951171875
2018-06-22,41.560001373291016,33.60528564453125
2018-06-25,41.04999923706055,33.192901611328125
2018-06-26,40.93000030517578,33.09586715698242
2018-06-27,40.529998779296875,32.772438049316406
2018-06-28,40.54999923706055,32.788604736328125
2018-06-29,41.0099983215332,33.160560607910156
2018-07-02,40.79999923706055,32.99074935913086
2018-07-03,40.95000076293945,33.11205291748047
2018-07-05,41.68000030517578,33.70232009887695
2018-07-06,41.93000030517578,33.90447235107422
2018-07-09,42.16999816894531,34.09853744506836
2018-07-10,42.290000915527344,34.19557189941406
2018-07-11,41.540000915527344,33.58911895751953
2018-07-12,41.86000061035156,33.84787368774414
2018-07-13,41.959999084472656,33.92873001098633
2018-07-16,42.040000915527344,33.99342346191406
2018-07-17,42.13999938964844,34.07427978515625
2018-07-18,42.15999984741211,34.0904426574707
2018-07-19,41.97999954223633,33.94489669799805
2018-07-20,42.08000183105469,34.0257568359375
2018-07-23,42.02000045776367,33.977237701416016
2018-07-24,42.209999084472656,34.13087463378906
2018-07-25,42.59000015258789,34.43814468383789
2018-07-26,42.27000045776367,34.17939376831055
2018-07-27,42.40999984741211,34.292598724365234
2018-07-30,42.4900016784668,34.3572883605957
2018-07-31,42.56999969482422,34.42196273803711
2018-08-01,42.31999969482422,34.21982955932617
2018-08-02,41.93000030517578,33.90447235107422
2018-08-03,41.97999954223633,33.94489669799805
2018-08-06,41.790000915527344,33.7912712097168
2018-08-07,42.13999938964844,34.07427978515625
2018-08-08,42.029998779296875,33.985328674316406
2018-08-09,41.83000183105469,33.82361602783203
2018-08-10,40.630001068115234,32.85329055786133
2018-08-13,40.5,32.7481803894043
2018-08-14,40.4900016784668,32.74009704589844
2018-08-15,39.689998626708984,32.09320831298828
2018-08-16,40.0,32.343875885009766
2018-08-17,40.2599983215332,32.554115295410156
2018-08-20,40.560001373291016,32.796695709228516
2018-08-21,41.15999984741211,33.2818489074707
2018-08-22,41.34000015258789,33.42739486694336
2018-08-23,41.09000015258789,33.225250244140625
2018-08-24,41.529998779296875,33.581031799316406
2018-08-27,42.11000061035156,34.050025939941406
2018-08-28,42.119998931884766,34.05810546875
2018-08-29,42.2599983215332,34.17130661010742
2018-08-30,41.77000045776367,33.77510070800781
2018-08-31,41.220001220703125,33.33037185668945
2018-09-04,40.849998474121094,33.03118133544922
2018-09-05,40.45000076293945,32.70774841308594
2018-09-06,40.25,32.5460319519043
2018-09-07,39.880001068115234,32.24684524536133
2018-09-10,40.33000183105469,32.6107177734375
2018-09-11,40.380001068115234,32.651145935058594
2018-09-12,40.45000076293945,32.70774841308594
2018-09-13,40.869998931884766,33.04735565185547
2018-09-14,40.75,32.950321197509766
2018-09-17,40.81999969482422,33.00692367553711
2018-09-18,41.09000015258789,33.225250244140625
2018-09-19,41.220001220703125,33.33037185668945
2018-09-20,41.97999954223633,33.94489669799805
2018-09-21,41.97999954223633,33.94489669799805
2018-09-24,41.790000915527344,33.7912712097168
2018-09-25,41.90999984741211,33.888301849365234
2018-09-26,41.880001068115234,33.86403274536133
2018-09-27,41.65999984741211,33.686153411865234
2018-09-28,41.0099983215332,33.160560607910156
2018-10-01,41.0099983215332,33.160560607910156
2018-10-02,40.7400016784668,32.942237854003906
2018-10-03,40.869998931884766,33.04735565185547
2018-10-04,40.349998474121094,32.62689208984375
2018-10-05,40.0099983215332,32.35196304321289
2018-10-08,39.650001525878906,32.06087112426758
2018-10-09,39.56999969482422,31.996187210083008
2018-10-10,38.65999984741211,31.260358810424805
2018-10-11,38.31999969482422,30.985441207885742
2018-10-12,38.369998931884766,31.02586555480957
2018-10-15,38.43000030517578,31.074384689331055
2018-10-16,39.189998626708984,31.688915252685547
2018-10-17,38.75,31.333127975463867
2018-10-18,37.97999954223633,30.710508346557617
2018-10-19,38.220001220703125,30.904571533203125
2018-10-22,37.900001525878906,30.64582633972168
2018-10-23,37.61000061035156,30.41132926940918
2018-10-24,36.439998626708984,29.465269088745117
2018-10-25,37.040000915527344,29.95043182373047
2018-10-26,36.88999938964844,29.82913589477539
2018-10-29,36.90999984741211,29.84531593322754
2018-10-30,37.15999984741211,30.047460556030273
2018-10-31,37.369998931884766,30.217267990112305
2018-11-01,37.959999084472656,30.69434356689453
2018-11-02,38.119998931884766,30.82371711730957
2018-11-05,38.02000045776367,30.742855072021484
2018-11-06,38.15999984741211,30.856056213378906
2018-11-07,38.650001525878906,31.252281188964844
2018-11-08,38.060001373291016,30.775197982788086
2018-11-09,37.959999084472656,30.69434356689453
2018-11-12,37.11000061035156,30.007036209106445
2018-11-13,37.43000030517578,30.26578140258789
2018-11-14,37.65999984741211,30.451759338378906
2018-11-15,37.7400016784668,30.51644515991211
2018-11-16,37.75,30.524538040161133
2018-11-19,37.349998474121094,30.201091766357422
2018-11-20,36.56999969482422,29.570392608642578
2018-11-21,37.040000915527344,29.95043182373047
2018-11-23,36.7400016784668,29.707849502563477
2018-11-26,37.31999969482422,30.176834106445312
2018-11-27,37.13999938964844,30.031291961669922
2018-11-28,37.65999984741211,30.451759338378906
2018-11-29,37.5099983215332,30.33047103881836
2018-11-30,37.2400016784668,30.11214828491211
2018-12-03,37.709999084472656,30.492189407348633
2018-12-04,36.720001220703125,29.691682815551758
2018-12-06,36.290000915527344,29.34398651123047
2018-12-07,35.849998474121094,28.988203048706055
2018-12-10,35.61000061035156,28.794137954711914
2018-12-11,35.72999954223633,28.89117431640625
2018-12-12,36.400001525878906,29.43292808532715
2018-12-13,36.34000015258789,29.38441276550293
2018-12-14,35.79999923706055,28.94776725769043
2018-12-17,35.52000045776367,28.72136688232422
2018-12-18,35.40999984741211,28.78803062438965
2018-12-19,35.130001068115234,28.560386657714844
2018-12-20,34.939998626708984,28.405921936035156
2018-12-21,34.45000076293945,28.007558822631836
2018-12-24,33.849998474121094,27.519765853881836
2018-12-26,34.779998779296875,28.275842666625977
2018-12-27,34.77000045776367,28.26771354675293
2018-12-28,34.900001525878906,28.37340545654297
2018-12-31,35.060001373291016,28.50348472595215
2019-01-02,34.88999938964844,28.36526870727539
2019-01-03,34.4900016784668,28.04007911682129
2019-01-04,35.560001373291016,28.90998077392578
2019-01-07,35.72999954223633,29.048185348510742
2019-01-08,35.97999954223633,29.25143814086914
2019-01-09,36.4900016784668,29.666065216064453
2019-01-10,36.470001220703125,29.649803161621094
2019-01-11,36.18000030517578,29.41402816772461
2019-01-14,36.060001373291016,29.316478729248047
2019-01-15,36.060001373291016,29.316478729248047
2019-01-16,36.130001068115234,29.37338638305664
2019-01-17,36.209999084472656,29.43842315673828
2019-01-18,36.720001220703125,29.853050231933594
2019-01-22,36.22999954223633,29.45468521118164
2019-01-23,36.5099983215332,29.68232536315918
2019-01-24,36.58000183105469,29.739229202270508
2019-01-25,37.150001525878906,30.20263671875
2019-01-28,37.04999923706055,30.121334075927734
2019-01-29,37.150001525878906,30.20263671875
2019-01-30,37.52000045776367,30.503442764282227
2019-01-31,37.349998474121094,30.365234375
2019-02-01,37.380001068115234,30.389619827270508
2019-02-04,37.47999954223633,30.470924377441406
2019-02-05,37.84000015258789,30.763601303100586
2019-02-06,37.72999954223633,30.67417335510254
2019-02-07,36.970001220703125,30.056293487548828
2019-02-08,36.7400016784668,29.86931610107422
2019-02-11,36.7400016784668,29.86931610107422
2019-02-12,37.2400016784668,30.275806427001953
2019-02-13,37.189998626708984,30.235151290893555
2019-02-14,37.08000183105469,30.145727157592773
2019-02-15,37.790000915527344,30.722951889038086
2019-02-19,37.93000030517578,30.836774826049805
2019-02-20,38.119998931884766,30.991228103637695
2019-02-21,38.0099983215332,30.901813507080078
2019-02-22,38.119998931884766,30.991228103637695
2019-02-25,38.209999084472656,31.06440544128418
2019-02-26,38.45000076293945,31.259523391723633
2019-02-27,38.29999923706055,31.137571334838867
2019-02-28,38.52000045776367,31.316436767578125
2019-03-01,38.86000061035156,31.592857360839844
2019-03-04,38.66999816894531,31.438379287719727
2019-03-05,38.63999938964844,31.41399574279785
2019-03-06,38.560001373291016,31.34895133972168
2019-03-07,37.880001068115234,30.796119689941406
2019-03-08,37.97999954223633,30.87741470336914
2019-03-11,38.279998779296875,31.121315002441406
2019-03-12,38.310001373291016,31.145706176757812
2019-03-13,38.650001525878906,31.422122955322266
2019-03-14,38.79999923706055,31.54407501220703
2019-03-15,39.27000045776367,31.92617416381836
2019-03-18,39.43000030517578,32.05625915527344
2019-03-19,39.650001525878906,32.2351188659668
2019-03-20,39.630001068115234,32.218849182128906
2019-03-21,39.47999954223633,32.096900939941406
2019-03-22,38.33000183105469,31.16196060180664
2019-03-25,38.36000061035156,31.18636131286621
2019-03-26,38.459999084472656,31.26765251159668
2019-03-27,38.54999923706055,31.340822219848633
2019-03-28,38.36000061035156,31.18636131286621
2019-03-29,38.599998474121094,31.38146209716797
2019-04-01,39.11000061035156,31.796104431152344
2019-04-02,39.2400016784668,31.901782989501953
2019-04-03,39.650001525878906,32.2351188659668
2019-04-04,39.63999938964844,32.22698974609375
2019-04-05,39.7599983215332,32.324546813964844
2019-04-08,39.7599983215332,32.324546813964844
2019-04-09,39.5,32.1131591796875
2019-04-10,39.66999816894531,32.25136947631836
2019-04-11,39.75,32.31641387939453
2019-04-12,40.16999816894531,32.65786361694336
2019-04-15,40.189998626708984,32.674129486083984
2019-04-16,40.2599983215332,32.73103332519531
2019-04-17,40.540000915527344,32.958683013916016
2019-04-18,40.43000030517578,32.86924362182617
2019-04-22,40.5099983215332,32.93428039550781
2019-04-23,40.40999984741211,32.85298538208008
2019-04-24,40.09000015258789,32.59282684326172
2019-04-25,39.97999954223633,32.50340270996094
2019-04-26,40.060001373291016,32.568443298339844
2019-04-29,40.310001373291016,32.771690368652344
2019-04-30,40.529998779296875,32.9505500793457
2019-05-01,40.27000045776367,32.739173889160156
2019-05-02,40.08000183105469,32.58470916748047
2019-05-03,40.43000030517578,32.86924362182617
2019-05-06,39.97999954223633,32.50340270996094
2019-05-07,39.18000030517578,31.853008270263672
2019-05-08,39.40999984741211,32.03999328613281
2019-05-09,39.150001525878906,31.8286190032959
2019-05-10,39.43000030517578,32.05625915527344
2019-05-13,38.439998626708984,31.251392364501953
2019-05-14,38.86000061035156,31.592857360839844
2019-05-15,39.09000015258789,31.77983283996582
2019-05-16,39.459999084472656,32.08064651489258
2019-05-17,39.209999084472656,31.877389907836914
2019-05-20,38.84000015258789,31.57659149169922
2019-05-21,39.099998474121094,31.787975311279297
2019-05-22,38.970001220703125,31.682279586791992
2019-05-23,38.470001220703125,31.275787353515625
2019-05-24,38.86000061035156,31.592857360839844
2019-05-28,38.5,31.3001766204834
2019-05-29,38.11000061035156,30.98310661315918
2019-05-30,38.31999969482422,31.153841018676758
2019-05-31,37.91999816894531,30.82863426208496
2019-06-03,38.20000076293945,31.056283950805664
2019-06-04,38.84000015258789,31.57659149169922
2019-06-05,38.77000045776367,31.519678115844727
2019-06-06,38.900001525878906,31.625377655029297
2019-06-07,39.459999084472656,32.08064651489258
2019-06-10,39.540000915527344,32.14569091796875
2019-06-11,39.81999969482422,32.37331008911133
2019-06-12,39.4900016784668,32.10503005981445
2019-06-13,39.5099983215332,32.12129592895508
2019-06-14,39.18000030517578,31.853008270263672
2019-06-17,38.13999938964844,31.83714485168457
2019-06-18,38.83000183105469,32.41312026977539
2019-06-19,39.0,32.55502700805664
2019-06-20,39.380001068115234,32.87222671508789
2019-06-21,39.369998931884766,32.863887786865234
2019-06-24,39.43000030517578,32.913970947265625
2019-06-25,39.130001068115234,32.66353988647461
2019-06-26,39.209999084472656,32.730316162109375
2019-06-27,39.25,32.763710021972656
2019-06-28,39.560001373291016,33.02248001098633
2019-07-01,39.650001525878906,33.09761428833008
2019-07-02,39.66999816894531,33.11430358886719
2019-07-03,40.09000015258789,33.46489715576172
2019-07-05,39.7599983215332,33.18943405151367
2019-07-08,39.5099983215332,32.98074722290039
2019-07-09,39.38999938964844,32.88058090209961
2019-07-10,39.5,32.97239685058594
2019-07-11,39.439998626708984,32.92230987548828
2019-07-12,39.529998779296875,32.99744415283203
2019-07-15,39.599998474121094,33.055870056152344
2019-07-16,39.540000915527344,33.005794525146484
2019-07-17,39.349998474121094,32.847190856933594
2019-07-18,39.45000076293945,32.930660247802734
2019-07-19,39.130001068115234,32.66353988647461
2019-07-22,39.29999923706055,32.805450439453125
2019-07-23,39.63999938964844,33.089263916015625
2019-07-24,39.72999954223633,33.164390563964844
2019-07-25,39.34000015258789,32.838836669921875
2019-07-26,39.41999816894531,32.905616760253906
2019-07-29,39.470001220703125,32.947364807128906
2019-07-30,38.720001220703125,32.32129669189453
2019-07-31,38.4900016784668,32.129310607910156
2019-08-01,38.380001068115234,32.03749084472656
2019-08-02,37.970001220703125,31.695247650146484
2019-08-05,37.22999954223633,31.077529907226562
2019-08-06,37.45000076293945,31.26117706298828
2019-08-07,37.66999816894531,31.444814682006836
2019-08-08,37.959999084472656,31.686891555786133
2019-08-09,37.7400016784668,31.503250122070312
2019-08-12,37.43000030517578,31.244476318359375
2019-08-13,37.779998779296875,31.536645889282227
2019-08-14,36.59000015258789,30.543296813964844
2019-08-15,36.540000915527344,30.50155258178711
2019-08-16,37.029998779296875,30.910579681396484
2019-08-19,37.349998474121094,31.17770004272461
2019-08-20,37.16999816894531,31.027442932128906
2019-08-21,37.65999984741211,31.43646812438965
2019-08-22,37.540000915527344,31.33629608154297
2019-08-23,37.0099983215332,30.89388084411621
2019-08-26,37.34000015258789,31.16935157775879
2019-08-27,37.369998931884766,31.19439125061035
2019-08-28,37.34000015258789,31.16935157775879
2019-08-29,37.79999923706055,31.553333282470703
2019-08-30,37.90999984741211,31.64514923095703
2019-09-03,37.779998779296875,31.536645889282227
2019-09-04,38.38999938964844,32.045833587646484
2019-09-05,38.65999984741211,32.271217346191406
2019-09-06,38.72999954223633,32.32963943481445
2019-09-09,38.869998931884766,32.44650650024414
2019-09-10,38.95000076293945,32.51328659057617
2019-09-11,39.060001373291016,32.6051139831543
2019-09-12,39.41999816894531,32.905616760253906
2019-09-13,39.52000045776367,32.98909378051758
2019-09-16,39.04999923706055,32.59676742553711
2019-09-17,39.220001220703125,32.73868179321289
2019-09-18,39.189998626708984,32.713626861572266
2019-09-19,39.31999969482422,32.822147369384766
2019-09-20,39.189998626708984,32.713626861572266
2019-09-23,38.9900016784668,32.54667282104492
2019-09-24,38.779998779296875,32.37138748168945
2019-09-25,38.59000015258789,32.21278381347656
2019-09-26,38.70000076293945,32.30461120605469
2019-09-27,38.66999816894531,32.27956008911133
2019-09-30,38.88999938964844,32.46321105957031
2019-10-01,38.529998779296875,32.162696838378906
2019-10-02,37.56999969482422,31.361345291137695
2019-10-03,37.86000061035156,31.60342025756836
2019-10-04,38.18000030517578,31.87053680419922
2019-10-07,38.189998626708984,31.87888526916504
2019-10-08,37.7400016784668,31.503250122070312
2019-10-09,38.130001068115234,31.82880210876465
2019-10-10,38.470001220703125,32.11261749267578
2019-10-11,39.279998779296875,32.78875732421875
2019-10-14,39.22999954223633,32.74702072143555
2019-10-15,39.72999954223633,33.164390563964844
2019-10-16,39.849998474121094,33.26456069946289
2019-10-17,40.0,33.389774322509766
2019-10-18,40.060001373291016,33.439857482910156
2019-10-21,40.22999954223633,33.581764221191406
2019-10-22,40.0099983215332,33.39811325073242
2019-10-23,40.189998626708984,33.548370361328125
2019-10-24,40.22999954223633,33.581764221191406
2019-10-25,40.20000076293945,33.55672836303711
2019-10-28,40.38999938964844,33.71532440185547
2019-10-29,40.380001068115234,33.70697784423828
2019-10-30,40.529998779296875,33.832183837890625
2019-10-31,40.41999816894531,33.740360260009766
2019-11-01,40.720001220703125,33.990787506103516
2019-11-04,41.0,34.224517822265625
2019-11-05,40.91999816894531,34.15774154663086
2019-11-06,40.90999984741211,34.149391174316406
2019-11-07,40.95000076293945,34.18278503417969
2019-11-08,40.93000030517578,34.166080474853516
2019-11-11,40.90999984741211,34.149391174316406
2019-11-12,40.90999984741211,34.149391174316406
2019-11-13,40.77000045776367,34.032535552978516
2019-11-14,40.75,34.01582717895508
2019-11-15,41.040000915527344,34.25790786743164
2019-11-18,41.060001373291016,34.27460861206055
2019-11-19,40.959999084472656,34.19112777709961
2019-11-20,40.75,34.01582717895508
2019-11-21,40.720001220703125,33.990787506103516
2019-11-22,40.7599983215332,34.02417755126953
2019-11-25,40.900001525878906,34.14103698730469
2019-11-26,41.0,34.224517822265625
2019-11-27,40.970001220703125,34.19947814941406
2019-11-29,40.790000915527344,34.04922103881836
2019-12-02,40.400001525878906,33.723670959472656
2019-12-03,40.34000015258789,33.673583984375
2019-12-04,40.66999816894531,33.94904708862305
2019-12-05,40.650001525878906,33.93235397338867
2019-12-06,40.900001525878906,34.14103698730469
2019-12-09,40.630001068115234,33.91565704345703
2019-12-10,40.7599983215332,34.02417755126953
2019-12-11,41.029998779296875,34.24955368041992
2019-12-12,41.380001068115234,34.541725158691406
2019-12-13,41.52000045776367,34.65858459472656
2019-12-16,41.77000045776367,35.0106201171875
2019-12-17,41.619998931884766,34.884891510009766
2019-12-18,41.4900016784668,34.77593231201172
2019-12-19,41.529998779296875,34.809452056884766
2019-12-20,41.619998931884766,34.884891510009766
2019-12-23,41.709999084472656,34.9603271484375
2019-12-24,41.650001525878906,34.9100341796875
2019-12-26,41.869998931884766,35.09443664550781
2019-12-27,42.02000045776367,35.22016143798828
2019-12-30,41.709999084472656,34.9603271484375
2019-12-31,41.91999816894531,35.13634490966797
2020-01-02,42.439998626708984,35.57219696044922
2020-01-03,41.84000015258789,35.06929016113281
2020-01-06,41.95000076293945,35.1614990234375
2020-01-07,41.720001220703125,34.968711853027344
2020-01-08,41.900001525878906,35.11957931518555
2020-01-09,42.060001373291016,35.253684997558594
2020-01-10,41.900001525878906,35.11957931518555
2020-01-13,42.06999969482422,35.26206970214844
2020-01-14,42.060001373291016,35.253684997558594
2020-01-15,41.95000076293945,35.1614990234375
2020-01-16,42.16999816894531,35.34588623046875
2020-01-17,42.29999923706055,35.45485305786133
2020-01-21,41.95000076293945,35.1614990234375
2020-01-22,41.84000015258789,35.06929016113281
2020-01-23,41.72999954223633,34.97709274291992
2020-01-24,41.61000061035156,34.876502990722656
2020-01-27,40.689998626708984,34.10538864135742
2020-01-28,41.150001525878906,34.49094772338867
2020-01-29,41.220001220703125,34.549617767333984
2020-01-30,41.189998626708984,34.52446746826172
2020-01-31,40.47999954223633,33.92937088012695
2020-02-03,40.63999938964844,34.0634765625
2020-02-04,41.31999969482422,34.6334342956543
2020-02-05,41.779998779296875,35.01899719238281
2020-02-06,41.9900016784668,35.195011138916016
2020-02-07,41.630001068115234,34.893272399902344
2020-02-10,41.709999084472656,34.9603271484375
2020-02-11,41.97999954223633,35.1866340637207
2020-02-12,42.20000076293945,35.371036529541016
2020-02-13,41.91999816894531,35.13634490966797
2020-02-14,41.939998626708984,35.15311050415039
2020-02-18,41.75,34.99385452270508
2020-02-19,42.029998779296875,35.22854995727539
2020-02-20,41.7599983215332,35.002227783203125
2020-02-21,41.5099983215332,34.79269790649414
2020-02-24,39.709999084472656,33.283973693847656
2020-02-25,38.77000045776367,32.496089935302734
2020-02-26,38.810001373291016,32.52961730957031
2020-02-27,37.709999084472656,31.607614517211914
2020-02-28,37.4900016784668,31.423227310180664
2020-03-02,38.220001220703125,32.035099029541016
2020-03-03,37.70000076293945,31.599241256713867
2020-03-04,39.029998779296875,32.71400833129883
2020-03-05,37.650001525878906,31.55733871459961
2020-03-06,37.0099983215332,31.020898818969727
2020-03-09,33.63999938964844,28.19624900817871
2020-03-10,34.68000030517578,29.06794548034668
2020-03-11,32.72999954223633,27.433504104614258
2020-03-12,28.579999923706055,23.955074310302734
2020-03-13,30.43000030517578,25.50570297241211
2020-03-16,26.790000915527344,22.454740524291992
2020-03-17,27.93000030517578,23.410261154174805
2020-03-18,26.010000228881836,21.800962448120117
2020-03-19,26.389999389648438,22.119468688964844
2020-03-20,26.489999771118164,22.20328712463379
2020-03-23,26.790000915527344,22.454740524291992
2020-03-24,29.1200008392334,24.40768814086914
2020-03-25,30.25,25.35483169555664
2020-03-26,31.600000381469727,26.486366271972656
2020-03-27,30.309999465942383,25.405118942260742
2020-03-30,30.68000030517578,25.715246200561523
2020-03-31,30.510000228881836,25.572755813598633
2020-04-01,29.040000915527344,24.34063720703125
2020-04-02,29.479999542236328,24.70943260192871
2020-04-03,28.889999389648438,24.214906692504883
2020-04-06,30.600000381469727,25.648189544677734
2020-04-07,30.790000915527344,25.807445526123047
2020-04-08,31.209999084472656,26.15947723388672
2020-04-09,32.04999923706055,26.863542556762695
2020-04-13,31.579999923706055,26.469602584838867
2020-04-14,32.15999984741211,26.95574188232422
2020-04-15,30.780000686645508,25.799062728881836
2020-04-16,30.649999618530273,25.690101623535156
2020-04-17,31.709999084472656,26.578569412231445
2020-04-20,31.25,26.193004608154297
2020-04-21,30.600000381469727,25.648189544677734
2020-04-22,31.010000228881836,25.991840362548828
2020-04-23,30.739999771118164,25.765535354614258
2020-04-24,31.149999618530273,26.109188079833984
2020-04-27,31.68000030517578,26.553421020507812
2020-04-28,31.84000015258789,26.687530517578125
2020-04-29,33.0,27.659812927246094
2020-04-30,32.38999938964844,27.148529052734375
2020-05-01,31.75,26.612091064453125
2020-05-04,31.540000915527344,26.436077117919922
2020-05-05,31.469999313354492,26.377405166625977
2020-05-06,31.149999618530273,26.109188079833984
2020-05-07,31.760000228881836,26.620473861694336
2020-05-08,32.29999923706055,27.073087692260742
2020-05-11,32.09000015258789,26.897071838378906
2020-05-12,31.600000381469727,26.486366271972656
2020-05-13,31.1200008392334,26.084041595458984
2020-05-14,30.899999618530273,25.899641036987305
2020-05-15,30.93000030517578,25.924789428710938
2020-05-18,32.619998931884766,27.34130859375
2020-05-19,32.0,26.821636199951172
2020-05-20,32.81999969482422,27.508939743041992
2020-05-21,32.5099983215332,27.249107360839844
2020-05-22,32.58000183105469,27.307781219482422
2020-05-26,33.65999984741211,28.213008880615234
2020-05-27,34.4900016784668,28.908700942993164
2020-05-28,34.720001220703125,29.10147476196289
2020-05-29,34.779998779296875,29.151765823364258
2020-06-01,35.58000183105469,29.822303771972656
2020-06-02,36.15999984741211,30.308454513549805
2020-06-03,37.45000076293945,31.389694213867188
2020-06-04,37.529998779296875,31.456750869750977
2020-06-05,38.290000915527344,32.093772888183594
2020-06-08,38.779998779296875,32.50447082519531
2020-06-09,38.02000045776367,31.867454528808594
2020-06-10,37.75,31.641145706176758
2020-06-11,35.41999816894531,29.68819808959961
2020-06-12,36.099998474121094,30.258159637451172
2020-06-15,36.150001525878906,30.569347381591797
2020-06-16,36.58000183105469,30.932966232299805
2020-06-17,36.630001068115234,30.975252151489258
2020-06-18,36.400001525878906,30.780752182006836
2020-06-19,36.150001525878906,30.569347381591797
2020-06-22,36.720001220703125,31.05135726928711
2020-06-23,37.08000183105469,31.35578155517578
2020-06-24,36.060001373291016,30.493242263793945
2020-06-25,36.63999938964844,30.98370361328125
2020-06-26,35.97999954223633,30.425594329833984
2020-06-29,36.5099983215332,30.873777389526367
2020-06-30,36.47999954223633,30.848405838012695
2020-07-01,36.59000015258789,30.941423416137695
2020-07-02,37.13999938964844,31.406511306762695
2020-07-06,37.900001525878906,32.049198150634766
2020-07-07,37.279998779296875,31.5248966217041
2020-07-08,37.709999084472656,31.888513565063477
2020-07-09,37.150001525878906,31.41497802734375
2020-07-10,37.59000015258789,31.787050247192383
2020-07-13,37.459999084472656,31.67711067199707
2020-07-14,38.060001373291016,32.18449783325195
2020-07-15,38.4900016784668,32.54811096191406
2020-07-16,38.439998626708984,32.50583267211914
2020-07-17,38.61000061035156,32.64958953857422
2020-07-20,38.91999816894531,32.91172790527344
2020-07-21,39.060001373291016,33.030120849609375
2020-07-22,39.27000045776367,33.20770263671875
2020-07-23,38.90999984741211,32.90327835083008
2020-07-24,38.630001068115234,32.666500091552734
2020-07-27,39.02000045776367,32.99628829956055
2020-07-28,38.709999084472656,32.7341423034668
2020-07-29,39.189998626708984,33.140045166015625
2020-07-30,38.4900016784668,32.54811096191406
2020-07-31,37.66999816894531,31.854690551757812
2020-08-03,38.43000030517578,32.49737548828125
2020-08-04,38.619998931884766,32.658042907714844
2020-08-05,38.810001373291016,32.81871032714844
2020-08-06,38.88999938964844,32.88636016845703
2020-08-07,38.66999816894531,32.700321197509766
2020-08-10,38.720001220703125,32.74260711669922
2020-08-11,38.959999084472656,32.945552825927734
2020-08-12,39.90999984741211,33.748897552490234
2020-08-13,39.66999816894531,33.54595184326172
2020-08-14,39.29999923706055,33.233070373535156
2020-08-17,39.560001373291016,33.45292663574219
2020-08-18,39.52000045776367,33.419105529785156
2020-08-19,39.38999938964844,33.30917739868164
2020-08-20,39.15999984741211,33.11467742919922
2020-08-21,38.849998474121094,32.8525276184082
2020-08-24,39.560001373291016,33.45292663574219
2020-08-25,39.7599983215332,33.6220588684082
2020-08-26,40.08000183105469,33.89265823364258
2020-08-27,39.52000045776367,33.419105529785156
2020-08-28,39.880001068115234,33.72352981567383
2020-08-31,39.38999938964844,33.30917739868164
2020-09-01,39.41999816894531,33.33454513549805
2020-09-02,40.09000015258789,33.9011116027832
2020-09-03,39.20000076293945,33.148502349853516
2020-09-04,39.2400016784668,33.18233108520508
2020-09-08,38.599998474121094,32.6411247253418
2020-09-09,39.54999923706055,33.44447326660156
2020-09-10,39.15999984741211,33.11467742919922
2020-09-11,39.439998626708984,33.35145568847656
2020-09-14,39.56999969482422,33.46138381958008
2020-09-15,39.7599983215332,33.6220588684082
2020-09-16,39.59000015258789,33.478294372558594
2020-09-17,39.72999954223633,33.59668731689453
2020-09-18,39.33000183105469,33.2584342956543
2020-09-21,37.97999954223633,32.11683654785156
2020-09-22,37.81999969482422,31.981536865234375
2020-09-23,37.2599983215332,31.507997512817383
2020-09-24,37.41999816894531,31.643295288085938
2020-09-25,37.33000183105469,31.567188262939453
2020-09-28,38.11000061035156,32.226776123046875
2020-09-29,38.16999816894531,32.27751159667969
2020-09-30,37.91999816894531,32.06610107421875
2020-10-01,38.2400016784668,32.336700439453125
2020-10-02,38.150001525878906,32.2606086730957
2020-10-05,38.91999816894531,32.91172790527344
2020-10-06,38.47999954223633,32.53965759277344
2020-10-07,38.880001068115234,32.877906799316406
2020-10-08,39.22999954223633,33.17387390136719
2020-10-09,39.54999923706055,33.44447326660156
2020-10-12,39.84000015258789,33.689701080322266
2020-10-13,39.25,33.19078826904297
2020-10-14,39.209999084472656,33.156959533691406
2020-10-15,38.779998779296875,32.7933464050293
2020-10-16,39.11000061035156,33.0723991394043
2020-10-19,38.91999816894531,32.91172790527344
2020-10-20,39.27000045776367,33.20770263671875
2020-10-21,38.7400016784668,32.759525299072266
2020-10-22,38.7599983215332,32.77642822265625
2020-10-23,39.18000030517578,33.131595611572266
2020-10-26,38.060001373291016,32.18449783325195
2020-10-27,37.40999984741211,31.63484001159668
2020-10-28,35.90999984741211,30.366405487060547
2020-10-29,35.97999954223633,30.425594329833984
2020-10-30,35.880001068115234,30.341033935546875
2020-11-02,36.459999084472656,30.83149528503418
2020-11-03,37.56999969482422,31.77013397216797
2020-11-04,38.13999938964844,32.252140045166016
2020-11-05,39.18000030517578,33.131595611572266
2020-11-06,39.290000915527344,33.224613189697266
2020-11-09,40.90999984741211,34.59452438354492
2020-11-10,41.619998931884766,35.194915771484375
2020-11-11,41.88999938964844,35.42323684692383
2020-11-12,41.22999954223633,34.86513137817383
2020-11-13,41.97999954223633,35.49934387207031
2020-11-16,42.380001068115234,35.83759307861328
2020-11-17,42.439998626708984,35.888328552246094
2020-11-18,42.209999084472656,35.69383239746094
2020-11-19,42.5099983215332,35.94752883911133
2020-11-20,42.45000076293945,35.896785736083984
2020-11-23,42.5,35.939064025878906
2020-11-24,43.16999816894531,36.50563430786133
2020-11-25,43.279998779296875,36.59864807128906
2020-11-27,43.599998474121094,36.86925506591797
2020-11-30,42.939998626708984,36.3111457824707
2020-12-01,43.95000076293945,37.165225982666016
2020-12-02,43.97999954223633,37.190589904785156
2020-12-03,43.97999954223633,37.190589904785156
2020-12-04,44.38999938964844,37.53730392456055
2020-12-07,44.119998931884766,37.30898666381836
2020-12-08,44.2400016784668,37.41046142578125
2020-12-09,44.040000915527344,37.241329193115234
2020-12-10,44.15999984741211,37.34280776977539
2020-12-11,43.83000183105469,37.063751220703125
2020-12-14,43.29999923706055,37.14352798461914
2020-12-15,43.869998931884766,37.632476806640625
2020-12-16,44.06999969482422,37.804054260253906
2020-12-17,44.439998626708984,38.12144470214844
2020-12-18,44.25,37.95845413208008
2020-12-21,43.54999923706055,37.35798263549805
2020-12-22,43.459999084472656,37.28078079223633
2020-12-23,44.060001373291016,37.79547119140625
2020-12-24,44.130001068115234,37.85551452636719
2020-12-28,44.5099983215332,38.181488037109375
2020-12-29,44.63999938964844,38.293006896972656
2020-12-30,44.650001525878906,38.30158615112305
2020-12-31,44.08000183105469,37.812625885009766
2021-01-04,44.599998474121094,38.258689880371094
2021-01-05,44.86000061035156,38.48172378540039
2021-01-06,45.380001068115234,38.92778778076172
2021-01-07,45.56999969482422,39.09077072143555
2021-01-08,45.79999923706055,39.28807067871094
2021-01-11,45.060001373291016,38.65328598022461
2021-01-12,45.15999984741211,38.739070892333984
2021-01-13,45.08000183105469,38.670448303222656
2021-01-14,45.279998779296875,38.84200668334961
2021-01-15,44.400001525878906,38.087127685546875
2021-01-19,44.79999923706055,38.43025207519531
2021-01-20,45.040000915527344,38.636131286621094
2021-01-21,45.189998626708984,38.76481246948242
2021-01-22,44.869998931884766,38.49030685424805
2021-01-25,44.41999816894531,38.10428237915039
2021-01-26,44.720001220703125,38.361629486083984
2021-01-27,43.540000915527344,37.34941101074219
2021-01-28,44.11000061035156,37.838356018066406
2021-01-29,43.310001373291016,37.152099609375
2021-02-01,43.849998474121094,37.615325927734375
2021-02-02,44.470001220703125,38.147178649902344
2021-02-03,44.54999923706055,38.21580123901367
2021-02-04,44.68000030517578,38.32732009887695
2021-02-05,45.06999969482422,38.661861419677734
2021-02-08,45.290000915527344,38.8505859375
2021-02-09,45.40999984741211,38.953521728515625
2021-02-10,45.18000030517578,38.7562255859375
2021-02-11,45.560001373291016,39.08219909667969
2021-02-12,45.7599983215332,39.253761291503906
2021-02-16,45.9900016784668,39.45106506347656
2021-02-17,45.560001373291016,39.08219909667969
2021-02-18,45.45000076293945,38.98784255981445
2021-02-19,45.66999816894531,39.17655563354492
2021-02-22,45.540000915527344,39.06504440307617
2021-02-23,45.529998779296875,39.05645751953125
2021-02-24,45.970001220703125,39.43390655517578
2021-02-25,45.209999084472656,38.781959533691406
2021-02-26,44.779998779296875,38.413089752197266
2021-03-01,45.54999923706055,39.0736198425293
2021-03-02,45.61000061035156,39.125091552734375
2021-03-03,45.2599983215332,38.824851989746094
2021-03-04,44.81999969482422,38.447410583496094
2021-03-05,44.970001220703125,38.576080322265625
2021-03-08,45.06999969482422,38.661861419677734
2021-03-09,45.689998626708984,39.1937141418457
2021-03-10,46.119998931884766,39.56256866455078
2021-03-11,46.59000015258789,39.96574783325195
2021-03-12,46.54999923706055,39.93144226074219
2021-03-15,46.43000030517578,39.828495025634766
2021-03-16,46.349998474121094,39.75987243652344
2021-03-17,46.79999923706055,40.14588928222656
2021-03-18,46.22999954223633,39.65694046020508
2021-03-19,46.20000076293945,39.63120651245117
2021-03-22,46.31999969482422,39.73413848876953
2021-03-23,45.709999084472656,39.21087646484375
2021-03-24,45.61000061035156,39.125091552734375
2021-03-25,45.849998474121094,39.330963134765625
2021-03-26,46.47999954223633,39.87138366699219
2021-03-29,46.310001373291016,39.72555923461914
2021-03-30,46.439998626708984,39.83707046508789
2021-03-31,46.43000030517578,39.828495025634766
2021-04-01,47.209999084472656,40.49759292602539
2021-04-05,48.0099983215332,41.18385314941406
2021-04-06,47.52000045776367,40.76352310180664
2021-04-07,47.63999938964844,40.866451263427734
2021-04-08,47.84000015258789,41.03802490234375
2021-04-09,47.93000030517578,41.11522674560547
2021-04-12,47.72999954223633,40.94366455078125
2021-04-13,48.08000183105469,41.243896484375
2021-04-14,48.06999969482422,41.23531723022461
2021-04-15,48.400001525878906,41.518402099609375
2021-04-16,48.959999084472656,41.998775482177734
2021-04-19,48.95000076293945,41.990203857421875
2021-04-20,48.060001373291016,41.22674560546875
2021-04-21,48.58000183105469,41.672813415527344
2021-04-22,48.5099983215332,41.61275863647461
2021-04-23,49.04999923706055,42.075984954833984
2021-04-26,49.18000030517578,42.187503814697266
2021-04-27,49.20000076293945,42.20465850830078
2021-04-28,49.400001525878906,42.376216888427734
2021-04-29,49.34000015258789,42.32475280761719
2021-04-30,48.59000015258789,41.68138885498047
2021-05-03,49.13999938964844,42.15318298339844
2021-05-04,48.2400016784668,41.38115310668945
2021-05-05,48.91999816894531,41.9644660949707
2021-05-06,49.36000061035156,42.34191131591797
2021-05-07,50.09000015258789,42.968109130859375
2021-05-10,49.54999923706055,42.50489044189453
2021-05-11,48.97999954223633,42.015933990478516
2021-05-12,48.43000030517578,41.54413604736328
2021-05-13,48.95000076293945,41.990203857421875
2021-05-14,50.02000045776367,42.9080696105957
2021-05-17,49.91999816894531,42.82228088378906
2021-05-18,49.88999938964844,42.796546936035156
2021-05-19,49.279998779296875,42.27328109741211
2021-05-20,50.09000015258789,42.968109130859375
2021-05-21,50.189998626708984,43.053890228271484
2021-05-24,50.59000015258789,43.39702224731445
2021-05-25,50.70000076293945,43.49138259887695
2021-05-26,50.41999816894531,43.25119400024414
2021-05-27,50.52000045776367,43.336971282958984
2021-05-28,50.720001220703125,43.508541107177734
2021-06-01,51.06999969482422,43.80876922607422
2021-06-02,51.119998931884766,43.85166931152344
2021-06-03,50.77000045776367,43.55142593383789
2021-06-04,51.119998931884766,43.85166931152344
2021-06-07,51.439998626708984,44.126163482666016
2021-06-08,51.369998931884766,44.06611633300781
2021-06-09,51.279998779296875,43.98891830444336
2021-06-10,50.77000045776367,43.966400146484375
2021-06-11,51.0,44.165584564208984
2021-06-14,51.11000061035156,44.26084518432617
2021-06-15,51.15999984741211,44.30413818359375
2021-06-16,50.630001068115234,43.84516525268555
2021-06-17,50.2400016784668,43.50742721557617
2021-06-18,49.209999084472656,42.615455627441406
2021-06-21,49.900001525878906,43.21299362182617
2021-06-22,49.91999816894531,43.23030471801758
2021-06-23,49.47999954223633,42.849273681640625
2021-06-24,50.11000061035156,43.39485168457031
2021-06-25,50.20000076293945,43.47278594970703
2021-06-28,49.79999923706055,43.12639236450195
2021-06-29,49.84000015258789,43.161033630371094
2021-06-30,49.349998474121094,42.7366943359375
2021-07-01,49.540000915527344,42.9012336730957
2021-07-02,49.59000015258789,42.94453430175781
2021-07-06,49.13999938964844,42.55483627319336
2021-07-07,49.400001525878906,42.77999496459961
2021-07-08,48.58000183105469,42.06988525390625
2021-07-09,49.5099983215332,42.875247955322266
2021-07-12,49.72999954223633,43.065765380859375
2021-07-13,49.33000183105469,42.71937942504883
2021-07-14,49.560001373291016,42.91855239868164
2021-07-15,49.0,42.43359375
2021-07-16,48.58000183105469,42.06988525390625
2021-07-19,47.540000915527344,41.169246673583984
2021-07-20,48.0099983215332,41.576263427734375
2021-07-21,48.900001525878906,42.34700393676758
2021-07-22,49.040000915527344,42.46823501586914
2021-07-23,49.5099983215332,42.875247955322266
2021-07-26,49.70000076293945,43.03978729248047
2021-07-27,49.45000076293945,42.82329177856445
2021-07-28,49.77000045776367,43.10041046142578
2021-07-29,50.15999984741211,43.43814468383789
2021-07-30,49.849998474121094,43.16968536376953
2021-08-02,50.029998779296875,43.325565338134766
2021-08-03,50.349998474121094,43.60268020629883
2021-08-04,50.36000061035156,43.611351013183594
2021-08-05,50.59000015258789,43.810523986816406
2021-08-06,50.52000045776367,43.74990463256836
2021-08-09,50.470001220703125,43.70660400390625
2021-08-10,50.52000045776367,43.74990463256836
2021-08-11,50.880001068115234,44.06166458129883
2021-08-12,50.970001220703125,44.13960266113281
2021-08-13,51.310001373291016,44.43403625488281
2021-08-16,51.0099983215332,44.17423629760742
2021-08-17,50.459999084472656,43.69794464111328
2021-08-18,50.31999969482422,43.576698303222656
2021-08-19,49.77000045776367,43.10041046142578
2021-08-20,49.9900016784668,43.29092788696289
2021-08-23,50.5,43.732582092285156
2021-08-24,50.59000015258789,43.810523986816406
2021-08-25,50.630001068115234,43.84516525268555
2021-08-26,50.349998474121094,43.60268020629883
2021-08-27,50.849998474121094,44.03567886352539
2021-08-30,50.880001068115234,44.06166458129883
2021-08-31,50.83000183105469,44.01836395263672
2021-09-01,51.33000183105469,44.451358795166016
2021-09-02,51.529998779296875,44.62455368041992
2021-09-03,51.209999084472656,44.34743881225586
2021-09-07,51.25,44.382080078125
2021-09-08,50.7400016784668,43.9404182434082
2021-09-09,50.619998931884766,43.83650207519531
2021-09-10,50.380001068115234,43.6286735534668
2021-09-13,50.77000045776367,43.966400146484375
2021-09-14,50.630001068115234,43.84516525268555
2021-09-15,50.560001373291016,43.784542083740234
2021-09-16,50.540000915527344,43.76721954345703
2021-09-17,49.779998779296875,43.10906982421875
2021-09-20,48.689998626708984,42.16513442993164
2021-09-21,49.310001373291016,42.70205307006836
2021-09-22,49.81999969482422,43.14371109008789
2021-09-23,50.4900016784668,43.72392654418945
2021-09-24,49.959999084472656,43.26494598388672
2021-09-27,49.900001525878906,43.21299362182617
2021-09-28,48.709999084472656,42.182456970214844
2021-09-29,48.470001220703125,41.9746208190918
2021-09-30,48.119998931884766,41.67152404785156
2021-10-01,48.310001373291016,41.83606719970703
2021-10-04,47.97999954223633,41.55028533935547
2021-10-05,48.34000015258789,41.86204528808594
2021-10-06,47.97999954223633,41.55028533935547
2021-10-07,48.41999816894531,41.93131637573242
2021-10-08,48.33000183105469,41.8533935546875
2021-10-11,47.97999954223633,41.55028533935547
2021-10-12,48.06999969482422,41.62821960449219
2021-10-13,48.70000076293945,42.17379379272461
2021-10-14,49.400001525878906,42.77999496459961
2021-10-15,49.7599983215332,43.09175109863281
2021-10-18,49.400001525878906,42.77999496459961
2021-10-19,49.66999816894531,43.0138053894043
2021-10-20,49.880001068115234,43.19567108154297
2021-10-21,49.83000183105469,43.152374267578125
2021-10-22,50.150001525878906,43.42948532104492
2021-10-25,49.939998626708984,43.24762725830078
2021-10-26,50.130001068115234,43.41217041015625
2021-10-27,49.97999954223633,43.28226852416992
2021-10-28,50.619998931884766,43.83650207519531
2021-10-29,50.31999969482422,43.576698303222656
2021-11-01,50.779998779296875,43.97506332397461
2021-11-02,50.86000061035156,44.044342041015625
2021-11-03,51.369998931884766,44.48599624633789
2021-11-04,51.2599983215332,44.3907356262207
2021-11-05,51.470001220703125,44.57259750366211
2021-11-08,51.40999984741211,44.52064514160156
2021-11-09,51.36000061035156,44.47734069824219
2021-11-10,50.66999816894531,43.87980270385742
2021-11-11,50.79999923706055,43.99238204956055
2021-11-12,50.959999084472656,44.13093948364258
2021-11-15,50.790000915527344,43.98372268676758
2021-11-16,50.720001220703125,43.9231071472168
2021-11-17,50.77000045776367,43.966400146484375
2021-11-18,50.90999984741211,44.08763885498047
2021-11-19,50.099998474121094,43.38618469238281
2021-11-22,49.630001068115234,42.97917556762695
2021-11-23,49.45000076293945,42.82329177856445
2021-11-24,49.09000015258789,42.51153564453125
2021-11-26,47.630001068115234,41.247196197509766
2021-11-29,47.880001068115234,41.463687896728516
2021-11-30,47.599998474121094,41.2212028503418
2021-12-01,47.380001068115234,41.03069305419922
2021-12-02,47.849998474121094,41.43770217895508
2021-12-03,47.459999084472656,41.0999641418457
2021-12-06,47.9900016784668,41.55894470214844
2021-12-07,49.15999984741211,42.57215881347656
2021-12-08,49.20000076293945,42.60679626464844
2021-12-09,48.54999923706055,42.04390335083008
2021-12-10,48.7400016784668,42.208438873291016
2021-12-13,47.689998626708984,41.81388854980469
2021-12-14,47.40999984741211,41.568389892578125
2021-12-15,48.06999969482422,42.14706039428711
2021-12-16,47.900001525878906,41.998008728027344
2021-12-17,47.130001068115234,41.3228874206543
2021-12-20,47.209999084472656,41.39302444458008
2021-12-21,47.849998474121094,41.95417022705078
2021-12-22,48.459999084472656,42.48900604248047
2021-12-23,48.7599983215332,42.75204849243164
2021-12-27,49.220001220703125,43.15536880493164
2021-12-28,49.22999954223633,43.16413116455078
2021-12-29,49.27000045776367,43.1992073059082
2021-12-30,49.0,43.068241119384766
2021-12-31,49.0099983215332,43.077030181884766
2022-01-03,49.5099983215332,43.516502380371094
2022-01-04,49.65999984741211,43.648338317871094
2022-01-05,49.310001373291016,43.34071731567383
2022-01-06,49.130001068115234,43.1825065612793
2022-01-07,49.369998931884766,43.39344787597656
2022-01-10,48.779998779296875,42.874874114990234
2022-01-11,49.380001068115234,43.40224075317383
2022-01-12,49.7599983215332,43.73624038696289
2022-01-13,49.36000061035156,43.384666442871094
2022-01-14,49.369998931884766,43.39344787597656
2022-01-18,48.529998779296875,42.6551399230957
2022-01-19,48.560001373291016,42.6815071105957
2022-01-20,48.310001373291016,42.4617805480957
2022-01-21,47.59000015258789,41.82893753051758
2022-01-24,46.91999816894531,41.24003982543945
2022-01-25,46.38999938964844,40.77419662475586
2022-01-26,46.61000061035156,40.96756362915039
2022-01-27,46.380001068115234,40.76540756225586
2022-01-28,46.599998474121094,40.95877456665039
2022-01-31,47.380001068115234,41.64435577392578
2022-02-01,47.86000061035156,42.066246032714844
2022-02-02,48.11000061035156,42.285980224609375
2022-02-03,47.459999084472656,41.71466827392578
2022-02-04,47.5,41.74982833862305
2022-02-07,47.439998626708984,41.69709014892578
2022-02-08,47.709999084472656,41.93440246582031
2022-02-09,48.560001373291016,42.6815071105957
2022-02-10,47.959999084472656,42.15414047241211
2022-02-11,46.56999969482422,40.93240737915039
2022-02-14,46.150001525878906,40.563255310058594
2022-02-15,47.40999984741211,41.67072677612305
2022-02-16,47.56999969482422,41.81135940551758
2022-02-17,46.779998779296875,41.116981506347656
2022-02-18,46.470001220703125,40.84451675415039
2022-02-22,45.380001068115234,39.88646697998047
2022-02-23,44.93000030517578,39.49094772338867
2022-02-24,44.06999969482422,38.735050201416016
2022-02-25,45.34000015258789,39.85131072998047
2022-02-28,43.880001068115234,38.568050384521484
2022-03-01,42.150001525878906,37.04747772216797
2022-03-02,42.7599983215332,37.58363342285156
2022-03-03,41.47999954223633,36.458587646484375
2022-03-04,39.310001373291016,34.551273345947266
2022-03-07,37.790000915527344,33.21528625488281
2022-03-08,38.93000030517578,34.2172737121582
2022-03-09,41.709999084472656,36.660743713378906
2022-03-10,40.540000915527344,35.63237380981445
2022-03-11,40.11000061035156,35.25442886352539
2022-03-14,40.97999954223633,36.019107818603516
2022-03-15,41.36000061035156,36.35310745239258
2022-03-16,43.36000061035156,38.111000061035156
2022-03-17,43.40999984741211,38.15494918823242
2022-03-18,43.56999969482422,38.29557800292969
2022-03-21,42.97999954223633,37.777000427246094
2022-03-22,43.630001068115234,38.34830856323242
2022-03-23,42.599998474121094,37.44300079345703
2022-03-24,42.90999984741211,37.71546936035156
2022-03-25,42.9900016784668,37.785797119140625
2022-03-28,43.27000045776367,38.03188705444336
2022-03-29,44.77000045776367,39.350311279296875
2022-03-30,44.33000183105469,38.96358108520508
2022-03-31,43.27000045776367,38.03188705444336
2022-04-01,43.65999984741211,38.37467956542969
2022-04-04,43.66999816894531,38.38346862792969
2022-04-05,42.880001068115234,37.689109802246094
2022-04-06,42.040000915527344,36.9507942199707
2022-04-07,42.15999984741211,37.05626678466797
2022-04-08,42.13999938964844,37.0386848449707
2022-04-11,41.84000015258789,36.77500915527344
2022-04-12,41.52000045776367,36.49374008178711
2022-04-13,42.04999923706055,36.9595832824707
2022-04-14,41.84000015258789,36.77500915527344
2022-04-18,41.779998779296875,36.72226333618164
2022-04-19,41.97999954223633,36.89806365966797
2022-04-20,42.560001373291016,37.4078483581543
2022-04-21,42.349998474121094,37.2232666015625
2022-04-22,41.66999816894531,36.62558364868164
2022-04-25,41.400001525878906,36.388275146484375
2022-04-26,39.959999084472656,35.122589111328125
2022-04-27,40.0099983215332,35.16653823852539
2022-04-28,40.68000030517578,35.75543212890625
2022-04-29,40.11000061035156,35.25442886352539
2022-05-02,40.0099983215332,35.16653823852539
2022-05-03,40.310001373291016,35.43022155761719
2022-05-04,41.15999984741211,36.17732238769531
2022-05-05,39.849998474121094,35.02590560913086
2022-05-06,39.279998779296875,34.5249137878418
2022-05-09,38.189998626708984,33.566856384277344
2022-05-10,38.599998474121094,33.92722702026367
2022-05-11,38.5,33.83934020996094
2022-05-12,38.29999923706055,33.663543701171875
2022-05-13,39.41999816894531,34.64795684814453
2022-05-16,39.5,34.718284606933594
2022-05-17,40.58000183105469,35.66753387451172
2022-05-18,39.27000045776367,34.51612091064453
2022-05-19,39.70000076293945,34.894065856933594
2022-05-20,39.849998474121094,35.02590560913086
2022-05-23,40.7599983215332,35.82574462890625
2022-05-24,40.63999938964844,35.72027587890625
2022-05-25,40.7400016784668,35.808170318603516
2022-05-26,41.40999984741211,36.397064208984375
2022-05-27,42.06999969482422,36.97716522216797
2022-05-31,41.849998474121094,36.78379440307617
2022-06-01,41.209999084472656,36.22127151489258
2022-06-02,42.2400016784668,37.126583099365234
2022-06-03,41.709999084472656,36.660743713378906
2022-06-06,41.9900016784668,36.9068489074707
2022-06-07,42.02000045776367,36.9332160949707
2022-06-08,41.43000030517578,36.414634704589844
2022-06-09,39.40999984741211,35.43284225463867
2022-06-10,38.189998626708984,34.33596420288086
2022-06-13,36.779998779296875,33.0682487487793
2022-06-14,36.380001068115234,32.7086181640625
2022-06-15,37.31999969482422,33.55375671386719
2022-06-16,36.22999954223633,32.57375717163086
2022-06-17,36.380001068115234,32.7086181640625
2022-06-21,36.88999938964844,33.167152404785156
2022-06-22,36.61000061035156,32.91541290283203
2022-06-23,36.38999938964844,32.717613220214844
2022-06-24,37.58000183105469,33.78752517700195
2022-06-27,37.38999938964844,33.61669921875
2022-06-28,37.029998779296875,33.293025970458984
2022-06-29,36.619998931884766,32.92439651489258
2022-06-30,36.349998474121094,32.681644439697266
2022-07-01,36.43000030517578,32.75357437133789
2022-07-05,35.13999938964844,31.59375762939453
2022-07-06,35.06999969482422,31.53081703186035
2022-07-07,35.650001525878906,32.05229187011719
2022-07-08,35.75,32.1422004699707
2022-07-11,35.02000045776367,31.48586654663086
2022-07-12,34.939998626708984,31.4139404296875
2022-07-13,35.029998779296875,31.494861602783203
2022-07-14,34.439998626708984,30.964401245117188
2022-07-15,35.209999084472656,31.65669059753418
2022-07-18,35.45000076293945,31.87247085571289
2022-07-19,36.81999969482422,33.10421371459961
2022-07-20,36.34000015258789,32.67265701293945
2022-07-21,36.83000183105469,33.11320877075195
2022-07-22,36.61000061035156,32.91541290283203
2022-07-25,36.939998626708984,33.21210861206055
2022-07-26,36.150001525878906,32.501834869384766
2022-07-27,37.16999816894531,33.41889572143555
2022-07-28,37.43000030517578,33.65266036987305
2022-07-29,38.15999984741211,34.30898666381836
2022-08-01,38.060001373291016,34.21908187866211
2022-08-02,37.439998626708984,33.66164779663086
2022-08-03,38.040000915527344,34.20109558105469
2022-08-04,38.369998931884766,34.4977912902832
2022-08-05,38.040000915527344,34.20109558105469
2022-08-08,38.130001068115234,34.282020568847656
2022-08-09,37.93000030517578,34.102195739746094
2022-08-10,38.7400016784668,34.83045959472656
2022-08-11,38.720001220703125,34.812477111816406
2022-08-12,39.040000915527344,35.10018539428711
2022-08-15,38.63999938964844,34.740543365478516
2022-08-16,38.75,34.83944320678711
2022-08-17,38.29999923706055,34.43486022949219
2022-08-18,38.040000915527344,34.20109558105469
2022-08-19,37.41999816894531,33.6436653137207
2022-08-22,36.290000915527344,32.6276969909668
2022-08-23,36.33000183105469,32.663673400878906
2022-08-24,36.45000076293945,32.77156066894531
2022-08-25,36.84000015258789,33.1221923828125
2022-08-26,35.59000015258789,31.998348236083984
2022-08-29,35.709999084472656,32.106231689453125
2022-08-30,35.599998474121094,32.0073356628418
2022-08-31,35.33000183105469,31.764591217041016
2022-09-01,34.79999923706055,31.288068771362305
2022-09-02,34.459999084472656,30.982379913330078
2022-09-06,34.560001373291016,31.072296142578125
2022-09-07,35.29999923706055,31.73761749267578
2022-09-08,35.130001068115234,31.58476448059082
2022-09-09,36.099998474121094,32.456871032714844
2022-09-12,36.939998626708984,33.21210861206055
2022-09-13,35.52000045776367,31.93541145324707
2022-09-14,35.68000030517578,32.079261779785156
2022-09-15,35.31999969482422,31.755590438842773
2022-09-16,35.08000183105469,31.53982162475586
2022-09-19,35.2400016784668,31.683664321899414
2022-09-20,34.380001068115234,30.91045379638672
2022-09-21,33.86000061035156,30.442934036254883
2022-09-22,33.70000076293945,30.29907989501953
2022-09-23,32.400001525878906,29.130271911621094
2022-09-26,31.969999313354492,28.74366569519043
2022-09-27,31.709999084472656,28.509906768798828
2022-09-28,32.52000045776367,29.2381591796875
2022-09-29,32.0099983215332,28.779626846313477
2022-09-30,31.979999542236328,28.752656936645508
2022-10-03,32.72999954223633,29.426973342895508
2022-10-04,34.5,31.01835060119629
2022-10-05,34.0099983215332,30.577791213989258
2022-10-06,33.2599983215332,29.90348243713379
2022-10-07,32.4900016784668,29.211191177368164
2022-10-10,32.369998931884766,29.103300094604492
2022-10-11,31.959999084472656,28.73467445373535
2022-10-12,31.860000610351562,28.644765853881836
2022-10-13,32.79999923706055,29.489904403686523
2022-10-14,32.349998474121094,29.085317611694336
2022-10-17,33.5099983215332,30.128252029418945
2022-10-18,33.97999954223633,30.550827026367188
2022-10-19,33.47999954223633,30.101276397705078
2022-10-20,33.4900016784668,30.110273361206055
2022-10-21,34.15999984741211,30.712656021118164
2022-10-24,34.470001220703125,30.991376876831055
2022-10-25,35.33000183105469,31.764591217041016
2022-10-26,35.689998626708984,32.088253021240234
2022-10-27,35.31999969482422,31.755590438842773
2022-10-28,35.72999954223633,32.12421798706055
2022-10-31,35.209999084472656,31.65669059753418
2022-11-01,35.5099983215332,31.92641258239746
2022-11-02,34.68000030517578,31.180177688598633
2022-11-03,34.33000183105469,30.865503311157227
2022-11-04,36.119998931884766,32.474857330322266
2022-11-07,36.380001068115234,32.7086181640625
2022-11-08,36.83000183105469,33.11320877075195
2022-11-09,36.380001068115234,32.7086181640625
2022-11-10,38.52000045776367,34.63265609741211
2022-11-11,39.5,35.51375961303711
2022-11-14,39.119998931884766,35.1721076965332
2022-11-15,39.36000061035156,35.387882232666016
2022-11-16,39.36000061035156,35.387882232666016
2022-11-17,39.38999938964844,35.41485595703125
2022-11-18,39.5099983215332,35.52274703979492
2022-11-21,39.13999938964844,35.190086364746094
2022-11-22,39.650001525878906,35.64862060546875
2022-11-23,39.97999954223633,35.945316314697266
2022-11-25,40.20000076293945,36.14311599731445
2022-11-28,39.560001373291016,35.56770706176758
2022-11-29,39.68000030517578,35.67558670043945
2022-11-30,40.540000915527344,36.44880676269531
2022-12-01,40.88999938964844,36.76348114013672
2022-12-02,40.900001525878906,36.77247619628906
2022-12-05,40.43000030517578,36.34990310668945
2022-12-06,40.18000030517578,36.1251335144043
2022-12-07,40.279998779296875,36.21504211425781
2022-12-08,40.400001525878906,36.32293701171875
2022-12-09,40.33000183105469,36.26000213623047
2022-12-12,40.52000045776367,36.430824279785156
2022-12-13,40.9900016784668,37.013240814208984
2022-12-14,40.959999084472656,36.98615646362305
2022-12-15,39.75,35.89354705810547
2022-12-16,39.279998779296875,35.469146728515625
2022-12-19,39.279998779296875,35.469146728515625
2022-12-20,39.369998931884766,35.550411224365234
2022-12-21,39.900001525878906,36.02899932861328
2022-12-22,39.5099983215332,35.67683029174805
2022-12-23,39.54999923706055,35.71295166015625
2022-12-27,39.650001525878906,35.80324935913086
2022-12-28,39.22999954223633,35.42399597167969
2022-12-29,39.970001220703125,36.09220504760742
2022-12-30,39.47999954223633,35.649742126464844
2023-01-03,40.0099983215332,36.128318786621094
2023-01-04,41.08000183105469,37.094512939453125
2023-01-05,40.709999084472656,36.760406494140625
2023-01-06,41.86000061035156,37.7988395690918
2023-01-09,42.279998779296875,38.1780891418457
2023-01-10,42.619998931884766,38.485103607177734
2023-01-11,43.08000183105469,38.90047836303711
2023-01-12,43.709999084472656,39.469356536865234
2023-01-13,43.91999816894531,39.65897750854492
2023-01-17,43.84000015258789,39.58674621582031
2023-01-18,43.59000015258789,39.361000061035156
2023-01-19,43.31999969482422,39.117191314697266
2023-01-20,43.75,39.50547790527344
2023-01-23,44.04999923706055,39.7763671875
2023-01-24,44.060001373291016,39.785404205322266
2023-01-25,44.290000915527344,39.99309158325195
2023-01-26,44.41999816894531,40.1104736328125
2023-01-27,44.2599983215332,39.96599578857422
2023-01-30,43.93000030517578,39.66801452636719
2023-01-31,44.34000015258789,40.038238525390625
2023-02-01,44.9900016784668,40.62517166137695
2023-02-02,45.25,40.85995101928711
2023-02-03,44.709999084472656,40.372337341308594
2023-02-06,44.130001068115234,39.84860610961914
2023-02-07,44.380001068115234,40.07435607910156
2023-02-08,44.099998474121094,39.82151412963867
2023-02-09,44.27000045776367,39.97502899169922
2023-02-10,43.79999923706055,39.55062484741211
2023-02-13,44.38999938964844,40.0833854675293
2023-02-14,44.630001068115234,40.30010223388672
2023-02-15,44.72999954223633,40.39039611816406
2023-02-16,44.59000015258789,40.263980865478516
2023-02-17,44.72999954223633,40.39039611816406
2023-02-21,43.959999084472656,39.69510269165039
2023-02-22,43.72999954223633,39.48741912841797
2023-02-23,44.099998474121094,39.82151412963867
2023-02-24,43.13999938964844,38.954654693603516
2023-02-27,43.869998931884766,39.61383056640625
2023-02-28,43.58000183105469,39.351966857910156
2023-03-01,43.869998931884766,39.61383056640625
2023-03-02,43.90999984741211,39.64995574951172
2023-03-03,44.61000061035156,40.28204345703125
2023-03-06,44.630001068115234,40.30010223388672
2023-03-07,43.810001373291016,39.559654235839844
2023-03-08,43.959999084472656,39.69510269165039
2023-03-09,43.459999084472656,39.24361038208008
2023-03-10,43.11000061035156,38.92757034301758
2023-03-13,42.650001525878906,38.5121955871582
2023-03-14,43.5,39.279727935791016
2023-03-15,41.790000915527344,37.73563003540039
2023-03-16,42.52000045776367,38.394813537597656
2023-03-17,41.849998474121094,37.78981018066406
2023-03-20,42.65999984741211,38.5212287902832
2023-03-21,43.59000015258789,39.361000061035156
2023-03-22,43.41999816894531,39.207489013671875
2023-03-23,43.459999084472656,39.24361038208008
2023-03-24,43.0,38.82823944091797
2023-03-27,43.43000030517578,39.21651840209961
2023-03-28,43.4900016784668,39.27070236206055
2023-03-29,44.2400016784668,39.94793701171875
2023-03-30,44.959999084472656,40.598079681396484
2023-03-31,45.08000183105469,40.706443786621094
2023-04-03,45.369998931884766,40.96830749511719
2023-04-04,45.45000076293945,41.04054641723633
2023-04-05,45.13999938964844,40.760616302490234
2023-04-06,45.43000030517578,41.022491455078125
2023-04-10,45.45000076293945,41.04054641723633
2023-04-11,45.560001373291016,41.13987731933594
2023-04-12,45.91999816894531,41.46494674682617
2023-04-13,46.5,41.98867416381836
2023-04-14,46.41999816894531,41.91643524169922
2023-04-17,46.06999969482422,41.60039520263672
2023-04-18,46.43000030517578,41.92546844482422
2023-04-19,46.43000030517578,41.92546844482422
2023-04-20,46.25,41.762935638427734
2023-04-21,46.59000015258789,42.0699462890625
2023-04-24,46.779998779296875,42.241512298583984
2023-04-25,45.95000076293945,41.49203872680664
2023-04-26,46.06999969482422,41.60039520263672
2023-04-27,46.599998474121094,42.07897186279297
2023-04-28,46.52000045776367,42.00674057006836
2023-05-01,46.540000915527344,42.02479553222656
2023-05-02,45.939998626708984,41.483009338378906
2023-05-03,46.029998779296875,41.564273834228516
2023-05-04,45.83000183105469,41.38368225097656
2023-05-05,46.5,41.98867416381836
2023-05-08,46.470001220703125,41.96158981323242
2023-05-09,46.060001373291016,41.59136962890625
2023-05-10,46.040000915527344,41.573307037353516
2023-05-11,45.849998474121094,41.401737213134766
2023-05-12,45.709999084472656,41.27532196044922
2023-05-15,45.939998626708984,41.483009338378906
2023-05-16,45.56999969482422,41.148902893066406
2023-05-17,45.869998931884766,41.419795989990234
2023-05-18,45.88999938964844,41.4378547668457
2023-05-19,46.189998626708984,41.7087516784668
2023-05-22,46.220001220703125,41.73584747314453
2023-05-23,45.41999816894531,41.01345443725586
2023-05-24,44.70000076293945,40.36331558227539
2023-05-25,44.70000076293945,40.36331558227539
2023-05-26,45.209999084472656,40.823829650878906
2023-05-30,44.779998779296875,40.435546875
2023-05-31,44.130001068115234,39.84860610961914
2023-06-01,44.75,40.40846252441406
2023-06-02,45.220001220703125,40.83285903930664
2023-06-05,44.81999969482422,40.4716682434082
2023-06-06,44.95000076293945,40.589054107666016
2023-06-07,43.939998626708984,40.452796936035156
2023-06-08,44.4900016784668,40.95914840698242
2023-06-09,44.220001220703125,40.71057891845703
2023-06-12,44.630001068115234,41.08803939819336
2023-06-13,44.959999084472656,41.391845703125
2023-06-14,45.220001220703125,41.6312141418457
2023-06-15,45.77000045776367,42.13756561279297
2023-06-16,45.79999923706055,42.16518020629883
2023-06-20,45.2599983215332,41.66803741455078
2023-06-21,45.20000076293945,41.6128044128418
2023-06-22,44.9900016784668,41.41946792602539
2023-06-23,44.310001373291016,40.79343795776367
2023-06-26,44.40999984741211,40.885494232177734
2023-06-27,45.09000015258789,41.51153564453125
2023-06-28,45.18000030517578,41.594390869140625
2023-06-29,45.15999984741211,41.57597351074219
2023-06-30,45.81999969482422,42.183597564697266
2023-07-03,45.79999923706055,42.16518020629883
2023-07-05,45.029998779296875,41.45629119873047
2023-07-06,44.09000015258789,40.59089660644531
2023-07-07,44.45000076293945,40.92232894897461
2023-07-10,44.77000045776367,41.2169303894043
2023-07-11,45.27000045776367,41.67724609375
2023-07-12,46.400001525878906,42.717567443847656
2023-07-13,47.15999984741211,43.41725540161133
2023-07-14,46.97999954223633,43.25153732299805
2023-07-17,46.959999084472656,43.23312759399414
2023-07-18,47.11000061035156,43.371219635009766
2023-07-19,46.86000061035156,43.14105987548828
2023-07-20,46.59000015258789,42.89249038696289
2023-07-21,46.86000061035156,43.14105987548828
2023-07-24,46.54999923706055,42.85566329956055
2023-07-25,46.41999816894531,42.73597717285156
2023-07-26,46.5099983215332,42.81883239746094
2023-07-27,46.4900016784668,42.80043029785156
2023-07-28,47.060001373291016,43.32518768310547
2023-07-31,46.939998626708984,43.21470642089844
2023-08-01,46.369998931884766,42.68994903564453
2023-08-02,45.41999816894531,41.815338134765625
2023-08-03,45.290000915527344,41.69565963745117
2023-08-04,45.41999816894531,41.815338134765625
2023-08-07,45.84000015258789,42.20200729370117
2023-08-08,45.31999969482422,41.72328186035156
2023-08-09,45.470001220703125,41.86137390136719
2023-08-10,45.81999969482422,42.183597564697266
2023-08-11,45.36000061035156,41.760108947753906
2023-08-14,45.29999923706055,41.70486831665039
2023-08-15,44.709999084472656,41.16168975830078
2023-08-16,44.41999816894531,40.89470672607422
2023-08-17,43.97999954223633,40.4896240234375
2023-08-18,44.04999923706055,40.55406951904297
2023-08-21,44.33000183105469,40.811851501464844
2023-08-22,44.189998626708984,40.682960510253906
2023-08-23,44.5099983215332,40.97756576538086
2023-08-24,43.79999923706055,40.323909759521484
2023-08-25,44.150001525878906,40.64613723754883
2023-08-28,44.65999984741211,41.11566162109375
2023-08-29,45.34000015258789,41.741695404052734
2023-08-30,45.33000183105469,41.732486724853516
2023-08-31,44.83000183105469,41.27216720581055
2023-09-01,44.540000915527344,41.00518035888672
2023-09-05,43.959999084472656,40.471214294433594
2023-09-06,43.75,40.27787780761719
2023-09-07,43.470001220703125,40.020103454589844
2023-09-08,43.56999969482422,40.11216735839844
2023-09-11,44.060001373291016,40.56327819824219
2023-09-12,43.68000030517578,40.213436126708984
2023-09-13,43.43000030517578,39.983272552490234
2023-09-14,43.880001068115234,40.39756393432617
2023-09-15,43.849998474121094,40.369937896728516
2023-09-18,43.54999923706055,40.09375
2023-09-19,43.58000183105469,40.12137222290039
2023-09-20,43.599998474121094,40.1397819519043
2023-09-21,42.900001525878906,39.495338439941406
2023-09-22,42.81999969482422,39.42168426513672
2023-09-25,42.41999816894531,39.05343246459961
2023-09-26,41.79999923706055,38.482635498046875
2023-09-27,41.65999984741211,38.35374450683594
2023-09-28,42.099998474121094,38.758827209472656
2023-09-29,42.2400016784668,38.887718200683594
2023-10-02,41.43000030517578,38.14200210571289
2023-10-03,41.0,37.74612808227539
2023-10-04,41.36000061035156,38.077552795410156
2023-10-05,41.459999084472656,38.169620513916016
2023-10-06,42.08000183105469,38.740413665771484
2023-10-09,41.7599983215332,38.4458122253418
2023-10-10,42.40999984741211,39.044219970703125
2023-10-11,42.619998931884766,39.2375602722168
2023-10-12,42.060001373291016,38.72200012207031
2023-10-13,41.459999084472656,38.169620513916016
2023-10-16,41.880001068115234,38.55628967285156
2023-10-17,41.900001525878906,38.57469940185547
2023-10-18,41.11000061035156,37.84739685058594
2023-10-19,40.959999084472656,37.70930480957031
2023-10-20,40.56999969482422,37.350257873535156
2023-10-23,40.81999969482422,37.580413818359375
2023-10-24,41.0099983215332,37.755332946777344
2023-10-25,40.68000030517578,37.45152282714844
2023-10-26,40.529998779296875,37.31342315673828
2023-10-27,40.25,37.05564498901367
2023-10-30,40.88999938964844,37.64485168457031
2023-10-31,41.099998474121094,37.83818817138672
2023-11-01,41.380001068115234,38.09597396850586
2023-11-02,42.38999938964844,39.02581024169922
2023-11-03,42.810001373291016,39.412479400634766
2023-11-06,42.599998474121094,39.21914291381836
2023-11-07,42.41999816894531,39.05343246459961
2023-11-08,42.72999954223633,39.338829040527344
2023-11-09,42.720001220703125,39.329620361328125
2023-11-10,43.040000915527344,39.624229431152344
2023-11-13,43.150001525878906,39.725502014160156
2023-11-14,44.599998474121094,41.06041717529297
2023-11-15,44.63999938964844,41.09724426269531
2023-11-16,44.619998931884766,41.07883071899414
2023-11-17,45.20000076293945,41.6128044128418
2023-11-20,45.41999816894531,41.815338134765625
2023-11-21,45.099998474121094,41.52073669433594
2023-11-22,45.16999816894531,41.58517837524414
2023-11-24,45.63999938964844,42.01788330078125
2023-11-27,45.52000045776367,41.90740966796875
2023-11-28,45.540000915527344,41.92581558227539
2023-11-29,45.81999969482422,42.183597564697266
2023-11-30,45.650001525878906,42.02709197998047
2023-12-01,45.9900016784668,42.340110778808594
2023-12-04,45.810001373291016,42.17439270019531
2023-12-05,45.86000061035156,42.220428466796875
2023-12-06,45.900001525878906,42.25724792480469
2023-12-07,46.11000061035156,42.45058059692383
2023-12-08,46.45000076293945,42.76359939575195
2023-12-11,46.5099983215332,42.81883239746094
2023-12-12,46.650001525878906,42.947731018066406
2023-12-13,47.2599983215332,43.50931167602539
2023-12-14,47.630001068115234,43.849945068359375
2023-12-15,47.150001525878906,43.40804672241211
2023-12-18,47.16999816894531,43.426456451416016
2023-12-19,47.630001068115234,43.849945068359375
2023-12-20,46.56999969482422,43.1923713684082
2023-12-21,47.310001373291016,43.87870407104492
2023-12-22,47.22999954223633,43.80450439453125
2023-12-26,47.56999969482422,44.11983871459961
2023-12-27,47.810001373291016,44.342437744140625
2023-12-28,47.40999984741211,43.9714469909668
2023-12-29,47.439998626708984,43.999267578125
2024-01-02,46.779998779296875,43.387142181396484
2024-01-03,46.119998931884766,42.77500915527344
2024-01-04,46.36000061035156,42.99760818481445
2024-01-05,46.31999969482422,42.960506439208984
2024-01-08,46.869998931884766,43.47061538696289
2024-01-09,46.36000061035156,42.99760818481445
2024-01-10,46.619998931884766,43.23874282836914
2024-01-11,46.560001373291016,43.18309783935547
2024-01-12,46.630001068115234,43.24802017211914
2024-01-16,45.79999923706055,42.47821807861328
2024-01-17,45.47999954223633,42.18143081665039
2024-01-18,46.040000915527344,42.70081329345703
2024-01-19,46.209999084472656,42.858482360839844
2024-01-22,46.189998626708984,42.83993148803711
2024-01-23,46.099998474121094,42.75646209716797
2024-01-24,46.83000183105469,43.43351364135742
2024-01-25,47.040000915527344,43.62828826904297
2024-01-26,47.400001525878906,43.96217727661133
2024-01-29,47.5,44.0549201965332
2024-01-30,47.54999923706055,44.101295471191406
2024-01-31,47.15999984741211,43.739585876464844
2024-02-01,47.63999938964844,44.18476486206055
2024-02-02,47.22999954223633,43.80450439453125
2024-02-05,46.9900016784668,43.581912994384766
2024-02-06,47.29999923706055,43.86942672729492
2024-02-07,47.25,43.82305145263672
2024-02-08,47.380001068115234,43.943626403808594
2024-02-09,47.630001068115234,44.17548751831055
2024-02-12,47.619998931884766,44.16621780395508
2024-02-13,46.720001220703125,43.33149337768555
2024-02-14,47.290000915527344,43.86015319824219
2024-02-15,47.880001068115234,44.40736389160156
2024-02-16,47.779998779296875,44.31461715698242
2024-02-20,48.060001373291016,44.574302673339844
2024-02-21,48.310001373291016,44.806175231933594
2024-02-22,48.97999954223633,45.42757797241211
2024-02-23,49.0099983215332,45.45540237426758
2024-02-26,48.9900016784668,45.436859130859375
2024-02-27,49.16999816894531,45.60380172729492
2024-02-28,49.06999969482422,45.51105499267578
2024-02-29,49.04999923706055,45.49250411987305
2024-03-01,49.36000061035156,45.7800178527832
2024-03-04,49.43000030517578,45.844940185546875
2024-03-05,49.20000076293945,45.631622314453125
2024-03-06,49.709999084472656,46.10462951660156
2024-03-07,50.47999954223633,46.81878662109375
2024-03-08,50.09000015258789,46.45707321166992
2024-03-11,50.04999923706055,46.41997146606445
2024-03-12,50.540000915527344,46.87443923950195
2024-03-13,50.720001220703125,47.0413818359375
2024-03-14,50.33000183105469,46.679664611816406
2024-03-15,50.369998931884766,46.71676254272461
2024-03-18,50.130001068115234,46.494171142578125
2024-03-19,50.2599983215332,46.61473846435547
2024-03-20,50.970001220703125,47.27325439453125
2024-03-21,50.75,47.0692024230957
2024-03-22,50.59000015258789,46.92081069946289
2024-03-25,50.75,47.0692024230957
2024-03-26,50.86000061035156,47.17123031616211
2024-03-27,51.290000915527344,47.57004165649414
2024-03-28,51.060001373291016,47.35672378540039
2024-04-01,51.09000015258789,47.38454818725586
2024-04-02,50.529998779296875,46.86516189575195
2024-04-03,50.97999954223633,47.28252410888672
2024-04-04,50.45000076293945,46.79096221923828
2024-04-05,50.59000015258789,46.92081069946289
2024-04-08,50.900001525878906,47.20833206176758
2024-04-09,50.66999816894531,46.9950065612793
2024-04-10,50.0099983215332,46.38287353515625
2024-04-11,49.970001220703125,46.34577941894531
2024-04-12,48.9900016784668,45.436859130859375
2024-04-15,48.93000030517578,45.38120651245117
2024-04-16,48.7599983215332,45.22353744506836
2024-04-17,48.779998779296875,45.24208450317383
2024-04-18,48.72999954223633,45.19571304321289
2024-04-19,48.72999954223633,45.19571304321289
2024-04-22,49.290000915527344,45.71509552001953
2024-04-23,50.11000061035156,46.475624084472656
2024-04-24,49.93000030517578,46.30868148803711
2024-04-25,49.72999954223633,46.12318801879883
2024-04-26,50.150001525878906,46.51272201538086
2024-04-29,50.15999984741211,46.52199935913086
2024-04-30,49.2599983215332,45.68727111816406
2024-05-01,49.09000015258789,45.529598236083984
2024-05-02,49.65999984741211,46.05826187133789
2024-05-03,50.119998931884766,46.484901428222656
2024-05-06,50.59000015258789,46.92081069946289
2024-05-07,50.939998626708984,47.245426177978516
2024-05-08,51.15999984741211,47.44947052001953
2024-05-09,51.650001525878906,47.903934478759766
2024-05-10,51.849998474121094,48.08942413330078
2024-05-13,51.869998931884766,48.107975006103516
2024-05-14,52.290000915527344,48.49751281738281
2024-05-15,52.810001373291016,48.979801177978516
2024-05-16,52.36000061035156,48.562435150146484
2024-05-17,52.4900016784668,48.683013916015625
2024-05-20,52.470001220703125,48.66445541381836
2024-05-21,52.36000061035156,48.562435150146484
2024-05-22,51.91999816894531,48.15434265136719
2024-05-23,51.689998626708984,47.9410285949707
2024-05-24,52.189998626708984,48.40476608276367
2024-05-28,52.22999954223633,48.441864013671875
2024-05-29,51.310001373291016,47.58858871459961
2024-05-30,51.709999084472656,47.95957565307617
2024-05-31,52.02000045776367,48.247093200683594
2024-06-03,52.150001525878906,48.36766815185547
2024-06-04,51.779998779296875,48.02450180053711
2024-06-05,52.5,48.69227981567383
2024-06-06,52.63999938964844,48.82212448120117
2024-06-07,51.91999816894531,48.15434265136719
2024-06-10,51.58000183105469,47.839012145996094
2024-06-11,49.81999969482422,47.160282135009766
2024-06-12,50.63999938964844,47.93650436401367
2024-06-13,49.560001373291016,46.91416549682617
2024-06-14,48.38999938964844,45.80662536621094
2024-06-17,49.029998779296875,46.41245651245117
2024-06-18,49.290000915527344,46.65857696533203
2024-06-20,49.34000015258789,46.705909729003906
2024-06-21,48.93000030517578,46.31779861450195
2024-06-24,49.349998474121094,46.715370178222656
2024-06-25,49.34000015258789,46.705909729003906
2024-06-26,48.91999816894531,46.308326721191406
2024-06-27,48.880001068115234,46.270469665527344
2024-06-28,48.83000183105469,46.22313690185547
2024-07-01,49.31999969482422,46.686973571777344
2024-07-02,49.13999938964844,46.51658630371094
2024-07-03,49.939998626708984,47.27387237548828
2024-07-05,50.36000061035156,47.671451568603516
2024-07-08,50.02000045776367,47.349605560302734
2024-07-09,49.470001220703125,46.8289680480957
2024-07-10,50.18000030517578,47.50106430053711
2024-07-11,50.369998931884766,47.6809196472168
2024-07-12,51.060001373291016,48.33408737182617
2024-07-15,50.5,47.80398178100586
2024-07-16,50.54999923706055,47.851314544677734
2024-07-17,49.970001220703125,47.302276611328125
2024-07-18,49.689998626708984,47.03722381591797
2024-07-19,49.2599983215332,46.63018035888672
2024-07-22,50.150001525878906,47.4726676940918
2024-07-23,49.7599983215332,47.103485107421875
2024-07-24,49.029998779296875,46.41245651245117
2024-07-25,48.77000045776367,46.16633987426758
2024-07-26,49.4900016784668,46.847904205322266
2024-07-29,48.970001220703125,46.35566329956055
2024-07-30,49.08000183105469,46.45979309082031
2024-07-31,49.40999984741211,46.77217102050781
2024-08-01,48.130001068115234,45.56051254272461
2024-08-02,47.75,45.20079040527344
2024-08-05,46.959999084472656,44.452972412109375
2024-08-06,46.970001220703125,44.46243667602539
2024-08-07,47.16999816894531,44.651756286621094
2024-08-08,47.83000183105469,45.27652359008789
2024-08-09,47.9900016784668,45.427978515625
2024-08-12,47.84000015258789,45.28599166870117
2024-08-13,48.529998779296875,45.939151763916016
2024-08-14,48.779998779296875,46.175804138183594
2024-08-15,49.439998626708984,46.80057144165039
2024-08-16,49.810001373291016,47.150821685791016
2024-08-19,50.41999816894531,47.72825241088867
2024-08-20,50.31999969482422,47.63359451293945
2024-08-21,50.88999938964844,48.173160552978516
2024-08-22,50.439998626708984,47.7471809387207
2024-08-23,51.290000915527344,48.55180740356445
2024-08-26,51.119998931884766,48.3908805847168
2024-08-27,51.29999923706055,48.5612678527832
2024-08-28,51.099998474121094,48.371952056884766
2024-08-29,51.189998626708984,48.4571418762207
2024-08-30,51.369998931884766,48.627532958984375
2024-09-03,50.41999816894531,47.72825241088867
2024-09-04,50.27000045776367,47.58625793457031
2024-09-05,50.25,47.567325592041016
2024-09-06,49.369998931884766,46.734310150146484
2024-09-09,49.77000045776367,47.11295700073242
2024-09-10,49.45000076293945,46.810035705566406
2024-09-11,49.91999816894531,47.254947662353516
2024-09-12,50.20000076293945,47.519996643066406
2024-09-13,50.52000045776367,47.822914123535156
2024-09-16,50.81999969482422,48.106895446777344
2024-09-17,50.75,48.04063034057617
2024-09-18,50.599998474121094,47.89863967895508
2024-09-19,51.709999084472656,48.94938278198242
2024-09-20,50.97999954223633,48.25835418701172
2024-09-23,51.029998779296875,48.305686950683594
2024-09-24,51.65999984741211,48.90205001831055
2024-09-25,51.33000183105469,48.58967208862305
2024-09-26,52.709999084472656,49.89599609375
2024-09-27,52.790000915527344,49.97172546386719
2024-09-30,52.22999954223633,49.44162368774414
2024-10-01,51.459999084472656,48.712730407714844
2024-10-02,51.29999923706055,48.5612678527832
2024-10-03,50.7599983215332,48.05009841918945
2024-10-04,51.130001068115234,48.40034866333008
2024-10-07,50.79999923706055,48.08796310424805
2024-10-08,50.86000061035156,48.1447639465332
2024-10-09,50.9900016784668,48.267822265625
2024-10-10,50.83000183105469,48.11636734008789
2024-10-11,51.119998931884766,48.3908805847168
2024-10-14,51.400001525878906,48.65593338012695
2024-10-15,50.310001373291016,47.62412643432617
2024-10-16,50.2400016784668,47.557865142822266
2024-10-17,50.36000061035156,47.671451568603516
2024-10-18,50.880001068115234,48.163692474365234
2024-10-21,50.279998779296875,47.59572982788086
2024-10-22,50.04999923706055,47.37800216674805
2024-10-23,49.70000076293945,47.04669189453125
2024-10-24,50.02000045776367,47.349605560302734
2024-10-25,49.810001373291016,47.150821685791016
2024-10-28,50.279998779296875,47.59572982788086
2024-10-29,49.97999954223633,47.31174087524414
2024-10-30,49.560001373291016,46.91416549682617
2024-10-31,49.29999923706055,46.66804885864258
2024-11-01,49.45000076293945,46.810035705566406
2024-11-04,49.43000030517578,46.79110336303711
2024-11-05,49.90999984741211,47.245479583740234
2024-11-06,48.4900016784668,45.90128707885742
2024-11-07,49.31999969482422,46.686973571777344
2024-11-08,48.540000915527344,45.94861602783203
2024-11-11,48.5099983215332,45.92021942138672
2024-11-12,47.470001220703125,44.93574523925781
2024-11-13,47.18000030517578,44.661224365234375
2024-11-14,47.54999923706055,45.011470794677734
2024-11-15,47.43000030517578,44.89788055419922
2024-11-18,47.630001068115234,45.087196350097656
2024-11-19,47.36000061035156,44.83161544799805
2024-11-20,47.18000030517578,44.661224365234375
2024-11-21,47.0,44.49083709716797
2024-11-22,47.040000915527344,44.52870178222656
2024-11-25,47.380001068115234,44.850547790527344
2024-11-26,47.040000915527344,44.52870178222656
2024-11-27,47.29999923706055,44.774818420410156
2024-11-29,47.86000061035156,45.3049201965332
2024-12-02,47.90999984741211,45.35225296020508
2024-12-03,48.150001525878906,45.57944107055664
2024-12-04,48.41999816894531,45.83502197265625
2024-12-05,49.029998779296875,46.41245651245117
2024-12-06,49.2599983215332,46.63018035888672
2024-12-09,49.119998931884766,46.49765396118164
2024-12-10,48.84000015258789,46.232601165771484
2024-12-11,48.97999954223633,46.36512756347656
2024-12-12,48.709999084472656,46.10954284667969
2024-12-13,48.869998931884766,46.26100158691406
2024-12-16,48.70000076293945,46.100074768066406
2024-12-17,48.16999816894531,45.905662536621094
2024-12-18,46.959999084472656,44.75254440307617
2024-12-19,46.9900016784668,44.78113555908203
2024-12-20,47.130001068115234,44.91455078125
2024-12-23,47.25,45.02891540527344
2024-12-24,47.56999969482422,45.333866119384766
2024-12-26,47.7400016784668,45.495880126953125
2024-12-27,47.54999923706055,45.3148078918457
2024-12-30,47.13999938964844,44.92407989501953
2024-12-31,47.20000076293945,44.98126220703125
2025-01-02,46.83000183105469,44.62865447998047
2025-01-03,46.90999984741211,44.70489501953125
2025-01-06,48.0099983215332,45.7531852722168
2025-01-07,48.02000045776367,45.762718200683594
2025-01-08,47.81999969482422,45.57211685180664
2025-01-10,47.470001220703125,45.23857116699219
2025-01-13,47.25,45.02891540527344
2025-01-14,47.70000076293945,45.457759857177734
2025-01-15,48.150001525878906,45.8866081237793
2025-01-16,48.70000076293945,46.4107551574707
2025-01-17,49.04999923706055,46.74429702758789
2025-01-21,50.04999923706055,47.69729232788086
2025-01-22,50.029998779296875,47.67823028564453
2025-01-23,50.4900016784668,48.11661148071289
2025-01-24,50.66999816894531,48.28814697265625
2025-01-27,50.65999984741211,48.27861785888672
2025-01-28,50.400001525878906,48.03084182739258
2025-01-29,50.529998779296875,48.154727935791016
2025-01-30,50.970001220703125,48.57404708862305
2025-01-31,50.56999969482422,48.19284439086914
2025-02-03,49.720001220703125,47.38280487060547
2025-02-04,50.45000076293945,48.078487396240234
2025-02-05,50.81999969482422,48.43109893798828
2025-02-06,51.2599983215332,48.85041046142578
2025-02-07,50.689998626708984,48.30720138549805
2025-02-10,51.060001373291016,48.65981674194336
2025-02-11,51.650001525878906,49.22208023071289
2025-02-12,52.25,49.79387664794922
2025-02-13,52.81999969482422,50.33708190917969
2025-02-14,53.130001068115234,50.632511138916016
2025-02-18,53.41999816894531,50.908878326416016
2025-02-19,52.56999969482422,50.09883117675781
2025-02-20,52.939998626708984,50.45144271850586
2025-02-21,52.599998474121094,50.12742233276367
2025-02-24,52.59000015258789,50.117897033691406
2025-02-25,53.220001220703125,50.71827697753906
2025-02-26,53.290000915527344,50.78498840332031
2025-02-27,52.33000183105469,49.8701171875
2025-02-28,52.38999938964844,49.92729568481445
2025-03-03,53.52000045776367,51.00417709350586
2025-03-04,53.630001068115234,51.109004974365234
2025-03-05,55.45000076293945,52.84345626831055
2025-03-06,55.02000045776367,52.43366622924805
2025-03-07,55.68000030517578,53.062644958496094
2025-03-10,54.25,51.699859619140625
2025-03-11,54.349998474121094,51.795162200927734
2025-03-12,54.43000030517578,51.87139892578125
2025-03-13,53.84000015258789,51.30913162231445
2025-03-14,55.13999938964844,52.54802322387695
2025-03-17,55.720001220703125,53.10076141357422
2025-03-18,56.04999923706055,53.415245056152344
2025-03-19,56.040000915527344,53.40571975708008
2025-03-20,55.150001525878906,52.55755615234375
2025-03-21,54.75,52.17635726928711
2025-03-24,54.66999816894531,52.10011672973633
2025-03-25,55.11000061035156,52.51943588256836
2025-03-26,54.099998474121094,51.55691146850586
2025-03-27,54.20000076293945,51.65221405029297
2025-03-28,53.900001525878906,51.36631774902344
2025-03-31,53.25,50.74686813354492
2025-04-01,53.54999923706055,51.03276443481445
2025-04-02,53.77000045776367,51.24242401123047
2025-04-03,52.83000183105469,50.346614837646484
2025-04-04,49.54999923706055,47.220794677734375
2025-04-07,48.08000183105469,45.81990051269531
2025-04-08,47.630001068115234,45.391048431396484
2025-04-09,51.86000061035156,49.42220687866211
2025-04-10,50.959999084472656,48.564517974853516
2025-04-11,52.15999984741211,49.708106994628906
2025-04-14,52.529998779296875,50.06071472167969
2025-04-15,53.08000183105469,50.584861755371094
2025-04-16,53.0,50.50862121582031
2025-04-17,53.349998474121094,50.84217071533203
2025-04-21,52.900001525878906,50.41332244873047
2025-04-22,54.150001525878906,51.60456466674805
2025-04-23,54.529998779296875,51.966697692871094
2025-04-24,55.290000915527344,52.690975189208984
2025-04-25,55.63999938964844,53.02452087402344
2025-04-28,55.81999969482422,53.19606399536133
2025-04-29,55.900001525878906,53.272300720214844
2025-04-30,55.720001220703125,53.10076141357422
2025-05-01,55.75,53.12935256958008
2025-05-02,56.790000915527344,54.120460510253906
2025-05-05,56.97999954223633,54.30153274536133
2025-05-06,56.880001068115234,54.206233978271484
2025-05-07,56.689998626708984,54.02516174316406
2025-05-08,56.66999816894531,54.006099700927734
2025-05-09,57.13999938964844,54.454010009765625
2025-05-12,57.209999084472656,54.520721435546875
2025-05-13,57.61000061035156,54.90191650390625
2025-05-14,57.47999954223633,54.77802658081055
2025-05-15,57.91999816894531,55.19734573364258
2025-05-16,58.06999969482422,55.340293884277344
2025-05-19,58.77000045776367,56.007389068603516
2025-05-20,59.22999954223633,56.44576644897461
2025-05-21,58.900001525878906,56.131282806396484
2025-05-22,58.88999938964844,56.12174987792969
2025-05-23,58.41999816894531,55.67384338378906
2025-05-27,59.36000061035156,56.56965637207031
2025-05-28,58.77000045776367,56.007389068603516
2025-05-29,59.060001373291016,56.28376007080078
2025-05-30,58.9900016784668,56.21704864501953
2025-06-02,59.59000015258789,56.78884506225586
2025-06-03,59.150001525878906,56.369529724121094
2025-06-04,59.47999954223633,56.68401336669922
2025-06-05,59.58000183105469,56.77931594848633
2025-06-06,59.720001220703125,56.91273498535156
2025-06-09,59.689998626708984,56.88414001464844
2025-06-10,59.70000076293945,56.893672943115234
2025-06-11,59.619998931884766,56.81743240356445
2025-06-12,60.0099983215332,57.1890983581543
2025-06-13,59.0,56.22657775878906
2025-06-16,58.279998779296875,56.71117401123047
2025-06-17,57.31999969482422,55.777015686035156
2025-06-18,57.279998779296875,55.73809051513672
2025-06-20,57.130001068115234,55.59212875366211
2025-06-23,57.66999816894531,56.11758804321289
2025-06-24,58.560001373291016,56.98363494873047
2025-06-25,58.20000076293945,56.63332748413086
2025-06-26,58.540000915527344,56.964176177978516
2025-06-27,59.279998779296875,57.68425369262695
2025-06-30,59.45000076293945,57.84967803955078
2025-07-01,59.31999969482422,57.723175048828125
2025-07-02,59.68000030517578,58.073486328125
2025-07-03,59.61000061035156,58.00537109375
2025-07-07,59.27000045776367,57.674522399902344
2025-07-08,59.900001525878906,58.287567138671875
2025-07-09,60.63999938964844,59.00764465332031
2025-07-10,60.25,58.628143310546875
2025-07-11,59.68000030517578,58.073486328125
2025-07-14,59.61000061035156,58.00537109375
2025-07-15,58.91999816894531,57.33394241333008
2025-07-16,59.099998474121094,57.509098052978516
2025-07-17,59.2599983215332,57.664791107177734
2025-07-18,59.099998474121094,57.509098052978516
2025-07-21,59.31999969482422,57.723175048828125
2025-07-22,59.52000045776367,57.91779327392578
2025-07-23,60.84000015258789,59.2022590637207
2025-07-24,60.09000015258789,58.472450256347656
2025-07-25,60.290000915527344,58.66706466674805
2025-07-28,59.11000061035156,57.518829345703125
2025-07-29,59.31999969482422,57.723175048828125
2025-07-30,58.810001373291016,57.226905822753906
2025-07-31,58.06999969482422,56.5068244934082
2025-08-01,57.5,55.95216751098633
2025-08-04,58.220001220703125,56.65278625488281
2025-08-05,58.29999923706055,56.73063278198242
2025-08-06,58.810001373291016,57.226905822753906
2025-08-07,59.529998779296875,57.927520751953125
2025-08-08,59.77000045776367,58.16106414794922
2025-08-11,59.349998474121094,57.75236892700195
2025-08-12,59.939998626708984,58.32648468017578
2025-08-13,60.439998626708984,58.813026428222656
2025-08-14,60.72999954223633,59.09522247314453
2025-08-15,61.040000915527344,59.39687728881836
2025-08-18,60.720001220703125,59.08549118041992
2025-08-19,60.84000015258789,59.2022590637207
2025-08-20,61.0,59.35795211791992
2025-08-21,60.560001373291016,58.9297981262207
2025-08-22,61.5,59.8444938659668
2025-08-25,60.45000076293945,58.82276153564453
2025-08-26,60.209999084472656,58.58921813964844
2025-08-27,59.959999084472656,58.345947265625
2025-08-28,60.18000030517578,58.560028076171875
2025-08-29,59.810001373291016,58.19998550415039
2025-09-02,59.040000915527344,57.450714111328125
2025-09-03,59.150001525878906,57.55775451660156
2025-09-04,59.47999954223633,57.878868103027344
2025-09-05,59.650001525878906,58.04429626464844
2025-09-08,60.209999084472656,58.58921813964844
2025-09-09,60.209999084472656,58.58921813964844
2025-09-10,59.95000076293945,58.336219787597656
2025-09-11,60.630001068115234,58.9979133605957
2025-09-12,60.59000015258789,58.95899200439453
2025-09-15,61.16999816894531,59.523372650146484
2025-09-16,61.0099983215332,59.36768341064453
2025-09-17,60.689998626708984,59.05629348754883
2025-09-18,61.18000030517578,59.53310775756836
2025-09-19,61.04999923706055,59.4066047668457
2025-09-22,61.18000030517578,59.53310775756836
2025-09-23,61.33000183105469,59.679073333740234
2025-09-24,61.02000045776367,59.377418518066406
2025-09-25,60.540000915527344,58.91033935546875
2025-09-26,61.279998779296875,59.63041687011719
2025-09-29,61.52000045776367,59.863956451416016
2025-09-30,61.939998626708984,60.272647857666016
2025-10-01,62.630001068115234,60.94407653808594
2025-10-02,63.0,61.304115295410156
2025-10-03,63.11000061035156,61.411155700683594
2025-10-06,62.7400016784668,61.05111312866211
2025-10-07,62.119998931884766,60.44779968261719
2025-10-08,62.52000045776367,60.837039947509766
2025-10-09,61.91999816894531,60.2531852722168
2025-10-10,61.02000045776367,59.377418518066406
2025-10-13,61.47999954223633,59.82503128051758
2025-10-14,61.83000183105469,60.16561508178711
2025-10-15,61.9900016784668,60.32130432128906
2025-10-16,62.58000183105469,60.895423889160156
2025-10-17,62.560001373291016,60.87596130371094
2025-10-20,62.880001068115234,61.187347412109375
2025-10-21,62.41999816894531,60.73972702026367
2025-10-22,62.22999954223633,60.55484390258789
2025-10-23,62.68000030517578,60.99272918701172
2025-10-24,62.650001525878906,60.963539123535156
2025-10-27,63.130001068115234,61.43061828613281
2025-10-28,63.040000915527344,61.343040466308594
2025-10-29,62.83000183105469,61.138694763183594
2025-10-30,62.41999816894531,60.73972702026367
2025-10-31,62.16999816894531,60.496456146240234
2025-11-03,62.150001525878906,60.47699737548828
2025-11-04,61.41999816894531,59.76664733886719
2025-11-05,61.93000030517578,60.262916564941406
2025-11-06,61.54999923706055,59.89314651489258
2025-11-07,61.77000045776367,60.10722732543945
2025-11-10,62.540000915527344,60.85649871826172
2025-11-11,63.09000015258789,61.391693115234375
2025-11-12,63.7599983215332,62.04365921020508
2025-11-13,63.34000015258789,61.63496398925781
2025-11-14,62.790000915527344,61.099769592285156
2025-11-17,61.84000015258789,60.17534255981445
2025-11-18,61.06999969482422,59.42607116699219
2025-11-19,60.95000076293945,59.309303283691406
2025-11-20,60.08000183105469,58.46271896362305
2025-11-21,60.779998779296875,59.14387512207031
2025-11-24,60.70000076293945,59.0660285949707
2025-11-25,61.7599983215332,60.097496032714844
2025-11-26,62.41999816894531,60.73972702026367
2025-11-28,62.65999984741211,60.973270416259766
2025-12-01,62.58000183105469,60.895423889160156
2025-12-02,62.95000076293945,61.255462646484375
2025-12-03,63.380001068115234,61.67388916015625
2025-12-04,63.349998474121094,61.64469528198242
2025-12-05,63.34000015258789,61.63496398925781
2025-12-08,63.380001068115234,61.67388916015625
2025-12-09,63.209999084472656,61.50846481323242
2025-12-10,63.83000183105469,62.11177444458008
2025-12-11,64.41999816894531,62.685890197753906
2025-12-12,63.97999954223633,62.25773239135742
2025-12-15,64.33000183105469,62.59831619262695
2025-12-16,63.59000015258789,62.470603942871094
2025-12-17,63.0099983215332,61.90081024169922
2025-12-18,63.45000076293945,62.33306884765625
2025-12-19,63.790000915527344,62.667083740234375
2025-12-22,63.970001220703125,62.84391403198242
2025-12-23,64.0999984741211,62.97162628173828
2025-12-24,64.19999694824219,63.069862365722656
2025-12-26,64.33000183105469,63.19757843017578
2025-12-29,64.0999984741211,62.97162628173828
2025-12-30,64.41999816894531,63.28599166870117
2025-12-31,64.0999984741211,62.97162628173828
2026-01-02,65.01000213623047,63.86560821533203
