date,close,adj_close
2014-12-01,105.75,81.02521514892578
2014-12-02,105.27999877929688,80.66510009765625
2014-12-03,105.31999969482422,80.69575500488281
2014-12-04,105.69000244140625,80.97932434082031
2014-12-05,105.0999984741211,80.52722930908203
2014-12-08,105.44999694824219,80.79534912109375
2014-12-09,105.83999633789062,81.09416198730469
2014-12-10,106.31999969482422,81.46198272705078
2014-12-11,106.13999938964844,81.32402038574219
2014-12-12,107.01000213623047,81.99060821533203
2014-12-15,106.62000274658203,81.69181823730469
2014-12-16,107.16000366210938,82.1056137084961
2014-12-17,106.41999816894531,81.53858947753906
2014-12-18,105.81999969482422,81.07886505126953
2014-12-19,106.20999908447266,81.37771606445312
2014-12-22,106.20999908447266,81.37771606445312
2014-12-23,105.33000183105469,80.70343780517578
2014-12-24,105.25,80.76173400878906
2014-12-26,105.38999938964844,80.86919403076172
2014-12-29,105.75,81.14543151855469
2014-12-30,105.87000274658203,81.23751068115234
2014-12-31,105.98999786376953,81.32960510253906
2015-01-02,106.52999877929688,81.74394226074219
2015-01-05,107.18000030517578,82.2426986694336
2015-01-06,107.9000015258789,82.79517364501953
2015-01-07,107.87999725341797,82.77983093261719
2015-01-08,107.44000244140625,82.44223022460938
2015-01-09,107.97000122070312,82.84891510009766
2015-01-12,108.3499984741211,83.14044952392578
2015-01-13,108.44999694824219,83.21721649169922
2015-01-14,108.94999694824219,83.60089874267578
2015-01-15,109.87999725341797,84.31449127197266
2015-01-16,109.06999969482422,83.69296264648438
2015-01-20,109.31999969482422,83.88480377197266
2015-01-21,108.80000305175781,83.48579406738281
2015-01-22,108.52999877929688,83.27857971191406
2015-01-23,109.23999786376953,83.82341003417969
2015-01-26,108.98999786376953,83.63157653808594
2015-01-27,109.13999938964844,83.7467041015625
2015-01-28,109.9800033569336,84.39125061035156
2015-01-29,109.58999633789062,84.09195709228516
2015-01-30,110.55000305175781,84.82862854003906
2015-02-02,110.2300033569336,84.7225570678711
2015-02-03,109.30000305175781,84.00775146484375
2015-02-04,109.4800033569336,84.1461181640625
2015-02-05,109.08000183105469,83.83863830566406
2015-02-06,107.86000061035156,82.9009780883789
2015-02-09,107.80999755859375,82.862548828125
2015-02-10,107.54000091552734,82.65502166748047
2015-02-11,107.5,82.62428283691406
2015-02-12,107.54000091552734,82.65502166748047
2015-02-13,107.18000030517578,82.3783187866211
2015-02-17,106.41999816894531,81.79421997070312
2015-02-18,106.93000030517578,82.1861343383789
2015-02-19,106.66000366210938,81.9786605834961
2015-02-20,106.5999984741211,81.9325180053711
2015-02-23,107.08999633789062,82.30917358398438
2015-02-24,107.80000305175781,82.8548355102539
2015-02-25,107.9000015258789,82.93169403076172
2015-02-26,107.26000213623047,82.4397964477539
2015-02-27,107.63999938964844,82.73189544677734
2015-03-02,106.66999816894531,82.11605072021484
2015-03-03,106.44000244140625,81.93894958496094
2015-03-04,106.5199966430664,82.00055694580078
2015-03-05,106.58000183105469,82.04674530029297
2015-03-06,105.48999786376953,81.20762634277344
2015-03-09,105.9800033569336,81.58489990234375
2015-03-10,106.43000030517578,81.93130493164062
2015-03-11,106.62000274658203,82.07750701904297
2015-03-12,106.72000122070312,82.1545181274414
2015-03-13,106.55999755859375,82.03137969970703
2015-03-16,106.93000030517578,82.31615447998047
2015-03-17,107.1500015258789,82.48554992675781
2015-03-18,108.37999725341797,83.43240356445312
2015-03-19,107.87000274658203,83.03976440429688
2015-03-20,108.30999755859375,83.37848663330078
2015-03-23,108.44999694824219,83.48626708984375
2015-03-24,108.77999877929688,83.74034118652344
2015-03-25,108.30999755859375,83.37848663330078
2015-03-26,107.69999694824219,82.90892791748047
2015-03-27,108.12000274658203,83.23224639892578
2015-03-30,108.11000061035156,83.22453308105469
2015-03-31,108.38999938964844,83.4400863647461
2015-04-01,108.7300033569336,83.83720397949219
2015-04-02,108.41999816894531,83.59813690185547
2015-04-06,108.55999755859375,83.70611572265625
2015-04-07,108.6500015258789,83.77552795410156
2015-04-08,108.55000305175781,83.6983871459961
2015-04-09,108.11000061035156,83.35912322998047
2015-04-10,108.08000183105469,83.33604431152344
2015-04-13,108.30000305175781,83.50566864013672
2015-04-14,108.62000274658203,83.75237274169922
2015-04-15,108.68000030517578,83.79866027832031
2015-04-16,108.76000213623047,83.86035919189453
2015-04-17,108.9800033569336,84.02996063232422
2015-04-20,108.77999877929688,83.87574768066406
2015-04-21,108.55000305175781,83.6983871459961
2015-04-22,107.91999816894531,83.21265411376953
2015-04-23,108.25,83.46710205078125
2015-04-24,108.62999725341797,83.76009368896484
2015-04-27,108.45999908447266,83.62904357910156
2015-04-28,107.95999908447266,83.24347686767578
2015-04-29,107.55999755859375,82.93510437011719
2015-04-30,107.52999877929688,82.91191864013672
2015-05-01,106.77999877929688,82.4586410522461
2015-05-04,106.55999755859375,82.28877258300781
2015-05-05,106.37999725341797,82.14972686767578
2015-05-06,105.86000061035156,81.74818420410156
2015-05-07,106.30999755859375,82.09571075439453
2015-05-08,106.72000122070312,82.41232299804688
2015-05-11,105.66999816894531,81.60144805908203
2015-05-12,105.75,81.66326141357422
2015-05-13,105.61000061035156,81.55512237548828
2015-05-14,105.97000122070312,81.83313751220703
2015-05-15,106.7300033569336,82.42001342773438
2015-05-18,106.01000213623047,81.86405944824219
2015-05-19,105.54000091552734,81.50104522705078
2015-05-20,105.7699966430664,81.67872619628906
2015-05-21,106.4000015258789,82.16516876220703
2015-05-22,106.16000366210938,81.9798583984375
2015-05-26,106.81999969482422,82.48951721191406
2015-05-27,106.76000213623047,82.44318389892578
2015-05-28,106.86000061035156,82.5204086303711
2015-05-29,106.91999816894531,82.56675720214844
2015-06-01,106.27999877929688,82.20247650146484
2015-06-02,105.54000091552734,81.63007354736328
2015-06-03,104.63999938964844,80.93395233154297
2015-06-04,105.1500015258789,81.32844543457031
2015-06-05,104.38999938964844,80.7406234741211
2015-06-08,104.54000091552734,80.85662078857422
2015-06-09,104.19999694824219,80.59363555908203
2015-06-10,103.80000305175781,80.28431701660156
2015-06-11,104.62000274658203,80.91854858398438
2015-06-12,104.55999755859375,80.87214660644531
2015-06-15,104.80999755859375,81.06546783447266
2015-06-16,105.20999908447266,81.37483978271484
2015-06-17,105.2699966430664,81.42121124267578
2015-06-18,105.19000244140625,81.35939025878906
2015-06-19,105.75,81.79253387451172
2015-06-22,104.86000061035156,81.10414123535156
2015-06-23,104.54000091552734,80.85662078857422
2015-06-24,104.8499984741211,81.09639739990234
2015-06-25,104.58999633789062,80.89530944824219
2015-06-26,104.08999633789062,80.50857543945312
2015-06-29,105.30000305175781,81.4444580078125
2015-06-30,105.01000213623047,81.22016143798828
2015-07-01,104.30000305175781,80.79563903808594
2015-07-02,104.66999816894531,81.0822982788086
2015-07-06,105.41000366210938,81.65547943115234
2015-07-07,105.69000244140625,81.87239074707031
2015-07-08,106.11000061035156,82.19779205322266
2015-07-09,105.37000274658203,81.62451934814453
2015-07-10,104.63999938964844,81.05899810791016
2015-07-13,104.36000061035156,80.84211730957031
2015-07-14,104.69000244140625,81.09778594970703
2015-07-15,105.08999633789062,81.4075927734375
2015-07-16,105.05000305175781,81.37664031982422
2015-07-17,105.05999755859375,81.3843765258789
2015-07-20,104.8499984741211,81.22171783447266
2015-07-21,105.13999938964844,81.44637298583984
2015-07-22,105.2699966430664,81.54708099365234
2015-07-23,105.69999694824219,81.88011932373047
2015-07-24,105.80000305175781,81.95761108398438
2015-07-27,106.1500015258789,82.22872924804688
2015-07-28,105.8499984741211,81.99636840820312
2015-07-29,105.69999694824219,81.88011932373047
2015-07-30,105.81999969482422,81.97311401367188
2015-07-31,106.44000244140625,82.45340728759766
2015-08-03,106.5999984741211,82.70475769042969
2015-08-04,106.05000305175781,82.27801513671875
2015-08-05,105.63999938964844,81.95993041992188
2015-08-06,106.01000213623047,82.24703216552734
2015-08-07,106.43000030517578,82.57286834716797
2015-08-10,105.98999786376953,82.23149108886719
2015-08-11,106.69000244140625,82.77461242675781
2015-08-12,106.6500015258789,82.74356842041016
2015-08-13,106.37000274658203,82.52632904052734
2015-08-14,106.26000213623047,82.44102478027344
2015-08-17,106.44999694824219,82.58837127685547
2015-08-18,106.27999877929688,82.45653533935547
2015-08-19,106.93000030517578,82.96078491210938
2015-08-20,107.22000122070312,83.185791015625
2015-08-21,107.6500015258789,83.51939392089844
2015-08-24,107.83000183105469,83.65901947021484
2015-08-25,107.23999786376953,83.2013168334961
2015-08-26,106.58000183105469,82.68924713134766
2015-08-27,106.5199966430664,82.6427001953125
2015-08-28,106.54000091552734,82.658203125
2015-08-31,106.36000061035156,82.51858520507812
2015-09-01,106.66999816894531,82.88922882080078
2015-09-02,106.37999725341797,82.66389465332031
2015-09-03,106.63999938964844,82.8659439086914
2015-09-04,106.97000122070312,83.122314453125
2015-09-08,106.5,82.75714111328125
2015-09-09,106.54000091552734,82.78819274902344
2015-09-10,106.30000305175781,82.60173034667969
2015-09-11,106.58000183105469,82.81929016113281
2015-09-14,106.68000030517578,82.89702606201172
2015-09-15,105.83999633789062,82.24424743652344
2015-09-16,105.80999755859375,82.22095489501953
2015-09-17,106.69000244140625,82.90478515625
2015-09-18,107.19000244140625,83.2933120727539
2015-09-21,106.58000183105469,82.81929016113281
2015-09-22,107.11000061035156,83.23115539550781
2015-09-23,106.98999786376953,83.13790130615234
2015-09-24,107.1500015258789,83.26219940185547
2015-09-25,106.87000274658203,83.0446548461914
2015-09-28,107.4800033569336,83.5186767578125
2015-09-29,107.8499984741211,83.80618286132812
2015-09-30,107.87000274658203,83.82170104980469
2015-10-01,107.79000091552734,83.88710021972656
2015-10-02,108.30999755859375,84.29176330566406
2015-10-05,107.70999908447266,83.82481384277344
2015-10-06,107.93000030517578,83.99603271484375
2015-10-07,107.66000366210938,83.785888671875
2015-10-08,107.37999725341797,83.56800842285156
2015-10-09,107.44000244140625,83.61466979980469
2015-10-12,107.80000305175781,83.8948745727539
2015-10-13,107.9000015258789,83.9726791381836
2015-10-14,108.48999786376953,84.43181610107422
2015-10-15,108.12000274658203,84.14385223388672
2015-10-16,108.02999877929688,84.07384490966797
2015-10-19,107.9800033569336,84.03496551513672
2015-10-20,107.61000061035156,83.74702453613281
2015-10-21,107.9800033569336,84.03496551513672
2015-10-22,108.08999633789062,84.12054443359375
2015-10-23,107.4800033569336,83.64583587646484
2015-10-26,107.76000213623047,83.86372375488281
2015-10-27,108.02999877929688,84.07384490966797
2015-10-28,107.47000122070312,83.63799285888672
2015-10-29,106.80999755859375,83.12440490722656
2015-10-30,107.0199966430664,83.2878646850586
2015-11-02,106.55000305175781,83.04857635498047
2015-11-03,106.2699966430664,82.8302993774414
2015-11-04,106.16000366210938,82.74455261230469
2015-11-05,106.08999633789062,82.68995666503906
2015-11-06,105.37000274658203,82.12881469726562
2015-11-09,105.19000244140625,81.98853302001953
2015-11-10,105.38999938964844,82.14444732666016
2015-11-11,105.33999633789062,82.10539245605469
2015-11-12,105.4000015258789,82.15220642089844
2015-11-13,105.80000305175781,82.46397399902344
2015-11-16,105.94000244140625,82.57308197021484
2015-11-17,105.91000366210938,82.54972076416016
2015-11-18,105.86000061035156,82.51073455810547
2015-11-19,106.08999633789062,82.68995666503906
2015-11-20,105.94999694824219,82.58087921142578
2015-11-23,106.08999633789062,82.68995666503906
2015-11-24,106.19000244140625,82.76793670654297
2015-11-25,106.25,82.814697265625
2015-11-27,106.36000061035156,82.90044403076172
2015-11-30,106.4000015258789,82.9316635131836
2015-12-01,106.80000305175781,83.37265014648438
2015-12-02,106.5,83.13851165771484
2015-12-03,105.37999725341797,82.26416015625
2015-12-04,105.7699966430664,82.56864929199219
2015-12-07,106.11000061035156,82.83404541015625
2015-12-08,106.16999816894531,82.88088989257812
2015-12-09,106.33000183105469,83.00578308105469
2015-12-10,106.0999984741211,82.82624816894531
2015-12-11,106.94999694824219,83.48979187011719
2015-12-14,106.16000366210938,82.8730697631836
2015-12-15,105.88999938964844,82.66227722167969
2015-12-16,105.61000061035156,82.44373321533203
2015-12-17,106.05000305175781,82.78715515136719
2015-12-18,106.43000030517578,83.08386993408203
2015-12-21,106.4800033569336,83.12290954589844
2015-12-22,106.18000030517578,82.88867950439453
2015-12-23,105.94000244140625,82.70133209228516
2015-12-24,105.97000122070312,82.85303497314453
2015-12-28,105.98999786376953,82.8686752319336
2015-12-29,105.43000030517578,82.43081665039062
2015-12-30,105.47000122070312,82.46205139160156
2015-12-31,105.58999633789062,82.55591583251953
2016-01-04,106.04000091552734,82.90774536132812
2016-01-05,106.01000213623047,82.88429260253906
2016-01-06,106.6500015258789,83.38468170166016
2016-01-07,106.87999725341797,83.56449890136719
2016-01-08,107.1500015258789,83.77568817138672
2016-01-11,106.80999755859375,83.50978088378906
2016-01-12,107.29000091552734,83.88506317138672
2016-01-13,107.70999908447266,84.21345520019531
2016-01-14,107.48999786376953,84.04139709472656
2016-01-15,107.98999786376953,84.43231201171875
2016-01-19,107.8499984741211,84.32288360595703
2016-01-20,108.37999725341797,84.73729705810547
2016-01-21,108.11000061035156,84.52618408203125
2016-01-22,107.87000274658203,84.33854675292969
2016-01-25,108.2300033569336,84.62000274658203
2016-01-26,108.30999755859375,84.68252563476562
2016-01-27,108.38999938964844,84.7451400756836
2016-01-28,108.52999877929688,84.85456848144531
2016-01-29,109.11000061035156,85.3080062866211
2016-02-01,108.69999694824219,85.11151123046875
2016-02-02,109.47000122070312,85.71440887451172
2016-02-03,109.3499984741211,85.62045288085938
2016-02-04,109.61000061035156,85.8239974975586
2016-02-05,109.75,85.93366241455078
2016-02-08,110.56999969482422,86.57572174072266
2016-02-09,110.58999633789062,86.59131622314453
2016-02-10,110.91999816894531,86.84974670410156
2016-02-11,111.43000030517578,87.24910736083984
2016-02-12,110.58000183105469,86.58353424072266
2016-02-16,110.25,86.32518768310547
2016-02-17,109.9800033569336,86.11376190185547
2016-02-18,110.48999786376953,86.51304626464844
2016-02-19,110.48999786376953,86.51304626464844
2016-02-22,110.37999725341797,86.42691040039062
2016-02-23,110.5999984741211,86.59919738769531
2016-02-24,110.5999984741211,86.59919738769531
2016-02-25,110.93000030517578,86.85761260986328
2016-02-26,110.38999938964844,86.43479919433594
2016-02-29,110.56999969482422,86.57572174072266
2016-03-01,109.55000305175781,85.89904022216797
2016-03-02,109.36000061035156,85.75003051757812
2016-03-03,109.48999786376953,85.85196685791016
2016-03-04,109.12000274658203,85.56185913085938
2016-03-07,108.9000015258789,85.38934326171875
2016-03-08,109.52999877929688,85.88329315185547
2016-03-09,109.0999984741211,85.54615020751953
2016-03-10,108.70999908447266,85.24034881591797
2016-03-11,108.4000015258789,84.99729919433594
2016-03-14,108.4800033569336,85.06002807617188
2016-03-15,108.45999908447266,85.0443344116211
2016-03-16,109.02999877929688,85.49129486083984
2016-03-17,109.1500015258789,85.58537292480469
2016-03-18,109.33999633789062,85.73435974121094
2016-03-21,109.02999877929688,85.49129486083984
2016-03-22,108.80000305175781,85.31097412109375
2016-03-23,109.30000305175781,85.7030029296875
2016-03-24,109.19000244140625,85.61677551269531
2016-03-28,109.3499984741211,85.7422103881836
2016-03-29,110.08999633789062,86.32242584228516
2016-03-30,109.94000244140625,86.20482635498047
2016-03-31,110.33999633789062,86.51848602294922
2016-04-01,110.13999938964844,86.49334716796875
2016-04-04,110.2699966430664,86.59539794921875
2016-04-05,110.70999908447266,86.94093322753906
2016-04-06,110.47000122070312,86.75248718261719
2016-04-07,111.04000091552734,87.20008087158203
2016-04-08,110.87000274658203,87.06663513183594
2016-04-11,110.8499984741211,87.0509262084961
2016-04-12,110.41000366210938,86.70536041259766
2016-04-13,110.48999786376953,86.7681655883789
2016-04-14,110.2300033569336,86.56401824951172
2016-04-15,110.55999755859375,86.82315063476562
2016-04-18,110.44999694824219,86.73680114746094
2016-04-19,110.2699966430664,86.59539794921875
2016-04-20,109.70999908447266,86.1556625366211
2016-04-21,109.52999877929688,86.01431274414062
2016-04-22,109.41000366210938,85.92005920410156
2016-04-25,109.29000091552734,85.82584381103516
2016-04-26,109.05999755859375,85.64520263671875
2016-04-27,109.66000366210938,86.11636352539062
2016-04-28,110.04000091552734,86.41483306884766
2016-04-29,110.0,86.38335418701172
2016-05-02,109.5199966430664,86.13248443603516
2016-05-03,110.16999816894531,86.64370727539062
2016-05-04,110.37000274658203,86.8010025024414
2016-05-05,110.66999816894531,87.03694915771484
2016-05-06,110.41000366210938,86.83247375488281
2016-05-09,110.62000274658203,86.99760437011719
2016-05-10,110.5999984741211,86.98185729980469
2016-05-11,110.7699966430664,87.11558532714844
2016-05-12,110.47000122070312,86.87964630126953
2016-05-13,110.88999938964844,87.20996856689453
2016-05-16,110.48999786376953,86.89539337158203
2016-05-17,110.33999633789062,86.77741241455078
2016-05-18,109.44999694824219,86.07744598388672
2016-05-19,109.55999755859375,86.16397857666016
2016-05-20,109.62999725341797,86.21903228759766
2016-05-23,109.69999694824219,86.27408599853516
2016-05-24,109.5199966430664,86.13248443603516
2016-05-25,109.47000122070312,86.09319305419922
2016-05-26,109.80999755859375,86.360595703125
2016-05-27,109.5999984741211,86.1954116821289
2016-05-31,109.7300033569336,86.29759216308594
2016-06-01,109.52999877929688,86.26853942871094
2016-06-02,109.87000274658203,86.53631591796875
2016-06-03,110.88999938964844,87.33967590332031
2016-06-06,110.5999984741211,87.11129760742188
2016-06-07,110.76000213623047,87.23731994628906
2016-06-08,110.88999938964844,87.33967590332031
2016-06-09,111.05999755859375,87.47356414794922
2016-06-10,111.44999694824219,87.78076171875
2016-06-13,111.66999816894531,87.95407104492188
2016-06-14,111.63999938964844,87.930419921875
2016-06-15,111.9800033569336,88.19819641113281
2016-06-16,112.0999984741211,88.29269409179688
2016-06-17,111.72000122070312,87.99342346191406
2016-06-20,111.23999786376953,87.6153335571289
2016-06-21,110.98999786376953,87.41846466064453
2016-06-22,111.20999908447266,87.59172058105469
2016-06-23,110.68000030517578,87.17433166503906
2016-06-24,112.20999908447266,88.37935638427734
2016-06-27,113.18000030517578,89.14334106445312
2016-06-28,113.16000366210938,89.12759399414062
2016-06-29,112.69999694824219,88.76531219482422
2016-06-30,112.94999694824219,88.96219635009766
2016-07-01,113.08999633789062,89.19727325439453
2016-07-05,113.70999908447266,89.68623352050781
2016-07-06,113.7300033569336,89.70201110839844
2016-07-07,113.58000183105469,89.58370208740234
2016-07-08,113.80000305175781,89.75723266601562
2016-07-11,113.19999694824219,89.28398895263672
2016-07-12,112.52999877929688,88.75559997558594
2016-07-13,112.81999969482422,88.98428344726562
2016-07-14,112.3499984741211,88.61361694335938
2016-07-15,111.91999816894531,88.27442169189453
2016-07-18,111.88999938964844,88.2507553100586
2016-07-19,112.19000244140625,88.48735809326172
2016-07-20,111.95999908447266,88.30598449707031
2016-07-21,112.20999908447266,88.50318145751953
2016-07-22,112.12000274658203,88.43221282958984
2016-07-25,112.02999877929688,88.3612060546875
2016-07-26,112.0999984741211,88.4163818359375
2016-07-27,112.58000183105469,88.79501342773438
2016-07-28,112.63999938964844,88.84233856201172
2016-07-29,113.06999969482422,89.18141174316406
2016-08-01,112.5199966430664,88.87185668945312
2016-08-02,112.25,88.65859985351562
2016-08-03,112.30999755859375,88.70597076416016
2016-08-04,112.58000183105469,88.91925048828125
2016-08-05,111.87999725341797,88.36634063720703
2016-08-08,111.81999969482422,88.31897735595703
2016-08-09,112.22000122070312,88.63493347167969
2016-08-10,112.5199966430664,88.87185668945312
2016-08-11,111.9800033569336,88.44532775878906
2016-08-12,112.37999725341797,88.76126098632812
2016-08-15,112.05000305175781,88.50065612792969
2016-08-16,111.86000061035156,88.35057067871094
2016-08-17,112.04000091552734,88.49271392822266
2016-08-18,112.23999786376953,88.65068054199219
2016-08-19,111.86000061035156,88.35057067871094
2016-08-22,112.11000061035156,88.54802703857422
2016-08-23,112.0999984741211,88.54013061523438
2016-08-24,112.05999755859375,88.50851440429688
2016-08-25,111.87999725341797,88.36634063720703
2016-08-26,111.44999694824219,88.02672576904297
2016-08-29,111.91000366210938,88.39004516601562
2016-08-30,111.9000015258789,88.38217163085938
2016-08-31,111.7699966430664,88.27947998046875
2016-09-01,111.79000091552734,88.41790771484375
2016-09-02,111.5,88.18853759765625
2016-09-06,112.0199966430664,88.59980010986328
2016-09-07,112.08000183105469,88.64732360839844
2016-09-08,111.52999877929688,88.21224975585938
2016-09-09,111.0,87.7930908203125
2016-09-12,111.0999984741211,87.87215423583984
2016-09-13,110.69000244140625,87.54785919189453
2016-09-14,110.94000244140625,87.74560546875
2016-09-15,110.97000122070312,87.76931762695312
2016-09-16,111.08999633789062,87.8642349243164
2016-09-19,110.9000015258789,87.71400451660156
2016-09-20,111.06999969482422,87.84841918945312
2016-09-21,111.25,87.9908218383789
2016-09-22,111.58000183105469,88.2518081665039
2016-09-23,111.62999725341797,88.29131317138672
2016-09-26,111.94999694824219,88.54443359375
2016-09-27,112.13999938964844,88.69473266601562
2016-09-28,112.08999633789062,88.6551742553711
2016-09-29,112.16000366210938,88.7105484008789
2016-09-30,111.87999725341797,88.4890365600586
2016-10-03,111.47000122070312,88.28317260742188
2016-10-04,110.95999908447266,87.8792495727539
2016-10-05,110.70999908447266,87.68125915527344
2016-10-06,110.4800033569336,87.49903869628906
2016-10-07,110.63999938964844,87.62580108642578
2016-10-10,110.3499984741211,87.39613342285156
2016-10-11,110.31999969482422,87.37237548828125
2016-10-12,110.31999969482422,87.37237548828125
2016-10-13,110.55000305175781,87.55452728271484
2016-10-14,110.20999908447266,87.28530883789062
2016-10-17,110.44999694824219,87.475341796875
2016-10-18,110.66999816894531,87.64958190917969
2016-10-19,110.72000122070312,87.68916320800781
2016-10-20,110.62000274658203,87.60995483398438
2016-10-21,110.73999786376953,87.70499420166016
2016-10-24,110.58999633789062,87.58621215820312
2016-10-25,110.56999969482422,87.57034301757812
2016-10-26,110.33000183105469,87.38029479980469
2016-10-27,109.94999694824219,87.07933044433594
2016-10-28,109.97000122070312,87.09517669677734
2016-10-31,110.05999755859375,87.16647338867188
2016-11-01,109.91000366210938,87.16963958740234
2016-11-02,110.23999786376953,87.43133544921875
2016-11-03,110.16999816894531,87.37580108642578
2016-11-04,110.51000213623047,87.64546203613281
2016-11-07,110.05000305175781,87.2806396484375
2016-11-08,109.66000366210938,86.97138214111328
2016-11-09,107.98999786376953,85.64688110351562
2016-11-10,107.33999633789062,85.13135528564453
2016-11-11,107.12000274658203,84.95684814453125
2016-11-14,106.5,84.4651870727539
2016-11-15,106.5,84.4651870727539
2016-11-16,106.5999984741211,84.54447937011719
2016-11-17,106.12999725341797,84.17169189453125
2016-11-18,105.66000366210938,83.7989501953125
2016-11-21,105.75,83.87032318115234
2016-11-22,105.8499984741211,83.94966888427734
2016-11-23,105.47000122070312,83.64825439453125
2016-11-25,105.37999725341797,83.5768814086914
2016-11-28,105.86000061035156,83.95755004882812
2016-11-29,105.97000122070312,84.04484558105469
2016-11-30,105.26000213623047,83.48172760009766
2016-12-01,104.70999908447266,83.16317749023438
2016-12-02,105.18000030517578,83.53654479980469
2016-12-05,105.13999938964844,83.50474548339844
2016-12-06,105.18000030517578,83.53654479980469
2016-12-07,105.52999877929688,83.81446838378906
2016-12-08,105.12999725341797,83.496826171875
2016-12-09,104.58999633789062,83.06793975830078
2016-12-12,104.61000061035156,83.08382415771484
2016-12-13,104.66999816894531,83.1314468383789
2016-12-14,103.80000305175781,82.4405288696289
2016-12-15,103.51000213623047,82.21018981933594
2016-12-16,103.63999938964844,82.3133773803711
2016-12-19,104.12000274658203,82.69465637207031
2016-12-20,103.9000015258789,82.51991271972656
2016-12-21,104.06999969482422,82.6549072265625
2016-12-22,103.86000061035156,82.619140625
2016-12-23,103.95999908447266,82.69869995117188
2016-12-27,103.80999755859375,82.57939147949219
2016-12-28,104.19000244140625,82.88162231445312
2016-12-29,104.51000213623047,83.13618469238281
2016-12-30,104.81999969482422,83.38278198242188
2017-01-03,104.7699966430664,83.343017578125
2017-01-04,104.88999938964844,83.4384765625
2017-01-05,105.56999969482422,83.97943878173828
2017-01-06,105.08999633789062,83.59756469726562
2017-01-09,105.48999786376953,83.915771484375
2017-01-10,105.44000244140625,83.87596893310547
2017-01-11,105.55999755859375,83.97148132324219
2017-01-12,105.62000274658203,84.0191879272461
2017-01-13,105.38999938964844,83.83623504638672
2017-01-17,105.91999816894531,84.25786590576172
2017-01-18,105.16999816894531,83.66121673583984
2017-01-19,104.7699966430664,83.343017578125
2017-01-20,104.81999969482422,83.38278198242188
2017-01-23,105.37000274658203,83.82029724121094
2017-01-24,104.97000122070312,83.5020980834961
2017-01-25,104.44999694824219,83.08846282958984
2017-01-26,104.58999633789062,83.1998062133789
2017-01-27,104.72000122070312,83.30323791503906
2017-01-30,104.69000244140625,83.2793960571289
2017-01-31,105.05000305175781,83.56578063964844
2017-02-01,104.69000244140625,83.40559387207031
2017-02-02,104.7300033569336,83.4375
2017-02-03,104.80999755859375,83.50121307373047
2017-02-06,105.30999755859375,83.89956665039062
2017-02-07,105.5,84.05091094970703
2017-02-08,105.93000030517578,84.39348602294922
2017-02-09,105.30000305175781,83.89157104492188
2017-02-10,105.2300033569336,83.83583068847656
2017-02-13,105.06999969482422,83.70834350585938
2017-02-14,104.69000244140625,83.40559387207031
2017-02-15,104.48999786376953,83.24630737304688
2017-02-16,104.91000366210938,83.58087921142578
2017-02-17,105.19000244140625,83.80393981933594
2017-02-21,105.13999938964844,83.76417541503906
2017-02-22,105.30999755859375,83.89956665039062
2017-02-23,105.58999633789062,84.1226577758789
2017-02-24,106.08000183105469,84.51300048828125
2017-02-27,105.69999694824219,84.21027374267578
2017-02-28,105.6500015258789,84.17045593261719
2017-03-01,104.7699966430664,83.58405303955078
2017-03-02,104.47000122070312,83.34471893310547
2017-03-03,104.56999969482422,83.4244613647461
2017-03-06,104.55000305175781,83.40855407714844
2017-03-07,104.4000015258789,83.28890228271484
2017-03-08,104.05000305175781,83.00963592529297
2017-03-09,103.76000213623047,82.77828216552734
2017-03-10,103.9800033569336,82.95382690429688
2017-03-13,103.72000122070312,82.74636840820312
2017-03-14,103.83000183105469,82.83412170410156
2017-03-15,104.73999786376953,83.56014251708984
2017-03-16,104.44999694824219,83.32878112792969
2017-03-17,104.7300033569336,83.55213928222656
2017-03-20,104.9800033569336,83.75159454345703
2017-03-21,105.33000183105469,84.03080749511719
2017-03-22,105.52999877929688,84.19036865234375
2017-03-23,105.41999816894531,84.1026840209961
2017-03-24,105.4800033569336,84.15050506591797
2017-03-27,105.73999786376953,84.35792541503906
2017-03-28,105.37999725341797,84.07070922851562
2017-03-29,105.68000030517578,84.31006622314453
2017-03-30,105.37999725341797,84.07070922851562
2017-03-31,105.58999633789062,84.2383041381836
2017-04-03,105.94999694824219,84.65293884277344
2017-04-04,105.80000305175781,84.53311920166016
2017-04-05,106.0,84.69285583496094
2017-04-06,105.93000030517578,84.63697052001953
2017-04-07,105.61000061035156,84.38125610351562
2017-04-10,105.80000305175781,84.53311920166016
2017-04-11,106.29000091552734,84.92460632324219
2017-04-12,106.62000274658203,85.18821716308594
2017-04-13,106.94000244140625,85.44392395019531
2017-04-17,106.7699966430664,85.3080825805664
2017-04-18,107.37999725341797,85.79544830322266
2017-04-19,107.0999984741211,85.5717544555664
2017-04-20,106.86000061035156,85.37999725341797
2017-04-21,106.91000366210938,85.41996002197266
2017-04-24,106.69000244140625,85.24420928955078
2017-04-25,106.13999938964844,84.80476379394531
2017-04-26,106.41999816894531,85.02848052978516
2017-04-27,106.48999786376953,85.08436584472656
2017-04-28,106.5999984741211,85.17230224609375
2017-05-01,106.20999908447266,84.98823547363281
2017-05-02,106.43000030517578,85.16424560546875
2017-05-03,106.20999908447266,84.98823547363281
2017-05-04,105.97000122070312,84.79619598388672
2017-05-05,105.98999786376953,84.81217193603516
2017-05-08,105.7300033569336,84.60413360595703
2017-05-09,105.61000061035156,84.50813293457031
2017-05-10,105.56999969482422,84.47610473632812
2017-05-11,105.6500015258789,84.54012298583984
2017-05-12,106.19000244140625,84.97223663330078
2017-05-15,106.12000274658203,84.91624450683594
2017-05-16,106.26000213623047,85.0282211303711
2017-05-17,107.11000061035156,85.70841979980469
2017-05-18,107.08000183105469,85.6844482421875
2017-05-19,107.05000305175781,85.66038513183594
2017-05-22,106.93000030517578,85.5643539428711
2017-05-23,106.6500015258789,85.34033966064453
2017-05-24,106.87000274658203,85.5163803100586
2017-05-25,106.93000030517578,85.5643539428711
2017-05-26,107.0,85.620361328125
2017-05-30,107.2699966430664,85.83641815185547
2017-05-31,107.31999969482422,85.87647247314453
2017-06-01,107.0999984741211,85.8315658569336
2017-06-02,107.56999969482422,86.2082290649414
2017-06-05,107.38999938964844,86.06398010253906
2017-06-06,107.7300033569336,86.33650970458984
2017-06-07,107.52999877929688,86.17615509033203
2017-06-08,107.36000061035156,86.03994750976562
2017-06-09,107.26000213623047,85.95978546142578
2017-06-12,107.23999786376953,85.9437484741211
2017-06-13,107.27999877929688,85.9758071899414
2017-06-14,107.83999633789062,86.4245834350586
2017-06-15,107.6500015258789,86.27235412597656
2017-06-16,107.70999908447266,86.32042694091797
2017-06-19,107.41000366210938,86.08001708984375
2017-06-20,107.68000030517578,86.29644012451172
2017-06-21,107.66999816894531,86.2883529663086
2017-06-22,107.7699966430664,86.36849212646484
2017-06-23,107.80000305175781,86.39254760742188
2017-06-26,107.88999938964844,86.4646987915039
2017-06-27,107.36000061035156,86.03994750976562
2017-06-28,107.26000213623047,85.95978546142578
2017-06-29,106.86000061035156,85.63921356201172
2017-06-30,106.61000061035156,85.43891143798828
2017-07-03,106.05999755859375,85.12503051757812
2017-07-05,106.13999938964844,85.18930053710938
2017-07-06,105.94000244140625,85.02874755859375
2017-07-07,105.7699966430664,84.89230346679688
2017-07-10,105.91000366210938,85.00467681884766
2017-07-11,106.05000305175781,85.11702728271484
2017-07-12,106.36000061035156,85.3658218383789
2017-07-13,106.25,85.27754974365234
2017-07-14,106.4000015258789,85.39794921875
2017-07-17,106.52999877929688,85.50228118896484
2017-07-18,106.91999816894531,85.8152847290039
2017-07-19,106.91999816894531,85.8152847290039
2017-07-20,106.94999694824219,85.83936309814453
2017-07-21,107.13999938964844,85.99187469482422
2017-07-24,107.06999969482422,85.93565368652344
2017-07-25,106.47000122070312,85.4541244506836
2017-07-26,106.80999755859375,85.72698974609375
2017-07-27,106.63999938964844,85.59054565429688
2017-07-28,106.81999969482422,85.73503112792969
2017-07-31,106.8499984741211,85.75910949707031
2017-08-01,106.94999694824219,85.97211456298828
2017-08-02,106.8499984741211,85.89175415039062
2017-08-03,107.22000122070312,86.18920135498047
2017-08-04,106.93000030517578,85.95600891113281
2017-08-07,106.98999786376953,86.00428009033203
2017-08-08,106.9000015258789,85.93196105957031
2017-08-09,107.02999877929688,86.03646850585938
2017-08-10,107.43000030517578,86.35797882080078
2017-08-11,107.55000305175781,86.45442962646484
2017-08-14,107.29000091552734,86.2454833984375
2017-08-15,106.97000122070312,85.98820495605469
2017-08-16,107.16999816894531,86.14899444580078
2017-08-17,107.55000305175781,86.45442962646484
2017-08-18,107.56999969482422,86.47052764892578
2017-08-21,107.63999938964844,86.52679443359375
2017-08-22,107.43000030517578,86.35797882080078
2017-08-23,107.80000305175781,86.6554183959961
2017-08-24,107.62999725341797,86.51875305175781
2017-08-25,107.80999755859375,86.6634750366211
2017-08-28,107.91000366210938,86.74385070800781
2017-08-29,108.16000366210938,86.94481658935547
2017-08-30,108.06999969482422,86.87246704101562
2017-08-31,108.23999786376953,87.00912475585938
2017-09-01,107.76000213623047,86.75310516357422
2017-09-05,108.51000213623047,87.35687255859375
2017-09-06,108.25,87.14759826660156
2017-09-07,108.72000122070312,87.52596282958984
2017-09-08,108.63999938964844,87.46156311035156
2017-09-11,108.0199966430664,86.96246337890625
2017-09-12,107.76000213623047,86.75310516357422
2017-09-13,107.54000091552734,86.57598876953125
2017-09-14,107.55999755859375,86.59210205078125
2017-09-15,107.69000244140625,86.69673919677734
2017-09-18,107.2699966430664,86.35860443115234
2017-09-19,107.1500015258789,86.26201629638672
2017-09-20,106.94000244140625,86.09294128417969
2017-09-21,106.80000305175781,85.98030090332031
2017-09-22,106.98999786376953,86.13321685791016
2017-09-25,107.30999755859375,86.39080810546875
2017-09-26,107.22000122070312,86.3183822631836
2017-09-27,106.66999816894531,85.8756103515625
2017-09-28,106.6500015258789,85.85948181152344
2017-09-29,106.5199966430664,85.75481414794922
2017-10-02,106.23999786376953,85.6572494506836
2017-10-03,106.38999938964844,85.77821350097656
2017-10-04,106.36000061035156,85.75404357910156
2017-10-05,106.25,85.66531372070312
2017-10-06,106.12000274658203,85.560546875
2017-10-09,106.23999786376953,85.6572494506836
2017-10-10,106.27999877929688,85.6895523071289
2017-10-11,106.4000015258789,85.78624725341797
2017-10-12,106.5,85.86688995361328
2017-10-13,106.86000061035156,86.1571273803711
2017-10-16,106.68000030517578,86.01205444335938
2017-10-17,106.63999938964844,85.97976684570312
2017-10-18,106.37000274658203,85.7620849609375
2017-10-19,106.4800033569336,85.8508071899414
2017-10-20,106.04000091552734,85.49598693847656
2017-10-23,106.13999938964844,85.57662963867188
2017-10-24,105.81999969482422,85.31863403320312
2017-10-25,105.6500015258789,85.18157958984375
2017-10-26,105.51000213623047,85.06867218017578
2017-10-27,105.8499984741211,85.34280395507812
2017-10-30,106.2300033569336,85.64921569824219
2017-10-31,106.16000366210938,85.59276580810547
2017-11-01,106.05999755859375,85.64442443847656
2017-11-02,106.19999694824219,85.75748443603516
2017-11-03,106.37000274658203,85.8947982788086
2017-11-06,106.5,85.999755859375
2017-11-07,106.54000091552734,86.03208923339844
2017-11-08,106.41000366210938,85.92708587646484
2017-11-09,106.37000274658203,85.8947982788086
2017-11-10,105.83000183105469,85.45872497558594
2017-11-13,105.77999877929688,85.41838836669922
2017-11-14,105.93000030517578,85.53947448730469
2017-11-15,106.30999755859375,85.84628295898438
2017-11-16,106.04000091552734,85.62830352783203
2017-11-17,106.18000030517578,85.74136352539062
2017-11-20,106.01000213623047,85.60409545898438
2017-11-21,106.02999877929688,85.62023162841797
2017-11-22,106.37000274658203,85.8947982788086
2017-11-24,106.27999877929688,85.82211303710938
2017-11-27,106.3499984741211,85.87864685058594
2017-11-28,106.37000274658203,85.8947982788086
2017-11-29,106.02999877929688,85.62023162841797
2017-11-30,105.69999694824219,85.3537368774414
2017-12-01,105.93000030517578,85.66914367675781
2017-12-04,105.87999725341797,85.62874603271484
2017-12-05,105.95999908447266,85.69341278076172
2017-12-06,106.18000030517578,85.87138366699219
2017-12-07,105.98999786376953,85.71769714355469
2017-12-08,105.91000366210938,85.65299987792969
2017-12-11,105.83999633789062,85.5963363647461
2017-12-12,105.75,85.52359771728516
2017-12-13,106.18000030517578,85.87138366699219
2017-12-14,106.13999938964844,85.83895874023438
2017-12-15,106.12000274658203,85.82284545898438
2017-12-18,105.87999725341797,85.62874603271484
2017-12-19,105.4000015258789,85.24051666259766
2017-12-20,105.08999633789062,84.98982238769531
2017-12-21,105.0,85.04975128173828
2017-12-22,105.04000091552734,85.08218383789062
2017-12-26,105.08000183105469,85.11456298828125
2017-12-27,105.52999877929688,85.47904968261719
2017-12-28,105.4000015258789,85.37372589111328
2017-12-29,105.56999969482422,85.51142120361328
2018-01-02,105.22000122070312,85.22796630859375
2018-01-03,105.33000183105469,85.31706237792969
2018-01-04,105.27999877929688,85.2765884399414
2018-01-05,105.1500015258789,85.17125701904297
2018-01-08,105.0999984741211,85.13078308105469
2018-01-09,104.5999984741211,84.7257308959961
2018-01-10,104.56999969482422,84.70145416259766
2018-01-11,104.63999938964844,84.7581558227539
2018-01-12,104.56999969482422,84.70145416259766
2018-01-16,104.62000274658203,84.74195861816406
2018-01-17,104.38999938964844,84.5556640625
2018-01-18,104.05999755859375,84.28832244873047
2018-01-19,103.79000091552734,84.06962585449219
2018-01-22,103.75,84.03728485107422
2018-01-23,104.05000305175781,84.2802505493164
2018-01-24,103.8499984741211,84.11824035644531
2018-01-25,104.08000183105469,84.30453491210938
2018-01-26,103.7699966430664,84.05347442626953
2018-01-29,103.51000213623047,83.84285736083984
2018-01-30,103.2699966430664,83.64844512939453
2018-01-31,103.30000305175781,83.67276763916016
2018-02-01,102.5999984741211,83.24113464355469
2018-02-02,102.22000122070312,82.93280792236328
2018-02-05,103.05999755859375,83.61434173583984
2018-02-06,102.61000061035156,83.24922180175781
2018-02-07,102.30999755859375,83.0058364868164
2018-02-08,102.4000015258789,83.07892608642578
2018-02-09,102.22000122070312,82.93280792236328
2018-02-12,102.19000244140625,82.90848541259766
2018-02-13,102.36000061035156,83.04642486572266
2018-02-14,101.73999786376953,82.54338073730469
2018-02-15,101.7699966430664,82.5677490234375
2018-02-16,102.01000213623047,82.7624740600586
2018-02-20,101.9000015258789,82.67322540283203
2018-02-21,101.5999984741211,82.42984008789062
2018-02-22,101.73999786376953,82.54338073730469
2018-02-23,102.12999725341797,82.85983276367188
2018-02-26,102.25,82.95719146728516
2018-02-27,101.93000030517578,82.69754028320312
2018-02-28,102.16999816894531,82.89225769042969
2018-03-01,102.44999694824219,83.24897003173828
2018-03-02,102.06999969482422,82.94022369384766
2018-03-05,101.94000244140625,82.83460998535156
2018-03-06,101.93000030517578,82.82643127441406
2018-03-07,101.93000030517578,82.82643127441406
2018-03-08,102.13999938964844,82.99705505371094
2018-03-09,101.91999816894531,82.81831359863281
2018-03-12,102.16000366210938,83.01335906982422
2018-03-13,102.33000183105469,83.1514663696289
2018-03-14,102.52999877929688,83.31400299072266
2018-03-15,102.48999786376953,83.2814712524414
2018-03-16,102.37000274658203,83.18397521972656
2018-03-19,102.2699966430664,83.10271453857422
2018-03-20,102.06999969482422,82.94022369384766
2018-03-21,102.13999938964844,82.99705505371094
2018-03-22,102.55999755859375,83.3384017944336
2018-03-23,102.69999694824219,83.45206451416016
2018-03-26,102.41999816894531,83.22462463378906
2018-03-27,103.0,83.69593048095703
2018-03-28,102.9800033569336,83.6796646118164
2018-03-29,103.19000244140625,83.85025024414062
2018-04-02,103.12000274658203,83.93575286865234
2018-04-03,102.79000091552734,83.66712951660156
2018-04-04,102.7300033569336,83.61833190917969
2018-04-05,102.47000122070312,83.4067153930664
2018-04-06,102.91999816894531,83.77299499511719
2018-04-09,102.94000244140625,83.78929138183594
2018-04-10,102.76000213623047,83.64273071289062
2018-04-11,102.86000061035156,83.7241439819336
2018-04-12,102.48999786376953,83.42295837402344
2018-04-13,102.58000183105469,83.49623107910156
2018-04-16,102.52999877929688,83.45550537109375
2018-04-17,102.58999633789062,83.5043716430664
2018-04-18,102.19000244140625,83.17879486083984
2018-04-19,101.91000366210938,82.95087432861328
2018-04-20,101.56999969482422,82.67410278320312
2018-04-23,101.47000122070312,82.59273529052734
2018-04-24,101.3499984741211,82.49506378173828
2018-04-25,101.12999725341797,82.31597900390625
2018-04-26,101.41999816894531,82.55203247070312
2018-04-27,101.58999633789062,82.69041442871094
2018-04-30,101.69999694824219,82.77993774414062
2018-05-01,101.3499984741211,82.65025329589844
2018-05-02,101.37000274658203,82.66658020019531
2018-05-03,101.62999725341797,82.87864685058594
2018-05-04,101.63999938964844,82.8867416381836
2018-05-07,101.58999633789062,82.84599304199219
2018-05-08,101.41999816894531,82.70735931396484
2018-05-09,101.19000244140625,82.5197982788086
2018-05-10,101.4000015258789,82.6910400390625
2018-05-11,101.41000366210938,82.69923400878906
2018-05-14,101.19000244140625,82.5197982788086
2018-05-15,100.62999725341797,82.0631332397461
2018-05-16,100.41999816894531,81.8918685913086
2018-05-17,100.36000061035156,81.84291076660156
2018-05-18,100.75,82.16098022460938
2018-05-21,100.81999969482422,82.21809387207031
2018-05-22,100.77999877929688,82.18547058105469
2018-05-23,101.23999786376953,82.56059265136719
2018-05-24,101.5,82.77259063720703
2018-05-25,101.9000015258789,83.09880828857422
2018-05-29,103.0,83.99584197998047
2018-05-30,102.55999755859375,83.63702392578125
2018-05-31,102.51000213623047,83.59625244140625
2018-06-01,101.93000030517578,83.28738403320312
2018-06-04,101.56999969482422,82.99320983886719
2018-06-05,101.83000183105469,83.20569610595703
2018-06-06,101.41999816894531,82.87065124511719
2018-06-07,101.8499984741211,83.22200012207031
2018-06-08,101.70999908447266,83.10758972167969
2018-06-11,101.61000061035156,83.02590942382812
2018-06-12,101.55000305175781,82.97689819335938
2018-06-13,101.43000030517578,82.87879943847656
2018-06-14,101.75,83.14029693603516
2018-06-15,101.83000183105469,83.20569610595703
2018-06-18,101.87999725341797,83.24653625488281
2018-06-19,102.1500015258789,83.46713256835938
2018-06-20,101.81999969482422,83.197509765625
2018-06-21,102.08999633789062,83.41813659667969
2018-06-22,102.11000061035156,83.43445587158203
2018-06-25,102.25,83.54887390136719
2018-06-26,102.30000305175781,83.58976745605469
2018-06-27,102.69000244140625,83.90838623046875
2018-06-28,102.58999633789062,83.82667541503906
2018-06-29,102.51000213623047,83.76131439208984
2018-07-02,102.25,83.70402526855469
2018-07-03,102.51000213623047,83.91685485839844
2018-07-05,102.5199966430664,83.92504119873047
2018-07-06,102.61000061035156,83.99868774414062
2018-07-09,102.3499984741211,83.78584289550781
2018-07-10,102.2699966430664,83.7203598022461
2018-07-11,102.4800033569336,83.89228820800781
2018-07-12,102.44000244140625,83.85953521728516
2018-07-13,102.61000061035156,83.99868774414062
2018-07-16,102.44000244140625,83.85953521728516
2018-07-17,102.37999725341797,83.81040954589844
2018-07-18,102.30000305175781,83.74494934082031
2018-07-19,102.58000183105469,83.9741439819336
2018-07-20,102.22000122070312,83.67941284179688
2018-07-23,101.72000122070312,83.2701187133789
2018-07-24,101.79000091552734,83.32743072509766
2018-07-25,101.72000122070312,83.2701187133789
2018-07-26,101.61000061035156,83.18006896972656
2018-07-27,101.7699966430664,83.31106567382812
2018-07-30,101.63999938964844,83.2046127319336
2018-07-31,101.77999877929688,83.31922149658203
2018-08-01,101.33999633789062,83.12236785888672
2018-08-02,101.45999908447266,83.22077941894531
2018-08-03,101.72000122070312,83.43408203125
2018-08-06,101.7699966430664,83.47509765625
2018-08-07,101.55999755859375,83.30284118652344
2018-08-08,101.6500015258789,83.37669372558594
2018-08-09,101.93000030517578,83.60636138916016
2018-08-10,102.37000274658203,83.96723937988281
2018-08-13,102.33999633789062,83.942626953125
2018-08-14,102.23999786376953,83.86058807373047
2018-08-15,102.48999786376953,84.06563568115234
2018-08-16,102.45999908447266,84.04102325439453
2018-08-17,102.5,84.07386016845703
2018-08-20,102.81999969482422,84.33635711669922
2018-08-21,102.68000030517578,84.22152709960938
2018-08-22,102.87000274658203,84.37732696533203
2018-08-23,102.86000061035156,84.36914825439453
2018-08-24,102.88999938964844,84.39374542236328
2018-08-27,102.66000366210938,84.20510864257812
2018-08-28,102.43000030517578,84.01644134521484
2018-08-29,102.4000015258789,83.99185180664062
2018-08-30,102.58999633789062,84.14769744873047
2018-08-31,102.61000061035156,84.16404724121094
2018-09-04,102.16999816894531,83.97171783447266
2018-09-05,102.16000366210938,83.96359252929688
2018-09-06,102.37000274658203,84.13614654541016
2018-09-07,101.91000366210938,83.75811004638672
2018-09-10,101.97000122070312,83.80738830566406
2018-09-11,101.5999984741211,83.50331115722656
2018-09-12,101.72000122070312,83.6019287109375
2018-09-13,101.70999908447266,83.59369659423828
2018-09-14,101.5199966430664,83.4375228881836
2018-09-17,101.54000091552734,83.45399475097656
2018-09-18,101.12000274658203,83.10881042480469
2018-09-19,100.94999694824219,82.96907806396484
2018-09-20,100.95999908447266,82.97731018066406
2018-09-21,101.0,83.01016998291016
2018-09-24,100.88999938964844,82.91975402832031
2018-09-25,100.79000091552734,82.83757019042969
2018-09-26,101.12000274658203,83.10881042480469
2018-09-27,101.12000274658203,83.10881042480469
2018-09-28,101.16999816894531,83.14988708496094
2018-10-01,100.70999908447266,82.9390869140625
2018-10-02,100.97000122070312,83.15319061279297
2018-10-03,100.22000122070312,82.5355224609375
2018-10-04,99.95999908447266,82.3213882446289
2018-10-05,99.72000122070312,82.12374877929688
2018-10-08,99.76000213623047,82.15670013427734
2018-10-09,99.94999694824219,82.3131332397461
2018-10-10,100.0,82.35431671142578
2018-10-11,100.41000366210938,82.6920166015625
2018-10-12,100.29000091552734,82.59314727783203
2018-10-15,100.3499984741211,82.64260864257812
2018-10-16,100.33999633789062,82.63436889648438
2018-10-17,100.05000305175781,82.3955307006836
2018-10-18,100.2300033569336,82.5437240600586
2018-10-19,100.11000061035156,82.44493103027344
2018-10-22,100.12999725341797,82.4614028930664
2018-10-23,100.38999938964844,82.67554473876953
2018-10-24,100.93000030517578,83.12022399902344
2018-10-25,100.69000244140625,82.922607421875
2018-10-26,101.13999938964844,83.29320526123047
2018-10-29,101.12999725341797,83.28496551513672
2018-10-30,100.91000366210938,83.103759765625
2018-10-31,100.66000366210938,82.89788818359375
2018-11-01,100.52999877929688,82.96883392333984
2018-11-02,99.97000122070312,82.50670623779297
2018-11-05,100.02999877929688,82.55616760253906
2018-11-06,99.91999816894531,82.46542358398438
2018-11-07,99.91999816894531,82.46542358398438
2018-11-08,99.77999877929688,82.34986114501953
2018-11-09,100.16999816894531,82.6717529296875
2018-11-12,100.47000122070312,82.91934204101562
2018-11-13,100.55000305175781,82.9853515625
2018-11-14,100.76000213623047,83.1586685180664
2018-11-15,100.83000183105469,83.2164306640625
2018-11-16,101.13999938964844,83.47232055664062
2018-11-19,101.29000091552734,83.59610748291016
2018-11-20,101.2699966430664,83.57958221435547
2018-11-21,101.25,83.56306457519531
2018-11-23,101.30999755859375,83.61262512207031
2018-11-26,101.2300033569336,83.54659271240234
2018-11-27,101.33000183105469,83.62908935546875
2018-11-28,101.31999969482422,83.62088012695312
2018-11-29,101.58000183105469,83.83547973632812
2018-11-30,101.77999877929688,84.0005111694336
2018-12-03,101.79000091552734,84.18408203125
2018-12-04,102.26000213623047,84.57283782958984
2018-12-06,102.5199966430664,84.78782653808594
2018-12-07,102.81999969482422,85.03595733642578
2018-12-10,102.87999725341797,85.0855941772461
2018-12-11,102.62000274658203,84.87054443359375
2018-12-12,102.33999633789062,84.63898468017578
2018-12-13,102.4000015258789,84.68861389160156
2018-12-14,102.55999755859375,84.82091522216797
2018-12-17,102.86000061035156,85.06900787353516
2018-12-18,102.9000015258789,85.27870178222656
2018-12-19,103.26000213623047,85.57705688476562
2018-12-20,103.12999725341797,85.46931457519531
2018-12-21,103.22000122070312,85.5439224243164
2018-12-24,103.4800033569336,85.75942993164062
2018-12-26,102.98999786376953,85.35325622558594
2018-12-27,103.25,85.5687484741211
2018-12-28,103.80999755859375,86.03287506103516
2018-12-31,104.19999694824219,86.35607147216797
2019-01-02,104.41999816894531,86.53839111328125
2019-01-03,105.25,87.22624969482422
2019-01-04,104.4000015258789,86.5218505859375
2019-01-07,104.11000061035156,86.281494140625
2019-01-08,103.8499984741211,86.06600952148438
2019-01-09,103.91000366210938,86.11573791503906
2019-01-10,103.86000061035156,86.0743179321289
2019-01-11,104.16999816894531,86.3311996459961
2019-01-14,104.11000061035156,86.281494140625
2019-01-15,104.01000213623047,86.19861602783203
2019-01-16,103.94999694824219,86.14888763427734
2019-01-17,103.76000213623047,85.99142456054688
2019-01-18,103.43000030517578,85.71795654296875
2019-01-22,103.79000091552734,86.01630401611328
2019-01-23,103.73999786376953,85.9748764038086
2019-01-24,104.06999969482422,86.24835968017578
2019-01-25,103.83000183105469,86.04946899414062
2019-01-28,103.86000061035156,86.0743179321289
2019-01-29,104.16000366210938,86.32296752929688
2019-01-30,104.4000015258789,86.5218505859375
2019-01-31,104.87999725341797,86.9196548461914
2019-02-01,104.0999984741211,86.45454406738281
2019-02-04,103.87000274658203,86.26354217529297
2019-02-05,104.05000305175781,86.41302490234375
2019-02-06,104.12999725341797,86.4794692993164
2019-02-07,104.47000122070312,86.76187133789062
2019-02-08,104.61000061035156,86.87813568115234
2019-02-11,104.44999694824219,86.74523162841797
2019-02-12,104.30999755859375,86.6289291381836
2019-02-13,104.05000305175781,86.41302490234375
2019-02-14,104.54000091552734,86.81995391845703
2019-02-15,104.44000244140625,86.7369613647461
2019-02-19,104.62000274658203,86.88643646240234
2019-02-20,104.5999984741211,86.86975860595703
2019-02-21,104.29000091552734,86.61233520507812
2019-02-22,104.5999984741211,86.86975860595703
2019-02-25,104.44000244140625,86.7369613647461
2019-02-26,104.75,86.9944076538086
2019-02-27,104.37999725341797,86.68711853027344
2019-02-28,104.11000061035156,86.46285247802734
2019-03-01,103.56999969482422,86.17911529541016
2019-03-04,103.88999938964844,86.44542694091797
2019-03-05,103.94999694824219,86.49532318115234
2019-03-06,104.23999786376953,86.73662567138672
2019-03-07,104.58999633789062,87.0278549194336
2019-03-08,104.73999786376953,87.15266418457031
2019-03-11,104.66000366210938,87.08612823486328
2019-03-12,104.94999694824219,87.3274154663086
2019-03-13,104.91000366210938,87.29413604736328
2019-03-14,104.76000213623047,87.1693115234375
2019-03-15,105.08999633789062,87.44391632080078
2019-03-18,104.94999694824219,87.3274154663086
2019-03-19,104.87999725341797,87.26920318603516
2019-03-20,105.61000061035156,87.87657165527344
2019-03-21,105.55999755859375,87.83496856689453
2019-03-22,106.33999633789062,88.48400115966797
2019-03-25,106.61000061035156,88.70865631103516
2019-03-26,106.5199966430664,88.6337661743164
2019-03-27,106.83000183105469,88.89171600341797
2019-03-28,106.83999633789062,88.9000473022461
2019-03-29,106.66999816894531,88.75862121582031
2019-04-01,105.72000122070312,88.14827728271484
2019-04-02,105.9000015258789,88.29837036132812
2019-04-03,105.56999969482422,88.023193359375
2019-04-04,105.68000030517578,88.1148681640625
2019-04-05,105.7300033569336,88.1566162109375
2019-04-08,105.55999755859375,88.01484680175781
2019-04-09,105.75,88.17330169677734
2019-04-10,106.0,88.38174438476562
2019-04-11,105.76000213623047,88.18159484863281
2019-04-12,105.2699966430664,87.7730484008789
2019-04-15,105.41000366210938,87.88980102539062
2019-04-16,105.05000305175781,87.58961486816406
2019-04-17,105.06999969482422,87.60630798339844
2019-04-18,105.31999969482422,87.81476593017578
2019-04-22,105.16999816894531,87.6896743774414
2019-04-23,105.36000061035156,87.84811401367188
2019-04-24,105.76000213623047,88.18159484863281
2019-04-25,105.62999725341797,88.07319641113281
2019-04-26,105.91000366210938,88.30669403076172
2019-04-29,105.69000244140625,88.1232681274414
2019-04-30,105.9000015258789,88.29837036132812
2019-05-01,105.63999938964844,88.25824737548828
2019-05-02,105.33999633789062,88.00758361816406
2019-05-03,105.4800033569336,88.12458801269531
2019-05-06,105.75,88.35016632080078
2019-05-07,106.11000061035156,88.65093994140625
2019-05-08,105.91000366210938,88.48381805419922
2019-05-09,106.19000244140625,88.71770477294922
2019-05-10,106.12000274658203,88.6592788696289
2019-05-13,106.6500015258789,89.10205078125
2019-05-14,106.55000305175781,89.01850891113281
2019-05-15,106.88999938964844,89.30259704589844
2019-05-16,106.68000030517578,89.12711334228516
2019-05-17,106.7300033569336,89.16886901855469
2019-05-20,106.55000305175781,89.01850891113281
2019-05-21,106.43000030517578,88.91825103759766
2019-05-22,106.75,89.18563079833984
2019-05-23,107.4000015258789,89.72864532470703
2019-05-24,107.37000274658203,89.70357513427734
2019-05-28,107.83999633789062,90.09626007080078
2019-05-29,107.80000305175781,90.06282806396484
2019-05-30,108.19000244140625,90.38868713378906
2019-05-31,108.91000366210938,90.99021911621094
2019-06-03,109.22000122070312,91.42802429199219
2019-06-04,108.81999969482422,91.09315490722656
2019-06-05,108.81999969482422,91.09315490722656
2019-06-06,108.80000305175781,91.07642364501953
2019-06-07,109.2300033569336,91.4363784790039
2019-06-10,108.69000244140625,90.98435974121094
2019-06-11,108.69000244140625,90.98435974121094
2019-06-12,108.97000122070312,91.21871185302734
2019-06-13,109.23999786376953,91.44477844238281
2019-06-14,109.31999969482422,91.51171875
2019-06-17,109.30000305175781,91.49498748779297
2019-06-18,109.51000213623047,91.6707534790039
2019-06-19,109.80999755859375,91.92191314697266
2019-06-20,109.98999786376953,92.07257843017578
2019-06-21,109.54000091552734,91.69586944580078
2019-06-24,109.91999816894531,92.01396179199219
2019-06-25,110.08999633789062,92.15628814697266
2019-06-26,109.63999938964844,91.77957153320312
2019-06-27,109.97000122070312,92.05581665039062
2019-06-28,110.0199966430664,92.0976791381836
2019-07-01,109.69000244140625,91.98197174072266
2019-07-02,110.08000183105469,92.30899047851562
2019-07-03,110.29000091552734,92.48509979248047
2019-07-05,109.58999633789062,91.89813995361328
2019-07-08,109.4800033569336,91.80587768554688
2019-07-09,109.41000366210938,91.74718475341797
2019-07-10,109.47000122070312,91.79747772216797
2019-07-11,108.93000030517578,91.34469604492188
2019-07-12,109.05000305175781,91.4452896118164
2019-07-15,109.27999877929688,91.63816833496094
2019-07-16,109.04000091552734,91.4368896484375
2019-07-17,109.55000305175781,91.86459350585938
2019-07-18,109.81999969482422,92.0909652709961
2019-07-19,109.62000274658203,91.92324829101562
2019-07-22,109.66999816894531,91.96519470214844
2019-07-23,109.48999786376953,91.81425476074219
2019-07-24,109.6500015258789,91.94841766357422
2019-07-25,109.45999908447266,91.7890853881836
2019-07-26,109.44000244140625,91.7723388671875
2019-07-29,109.54000091552734,91.8561782836914
2019-07-30,109.58999633789062,91.89813995361328
2019-07-31,109.87000274658203,92.13289642333984
2019-08-01,110.91999816894531,93.17794036865234
2019-08-02,111.1500015258789,93.37113952636719
2019-08-05,112.11000061035156,94.17759704589844
2019-08-06,112.29000091552734,94.32878875732422
2019-08-07,112.29000091552734,94.32878875732422
2019-08-08,112.30000305175781,94.33717346191406
2019-08-09,112.12999725341797,94.1943588256836
2019-08-12,112.83999633789062,94.79084014892578
2019-08-13,112.44000244140625,94.45475769042969
2019-08-14,113.19000244140625,95.08483123779297
2019-08-15,113.91000366210938,95.68963623046875
2019-08-16,113.61000061035156,95.4376220703125
2019-08-19,113.06999969482422,94.9840087890625
2019-08-20,113.56999969482422,95.40400695800781
2019-08-21,113.2699966430664,95.15203857421875
2019-08-22,113.0199966430664,94.9420166015625
2019-08-23,113.77999877929688,95.5804672241211
2019-08-26,113.66999816894531,95.488037109375
2019-08-27,114.16000366210938,95.89967346191406
2019-08-28,114.19999694824219,95.93329620361328
2019-08-29,113.9800033569336,95.74845886230469
2019-08-30,114.01000213623047,95.773681640625
2019-09-03,114.06999969482422,95.9840087890625
2019-09-04,114.25,96.13546752929688
2019-09-05,113.33000183105469,95.36137390136719
2019-09-06,113.4000015258789,95.4202651977539
2019-09-09,112.69999694824219,94.83124542236328
2019-09-10,111.87999725341797,94.14127349853516
2019-09-11,111.7699966430664,94.04869079589844
2019-09-12,111.5199966430664,93.83834075927734
2019-09-13,110.5,92.98004150390625
2019-09-16,110.9800033569336,93.38395690917969
2019-09-17,111.2699966430664,93.62796783447266
2019-09-18,111.30999755859375,93.6616439819336
2019-09-19,111.36000061035156,93.70372009277344
2019-09-20,112.0,94.24224090576172
2019-09-23,112.16000366210938,94.37688446044922
2019-09-24,112.72000122070312,94.84806823730469
2019-09-25,111.9800033569336,94.22541809082031
2019-09-26,112.22000122070312,94.42739868164062
2019-09-27,112.37999725341797,94.56201171875
2019-09-30,112.47000122070312,94.63770294189453
2019-10-01,112.61000061035156,94.89981079101562
2019-10-02,113.0,95.22850036621094
2019-10-03,113.58999633789062,95.72567749023438
2019-10-04,113.80999755859375,95.91106414794922
2019-10-07,113.43000030517578,95.59082794189453
2019-10-08,113.66999816894531,95.79310607910156
2019-10-09,113.37999725341797,95.5486831665039
2019-10-10,112.66999816894531,94.95034790039062
2019-10-11,111.9000015258789,94.30147552490234
2019-10-14,112.20999908447266,94.5627212524414
2019-10-15,111.66999816894531,94.10762786865234
2019-10-16,111.88999938964844,94.29302215576172
2019-10-17,111.8499984741211,94.25933074951172
2019-10-18,111.94999694824219,94.34357452392578
2019-10-21,111.54000091552734,93.99807739257812
2019-10-22,111.80000305175781,94.21720886230469
2019-10-23,111.83999633789062,94.25090026855469
2019-10-24,111.81999969482422,94.23405456542969
2019-10-25,111.58000183105469,94.03176879882812
2019-10-28,111.16000366210938,93.67784118652344
2019-10-29,111.26000213623047,93.76211547851562
2019-10-30,111.80000305175781,94.21720886230469
2019-10-31,112.51000213623047,94.81552124023438
2019-11-01,112.12999725341797,94.63660430908203
2019-11-04,111.55999755859375,94.1554946899414
2019-11-05,110.95999908447266,93.64911651611328
2019-11-06,111.27999877929688,93.91922760009766
2019-11-07,110.38999938964844,93.16805267333984
2019-11-08,110.23999786376953,93.04147338867188
2019-11-11,110.36000061035156,93.14271545410156
2019-11-12,110.41000366210938,93.18496704101562
2019-11-13,110.70999908447266,93.43811798095703
2019-11-14,111.2699966430664,93.91077423095703
2019-11-15,111.18000030517578,93.83480834960938
2019-11-18,111.37000274658203,93.99520874023438
2019-11-19,111.58000183105469,94.17237854003906
2019-11-20,111.98999786376953,94.5184555053711
2019-11-21,111.70999908447266,94.28211975097656
2019-11-22,111.69000244140625,94.2652587890625
2019-11-25,111.73999786376953,94.30744934082031
2019-11-26,111.94999694824219,94.48467254638672
2019-11-27,111.66000366210938,94.23994445800781
2019-11-29,111.56999969482422,94.16399383544922
2019-12-02,111.01000213623047,93.82588958740234
2019-12-03,112.0,94.66264343261719
2019-12-04,111.56999969482422,94.29923248291016
2019-12-05,111.30999755859375,94.07947540283203
2019-12-06,110.97000122070312,93.79208374023438
2019-12-09,111.05999755859375,93.86817932128906
2019-12-10,110.93000030517578,93.75830078125
2019-12-11,111.38999938964844,94.1470718383789
2019-12-12,110.51000213623047,93.40328216552734
2019-12-13,111.16000366210938,93.95267486572266
2019-12-16,110.63999938964844,93.51318359375
2019-12-17,110.6500015258789,93.52163696289062
2019-12-18,110.3499984741211,93.2680892944336
2019-12-19,110.27999877929688,93.34085083007812
2019-12-20,110.27999877929688,93.34085083007812
2019-12-23,110.18000030517578,93.25621795654297
2019-12-24,110.37000274658203,93.41703033447266
2019-12-26,110.52999877929688,93.55245971679688
2019-12-27,110.69000244140625,93.6878662109375
2019-12-30,110.62000274658203,93.6286392211914
2019-12-31,110.22000122070312,93.2900390625
2020-01-02,110.7300033569336,93.72174835205078
2020-01-03,111.47000122070312,94.34810638427734
2020-01-06,111.3499984741211,94.24649810791016
2020-01-07,111.19000244140625,94.1110610961914
2020-01-08,110.93000030517578,93.8910140991211
2020-01-09,111.01000213623047,93.95870971679688
2020-01-10,111.25,94.161865234375
2020-01-13,111.12000274658203,94.0518569946289
2020-01-14,111.33999633789062,94.23802947998047
2020-01-15,111.62000274658203,94.47505187988281
2020-01-16,111.38999938964844,94.28036499023438
2020-01-17,111.30000305175781,94.20416259765625
2020-01-21,111.73999786376953,94.57658386230469
2020-01-22,111.76000213623047,94.5935287475586
2020-01-23,112.04000091552734,94.83052062988281
2020-01-24,112.44000244140625,95.16905975341797
2020-01-27,113.19999694824219,95.81234741210938
2020-01-28,112.81999969482422,95.4906997680664
2020-01-29,113.36000061035156,95.94776916503906
2020-01-30,113.47000122070312,96.0408706665039
2020-01-31,114.04000091552734,96.52330780029297
2020-02-03,113.79000091552734,96.44110107421875
2020-02-04,113.12999725341797,95.8817367553711
2020-02-05,112.63999938964844,95.46642303466797
2020-02-06,112.72000122070312,95.53424072265625
2020-02-07,113.26000213623047,95.9919204711914
2020-02-10,113.4800033569336,96.17835235595703
2020-02-11,113.20999908447266,95.94954681396484
2020-02-12,112.91999816894531,95.70372009277344
2020-02-13,113.0199966430664,95.78848266601562
2020-02-14,113.30000305175781,96.02580261230469
2020-02-18,113.4800033569336,96.17835235595703
2020-02-19,113.45999908447266,96.16138458251953
2020-02-20,113.79000091552734,96.44110107421875
2020-02-21,114.25,96.83096313476562
2020-02-24,115.13999938964844,97.58526611328125
2020-02-25,115.45999908447266,97.85648345947266
2020-02-26,115.4000015258789,97.80561828613281
2020-02-27,115.95999908447266,98.2802734375
2020-02-28,117.26000213623047,99.38204193115234
2020-03-02,117.04000091552734,99.31414031982422
2020-03-03,118.4000015258789,100.46817779541016
2020-03-04,118.13999938964844,100.24757385253906
2020-03-05,119.19000244140625,101.1385498046875
2020-03-06,120.4000015258789,102.16526794433594
2020-03-09,121.4800033569336,103.08173370361328
2020-03-10,119.25,101.18946075439453
2020-03-11,118.05999755859375,100.17970275878906
2020-03-12,118.12000274658203,100.23064422607422
2020-03-13,117.3499984741211,99.57723236083984
2020-03-16,120.44999694824219,102.20771026611328
2020-03-17,117.43000030517578,99.64510345458984
2020-03-18,115.80000305175781,98.26200866699219
2020-03-19,116.18000030517578,98.58440399169922
2020-03-20,119.13999938964844,101.09613037109375
2020-03-23,120.55000305175781,102.29258728027344
2020-03-24,119.7300033569336,101.59677124023438
2020-03-25,119.80000305175781,101.6561508178711
2020-03-26,120.08999633789062,101.9022216796875
2020-03-27,120.9800033569336,102.65742492675781
2020-03-30,121.26000213623047,102.89505767822266
2020-03-31,121.4800033569336,103.08173370361328
2020-04-01,121.83000183105469,103.50138854980469
2020-04-02,121.8499984741211,103.51834869384766
2020-04-03,121.94000244140625,103.59486389160156
2020-04-06,121.38999938964844,103.1275863647461
2020-04-07,120.8499984741211,102.66883087158203
2020-04-08,120.69999694824219,102.54139709472656
2020-04-09,120.95999908447266,102.76228332519531
2020-04-13,120.69999694824219,102.54139709472656
2020-04-14,120.86000061035156,102.67736053466797
2020-04-15,121.94000244140625,103.59486389160156
2020-04-16,122.06999969482422,103.70529174804688
2020-04-17,121.75,103.43343353271484
2020-04-20,122.06999969482422,103.70529174804688
2020-04-21,122.41000366210938,103.994140625
2020-04-22,122.02999877929688,103.67132568359375
2020-04-23,122.11000061035156,103.73928833007812
2020-04-24,122.13999938964844,103.76476287841797
2020-04-27,121.48999786376953,103.21255493164062
2020-04-28,122.0199966430664,103.66281127929688
2020-04-29,121.95999908447266,103.6118392944336
2020-04-30,121.66999816894531,103.36546325683594
2020-05-01,121.70999908447266,103.50834655761719
2020-05-04,121.7300033569336,103.52536010742188
2020-05-05,121.63999938964844,103.4488296508789
2020-05-06,121.19000244140625,103.06610107421875
2020-05-07,121.93000030517578,103.69544982910156
2020-05-08,121.52999877929688,103.35527038574219
2020-05-11,121.19000244140625,103.06610107421875
2020-05-12,121.58999633789062,103.40625762939453
2020-05-13,121.83999633789062,103.61888885498047
2020-05-14,122.02999877929688,103.78050994873047
2020-05-15,121.94999694824219,103.71243286132812
2020-05-18,121.19999694824219,103.07459259033203
2020-05-19,121.54000091552734,103.3637466430664
2020-05-20,121.56999969482422,103.3892822265625
2020-05-21,121.6500015258789,103.45732879638672
2020-05-22,121.87999725341797,103.65293884277344
2020-05-26,121.55999755859375,103.38078308105469
2020-05-27,121.66000366210938,103.4658203125
2020-05-28,121.55000305175781,103.37225341796875
2020-05-29,121.94000244140625,103.70398712158203
2020-06-01,121.7699966430664,103.66304779052734
2020-06-02,121.56999969482422,103.49280548095703
2020-06-03,120.8499984741211,102.87986755371094
2020-06-04,120.37000274658203,102.47126770019531
2020-06-05,119.7699966430664,101.96047973632812
2020-06-08,119.9000015258789,102.07115173339844
2020-06-09,120.33000183105469,102.43717956542969
2020-06-10,121.2300033569336,103.203369140625
2020-06-11,121.66000366210938,103.5694351196289
2020-06-12,121.38999938964844,103.3395767211914
2020-06-15,121.29000091552734,103.25447845458984
2020-06-16,121.04000091552734,103.04164123535156
2020-06-17,121.2300033569336,103.203369140625
2020-06-18,121.5,103.43323516845703
2020-06-19,121.54000091552734,103.46728515625
2020-06-22,121.43000030517578,103.37362670898438
2020-06-23,121.38999938964844,103.3395767211914
2020-06-24,121.62000274658203,103.535400390625
2020-06-25,121.63999938964844,103.55241394042969
2020-06-26,121.97000122070312,103.8333511352539
2020-06-29,122.08999633789062,103.93548583984375
2020-06-30,121.87000274658203,103.74822235107422
2020-07-01,121.56999969482422,103.58629608154297
2020-07-02,121.72000122070312,103.71411895751953
2020-07-06,121.54000091552734,103.56077575683594
2020-07-07,121.93000030517578,103.89308166503906
2020-07-08,121.73999786376953,103.73118591308594
2020-07-09,122.12999725341797,104.06350708007812
2020-07-10,121.88999938964844,103.85900115966797
2020-07-13,122.0199966430664,103.9697494506836
2020-07-14,122.01000213623047,103.96124267578125
2020-07-15,121.97000122070312,103.92716217041016
2020-07-16,122.05999755859375,104.00382995605469
2020-07-17,122.02999877929688,103.9782943725586
2020-07-20,122.11000061035156,104.04644012451172
2020-07-21,122.23999786376953,104.15721893310547
2020-07-22,122.27999877929688,104.19129180908203
2020-07-23,122.4000015258789,104.29353332519531
2020-07-24,122.33999633789062,104.2424545288086
2020-07-27,122.1500015258789,104.08052825927734
2020-07-28,122.44000244140625,104.32762145996094
2020-07-29,122.5999984741211,104.46395111083984
2020-07-30,122.7699966430664,104.6087875366211
2020-07-31,122.80000305175781,104.63436889648438
2020-08-03,122.63999938964844,104.58322143554688
2020-08-04,123.05999755859375,104.94136047363281
2020-08-05,122.6500015258789,104.59173583984375
2020-08-06,122.79000091552734,104.71112823486328
2020-08-07,122.52999877929688,104.48941040039062
2020-08-10,122.4000015258789,104.3785400390625
2020-08-11,121.9800033569336,104.02039337158203
2020-08-12,121.62000274658203,103.71337890625
2020-08-13,121.37000274658203,103.50018310546875
2020-08-14,121.43000030517578,103.55133056640625
2020-08-17,121.62999725341797,103.7219009399414
2020-08-18,121.83999633789062,103.90097045898438
2020-08-19,121.68000030517578,103.76453399658203
2020-08-20,122.02999877929688,104.06301879882812
2020-08-21,122.12000274658203,104.13975524902344
2020-08-24,121.94999694824219,103.99476623535156
2020-08-25,121.66000366210938,103.74748229980469
2020-08-26,121.61000061035156,103.7048568725586
2020-08-27,121.18000030517578,103.3381576538086
2020-08-28,121.37999725341797,103.50874328613281
2020-08-31,121.51000213623047,103.61953735351562
2020-09-01,121.81999969482422,103.95922088623047
2020-09-02,121.98999786376953,104.10431671142578
2020-09-03,122.1500015258789,104.24081420898438
2020-09-04,121.47000122070312,103.66051483154297
2020-09-08,121.7300033569336,103.8824462890625
2020-09-09,121.66999816894531,103.83120727539062
2020-09-10,121.81999969482422,103.95922088623047
2020-09-11,122.01000213623047,104.12139129638672
2020-09-14,121.9000015258789,104.02751159667969
2020-09-15,121.83999633789062,103.97628021240234
2020-09-16,121.7699966430664,103.9165267944336
2020-09-17,121.80999755859375,103.95069885253906
2020-09-18,121.69999694824219,103.85681915283203
2020-09-21,121.91999816894531,104.0445785522461
2020-09-22,121.91999816894531,104.0445785522461
2020-09-23,121.91999816894531,104.0445785522461
2020-09-24,121.9800033569336,104.09574890136719
2020-09-25,122.08000183105469,104.18109130859375
2020-09-28,122.05999755859375,104.1640396118164
2020-09-29,122.1500015258789,104.24081420898438
2020-09-30,121.81999969482422,103.95922088623047
2020-10-01,121.80999755859375,104.01815032958984
2020-10-02,121.69000244140625,103.91568756103516
2020-10-05,120.91999816894531,103.25814056396484
2020-10-06,121.19999694824219,103.49723052978516
2020-10-07,120.8499984741211,103.19835662841797
2020-10-08,121.06999969482422,103.38623046875
2020-10-09,121.01000213623047,103.3349838256836
2020-10-12,121.13999938964844,103.44601440429688
2020-10-13,121.41000366210938,103.67655181884766
2020-10-14,121.44999694824219,103.7107162475586
2020-10-15,121.31999969482422,103.59973907470703
2020-10-16,121.25,103.53994750976562
2020-10-19,121.05000305175781,103.3691635131836
2020-10-20,120.79000091552734,103.14712524414062
2020-10-21,120.62999725341797,103.01046752929688
2020-10-22,120.20999908447266,102.6518325805664
2020-10-23,120.37999725341797,102.7969970703125
2020-10-26,120.69999694824219,103.07026672363281
2020-10-27,120.97000122070312,103.30088806152344
2020-10-28,120.95999908447266,103.29228973388672
2020-10-29,120.44999694824219,102.8567886352539
2020-10-30,120.05999755859375,102.52375793457031
2020-11-02,120.19000244140625,102.69976043701172
2020-11-03,119.91999816894531,102.46903228759766
2020-11-04,120.93000030517578,103.33206939697266
2020-11-05,120.91000366210938,103.31501770019531
2020-11-06,120.5,102.96463012695312
2020-11-09,119.61000061035156,102.20417022705078
2020-11-10,119.2699966430664,101.91363525390625
2020-11-11,119.45999908447266,102.07597351074219
2020-11-12,120.13999938964844,102.65707397460938
2020-11-13,119.9800033569336,102.52032470703125
2020-11-16,119.88999938964844,102.44344329833984
2020-11-17,120.19999694824219,102.70829010009766
2020-11-18,120.16000366210938,102.67412567138672
2020-11-19,120.29000091552734,102.7851791381836
2020-11-20,120.5,102.96463012695312
2020-11-23,120.26000213623047,102.75960540771484
2020-11-24,120.06999969482422,102.59722900390625
2020-11-25,120.11000061035156,102.63140869140625
2020-11-27,120.47000122070312,102.93903350830078
2020-11-30,120.38999938964844,102.8707046508789
2020-12-01,119.66999816894531,102.32343292236328
2020-12-02,119.47000122070312,102.15240478515625
2020-12-03,119.79000091552734,102.4260482788086
2020-12-04,119.31999969482422,102.02417755126953
2020-12-07,119.69000244140625,102.34056091308594
2020-12-08,119.80999755859375,102.44314575195312
2020-12-09,119.63999938964844,102.29776000976562
2020-12-10,119.91000366210938,102.52865600585938
2020-12-11,120.1500015258789,102.73385620117188
2020-12-14,120.08000183105469,102.67399597167969
2020-12-15,119.95999908447266,102.57140350341797
2020-12-16,119.86000061035156,102.48587799072266
2020-12-17,119.69999694824219,102.41144561767578
2020-12-18,119.5999984741211,102.32589721679688
2020-12-21,119.68000030517578,102.39434814453125
2020-12-22,119.87999725341797,102.56550598144531
2020-12-23,119.62999725341797,102.35160064697266
2020-12-24,119.80000305175781,102.49701690673828
2020-12-28,119.80999755859375,102.50556945800781
2020-12-29,119.79000091552734,102.48847961425781
2020-12-30,119.87000274658203,102.5569076538086
2020-12-31,119.94999694824219,102.62538146972656
2021-01-04,119.9800033569336,102.65103149414062
2021-01-05,119.69999694824219,102.41144561767578
2021-01-06,119.0,101.81257629394531
2021-01-07,118.58000183105469,101.45323944091797
2021-01-08,118.23999786376953,101.16229248046875
2021-01-11,118.01000213623047,100.96554565429688
2021-01-12,117.98999786376953,100.94842529296875
2021-01-13,118.4000015258789,101.29924011230469
2021-01-14,118.12999725341797,101.06822204589844
2021-01-15,118.44999694824219,101.34198760986328
2021-01-19,118.5199966430664,101.40189361572266
2021-01-20,118.56999969482422,101.44469451904297
2021-01-21,118.4000015258789,101.29924011230469
2021-01-22,118.58000183105469,101.45323944091797
2021-01-25,119.05999755859375,101.8638687133789
2021-01-26,119.0199966430664,101.82967376708984
2021-01-27,119.16000366210938,101.9494400024414
2021-01-28,118.8499984741211,101.68423461914062
2021-01-29,118.63999938964844,101.50457000732422
2021-02-01,118.70999908447266,101.63127136230469
2021-02-02,118.41000366210938,101.37442779541016
2021-02-03,118.12000274658203,101.12614440917969
2021-02-04,118.08000183105469,101.0919189453125
2021-02-05,117.83000183105469,100.87786102294922
2021-02-08,117.87999725341797,100.92066192626953
2021-02-09,117.97000122070312,100.99773406982422
2021-02-10,118.2699966430664,101.25456237792969
2021-02-11,118.18000030517578,101.17749786376953
2021-02-12,117.79000091552734,100.84365844726562
2021-02-16,116.94000244140625,100.11593627929688
2021-02-17,117.0199966430664,100.1844253540039
2021-02-18,117.01000213623047,100.17586517333984
2021-02-19,116.54000091552734,99.7734603881836
2021-02-22,116.3499984741211,99.61080169677734
2021-02-23,116.44000244140625,99.68785095214844
2021-02-24,116.27999877929688,99.55087280273438
2021-02-25,114.7300033569336,98.2238998413086
2021-02-26,115.76000213623047,99.105712890625
2021-03-01,115.55999755859375,98.99433135986328
2021-03-02,115.7699966430664,99.17420959472656
2021-03-03,115.1500015258789,98.64312744140625
2021-03-04,114.58000183105469,98.15483856201172
2021-03-05,114.41999816894531,98.01771545410156
2021-03-08,113.97000122070312,97.63224029541016
2021-03-09,114.51000213623047,98.0948486328125
2021-03-10,114.75,98.30042266845703
2021-03-11,114.70999908447266,98.26616668701172
2021-03-12,113.87999725341797,97.55514526367188
2021-03-15,114.0199966430664,97.6750717163086
2021-03-16,114.0,97.65795135498047
2021-03-17,113.80999755859375,97.49517059326172
2021-03-18,113.0999984741211,96.88697052001953
2021-03-19,113.02999877929688,96.82698822021484
2021-03-22,113.4000015258789,97.1439437866211
2021-03-23,113.95999908447266,97.62368774414062
2021-03-24,114.11000061035156,97.75218200683594
2021-03-25,113.95999908447266,97.62368774414062
2021-03-26,113.58000183105469,97.29815673828125
2021-03-29,113.19000244140625,96.96409606933594
2021-03-30,113.08999633789062,96.87837219238281
2021-03-31,112.93000030517578,96.74132537841797
2021-04-01,113.36000061035156,97.16993713378906
2021-04-05,113.04000091552734,96.89562225341797
2021-04-06,113.58999633789062,97.3670425415039
2021-04-07,113.5199966430664,97.30707550048828
2021-04-08,113.91000366210938,97.641357421875
2021-04-09,113.61000061035156,97.38419342041016
2021-04-12,113.54000091552734,97.32416534423828
2021-04-13,114.01000213623047,97.72708129882812
2021-04-14,113.87000274658203,97.60708618164062
2021-04-15,114.5999984741211,98.23282623291016
2021-04-16,114.29000091552734,97.96710205078125
2021-04-19,114.16999816894531,97.86421203613281
2021-04-20,114.51000213623047,98.1556625366211
2021-04-21,114.56999969482422,98.20710754394531
2021-04-22,114.66000366210938,98.28427124023438
2021-04-23,114.51000213623047,98.1556625366211
2021-04-26,114.38999938964844,98.05284118652344
2021-04-27,113.94000244140625,97.66712188720703
2021-04-28,114.08999633789062,97.795654296875
2021-04-29,113.88999938964844,97.62420654296875
2021-04-30,113.98999786376953,97.7099380493164
2021-05-03,114.11000061035156,97.87635803222656
2021-05-04,114.26000213623047,98.00498962402344
2021-05-05,114.4000015258789,98.12509155273438
2021-05-06,114.44999694824219,98.16796875
2021-05-07,114.48999786376953,98.2022933959961
2021-05-10,114.26000213623047,98.00498962402344
2021-05-11,114.06999969482422,97.84201049804688
2021-05-12,113.5199966430664,97.37028503417969
2021-05-13,113.9000015258789,97.69621276855469
2021-05-14,114.1500015258789,97.91064453125
2021-05-17,114.04000091552734,97.81629943847656
2021-05-18,114.04000091552734,97.81629943847656
2021-05-19,113.69999694824219,97.524658203125
2021-05-20,114.16999816894531,97.92780303955078
2021-05-21,114.20999908447266,97.96210479736328
2021-05-24,114.31999969482422,98.05642700195312
2021-05-25,114.73999786376953,98.4167251586914
2021-05-26,114.61000061035156,98.30523681640625
2021-05-27,114.41000366210938,98.1336669921875
2021-05-28,114.4000015258789,98.12509155273438
2021-06-01,114.30000305175781,98.10704803466797
2021-06-02,114.43000030517578,98.21863555908203
2021-06-03,114.13999938964844,97.96973419189453
2021-06-04,114.7699966430664,98.51048278808594
2021-06-07,114.68000030517578,98.4332275390625
2021-06-08,115.01000213623047,98.71647644042969
2021-06-09,115.37000274658203,99.02548217773438
2021-06-10,115.77999877929688,99.37738800048828
2021-06-11,115.61000061035156,99.23145294189453
2021-06-14,115.25,98.92247009277344
2021-06-15,115.2699966430664,98.93962860107422
2021-06-16,114.4800033569336,98.26156616210938
2021-06-17,114.88999938964844,98.61345672607422
2021-06-18,115.54000091552734,99.17137145996094
2021-06-21,115.16999816894531,98.85379028320312
2021-06-22,115.37999725341797,99.0340576171875
2021-06-23,115.1500015258789,98.83665466308594
2021-06-24,115.12999725341797,98.81946563720703
2021-06-25,114.88999938964844,98.61345672607422
2021-06-28,115.25,98.92247009277344
2021-06-29,115.30999755859375,98.97399139404297
2021-06-30,115.48999786376953,99.12847900390625
2021-07-01,115.33000183105469,99.05718231201172
2021-07-02,115.75,99.41793060302734
2021-07-06,116.36000061035156,99.9418716430664
2021-07-07,116.69999694824219,100.23390197753906
2021-07-08,117.0,100.49153137207031
2021-07-09,116.41000366210938,99.98480224609375
2021-07-12,116.3499984741211,99.93325805664062
2021-07-13,115.98999786376953,99.6240463256836
2021-07-14,116.48999786376953,100.05351257324219
2021-07-15,116.9800033569336,100.47438049316406
2021-07-16,116.95999908447266,100.45721435546875
2021-07-19,117.95999908447266,101.31612396240234
2021-07-20,117.80999755859375,101.18724060058594
2021-07-21,117.12999725341797,100.60322570800781
2021-07-22,117.4000015258789,100.83512878417969
2021-07-23,117.22000122070312,100.68047332763672
2021-07-26,117.13999938964844,100.61180877685547
2021-07-27,117.63999938964844,101.04127502441406
2021-07-28,117.73999786376953,101.12715911865234
2021-07-29,117.37999725341797,100.81793212890625
2021-07-30,117.70999908447266,101.10139465332031
2021-08-02,118.1500015258789,101.54486083984375
2021-08-03,118.18000030517578,101.5706558227539
2021-08-04,118.1500015258789,101.54486083984375
2021-08-05,117.72000122070312,101.1752700805664
2021-08-06,117.02999877929688,100.58226776123047
2021-08-09,116.77999877929688,100.3674087524414
2021-08-10,116.55999755859375,100.17831420898438
2021-08-11,116.69000244140625,100.2900390625
2021-08-12,116.56999969482422,100.18692016601562
2021-08-13,117.23999786376953,100.76271057128906
2021-08-16,117.5,100.98621368408203
2021-08-17,117.44000244140625,100.93463134765625
2021-08-18,117.37999725341797,100.88306427001953
2021-08-19,117.63999938964844,101.10652923583984
2021-08-20,117.52999877929688,101.0119857788086
2021-08-23,117.55999755859375,101.03775024414062
2021-08-24,117.23999786376953,100.76271057128906
2021-08-25,116.77999877929688,100.3674087524414
2021-08-26,116.77999877929688,100.3674087524414
2021-08-27,117.16000366210938,100.69400787353516
2021-08-30,117.38999938964844,100.89163970947266
2021-08-31,117.16999816894531,100.70257568359375
2021-09-01,117.13999938964844,100.7455825805664
2021-09-02,117.27999877929688,100.8659896850586
2021-09-03,117.0,100.62516784667969
2021-09-07,116.54000091552734,100.22958374023438
2021-09-08,116.86000061035156,100.50479888916016
2021-09-09,117.19000244140625,100.7885971069336
2021-09-10,116.81999969482422,100.4703369140625
2021-09-13,116.95999908447266,100.59078216552734
2021-09-14,117.4000015258789,100.96919250488281
2021-09-15,117.19999694824219,100.79718780517578
2021-09-16,116.83000183105469,100.47899627685547
2021-09-17,116.48999786376953,100.1865463256836
2021-09-20,117.08000183105469,100.69400787353516
2021-09-21,117.01000213623047,100.63375854492188
2021-09-22,117.12000274658203,100.72838592529297
2021-09-23,116.05999755859375,99.81671905517578
2021-09-24,115.70999908447266,99.5157241821289
2021-09-27,115.4000015258789,99.24913024902344
2021-09-28,114.95999908447266,98.87068939208984
2021-09-29,115.08000183105469,98.973876953125
2021-09-30,115.22000122070312,99.09431457519531
2021-10-01,115.61000061035156,99.498779296875
2021-10-04,115.47000122070312,99.37830352783203
2021-10-05,115.11000061035156,99.06848907470703
2021-10-06,115.13999938964844,99.09430694580078
2021-10-07,114.68000030517578,98.69840240478516
2021-10-08,114.43000030517578,98.48323059082031
2021-10-11,114.1500015258789,98.24229431152344
2021-10-12,114.66999816894531,98.68978118896484
2021-10-13,114.88999938964844,98.8791275024414
2021-10-14,115.16000366210938,99.11149597167969
2021-10-15,114.58999633789062,98.62094116210938
2021-10-18,114.43000030517578,98.48323059082031
2021-10-19,114.0199966430664,98.13038635253906
2021-10-20,113.97000122070312,98.0873794555664
2021-10-21,113.66999816894531,97.82917785644531
2021-10-22,113.95999908447266,98.07874298095703
2021-10-25,114.0999984741211,98.19925689697266
2021-10-26,114.23999786376953,98.31970977783203
2021-10-27,114.87999725341797,98.87053680419922
2021-10-28,114.58000183105469,98.6123275756836
2021-10-29,114.62999725341797,98.65535736083984
2021-11-01,114.54000091552734,98.64762115478516
2021-11-02,114.81999969482422,98.8887710571289
2021-11-03,114.45999908447266,98.5787124633789
2021-11-04,115.08000183105469,99.11270141601562
2021-11-05,115.70999908447266,99.65525817871094
2021-11-08,115.20999908447266,99.22467041015625
2021-11-09,115.73999786376953,99.68113708496094
2021-11-10,114.75,98.8284683227539
2021-11-11,114.37999725341797,98.50983428955078
2021-11-12,114.62000274658203,98.71651458740234
2021-11-15,114.16999816894531,98.32896423339844
2021-11-16,114.06999969482422,98.24281311035156
2021-11-17,114.4800033569336,98.5959701538086
2021-11-18,114.55000305175781,98.65623474121094
2021-11-19,114.86000061035156,98.92318725585938
2021-11-22,114.0199966430664,98.19978332519531
2021-11-23,113.55000305175781,97.79497528076172
2021-11-24,113.9000015258789,98.09644317626953
2021-11-26,115.37000274658203,99.36245727539062
2021-11-29,115.11000061035156,99.13854217529297
2021-11-30,115.80000305175781,99.73278045654297
2021-12-01,115.93000030517578,99.92072296142578
2021-12-02,115.68000030517578,99.7052001953125
2021-12-03,116.36000061035156,100.29131317138672
2021-12-06,115.77999877929688,99.7913818359375
2021-12-07,115.33999633789062,99.41215515136719
2021-12-08,114.97000122070312,99.09327697753906
2021-12-09,115.26000213623047,99.34319305419922
2021-12-10,115.33999633789062,99.41215515136719
2021-12-13,115.88999938964844,99.88621520996094
2021-12-14,115.69000244140625,99.71382141113281
2021-12-15,115.5199966430664,99.56734466552734
2021-12-16,115.75,99.85717010498047
2021-12-17,116.01000213623047,100.08149719238281
2021-12-20,115.91000366210938,99.99522399902344
2021-12-21,115.44999694824219,99.598388671875
2021-12-22,115.55999755859375,99.69329071044922
2021-12-23,115.31999969482422,99.48624420166016
2021-12-27,115.36000061035156,99.52072143554688
2021-12-28,115.33999633789062,99.50347900390625
2021-12-29,114.75,98.99449157714844
2021-12-30,115.12999725341797,99.32232666015625
2021-12-31,115.0,99.21017456054688
2022-01-03,113.93000030517578,98.28705596923828
2022-01-04,113.87000274658203,98.23532104492188
2022-01-05,113.38999938964844,97.82118225097656
2022-01-06,113.11000061035156,97.57965850830078
2022-01-07,112.73999786376953,97.2604751586914
2022-01-10,112.70999908447266,97.23458099365234
2022-01-11,112.9800033569336,97.46749877929688
2022-01-12,113.0,97.4847640991211
2022-01-13,113.36000061035156,97.79534149169922
2022-01-14,112.58000183105469,97.12245178222656
2022-01-18,111.7300033569336,96.38912963867188
2022-01-19,112.0,96.6220932006836
2022-01-20,112.23999786376953,96.82910919189453
2022-01-21,112.88999938964844,97.38987731933594
2022-01-24,112.79000091552734,97.30360412597656
2022-01-25,112.63999938964844,97.1741714477539
2022-01-26,111.83999633789062,96.48404693603516
2022-01-27,112.30999755859375,96.88951110839844
2022-01-28,112.56999969482422,97.1137924194336
2022-01-31,112.56999969482422,97.1137924194336
2022-02-01,112.30999755859375,96.9825439453125
2022-02-02,112.54000091552734,97.18114471435547
2022-02-03,112.05999755859375,96.76667785644531
2022-02-04,111.19999694824219,96.0240249633789
2022-02-07,111.2300033569336,96.04995727539062
2022-02-08,110.87000274658203,95.73908996582031
2022-02-09,111.0199966430664,95.86858367919922
2022-02-10,110.0,94.98780059814453
2022-02-11,111.13999938964844,95.97223663330078
2022-02-14,110.37000274658203,95.30731964111328
2022-02-15,110.04000091552734,95.0223388671875
2022-02-16,110.2699966430664,95.220947265625
2022-02-17,110.86000061035156,95.73046875
2022-02-18,111.22000122070312,96.04130554199219
2022-02-22,111.20999908447266,96.0326919555664
2022-02-23,110.62999725341797,95.53179931640625
2022-02-24,110.88999938964844,95.75636291503906
2022-02-25,110.86000061035156,95.73046875
2022-02-28,112.12000274658203,96.81848907470703
2022-03-01,113.11000061035156,97.76142120361328
2022-03-02,111.41000366210938,96.29208374023438
2022-03-03,111.88999938964844,96.70698547363281
2022-03-04,113.0,97.6663589477539
2022-03-07,112.5199966430664,97.25152587890625
2022-03-08,111.79000091552734,96.62052917480469
2022-03-09,111.0999984741211,96.02418518066406
2022-03-10,110.58999633789062,95.58338928222656
2022-03-11,110.55999755859375,95.55741882324219
2022-03-14,109.16000366210938,94.3474349975586
2022-03-15,109.11000061035156,94.30421447753906
2022-03-16,108.95999908447266,94.174560546875
2022-03-17,108.75,93.99305725097656
2022-03-18,109.06999969482422,94.26966094970703
2022-03-21,107.6500015258789,93.04234313964844
2022-03-22,107.05999755859375,92.53239440917969
2022-03-23,107.77999877929688,93.1546859741211
2022-03-24,107.18000030517578,92.63611602783203
2022-03-25,106.08000183105469,91.6854019165039
2022-03-28,106.31999969482422,91.89281463623047
2022-03-29,106.8499984741211,92.35089111328125
2022-03-30,107.2699966430664,92.7138900756836
2022-03-31,107.47000122070312,92.88675689697266
2022-04-01,106.6500015258789,92.28189849853516
2022-04-04,106.58000183105469,92.22135162353516
2022-04-05,105.30999755859375,91.12244415283203
2022-04-06,104.94000244140625,90.80229949951172
2022-04-07,104.68000030517578,90.57733917236328
2022-04-08,104.1500015258789,90.11875915527344
2022-04-11,103.6500015258789,89.68607330322266
2022-04-12,104.1500015258789,90.11875915527344
2022-04-13,104.37999725341797,90.3177490234375
2022-04-14,103.44000244140625,89.50440216064453
2022-04-18,103.13999938964844,89.24480438232422
2022-04-19,102.45999908447266,88.65640258789062
2022-04-20,103.26000213623047,89.34861755371094
2022-04-21,102.69000244140625,88.85546112060547
2022-04-22,102.73999786376953,88.89868927001953
2022-04-25,103.4000015258789,89.46976470947266
2022-04-26,104.08999633789062,90.06681823730469
2022-04-27,103.51000213623047,89.5649642944336
2022-04-28,103.36000061035156,89.43516540527344
2022-04-29,102.80999755859375,88.9592514038086
2022-05-02,101.91999816894531,88.29651641845703
2022-05-03,102.04000091552734,88.40046691894531
2022-05-04,102.69999694824219,88.97223663330078
2022-05-05,101.66999816894531,88.0799331665039
2022-05-06,101.08999633789062,87.57746124267578
2022-05-09,101.83999633789062,88.22721099853516
2022-05-10,102.18000030517578,88.52175903320312
2022-05-11,102.80999755859375,89.06757354736328
2022-05-12,103.1500015258789,89.36209106445312
2022-05-13,102.61000061035156,88.89427185058594
2022-05-16,103.04000091552734,89.26683807373047
2022-05-17,102.26000213623047,88.59107971191406
2022-05-18,102.98999786376953,89.22349548339844
2022-05-19,103.36000061035156,89.54402923583984
2022-05-20,103.83999633789062,89.9598617553711
2022-05-23,103.20999908447266,89.41405487060547
2022-05-24,104.0999984741211,90.18511199951172
2022-05-25,104.30999755859375,90.36707305908203
2022-05-26,104.26000213623047,90.32373046875
2022-05-27,104.41000366210938,90.45368194580078
2022-05-31,103.31999969482422,89.50936126708984
2022-06-01,102.61000061035156,89.0053939819336
2022-06-02,102.76000213623047,89.135498046875
2022-06-03,102.55999755859375,88.9620590209961
2022-06-06,101.79000091552734,88.29414367675781
2022-06-07,102.19999694824219,88.6497802734375
2022-06-08,101.81999969482422,88.3201675415039
2022-06-09,101.7300033569336,88.24208068847656
2022-06-10,100.7300033569336,87.37467193603516
2022-06-13,98.94000244140625,85.82200622558594
2022-06-14,98.1500015258789,85.13673400878906
2022-06-15,99.5199966430664,86.32510375976562
2022-06-16,100.16999816894531,86.88890075683594
2022-06-17,100.19999694824219,86.9149398803711
2022-06-21,99.68000030517578,86.4638900756836
2022-06-22,100.94000244140625,87.55681610107422
2022-06-23,101.51000213623047,88.05128479003906
2022-06-24,101.1500015258789,87.7389907836914
2022-06-27,100.58000183105469,87.24456024169922
2022-06-28,100.70999908447266,87.3573226928711
2022-06-29,101.5199966430664,88.0599365234375
2022-06-30,102.30000305175781,88.73651885986328
2022-07-01,103.23999786376953,89.68777465820312
2022-07-05,103.62000274658203,90.01788330078125
2022-07-06,102.73999786376953,89.25342559814453
2022-07-07,102.11000061035156,88.70610809326172
2022-07-08,101.48999786376953,88.16748046875
2022-07-11,102.29000091552734,88.86251831054688
2022-07-12,102.52999877929688,89.07096099853516
2022-07-13,102.97000122070312,89.4532241821289
2022-07-14,102.4000015258789,88.9580307006836
2022-07-15,102.75,89.2621078491211
2022-07-18,102.44999694824219,89.00147247314453
2022-07-19,101.9800033569336,88.59318542480469
2022-07-20,101.87999725341797,88.50627136230469
2022-07-21,103.04000091552734,89.51404571533203
2022-07-22,104.22000122070312,90.53915405273438
2022-07-25,103.8499984741211,90.21772003173828
2022-07-26,103.88999938964844,90.25242614746094
2022-07-27,104.0999984741211,90.43487548828125
2022-07-28,105.12999725341797,91.32965850830078
2022-07-29,105.16999816894531,91.36443328857422
2022-08-01,105.5999984741211,91.89874267578125
2022-08-02,104.13999938964844,90.628173828125
2022-08-03,104.56999969482422,91.00240325927734
2022-08-04,105.0999984741211,91.46363830566406
2022-08-05,103.58000183105469,90.14085388183594
2022-08-08,104.19000244140625,90.6717300415039
2022-08-09,103.87999725341797,90.40191650390625
2022-08-10,103.94000244140625,90.45416259765625
2022-08-11,103.25,89.85366821289062
2022-08-12,103.66000366210938,90.2104721069336
2022-08-15,103.98999786376953,90.4976577758789
2022-08-16,103.87000274658203,90.39323425292969
2022-08-17,103.16999816894531,89.7840576171875
2022-08-18,103.37000274658203,89.95807647705078
2022-08-19,102.4800033569336,89.18356323242188
2022-08-22,102.02999877929688,88.79194641113281
2022-08-23,101.77999877929688,88.57437896728516
2022-08-24,101.44000244140625,88.27850341796875
2022-08-25,102.08999633789062,88.84416198730469
2022-08-26,101.97000122070312,88.7397232055664
2022-08-29,101.38999938964844,88.23500061035156
2022-08-30,101.36000061035156,88.20889282226562
2022-08-31,100.94000244140625,87.84339904785156
2022-09-01,99.95999908447266,87.14505767822266
2022-09-02,100.5199966430664,87.63326263427734
2022-09-06,99.4000015258789,86.6568832397461
2022-09-07,100.05000305175781,87.22354888916016
2022-09-08,99.68000030517578,86.90095520019531
2022-09-09,99.69000244140625,86.9096908569336
2022-09-12,99.44999694824219,86.70044708251953
2022-09-13,98.88999938964844,86.21224212646484
2022-09-14,98.94000244140625,86.2558364868164
2022-09-15,98.5999984741211,85.95942687988281
2022-09-16,98.68000030517578,86.02918243408203
2022-09-19,98.4000015258789,85.78506469726562
2022-09-20,97.79000091552734,85.25326538085938
2022-09-21,98.18000030517578,85.59326934814453
2022-09-22,96.69999694824219,84.30299377441406
2022-09-23,96.81999969482422,84.40762329101562
2022-09-26,95.20999908447266,83.0040283203125
2022-09-27,94.55999755859375,82.43734741210938
2022-09-28,96.69000244140625,84.29428100585938
2022-09-29,96.23999786376953,83.90199279785156
2022-09-30,95.98999786376953,83.68402862548828
2022-10-03,96.94000244140625,84.67720031738281
2022-10-04,97.13999938964844,84.85188293457031
2022-10-05,96.22000122070312,84.04827880859375
2022-10-06,95.69000244140625,83.58534240722656
2022-10-07,95.22000122070312,83.17476654052734
2022-10-10,94.66000366210938,82.68560791015625
2022-10-11,94.9000015258789,82.89524841308594
2022-10-12,95.20999908447266,83.16603088378906
2022-10-13,94.80999755859375,82.816650390625
2022-10-14,94.27999877929688,82.3536605834961
2022-10-17,94.37999725341797,82.44104766845703
2022-10-18,94.62000274658203,82.65068054199219
2022-10-19,93.62999725341797,81.78590393066406
2022-10-20,92.93000030517578,81.1744613647461
2022-10-21,93.13999938964844,81.35789489746094
2022-10-24,93.0199966430664,81.2530746459961
2022-10-25,94.18000030517578,82.26634216308594
2022-10-26,94.66000366210938,82.68560791015625
2022-10-27,95.33000183105469,83.2708511352539
2022-10-28,94.83999633789062,82.8428726196289
2022-10-31,94.41000366210938,82.46722412109375
2022-11-01,94.19000244140625,82.45235443115234
2022-11-02,94.02999877929688,82.31229400634766
2022-11-03,93.62000274658203,81.95337677001953
2022-11-04,93.41999816894531,81.7782974243164
2022-11-07,93.08999633789062,81.48944091796875
2022-11-08,93.70999908447266,82.03218841552734
2022-11-09,94.02999877929688,82.31229400634766
2022-11-10,96.13999938964844,84.15938568115234
2022-11-11,95.94000244140625,83.98429107666016
2022-11-14,95.70999908447266,83.7829360961914
2022-11-15,96.41999816894531,84.40448760986328
2022-11-16,97.12999725341797,85.02594757080078
2022-11-17,96.47000122070312,84.44823455810547
2022-11-18,96.12999725341797,84.15058135986328
2022-11-21,96.06999969482422,84.09809875488281
2022-11-22,96.62000274658203,84.57952117919922
2022-11-23,97.13999938964844,85.03472900390625
2022-11-25,97.11000061035156,85.00847625732422
2022-11-28,97.1500015258789,85.04349517822266
2022-11-29,96.73999786376953,84.68457794189453
2022-11-30,97.61000061035156,85.44615173339844
2022-12-01,98.4800033569336,86.37945556640625
2022-12-02,98.68000030517578,86.55485534667969
2022-12-05,97.68000030517578,85.677734375
2022-12-06,98.27999877929688,86.20401763916016
2022-12-07,99.13999938964844,86.95833587646484
2022-12-08,98.58000183105469,86.46715545654297
2022-12-09,97.8499984741211,85.82685852050781
2022-12-12,97.70999908447266,85.70403289794922
2022-12-13,98.58999633789062,86.47589874267578
2022-12-14,98.86000061035156,86.7127456665039
2022-12-15,98.86000061035156,86.8814468383789
2022-12-16,98.61000061035156,86.66180419921875
2022-12-19,97.80999755859375,85.95868682861328
2022-12-20,97.0999984741211,85.33470916748047
2022-12-21,97.22000122070312,85.440185546875
2022-12-22,97.19000244140625,85.41383361816406
2022-12-23,96.75,85.02713012695312
2022-12-27,95.94000244140625,84.3152847290039
2022-12-28,95.70999908447266,84.11317443847656
2022-12-29,96.18000030517578,84.5262222290039
2022-12-30,95.77999877929688,84.1746597290039
2023-01-03,96.52999877929688,84.83378601074219
2023-01-04,97.2699966430664,85.48412322998047
2023-01-05,97.12999725341797,85.36107635498047
2023-01-06,98.37999725341797,86.45960998535156
2023-01-09,98.62999725341797,86.6793441772461
2023-01-10,98.01000213623047,86.13446807861328
2023-01-11,98.63999938964844,86.6881332397461
2023-01-12,99.5199966430664,87.46149444580078
2023-01-13,98.98999786376953,86.99573516845703
2023-01-17,98.68000030517578,86.72328186035156
2023-01-18,100.0199966430664,87.90090942382812
2023-01-19,99.83000183105469,87.73394012451172
2023-01-20,99.16999816894531,87.15391540527344
2023-01-23,98.8499984741211,86.87271118164062
2023-01-24,99.41999816894531,87.37362670898438
2023-01-25,99.52999877929688,87.4703140258789
2023-01-26,99.16999816894531,87.15391540527344
2023-01-27,99.0199966430664,87.02210235595703
2023-01-30,98.70999908447266,86.74966430664062
2023-01-31,99.20999908447266,87.18907165527344
2023-02-01,99.70999908447266,87.816162109375
2023-02-02,99.66999816894531,87.78091430664062
2023-02-03,98.5999984741211,86.83853149414062
2023-02-06,97.75,86.08993530273438
2023-02-07,97.51000213623047,85.87857055664062
2023-02-08,97.87000274658203,86.19563293457031
2023-02-09,97.43000030517578,85.80807495117188
2023-02-10,96.95999908447266,85.3941650390625
2023-02-13,97.19000244140625,85.59674072265625
2023-02-14,96.75,85.20921325683594
2023-02-15,96.45999908447266,84.95381927490234
2023-02-16,96.13999938964844,84.67198944091797
2023-02-17,96.41000366210938,84.90975189208984
2023-02-21,95.36000061035156,83.98503112792969
2023-02-22,95.52999877929688,84.134765625
2023-02-23,95.9000015258789,84.46062469482422
2023-02-24,95.31999969482422,83.94979095458984
2023-02-27,95.61000061035156,84.20521545410156
2023-02-28,95.76000213623047,84.33729553222656
2023-03-01,94.80000305175781,83.66307067871094
2023-03-02,94.41000366210938,83.31890869140625
2023-03-03,95.16999816894531,83.98959350585938
2023-03-06,95.0,83.8395767211914
2023-03-07,95.01000213623047,83.84840393066406
2023-03-08,94.9800033569336,83.82192993164062
2023-03-09,95.56999969482422,84.34259033203125
2023-03-10,97.33000183105469,85.89585876464844
2023-03-13,98.51000213623047,86.93722534179688
2023-03-14,97.58000183105469,86.11648559570312
2023-03-15,98.98999786376953,87.36083221435547
2023-03-16,98.0999984741211,86.57538604736328
2023-03-17,99.26000213623047,87.59910583496094
2023-03-20,98.86000061035156,87.24607849121094
2023-03-21,98.0,86.48712158203125
2023-03-22,99.29000091552734,87.6255874633789
2023-03-23,99.86000061035156,88.12864685058594
2023-03-24,99.88999938964844,88.15507507324219
2023-03-27,98.66000366210938,87.06959533691406
2023-03-28,98.5999984741211,87.01663970947266
2023-03-29,98.43000030517578,86.86663055419922
2023-03-30,98.58000183105469,86.99900817871094
2023-03-31,99.12000274658203,87.4755630493164
2023-04-03,99.38999938964844,87.88761138916016
2023-04-04,100.02999877929688,88.45355224609375
2023-04-05,100.44999694824219,88.82496643066406
2023-04-06,100.4800033569336,88.85147094726562
2023-04-10,99.48999786376953,87.97607421875
2023-04-11,99.44999694824219,87.940673828125
2023-04-12,99.73999786376953,88.19712829589844
2023-04-13,99.41000366210938,87.90532684326172
2023-04-14,98.91999816894531,87.47201538085938
2023-04-17,98.29000091552734,86.9149398803711
2023-04-18,98.44999694824219,87.05642700195312
2023-04-19,98.23999786376953,86.87068939208984
2023-04-20,98.80999755859375,87.37474060058594
2023-04-21,98.56999969482422,87.16254425048828
2023-04-24,99.05000305175781,87.58699035644531
2023-04-25,100.02999877929688,88.45355224609375
2023-04-26,99.63999938964844,88.10869598388672
2023-04-27,98.98999786376953,87.5339126586914
2023-04-28,99.7300033569336,88.1882553100586
2023-05-01,98.31999969482422,87.15032196044922
2023-05-02,99.5999984741211,88.28489685058594
2023-05-03,100.25,88.86104583740234
2023-05-04,100.2300033569336,88.84331512451172
2023-05-05,99.69000244140625,88.36467742919922
2023-05-08,99.08000183105469,87.82396697998047
2023-05-09,98.95999908447266,87.71759796142578
2023-05-10,99.69999694824219,88.37351989746094
2023-05-11,100.06999969482422,88.70148468017578
2023-05-12,99.47000122070312,88.16966247558594
2023-05-15,99.25,87.97467041015625
2023-05-16,98.93000030517578,87.69100952148438
2023-05-17,98.61000061035156,87.40739440917969
2023-05-18,98.0,86.86665344238281
2023-05-19,97.62999725341797,86.5386962890625
2023-05-22,97.44999694824219,86.37913513183594
2023-05-23,97.61000061035156,86.52098083496094
2023-05-24,97.36000061035156,86.29934692382812
2023-05-25,96.75,85.75865936279297
2023-05-26,96.93000030517578,85.918212890625
2023-05-30,97.69000244140625,86.59188842773438
2023-05-31,98.05999755859375,86.91983032226562
2023-06-01,98.0999984741211,87.1615219116211
2023-06-02,97.31999969482422,86.46849060058594
2023-06-05,97.29000091552734,86.44183349609375
2023-06-06,97.3499984741211,86.4951400756836
2023-06-07,96.63999938964844,85.86431884765625
2023-06-08,97.29000091552734,86.44183349609375
2023-06-09,96.94000244140625,86.13086700439453
2023-06-12,97.0999984741211,86.27298736572266
2023-06-13,96.41000366210938,85.65995025634766
2023-06-14,96.54000091552734,85.77544403076172
2023-06-15,97.29000091552734,86.44183349609375
2023-06-16,96.87000274658203,86.06865692138672
2023-06-20,97.16000366210938,86.3263168334961
2023-06-21,97.25,86.40629577636719
2023-06-22,96.69999694824219,85.9176025390625
2023-06-23,97.0999984741211,86.27298736572266
2023-06-26,97.33999633789062,86.48628234863281
2023-06-27,97.0,86.18415832519531
2023-06-28,97.38999938964844,86.5306625366211
2023-06-29,96.38999938964844,85.64219665527344
2023-06-30,96.5999984741211,85.82878875732422
2023-07-03,95.94999694824219,85.45648956298828
2023-07-05,95.48999786376953,85.04676055908203
2023-07-06,94.70999908447266,84.35209655761719
2023-07-07,94.58999633789062,84.24520111083984
2023-07-10,95.08000183105469,84.6816177368164
2023-07-11,95.27999877929688,84.8597640991211
2023-07-12,96.20999908447266,85.68804168701172
2023-07-13,97.01000213623047,86.40056610107422
2023-07-14,96.52999877929688,85.97305297851562
2023-07-17,96.69000244140625,86.11557006835938
2023-07-18,96.80000305175781,86.21350860595703
2023-07-19,97.12999725341797,86.50743865966797
2023-07-20,96.36000061035156,85.82164764404297
2023-07-21,96.44000244140625,85.89287567138672
2023-07-24,96.20999908447266,85.68804168701172
2023-07-25,96.02999877929688,85.52772521972656
2023-07-26,96.36000061035156,85.82164764404297
2023-07-27,95.30999755859375,84.88645935058594
2023-07-28,95.62000274658203,85.16258239746094
2023-07-31,95.73999786376953,85.26943969726562
2023-08-01,94.94000244140625,84.77120971679688
2023-08-02,94.75,84.60154724121094
2023-08-03,94.05000305175781,83.97657775878906
2023-08-04,95.05000305175781,84.86943817138672
2023-08-07,94.81999969482422,84.66405487060547
2023-08-08,95.30000305175781,85.09263610839844
2023-08-09,95.36000061035156,85.14623260498047
2023-08-10,94.62999725341797,84.4944076538086
2023-08-11,94.12999725341797,84.04796600341797
2023-08-14,93.9800033569336,83.91401672363281
2023-08-15,93.80000305175781,83.75332641601562
2023-08-16,93.44000244140625,83.43187713623047
2023-08-17,93.31999969482422,83.32472229003906
2023-08-18,93.5999984741211,83.5747299194336
2023-08-21,93.0199966430664,83.05686950683594
2023-08-22,93.05999755859375,83.09257507324219
2023-08-23,94.06999969482422,83.994384765625
2023-08-24,93.72000122070312,83.68189239501953
2023-08-25,93.69000244140625,83.65509033203125
2023-08-28,93.94999694824219,83.88723754882812
2023-08-29,94.62000274658203,84.48551940917969
2023-08-30,94.61000061035156,84.4765625
2023-08-31,94.80000305175781,84.6462173461914
2023-09-01,93.9800033569336,84.12879180908203
2023-09-05,93.41000366210938,83.61856842041016
2023-09-06,93.16999816894531,83.40370178222656
2023-09-07,93.48999786376953,83.69017028808594
2023-09-08,93.51000213623047,83.70805358886719
2023-09-11,93.3499984741211,83.56482696533203
2023-09-12,93.4800033569336,83.68119812011719
2023-09-13,93.58999633789062,83.7796859741211
2023-09-14,93.37999725341797,83.59170532226562
2023-09-15,93.08999633789062,83.33209991455078
2023-09-18,93.18000030517578,83.41263580322266
2023-09-19,92.83999633789062,83.10828399658203
2023-09-20,92.7699966430664,83.0456314086914
2023-09-21,92.08000183105469,82.4279556274414
2023-09-22,92.44000244140625,82.7502212524414
2023-09-25,91.76000213623047,82.14152526855469
2023-09-26,91.7300033569336,82.1146469116211
2023-09-27,91.31999969482422,81.74761199951172
2023-09-28,91.56999969482422,81.9714126586914
2023-09-29,91.58999633789062,81.98932647705078
2023-10-02,90.61000061035156,81.32426452636719
2023-10-03,89.86000061035156,80.65113067626953
2023-10-04,90.43000030517578,81.1626968383789
2023-10-05,90.5999984741211,81.31529998779297
2023-10-06,90.06999969482422,80.83959197998047
2023-10-09,91.22000122070312,81.87174987792969
2023-10-10,91.04000091552734,81.71021270751953
2023-10-11,91.54000091552734,82.1589584350586
2023-10-12,90.66000366210938,81.36913299560547
2023-10-13,91.23999786376953,81.88969421386719
2023-10-16,90.69999694824219,81.40504455566406
2023-10-17,89.80999755859375,80.60626220703125
2023-10-18,89.38999938964844,80.2292709350586
2023-10-19,88.94999694824219,79.83435821533203
2023-10-20,89.47000122070312,80.30105590820312
2023-10-23,89.88999938964844,80.67804718017578
2023-10-24,90.05000305175781,80.82166290283203
2023-10-25,89.26000213623047,80.11260223388672
2023-10-26,89.94000244140625,80.72293853759766
2023-10-27,90.08000183105469,80.84856414794922
2023-10-30,89.77999877929688,80.57931518554688
2023-10-31,89.58999633789062,80.40878295898438
2023-11-01,90.37000274658203,81.33489990234375
2023-11-02,90.93000030517578,81.83894348144531
2023-11-03,91.62999725341797,82.46894073486328
2023-11-06,91.0999984741211,81.9919204711914
2023-11-07,91.62000274658203,82.45994567871094
2023-11-08,91.98999786376953,82.79292297363281
2023-11-09,91.08000183105469,81.97393035888672
2023-11-10,91.18000030517578,82.06393432617188
2023-11-13,91.12999725341797,82.01893615722656
2023-11-14,92.5,83.251953125
2023-11-15,91.77999877929688,82.60393524169922
2023-11-16,92.47000122070312,83.22496795654297
2023-11-17,92.52999877929688,83.2789306640625
2023-11-20,92.66000366210938,83.39598846435547
2023-11-21,92.77999877929688,83.50395965576172
2023-11-22,92.75,83.47696685791016
2023-11-24,92.2699966430664,83.0449447631836
2023-11-27,92.97000122070312,83.67497253417969
2023-11-28,93.37999725341797,84.0439453125
2023-11-29,93.87000274658203,84.48499298095703
2023-11-30,93.41000366210938,84.07096099853516
2023-12-01,94.04000091552734,84.86419677734375
2023-12-04,93.6500015258789,84.51227569580078
2023-12-05,94.30999755859375,85.10784912109375
2023-12-06,94.69999694824219,85.45978546142578
2023-12-07,94.55999755859375,85.33346557617188
2023-12-08,93.94999694824219,84.78298950195312
2023-12-11,93.95999908447266,84.79202270507812
2023-12-12,94.16000366210938,84.97250366210938
2023-12-13,95.55999755859375,86.23590087890625
2023-12-14,96.06999969482422,86.95274353027344
2023-12-15,95.98999786376953,86.88032531738281
2023-12-18,95.77999877929688,86.69026184082031
2023-12-19,95.95999908447266,86.85316467285156
2023-12-20,96.43000030517578,87.278564453125
2023-12-21,96.27999877929688,87.142822265625
2023-12-22,96.19000244140625,87.06134033203125
2023-12-26,96.25,87.11565399169922
2023-12-27,97.0,87.79447937011719
2023-12-28,96.62999725341797,87.4595718383789
2023-12-29,96.38999938964844,87.24235534667969
2024-01-02,96.02999877929688,86.91653442382812
2024-01-03,96.26000213623047,87.12468719482422
2024-01-04,95.68000030517578,86.59973907470703
2024-01-05,95.33000183105469,86.28297424316406
2024-01-08,95.6500015258789,86.5726089477539
2024-01-09,95.61000061035156,86.53639221191406
2024-01-10,95.45999908447266,86.40059661865234
2024-01-11,95.97000122070312,86.86221313476562
2024-01-12,96.2300033569336,87.09757232666016
2024-01-16,95.44999694824219,86.39154815673828
2024-01-17,95.13999938964844,86.1109848022461
2024-01-18,94.93000030517578,85.92093658447266
2024-01-19,94.94000244140625,85.92996215820312
2024-01-22,95.2300033569336,86.19245147705078
2024-01-23,94.98999786376953,85.97518920898438
2024-01-24,94.72000122070312,85.73085021972656
2024-01-25,95.12999725341797,86.1019287109375
2024-01-26,94.95999908447266,85.94807434082031
2024-01-29,95.52999877929688,86.46399688720703
2024-01-30,95.66000366210938,86.58164978027344
2024-01-31,96.45999908447266,87.30569458007812
2024-02-01,96.81999969482422,87.84646606445312
2024-02-02,95.55999755859375,86.7032699584961
2024-02-05,94.62999725341797,85.85946655273438
2024-02-06,95.13999938964844,86.32218170166016
2024-02-07,94.97000122070312,86.1679458618164
2024-02-08,94.66000366210938,85.88670349121094
2024-02-09,94.48999786376953,85.732421875
2024-02-12,94.58000183105469,85.81407165527344
2024-02-13,93.54000091552734,84.87047576904297
2024-02-14,93.88999938964844,85.18804168701172
2024-02-15,94.1500015258789,85.4239501953125
2024-02-16,93.73999786376953,85.05194854736328
2024-02-20,93.9000015258789,85.19710540771484
2024-02-21,93.5999984741211,84.92488861083984
2024-02-22,93.61000061035156,84.9339828491211
2024-02-23,94.04000091552734,85.32413482666016
2024-02-26,93.9000015258789,85.19710540771484
2024-02-27,93.69000244140625,85.006591796875
2024-02-28,94.02999877929688,85.31505584716797
2024-02-29,94.22000122070312,85.48746490478516
2024-03-01,94.4000015258789,85.87771606445312
2024-03-04,94.19000244140625,85.68669891357422
2024-03-05,94.7699966430664,86.21434020996094
2024-03-06,95.0,86.42355346679688
2024-03-07,95.16000366210938,86.56912994384766
2024-03-08,95.2300033569336,86.63278198242188
2024-03-11,95.11000061035156,86.5236587524414
2024-03-12,94.72000122070312,86.16883087158203
2024-03-13,94.51000213623047,85.9778060913086
2024-03-14,93.80999755859375,85.34098815917969
2024-03-15,93.6500015258789,85.19544982910156
2024-03-18,93.54000091552734,85.09537506103516
2024-03-19,93.80999755859375,85.34098815917969
2024-03-20,94.02999877929688,85.54112243652344
2024-03-21,94.04000091552734,85.55020904541016
2024-03-22,94.5,85.96870422363281
2024-03-25,94.25,85.74126434326172
2024-03-26,94.38999938964844,85.86862182617188
2024-03-27,94.75,86.19612121582031
2024-03-28,94.66000366210938,86.1142807006836
2024-04-01,93.52999877929688,85.3350601196289
2024-04-02,93.33000183105469,85.15258026123047
2024-04-03,93.44000244140625,85.25297546386719
2024-04-04,93.76000213623047,85.54493713378906
2024-04-05,93.13999938964844,84.97924041748047
2024-04-08,92.93000030517578,84.78762817382812
2024-04-09,93.30000305175781,85.12522888183594
2024-04-10,92.05999755859375,83.99388122558594
2024-04-11,91.93000030517578,83.8752670288086
2024-04-12,92.30999755859375,84.22196960449219
2024-04-15,91.72000122070312,83.68365478515625
2024-04-16,91.36000061035156,83.35519409179688
2024-04-17,91.94000244140625,83.88439178466797
2024-04-18,91.62000274658203,83.59244537353516
2024-04-19,91.73999786376953,83.70191955566406
2024-04-22,91.75,83.71102905273438
2024-04-23,91.87000274658203,83.82052612304688
2024-04-24,91.58999633789062,83.56505584716797
2024-04-25,91.23999786376953,83.24571228027344
2024-04-26,91.48999786376953,83.47380828857422
2024-04-29,91.86000061035156,83.81140899658203
2024-04-30,91.43000030517578,83.41908264160156
2024-05-01,91.5199966430664,83.74942016601562
2024-05-02,91.94999694824219,84.14290618896484
2024-05-03,92.45999908447266,84.60960388183594
2024-05-06,92.54000091552734,84.68281555175781
2024-05-07,92.77999877929688,84.9024429321289
2024-05-08,92.5199966430664,84.66450500488281
2024-05-09,92.80000305175781,84.92074584960938
2024-05-10,92.5,84.64620208740234
2024-05-13,92.61000061035156,84.74687957763672
2024-05-14,92.87999725341797,84.99394226074219
2024-05-15,93.58000183105469,85.63451385498047
2024-05-16,93.4000015258789,85.46981048583984
2024-05-17,93.11000061035156,85.2044448852539
2024-05-20,92.97000122070312,85.07630157470703
2024-05-21,93.20999908447266,85.2959213256836
2024-05-22,93.08999633789062,85.18611907958984
2024-05-23,92.76000213623047,84.88414001464844
2024-05-24,92.87999725341797,84.99394226074219
2024-05-28,92.36000061035156,84.51810455322266
2024-05-29,91.91000366210938,84.10630798339844
2024-05-30,92.37000274658203,84.52725982666016
2024-05-31,92.80000305175781,84.92074584960938
2024-06-03,93.12999725341797,85.47692108154297
2024-06-04,93.63999938964844,85.94502258300781
2024-06-05,93.9800033569336,86.25708770751953
2024-06-06,93.94000244140625,86.22039031982422
2024-06-07,92.94999694824219,85.31173706054688
2024-06-10,92.75,85.128173828125
2024-06-11,93.23999786376953,85.5779037475586
2024-06-12,93.76000213623047,86.05519104003906
2024-06-13,94.37999725341797,86.62422180175781
2024-06-14,94.5999984741211,86.82614135742188
2024-06-17,94.16000366210938,86.42230224609375
2024-06-18,94.56999969482422,86.79861450195312
2024-06-20,94.33000183105469,86.57831573486328
2024-06-21,94.3499984741211,86.59668731689453
2024-06-24,94.43000030517578,86.67010498046875
2024-06-25,94.51000213623047,86.7435531616211
2024-06-26,93.94000244140625,86.22039031982422
2024-06-27,94.1500015258789,86.41313934326172
2024-06-28,93.6500015258789,85.9542236328125
2024-07-01,92.66999816894531,85.31437683105469
2024-07-02,93.0199966430664,85.63658905029297
2024-07-03,93.63999938964844,86.2073745727539
2024-07-05,94.16000366210938,86.68611145019531
2024-07-08,94.19000244140625,86.71371459960938
2024-07-09,94.05999755859375,86.59407043457031
2024-07-10,94.1500015258789,86.67691040039062
2024-07-11,94.75,87.22928619384766
2024-07-12,94.94999694824219,87.41341400146484
2024-07-15,94.6500015258789,87.13720703125
2024-07-16,95.06999969482422,87.52386474609375
2024-07-17,95.1500015258789,87.5975341796875
2024-07-18,94.87999725341797,87.34895324707031
2024-07-19,94.58000183105469,87.0727767944336
2024-07-22,94.48999786376953,86.98991394042969
2024-07-23,94.55999755859375,87.05435180664062
2024-07-24,94.3499984741211,86.86103057861328
2024-07-25,94.55999755859375,87.05435180664062
2024-07-26,95.01000213623047,87.4686508178711
2024-07-29,95.16999816894531,87.61593627929688
2024-07-30,95.37000274658203,87.80007934570312
2024-07-31,96.06999969482422,88.44451904296875
2024-08-01,96.19000244140625,88.82217407226562
2024-08-02,97.68000030517578,90.19805908203125
2024-08-05,97.77999877929688,90.29039001464844
2024-08-06,96.91000366210938,89.48703002929688
2024-08-07,96.55999755859375,89.16383361816406
2024-08-08,96.2699966430664,88.89604187011719
2024-08-09,96.66000366210938,89.25617980957031
2024-08-12,96.93000030517578,89.5054931640625
2024-08-13,97.36000061035156,89.90255737304688
2024-08-14,97.48999786376953,90.02262878417969
2024-08-15,96.87999725341797,89.45932006835938
2024-08-16,97.06999969482422,89.634765625
2024-08-19,97.19999694824219,89.75483703613281
2024-08-20,97.58999633789062,90.11495208740234
2024-08-21,97.79000091552734,90.29963684082031
2024-08-22,97.33999633789062,89.88408660888672
2024-08-23,97.79000091552734,90.29963684082031
2024-08-26,97.66999816894531,90.18880462646484
2024-08-27,97.62999725341797,90.1518783569336
2024-08-28,97.58000183105469,90.105712890625
2024-08-29,97.41000366210938,89.94873046875
2024-08-30,97.06999969482422,89.634765625
2024-09-03,97.41999816894531,90.22566223144531
2024-09-04,97.98999786376953,90.75355529785156
2024-09-05,98.22000122070312,90.96656036376953
2024-09-06,98.36000061035156,91.09624481201172
2024-09-09,98.5,91.22589874267578
2024-09-10,98.91999816894531,91.61488342285156
2024-09-11,98.8499984741211,91.55006408691406
2024-09-12,98.69000244140625,91.4018783569336
2024-09-13,98.87999725341797,91.57783508300781
2024-09-16,99.13999938964844,91.81863403320312
2024-09-17,98.95999908447266,91.65193176269531
2024-09-18,98.52999877929688,91.2536849975586
2024-09-19,98.44999694824219,91.17959594726562
2024-09-20,98.41999816894531,91.15181732177734
2024-09-23,98.36000061035156,91.09624481201172
2024-09-24,98.47000122070312,91.1981201171875
2024-09-25,98.06999969482422,90.8276596069336
2024-09-26,98.0,90.7628402709961
2024-09-27,98.38999938964844,91.1240234375
2024-09-30,98.12000274658203,90.87397766113281
2024-10-01,98.19000244140625,91.20463562011719
2024-10-02,97.91000366210938,90.9445571899414
2024-10-03,97.41000366210938,90.48011779785156
2024-10-04,96.47000122070312,89.60700988769531
2024-10-07,96.12000274658203,89.28190612792969
2024-10-08,96.19999694824219,89.35621643066406
2024-10-09,95.83999633789062,89.02182006835938
2024-10-10,95.83000183105469,89.01251983642578
2024-10-11,95.86000061035156,89.04039764404297
2024-10-14,95.69000244140625,88.88249206542969
2024-10-15,96.18000030517578,89.33763122558594
2024-10-16,96.33000183105469,89.47695922851562
2024-10-17,95.83000183105469,89.01251983642578
2024-10-18,95.94000244140625,89.11470031738281
2024-10-21,95.19999694824219,88.42735290527344
2024-10-22,95.11000061035156,88.34376525878906
2024-10-23,94.88999938964844,88.13939666748047
2024-10-24,95.0999984741211,88.33448028564453
2024-10-25,94.88999938964844,88.13939666748047
2024-10-28,94.66999816894531,87.93506622314453
2024-10-29,94.70999908447266,87.97221374511719
2024-10-30,94.56999969482422,87.84217834472656
2024-10-31,94.5199966430664,87.79571533203125
2024-11-01,93.66999816894531,87.27581024169922
2024-11-04,94.16999816894531,87.74168395996094
2024-11-05,94.22000122070312,87.78826904296875
2024-11-06,93.25,86.8844985961914
2024-11-07,94.0,87.58329772949219
2024-11-08,94.19999694824219,87.76964569091797
2024-11-11,93.94000244140625,87.52738189697266
2024-11-12,93.3499984741211,86.97765350341797
2024-11-13,93.29000091552734,86.9217529296875
2024-11-14,93.27999877929688,86.91242980957031
2024-11-15,93.31999969482422,86.94970703125
2024-11-18,93.52999877929688,87.14537048339844
2024-11-19,93.7300033569336,87.33170318603516
2024-11-20,93.58999633789062,87.20127868652344
2024-11-21,93.54000091552734,87.15470123291016
2024-11-22,93.5999984741211,87.21060180664062
2024-11-25,94.61000061035156,88.15164184570312
2024-11-26,94.41000366210938,87.96531677246094
2024-11-27,94.79000091552734,88.31936645507812
2024-11-29,95.19000244140625,88.69205474853516
2024-12-02,94.88999938964844,88.68460083007812
2024-12-03,94.62000274658203,88.43222045898438
2024-12-04,94.9800033569336,88.76870727539062
2024-12-05,94.97000122070312,88.75935363769531
2024-12-06,95.2699966430664,89.03972625732422
2024-12-09,94.94000244140625,88.73131561279297
2024-12-10,94.7699966430664,88.57243347167969
2024-12-11,94.48999786376953,88.31073760986328
2024-12-12,94.12999725341797,87.97430419921875
2024-12-13,93.69000244140625,87.56306457519531
2024-12-16,93.72000122070312,87.59110260009766
2024-12-17,93.72000122070312,87.59110260009766
2024-12-18,92.69000244140625,86.9140853881836
2024-12-19,92.2699966430664,86.5202407836914
2024-12-20,92.61000061035156,86.83908081054688
2024-12-23,92.19999694824219,86.4546127319336
2024-12-24,92.25,86.50148010253906
2024-12-26,92.31999969482422,86.56712341308594
2024-12-27,92.08000183105469,86.34209442138672
2024-12-30,92.62000274658203,86.84843444824219
2024-12-31,92.44999694824219,86.68904876708984
2025-01-02,92.5,86.73592376708984
2025-01-03,92.3499984741211,86.59526062011719
2025-01-06,92.26000213623047,86.51089477539062
2025-01-07,91.83999633789062,86.11705780029297
2025-01-08,92.0,86.26707458496094
2025-01-10,91.33000183105469,85.63883972167969
2025-01-13,91.16999816894531,85.48880767822266
2025-01-14,91.19999694824219,85.51692962646484
2025-01-15,92.16000366210938,86.41712188720703
2025-01-16,92.37999725341797,86.6233901977539
2025-01-17,92.44999694824219,86.68904876708984
2025-01-21,92.76000213623047,86.97972106933594
2025-01-22,92.5199966430664,86.75465393066406
2025-01-23,92.27999877929688,86.52962493896484
2025-01-24,92.47000122070312,86.70779418945312
2025-01-27,93.06999969482422,87.27040100097656
2025-01-28,93.08000183105469,87.27978515625
2025-01-29,92.97000122070312,87.17662811279297
2025-01-30,93.16999816894531,87.36417388916016
2025-01-31,93.0199966430664,87.22351837158203
2025-02-03,92.79000091552734,87.28560638427734
2025-02-04,93.0199966430664,87.50196075439453
2025-02-05,93.55999755859375,88.00992584228516
2025-02-06,93.44999694824219,87.90645599365234
2025-02-07,93.13999938964844,87.6148452758789
2025-02-10,93.12000274658203,87.59603118896484
2025-02-11,92.87999725341797,87.3702621459961
2025-02-12,92.23999786376953,86.76822662353516
2025-02-13,92.93000030517578,87.41729736328125
2025-02-14,93.31999969482422,87.78416442871094
2025-02-18,92.81999969482422,87.31383514404297
2025-02-19,92.97000122070312,87.45491790771484
2025-02-20,93.16000366210938,87.63365173339844
2025-02-21,93.70999908447266,88.15104675292969
2025-02-24,93.91000366210938,88.33916473388672
2025-02-25,94.6500015258789,89.03527069091797
2025-02-26,94.91000366210938,89.27984619140625
2025-02-27,94.80000305175781,89.1763687133789
2025-02-28,95.31999969482422,89.66551971435547
2025-03-03,95.38999938964844,89.99099731445312
2025-03-04,95.08999633789062,89.70796203613281
2025-03-05,94.55999755859375,89.20797729492188
2025-03-06,94.51000213623047,89.16081237792969
2025-03-07,94.38999938964844,89.0475845336914
2025-03-10,95.05000305175781,89.67023468017578
2025-03-11,94.70999908447266,89.34947204589844
2025-03-12,94.43000030517578,89.0853271484375
2025-03-13,94.80999755859375,89.4438247680664
2025-03-14,94.4800033569336,89.13249969482422
2025-03-17,94.55999755859375,89.20797729492188
2025-03-18,94.66999816894531,89.31175994873047
2025-03-19,94.95999908447266,89.58534240722656
2025-03-20,95.0999984741211,89.71741485595703
2025-03-21,95.0199966430664,89.64192962646484
2025-03-24,94.47000122070312,89.12308502197266
2025-03-25,94.62999725341797,89.27401733398438
2025-03-26,94.41000366210938,89.06646728515625
2025-03-27,94.33000183105469,88.99098205566406
2025-03-28,95.08999633789062,89.70796203613281
2025-03-31,95.37000274658203,89.97213745117188
2025-04-01,95.4000015258789,90.28823852539062
2025-04-02,95.30999755859375,90.20306396484375
2025-04-03,96.29000091552734,91.13054656982422
2025-04-04,96.55999755859375,91.38609313964844
2025-04-07,95.41000366210938,90.29771423339844
2025-04-08,94.93000030517578,89.84343719482422
2025-04-09,94.62999725341797,89.55949401855469
2025-04-10,94.04000091552734,89.00110626220703
2025-04-11,93.51000213623047,88.49949645996094
2025-04-14,94.26000213623047,89.2093276977539
2025-04-15,94.54000091552734,89.47430419921875
2025-04-16,94.94999694824219,89.86233520507812
2025-04-17,94.68000030517578,89.60680389404297
2025-04-21,94.16999816894531,89.12413787841797
2025-04-22,94.23999786376953,89.19039154052734
2025-04-23,94.33999633789062,89.28502655029297
2025-04-24,94.8499984741211,89.7677001953125
2025-04-25,95.20999908447266,90.10842895507812
2025-04-28,95.58999633789062,90.46805572509766
2025-04-29,95.91999816894531,90.7803726196289
2025-04-30,96.06999969482422,90.92235565185547
2025-05-01,95.33999633789062,90.52640533447266
2025-05-02,94.69999694824219,89.918701171875
2025-05-05,94.52999877929688,89.75727844238281
2025-05-06,94.7699966430664,89.98516845703125
2025-05-07,95.0199966430664,90.22254180908203
2025-05-08,94.27999877929688,89.51991271972656
2025-05-09,94.3499984741211,89.58638000488281
2025-05-12,93.75,89.01667022705078
2025-05-13,93.68000030517578,88.95020294189453
2025-05-14,93.33000183105469,88.61787414550781
2025-05-15,93.94000244140625,89.19706726074219
2025-05-16,93.97000122070312,89.2255630493164
2025-05-19,93.91999816894531,89.17809295654297
2025-05-20,93.80000305175781,89.06414794921875
2025-05-21,93.1500015258789,88.44696044921875
2025-05-22,93.5,88.7792739868164
2025-05-23,93.7699966430664,89.03565979003906
2025-05-27,94.16000366210938,89.4059829711914
2025-05-28,93.9000015258789,89.15908813476562
2025-05-29,94.29000091552734,89.52941131591797
2025-05-30,94.56999969482422,89.79527282714844
2025-06-02,93.94000244140625,89.49042510986328
2025-06-03,93.8499984741211,89.40467834472656
2025-06-04,94.54000091552734,90.06201171875
2025-06-05,94.26000213623047,89.7952651977539
2025-06-06,93.51000213623047,89.08079528808594
2025-06-09,93.68000030517578,89.24273681640625
2025-06-10,93.83999633789062,89.39514923095703
2025-06-11,94.2300033569336,89.7667007446289
2025-06-12,94.63999938964844,90.15727996826172
2025-06-13,94.29000091552734,89.8238525390625
2025-06-16,94.0199966430664,89.56664276123047
2025-06-17,94.4800033569336,90.0048599243164
2025-06-18,94.54000091552734,90.06201171875
2025-06-20,94.5999984741211,90.1191635131836
2025-06-23,94.93000030517578,90.43353271484375
2025-06-24,95.26000213623047,90.74791717529297
2025-06-25,95.30000305175781,90.78600311279297
2025-06-26,95.63999938964844,91.10990905761719
2025-06-27,95.38999938964844,90.8717269897461
2025-06-30,95.7699966430664,91.23373413085938
2025-07-01,95.29000091552734,91.06460571289062
2025-07-02,95.08999633789062,90.87346649169922
2025-07-03,94.76000213623047,90.55809020996094
2025-07-07,94.45999908447266,90.2713851928711
2025-07-08,94.31999969482422,90.13760375976562
2025-07-09,94.80999755859375,90.60587310791016
2025-07-10,94.76000213623047,90.55809020996094
2025-07-11,94.31999969482422,90.13760375976562
2025-07-14,94.27999877929688,90.09937286376953
2025-07-15,93.91000366210938,89.74578857421875
2025-07-16,94.16999816894531,89.99425506591797
2025-07-17,94.13999938964844,89.96558380126953
2025-07-18,94.4000015258789,90.21405792236328
2025-07-21,94.7300033569336,90.52942657470703
2025-07-22,95.0,90.7874526977539
2025-07-23,94.66000366210938,90.4625244140625
2025-07-24,94.5199966430664,90.32872772216797
2025-07-25,94.73999786376953,90.53898620605469
2025-07-28,94.52999877929688,90.33828735351562
2025-07-29,95.1500015258789,90.93079376220703
2025-07-30,94.81999969482422,90.61544799804688
2025-07-31,94.9000015258789,90.69189453125
2025-08-01,95.68000030517578,91.73599243164062
2025-08-04,95.80999755859375,91.86064910888672
2025-08-05,95.73999786376953,91.79351043701172
2025-08-06,95.66999816894531,91.72640228271484
2025-08-07,95.5999984741211,91.65929412841797
2025-08-08,95.37999725341797,91.4483642578125
2025-08-11,95.41000366210938,91.47713470458984
2025-08-12,95.38999938964844,91.45795440673828
2025-08-13,95.7300033569336,91.7839584350586
2025-08-14,95.41999816894531,91.48670196533203
2025-08-15,95.2300033569336,91.30455017089844
2025-08-18,95.13999938964844,91.21824645996094
2025-08-19,95.37999725341797,91.4483642578125
2025-08-20,95.5199966430664,91.58258819580078
2025-08-21,95.23999786376953,91.31414031982422
2025-08-22,95.7699966430664,91.8222885131836
2025-08-25,95.58000183105469,91.64013671875
2025-08-26,95.83000183105469,91.87980651855469
2025-08-27,96.01000213623047,92.0523910522461
2025-08-28,96.2300033569336,92.26334381103516
2025-08-29,96.1500015258789,92.18663787841797
2025-09-02,95.55000305175781,91.9115219116211
2025-09-03,95.87999725341797,92.22895812988281
2025-09-04,96.30999755859375,92.642578125
2025-09-05,96.77999877929688,93.09468078613281
2025-09-08,97.08000183105469,93.38325500488281
2025-09-09,96.8499984741211,93.16200256347656
2025-09-10,97.11000061035156,93.41211700439453
2025-09-11,97.26000213623047,93.55640411376953
2025-09-12,96.9800033569336,93.28706359863281
2025-09-15,97.13999938964844,93.44096374511719
2025-09-16,97.19999694824219,93.49868774414062
2025-09-17,96.98999786376953,93.29668426513672
2025-09-18,96.66999816894531,92.98886108398438
2025-09-19,96.62999725341797,92.95038604736328
2025-09-22,96.47000122070312,92.79650115966797
2025-09-23,96.73999786376953,93.05619812011719
2025-09-24,96.4800033569336,92.80610656738281
2025-09-25,96.2699966430664,92.60409545898438
2025-09-26,96.22000122070312,92.55601501464844
2025-09-29,96.5,92.8253402709961
2025-09-30,96.45999908447266,92.786865234375
2025-10-01,96.48999786376953,93.09947204589844
2025-10-02,96.58999633789062,93.19596099853516
2025-10-03,96.4000015258789,93.01263427734375
2025-10-06,96.12000274658203,92.74249267578125
2025-10-07,96.36000061035156,92.97405242919922
2025-10-08,96.37999725341797,92.99333190917969
2025-10-09,96.30999755859375,92.92581176757812
2025-10-10,96.91000366210938,93.50473022460938
2025-10-13,96.95999908447266,93.552978515625
2025-10-14,97.20999908447266,93.79418182373047
2025-10-15,97.0999984741211,93.68804168701172
2025-10-16,97.55000305175781,94.12224578857422
2025-10-17,97.38999938964844,93.96784973144531
2025-10-20,97.5199966430664,94.09327697753906
2025-10-21,97.69999694824219,94.26696014404297
2025-10-22,97.72000122070312,94.28626251220703
2025-10-23,97.4000015258789,93.9775161743164
2025-10-24,97.48999786376953,94.06433868408203
2025-10-27,97.48999786376953,94.06433868408203
2025-10-28,97.58000183105469,94.15117645263672
2025-10-29,96.94999694824219,93.54331970214844
2025-10-30,96.80999755859375,93.4082260131836
2025-10-31,96.8499984741211,93.44682312011719
2025-11-03,96.5,93.40231323242188
2025-11-04,96.62000274658203,93.51846313476562
2025-11-05,96.16000366210938,93.07323455810547
2025-11-06,96.6500015258789,93.54749298095703
2025-11-07,96.69000244140625,93.58621215820312
2025-11-10,96.55999755859375,93.46038055419922
2025-11-11,96.86000061035156,93.7507553100586
2025-11-12,96.87999725341797,93.77011108398438
2025-11-13,96.5999984741211,93.49910736083984
2025-11-14,96.44000244140625,93.34424591064453
2025-11-17,96.55000305175781,93.45071411132812
2025-11-18,96.70999908447266,93.6055679321289
2025-11-19,96.63999938964844,93.53781127929688
2025-11-20,96.87000274658203,93.76044464111328
2025-11-21,97.19000244140625,94.07014465332031
2025-11-24,97.33999633789062,94.21534729003906
2025-11-25,97.58999633789062,94.45731353759766
2025-11-26,97.66999816894531,94.53475189208984
2025-11-28,97.5,94.3702163696289
2025-12-01,96.69000244140625,93.86347198486328
2025-12-02,96.7699966430664,93.94111633300781
2025-12-03,96.97000122070312,94.13528442382812
2025-12-04,96.66999816894531,93.84405517578125
2025-12-05,96.47000122070312,93.64990234375
2025-12-08,96.2699966430664,93.45575714111328
2025-12-09,96.12999725341797,93.31983184814453
2025-12-10,96.44000244140625,93.62078857421875
2025-12-11,96.44999694824219,93.6304702758789
2025-12-12,96.19000244140625,93.37808227539062
2025-12-15,96.2699966430664,93.45575714111328
2025-12-16,96.54000091552734,93.71784973144531
2025-12-17,96.5199966430664,93.69843292236328
2025-12-18,96.7699966430664,93.94111633300781
2025-12-19,96.23999786376953,93.72978973388672
2025-12-22,96.13999938964844,93.63239288330078
2025-12-23,96.0999984741211,93.59342956542969
2025-12-24,96.3499984741211,93.8369140625
2025-12-26,96.44000244140625,93.92459106445312
2025-12-29,96.58000183105469,94.0609130859375
2025-12-30,96.4800033569336,93.9635238647461
2025-12-31,96.16000366210938,93.65187072753906
2026-01-02,96.08000183105469,93.57396697998047
