date,close,adj_close
2014-12-01,12.199999809265137,9.451586723327637
2014-12-02,12.119999885559082,9.389608383178711
2014-12-03,12.104999542236328,9.377988815307617
2014-12-04,12.1274995803833,9.395421028137207
2014-12-05,12.107500076293945,9.379924774169922
2014-12-08,12.149999618530273,9.412850379943848
2014-12-09,12.226249694824219,9.471923828125
2014-12-10,12.227499961853027,9.472891807556152
2014-12-11,12.220000267028809,9.467081069946289
2014-12-12,12.327500343322754,9.550363540649414
2014-12-15,12.337499618530273,9.558111190795898
2014-12-16,12.364999771118164,9.579416275024414
2014-12-17,12.3725004196167,9.585227966308594
2014-12-18,12.272500038146973,9.507755279541016
2014-12-19,12.274999618530273,9.509693145751953
2014-12-22,12.295000076293945,9.525185585021973
2014-12-23,12.274999618530273,9.509693145751953
2014-12-24,12.234999656677246,9.478703498840332
2014-12-29,12.305000305175781,9.53293228149414
2014-12-30,12.345000267028809,9.563921928405762
2014-12-31,12.399999618530273,9.606529235839844
2015-01-02,12.442500114440918,9.639456748962402
2015-01-05,12.513750076293945,9.69465446472168
2015-01-06,12.607500076293945,9.76728630065918
2015-01-07,12.583749771118164,9.748886108398438
2015-01-08,12.550000190734863,9.722737312316895
2015-01-09,12.604999542236328,9.765349388122559
2015-01-12,12.6225004196167,9.778907775878906
2015-01-13,12.637499809265137,9.790528297424316
2015-01-14,12.72249984741211,9.856379508972168
2015-01-15,12.708749771118164,9.845726013183594
2015-01-16,12.704999923706055,9.842823028564453
2015-01-19,12.739999771118164,9.869935989379883
2015-01-20,12.762499809265137,9.887367248535156
2015-01-21,12.797499656677246,9.914482116699219
2015-01-22,12.744999885559082,9.873810768127441
2015-01-23,12.835000038146973,9.943533897399902
2015-01-26,12.806249618530273,9.921260833740234
2015-01-27,12.822500228881836,9.933850288391113
2015-01-28,12.827500343322754,9.937725067138672
2015-01-29,12.875,9.974523544311523
2015-01-30,12.96500015258789,10.044249534606934
2015-02-02,12.927499771118164,10.015195846557617
2015-02-03,12.824999809265137,9.935787200927734
2015-02-04,12.737500190734863,9.867997169494629
2015-02-05,12.720000267028809,9.854439735412598
2015-02-06,12.607500076293945,9.76728630065918
2015-02-09,12.635000228881836,9.788591384887695
2015-02-10,12.567500114440918,9.736296653747559
2015-02-11,12.5337495803833,9.710149765014648
2015-02-12,12.52750015258789,9.705307960510254
2015-02-13,12.520000457763672,9.69949722290039
2015-02-16,12.512499809265137,9.69368839263916
2015-02-17,12.432499885559082,9.63171100616455
2015-02-18,12.329999923706055,9.552302360534668
2015-02-19,12.367500305175781,9.581350326538086
2015-02-20,12.432499885559082,9.63171100616455
2015-02-23,12.40250015258789,9.608469009399414
2015-02-24,12.462499618530273,9.654951095581055
2015-02-25,12.492500305175781,9.678193092346191
2015-02-26,12.5024995803833,9.685937881469727
2015-02-27,12.430000305175781,9.62977123260498
2015-03-02,12.392499923706055,9.600720405578613
2015-03-03,12.322500228881836,9.546491622924805
2015-03-04,12.279999732971191,9.51356315612793
2015-03-05,12.292499542236328,9.523250579833984
2015-03-06,12.199999809265137,9.451586723327637
2015-03-09,12.210000038146973,9.459332466125488
2015-03-10,12.326250076293945,9.549395561218262
2015-03-11,12.319999694824219,9.544550895690918
2015-03-12,12.404999732971191,9.610404968261719
2015-03-13,12.438750267028809,9.636552810668945
2015-03-16,12.475000381469727,9.664633750915527
2015-03-17,12.4975004196167,9.682065963745117
2015-03-18,12.579999923706055,9.745980262756348
2015-03-19,12.667499542236328,9.813769340515137
2015-03-20,12.6875,9.829261779785156
2015-03-23,12.694999694824219,9.835070610046387
2015-03-24,12.717499732971191,9.852502822875977
2015-03-25,12.748749732971191,9.876716613769531
2015-03-26,12.640000343322754,9.792462348937988
2015-03-27,12.702500343322754,9.840883255004883
2015-03-30,12.662500381469727,9.809894561767578
2015-03-31,12.649999618530273,9.800209999084473
2015-04-01,12.710000038146973,9.846693992614746
2015-04-02,12.672499656677246,9.817641258239746
2015-04-07,12.640000343322754,9.792462348937988
2015-04-08,12.670000076293945,9.815703392028809
2015-04-09,12.664999961853027,9.811833381652832
2015-04-10,12.662500381469727,9.809894561767578
2015-04-13,12.65250015258789,9.802148818969727
2015-04-14,12.744999885559082,9.873810768127441
2015-04-15,12.694999694824219,9.835070610046387
2015-04-16,12.637499809265137,9.790528297424316
2015-04-17,12.649999618530273,9.800209999084473
2015-04-20,12.667499542236328,9.813769340515137
2015-04-21,12.65999984741211,9.807957649230957
2015-04-22,12.5024995803833,9.685937881469727
2015-04-23,12.53499984741211,9.7111177444458
2015-04-24,12.587499618530273,9.751791000366211
2015-04-27,12.539999961853027,9.714993476867676
2015-04-28,12.537500381469727,9.713054656982422
2015-04-29,12.391249656677246,9.599754333496094
2015-04-30,12.28499984741211,9.614270210266113
2015-05-01,12.263750076293945,9.597639083862305
2015-05-05,12.135000228881836,9.496879577636719
2015-05-06,12.147500038146973,9.506660461425781
2015-05-07,12.21500015258789,9.55948543548584
2015-05-08,12.28499984741211,9.614270210266113
2015-05-11,12.229999542236328,9.5712251663208
2015-05-12,12.146249771118164,9.505683898925781
2015-05-13,12.137499809265137,9.498836517333984
2015-05-14,12.135000228881836,9.496879577636719
2015-05-15,12.2475004196167,9.584921836853027
2015-05-18,12.181249618530273,9.533075332641602
2015-05-19,12.175000190734863,9.528182029724121
2015-05-20,12.15999984741211,9.516441345214844
2015-05-21,12.15999984741211,9.516441345214844
2015-05-22,12.204999923706055,9.55166244506836
2015-05-26,12.255000114440918,9.590789794921875
2015-05-27,12.241250038146973,9.580031394958496
2015-05-28,12.272500038146973,9.604487419128418
2015-05-29,12.332500457763672,9.651443481445312
2015-06-01,12.287500381469727,9.616226196289062
2015-06-02,12.171250343322754,9.525245666503906
2015-06-03,12.045000076293945,9.426446914672852
2015-06-04,12.112500190734863,9.47927188873291
2015-06-05,12.074999809265137,9.449921607971191
2015-06-08,12.09000015258789,9.461661338806152
2015-06-09,12.023750305175781,9.409814834594727
2015-06-10,11.979999542236328,9.375574111938477
2015-06-11,12.057499885559082,9.436225891113281
2015-06-12,12.118749618530273,9.484161376953125
2015-06-15,12.103750228881836,9.472423553466797
2015-06-16,12.123749732971191,9.488077163696289
2015-06-17,12.047499656677246,9.428399085998535
2015-06-18,12.055000305175781,9.434270858764648
2015-06-19,12.085000038146973,9.457748413085938
2015-06-22,11.994999885559082,9.38731575012207
2015-06-23,11.994999885559082,9.38731575012207
2015-06-24,11.989999771118164,9.383400917053223
2015-06-25,12.0024995803833,9.393184661865234
2015-06-26,11.960000038146973,9.359923362731934
2015-06-29,12.0649995803833,9.442095756530762
2015-06-30,12.118749618530273,9.484161376953125
2015-07-01,12.005000114440918,9.395139694213867
2015-07-02,12.032500267028809,9.416662216186523
2015-07-03,12.112500190734863,9.47927188873291
2015-07-06,12.095000267028809,9.465576171875
2015-07-07,12.270000457763672,9.602530479431152
2015-07-08,12.217499732971191,9.561444282531738
2015-07-09,12.15999984741211,9.516441345214844
2015-07-10,12.045000076293945,9.426446914672852
2015-07-13,12.0024995803833,9.393184661865234
2015-07-14,11.979999542236328,9.375574111938477
2015-07-15,12.010000228881836,9.399053573608398
2015-07-16,12.039999961853027,9.422531127929688
2015-07-17,12.042499542236328,9.424488067626953
2015-07-20,12.039999961853027,9.422531127929688
2015-07-21,12.024999618530273,9.41079330444336
2015-07-22,12.104999542236328,9.473400115966797
2015-07-23,12.117500305175781,9.483184814453125
2015-07-24,12.210000038146973,9.555572509765625
2015-07-27,12.237500190734863,9.577093124389648
2015-07-28,12.229999542236328,9.5712251663208
2015-07-29,12.1875,9.537964820861816
2015-07-30,12.210000038146973,9.555572509765625
2015-07-31,12.297499656677246,9.624051094055176
2015-08-03,12.337499618530273,9.655356407165527
2015-08-04,12.324999809265137,9.6455717086792
2015-08-05,12.21500015258789,9.55948543548584
2015-08-06,12.307499885559082,9.631878852844238
2015-08-07,12.392499923706055,9.698399543762207
2015-08-10,12.3125,9.63578987121582
2015-08-11,12.40250015258789,9.706225395202637
2015-08-12,12.420000076293945,9.71992015838623
2015-08-13,12.364999771118164,9.676878929138184
2015-08-14,12.327500343322754,9.647528648376465
2015-08-17,12.380000114440918,9.688617706298828
2015-08-18,12.319999694824219,9.641658782958984
2015-08-19,12.350000381469727,9.665138244628906
2015-08-20,12.425000190734863,9.723834991455078
2015-08-21,12.492500305175781,9.776659965515137
2015-08-24,12.494999885559082,9.778616905212402
2015-08-25,12.392499923706055,9.698399543762207
2015-08-26,12.327500343322754,9.647528648376465
2015-08-27,12.3125,9.63578987121582
2015-08-28,12.3100004196167,9.633832931518555
2015-09-01,12.327500343322754,9.647528648376465
2015-09-02,12.34000015258789,9.65731143951416
2015-09-03,12.362500190734863,9.674921035766602
2015-09-04,12.46500015258789,9.75514030456543
2015-09-07,12.489999771118164,9.774701118469238
2015-09-08,12.444999694824219,9.739484786987305
2015-09-09,12.404999732971191,9.708182334899902
2015-09-10,12.395000457763672,9.700356483459473
2015-09-11,12.447500228881836,9.741442680358887
2015-09-14,12.417499542236328,9.717963218688965
2015-09-15,12.367500305175781,9.678831100463867
2015-09-16,12.307499885559082,9.631878852844238
2015-09-17,12.289999961853027,9.618182182312012
2015-09-18,12.412500381469727,9.714051246643066
2015-09-21,12.350000381469727,9.665138244628906
2015-09-22,12.462499618530273,9.753181457519531
2015-09-23,12.460000038146973,9.75122356414795
2015-09-24,12.507499694824219,9.788397789001465
2015-09-25,12.414999961853027,9.716009140014648
2015-09-28,12.470000267028809,9.759047508239746
2015-09-29,12.5024995803833,9.784483909606934
2015-09-30,12.4975004196167,9.780573844909668
2015-10-01,12.523750305175781,9.801115989685059
2015-10-02,12.5649995803833,9.83339786529541
2015-10-05,12.462499618530273,9.753181457519531
2015-10-06,12.444999694824219,9.739484786987305
2015-10-07,12.404999732971191,9.708182334899902
2015-10-08,12.401249885559082,9.705245971679688
2015-10-09,12.363750457763672,9.675899505615234
2015-10-12,12.40999984741211,9.712095260620117
2015-10-13,12.387499809265137,9.694486618041992
2015-10-14,12.462499618530273,9.753181457519531
2015-10-15,12.449999809265137,9.743398666381836
2015-10-16,12.422499656677246,9.721877098083496
2015-10-19,12.382499694824219,9.690570831298828
2015-10-20,12.357500076293945,9.671008110046387
2015-10-21,12.417499542236328,9.717963218688965
2015-10-22,12.427499771118164,9.725789070129395
2015-10-23,12.359999656677246,9.672964096069336
2015-10-26,12.4037504196167,9.707201957702637
2015-10-27,12.47249984741211,9.761005401611328
2015-10-28,12.442500114440918,9.737527847290039
2015-10-29,12.3100004196167,9.633832931518555
2015-10-30,12.332500457763672,9.651443481445312
2015-11-02,12.3149995803833,9.637746810913086
2015-11-03,12.274999618530273,9.606444358825684
2015-11-04,12.227499961853027,9.569271087646484
2015-11-05,12.274999618530273,9.606444358825684
2015-11-06,12.220000267028809,9.563400268554688
2015-11-09,12.21500015258789,9.55948543548584
2015-11-10,12.237500190734863,9.577093124389648
2015-11-11,12.210000038146973,9.555572509765625
2015-11-12,12.1274995803833,9.58957576751709
2015-11-13,12.162500381469727,9.6172513961792
2015-11-16,12.194999694824219,9.64294719696045
2015-11-17,12.15999984741211,9.615272521972656
2015-11-18,12.197500228881836,9.644927024841309
2015-11-19,12.242500305175781,9.680509567260742
2015-11-20,12.267499923706055,9.700275421142578
2015-11-23,12.255000114440918,9.690393447875977
2015-11-24,12.265000343322754,9.698301315307617
2015-11-25,12.262499809265137,9.696325302124023
2015-11-26,12.3125,9.735860824584961
2015-11-27,12.34749984741211,9.76353645324707
2015-11-30,12.34000015258789,9.75760555267334
2015-12-01,12.427499771118164,9.82679271697998
2015-12-02,12.4375,9.834701538085938
2015-12-03,12.287500381469727,9.716093063354492
2015-12-04,12.241250038146973,9.679522514343262
2015-12-07,12.380000114440918,9.789236068725586
2015-12-08,12.392499923706055,9.799118995666504
2015-12-09,12.30875015258789,9.732895851135254
2015-12-10,12.323749542236328,9.744755744934082
2015-12-11,12.3725004196167,9.783307075500488
2015-12-14,12.375,9.785280227661133
2015-12-15,12.227499961853027,9.668649673461914
2015-12-16,12.202500343322754,9.648882865905762
2015-12-17,12.292499542236328,9.72004508972168
2015-12-18,12.324999809265137,9.745743751525879
2015-12-21,12.359999656677246,9.773419380187988
2015-12-22,12.292499542236328,9.72004508972168
2015-12-23,12.210000038146973,9.654809951782227
2015-12-24,12.265000343322754,9.698301315307617
2015-12-29,12.234999656677246,9.674580574035645
2015-12-30,12.170000076293945,9.623181343078613
2015-12-31,12.1850004196167,9.635046005249023
2016-01-04,12.292499542236328,9.72004508972168
2016-01-05,12.295000076293945,9.722023010253906
2016-01-06,12.367500305175781,9.779348373413086
2016-01-07,12.350000381469727,9.765511512756348
2016-01-08,12.399999618530273,9.805048942565918
2016-01-11,12.367500305175781,9.779348373413086
2016-01-12,12.40250015258789,9.807027816772461
2016-01-13,12.404999732971191,9.809003829956055
2016-01-14,12.4399995803833,9.836678504943848
2016-01-15,12.488750457763672,9.875228881835938
2016-01-18,12.457500457763672,9.850516319274902
2016-01-19,12.447500228881836,9.842609405517578
2016-01-20,12.53499984741211,9.911798477172852
2016-01-21,12.492500305175781,9.878190994262695
2016-01-22,12.449999809265137,9.844586372375488
2016-01-25,12.494999885559082,9.880167961120605
2016-01-26,12.511249542236328,9.89301872253418
2016-01-27,12.4975004196167,9.882144927978516
2016-01-28,12.538749694824219,9.914762496948242
2016-01-29,12.640000343322754,9.994823455810547
2016-02-01,12.567500114440918,9.937495231628418
2016-02-02,12.630000114440918,9.986915588378906
2016-02-03,12.672499656677246,10.020523071289062
2016-02-04,12.637499809265137,9.99284839630127
2016-02-05,12.632499694824219,9.988893508911133
2016-02-08,12.802499771118164,10.123319625854492
2016-02-09,12.779999732971191,10.105523109436035
2016-02-10,12.7787504196167,10.10453987121582
2016-02-11,12.927499771118164,10.222158432006836
2016-02-12,12.762499809265137,10.09168815612793
2016-02-15,12.7475004196167,10.079830169677734
2016-02-16,12.755000114440918,10.085758209228516
2016-02-17,12.680000305175781,10.026453018188477
2016-02-18,12.737500190734863,10.071919441223145
2016-02-19,12.755000114440918,10.085758209228516
2016-02-22,12.772500038146973,10.099597930908203
2016-02-23,12.729999542236328,10.065991401672363
2016-02-24,12.805000305175781,10.125296592712402
2016-02-25,12.75,10.081805229187012
2016-02-26,12.699999809265137,10.042268753051758
2016-02-29,12.8100004196167,10.12924861907959
2016-03-01,12.760000228881836,10.089712142944336
2016-03-02,12.699999809265137,10.042268753051758
2016-03-03,12.765000343322754,10.093667030334473
2016-03-04,12.697500228881836,10.040289878845215
2016-03-07,12.699999809265137,10.042268753051758
2016-03-08,12.84000015258789,10.152972221374512
2016-03-09,12.737500190734863,10.071919441223145
2016-03-10,12.697500228881836,10.040289878845215
2016-03-11,12.640000343322754,9.994823455810547
2016-03-14,12.694999694824219,10.038313865661621
2016-03-15,12.697500228881836,10.040289878845215
2016-03-16,12.682499885559082,10.028429985046387
2016-03-17,12.755000114440918,10.085758209228516
2016-03-18,12.774999618530273,10.101572036743164
2016-03-21,12.734999656677246,10.069942474365234
2016-03-22,12.748749732971191,10.080819129943848
2016-03-23,12.757499694824219,10.08773422241211
2016-03-24,12.739999771118164,10.073897361755371
2016-03-29,12.774999618530273,10.101572036743164
2016-03-30,12.729999542236328,10.065991401672363
2016-03-31,12.792499542236328,10.115409851074219
2016-04-01,12.78499984741211,10.109479904174805
2016-04-04,12.787500381469727,10.111456871032715
2016-04-05,12.827500343322754,10.143087387084961
2016-04-06,12.84749984741211,10.158899307250977
2016-04-07,12.907500267028809,10.20634651184082
2016-04-08,12.842499732971191,10.154948234558105
2016-04-11,12.795000076293945,10.117387771606445
2016-04-12,12.742500305175781,10.075873374938965
2016-04-13,12.78499984741211,10.109479904174805
2016-04-14,12.772500038146973,10.099597930908203
2016-04-15,12.802499771118164,10.123319625854492
2016-04-18,12.717499732971191,10.056105613708496
2016-04-19,12.677499771118164,10.02447509765625
2016-04-20,12.7524995803833,10.083781242370605
2016-04-21,12.640000343322754,9.994823455810547
2016-04-22,12.632499694824219,9.988893508911133
2016-04-25,12.6274995803833,9.984939575195312
2016-04-26,12.5625,9.93354320526123
2016-04-27,12.602499961853027,9.965171813964844
2016-04-28,12.630000114440918,9.986915588378906
2016-04-29,12.645000457763672,9.998777389526367
2016-05-03,12.7475004196167,10.079830169677734
2016-05-04,12.729999542236328,10.065991401672363
2016-05-05,12.774999618530273,10.101572036743164
2016-05-06,12.835000038146973,10.149014472961426
2016-05-09,12.819999694824219,10.137155532836914
2016-05-10,12.827500343322754,10.143087387084961
2016-05-11,12.842499732971191,10.154948234558105
2016-05-12,12.694999694824219,10.137138366699219
2016-05-13,12.734999656677246,10.16908073425293
2016-05-16,12.729999542236328,10.165088653564453
2016-05-17,12.739999771118164,10.173073768615723
2016-05-18,12.647500038146973,10.099209785461426
2016-05-19,12.65250015258789,10.103203773498535
2016-05-20,12.637499809265137,10.091226577758789
2016-05-23,12.647500038146973,10.099209785461426
2016-05-24,12.635000228881836,10.089228630065918
2016-05-25,12.667499542236328,10.115180969238281
2016-05-26,12.727499961853027,10.163091659545898
2016-05-27,12.720000267028809,10.157102584838867
2016-05-31,12.755000114440918,10.185050010681152
2016-06-01,12.832500457763672,10.246935844421387
2016-06-02,12.850000381469727,10.260910987854004
2016-06-03,12.9350004196167,10.328783988952637
2016-06-06,12.90250015258789,10.30283260345459
2016-06-07,12.899999618530273,10.300833702087402
2016-06-08,12.925000190734863,10.32080078125
2016-06-09,12.960000038146973,10.348746299743652
2016-06-10,12.984999656677246,10.368708610534668
2016-06-13,12.989999771118164,10.372699737548828
2016-06-14,13.092499732971191,10.454548835754395
2016-06-15,13.157500267028809,10.506452560424805
2016-06-16,13.1225004196167,10.478504180908203
2016-06-17,13.055000305175781,10.424605369567871
2016-06-20,12.925000190734863,10.32080078125
2016-06-21,12.87874984741211,10.283867835998535
2016-06-22,12.850000381469727,10.260910987854004
2016-06-23,12.792499542236328,10.214996337890625
2016-06-24,13.147500038146973,10.498468399047852
2016-06-27,13.362500190734863,10.670148849487305
2016-06-28,13.352499961853027,10.662165641784668
2016-06-29,13.395000457763672,10.696100234985352
2016-06-30,13.462499618530273,10.750001907348633
2016-07-01,13.550000190734863,10.819872856140137
2016-07-04,13.5600004196167,10.827856063842773
2016-07-05,13.643750190734863,10.894729614257812
2016-07-06,13.667499542236328,10.9136962890625
2016-07-07,13.604999542236328,10.863786697387695
2016-07-08,13.648750305175781,10.898724555969238
2016-07-11,13.625,10.8797607421875
2016-07-12,13.545000076293945,10.815877914428711
2016-07-13,13.667499542236328,10.9136962890625
2016-07-14,13.612500190734863,10.869778633117676
2016-07-15,13.537500381469727,10.809887886047363
2016-07-18,13.539999961853027,10.811883926391602
2016-07-19,13.542499542236328,10.81387996673584
2016-07-20,13.479999542236328,10.763975143432617
2016-07-21,13.460000038146973,10.748004913330078
2016-07-22,13.522500038146973,10.7979097366333
2016-07-25,13.524999618530273,10.799905776977539
2016-07-26,13.507499694824219,10.785933494567871
2016-07-27,13.635000228881836,10.88774299621582
2016-07-28,13.645000457763672,10.895730972290039
2016-07-29,13.704999923706055,10.943639755249023
2016-08-01,13.664999961853027,10.911700248718262
2016-08-02,13.569999694824219,10.83583927154541
2016-08-03,13.604999542236328,10.863786697387695
2016-08-04,13.8100004196167,11.027482032775879
2016-08-05,13.822500228881836,11.03746509552002
2016-08-08,13.892499923706055,11.093364715576172
2016-08-09,13.96500015258789,11.151252746582031
2016-08-10,14.095000267028809,11.2550630569458
2016-08-11,14.142499923706055,11.292989730834961
2016-08-12,14.119999885559082,11.275020599365234
2016-08-15,14.069999694824219,11.235097885131836
2016-08-16,13.9975004196167,11.177205085754395
2016-08-17,13.987500190734863,11.169220924377441
2016-08-18,14.032500267028809,11.20515251159668
2016-08-19,13.9375,11.129294395446777
2016-08-22,14.010000228881836,11.187186241149902
2016-08-23,14.0649995803833,11.231103897094727
2016-08-24,14.077500343322754,11.241086959838867
2016-08-25,14.0600004196167,11.22711181640625
2016-08-26,14.09749984741211,11.257055282592773
2016-08-30,14.109999656677246,11.267040252685547
2016-08-31,14.0625,11.229110717773438
2016-09-01,14.0600004196167,11.22711181640625
2016-09-02,13.967499732971191,11.153251647949219
2016-09-05,13.992500305175781,11.173212051391602
2016-09-06,14.022500038146973,11.197168350219727
2016-09-07,14.017499923706055,11.19317626953125
2016-09-08,13.882499694824219,11.08537769317627
2016-09-09,13.713749885559082,10.9506254196167
2016-09-12,13.707500457763672,10.945635795593262
2016-09-13,13.672499656677246,10.917689323425293
2016-09-14,13.65999984741211,10.907707214355469
2016-09-15,13.630000114440918,10.88375186920166
2016-09-16,13.654999732971191,10.903716087341309
2016-09-19,13.625,10.8797607421875
2016-09-20,13.725000381469727,10.959610939025879
2016-09-21,13.699999809265137,10.939645767211914
2016-09-22,13.854999542236328,11.063416481018066
2016-09-23,13.850000381469727,11.059425354003906
2016-09-26,13.899999618530273,11.099349975585938
2016-09-27,13.949999809265137,11.139276504516602
2016-09-28,13.942500114440918,11.133286476135254
2016-09-29,13.869999885559082,11.075392723083496
2016-09-30,13.774999618530273,10.999534606933594
2016-10-03,13.822500228881836,11.03746509552002
2016-10-04,13.805000305175781,11.023492813110352
2016-10-05,13.720000267028809,10.955618858337402
2016-10-06,13.640000343322754,10.89173698425293
2016-10-07,13.515000343322754,10.791924476623535
2016-10-10,13.454999923706055,10.744012832641602
2016-10-11,13.524999618530273,10.799905776977539
2016-10-12,13.425000190734863,10.72005558013916
2016-10-13,13.457500457763672,10.746007919311523
2016-10-14,13.375,10.680130958557129
2016-10-17,13.357500076293945,10.666157722473145
2016-10-18,13.407500267028809,10.70608139038086
2016-10-19,13.40999984741211,10.708078384399414
2016-10-20,13.4350004196167,10.728039741516113
2016-10-21,13.4350004196167,10.728039741516113
2016-10-24,13.425000190734863,10.72005558013916
2016-10-25,13.414999961853027,10.71207046508789
2016-10-26,13.322500228881836,10.63821029663086
2016-10-27,13.204999923706055,10.544384002685547
2016-10-28,13.197500228881836,10.538392066955566
2016-10-31,13.22249984741211,10.558357238769531
2016-11-01,13.164999961853027,10.512441635131836
2016-11-02,13.274999618530273,10.600279808044434
2016-11-03,13.2475004196167,10.578319549560547
2016-11-04,13.345000267028809,10.65617561340332
2016-11-07,13.2475004196167,10.578319549560547
2016-11-08,13.21500015258789,10.552366256713867
2016-11-09,13.192500114440918,10.53439998626709
2016-11-10,12.942500114440918,10.431477546691895
2016-11-11,12.920000076293945,10.41334342956543
2016-11-14,12.859999656677246,10.364983558654785
2016-11-15,12.914999961853027,10.409313201904297
2016-11-16,12.932499885559082,10.423417091369629
2016-11-17,12.944999694824219,10.433491706848145
2016-11-18,12.835000038146973,10.344833374023438
2016-11-21,12.899999618530273,10.39721965789795
2016-11-22,12.9375,10.427445411682129
2016-11-23,12.854999542236328,10.360953330993652
2016-11-24,12.869999885559082,10.373042106628418
2016-11-25,12.897500038146973,10.395206451416016
2016-11-28,12.9350004196167,10.425434112548828
2016-11-29,12.949999809265137,10.437521934509277
2016-11-30,12.917499542236328,10.411327362060547
2016-12-01,12.845000267028809,10.35289478302002
2016-12-02,12.9375,10.427445411682129
2016-12-05,12.930000305175781,10.421402931213379
2016-12-06,12.907500267028809,10.403267860412598
2016-12-07,12.960000038146973,10.445581436157227
2016-12-08,12.949999809265137,10.437521934509277
2016-12-09,12.862500190734863,10.366998672485352
2016-12-12,12.795000076293945,10.312592506408691
2016-12-13,12.880000114440918,10.381103515625
2016-12-14,12.932499885559082,10.423417091369629
2016-12-15,12.8100004196167,10.324685096740723
2016-12-16,12.867500305175781,10.3710298538208
2016-12-19,12.914999961853027,10.409313201904297
2016-12-20,12.90999984741211,10.405282020568848
2016-12-21,12.970000267028809,10.45363998413086
2016-12-22,13.005000114440918,10.48184871673584
2016-12-23,13.03499984741211,10.506030082702637
2016-12-28,13.0912504196167,10.551366806030273
2016-12-29,13.182499885559082,10.624913215637207
2016-12-30,13.1899995803833,10.630958557128906
2017-01-03,13.024999618530273,10.497970581054688
2017-01-04,13.020000457763672,10.493940353393555
2017-01-05,13.020000457763672,10.493940353393555
2017-01-06,12.947500228881836,10.435506820678711
2017-01-09,13.007499694824219,10.483867645263672
2017-01-10,12.984999656677246,10.465729713439941
2017-01-11,13.0024995803833,10.479836463928223
2017-01-12,13.039999961853027,10.510059356689453
2017-01-13,12.952500343322754,10.439538955688477
2017-01-16,13.012499809265137,10.487895965576172
2017-01-17,13.0625,10.528197288513184
2017-01-18,13.022500038146973,10.495956420898438
2017-01-19,12.9399995803833,10.429459571838379
2017-01-20,12.90250015258789,10.399237632751465
2017-01-23,12.942500114440918,10.431477546691895
2017-01-24,12.960000038146973,10.445581436157227
2017-01-25,12.850000381469727,10.356924057006836
2017-01-26,12.805000305175781,10.32065200805664
2017-01-27,12.859999656677246,10.364983558654785
2017-01-30,12.904999732971191,10.401251792907715
2017-01-31,12.9399995803833,10.429459571838379
2017-02-01,12.875,10.377074241638184
2017-02-02,12.94124984741211,10.43047046661377
2017-02-03,12.97249984741211,10.455657005310059
2017-02-06,12.994999885559082,10.473790168762207
2017-02-07,13.045000076293945,10.514094352722168
2017-02-08,13.130000114440918,10.582600593566895
2017-02-09,13.109999656677246,10.566478729248047
2017-02-10,13.079999923706055,10.542299270629883
2017-02-13,13.022500038146973,10.495956420898438
2017-02-14,13.022500038146973,10.495956420898438
2017-02-15,13.008749961853027,10.484872817993164
2017-02-16,13.072500228881836,10.5362548828125
2017-02-17,13.137499809265137,10.588644027709961
2017-02-20,13.102499961853027,10.560434341430664
2017-02-21,13.100000381469727,10.558419227600098
2017-02-22,13.135000228881836,10.586628913879395
2017-02-23,13.1850004196167,10.626931190490723
2017-02-24,13.300000190734863,10.71961498260498
2017-02-27,13.279999732971191,10.703497886657715
2017-02-28,13.317500114440918,10.733722686767578
2017-03-01,13.262499809265137,10.68939208984375
2017-03-02,13.225000381469727,10.659168243408203
2017-03-03,13.25,10.679315567016602
2017-03-06,13.229999542236328,10.663196563720703
2017-03-07,13.257499694824219,10.685362815856934
2017-03-08,13.227499961853027,10.66118335723877
2017-03-09,13.234999656677246,10.667227745056152
2017-03-10,13.197500228881836,10.637001991271973
2017-03-13,13.182499885559082,10.624913215637207
2017-03-14,13.210000038146973,10.647078514099121
2017-03-15,13.225000381469727,10.659168243408203
2017-03-16,13.199999809265137,10.639017105102539
2017-03-17,13.227499961853027,10.66118335723877
2017-03-20,13.242500305175781,10.673274040222168
2017-03-21,13.210000038146973,10.647078514099121
2017-03-22,13.3149995803833,10.731705665588379
2017-03-23,13.227499961853027,10.66118335723877
2017-03-24,13.262499809265137,10.68939208984375
2017-03-27,13.289999961853027,10.711556434631348
2017-03-28,13.270000457763672,10.695438385009766
2017-03-29,13.302499771118164,10.72163200378418
2017-03-30,13.357500076293945,10.765962600708008
2017-03-31,13.345000267028809,10.755887031555176
2017-04-03,13.462499618530273,10.850591659545898
2017-04-04,13.44124984741211,10.833464622497559
2017-04-05,13.392499923706055,10.794170379638672
2017-04-06,13.375,10.780067443847656
2017-04-07,13.404999732971191,10.804245948791504
2017-04-10,13.407500267028809,10.806259155273438
2017-04-11,13.447500228881836,10.8385009765625
2017-04-12,13.462499618530273,10.850591659545898
2017-04-13,13.460000038146973,10.848576545715332
2017-04-18,13.5,10.880813598632812
2017-04-19,13.4350004196167,10.828425407409668
2017-04-20,13.4399995803833,10.832454681396484
2017-04-21,13.477499961853027,10.862678527832031
2017-04-24,13.422499656677246,10.818350791931152
2017-04-25,13.390000343322754,10.792156219482422
2017-04-26,13.390000343322754,10.792156219482422
2017-04-27,13.40250015258789,10.802230834960938
2017-04-28,13.40250015258789,10.802230834960938
2017-05-02,13.385000228881836,10.788125991821289
2017-05-03,13.390000343322754,10.792156219482422
2017-05-04,13.324999809265137,10.739766120910645
2017-05-05,13.300000190734863,10.71961498260498
2017-05-08,13.270000457763672,10.695438385009766
2017-05-09,13.229999542236328,10.663196563720703
2017-05-10,13.27750015258789,10.701481819152832
2017-05-11,13.162500381469727,10.707664489746094
2017-05-12,13.262499809265137,10.789013862609863
2017-05-15,13.1850004196167,10.725969314575195
2017-05-16,13.217499732971191,10.752409934997559
2017-05-17,13.292499542236328,10.813419342041016
2017-05-18,13.292499542236328,10.813419342041016
2017-05-19,13.289999961853027,10.811385154724121
2017-05-22,13.272500038146973,10.797150611877441
2017-05-23,13.297499656677246,10.817485809326172
2017-05-24,13.311249732971191,10.8286714553833
2017-05-25,13.34000015258789,10.852059364318848
2017-05-26,13.385000228881836,10.88866901397705
2017-05-30,13.375,10.880534172058105
2017-05-31,13.322500228881836,10.8378267288208
2017-06-01,13.287500381469727,10.809354782104492
2017-06-02,13.327500343322754,10.841893196105957
2017-06-05,13.307499885559082,10.82562255859375
2017-06-06,13.375,10.880534172058105
2017-06-07,13.382499694824219,10.88663387298584
2017-06-08,13.297499656677246,10.817485809326172
2017-06-09,13.350000381469727,10.860196113586426
2017-06-12,13.3725004196167,10.878499031066895
2017-06-13,13.274999618530273,10.799182891845703
2017-06-14,13.40250015258789,10.902904510498047
2017-06-15,13.287500381469727,10.809354782104492
2017-06-16,13.302499771118164,10.821555137634277
2017-06-19,13.3125,10.829689979553223
2017-06-20,13.359999656677246,10.868330001831055
2017-06-21,13.342499732971191,10.854095458984375
2017-06-22,13.362500190734863,10.870365142822266
2017-06-23,13.354999542236328,10.864261627197266
2017-06-26,13.354999542236328,10.864261627197266
2017-06-27,13.280400276184082,10.803576469421387
2017-06-28,13.210000038146973,10.746306419372559
2017-06-29,13.0625,10.626315116882324
2017-06-30,13.069999694824219,10.632414817810059
2017-07-03,13.055000305175781,10.620213508605957
2017-07-04,13.074999809265137,10.636484146118164
2017-07-05,13.047499656677246,10.61411190032959
2017-07-06,12.970000267028809,10.551066398620605
2017-07-07,12.993749618530273,10.570385932922363
2017-07-10,13.052499771118164,10.618181228637695
2017-07-11,13.042499542236328,10.610044479370117
2017-07-12,13.047499656677246,10.61411190032959
2017-07-13,13.010000228881836,10.583606719970703
2017-07-14,13.0,10.575471878051758
2017-07-17,13.047499656677246,10.61411190032959
2017-07-18,13.117500305175781,10.671058654785156
2017-07-19,13.15250015258789,10.699530601501465
2017-07-20,13.112500190734863,10.666991233825684
2017-07-21,13.170000076293945,10.713767051696777
2017-07-24,13.162500381469727,10.707664489746094
2017-07-25,13.067500114440918,10.63038158416748
2017-07-26,13.09749984741211,10.654787063598633
2017-07-27,13.135000228881836,10.685293197631836
2017-07-28,13.117500305175781,10.671058654785156
2017-07-31,13.119999885559082,10.673089981079102
2017-08-01,13.149999618530273,10.697497367858887
2017-08-02,13.107500076293945,10.662921905517578
2017-08-03,13.199999809265137,10.73816967010498
2017-08-04,13.167499542236328,10.71173095703125
2017-08-07,13.220000267028809,10.754441261291504
2017-08-08,13.197500228881836,10.736136436462402
2017-08-09,13.267499923706055,10.793081283569336
2017-08-10,13.305000305175781,10.823587417602539
2017-08-11,13.317500114440918,10.833756446838379
2017-08-14,13.295000076293945,10.81545352935791
2017-08-15,13.274999618530273,10.799182891845703
2017-08-16,13.237500190734863,10.768677711486816
2017-08-17,13.270000457763672,10.79511547088623
2017-08-18,13.272500038146973,10.797150611877441
2017-08-21,13.302499771118164,10.821555137634277
2017-08-22,13.274999618530273,10.799182891845703
2017-08-23,13.3149995803833,10.8317232131958
2017-08-24,13.329999923706055,10.843925476074219
2017-08-25,13.342499732971191,10.854095458984375
2017-08-29,13.399999618530273,10.900869369506836
2017-08-30,13.34000015258789,10.852059364318848
2017-08-31,13.354999542236328,10.864261627197266
2017-09-01,13.327500343322754,10.841893196105957
2017-09-04,13.322500228881836,10.8378267288208
2017-09-05,13.40250015258789,10.902904510498047
2017-09-06,13.407500267028809,10.906970977783203
2017-09-07,13.457500457763672,10.947647094726562
2017-09-08,13.430000305175781,10.925275802612305
2017-09-11,13.362500190734863,10.870365142822266
2017-09-12,13.210000038146973,10.746306419372559
2017-09-13,13.210000038146973,10.746306419372559
2017-09-14,13.1225004196167,10.675124168395996
2017-09-15,13.029999732971191,10.599875450134277
2017-09-18,13.037500381469727,10.605978012084961
2017-09-19,13.007499694824219,10.581574440002441
2017-09-20,13.020000457763672,10.5917387008667
2017-09-21,13.0,10.575471878051758
2017-09-22,13.012499809265137,10.585639953613281
2017-09-25,13.024999618530273,10.595808982849121
2017-09-26,13.02750015258789,10.597843170166016
2017-09-27,12.962499618530273,10.544964790344238
2017-09-28,12.979999542236328,10.55920124053955
2017-09-29,13.015000343322754,10.58767318725586
2017-10-02,13.0649995803833,10.628348350524902
2017-10-03,13.022500038146973,10.593775749206543
2017-10-04,12.984999656677246,10.563267707824707
2017-10-05,12.957500457763672,10.540897369384766
2017-10-06,12.978750228881836,10.558184623718262
2017-10-09,13.017499923706055,10.589710235595703
2017-10-10,12.987500190734863,10.565302848815918
2017-10-11,12.952500343322754,10.536831855773926
2017-10-12,12.984999656677246,10.563267707824707
2017-10-13,13.017499923706055,10.589710235595703
2017-10-16,13.045000076293945,10.612083435058594
2017-10-17,13.09749984741211,10.654787063598633
2017-10-18,13.079999923706055,10.640551567077637
2017-10-19,13.109999656677246,10.664955139160156
2017-10-20,13.037500381469727,10.605978012084961
2017-10-23,13.079999923706055,10.640551567077637
2017-10-24,13.022500038146973,10.593775749206543
2017-10-25,12.957500457763672,10.540897369384766
2017-10-26,12.967499732971191,10.549032211303711
2017-10-27,13.039999961853027,10.608009338378906
2017-10-30,13.032500267028809,10.601907730102539
2017-10-31,13.050000190734863,10.6161470413208
2017-11-01,13.042499542236328,10.610044479370117
2017-11-02,13.1225004196167,10.675124168395996
2017-11-03,13.117500305175781,10.671058654785156
2017-11-06,13.1274995803833,10.679191589355469
2017-11-07,13.154999732971191,10.701562881469727
2017-11-08,13.197500228881836,10.736136436462402
2017-11-09,13.132499694824219,10.683259010314941
2017-11-10,13.03499984741211,10.603943824768066
2017-11-13,13.055000305175781,10.620213508605957
2017-11-14,13.069999694824219,10.632414817810059
2017-11-15,13.112500190734863,10.666991233825684
2017-11-16,13.032500267028809,10.641429901123047
2017-11-17,13.055000305175781,10.65980339050293
2017-11-20,13.085000038146973,10.684301376342773
2017-11-21,13.119999885559082,10.712876319885254
2017-11-22,13.09000015258789,10.688383102416992
2017-11-23,13.1225004196167,10.714920043945312
2017-11-24,13.145000457763672,10.733291625976562
2017-11-27,13.1274995803833,10.719001770019531
2017-11-28,13.109999656677246,10.70471477508545
2017-11-29,13.017499923706055,10.62918472290039
2017-11-30,13.029999732971191,10.63939094543457
2017-12-01,13.177499771118164,10.7598295211792
2017-12-04,13.079999923706055,10.680217742919922
2017-12-05,13.109999656677246,10.70471477508545
2017-12-06,13.130000114440918,10.721044540405273
2017-12-07,13.109999656677246,10.70471477508545
2017-12-08,13.074999809265137,10.67613410949707
2017-12-11,13.170000076293945,10.753705978393555
2017-12-12,13.15250015258789,10.739416122436523
2017-12-13,13.157500267028809,10.743497848510742
2017-12-14,13.239999771118164,10.810864448547363
2017-12-15,13.274999618530273,10.839441299438477
2017-12-18,13.27750015258789,10.841483116149902
2017-12-19,13.180000305175781,10.761872291564941
2017-12-20,13.09749984741211,10.694507598876953
2017-12-21,13.095000267028809,10.692466735839844
2017-12-22,13.087499618530273,10.686339378356934
2017-12-27,13.21500015258789,10.790448188781738
2017-12-28,13.197500228881836,10.776159286499023
2017-12-29,13.199999809265137,10.778199195861816
2018-01-02,13.104000091552734,10.69981575012207
2018-01-03,13.1899995803833,10.770035743713379
2018-01-04,13.182499885559082,10.763912200927734
2018-01-05,13.170000076293945,10.753705978393555
2018-01-08,13.175000190734863,10.757787704467773
2018-01-09,13.130000114440918,10.721044540405273
2018-01-10,13.1225004196167,10.714920043945312
2018-01-11,13.092499732971191,10.690425872802734
2018-01-12,13.085000038146973,10.684301376342773
2018-01-15,13.114999771118164,10.708796501159668
2018-01-16,13.125,10.716961860656738
2018-01-17,13.119999885559082,10.712876319885254
2018-01-18,13.085000038146973,10.684301376342773
2018-01-19,13.067500114440918,10.670010566711426
2018-01-22,13.055000305175781,10.65980339050293
2018-01-23,13.072500228881836,10.674094200134277
2018-01-24,13.010000228881836,10.623061180114746
2018-01-25,13.012499809265137,10.625102043151855
2018-01-26,13.005000114440918,10.618976593017578
2018-01-29,12.994999885559082,10.610811233520508
2018-01-30,12.987500190734863,10.60468864440918
2018-01-31,12.9399995803833,10.565901756286621
2018-02-01,12.925000190734863,10.553654670715332
2018-02-02,12.899999618530273,10.533241271972656
2018-02-05,12.907500267028809,10.539366722106934
2018-02-06,12.932499885559082,10.559779167175293
2018-02-07,12.9037504196167,10.536306381225586
2018-02-08,12.854999542236328,10.496498107910156
2018-02-09,12.878000259399414,10.515279769897461
2018-02-12,12.8774995803833,10.514870643615723
2018-02-13,12.850000381469727,10.492414474487305
2018-02-14,12.807499885559082,10.457714080810547
2018-02-15,12.779999732971191,10.435257911682129
2018-02-16,12.885000228881836,10.520995140075684
2018-02-19,12.867500305175781,10.506705284118652
2018-02-20,12.895000457763672,10.529158592224121
2018-02-21,12.930000305175781,10.557738304138184
2018-02-22,12.925000190734863,10.553654670715332
2018-02-23,12.952500343322754,10.576112747192383
2018-02-26,12.963749885559082,10.585296630859375
2018-02-27,12.914999961853027,10.545492172241211
2018-02-28,12.989999771118164,10.606729507446289
2018-03-01,13.032500267028809,10.641429901123047
2018-03-02,13.017499923706055,10.62918472290039
2018-03-05,12.987500190734863,10.60468864440918
2018-03-06,12.948749542236328,10.57304859161377
2018-03-07,12.967499732971191,10.588358879089355
2018-03-08,12.994999885559082,10.610811233520508
2018-03-09,12.967499732971191,10.588358879089355
2018-03-12,12.954999923706055,10.57815170288086
2018-03-13,13.007499694824219,10.62101936340332
2018-03-14,13.092499732971191,10.690425872802734
2018-03-15,13.104999542236328,10.700629234313965
2018-03-16,13.1225004196167,10.714920043945312
2018-03-19,13.145000457763672,10.733291625976562
2018-03-20,13.102499961853027,10.698590278625488
2018-03-21,13.0649995803833,10.667967796325684
2018-03-22,13.15999984741211,10.745540618896484
2018-03-23,13.151249885559082,10.738393783569336
2018-03-26,13.15999984741211,10.745540618896484
2018-03-27,13.167499542236328,10.751663208007812
2018-03-28,13.2212495803833,10.795551300048828
2018-03-29,13.244999885559082,10.814945220947266
2018-04-03,13.204999923706055,10.782285690307617
2018-04-04,13.157500267028809,10.743497848510742
2018-04-05,13.09749984741211,10.694507598876953
2018-04-06,13.140000343322754,10.729209899902344
2018-04-09,13.140000343322754,10.729209899902344
2018-04-10,13.114999771118164,10.708796501159668
2018-04-11,13.170000076293945,10.753705978393555
2018-04-12,13.095000267028809,10.692466735839844
2018-04-13,13.104999542236328,10.700629234313965
2018-04-16,13.055000305175781,10.65980339050293
2018-04-17,13.069999694824219,10.672050476074219
2018-04-18,13.100000381469727,10.696547508239746
2018-04-19,12.979999542236328,10.598564147949219
2018-04-20,13.024999618530273,10.635308265686035
2018-04-23,12.947500228881836,10.572028160095215
2018-04-24,12.9399995803833,10.565901756286621
2018-04-25,12.962499618530273,10.584274291992188
2018-04-26,13.024999618530273,10.635308265686035
2018-04-27,13.074999809265137,10.67613410949707
2018-04-30,13.114999771118164,10.708796501159668
2018-05-01,13.104999542236328,10.700629234313965
2018-05-02,13.057499885559082,10.661844253540039
2018-05-03,13.145000457763672,10.733291625976562
2018-05-04,13.125,10.716961860656738
2018-05-08,13.069999694824219,10.672050476074219
2018-05-09,13.047499656677246,10.653681755065918
2018-05-10,13.09000015258789,10.688383102416992
2018-05-11,13.0600004196167,10.66388988494873
2018-05-14,13.020000457763672,10.631223678588867
2018-05-15,12.989999771118164,10.606729507446289
2018-05-16,13.005000114440918,10.618976593017578
2018-05-17,12.862500190734863,10.574091911315918
2018-05-18,12.920000076293945,10.621362686157227
2018-05-21,12.954999923706055,10.650134086608887
2018-05-22,12.895000457763672,10.600809097290039
2018-05-23,12.984999656677246,10.674796104431152
2018-05-24,13.020000457763672,10.703570365905762
2018-05-25,13.104999542236328,10.773446083068848
2018-05-29,13.237500190734863,10.882373809814453
2018-05-30,13.212499618530273,10.861821174621582
2018-05-31,13.225000381469727,10.872100830078125
2018-06-01,13.162500381469727,10.820718765258789
2018-06-04,13.140000343322754,10.802220344543457
2018-06-05,13.135000228881836,10.798110008239746
2018-06-06,13.012499809265137,10.697404861450195
2018-06-07,12.97249984741211,10.664521217346191
2018-06-08,12.9975004196167,10.685073852539062
2018-06-11,12.984999656677246,10.674796104431152
2018-06-12,13.010000228881836,10.695348739624023
2018-06-13,13.06624984741211,10.741592407226562
2018-06-14,13.1225004196167,10.787835121154785
2018-06-15,13.118749618530273,10.784749984741211
2018-06-18,13.114999771118164,10.781669616699219
2018-06-19,13.147500038146973,10.808387756347656
2018-06-20,13.135000228881836,10.798110008239746
2018-06-21,13.142499923706055,10.804277420043945
2018-06-22,13.100000381469727,10.76933765411377
2018-06-25,13.104999542236328,10.773446083068848
2018-06-26,13.109999656677246,10.777557373046875
2018-06-27,13.192500114440918,10.845380783081055
2018-06-28,13.180000305175781,10.835103988647461
2018-06-29,13.154999732971191,10.814552307128906
2018-07-02,13.1899995803833,10.843324661254883
2018-07-03,13.212499618530273,10.861821174621582
2018-07-04,13.180000305175781,10.835103988647461
2018-07-05,13.1899995803833,10.843324661254883
2018-07-06,13.180000305175781,10.835103988647461
2018-07-09,13.180000305175781,10.835103988647461
2018-07-10,13.149999618530273,10.810441970825195
2018-07-11,13.162500381469727,10.820718765258789
2018-07-12,13.199999809265137,10.851545333862305
2018-07-13,13.170000076293945,10.826884269714355
2018-07-16,13.149999618530273,10.810441970825195
2018-07-17,13.1875,10.841269493103027
2018-07-18,13.225000381469727,10.872100830078125
2018-07-19,13.289999961853027,10.92553424835205
2018-07-20,13.220000267028809,10.867988586425781
2018-07-23,13.1850004196167,10.839217185974121
2018-07-24,13.199999809265137,10.851545333862305
2018-07-25,13.229999542236328,10.876206398010254
2018-07-26,13.175000190734863,10.83099365234375
2018-07-27,13.180000305175781,10.835103988647461
2018-07-30,13.079999923706055,10.75289535522461
2018-07-31,13.119999885559082,10.785778045654297
2018-08-01,13.069999694824219,10.744673728942871
2018-08-02,13.055000305175781,10.732343673706055
2018-08-03,13.1274995803833,10.791943550109863
2018-08-06,13.154999732971191,10.814552307128906
2018-08-07,13.130000114440918,10.793999671936035
2018-08-08,13.147500038146973,10.808387756347656
2018-08-09,13.145000457763672,10.806331634521484
2018-08-10,13.220000267028809,10.867988586425781
2018-08-13,13.199999809265137,10.851545333862305
2018-08-14,13.180000305175781,10.835103988647461
2018-08-15,13.225000381469727,10.872100830078125
2018-08-16,13.232500076293945,10.878264427185059
2018-08-17,13.225000381469727,10.872100830078125
2018-08-20,13.227499961853027,10.874154090881348
2018-08-21,13.170000076293945,10.826884269714355
2018-08-22,13.1587495803833,10.817634582519531
2018-08-23,13.170000076293945,10.826884269714355
2018-08-24,13.145000457763672,10.806331634521484
2018-08-28,13.130000114440918,10.793999671936035
2018-08-29,13.074999809265137,10.748785972595215
2018-08-30,13.119999885559082,10.785778045654297
2018-08-31,13.145000457763672,10.806331634521484
2018-09-03,13.162500381469727,10.820718765258789
2018-09-04,13.119999885559082,10.785778045654297
2018-09-05,13.079999923706055,10.75289535522461
2018-09-06,13.142499923706055,10.804277420043945
2018-09-07,13.095000267028809,10.765228271484375
2018-09-10,13.055000305175781,10.732343673706055
2018-09-11,13.029999732971191,10.71178913116455
2018-09-12,13.039999961853027,10.720010757446289
2018-09-13,13.022500038146973,10.705626487731934
2018-09-14,12.984999656677246,10.674796104431152
2018-09-17,12.994999885559082,10.683016777038574
2018-09-18,12.944999694824219,10.641915321350098
2018-09-19,12.885000228881836,10.592588424682617
2018-09-20,12.914999961853027,10.617252349853516
2018-09-21,12.975000381469727,10.666577339172363
2018-09-24,12.869999885559082,10.580257415771484
2018-09-25,12.859999656677246,10.572036743164062
2018-09-26,12.899999618530273,10.604917526245117
2018-09-27,12.90999984741211,10.613139152526855
2018-09-28,12.932499885559082,10.631636619567871
2018-10-01,12.926250457763672,10.62649917602539
2018-10-02,12.979999542236328,10.670686721801758
2018-10-03,12.907500267028809,10.61108684539795
2018-10-04,12.8149995803833,10.535042762756348
2018-10-05,12.767499923706055,10.495992660522461
2018-10-08,12.800000190734863,10.522710800170898
2018-10-09,12.744999885559082,10.477497100830078
2018-10-10,12.71500015258789,10.452836036682129
2018-10-11,12.737500190734863,10.471330642700195
2018-10-12,12.795000076293945,10.518600463867188
2018-10-15,12.805000305175781,10.526822090148926
2018-10-16,12.845000267028809,10.55970573425293
2018-10-17,12.890000343322754,10.596699714660645
2018-10-18,12.930000305175781,10.629584312438965
2018-10-19,12.912500381469727,10.615198135375977
2018-10-22,12.943750381469727,10.640886306762695
2018-10-23,13.029999732971191,10.71178913116455
2018-10-24,13.026249885559082,10.708707809448242
2018-10-25,13.039999961853027,10.720010757446289
2018-10-26,13.087499618530273,10.75905990600586
2018-10-29,13.077500343322754,10.750842094421387
2018-10-30,13.095000267028809,10.765228271484375
2018-10-31,13.047499656677246,10.726177215576172
2018-11-01,13.050000190734863,10.728232383728027
2018-11-02,13.0,10.687129974365234
2018-11-05,13.0,10.687129974365234
2018-11-06,12.949999809265137,10.646024703979492
2018-11-07,12.9399995803833,10.637803077697754
2018-11-08,12.895000457763672,10.600809097290039
2018-11-09,12.962499618530273,10.656298637390137
2018-11-12,13.0,10.687129974365234
2018-11-13,12.930000305175781,10.629584312438965
2018-11-14,12.897500038146973,10.602866172790527
2018-11-15,12.914999961853027,10.68685245513916
2018-11-16,12.895000457763672,10.670303344726562
2018-11-19,12.925000190734863,10.69512939453125
2018-11-20,12.890000343322754,10.666167259216309
2018-11-21,12.912500381469727,10.684784889221191
2018-11-22,12.885000228881836,10.662031173706055
2018-11-23,12.899999618530273,10.674443244934082
2018-11-26,12.869999885559082,10.649619102478027
2018-11-27,12.850000381469727,10.63306713104248
2018-11-28,12.829999923706055,10.616518020629883
2018-11-29,12.854999542236328,10.637205123901367
2018-11-30,12.802499771118164,10.593762397766113
2018-12-03,12.897500038146973,10.67237377166748
2018-12-04,12.989999771118164,10.748912811279297
2018-12-05,12.982500076293945,10.74271011352539
2018-12-06,13.0649995803833,10.81097412109375
2018-12-07,13.104999542236328,10.844074249267578
2018-12-10,13.28499984741211,10.993019104003906
2018-12-11,13.22249984741211,10.941303253173828
2018-12-12,13.114999771118164,10.852351188659668
2018-12-13,13.074999809265137,10.819250106811523
2018-12-14,13.132499694824219,10.866829872131348
2018-12-17,13.130000114440918,10.864760398864746
2018-12-18,13.119999885559082,10.856487274169922
2018-12-19,13.117500305175781,10.85441780090332
2018-12-20,13.135000228881836,10.868898391723633
2018-12-21,13.05875015258789,10.805804252624512
2018-12-24,13.1899995803833,10.914408683776855
2018-12-27,13.072500228881836,10.817181587219238
2018-12-28,13.125,10.860624313354492
2018-12-31,13.095000267028809,10.835800170898438
2019-01-02,13.15999984741211,10.889585494995117
2019-01-03,13.225000381469727,10.943370819091797
2019-01-04,13.114999771118164,10.852351188659668
2019-01-07,13.157500267028809,10.887516975402832
2019-01-08,13.21500015258789,10.935097694396973
2019-01-09,13.180000305175781,10.906133651733398
2019-01-10,13.15999984741211,10.889585494995117
2019-01-11,13.095000267028809,10.835800170898438
2019-01-14,13.09000015258789,10.831661224365234
2019-01-15,13.170000076293945,10.897859573364258
2019-01-16,13.117500305175781,10.85441780090332
2019-01-17,13.069999694824219,10.81511116027832
2019-01-18,13.047499656677246,10.796493530273438
2019-01-21,13.0625,10.808906555175781
2019-01-22,13.074999809265137,10.819250106811523
2019-01-23,13.125,10.860624313354492
2019-01-24,13.170000076293945,10.897859573364258
2019-01-25,13.125,10.860624313354492
2019-01-28,13.19124984741211,10.91544246673584
2019-01-29,13.1850004196167,10.910273551940918
2019-01-30,13.220000267028809,10.939234733581543
2019-01-31,13.225000381469727,10.943370819091797
2019-02-01,13.207500457763672,10.928890228271484
2019-02-04,13.149999618530273,10.881311416625977
2019-02-05,13.237500190734863,10.953714370727539
2019-02-06,13.241250038146973,10.956816673278809
2019-02-07,13.292499542236328,10.999225616455078
2019-02-08,13.34000015258789,11.038531303405762
2019-02-11,13.3100004196167,11.013708114624023
2019-02-12,13.300000190734863,11.005433082580566
2019-02-13,13.324999809265137,11.026118278503418
2019-02-14,13.337499618530273,11.03646183013916
2019-02-15,13.307499885559082,11.011635780334473
2019-02-18,13.302499771118164,11.007500648498535
2019-02-19,13.295000076293945,11.001294136047363
2019-02-20,13.270000457763672,10.980606079101562
2019-02-21,13.270000457763672,10.980606079101562
2019-02-22,13.305000305175781,11.009568214416504
2019-02-25,13.279999732971191,10.988882064819336
2019-02-26,13.21500015258789,10.935097694396973
2019-02-27,13.119999885559082,10.856487274169922
2019-02-28,13.109999656677246,10.848211288452148
2019-03-01,13.130000114440918,10.864760398864746
2019-03-04,13.1875,10.912341117858887
2019-03-05,13.1899995803833,10.914408683776855
2019-03-06,13.270000457763672,10.980606079101562
2019-03-07,13.350000381469727,11.046805381774902
2019-03-08,13.260000228881836,10.972332000732422
2019-03-11,13.300000190734863,11.005433082580566
2019-03-12,13.295000076293945,11.001294136047363
2019-03-13,13.25,10.964056968688965
2019-03-14,13.220000267028809,10.939234733581543
2019-03-15,13.260000228881836,10.972332000732422
2019-03-18,13.279999732971191,10.988882064819336
2019-03-19,13.3125,11.015776634216309
2019-03-20,13.380000114440918,11.07162857055664
2019-03-21,13.522500038146973,11.189546585083008
2019-03-22,13.619999885559082,11.270225524902344
2019-03-25,13.619999885559082,11.270225524902344
2019-03-26,13.522500038146973,11.189546585083008
2019-03-27,13.550000190734863,11.212301254272461
2019-03-28,13.532500267028809,11.197820663452148
2019-03-29,13.52750015258789,11.193684577941895
2019-04-01,13.492500305175781,11.16472053527832
2019-04-02,13.550000190734863,11.212301254272461
2019-04-03,13.4375,11.119209289550781
2019-04-04,13.412500381469727,11.09852409362793
2019-04-05,13.385000228881836,11.075765609741211
2019-04-08,13.380000114440918,11.07162857055664
2019-04-09,13.399999618530273,11.088177680969238
2019-04-10,13.4350004196167,11.117141723632812
2019-04-11,13.345000267028809,11.042667388916016
2019-04-12,13.279999732971191,10.988882064819336
2019-04-15,13.279999732971191,10.988882064819336
2019-04-16,13.274999618530273,10.984745025634766
2019-04-17,13.260000228881836,10.972332000732422
2019-04-18,13.295000076293945,11.001294136047363
2019-04-23,13.2475004196167,10.96198844909668
2019-04-24,13.3149995803833,11.017845153808594
2019-04-25,13.335000038146973,11.034393310546875
2019-04-26,13.364999771118164,11.059218406677246
2019-04-29,13.34000015258789,11.038531303405762
2019-04-30,13.3100004196167,11.013708114624023
2019-05-01,13.359999656677246,11.05508041381836
2019-05-02,13.265000343322754,10.976470947265625
2019-05-03,13.25,10.964056968688965
2019-05-07,13.335000038146973,11.034393310546875
2019-05-08,13.404999732971191,11.092316627502441
2019-05-09,13.375,11.06749439239502
2019-05-10,13.380000114440918,11.07162857055664
2019-05-13,13.397500038146973,11.08611011505127
2019-05-14,13.399999618530273,11.088177680969238
2019-05-15,13.460000038146973,11.137826919555664
2019-05-16,13.369999885559082,11.131916046142578
2019-05-17,13.399999618530273,11.156893730163574
2019-05-20,13.3725004196167,11.133999824523926
2019-05-21,13.354999542236328,11.119427680969238
2019-05-22,13.4399995803833,11.19019889831543
2019-05-23,13.510000228881836,11.248482704162598
2019-05-24,13.524999618530273,11.260970115661621
2019-05-28,13.539999961853027,11.273459434509277
2019-05-29,13.5649995803833,11.294275283813477
2019-05-30,13.569999694824219,11.29843807220459
2019-05-31,13.592499732971191,11.317170143127441
2019-06-03,13.640000343322754,11.356720924377441
2019-06-04,13.595000267028809,11.319253921508789
2019-06-05,13.640000343322754,11.356720924377441
2019-06-06,13.704999923706055,11.41083812713623
2019-06-07,13.744999885559082,11.444143295288086
2019-06-10,13.704999923706055,11.41083812713623
2019-06-11,13.664999961853027,11.377533912658691
2019-06-12,13.595000267028809,11.319253921508789
2019-06-13,13.670000076293945,11.381698608398438
2019-06-14,13.670000076293945,11.381698608398438
2019-06-17,13.651249885559082,11.36608600616455
2019-06-18,13.704999923706055,11.41083812713623
2019-06-19,13.645000457763672,11.360881805419922
2019-06-20,13.710000038146973,11.415000915527344
2019-06-21,13.667499542236328,11.37961483001709
2019-06-24,13.694999694824219,11.40251350402832
2019-06-25,13.720000267028809,11.423328399658203
2019-06-26,13.642499923706055,11.35880184173584
2019-06-27,13.640000343322754,11.356720924377441
2019-06-28,13.635000228881836,11.352557182312012
2019-07-01,13.6850004196167,11.394185066223145
2019-07-02,13.75,11.448307991027832
2019-07-03,13.864999771118164,11.544055938720703
2019-07-04,13.890000343322754,11.564870834350586
2019-07-05,13.774999618530273,11.469120979309082
2019-07-08,13.819999694824219,11.50658893585205
2019-07-09,13.8100004196167,11.498262405395508
2019-07-10,13.770000457763672,11.464958190917969
2019-07-11,13.675000190734863,11.38586139678955
2019-07-12,13.670000076293945,11.381698608398438
2019-07-15,13.744999885559082,11.444143295288086
2019-07-16,13.71500015258789,11.419164657592773
2019-07-17,13.770000457763672,11.464958190917969
2019-07-18,13.765000343322754,11.460794448852539
2019-07-19,13.8149995803833,11.502426147460938
2019-07-22,13.850000381469727,11.531566619873047
2019-07-23,13.885000228881836,11.560707092285156
2019-07-24,13.880000114440918,11.55654525756836
2019-07-25,13.8149995803833,11.502426147460938
2019-07-26,13.850000381469727,11.531566619873047
2019-07-29,13.875,11.55238151550293
2019-07-30,13.829999923706055,11.51491641998291
2019-07-31,13.922499656677246,11.59192943572998
2019-08-01,13.960000038146973,11.623152732849121
2019-08-02,14.005000114440918,11.660619735717773
2019-08-05,14.095000267028809,11.735553741455078
2019-08-06,14.104999542236328,11.74388313293457
2019-08-07,14.204999923706055,11.827142715454102
2019-08-08,14.107500076293945,11.745962142944336
2019-08-09,14.164999961853027,11.79383659362793
2019-08-12,14.140000343322754,11.773022651672363
2019-08-13,14.175000190734863,11.802165031433105
2019-08-14,14.28499984741211,11.893747329711914
2019-08-15,14.4375,12.020722389221191
2019-08-16,14.329999923706055,11.9312162399292
2019-08-19,14.287500381469727,11.895833969116211
2019-08-20,14.324999809265137,11.92705249786377
2019-08-21,14.335000038146973,11.935379981994629
2019-08-22,14.229999542236328,11.847956657409668
2019-08-23,14.239999771118164,11.856282234191895
2019-08-27,14.329999923706055,11.9312162399292
2019-08-28,14.425000190734863,12.010313987731934
2019-08-29,14.444999694824219,12.02696704864502
2019-08-30,14.404999732971191,11.993661880493164
2019-09-02,14.513750076293945,12.084209442138672
2019-09-03,14.586250305175781,12.144571304321289
2019-09-04,14.414999961853027,12.001989364624023
2019-09-05,14.15999984741211,11.78967571258545
2019-09-06,14.359999656677246,11.956194877624512
2019-09-09,14.239999771118164,11.856282234191895
2019-09-10,14.180000305175781,11.806325912475586
2019-09-11,14.194999694824219,11.818814277648926
2019-09-12,14.180000305175781,11.806325912475586
2019-09-13,14.022500038146973,11.675191879272461
2019-09-16,14.132499694824219,11.766777038574219
2019-09-17,14.135000228881836,11.768860816955566
2019-09-18,14.274999618530273,11.885424613952637
2019-09-19,14.260000228881836,11.872934341430664
2019-09-20,14.289999961853027,11.897912979125977
2019-09-23,14.444999694824219,12.02696704864502
2019-09-24,14.449999809265137,12.031129837036133
2019-09-25,14.462499618530273,12.041536331176758
2019-09-26,14.457500457763672,12.037373542785645
2019-09-27,14.461250305175781,12.040495872497559
2019-09-30,14.479999542236328,12.056108474731445
2019-10-01,14.484999656677246,12.060271263122559
2019-10-02,14.479999542236328,12.056108474731445
2019-10-03,14.449999809265137,12.031129837036133
2019-10-04,14.545000076293945,12.11022663116455
2019-10-07,14.505000114440918,12.076923370361328
2019-10-08,14.579999923706055,12.139366149902344
2019-10-09,14.479999542236328,12.056108474731445
2019-10-10,14.3100004196167,11.914565086364746
2019-10-11,14.100000381469727,11.739718437194824
2019-10-14,14.220000267028809,11.839632034301758
2019-10-15,14.140000343322754,11.773022651672363
2019-10-16,14.119999885559082,11.756368637084961
2019-10-17,14.079999923706055,11.723064422607422
2019-10-18,14.095000267028809,11.735553741455078
2019-10-21,13.97249984741211,11.633561134338379
2019-10-22,14.039999961853027,11.689762115478516
2019-10-23,14.114999771118164,11.752206802368164
2019-10-24,14.21875,11.838589668273926
2019-10-25,14.162500381469727,11.791756629943848
2019-10-28,14.029999732971191,11.68143367767334
2019-10-29,14.010000228881836,11.664782524108887
2019-10-30,14.09000015258789,11.731389045715332
2019-10-31,14.194999694824219,11.818814277648926
2019-11-01,14.145000457763672,11.777186393737793
2019-11-04,14.02750015258789,11.67935562133789
2019-11-05,13.9399995803833,11.606500625610352
2019-11-06,14.0,11.656455039978027
2019-11-07,13.954999923706055,11.618990898132324
2019-11-08,13.912500381469727,11.583602905273438
2019-11-11,13.880000114440918,11.55654525756836
2019-11-12,13.890000343322754,11.564870834350586
2019-11-13,13.97249984741211,11.633561134338379
2019-11-14,13.9399995803833,11.680819511413574
2019-11-15,13.899999618530273,11.647303581237793
2019-11-18,13.880000114440918,11.630544662475586
2019-11-19,13.869999885559082,11.62216567993164
2019-11-20,13.880000114440918,11.630544662475586
2019-11-21,13.826250076293945,11.585505485534668
2019-11-22,13.907500267028809,11.653587341308594
2019-11-25,13.925000190734863,11.668251037597656
2019-11-26,14.029999732971191,11.756232261657715
2019-11-27,13.960000038146973,11.697578430175781
2019-11-28,13.981249809265137,11.715384483337402
2019-11-29,13.954999923706055,11.693388938903809
2019-12-02,13.944999694824219,11.685009002685547
2019-12-03,14.010000228881836,11.73947525024414
2019-12-04,13.899999618530273,11.647303581237793
2019-12-05,13.854999542236328,11.60959529876709
2019-12-06,13.887499809265137,11.63682746887207
2019-12-09,13.899999618530273,11.647303581237793
2019-12-10,13.84749984741211,11.603312492370605
2019-12-11,13.869999885559082,11.62216567993164
2019-12-12,13.78499984741211,11.550939559936523
2019-12-13,13.869999885559082,11.62216567993164
2019-12-16,13.8100004196167,11.57188892364502
2019-12-17,13.869999885559082,11.62216567993164
2019-12-18,13.859999656677246,11.613785743713379
2019-12-19,13.824999809265137,11.584455490112305
2019-12-20,13.859999656677246,11.613785743713379
2019-12-23,13.890000343322754,11.638924598693848
2019-12-24,13.8725004196167,11.624259948730469
2019-12-27,13.914999961853027,11.659872055053711
2019-12-30,13.732500076293945,11.506948471069336
2019-12-31,13.797499656677246,11.561413764953613
2020-01-02,13.869999885559082,11.62216567993164
2020-01-03,13.979999542236328,11.714336395263672
2020-01-06,13.90250015258789,11.649396896362305
2020-01-07,13.90999984741211,11.655681610107422
2020-01-08,13.875,11.626355171203613
2020-01-09,13.845000267028809,11.601217269897461
2020-01-10,13.914999961853027,11.659872055053711
2020-01-13,13.927499771118164,11.670345306396484
2020-01-14,14.0,11.731095314025879
2020-01-15,14.050000190734863,11.772994041442871
2020-01-16,14.071249961853027,11.790801048278809
2020-01-17,14.100000381469727,11.814889907836914
2020-01-20,14.038749694824219,11.763568878173828
2020-01-21,14.109999656677246,11.823270797729492
2020-01-22,14.119999885559082,11.831648826599121
2020-01-23,14.227499961853027,11.921727180480957
2020-01-24,14.25,11.940582275390625
2020-01-27,14.28499984741211,11.9699068069458
2020-01-28,14.234999656677246,11.928009986877441
2020-01-29,14.305000305175781,11.986666679382324
2020-01-30,14.244999885559082,11.93639087677002
2020-01-31,14.305000305175781,11.986666679382324
2020-02-03,14.332500457763672,12.009711265563965
2020-02-04,14.225000381469727,11.919631958007812
2020-02-05,14.114999771118164,11.827459335327148
2020-02-06,14.170000076293945,11.87354564666748
2020-02-07,14.1875,11.888209342956543
2020-02-10,14.232500076293945,11.925915718078613
2020-02-11,14.255000114440918,11.944770812988281
2020-02-12,14.210000038146973,11.907062530517578
2020-02-13,14.114999771118164,11.827459335327148
2020-02-14,14.180000305175781,11.881924629211426
2020-02-17,14.147500038146973,11.854690551757812
2020-02-18,14.164999961853027,11.869356155395508
2020-02-19,14.1875,11.888209342956543
2020-02-20,14.270000457763672,11.957338333129883
2020-02-21,14.319999694824219,11.999236106872559
2020-02-24,14.364999771118164,12.036941528320312
2020-02-25,14.404999732971191,12.07046127319336
2020-02-26,14.399999618530273,12.06627082824707
2020-02-27,14.420000076293945,12.083029747009277
2020-02-28,14.4399995803833,12.099788665771484
2020-03-02,14.444999694824219,12.10397720336914
2020-03-03,14.585000038146973,12.22128963470459
2020-03-04,14.520000457763672,12.166825294494629
2020-03-05,14.617500305175781,12.24852180480957
2020-03-06,14.9399995803833,12.518756866455078
2020-03-09,15.145000457763672,12.690533638000488
2020-03-10,15.095000267028809,12.648636817932129
2020-03-11,14.925000190734863,12.506184577941895
2020-03-12,14.850000381469727,12.443341255187988
2020-03-13,14.5600004196167,12.200340270996094
2020-03-16,14.300000190734863,11.982478141784668
2020-03-17,14.3149995803833,11.99504566192627
2020-03-18,13.614999771118164,11.408491134643555
2020-03-19,14.100000381469727,11.814889907836914
2020-03-20,14.46500015258789,12.120736122131348
2020-03-23,14.850000381469727,12.443341255187988
2020-03-24,14.604999542236328,12.238044738769531
2020-03-25,14.5649995803833,12.204530715942383
2020-03-26,14.640000343322754,12.267374992370605
2020-03-27,14.694999694824219,12.313460350036621
2020-03-30,14.864999771118164,12.455909729003906
2020-03-31,14.739999771118164,12.351167678833008
2020-04-01,14.699999809265137,12.317652702331543
2020-04-02,14.767499923706055,12.374211311340332
2020-04-03,14.789999961853027,12.393065452575684
2020-04-06,14.72249984741211,12.336503982543945
2020-04-07,14.617500305175781,12.24852180480957
2020-04-08,14.800000190734863,12.401446342468262
2020-04-09,14.970000267028809,12.54389476776123
2020-04-14,14.914999961853027,12.497807502746582
2020-04-15,14.913749694824219,12.496760368347168
2020-04-16,14.922499656677246,12.50408935546875
2020-04-17,14.9399995803833,12.518756866455078
2020-04-20,14.880000114440918,12.468478202819824
2020-04-21,15.015000343322754,12.581600189208984
2020-04-22,14.994999885559082,12.564842224121094
2020-04-23,15.03499984741211,12.598360061645508
2020-04-24,15.010000228881836,12.577410697937012
2020-04-27,15.010000228881836,12.577410697937012
2020-04-28,15.0,12.569031715393066
2020-04-29,15.029999732971191,12.594171524047852
2020-04-30,15.107500076293945,12.659109115600586
2020-05-01,15.0649995803833,12.623498916625977
2020-05-04,15.130000114440918,12.677962303161621
2020-05-05,15.164999961853027,12.707291603088379
2020-05-06,15.123749732971191,12.672725677490234
2020-05-07,15.149999618530273,12.694721221923828
2020-05-11,15.095000267028809,12.648636817932129
2020-05-12,15.069999694824219,12.627687454223633
2020-05-13,15.109999656677246,12.66120433807373
2020-05-14,14.987500190734863,12.623556137084961
2020-05-15,14.970000267028809,12.608814239501953
2020-05-18,14.885000228881836,12.537222862243652
2020-05-19,14.904999732971191,12.554067611694336
2020-05-20,14.979999542236328,12.617238998413086
2020-05-21,15.045000076293945,12.671985626220703
2020-05-22,15.029999732971191,12.659353256225586
2020-05-26,14.932499885559082,12.577229499816895
2020-05-27,14.992500305175781,12.627766609191895
2020-05-28,14.954999923706055,12.59618091583252
2020-05-29,15.055000305175781,12.68040943145752
2020-06-01,14.96500015258789,12.604602813720703
2020-06-02,14.9399995803833,12.58354663848877
2020-06-03,14.8149995803833,12.478263854980469
2020-06-04,14.739999771118164,12.415092468261719
2020-06-05,14.640000343322754,12.330864906311035
2020-06-08,14.704999923706055,12.385613441467285
2020-06-09,14.779999732971191,12.448783874511719
2020-06-10,14.90999984741211,12.558279991149902
2020-06-11,15.039999961853027,12.667774200439453
2020-06-12,15.0,12.634082794189453
2020-06-15,14.984999656677246,12.62144947052002
2020-06-16,14.984999656677246,12.62144947052002
2020-06-17,15.02750015258789,12.657247543334961
2020-06-18,14.890000343322754,12.541433334350586
2020-06-19,14.824999809265137,12.486686706542969
2020-06-22,14.864999771118164,12.520376205444336
2020-06-23,14.854999542236328,12.511953353881836
2020-06-24,14.949999809265137,12.591970443725586
2020-06-25,15.055000305175781,12.68040943145752
2020-06-26,14.954999923706055,12.59618091583252
2020-06-29,15.0,12.634082794189453
2020-06-30,14.96500015258789,12.604602813720703
2020-07-01,14.885000228881836,12.537222862243652
2020-07-02,14.944999694824219,12.587759017944336
2020-07-03,14.914999961853027,12.56248950958252
2020-07-06,14.944999694824219,12.587759017944336
2020-07-07,14.944999694824219,12.587759017944336
2020-07-08,14.930000305175781,12.575125694274902
2020-07-09,14.994999885559082,12.629871368408203
2020-07-10,15.0,12.634082794189453
2020-07-13,14.930000305175781,12.575125694274902
2020-07-14,14.975000381469727,12.61302661895752
2020-07-15,14.883749961853027,12.536169052124023
2020-07-16,14.899999618530273,12.54985523223877
2020-07-17,14.892499923706055,12.543538093566895
2020-07-20,14.917499542236328,12.564596176147461
2020-07-21,14.942500114440918,12.585652351379395
2020-07-22,15.010000228881836,12.642505645751953
2020-07-23,14.989999771118164,12.625661849975586
2020-07-24,14.927499771118164,12.573018074035645
2020-07-27,15.015000343322754,12.64671802520752
2020-07-28,15.015000343322754,12.64671802520752
2020-07-29,14.984999656677246,12.62144947052002
2020-07-30,15.020000457763672,12.650930404663086
2020-07-31,15.020000457763672,12.650930404663086
2020-08-03,15.015000343322754,12.64671802520752
2020-08-04,15.03499984741211,12.663562774658203
2020-08-05,14.930000305175781,12.575125694274902
2020-08-06,15.017499923706055,12.648821830749512
2020-08-07,14.914999961853027,12.56248950958252
2020-08-10,14.920000076293945,12.566701889038086
2020-08-11,14.791250228881836,12.458260536193848
2020-08-12,14.720000267028809,12.398247718811035
2020-08-13,14.707500457763672,12.38771915435791
2020-08-14,14.694999694824219,12.377188682556152
2020-08-17,14.755000114440918,12.427726745605469
2020-08-18,14.739999771118164,12.415092468261719
2020-08-19,14.697500228881836,12.379295349121094
2020-08-20,14.6850004196167,12.368767738342285
2020-08-21,14.732500076293945,12.40877628326416
2020-08-24,14.739999771118164,12.415092468261719
2020-08-25,14.600000381469727,12.297175407409668
2020-08-26,14.5600004196167,12.263484001159668
2020-08-27,14.5,12.212947845458984
2020-08-28,14.5649995803833,12.267696380615234
2020-09-01,14.572500228881836,12.274011611938477
2020-09-02,14.704999923706055,12.385613441467285
2020-09-03,14.72249984741211,12.400352478027344
2020-09-04,14.672499656677246,12.358240127563477
2020-09-07,14.699999809265137,12.381401062011719
2020-09-08,14.760000228881836,12.431937217712402
2020-09-09,14.729999542236328,12.406669616699219
2020-09-10,14.694999694824219,12.377188682556152
2020-09-11,14.835000038146973,12.495109558105469
2020-09-14,14.792499542236328,12.459312438964844
2020-09-15,14.779999732971191,12.448783874511719
2020-09-16,14.805000305175781,12.469841003417969
2020-09-17,14.805000305175781,12.469841003417969
2020-09-18,14.8149995803833,12.478263854980469
2020-09-21,14.875,12.528800964355469
2020-09-22,14.8100004196167,12.474051475524902
2020-09-23,14.767499923706055,12.438253402709961
2020-09-24,14.770000457763672,12.440361976623535
2020-09-25,14.859999656677246,12.516165733337402
2020-09-28,14.822500228881836,12.484580993652344
2020-09-29,14.859999656677246,12.516165733337402
2020-09-30,14.755000114440918,12.427726745605469
2020-10-01,14.720000267028809,12.398247718811035
2020-10-02,14.704999923706055,12.385613441467285
2020-10-05,14.630000114440918,12.322443008422852
2020-10-06,14.612500190734863,12.30770206451416
2020-10-07,14.595000267028809,12.292963981628418
2020-10-08,14.612500190734863,12.30770206451416
2020-10-09,14.662500381469727,12.349817276000977
2020-10-12,14.654999732971191,12.343498229980469
2020-10-13,14.729999542236328,12.406669616699219
2020-10-14,14.768750190734863,12.439308166503906
2020-10-15,14.850000381469727,12.507741928100586
2020-10-16,14.859999656677246,12.516165733337402
2020-10-19,14.869999885559082,12.524588584899902
2020-10-20,14.819999694824219,12.482473373413086
2020-10-21,14.694999694824219,12.377188682556152
2020-10-22,14.645000457763672,12.335077285766602
2020-10-23,14.649999618530273,12.339289665222168
2020-10-26,14.6274995803833,12.320337295532227
2020-10-27,14.765000343322754,12.436148643493652
2020-10-28,14.8149995803833,12.478263854980469
2020-10-29,14.787500381469727,12.45510196685791
2020-10-30,14.670000076293945,12.356133460998535
2020-11-02,14.762499809265137,12.434042930603027
2020-11-03,14.649999618530273,12.339289665222168
2020-11-04,14.8100004196167,12.474051475524902
2020-11-05,14.725000381469727,12.402457237243652
2020-11-06,14.640000343322754,12.330864906311035
2020-11-09,14.449999809265137,12.170835494995117
2020-11-10,14.414999961853027,12.141355514526367
2020-11-11,14.3774995803833,12.109769821166992
2020-11-12,14.449999809265137,12.22439956665039
2020-11-13,14.46500015258789,12.237089157104492
2020-11-16,14.4399995803833,12.215940475463867
2020-11-17,14.476249694824219,12.24660587310791
2020-11-18,14.452500343322754,12.226513862609863
2020-11-19,14.460000038146973,12.232861518859863
2020-11-20,14.520000457763672,12.283617973327637
2020-11-23,14.494999885559082,12.262469291687012
2020-11-24,14.515000343322754,12.279388427734375
2020-11-25,14.5337495803833,12.295248031616211
2020-11-26,14.612500190734863,12.361870765686035
2020-11-27,14.600000381469727,12.351295471191406
2020-11-30,14.5600004196167,12.31745719909668
2020-12-01,14.462499618530273,12.234973907470703
2020-12-02,14.454999923706055,12.228628158569336
2020-12-03,14.482500076293945,12.251893043518066
2020-12-04,14.470000267028809,12.241318702697754
2020-12-07,14.602499961853027,12.353411674499512
2020-12-08,14.664999961853027,12.40628433227539
2020-12-09,14.675000190734863,12.414743423461914
2020-12-10,14.782500267028809,12.50568675994873
2020-12-11,14.835000038146973,12.550101280212402
2020-12-14,14.765000343322754,12.490882873535156
2020-12-15,14.630000114440918,12.37667465209961
2020-12-16,14.604999542236328,12.355525970458984
2020-12-17,14.640000343322754,12.38513469696045
2020-12-18,14.6875,12.42531967163086
2020-12-21,14.787500381469727,12.509917259216309
2020-12-22,14.835000038146973,12.550101280212402
2020-12-23,14.569999694824219,12.32591724395752
2020-12-24,14.65625,12.398881912231445
2020-12-29,14.757499694824219,12.484538078308105
2020-12-30,14.75,12.478193283081055
2020-12-31,14.770000457763672,12.495113372802734
2021-01-04,14.8125,12.531065940856934
2021-01-05,14.729999542236328,12.461272239685059
2021-01-06,14.648750305175781,12.392537117004395
2021-01-07,14.567500114440918,12.323801040649414
2021-01-08,14.595000267028809,12.347065925598145
2021-01-11,14.53499984741211,12.296307563781738
2021-01-12,14.489999771118164,12.258238792419434
2021-01-13,14.572500228881836,12.328031539916992
2021-01-14,14.592499732971191,12.344951629638672
2021-01-15,14.592499732971191,12.344951629638672
2021-01-18,14.59749984741211,12.349181175231934
2021-01-19,14.612500190734863,12.361870765686035
2021-01-20,14.5649995803833,12.321685791015625
2021-01-21,14.52750015258789,12.289962768554688
2021-01-22,14.547499656677246,12.306882858276367
2021-01-25,14.632499694824219,12.378789901733398
2021-01-26,14.619999885559082,12.368215560913086
2021-01-27,14.65625,12.398881912231445
2021-01-28,14.612500190734863,12.361870765686035
2021-01-29,14.557499885559082,12.31534194946289
2021-02-01,14.547499656677246,12.306882858276367
2021-02-02,14.5024995803833,12.26881217956543
2021-02-03,14.447500228881836,12.222284317016602
2021-02-04,14.327500343322754,12.120765686035156
2021-02-05,14.22249984741211,12.031937599182129
2021-02-08,14.265000343322754,12.067893981933594
2021-02-09,14.295000076293945,12.093273162841797
2021-02-10,14.25,12.055204391479492
2021-02-11,14.266249656677246,12.068951606750488
2021-02-12,14.192500114440918,12.006560325622559
2021-02-15,14.078749656677246,11.910329818725586
2021-02-16,13.987500190734863,11.833134651184082
2021-02-17,14.095000267028809,11.924077033996582
2021-02-18,14.007499694824219,11.850051879882812
2021-02-19,13.930000305175781,11.784489631652832
2021-02-22,13.932499885559082,11.786603927612305
2021-02-23,13.835000038146973,11.704120635986328
2021-02-24,13.75,11.632213592529297
2021-02-25,13.71500015258789,11.602603912353516
2021-02-26,13.71500015258789,11.602603912353516
2021-03-01,13.805000305175781,11.678743362426758
2021-03-02,13.947500228881836,11.799296379089355
2021-03-03,13.807499885559082,11.680856704711914
2021-03-04,13.867500305175781,11.731616020202637
2021-03-05,13.869999885559082,11.733731269836426
2021-03-08,13.868749618530273,11.732673645019531
2021-03-09,13.925000190734863,11.780259132385254
2021-03-10,13.9350004196167,11.78872013092041
2021-03-11,13.897500038146973,11.756996154785156
2021-03-12,13.739999771118164,11.623754501342773
2021-03-15,13.8100004196167,11.68297290802002
2021-03-16,13.813750267028809,11.686144828796387
2021-03-17,13.755000114440918,11.636444091796875
2021-03-18,13.6899995803833,11.581453323364258
2021-03-19,13.7475004196167,11.630099296569824
2021-03-22,13.770000457763672,11.64913272857666
2021-03-23,13.8725004196167,11.735846519470215
2021-03-24,13.881250381469727,11.74324893951416
2021-03-25,13.944999694824219,11.797179222106934
2021-03-26,13.8774995803833,11.74007511138916
2021-03-29,13.837499618530273,11.7062349319458
2021-03-30,13.744999885559082,11.627984046936035
2021-03-31,13.720000267028809,11.60683536529541
2021-04-01,13.77750015258789,11.655478477478027
2021-04-06,13.8149995803833,11.687201499938965
2021-04-07,13.829999923706055,11.699892044067383
2021-04-08,13.8774995803833,11.74007511138916
2021-04-09,13.835000038146973,11.704120635986328
2021-04-12,13.835000038146973,11.704120635986328
2021-04-13,13.837499618530273,11.7062349319458
2021-04-14,13.797499656677246,11.67239761352539
2021-04-15,13.920000076293945,11.776030540466309
2021-04-16,13.859999656677246,11.72527027130127
2021-04-19,13.885000228881836,11.746420860290527
2021-04-20,13.920000076293945,11.776030540466309
2021-04-21,13.890000343322754,11.750651359558105
2021-04-22,13.904999732971191,11.76333999633789
2021-04-23,13.90999984741211,11.767569541931152
2021-04-26,13.899999618530273,11.759111404418945
2021-04-27,13.8725004196167,11.735846519470215
2021-04-28,13.842499732971191,11.710464477539062
2021-04-29,13.779999732971191,11.657590866088867
2021-04-30,13.789999961853027,11.66605281829834
2021-05-04,13.875,11.737960815429688
2021-05-05,13.817500114440918,11.68931770324707
2021-05-06,13.84000015258789,11.708352088928223
2021-05-07,13.859999656677246,11.72527027130127
2021-05-10,13.835000038146973,11.704120635986328
2021-05-11,13.737500190734863,11.6216402053833
2021-05-12,13.670000076293945,11.564534187316895
2021-05-13,13.585000038146973,11.539901733398438
2021-05-14,13.645000457763672,11.590868949890137
2021-05-17,13.647500038146973,11.592991828918457
2021-05-18,13.645000457763672,11.590868949890137
2021-05-19,13.667499542236328,11.609980583190918
2021-05-20,13.675000190734863,11.616351127624512
2021-05-21,13.677499771118164,11.618475914001465
2021-05-24,13.734999656677246,11.667319297790527
2021-05-25,13.779999732971191,11.705543518066406
2021-05-26,13.832500457763672,11.750141143798828
2021-05-27,13.767499923706055,11.694927215576172
2021-05-28,13.789999961853027,11.714041709899902
2021-06-01,13.729999542236328,11.66307258605957
2021-06-02,13.760000228881836,11.688557624816895
2021-06-03,13.702500343322754,11.639711380004883
2021-06-04,13.767499923706055,11.694927215576172
2021-06-07,13.739999771118164,11.671566009521484
2021-06-08,13.792499542236328,11.716163635253906
2021-06-09,13.859999656677246,11.773502349853516
2021-06-10,13.824999809265137,11.743770599365234
2021-06-11,13.895000457763672,11.803234100341797
2021-06-14,13.850000381469727,11.765007019042969
2021-06-15,13.832500457763672,11.750141143798828
2021-06-16,13.864999771118164,11.777749061584473
2021-06-17,13.822500228881836,11.741647720336914
2021-06-18,13.920000076293945,11.824469566345215
2021-06-21,13.899999618530273,11.807480812072754
2021-06-22,13.837499618530273,11.754388809204102
2021-06-23,13.835000038146973,11.752265930175781
2021-06-24,13.890000343322754,11.798986434936523
2021-06-25,13.829999923706055,11.748019218444824
2021-06-28,13.904999732971191,11.811728477478027
2021-06-29,13.890000343322754,11.798986434936523
2021-06-30,13.897500038146973,11.805356979370117
2021-07-01,13.885000228881836,11.794737815856934
2021-07-02,13.920000076293945,11.824469566345215
2021-07-05,13.90999984741211,11.815975189208984
2021-07-06,14.022500038146973,11.911539077758789
2021-07-07,14.085000038146973,11.964631080627441
2021-07-08,14.085000038146973,11.964631080627441
2021-07-09,14.00374984741211,11.895611763000488
2021-07-12,14.042499542236328,11.928526878356934
2021-07-13,14.086250305175781,11.965692520141602
2021-07-14,14.095000267028809,11.973124504089355
2021-07-15,14.022500038146973,11.911539077758789
2021-07-16,14.082500457763672,11.962506294250488
2021-07-19,14.234999656677246,12.092050552368164
2021-07-20,14.270000457763672,12.121781349182129
2021-07-21,14.194999694824219,12.05807113647461
2021-07-22,14.260000228881836,12.113286018371582
2021-07-23,14.257499694824219,12.111161231994629
2021-07-26,14.270000457763672,12.121781349182129
2021-07-27,14.3125,12.157882690429688
2021-07-28,14.270000457763672,12.121781349182129
2021-07-29,14.274999618530273,12.126028060913086
2021-07-30,14.276249885559082,12.127089500427246
2021-08-02,14.337499618530273,12.179118156433105
2021-08-03,14.367500305175781,12.204604148864746
2021-08-04,14.382499694824219,12.217344284057617
2021-08-05,14.375,12.210973739624023
2021-08-06,14.234999656677246,12.092050552368164
2021-08-09,14.34749984741211,12.187614440917969
2021-08-10,14.335000038146973,12.176994323730469
2021-08-11,14.332500457763672,12.174872398376465
2021-08-12,14.286250114440918,12.13558292388916
2021-08-13,14.3125,12.157882690429688
2021-08-16,14.324999809265137,12.168501853942871
2021-08-17,14.34749984741211,12.187614440917969
2021-08-18,14.31624984741211,12.161067962646484
2021-08-19,14.359999656677246,12.198232650756836
2021-08-20,14.3725004196167,12.208850860595703
2021-08-23,14.352499961853027,12.191861152648926
2021-08-24,14.351249694824219,12.19079875946045
2021-08-25,14.239999771118164,12.096296310424805
2021-08-26,14.229999542236328,12.08780288696289
2021-08-27,14.267499923706055,12.119656562805176
2021-08-31,14.172499656677246,12.038957595825195
2021-09-01,14.210000038146973,12.070812225341797
2021-09-02,14.239999771118164,12.096296310424805
2021-09-03,14.170000076293945,12.036832809448242
2021-09-06,14.208749771118164,12.06974983215332
2021-09-07,14.1225004196167,11.996485710144043
2021-09-08,14.145000457763672,12.01560115814209
2021-09-09,14.170000076293945,12.036832809448242
2021-09-10,14.145000457763672,12.01560115814209
2021-09-13,14.164999961853027,12.032585144042969
2021-09-14,14.177499771118164,12.043205261230469
2021-09-15,14.140000343322754,12.011350631713867
2021-09-16,14.067500114440918,11.9497652053833
2021-09-17,14.012499809265137,11.903043746948242
2021-09-20,14.085000038146973,11.964631080627441
2021-09-21,14.079999923706055,11.960382461547852
2021-09-22,14.069999694824219,11.951888084411621
2021-09-23,13.920000076293945,11.824469566345215
2021-09-24,13.857500076293945,11.771377563476562
2021-09-27,13.817500114440918,11.737401008605957
2021-09-28,13.739999771118164,11.671566009521484
2021-09-29,13.725000381469727,11.658825874328613
2021-09-30,13.649999618530273,11.59511661529541
2021-10-01,13.670000076293945,11.612104415893555
2021-10-04,13.680000305175781,11.620598793029785
2021-10-05,13.550000190734863,11.510169982910156
2021-10-06,13.574999809265137,11.531408309936523
2021-10-07,13.574999809265137,11.531408309936523
2021-10-08,13.447500228881836,11.423101425170898
2021-10-11,13.420000076293945,11.399740219116211
2021-10-12,13.515000343322754,11.480439186096191
2021-10-13,13.65999984741211,11.603610038757324
2021-10-14,13.75,11.680063247680664
2021-10-15,13.637499809265137,11.584498405456543
2021-10-18,13.611249923706055,11.562199592590332
2021-10-19,13.614999771118164,11.565384864807129
2021-10-20,13.574999809265137,11.531408309936523
2021-10-21,13.505000114440918,11.471944808959961
2021-10-22,13.59000015258789,11.544148445129395
2021-10-25,13.619999885559082,11.569633483886719
2021-10-26,13.6899995803833,11.629093170166016
2021-10-27,13.96875,11.865880966186523
2021-10-28,14.015000343322754,11.905167579650879
2021-10-29,13.947500228881836,11.847831726074219
2021-11-01,13.90999984741211,11.815975189208984
2021-11-02,13.880000114440918,11.79049015045166
2021-11-03,13.822500228881836,11.741647720336914
2021-11-04,13.970000267028809,11.866943359375
2021-11-05,14.167499542236328,12.034709930419922
2021-11-08,14.170000076293945,12.036832809448242
2021-11-09,14.267499923706055,12.119656562805176
2021-11-10,14.0625,11.94551944732666
2021-11-11,13.994999885559082,11.934516906738281
2021-11-12,13.979999542236328,11.921725273132324
2021-11-15,13.947500228881836,11.894011497497559
2021-11-16,13.90250015258789,11.855635643005371
2021-11-17,13.899999618530273,11.853503227233887
2021-11-18,13.982500076293945,11.923855781555176
2021-11-19,14.069999694824219,11.99847412109375
2021-11-22,13.984999656677246,11.925989151000977
2021-11-23,13.970000267028809,11.913198471069336
2021-11-24,13.930000305175781,11.8790864944458
2021-11-25,14.012499809265137,11.949440002441406
2021-11-26,14.25,12.151973724365234
2021-11-29,14.207500457763672,12.115730285644531
2021-11-30,14.335000038146973,12.224459648132324
2021-12-01,14.244999885559082,12.147709846496582
2021-12-02,14.28499984741211,12.1818208694458
2021-12-03,14.338749885559082,12.227656364440918
2021-12-06,14.385000228881836,12.267096519470215
2021-12-07,14.444999694824219,12.318264961242676
2021-12-08,14.4350004196167,12.309737205505371
2021-12-09,14.364999771118164,12.250041007995605
2021-12-10,14.390000343322754,12.2713623046875
2021-12-13,14.40625,12.285219192504883
2021-12-14,14.336250305175781,12.225523948669434
2021-12-15,14.289999961853027,12.186084747314453
2021-12-16,14.2475004196167,12.149842262268066
2021-12-17,14.207500457763672,12.115730285644531
2021-12-20,14.1850004196167,12.096542358398438
2021-12-21,14.022500038146973,11.957966804504395
2021-12-22,14.008749961853027,11.946242332458496
2021-12-23,13.956250190734863,11.901473045349121
2021-12-24,13.97249984741211,11.915328025817871
2021-12-29,13.875,11.832184791564941
2021-12-30,13.944999694824219,11.891879081726074
2021-12-31,13.914999961853027,11.86629581451416
2022-01-04,13.757499694824219,11.731983184814453
2022-01-05,13.774999618530273,11.746906280517578
2022-01-06,13.654999732971191,11.644573211669922
2022-01-07,13.625,11.61899185180664
2022-01-10,13.600000381469727,11.597674369812012
2022-01-11,13.670000076293945,11.657365798950195
2022-01-12,13.6899995803833,11.674420356750488
2022-01-13,13.734999656677246,11.712797164916992
2022-01-14,13.6899995803833,11.674420356750488
2022-01-17,13.612500190734863,11.608331680297852
2022-01-18,13.5649995803833,11.567826271057129
2022-01-19,13.492500305175781,11.506001472473145
2022-01-20,13.539999961853027,11.54650592803955
2022-01-21,13.612500190734863,11.608331680297852
2022-01-24,13.6899995803833,11.674420356750488
2022-01-25,13.654999732971191,11.644573211669922
2022-01-26,13.574999809265137,11.576354026794434
2022-01-27,13.520000457763672,11.529451370239258
2022-01-28,13.515000343322754,11.525187492370605
2022-01-31,13.387499809265137,11.416460037231445
2022-02-01,13.414999961853027,11.439910888671875
2022-02-02,13.522500038146973,11.53158187866211
2022-02-03,13.345000267028809,11.380215644836426
2022-02-04,13.289999961853027,11.33331298828125
2022-02-07,13.272500038146973,11.318390846252441
2022-02-08,13.147500038146973,11.211793899536133
2022-02-09,13.239999771118164,11.290675163269043
2022-02-10,13.095000267028809,11.167023658752441
2022-02-11,13.069999694824219,11.14570426940918
2022-02-14,13.032500267028809,11.113724708557129
2022-02-15,13.079999923706055,11.154232025146484
2022-02-16,13.137499809265137,11.203266143798828
2022-02-17,13.192500114440918,11.250168800354004
2022-02-18,13.3100004196167,11.350369453430176
2022-02-21,13.303750038146973,11.345038414001465
2022-02-22,13.202500343322754,11.258696556091309
2022-02-23,13.188750267028809,11.246969223022461
2022-02-24,13.177499771118164,11.237377166748047
2022-02-25,13.130000114440918,11.196870803833008
2022-02-28,13.202500343322754,11.258696556091309
2022-03-01,13.649999618530273,11.640310287475586
2022-03-02,13.414999961853027,11.439910888671875
2022-03-03,13.313750267028809,11.353567123413086
2022-03-04,13.462499618530273,11.480416297912598
2022-03-07,13.319999694824219,11.358896255493164
2022-03-08,13.148750305175781,11.212860107421875
2022-03-09,13.074999809265137,11.149968147277832
2022-03-10,13.03499984741211,11.115857124328613
2022-03-11,13.055000305175781,11.132911682128906
2022-03-14,12.911250114440918,11.010327339172363
2022-03-15,12.975000381469727,11.064691543579102
2022-03-16,12.885000228881836,10.98794174194336
2022-03-17,12.9399995803833,11.034843444824219
2022-03-18,13.015000343322754,11.09880256652832
2022-03-21,12.845000267028809,10.953831672668457
2022-03-22,12.770000457763672,10.889872550964355
2022-03-23,12.845000267028809,10.953831672668457
2022-03-24,12.850000381469727,10.958094596862793
2022-03-25,12.795000076293945,10.911191940307617
2022-03-28,12.925000190734863,11.022053718566895
2022-03-29,12.875,10.979413032531738
2022-03-30,12.869999885559082,10.975149154663086
2022-03-31,12.914999961853027,11.01352596282959
2022-04-01,12.954999923706055,11.047636032104492
2022-04-04,13.047499656677246,11.126517295837402
2022-04-05,12.949999809265137,11.043371200561523
2022-04-06,12.84000015258789,10.949567794799805
2022-04-07,12.800000190734863,10.91545581817627
2022-04-08,12.765000343322754,10.885608673095703
2022-04-11,12.640000343322754,10.779014587402344
2022-04-12,12.6850004196167,10.817387580871582
2022-04-13,12.670000076293945,10.804596900939941
2022-04-14,12.5600004196167,10.710793495178223
2022-04-19,12.4399995803833,10.608460426330566
2022-04-20,12.524999618530273,10.680944442749023
2022-04-21,12.460000038146973,10.62551498413086
2022-04-22,12.545000076293945,10.698001861572266
2022-04-25,12.670000076293945,10.804596900939941
2022-04-26,12.75,10.872817993164062
2022-04-27,12.692500114440918,10.823785781860352
2022-04-28,12.604999542236328,10.749166488647461
2022-04-29,12.5600004196167,10.710793495178223
2022-05-03,12.510000228881836,10.668153762817383
2022-05-04,12.494999885559082,10.655360221862793
2022-05-05,12.475000381469727,10.638306617736816
2022-05-06,12.425000190734863,10.595667839050293
2022-05-09,12.460000038146973,10.62551498413086
2022-05-10,12.609999656677246,10.753430366516113
2022-05-11,12.539999961853027,10.693737030029297
2022-05-12,12.6899995803833,10.873156547546387
2022-05-13,12.642499923706055,10.832457542419434
2022-05-16,12.662500381469727,10.849594116210938
2022-05-17,12.475000381469727,10.688939094543457
2022-05-18,12.494999885559082,10.706073760986328
2022-05-19,12.506250381469727,10.715714454650879
2022-05-20,12.452500343322754,10.669658660888672
2022-05-23,12.364999771118164,10.594687461853027
2022-05-24,12.479999542236328,10.693222045898438
2022-05-25,12.414999961853027,10.637528419494629
2022-05-26,12.335000038146973,10.568981170654297
2022-05-27,12.404999732971191,10.628959655761719
2022-05-30,12.298749923706055,10.537921905517578
2022-05-31,12.145000457763672,10.406184196472168
2022-06-01,12.114999771118164,10.38047981262207
2022-06-06,11.987500190734863,10.271233558654785
2022-06-07,12.072500228881836,10.344064712524414
2022-06-08,12.023750305175781,10.302294731140137
2022-06-09,11.970000267028809,10.256239891052246
2022-06-10,11.84000015258789,10.14484977722168
2022-06-13,11.78499984741211,10.097724914550781
2022-06-14,11.680000305175781,10.007760047912598
2022-06-15,11.800000190734863,10.110577583312988
2022-06-16,11.7524995803833,10.069879531860352
2022-06-17,11.739999771118164,10.05916976928711
2022-06-20,11.585000038146973,9.926361083984375
2022-06-21,11.529999732971191,9.87923526763916
2022-06-22,11.704999923706055,10.029180526733398
2022-06-23,11.890000343322754,10.187694549560547
2022-06-24,11.927499771118164,10.219823837280273
2022-06-27,11.80875015258789,10.118075370788574
2022-06-28,11.6899995803833,10.016328811645508
2022-06-29,11.801250457763672,10.111650466918945
2022-06-30,11.890000343322754,10.187694549560547
2022-07-01,12.100000381469727,10.36762809753418
2022-07-04,11.928750038146973,10.220895767211914
2022-07-05,12.0600004196167,10.333354949951172
2022-07-06,12.0,10.281943321228027
2022-07-07,11.987500190734863,10.271233558654785
2022-07-08,11.863750457763672,10.165203094482422
2022-07-11,11.904999732971191,10.200544357299805
2022-07-12,11.960000038146973,10.247672080993652
2022-07-13,12.015000343322754,10.294797897338867
2022-07-14,11.979999542236328,10.264806747436523
2022-07-15,11.954999923706055,10.243387222290039
2022-07-18,11.867500305175781,10.168415069580078
2022-07-19,11.8149995803833,10.123430252075195
2022-07-20,11.854999542236328,10.157703399658203
2022-07-21,12.0,10.281943321228027
2022-07-22,12.130000114440918,10.393332481384277
2022-07-25,12.0649995803833,10.337636947631836
2022-07-26,12.109999656677246,10.376195907592773
2022-07-27,12.047499656677246,10.322644233703613
2022-07-28,12.210000038146973,10.461878776550293
2022-07-29,12.229999542236328,10.47901439666748
2022-08-01,12.369999885559082,10.598971366882324
2022-08-02,12.364999771118164,10.594687461853027
2022-08-03,12.265000343322754,10.509002685546875
2022-08-04,12.300000190734863,10.538993835449219
2022-08-05,12.103750228881836,10.370841026306152
2022-08-08,12.225000381469727,10.4747314453125
2022-08-09,12.220000267028809,10.47044849395752
2022-08-10,12.220000267028809,10.47044849395752
2022-08-11,12.079999923706055,10.35049057006836
2022-08-12,12.005000114440918,10.286229133605957
2022-08-15,12.125,10.38904857635498
2022-08-16,12.005000114440918,10.286229133605957
2022-08-17,11.859999656677246,10.1619873046875
2022-08-18,11.845000267028809,10.149136543273926
2022-08-19,11.710000038146973,10.033464431762695
2022-08-22,11.592499732971191,9.93278694152832
2022-08-23,11.53499984741211,9.883520126342773
2022-08-24,11.444999694824219,9.806403160095215
2022-08-25,11.5,9.853530883789062
2022-08-26,11.515000343322754,9.866384506225586
2022-08-30,11.40999984741211,9.77641487121582
2022-08-31,11.279999732971191,9.665026664733887
2022-09-01,11.147500038146973,9.551497459411621
2022-09-02,11.092499732971191,9.504372596740723
2022-09-05,11.149999618530273,9.553641319274902
2022-09-06,11.010000228881836,9.433684349060059
2022-09-07,11.029999732971191,9.450820922851562
2022-09-08,10.885000228881836,9.326581001281738
2022-09-09,10.922499656677246,9.358711242675781
2022-09-12,10.977499961853027,9.40583610534668
2022-09-13,10.920000076293945,9.356569290161133
2022-09-14,10.975000381469727,9.403694152832031
2022-09-15,10.921250343322754,9.357640266418457
2022-09-16,10.920000076293945,9.356569290161133
2022-09-20,10.779999732971191,9.236613273620605
2022-09-21,10.78499984741211,9.240897178649902
2022-09-22,10.569999694824219,9.056679725646973
2022-09-23,10.289999961853027,8.816766738891602
2022-09-26,9.979999542236328,8.551149368286133
2022-09-27,9.5625,8.193425178527832
2022-09-28,10.25,8.78249454498291
2022-09-29,10.239999771118164,8.77392578125
2022-09-30,10.40999984741211,8.919586181640625
2022-10-03,10.387499809265137,8.900309562683105
2022-10-04,10.305000305175781,8.829620361328125
2022-10-05,10.175000190734863,8.718233108520508
2022-10-06,10.03499984741211,8.598275184631348
2022-10-07,9.954999923706055,8.529728889465332
2022-10-10,9.710000038146973,8.319808006286621
2022-10-11,9.737500190734863,8.34337043762207
2022-10-12,9.727499961853027,8.33480167388916
2022-10-13,9.90250015258789,8.484745979309082
2022-10-14,9.772500038146973,8.373357772827148
2022-10-17,10.135000228881836,8.6839599609375
2022-10-18,10.1875,8.728941917419434
2022-10-19,10.380000114440918,8.893881797790527
2022-10-20,10.380000114440918,8.893881797790527
2022-10-21,10.194999694824219,8.735367774963379
2022-10-24,10.5,8.99670124053955
2022-10-25,10.595000267028809,9.07810115814209
2022-10-26,10.640000343322754,9.116657257080078
2022-10-27,10.795000076293945,9.249465942382812
2022-10-28,10.765000343322754,9.223761558532715
2022-10-31,10.694999694824219,9.163783073425293
2022-11-01,10.755000114440918,9.215193748474121
2022-11-02,10.789999961853027,9.245182991027832
2022-11-03,10.675000190734863,9.146648406982422
2022-11-04,10.630000114440918,9.108089447021484
2022-11-07,10.5600004196167,9.048111915588379
2022-11-08,10.647500038146973,9.123083114624023
2022-11-09,10.78499984741211,9.240897178649902
2022-11-10,10.979999542236328,9.407978057861328
2022-11-11,10.875,9.318013191223145
2022-11-14,10.875,9.318013191223145
2022-11-15,10.944999694824219,9.377988815307617
2022-11-16,11.102499961853027,9.512940406799316
2022-11-17,10.952500343322754,9.451926231384277
2022-11-18,10.930000305175781,9.432510375976562
2022-11-21,11.0,9.492919921875
2022-11-22,10.994999885559082,9.488603591918945
2022-11-23,11.137499809265137,9.611579895019531
2022-11-24,11.0649995803833,9.549013137817383
2022-11-25,10.994999885559082,9.488603591918945
2022-11-28,10.979999542236328,9.475658416748047
2022-11-29,11.0,9.492919921875
2022-11-30,10.925000190734863,9.428194999694824
2022-12-01,10.979999542236328,9.475658416748047
2022-12-02,10.895000457763672,9.402304649353027
2022-12-05,10.949999809265137,9.449769973754883
2022-12-06,10.979999542236328,9.475658416748047
2022-12-07,10.960000038146973,9.458399772644043
2022-12-08,10.930000305175781,9.432510375976562
2022-12-09,10.845000267028809,9.359156608581543
2022-12-12,10.78499984741211,9.30737590789795
2022-12-13,10.704999923706055,9.238337516784668
2022-12-14,10.699999809265137,9.23402214050293
2022-12-15,10.779999732971191,9.303061485290527
2022-12-16,10.704999923706055,9.238337516784668
2022-12-19,10.585000038146973,9.134777069091797
2022-12-20,10.5,9.061423301696777
2022-12-21,10.545000076293945,9.100257873535156
2022-12-22,10.522500038146973,9.080840110778809
2022-12-23,10.510000228881836,9.070053100585938
2022-12-28,10.475000381469727,9.039848327636719
2022-12-29,10.475000381469727,9.039848327636719
2022-12-30,10.489999771118164,9.052793502807617
2023-01-03,10.489999771118164,9.052793502807617
2023-01-04,10.609999656677246,9.156352996826172
2023-01-05,10.539999961853027,9.095943450927734
2023-01-06,10.59000015258789,9.139093399047852
2023-01-09,10.505000114440918,9.065738677978516
2023-01-10,10.53499984741211,9.091629028320312
2023-01-11,10.6850004196167,9.221077919006348
2023-01-12,10.760000228881836,9.285801887512207
2023-01-13,10.734999656677246,9.264225959777832
2023-01-16,10.725000381469727,9.255596160888672
2023-01-17,10.755000114440918,9.281486511230469
2023-01-18,10.755000114440918,9.281486511230469
2023-01-19,10.8149995803833,9.333264350891113
2023-01-20,10.729999542236328,9.25991153717041
2023-01-23,10.731249809265137,9.260990142822266
2023-01-24,10.8125,9.331108093261719
2023-01-25,10.829999923706055,9.346210479736328
2023-01-26,10.782500267028809,9.305219650268555
2023-01-27,10.75,9.277172088623047
2023-01-30,10.75,9.277172088623047
2023-01-31,10.755000114440918,9.281486511230469
2023-02-01,10.739999771118164,9.26854133605957
2023-02-02,11.005000114440918,9.497234344482422
2023-02-03,10.920000076293945,9.423880577087402
2023-02-06,10.795000076293945,9.31600570678711
2023-02-07,10.7524995803833,9.279329299926758
2023-02-08,10.725000381469727,9.255596160888672
2023-02-09,10.75,9.277172088623047
2023-02-10,10.672499656677246,9.21028995513916
2023-02-13,10.65999984741211,9.199501991271973
2023-02-14,10.574999809265137,9.126147270202637
2023-02-15,10.59000015258789,9.139093399047852
2023-02-16,10.595000267028809,9.143407821655273
2023-02-17,10.542499542236328,9.098099708557129
2023-02-20,10.592499732971191,9.141250610351562
2023-02-21,10.475000381469727,9.039848327636719
2023-02-22,10.515000343322754,9.074369430541992
2023-02-23,10.507499694824219,9.06789493560791
2023-02-24,10.444999694824219,9.013957977294922
2023-02-27,10.385000228881836,8.962179183959961
2023-02-28,10.385000228881836,8.962179183959961
2023-03-01,10.335000038146973,8.91903018951416
2023-03-02,10.324999809265137,8.910399436950684
2023-03-03,10.350000381469727,8.931974411010742
2023-03-06,10.350000381469727,8.931974411010742
2023-03-07,10.3774995803833,8.955706596374512
2023-03-08,10.449999809265137,9.01827335357666
2023-03-09,10.425000190734863,8.996698379516602
2023-03-10,10.524999618530273,9.082998275756836
2023-03-13,10.726249694824219,9.256675720214844
2023-03-14,10.647500038146973,9.188714981079102
2023-03-15,10.792499542236328,9.313848495483398
2023-03-16,10.770000457763672,9.294432640075684
2023-03-17,10.819999694824219,9.337580680847168
2023-03-20,10.805000305175781,9.32463550567627
2023-03-21,10.755000114440918,9.281486511230469
2023-03-22,10.680000305175781,9.21676254272461
2023-03-23,10.757499694824219,9.28364372253418
2023-03-24,10.819999694824219,9.337580680847168
2023-03-27,10.766249656677246,9.291194915771484
2023-03-28,10.734999656677246,9.264225959777832
2023-03-29,10.729999542236328,9.25991153717041
2023-03-30,10.6899995803833,9.22539234161377
2023-03-31,10.694999694824219,9.229706764221191
2023-04-03,10.8149995803833,9.333264350891113
2023-04-04,10.792499542236328,9.313848495483398
2023-04-05,10.78499984741211,9.30737590789795
2023-04-06,10.795000076293945,9.31600570678711
2023-04-11,10.697500228881836,9.231864929199219
2023-04-12,10.6850004196167,9.221077919006348
2023-04-13,10.640000343322754,9.182241439819336
2023-04-14,10.579999923706055,9.130461692810059
2023-04-17,10.53499984741211,9.091629028320312
2023-04-18,10.4975004196167,9.059266090393066
2023-04-19,10.420000076293945,8.99238395690918
2023-04-20,10.494999885559082,9.057107925415039
2023-04-21,10.494999885559082,9.057107925415039
2023-04-24,10.489999771118164,9.052793502807617
2023-04-25,10.5649995803833,9.11751651763916
2023-04-26,10.510000228881836,9.070053100585938
2023-04-27,10.4399995803833,9.0096435546875
2023-04-28,10.505000114440918,9.065738677978516
2023-05-02,10.555000305175781,9.108887672424316
2023-05-03,10.529999732971191,9.087313652038574
2023-05-04,10.5649995803833,9.11751651763916
2023-05-05,10.454999923706055,9.022587776184082
2023-05-09,10.414999961853027,8.988067626953125
2023-05-10,10.4399995803833,9.0096435546875
2023-05-11,10.517499923706055,9.076526641845703
2023-05-12,10.457500457763672,9.02474594116211
2023-05-15,10.414999961853027,8.988067626953125
2023-05-16,10.399999618530273,8.975123405456543
2023-05-17,10.399999618530273,8.975123405456543
2023-05-18,10.292499542236328,8.882351875305176
2023-05-19,10.15999984741211,8.86298656463623
2023-05-22,10.117500305175781,8.825912475585938
2023-05-23,10.037500381469727,8.756124496459961
2023-05-24,10.010000228881836,8.732134819030762
2023-05-25,9.914999961853027,8.649261474609375
2023-05-26,9.90250015258789,8.638358116149902
2023-05-30,9.970000267028809,8.69724178314209
2023-05-31,10.042499542236328,8.760485649108887
2023-06-01,10.087499618530273,8.7997407913208
2023-06-02,10.085000038146973,8.797558784484863
2023-06-05,10.032500267028809,8.751763343811035
2023-06-06,10.0625,8.777933120727539
2023-06-07,10.032500267028809,8.751763343811035
2023-06-08,10.020000457763672,8.74085807800293
2023-06-09,10.0337495803833,8.752852439880371
2023-06-12,9.961250305175781,8.689608573913574
2023-06-13,9.882499694824219,8.620911598205566
2023-06-14,9.9399995803833,8.671069145202637
2023-06-15,9.957500457763672,8.6863374710083
2023-06-16,9.962499618530273,8.690698623657227
2023-06-19,9.9087495803833,8.643811225891113
2023-06-20,10.010000228881836,8.732134819030762
2023-06-21,9.944999694824219,8.675431251525879
2023-06-22,9.979999542236328,8.705964088439941
2023-06-23,10.007499694824219,8.729952812194824
2023-06-26,10.047499656677246,8.764847755432129
2023-06-27,10.017499923706055,8.738677978515625
2023-06-28,10.048749923706055,8.765937805175781
2023-06-29,10.005000114440918,8.727773666381836
2023-06-30,10.0024995803833,8.725592613220215
2023-07-03,9.975000381469727,8.701603889465332
2023-07-04,10.0,8.723411560058594
2023-07-05,9.9375,8.668889999389648
2023-07-06,9.817500114440918,8.564209938049316
2023-07-07,9.800000190734863,8.548944473266602
2023-07-10,9.807499885559082,8.555485725402832
2023-07-11,9.802499771118164,8.551125526428223
2023-07-12,9.887499809265137,8.625272750854492
2023-07-13,9.949999809265137,8.679795265197754
2023-07-14,9.954999923706055,8.684155464172363
2023-07-17,9.942500114440918,8.673251152038574
2023-07-18,10.022500038146973,8.743038177490234
2023-07-19,10.130000114440918,8.83681583404541
2023-07-20,10.085000038146973,8.797558784484863
2023-07-21,10.092499732971191,8.804102897644043
2023-07-24,10.100000381469727,8.81064510345459
2023-07-25,10.087499618530273,8.7997407913208
2023-07-26,10.079999923706055,8.793198585510254
2023-07-27,10.0625,8.777933120727539
2023-07-28,10.045000076293945,8.762666702270508
2023-07-31,10.0649995803833,8.780112266540527
2023-08-01,10.0024995803833,8.725592613220215
2023-08-02,10.015000343322754,8.736496925354004
2023-08-03,9.947500228881836,8.677613258361816
2023-08-04,10.0,8.723411560058594
2023-08-07,9.954999923706055,8.684155464172363
2023-08-08,10.0,8.723411560058594
2023-08-09,10.020000457763672,8.74085807800293
2023-08-10,10.021249771118164,8.741949081420898
2023-08-11,9.869999885559082,8.610008239746094
2023-08-14,9.859999656677246,8.601284980773926
2023-08-15,9.857500076293945,8.599103927612305
2023-08-16,9.797499656677246,8.546762466430664
2023-08-17,9.729999542236328,8.487879753112793
2023-08-18,9.782500267028809,8.533677101135254
2023-08-21,9.739999771118164,8.496603012084961
2023-08-22,9.792499542236328,8.542401313781738
2023-08-23,9.927499771118164,8.660165786743164
2023-08-24,9.979999542236328,8.705964088439941
2023-08-25,9.967499732971191,8.695060729980469
2023-08-29,9.9975004196167,8.721231460571289
2023-08-30,9.984999656677246,8.710326194763184
2023-08-31,10.02750015258789,8.747401237487793
2023-09-01,9.975000381469727,8.701603889465332
2023-09-04,9.9350004196167,8.666708946228027
2023-09-05,9.90250015258789,8.638358116149902
2023-09-06,9.880000114440918,8.618731498718262
2023-09-07,9.952500343322754,8.681975364685059
2023-09-08,9.994999885559082,8.719048500061035
2023-09-11,9.9350004196167,8.666708946228027
2023-09-12,9.982500076293945,8.708145141601562
2023-09-13,10.042499542236328,8.760485649108887
2023-09-14,10.095000267028809,8.806282997131348
2023-09-15,10.020000457763672,8.74085807800293
2023-09-18,9.989999771118164,8.714688301086426
2023-09-19,10.017499923706055,8.738677978515625
2023-09-20,10.092499732971191,8.804102897644043
2023-09-21,10.055000305175781,8.771389961242676
2023-09-22,10.077500343322754,8.79101848602295
2023-09-25,10.012499809265137,8.734314918518066
2023-09-26,10.005000114440918,8.727773666381836
2023-09-27,9.982500076293945,8.708145141601562
2023-09-28,9.8774995803833,8.616551399230957
2023-09-29,9.917499542236328,8.651442527770996
2023-10-02,9.842499732971191,8.586018562316895
2023-10-03,9.81624984741211,8.563117980957031
2023-10-04,9.821249961853027,8.567480087280273
2023-10-05,9.854999542236328,8.596921920776367
2023-10-06,9.824999809265137,8.570752143859863
2023-10-09,9.885000228881836,8.623092651367188
2023-10-10,9.930000305175781,8.662346839904785
2023-10-11,10.02750015258789,8.747401237487793
2023-10-12,9.962499618530273,8.690698623657227
2023-10-13,9.979999542236328,8.705964088439941
2023-10-16,9.920000076293945,8.653624534606934
2023-10-17,9.887499809265137,8.625272750854492
2023-10-18,9.805000305175781,8.553306579589844
2023-10-19,9.779999732971191,8.531496047973633
2023-10-20,9.782500267028809,8.533677101135254
2023-10-23,9.822500228881836,8.568571090698242
2023-10-24,9.863750457763672,8.604555130004883
2023-10-25,9.817500114440918,8.564209938049316
2023-10-26,9.822500228881836,8.568571090698242
2023-10-27,9.87125015258789,8.611098289489746
2023-10-30,9.857500076293945,8.599103927612305
2023-10-31,9.90250015258789,8.638358116149902
2023-11-01,9.90999984741211,8.64490032196045
2023-11-02,10.005000114440918,8.727773666381836
2023-11-03,10.074999809265137,8.788836479187012
2023-11-06,10.008749961853027,8.731045722961426
2023-11-07,10.087499618530273,8.7997407913208
2023-11-08,10.143750190734863,8.848810195922852
2023-11-09,10.109999656677246,8.819369316101074
2023-11-10,10.069999694824219,8.784475326538086
2023-11-13,10.085000038146973,8.797558784484863
2023-11-14,10.237500190734863,8.93059253692627
2023-11-15,10.170000076293945,8.871709823608398
2023-11-16,10.107500076293945,8.94373607635498
2023-11-17,10.117500305175781,8.95258617401123
2023-11-20,10.102499961853027,8.939312934875488
2023-11-21,10.1274995803833,8.961433410644531
2023-11-22,10.047499656677246,8.890645980834961
2023-11-23,9.9975004196167,8.846403121948242
2023-11-24,9.970000267028809,8.822070121765137
2023-11-27,10.015000343322754,8.86188793182373
2023-11-28,10.055000305175781,8.897282600402832
2023-11-29,10.117500305175781,8.95258617401123
2023-11-30,10.042499542236328,8.886220932006836
2023-12-01,10.0649995803833,8.906129837036133
2023-12-04,10.020000457763672,8.866312026977539
2023-12-05,10.147500038146973,8.979132652282715
2023-12-06,10.217499732971191,9.041072845458984
2023-12-07,10.21500015258789,9.038860321044922
2023-12-08,10.162500381469727,8.99240493774414
2023-12-11,10.125,8.959221839904785
2023-12-12,10.21500015258789,9.038860321044922
2023-12-13,10.335000038146973,9.14504337310791
2023-12-14,10.3774995803833,9.182650566101074
2023-12-15,10.494999885559082,9.28662109375
2023-12-18,10.479999542236328,9.273347854614258
2023-12-19,10.522500038146973,9.310956001281738
2023-12-20,10.595000267028809,9.375107765197754
2023-12-21,10.614999771118164,9.392805099487305
2023-12-22,10.645000457763672,9.419351577758789
2023-12-27,10.680000305175781,9.450322151184082
2023-12-28,10.637499809265137,9.412713050842285
2023-12-29,10.595000267028809,9.375107765197754
2024-01-02,10.470000267028809,9.26449966430664
2024-01-03,10.460000038146973,9.255651473999023
2024-01-04,10.412500381469727,9.21362018585205
2024-01-05,10.367500305175781,9.173802375793457
2024-01-08,10.382499694824219,9.187073707580566
2024-01-09,10.352499961853027,9.160528182983398
2024-01-10,10.354999542236328,9.162740707397461
2024-01-11,10.322500228881836,9.133983612060547
2024-01-12,10.382499694824219,9.187073707580566
2024-01-15,10.352499961853027,9.160528182983398
2024-01-16,10.337499618530273,9.147254943847656
2024-01-17,10.199999809265137,9.02558708190918
2024-01-18,10.244999885559082,9.06540584564209
2024-01-19,10.270000457763672,9.087528228759766
2024-01-22,10.295000076293945,9.109648704528809
2024-01-23,10.21500015258789,9.038860321044922
2024-01-24,10.207500457763672,9.032224655151367
2024-01-25,10.234999656677246,9.056557655334473
2024-01-26,10.22249984741211,9.045495986938477
2024-01-29,10.282500267028809,9.098588943481445
2024-01-30,10.270000457763672,9.087528228759766
2024-01-31,10.369999885559082,9.176013946533203
2024-02-01,10.407500267028809,9.209196090698242
2024-02-02,10.270000457763672,9.087528228759766
2024-02-05,10.1850004196167,9.012313842773438
2024-02-06,10.257499694824219,9.076465606689453
2024-02-07,10.242500305175781,9.063194274902344
2024-02-08,10.202500343322754,9.027799606323242
2024-02-09,10.1899995803833,9.016739845275879
2024-02-12,10.212499618530273,9.03664779663086
2024-02-13,10.147500038146973,8.979132652282715
2024-02-14,10.204999923706055,9.030012130737305
2024-02-15,10.197500228881836,9.023375511169434
2024-02-16,10.164999961853027,8.994616508483887
2024-02-19,10.167499542236328,8.99682903289795
2024-02-20,10.22249984741211,9.045495986938477
2024-02-21,10.170000076293945,8.999041557312012
2024-02-22,10.182499885559082,9.010101318359375
2024-02-23,10.234999656677246,9.056557655334473
2024-02-26,10.1875,9.0145263671875
2024-02-27,10.167499542236328,8.99682903289795
2024-02-28,10.162500381469727,8.99240493774414
2024-02-29,10.232500076293945,9.05434513092041
2024-03-01,10.239999771118164,9.060980796813965
2024-03-04,10.242500305175781,9.063194274902344
2024-03-05,10.34749984741211,9.15610408782959
2024-03-06,10.354999542236328,9.162740707397461
2024-03-07,10.3725004196167,9.178226470947266
2024-03-08,10.382499694824219,9.187073707580566
2024-03-11,10.3774995803833,9.182650566101074
2024-03-12,10.397500038146973,9.200347900390625
2024-03-13,10.337499618530273,9.147254943847656
2024-03-14,10.295000076293945,9.109648704528809
2024-03-15,10.289999961853027,9.105224609375
2024-03-18,10.289999961853027,9.105224609375
2024-03-19,10.307499885559082,9.120709419250488
2024-03-20,10.352499961853027,9.160528182983398
2024-03-21,10.354999542236328,9.162740707397461
2024-03-22,10.40250015258789,9.204771995544434
2024-03-25,10.359999656677246,9.167165756225586
2024-03-26,10.3774995803833,9.182650566101074
2024-03-27,10.40999984741211,9.211406707763672
2024-03-28,10.420000076293945,9.220256805419922
2024-04-02,10.295000076293945,9.109648704528809
2024-04-03,10.302499771118164,9.11628532409668
2024-04-04,10.335000038146973,9.14504337310791
2024-04-05,10.305000305175781,9.118497848510742
2024-04-08,10.302499771118164,9.11628532409668
2024-04-09,10.34000015258789,9.149468421936035
2024-04-10,10.257499694824219,9.076465606689453
2024-04-11,10.1875,9.0145263671875
2024-04-12,10.262499809265137,9.080890655517578
2024-04-15,10.172499656677246,9.001253128051758
2024-04-16,10.140000343322754,8.972496032714844
2024-04-17,10.167499542236328,8.99682903289795
2024-04-18,10.175000190734863,9.00346565246582
2024-04-19,10.202500343322754,9.027799606323242
2024-04-22,10.212499618530273,9.03664779663086
2024-04-23,10.1850004196167,9.012313842773438
2024-04-24,10.130000114440918,8.96364688873291
2024-04-25,10.102499961853027,8.939312934875488
2024-04-26,10.132499694824219,8.965859413146973
2024-04-29,10.162500381469727,8.99240493774414
2024-04-30,10.119999885559082,8.954798698425293
2024-05-01,10.104999542236328,8.941524505615234
2024-05-02,10.164999961853027,8.994616508483887
2024-05-03,10.217499732971191,9.041072845458984
2024-05-07,10.305000305175781,9.118497848510742
2024-05-08,10.3125,9.125134468078613
2024-05-09,10.305000305175781,9.118497848510742
2024-05-10,10.28499984741211,9.100800514221191
2024-05-13,10.27750015258789,9.09416389465332
2024-05-14,10.27750015258789,9.09416389465332
2024-05-15,10.369999885559082,9.176013946533203
2024-05-16,10.210000038146973,9.177990913391113
2024-05-17,10.164999961853027,9.137540817260742
2024-05-20,10.130000114440918,9.106077194213867
2024-05-21,10.145000457763672,9.119561195373535
2024-05-22,10.085000038146973,9.06562614440918
2024-05-23,10.0600004196167,9.043152809143066
2024-05-24,10.072500228881836,9.054389953613281
2024-05-28,10.050000190734863,9.034163475036621
2024-05-29,9.947500228881836,8.942025184631348
2024-05-30,9.994999885559082,8.984723091125488
2024-05-31,10.032500267028809,9.018433570861816
2024-06-03,10.107500076293945,9.08585262298584
2024-06-04,10.140000343322754,9.115066528320312
2024-06-05,10.137499809265137,9.112818717956543
2024-06-06,10.162500381469727,9.135293006896973
2024-06-07,10.100000381469727,9.079110145568848
2024-06-10,10.042499542236328,9.027420997619629
2024-06-11,10.079999923706055,9.061131477355957
2024-06-12,10.194999694824219,9.164506912231445
2024-06-13,10.192500114440918,9.162261009216309
2024-06-14,10.257499694824219,9.22068977355957
2024-06-17,10.199999809265137,9.169002532958984
2024-06-18,10.260000228881836,9.22293758392334
2024-06-19,10.2475004196167,9.211701393127441
2024-06-20,10.242500305175781,9.207205772399902
2024-06-21,10.239999771118164,9.20495891571045
2024-06-24,10.225000381469727,9.191475868225098
2024-06-25,10.2475004196167,9.211701393127441
2024-06-26,10.1875,9.157766342163086
2024-06-27,10.207500457763672,9.17574405670166
2024-06-28,10.164999961853027,9.137540817260742
2024-07-01,10.087499618530273,9.067873001098633
2024-07-02,10.104999542236328,9.08360481262207
2024-07-03,10.167499542236328,9.139787673950195
2024-07-04,10.15250015258789,9.126303672790527
2024-07-05,10.22249984741211,9.189227104187012
2024-07-08,10.220000267028809,9.186980247497559
2024-07-09,10.177499771118164,9.148776054382324
2024-07-10,10.199999809265137,9.169002532958984
2024-07-11,10.265000343322754,9.227434158325195
2024-07-12,10.232500076293945,9.198216438293457
2024-07-15,10.234999656677246,9.20046329498291
2024-07-16,10.287500381469727,9.247658729553223
2024-07-17,10.279999732971191,9.240915298461914
2024-07-18,10.289999961853027,9.24990463256836
2024-07-19,10.237500190734863,9.20271110534668
2024-07-22,10.210000038146973,9.177990913391113
2024-07-23,10.227499961853027,9.19372272491455
2024-07-24,10.225000381469727,9.191475868225098
2024-07-25,10.232500076293945,9.198216438293457
2024-07-26,10.2475004196167,9.211701393127441
2024-07-29,10.279999732971191,9.240915298461914
2024-07-30,10.297499656677246,9.256646156311035
2024-07-31,10.350000381469727,9.303841590881348
2024-08-01,10.425000190734863,9.371260643005371
2024-08-02,10.444999694824219,9.389238357543945
2024-08-05,10.4375,9.38249683380127
2024-08-06,10.404999732971191,9.353281021118164
2024-08-07,10.382499694824219,9.333054542541504
2024-08-08,10.380000114440918,9.330806732177734
2024-08-09,10.397500038146973,9.346539497375488
2024-08-12,10.404999732971191,9.353281021118164
2024-08-13,10.432499885559082,9.37800121307373
2024-08-14,10.5,9.438678741455078
2024-08-15,10.430000305175781,9.375754356384277
2024-08-16,10.425000190734863,9.371260643005371
2024-08-19,10.427499771118164,9.373506546020508
2024-08-20,10.427499771118164,9.373506546020508
2024-08-21,10.460000038146973,9.402721405029297
2024-08-22,10.395000457763672,9.344291687011719
2024-08-23,10.444999694824219,9.389238357543945
2024-08-27,10.392499923706055,9.34204387664795
2024-08-28,10.395000457763672,9.344291687011719
2024-08-29,10.3774995803833,9.328558921813965
2024-08-30,10.380000114440918,9.330806732177734
2024-09-02,10.362500190734863,9.315078735351562
2024-09-03,10.40999984741211,9.357775688171387
2024-09-04,10.454999923706055,9.39822769165039
2024-09-05,10.479999542236328,9.420699119567871
2024-09-06,10.4975004196167,9.436431884765625
2024-09-09,10.508749961853027,9.44654369354248
2024-09-10,10.537500381469727,9.47238826751709
2024-09-11,10.600000381469727,9.528571128845215
2024-09-12,10.574999809265137,9.506096839904785
2024-09-13,10.595000267028809,9.524076461791992
2024-09-16,10.607500076293945,9.535313606262207
2024-09-17,10.585000038146973,9.515088081359863
2024-09-18,10.537500381469727,9.47238826751709
2024-09-19,10.494999885559082,9.434184074401855
2024-09-20,10.47249984741211,9.413957595825195
2024-09-23,10.462499618530273,9.404969215393066
2024-09-24,10.470000267028809,9.411710739135742
2024-09-25,10.404999732971191,9.353281021118164
2024-09-26,10.404999732971191,9.353281021118164
2024-09-27,10.407500267028809,9.355528831481934
2024-09-30,10.40250015258789,9.351034164428711
2024-10-01,10.449999809265137,9.393733024597168
2024-10-02,10.395000457763672,9.344291687011719
2024-10-03,10.40999984741211,9.357775688171387
2024-10-04,10.317500114440918,9.274624824523926
2024-10-07,10.262499809265137,9.225184440612793
2024-10-08,10.272500038146973,9.234173774719238
2024-10-09,10.279999732971191,9.240915298461914
2024-10-10,10.25,9.213948249816895
2024-10-11,10.272500038146973,9.234173774719238
2024-10-14,10.2475004196167,9.211701393127441
2024-10-15,10.319999694824219,9.276872634887695
2024-10-16,10.407500267028809,9.355528831481934
2024-10-17,10.390000343322754,9.339797019958496
2024-10-18,10.407500267028809,9.355528831481934
2024-10-21,10.345000267028809,9.299346923828125
2024-10-22,10.3149995803833,9.272377967834473
2024-10-23,10.27750015258789,9.238668441772461
2024-10-24,10.267499923706055,9.229680061340332
2024-10-25,10.295000076293945,9.254399299621582
2024-10-28,10.274999618530273,9.236420631408691
2024-10-29,10.22249984741211,9.189227104187012
2024-10-30,10.225000381469727,9.191475868225098
2024-10-31,10.135000228881836,9.11057186126709
2024-11-01,10.125,9.101583480834961
2024-11-04,10.112500190734863,9.090347290039062
2024-11-05,10.079999923706055,9.061131477355957
2024-11-06,10.0600004196167,9.043152809143066
2024-11-07,10.087499618530273,9.067873001098633
2024-11-08,10.145000457763672,9.119561195373535
2024-11-11,10.167499542236328,9.139787673950195
2024-11-12,10.1225004196167,9.099335670471191
2024-11-13,10.102499961853027,9.0813570022583
2024-11-14,9.9350004196167,9.113463401794434
2024-11-15,9.927499771118164,9.296060562133789
2024-11-18,9.925000190734863,9.293719291687012
2024-11-19,9.947500228881836,9.314788818359375
2024-11-20,9.949999809265137,9.317129135131836
2024-11-21,9.949999809265137,9.317129135131836
2024-11-22,9.987500190734863,9.35224437713623
2024-11-25,10.042499542236328,9.4037446975708
2024-11-26,10.020000457763672,9.38267707824707
2024-11-27,10.0649995803833,9.424814224243164
2024-11-28,10.082500457763672,9.441201210021973
2024-11-29,10.107500076293945,9.464612007141113
2024-12-02,10.119999885559082,9.476316452026367
2024-12-03,10.100000381469727,9.457588195800781
2024-12-04,10.104999542236328,9.46226978302002
2024-12-05,10.074999809265137,9.434178352355957
2024-12-06,10.069999694824219,9.429496765136719
2024-12-09,10.079999923706055,9.438859939575195
2024-12-10,10.039999961853027,9.40140438079834
2024-12-11,10.029999732971191,9.392041206359863
2024-12-12,10.020000457763672,9.38267707824707
2024-12-13,9.977499961853027,9.342880249023438
2024-12-16,9.947500228881836,9.314788818359375
2024-12-17,9.907500267028809,9.27733325958252
2024-12-18,9.887499809265137,9.258604049682617
2024-12-19,9.863750457763672,9.23636531829834
2024-12-20,9.914999961853027,9.284355163574219
2024-12-23,9.885000228881836,9.25626277923584
2024-12-24,9.890000343322754,9.260945320129395
2024-12-27,9.835000038146973,9.209444046020508
2024-12-30,9.84749984741211,9.221148490905762
2024-12-31,9.880000114440918,9.251581192016602
2025-01-02,9.859999656677246,9.232852935791016
2025-01-03,9.852499961853027,9.225830078125
2025-01-06,9.84000015258789,9.21412467956543
2025-01-07,9.807499885559082,9.183692932128906
2025-01-08,9.732500076293945,9.113463401794434
2025-01-09,9.737500190734863,9.118145942687988
2025-01-10,9.710000038146973,9.092394828796387
2025-01-13,9.6899995803833,9.0736665725708
2025-01-14,9.670000076293945,9.054939270019531
2025-01-15,9.789999961853027,9.167305946350098
2025-01-16,9.838749885559082,9.2129545211792
2025-01-17,9.854999542236328,9.228171348571777
2025-01-20,9.84749984741211,9.221148490905762
2025-01-21,9.904999732971191,9.27499008178711
2025-01-22,9.880000114440918,9.251581192016602
2025-01-23,9.890000343322754,9.260945320129395
2025-01-24,9.875,9.246899604797363
2025-01-27,9.922499656677246,9.291378021240234
2025-01-28,9.90250015258789,9.272649765014648
2025-01-29,9.890000343322754,9.260945320129395
2025-01-30,9.942500114440918,9.310105323791504
2025-01-31,9.942500114440918,9.310105323791504
2025-02-03,9.989999771118164,9.354584693908691
2025-02-04,9.96500015258789,9.331174850463867
2025-02-05,10.029999732971191,9.392041206359863
2025-02-06,10.010000228881836,9.373312950134277
2025-02-07,10.0024995803833,9.366289138793945
2025-02-10,10.010000228881836,9.373312950134277
2025-02-11,9.9975004196167,9.361607551574707
2025-02-12,9.953749656677246,9.320640563964844
2025-02-13,10.005000114440918,9.368631362915039
2025-02-14,10.012499809265137,9.375653266906738
2025-02-17,9.984999656677246,9.349902153015137
2025-02-18,9.954999923706055,9.321810722351074
2025-02-19,9.917499542236328,9.28669548034668
2025-02-20,9.932499885559082,9.300742149353027
2025-02-21,9.954999923706055,9.321810722351074
2025-02-24,9.958749771118164,9.325322151184082
2025-02-25,10.0024995803833,9.366289138793945
2025-02-26,10.005000114440918,9.368631362915039
2025-02-27,9.994999885559082,9.35926628112793
2025-02-28,10.022500038146973,9.385017395019531
2025-03-03,10.0,9.363948822021484
2025-03-04,10.022500038146973,9.385017395019531
2025-03-05,9.920000076293945,9.289037704467773
2025-03-06,9.914999961853027,9.284355163574219
2025-03-07,9.9350004196167,9.303083419799805
2025-03-10,9.9375,9.305423736572266
2025-03-11,9.913749694824219,9.283185005187988
2025-03-12,9.8725004196167,9.244559288024902
2025-03-13,9.904999732971191,9.27499008178711
2025-03-14,9.930000305175781,9.298401832580566
2025-03-17,9.977499961853027,9.342880249023438
2025-03-18,9.947500228881836,9.314788818359375
2025-03-19,9.962499618530273,9.32883358001709
2025-03-20,9.960000038146973,9.326493263244629
2025-03-21,9.899999618530273,9.270308494567871
2025-03-24,9.895000457763672,9.26562786102295
2025-03-25,9.859999656677246,9.232852935791016
2025-03-26,9.892499923706055,9.263285636901855
2025-03-27,9.857500076293945,9.230512619018555
2025-03-28,9.90999984741211,9.27967357635498
2025-03-31,9.930000305175781,9.298401832580566
2025-04-01,9.962499618530273,9.32883358001709
2025-04-02,9.949999809265137,9.317129135131836
2025-04-03,10.052499771118164,9.41310977935791
2025-04-04,10.117500305175781,9.47397518157959
2025-04-07,9.954999923706055,9.321810722351074
2025-04-08,9.944999694824219,9.312445640563965
2025-04-09,9.822500228881836,9.197738647460938
2025-04-10,9.967499732971191,9.333516120910645
2025-04-11,9.895000457763672,9.26562786102295
2025-04-14,9.957500457763672,9.324151992797852
2025-04-15,9.9375,9.305423736572266
2025-04-16,9.989999771118164,9.354584693908691
2025-04-17,10.0024995803833,9.366289138793945
2025-04-22,10.017499923706055,9.380335807800293
2025-04-23,10.015000343322754,9.377995491027832
2025-04-24,10.085000038146973,9.44354248046875
2025-04-25,10.072500228881836,9.431838035583496
2025-04-28,10.069999694824219,9.429496765136719
2025-04-29,10.079999923706055,9.438859939575195
2025-04-30,10.1225004196167,9.478657722473145
2025-05-01,10.067500114440918,9.427156448364258
2025-05-02,10.067500114440918,9.427156448364258
2025-05-06,10.0649995803833,9.424814224243164
2025-05-07,10.102499961853027,9.459928512573242
2025-05-08,10.045000076293945,9.406086921691895
2025-05-09,10.015000343322754,9.377995491027832
2025-05-12,9.975000381469727,9.340539932250977
2025-05-13,9.949999809265137,9.317129135131836
2025-05-14,9.927499771118164,9.296060562133789
2025-05-15,9.7524995803833,9.132190704345703
2025-05-16,9.762499809265137,9.338229179382324
2025-05-19,9.767499923706055,9.343012809753418
2025-05-20,9.732500076293945,9.309534072875977
2025-05-21,9.6850004196167,9.264098167419434
2025-05-22,9.692500114440918,9.271271705627441
2025-05-23,9.704999923706055,9.283227920532227
2025-05-27,9.760000228881836,9.335838317871094
2025-05-28,9.725000381469727,9.302359580993652
2025-05-29,9.792499542236328,9.366925239562988
2025-05-30,9.78499984741211,9.35975170135498
2025-06-02,9.765000343322754,9.340620994567871
2025-06-03,9.805000305175781,9.37888240814209
2025-06-04,9.837499618530273,9.409969329833984
2025-06-05,9.829999923706055,9.402796745300293
2025-06-06,9.807499885559082,9.381274223327637
2025-06-09,9.8100004196167,9.383666038513184
2025-06-10,9.869999885559082,9.441058158874512
2025-06-11,9.859999656677246,9.43149185180664
2025-06-12,9.9399995803833,9.508014678955078
2025-06-13,9.885000228881836,9.455405235290527
2025-06-16,9.890000343322754,9.460188865661621
2025-06-17,9.887499809265137,9.457797050476074
2025-06-18,9.917499542236328,9.486493110656738
2025-06-19,9.875,9.445840835571289
2025-06-20,9.895000457763672,9.464971542358398
2025-06-23,9.932499885559082,9.500842094421387
2025-06-24,9.9350004196167,9.503232955932617
2025-06-25,9.920000076293945,9.488884925842285
2025-06-26,9.952500343322754,9.519972801208496
2025-06-27,9.90999984741211,9.47931957244873
2025-06-30,9.912500381469727,9.481711387634277
2025-07-01,9.954999923706055,9.522363662719727
2025-07-02,9.829999923706055,9.402796745300293
2025-07-03,9.882499694824219,9.453014373779297
2025-07-04,9.875,9.445840835571289
2025-07-07,9.850000381469727,9.421927452087402
2025-07-08,9.819999694824219,9.393230438232422
2025-07-09,9.837499618530273,9.409969329833984
2025-07-10,9.850000381469727,9.421927452087402
2025-07-11,9.827500343322754,9.400405883789062
2025-07-14,9.835000038146973,9.40757942199707
2025-07-15,9.8149995803833,9.388447761535645
2025-07-16,9.817500114440918,9.390839576721191
2025-07-17,9.8100004196167,9.383666038513184
2025-07-18,9.78499984741211,9.35975170135498
2025-07-21,9.845000267028809,9.417143821716309
2025-07-22,9.864999771118164,9.436274528503418
2025-07-23,9.824999809265137,9.3980131149292
2025-07-24,9.845000267028809,9.417143821716309
2025-07-25,9.832500457763672,9.40518856048584
2025-07-28,9.819999694824219,9.393230438232422
2025-07-29,9.845000267028809,9.417143821716309
2025-07-30,9.862500190734863,9.433883666992188
2025-07-31,9.892499923706055,9.462579727172852
2025-08-01,9.90999984741211,9.47931957244873
2025-08-04,9.927499771118164,9.49605941772461
2025-08-05,9.932499885559082,9.500842094421387
2025-08-06,9.912500381469727,9.481711387634277
2025-08-07,9.90999984741211,9.47931957244873
2025-08-08,9.859999656677246,9.43149185180664
2025-08-11,9.892499923706055,9.462579727172852
2025-08-12,9.852499961853027,9.424318313598633
2025-08-13,9.869999885559082,9.441058158874512
2025-08-14,9.842499732971191,9.414752006530762
2025-08-15,9.805000305175781,9.37888240814209
2025-08-18,9.765000343322754,9.340620994567871
2025-08-19,9.770000457763672,9.345404624938965
2025-08-20,9.819999694824219,9.393230438232422
2025-08-21,9.787500381469727,9.362144470214844
2025-08-22,9.807499885559082,9.381274223327637
2025-08-26,9.77750015258789,9.352578163146973
2025-08-27,9.779999732971191,9.354969024658203
2025-08-28,9.805000305175781,9.37888240814209
2025-08-29,9.787500381469727,9.362144470214844
2025-09-01,9.765000343322754,9.340620994567871
2025-09-02,9.729999542236328,9.30714225769043
2025-09-03,9.779999732971191,9.354969024658203
2025-09-04,9.800000190734863,9.374099731445312
2025-09-05,9.854999542236328,9.426709175109863
2025-09-08,9.895000457763672,9.464971542358398
2025-09-09,9.880000114440918,9.450623512268066
2025-09-10,9.8725004196167,9.443449974060059
2025-09-11,9.899999618530273,9.46975326538086
2025-09-12,9.857500076293945,9.42910099029541
2025-09-15,9.8725004196167,9.443449974060059
2025-09-16,9.8725004196167,9.443449974060059
2025-09-17,9.890000343322754,9.460188865661621
2025-09-18,9.8725004196167,9.443449974060059
2025-09-19,9.835000038146973,9.40757942199707
2025-09-22,9.835000038146973,9.40757942199707
2025-09-23,9.857500076293945,9.42910099029541
2025-09-24,9.875,9.445840835571289
2025-09-25,9.8149995803833,9.388447761535645
2025-09-26,9.824999809265137,9.3980131149292
2025-09-29,9.862500190734863,9.433883666992188
2025-09-30,9.854999542236328,9.426709175109863
2025-10-01,9.862500190734863,9.433883666992188
2025-10-02,9.857500076293945,9.42910099029541
2025-10-03,9.8725004196167,9.443449974060059
2025-10-06,9.84000015258789,9.412361145019531
2025-10-07,9.842499732971191,9.414752006530762
2025-10-08,9.854999542236328,9.426709175109863
2025-10-09,9.84000015258789,9.412361145019531
2025-10-10,9.897500038146973,9.467362403869629
2025-10-13,9.904999732971191,9.474535942077637
2025-10-14,9.954999923706055,9.522363662719727
2025-10-15,9.989999771118164,9.555842399597168
2025-10-16,10.017499923706055,9.582147598266602
2025-10-17,9.994999885559082,9.560625076293945
2025-10-20,10.020000457763672,9.584539413452148
2025-10-21,10.055000305175781,9.61801815032959
2025-10-22,10.095000267028809,9.656279563903809
2025-10-23,10.095000267028809,9.656279563903809
2025-10-27,10.119999885559082,9.680192947387695
2025-10-28,10.117500305175781,9.677802085876465
2025-10-29,10.132499694824219,9.69214916229248
2025-10-30,10.119999885559082,9.680192947387695
2025-10-31,10.132499694824219,9.69214916229248
2025-11-03,10.09749984741211,9.658670425415039
2025-11-04,10.114999771118164,9.675410270690918
2025-11-05,10.074999809265137,9.6371488571167
2025-11-06,10.109999656677246,9.67062759399414
2025-11-07,10.082500457763672,9.644322395324707
2025-11-10,10.095000267028809,9.656279563903809
2025-11-11,10.154999732971191,9.713671684265137
2025-11-12,10.130000114440918,9.68975830078125
2025-11-13,9.892499923706055,9.669329643249512
2025-11-14,9.795000076293945,9.574029922485352
2025-11-17,9.824999809265137,9.603352546691895
2025-11-18,9.805000305175781,9.5838041305542
2025-11-19,9.767499923706055,9.547149658203125
2025-11-20,9.792499542236328,9.571585655212402
2025-11-21,9.827500343322754,9.605796813964844
2025-11-24,9.822500228881836,9.600909233093262
2025-11-25,9.862500190734863,9.640007019042969
2025-11-26,9.930000305175781,9.705984115600586
2025-11-27,9.90999984741211,9.686434745788574
2025-11-28,9.917499542236328,9.693765640258789
2025-12-01,9.895000457763672,9.671773910522461
2025-12-02,9.895000457763672,9.671773910522461
2025-12-03,9.922499656677246,9.698653221130371
2025-12-04,9.942500114440918,9.718201637268066
2025-12-05,9.917499542236328,9.693765640258789
2025-12-08,9.890000343322754,9.666886329650879
2025-12-09,9.907500267028809,9.683991432189941
2025-12-10,9.897500038146973,9.674217224121094
2025-12-11,9.917499542236328,9.693765640258789
2025-12-12,9.880000114440918,9.657112121582031
2025-12-15,9.90999984741211,9.686434745788574
2025-12-16,9.887499809265137,9.66444206237793
2025-12-17,9.912500381469727,9.688879013061523
2025-12-18,9.9375,9.7133150100708
2025-12-19,9.897500038146973,9.674217224121094
2025-12-22,9.890000343322754,9.666886329650879
2025-12-23,9.907500267028809,9.683991432189941
2025-12-24,9.899999618530273,9.676660537719727
2025-12-29,9.932499885559082,9.708427429199219
2025-12-30,9.927499771118164,9.703539848327637
2025-12-31,9.912500381469727,9.688879013061523
2026-01-02,9.907500267028809,9.683991432189941
