date,close,adj_close
2014-12-01,207.17999267578125,169.17625427246094
2014-12-02,208.47999572753906,170.23777770996094
2014-12-03,209.3000030517578,170.90736389160156
2014-12-04,209.0500030517578,170.70330810546875
2014-12-05,209.44000244140625,171.02171325683594
2014-12-08,207.97999572753906,169.82957458496094
2014-12-09,207.83999633789062,169.7152099609375
2014-12-10,204.60000610351562,167.06961059570312
2014-12-11,205.5399932861328,167.8371124267578
2014-12-12,202.25,165.15061950683594
2014-12-15,200.82000732421875,163.98291015625
2014-12-16,199.25999450683594,162.7090606689453
2014-12-17,203.1300048828125,165.86924743652344
2014-12-18,208.11000061035156,169.93568420410156
2014-12-19,209.00999450683594,170.67062377929688
2014-12-22,209.99000549316406,171.4708709716797
2014-12-23,210.32000732421875,171.74034118652344
2014-12-24,209.2899932861328,171.8002166748047
2014-12-26,209.85000610351562,172.25994873046875
2014-12-29,210.2100067138672,172.55538940429688
2014-12-30,209.00999450683594,171.57040405273438
2014-12-31,206.8699951171875,169.813720703125
2015-01-02,206.72999572753906,169.69883728027344
2015-01-05,203.10000610351562,166.7190399169922
2015-01-06,201.27000427246094,165.21682739257812
2015-01-07,203.75999450683594,167.2608184814453
2015-01-08,207.39999389648438,170.24874877929688
2015-01-09,205.64999389648438,168.812255859375
2015-01-12,204.08999633789062,167.5316619873047
2015-01-13,203.55999755859375,167.09664916992188
2015-01-14,202.3300018310547,166.08697509765625
2015-01-15,200.42999267578125,164.52731323242188
2015-01-16,203.0,166.63687133789062
2015-01-20,203.5,167.0474090576172
2015-01-21,204.5,167.8682861328125
2015-01-22,207.5,170.33090209960938
2015-01-23,206.38999938964844,169.41970825195312
2015-01-26,206.94000244140625,169.87115478515625
2015-01-27,204.16000366210938,167.5891876220703
2015-01-28,201.52000427246094,165.42202758789062
2015-01-29,203.4499969482422,167.00634765625
2015-01-30,200.8699951171875,164.888427734375
2015-02-02,203.30999755859375,166.89141845703125
2015-02-03,206.1999969482422,169.26370239257812
2015-02-04,205.47000122070312,168.66452026367188
2015-02-05,207.6199951171875,170.42938232421875
2015-02-06,206.9499969482422,169.87942504882812
2015-02-09,206.05999755859375,169.1488037109375
2015-02-10,208.2899932861328,170.97935485839844
2015-02-11,208.38999938964844,171.0614471435547
2015-02-12,210.3300018310547,172.65396118164062
2015-02-13,211.27999877929688,173.43377685546875
2015-02-17,211.66000366210938,173.74569702148438
2015-02-18,211.6199951171875,173.71286010742188
2015-02-19,211.4499969482422,173.57330322265625
2015-02-20,212.74000549316406,174.63223266601562
2015-02-23,212.6699981689453,174.57476806640625
2015-02-24,213.30999755859375,175.10015869140625
2015-02-25,213.14999389648438,174.96876525878906
2015-02-26,212.91000366210938,174.7717742919922
2015-02-27,212.2100067138672,174.19723510742188
2015-03-02,213.55999755859375,175.30538940429688
2015-03-03,212.60000610351562,174.51731872558594
2015-03-04,211.7100067138672,173.78671264648438
2015-03-05,211.92999267578125,173.9673309326172
2015-03-06,208.97999572753906,171.54576110839844
2015-03-09,209.85000610351562,172.25994873046875
2015-03-10,206.4199981689453,169.44427490234375
2015-03-11,205.97999572753906,169.08316040039062
2015-03-12,208.5500030517578,171.1927490234375
2015-03-13,207.27000427246094,170.14207458496094
2015-03-16,210.13999938964844,172.49795532226562
2015-03-17,209.42999267578125,171.91514587402344
2015-03-18,211.89999389648438,173.9427032470703
2015-03-19,210.99000549316406,173.19570922851562
2015-03-20,212.85000610351562,174.72254943847656
2015-03-23,212.5,174.4352264404297
2015-03-24,211.1699981689453,173.34349060058594
2015-03-25,207.19000244140625,170.88722229003906
2015-03-26,206.67999267578125,170.4666290283203
2015-03-27,207.10000610351562,170.8130645751953
2015-03-30,209.6199951171875,172.8914794921875
2015-03-31,207.8300018310547,171.4151153564453
2015-04-01,207.17999267578125,170.87901306152344
2015-04-02,207.75999450683594,171.35739135742188
2015-04-06,209.27999877929688,172.611083984375
2015-04-07,208.66000366210938,172.09974670410156
2015-04-08,209.41000366210938,172.71827697753906
2015-04-09,210.3300018310547,173.47711181640625
2015-04-10,211.42999267578125,174.3843231201172
2015-04-13,210.4600067138672,173.5843048095703
2015-04-14,210.8300018310547,173.8894805908203
2015-04-15,211.91000366210938,174.78028869628906
2015-04-16,211.80999755859375,174.6978302001953
2015-04-17,209.36000061035156,172.67706298828125
2015-04-20,211.27999877929688,174.26063537597656
2015-04-21,211.05999755859375,174.07919311523438
2015-04-22,212.0800018310547,174.92047119140625
2015-04-23,212.61000061035156,175.35757446289062
2015-04-24,213.0800018310547,175.7452850341797
2015-04-27,212.24000549316406,175.05247497558594
2015-04-28,212.82000732421875,175.53082275390625
2015-04-29,211.99000549316406,174.84628295898438
2015-04-30,209.85000610351562,173.08119201660156
2015-05-01,212.1199951171875,174.95343017578125
2015-05-04,212.8000030517578,175.5142822265625
2015-05-05,210.33999633789062,173.48532104492188
2015-05-06,209.47000122070312,172.76779174804688
2015-05-07,210.2899932861328,173.44410705566406
2015-05-08,213.02999877929688,175.70401000976562
2015-05-11,212.0,174.85450744628906
2015-05-12,211.35000610351562,174.318359375
2015-05-13,211.42999267578125,174.3843231201172
2015-05-14,213.69000244140625,176.24839782714844
2015-05-15,213.91000366210938,176.42982482910156
2015-05-18,214.5399932861328,176.94944763183594
2015-05-19,214.5,176.91641235351562
2015-05-20,214.2899932861328,176.74325561523438
2015-05-21,214.91000366210938,177.25460815429688
2015-05-22,214.4600067138672,176.8834991455078
2015-05-26,212.1300048828125,174.96173095703125
2015-05-27,214.16000366210938,176.63607788085938
2015-05-28,213.8800048828125,176.4051055908203
2015-05-29,212.5800018310547,175.33282470703125
2015-06-01,212.9499969482422,175.6380615234375
2015-06-02,212.77999877929688,175.49778747558594
2015-06-03,213.3800048828125,175.99270629882812
2015-06-04,211.66000366210938,174.57406616210938
2015-06-05,211.19000244140625,174.18637084960938
2015-06-08,209.88999938964844,173.1142120361328
2015-06-09,209.82000732421875,173.0564422607422
2015-06-10,212.30999755859375,175.110107421875
2015-06-11,213.02999877929688,175.70401000976562
2015-06-12,211.41000366210938,174.3678436279297
2015-06-15,210.52999877929688,173.64202880859375
2015-06-16,211.6999969482422,174.6070556640625
2015-06-17,211.99000549316406,174.84628295898438
2015-06-18,214.1199951171875,176.60302734375
2015-06-19,212.85000610351562,175.55557250976562
2015-06-22,214.3699951171875,176.80917358398438
2015-06-23,214.47000122070312,176.89170837402344
2015-06-24,211.77999877929688,175.64022827148438
2015-06-25,211.11000061035156,175.08453369140625
2015-06-26,211.1699981689453,175.1343536376953
2015-06-29,206.72999572753906,171.4520263671875
2015-06-30,207.22000122070312,171.8583526611328
2015-07-01,208.83999633789062,173.201904296875
2015-07-02,208.58999633789062,172.99452209472656
2015-07-06,208.0399932861328,172.53842163085938
2015-07-07,209.32000732421875,173.60000610351562
2015-07-08,205.7899932861328,170.67233276367188
2015-07-09,206.16000366210938,170.97923278808594
2015-07-10,208.7899932861328,173.1604461669922
2015-07-13,211.08999633789062,175.06788635253906
2015-07-14,211.97000122070312,175.7977752685547
2015-07-15,211.88999938964844,175.73147583007812
2015-07-16,213.5500030517578,177.10816955566406
2015-07-17,213.77999877929688,177.2988739013672
2015-07-20,213.86000061035156,177.36529541015625
2015-07-21,213.02999877929688,176.67684936523438
2015-07-22,212.6199951171875,176.33682250976562
2015-07-23,211.47000122070312,175.38307189941406
2015-07-24,209.25,173.5419464111328
2015-07-27,207.99000549316406,172.49697875976562
2015-07-28,210.5800018310547,174.64501953125
2015-07-29,211.99000549316406,175.8143768310547
2015-07-30,212.05999755859375,175.87245178222656
2015-07-31,211.75999450683594,175.6235809326172
2015-08-03,211.0399932861328,175.02647399902344
2015-08-04,210.60000610351562,174.66152954101562
2015-08-05,211.38999938964844,175.31680297851562
2015-08-06,209.69000244140625,173.9068603515625
2015-08-07,209.17999267578125,173.48387145996094
2015-08-10,211.8300018310547,175.681640625
2015-08-11,209.9199981689453,174.0975799560547
2015-08-12,210.1199951171875,174.2634735107422
2015-08-13,209.91000366210938,174.08929443359375
2015-08-14,210.6300048828125,174.68643188476562
2015-08-17,211.8699951171875,175.71485900878906
2015-08-18,211.27000427246094,175.2172088623047
2015-08-19,209.57000732421875,173.807373046875
2015-08-20,205.1199951171875,170.11669921875
2015-08-21,198.80999755859375,164.8834991455078
2015-08-24,190.52000427246094,158.00819396972656
2015-08-25,188.27999877929688,156.15040588378906
2015-08-26,195.67999267578125,162.28761291503906
2015-08-27,200.49000549316406,166.27684020996094
2015-08-28,200.47999572753906,166.2685546875
2015-08-31,198.75,164.83375549316406
2015-09-01,192.72999572753906,159.8410186767578
2015-09-02,196.5399932861328,163.00086975097656
2015-09-03,196.7100067138672,163.14187622070312
2015-09-04,193.66000366210938,160.61233520507812
2015-09-08,198.6699981689453,164.76734924316406
2015-09-09,195.91000366210938,162.4783935546875
2015-09-10,196.9600067138672,163.3491668701172
2015-09-11,197.9199981689453,164.14535522460938
2015-09-14,197.14999389648438,163.50674438476562
2015-09-15,199.6199951171875,165.5552520751953
2015-09-16,201.41000366210938,167.03981018066406
2015-09-17,200.89999389648438,166.61685180664062
2015-09-18,197.5500030517578,163.8385467529297
2015-09-21,198.58999633789062,164.70101928710938
2015-09-22,196.08999633789062,162.62762451171875
2015-09-23,195.75999450683594,162.35400390625
2015-09-24,195.05999755859375,161.77342224121094
2015-09-25,193.85000610351562,161.666748046875
2015-09-28,189.00999450683594,157.63018798828125
2015-09-29,189.0399932861328,157.65518188476562
2015-09-30,192.7100067138672,160.71595764160156
2015-10-01,193.24000549316406,161.15789794921875
2015-10-02,196.07000732421875,163.51817321777344
2015-10-05,199.6199951171875,166.47874450683594
2015-10-06,198.8699951171875,165.85324096679688
2015-10-07,200.50999450683594,167.220947265625
2015-10-08,202.35000610351562,168.75552368164062
2015-10-09,202.5,168.8805694580078
2015-10-12,202.67999267578125,169.03067016601562
2015-10-13,201.3699951171875,167.9381561279297
2015-10-14,200.36000061035156,167.09591674804688
2015-10-15,203.42999267578125,169.65618896484375
2015-10-16,204.3300018310547,170.40682983398438
2015-10-19,204.49000549316406,170.5402069091797
2015-10-20,204.19000244140625,170.29005432128906
2015-10-21,203.0,169.29757690429688
2015-10-22,206.33999633789062,172.0830841064453
2015-10-23,208.66000366210938,174.01788330078125
2015-10-26,208.17999267578125,173.6175537109375
2015-10-27,207.77999877929688,173.2840118408203
2015-10-28,210.11000061035156,175.2271270751953
2015-10-29,210.0,175.1354217529297
2015-10-30,209.0500030517578,174.3431396484375
2015-11-02,211.60000610351562,176.46981811523438
2015-11-03,212.1300048828125,176.91183471679688
2015-11-04,211.5800018310547,176.45315551757812
2015-11-05,211.32000732421875,176.2362823486328
2015-11-06,211.24000549316406,176.1695556640625
2015-11-09,209.2100067138672,174.47659301757812
2015-11-10,209.72000122070312,174.90191650390625
2015-11-11,208.91000366210938,174.2264404296875
2015-11-12,205.97000122070312,171.7744903564453
2015-11-13,203.6699981689453,169.85633850097656
2015-11-16,206.82000732421875,172.48338317871094
2015-11-17,206.5500030517578,172.25823974609375
2015-11-18,209.8699951171875,175.02703857421875
2015-11-19,209.6699981689453,174.86021423339844
2015-11-20,210.6199951171875,175.65248107910156
2015-11-23,210.22000122070312,175.31887817382812
2015-11-24,210.52000427246094,175.5690460205078
2015-11-25,210.52999877929688,175.5775146484375
2015-11-27,210.7100067138672,175.72756958007812
2015-11-30,209.8699951171875,175.02703857421875
2015-12-01,211.92999267578125,176.74502563476562
2015-12-02,209.74000549316406,174.91859436035156
2015-12-03,206.75999450683594,172.43341064453125
2015-12-04,210.8000030517578,175.80259704589844
2015-12-07,209.5,174.7184600830078
2015-12-08,208.1300048828125,173.5758514404297
2015-12-09,206.49000549316406,172.20816040039062
2015-12-10,207.00999450683594,172.64183044433594
2015-12-11,202.88999938964844,169.20579528808594
2015-12-14,204.17999267578125,170.2816619873047
2015-12-15,206.19000244140625,171.95797729492188
2015-12-16,209.1699981689453,174.44320678710938
2015-12-17,206.0800018310547,171.86622619628906
2015-12-18,202.22000122070312,168.6470489501953
2015-12-21,203.9600067138672,170.09815979003906
2015-12-22,205.85000610351562,171.67445373535156
2015-12-23,208.44000244140625,173.83445739746094
2015-12-24,206.8300018310547,173.47959899902344
2015-12-28,206.33999633789062,173.06863403320312
2015-12-29,208.50999450683594,175.04991149902344
2015-12-30,206.97000122070312,173.75709533691406
2015-12-31,204.8699951171875,171.99404907226562
2016-01-04,202.0,169.5846405029297
2016-01-05,202.4199981689453,169.93719482421875
2016-01-06,199.77000427246094,167.71249389648438
2016-01-07,194.99000549316406,163.69949340820312
2016-01-08,192.8300018310547,161.88613891601562
2016-01-11,193.02999877929688,162.0540313720703
2016-01-12,194.52000427246094,163.30490112304688
2016-01-13,189.7899932861328,159.33395385742188
2016-01-14,192.8000030517578,161.86090087890625
2016-01-15,188.74000549316406,158.45249938964844
2016-01-19,188.83999633789062,158.53640747070312
2016-01-20,186.64999389648438,156.6978302001953
2016-01-21,187.6199951171875,157.51222229003906
2016-01-22,191.49000549316406,160.76116943359375
2016-01-25,188.57000732421875,158.3097686767578
2016-01-26,191.1300048828125,160.45887756347656
2016-01-27,189.0800018310547,158.7379150390625
2016-01-28,190.11000061035156,159.6025848388672
2016-01-29,194.6199951171875,163.38888549804688
2016-02-01,194.60000610351562,163.3720703125
2016-02-02,191.08999633789062,160.4253387451172
2016-02-03,192.11000061035156,161.2816619873047
2016-02-04,192.52999877929688,161.63427734375
2016-02-05,188.85000610351562,158.54481506347656
2016-02-08,186.30999755859375,156.41241455078125
2016-02-09,186.24000549316406,156.3536376953125
2016-02-10,186.14999389648438,156.2781219482422
2016-02-11,183.8300018310547,154.33042907714844
2016-02-12,187.5500030517578,157.45343017578125
2016-02-16,190.6699981689453,160.07275390625
2016-02-17,193.8300018310547,162.7257080078125
2016-02-18,193.0500030517578,162.07081604003906
2016-02-19,192.92999267578125,161.97003173828125
2016-02-22,195.72000122070312,164.3123779296875
2016-02-23,193.33999633789062,162.31431579589844
2016-02-24,194.22000122070312,163.05308532714844
2016-02-25,196.5,164.96722412109375
2016-02-26,196.14999389648438,164.67337036132812
2016-02-29,194.50999450683594,163.29652404785156
2016-03-01,199.19000244140625,167.2255401611328
2016-03-02,200.07000732421875,167.96434020996094
2016-03-03,200.77999877929688,168.56036376953125
2016-03-04,201.47999572753906,169.14804077148438
2016-03-07,201.67999267578125,169.31594848632812
2016-03-08,199.3800048828125,167.38504028320312
2016-03-09,200.41000366210938,168.24974060058594
2016-03-10,200.52000427246094,168.3420867919922
2016-03-11,203.83999633789062,171.12936401367188
2016-03-14,203.55999755859375,170.89427185058594
2016-03-15,203.22000122070312,170.60879516601562
2016-03-16,204.52000427246094,171.70021057128906
2016-03-17,205.80999755859375,172.78321838378906
2016-03-18,206.57000732421875,173.4212188720703
2016-03-21,206.8699951171875,173.673095703125
2016-03-22,206.75,173.57237243652344
2016-03-23,204.3000030517578,171.5155029296875
2016-03-24,204.17999267578125,171.41477966308594
2016-03-28,204.30999755859375,171.52395629882812
2016-03-29,206.25999450683594,173.16098022460938
2016-03-30,207.1300048828125,173.89137268066406
2016-03-31,206.64999389648438,173.4883575439453
2016-04-01,207.97000122070312,174.5965576171875
2016-04-04,207.2899932861328,174.02569580078125
2016-04-05,205.25999450683594,172.32150268554688
2016-04-06,207.47999572753906,174.1852264404297
2016-04-07,204.97000122070312,172.07794189453125
2016-04-08,205.5800018310547,172.590087890625
2016-04-11,205.0,172.10321044921875
2016-04-12,207.02000427246094,173.79901123046875
2016-04-13,209.10000610351562,175.5452423095703
2016-04-14,209.1199951171875,175.56204223632812
2016-04-15,208.7899932861328,175.28494262695312
2016-04-18,210.30999755859375,176.5610809326172
2016-04-19,210.9499969482422,177.0983428955078
2016-04-20,211.11000061035156,177.23268127441406
2016-04-21,210.05999755859375,176.3511962890625
2016-04-22,210.02999877929688,176.32603454589844
2016-04-25,209.66000366210938,176.01536560058594
2016-04-26,210.00999450683594,176.30918884277344
2016-04-27,210.39999389648438,176.6366424560547
2016-04-28,208.5800018310547,175.1087188720703
2016-04-29,207.4600067138672,174.1684112548828
2016-05-02,209.0800018310547,175.5284423828125
2016-05-03,207.25,173.9920654296875
2016-05-04,206.07000732421875,173.00149536132812
2016-05-05,206.00999450683594,172.95111083984375
2016-05-06,206.80999755859375,173.6227264404297
2016-05-09,207.00999450683594,173.7906494140625
2016-05-10,209.52000427246094,175.89788818359375
2016-05-11,207.57000732421875,174.26080322265625
2016-05-12,207.6699981689453,174.3447265625
2016-05-13,205.75,172.73284912109375
2016-05-16,207.8300018310547,174.47911071777344
2016-05-17,206.0,172.9427032470703
2016-05-18,206.02000427246094,172.95948791503906
2016-05-19,205.2899932861328,172.34661865234375
2016-05-20,206.5399932861328,173.3960723876953
2016-05-23,206.25999450683594,173.16098022460938
2016-05-24,208.94000244140625,175.41091918945312
2016-05-25,210.35000610351562,176.59463500976562
2016-05-26,210.42999267578125,176.66180419921875
2016-05-27,211.3000030517578,177.39218139648438
2016-05-31,210.97000122070312,177.11514282226562
2016-06-01,211.3699951171875,177.45094299316406
2016-06-02,212.05999755859375,178.03024291992188
2016-06-03,211.35000610351562,177.4342498779297
2016-06-06,212.52000427246094,178.41647338867188
2016-06-07,212.77000427246094,178.6263427734375
2016-06-08,213.4499969482422,179.19720458984375
2016-06-09,213.1999969482422,178.98736572265625
2016-06-10,211.19000244140625,177.29983520507812
2016-06-13,209.52000427246094,175.89788818359375
2016-06-14,209.13999938964844,175.57876586914062
2016-06-15,208.77000427246094,175.2682342529297
2016-06-16,209.4499969482422,175.839111328125
2016-06-17,208.66000366210938,175.1759033203125
2016-06-20,210.0399932861328,176.33441162109375
2016-06-21,209.6199951171875,176.82199096679688
2016-06-22,209.27000427246094,176.52676391601562
2016-06-23,212.0,178.82962036132812
2016-06-24,204.2100067138672,172.2584686279297
2016-06-27,200.6300048828125,169.2385711669922
2016-06-28,204.3800048828125,172.40187072753906
2016-06-29,207.8000030517578,175.28677368164062
2016-06-30,210.5,177.56430053710938
2016-07-01,211.1300048828125,178.09571838378906
2016-07-05,209.63999938964844,176.8388671875
2016-07-06,210.83999633789062,177.85108947753906
2016-07-07,210.66000366210938,177.69927978515625
2016-07-08,213.86000061035156,180.3986053466797
2016-07-11,214.6699981689453,181.08181762695312
2016-07-12,216.17999267578125,182.3555908203125
2016-07-13,216.16000366210938,182.3386993408203
2016-07-14,217.35000610351562,183.342529296875
2016-07-15,217.02999877929688,183.07260131835938
2016-07-18,217.6300048828125,183.57872009277344
2016-07-19,217.38999938964844,183.3762969970703
2016-07-20,218.30999755859375,184.15231323242188
2016-07-21,217.52000427246094,183.4859161376953
2016-07-22,218.47000122070312,184.2872772216797
2016-07-25,217.91000366210938,183.8148956298828
2016-07-26,218.0,183.89080810546875
2016-07-27,217.77999877929688,183.70516967773438
2016-07-28,218.0399932861328,183.92454528808594
2016-07-29,218.3699951171875,184.20289611816406
2016-08-01,218.1199951171875,183.9920196533203
2016-08-02,216.8300018310547,182.9038848876953
2016-08-03,217.47000122070312,183.44374084472656
2016-08-04,217.6699981689453,183.6124267578125
2016-08-05,219.39999389648438,185.07176208496094
2016-08-08,219.27999877929688,184.97048950195312
2016-08-09,219.4199981689453,185.08860778808594
2016-08-10,218.8800048828125,184.6331024169922
2016-08-11,219.88999938964844,185.4850616455078
2016-08-12,219.7100067138672,185.33326721191406
2016-08-15,220.3699951171875,185.89002990722656
2016-08-16,219.25,184.94525146484375
2016-08-17,219.64999389648438,185.2825927734375
2016-08-18,220.16000366210938,185.71286010742188
2016-08-19,219.82000732421875,185.42599487304688
2016-08-22,219.75,185.3670196533203
2016-08-23,220.2100067138672,185.75502014160156
2016-08-24,219.1699981689453,184.87777709960938
2016-08-25,218.9499969482422,184.69216918945312
2016-08-26,218.55999755859375,184.36318969726562
2016-08-29,219.60000610351562,185.24049377441406
2016-08-30,219.25999450683594,184.95367431640625
2016-08-31,218.64999389648438,184.4390869140625
2016-09-01,218.6699981689453,184.45596313476562
2016-09-02,219.6300048828125,185.26576232910156
2016-09-06,220.3699951171875,185.89002990722656
2016-09-07,220.3300018310547,185.8562469482422
2016-09-08,219.80999755859375,185.41757202148438
2016-09-09,214.5399932861328,180.97218322753906
2016-09-12,217.6300048828125,183.57872009277344
2016-09-13,214.47000122070312,180.9131317138672
2016-09-14,214.35000610351562,180.8118896484375
2016-09-15,216.52000427246094,182.64234924316406
2016-09-16,215.6199951171875,181.8832244873047
2016-09-19,215.72999572753906,181.9759979248047
2016-09-20,215.75,181.99285888671875
2016-09-21,218.16000366210938,184.02578735351562
2016-09-22,219.5,185.1561279296875
2016-09-23,218.35000610351562,184.18603515625
2016-09-26,215.4499969482422,182.66250610351562
2016-09-27,216.75999450683594,183.77308654785156
2016-09-28,217.89999389648438,184.73968505859375
2016-09-29,215.94000244140625,183.0779571533203
2016-09-30,217.55999755859375,184.45138549804688
2016-10-03,216.88999938964844,183.88340759277344
2016-10-04,215.94000244140625,183.0779571533203
2016-10-05,216.88999938964844,183.88340759277344
2016-10-06,217.10000610351562,184.0614013671875
2016-10-07,216.25,183.3407745361328
2016-10-10,217.33999633789062,184.26487731933594
2016-10-11,214.66000366210938,181.9927978515625
2016-10-12,214.92999267578125,182.2216796875
2016-10-13,214.27000427246094,181.6620635986328
2016-10-14,214.2899932861328,181.67901611328125
2016-10-17,213.5800018310547,181.0771026611328
2016-10-18,214.89999389648438,182.1961669921875
2016-10-19,215.42999267578125,182.64553833007812
2016-10-20,215.05999755859375,182.3318328857422
2016-10-21,215.16000366210938,182.41665649414062
2016-10-24,216.11000061035156,183.2221221923828
2016-10-25,215.4199981689453,182.63710021972656
2016-10-26,214.97000122070312,182.2555389404297
2016-10-27,214.3800048828125,181.75537109375
2016-10-28,213.75,181.22125244140625
2016-10-31,213.69000244140625,181.1703643798828
2016-11-01,212.22999572753906,179.9325408935547
2016-11-02,210.89999389648438,178.804931640625
2016-11-03,210.02000427246094,178.05885314941406
2016-11-04,209.6699981689453,177.76210021972656
2016-11-07,214.32000732421875,181.7044219970703
2016-11-08,215.30999755859375,182.54380798339844
2016-11-09,217.69000244140625,184.56166076660156
2016-11-10,218.1199951171875,184.92620849609375
2016-11-11,217.72999572753906,184.5955047607422
2016-11-14,217.7899932861328,184.6464080810547
2016-11-15,219.52000427246094,186.1131134033203
2016-11-16,219.24000549316406,185.87576293945312
2016-11-17,220.22999572753906,186.71505737304688
2016-11-18,219.7899932861328,186.34207153320312
2016-11-21,221.38999938964844,187.6985626220703
2016-11-22,221.75999450683594,188.0122528076172
2016-11-23,222.0,188.21572875976562
2016-11-25,222.80999755859375,188.90245056152344
2016-11-28,221.8300018310547,188.0715789794922
2016-11-29,222.19000244140625,188.37680053710938
2016-11-30,221.52999877929688,187.81723022460938
2016-12-01,220.72999572753906,187.13900756835938
2016-12-02,220.91000366210938,187.29161071777344
2016-12-05,222.19000244140625,188.37680053710938
2016-12-06,222.99000549316406,189.05506896972656
2016-12-07,225.8699951171875,191.4967803955078
2016-12-08,226.41000366210938,191.95458984375
2016-12-09,227.85000610351562,193.1754608154297
2016-12-12,227.57000732421875,192.9380645751953
2016-12-13,229.0500030517578,194.1928253173828
2016-12-14,227.32000732421875,192.72608947753906
2016-12-15,228.0800018310547,193.3704376220703
2016-12-16,227.72999572753906,193.07369995117188
2016-12-19,228.14999389648438,193.4298095703125
2016-12-20,229.0500030517578,194.1928253173828
2016-12-21,227.17999267578125,193.710205078125
2016-12-22,226.85000610351562,193.42884826660156
2016-12-23,227.0,193.55674743652344
2016-12-27,227.63999938964844,194.10247802734375
2016-12-28,225.77000427246094,192.50794982910156
2016-12-29,225.75,192.4909210205078
2016-12-30,224.99000549316406,191.84286499023438
2017-01-03,226.5800018310547,193.19857788085938
2017-01-04,227.9499969482422,194.36679077148438
2017-01-05,227.74000549316406,194.18772888183594
2017-01-06,228.63999938964844,194.95510864257812
2017-01-09,227.89999389648438,194.32411193847656
2017-01-10,227.8000030517578,194.2388916015625
2017-01-11,228.41000366210938,194.75901794433594
2017-01-12,227.97000122070312,194.3838348388672
2017-01-13,228.38999938964844,194.74200439453125
2017-01-17,227.63999938964844,194.10247802734375
2017-01-18,228.0800018310547,194.47760009765625
2017-01-19,227.35000610351562,193.85525512695312
2017-01-20,228.10000610351562,194.49468994140625
2017-01-23,227.57000732421875,194.04275512695312
2017-01-24,228.9600067138672,195.22801208496094
2017-01-25,230.82000732421875,196.8138885498047
2017-01-26,230.75,196.75428771972656
2017-01-27,230.39999389648438,196.455810546875
2017-01-30,229.02999877929688,195.28765869140625
2017-01-31,228.92999267578125,195.202392578125
2017-02-01,229.0500030517578,195.30474853515625
2017-02-02,229.1300048828125,195.37289428710938
2017-02-03,230.7899932861328,196.78836059570312
2017-02-06,230.3800048828125,196.4387664794922
2017-02-07,230.3699951171875,196.43023681640625
2017-02-08,230.64999389648438,196.66903686523438
2017-02-09,232.0,197.8201446533203
2017-02-10,232.91000366210938,198.59605407714844
2017-02-13,234.1999969482422,199.69598388671875
2017-02-14,235.13999938964844,200.4975128173828
2017-02-15,236.33999633789062,201.52069091796875
2017-02-16,236.22000122070312,201.41842651367188
2017-02-17,236.49000549316406,201.6486358642578
2017-02-21,237.9199981689453,202.86795043945312
2017-02-22,237.77999877929688,202.74856567382812
2017-02-23,237.97000122070312,202.9105987548828
2017-02-24,238.25999450683594,203.15785217285156
2017-02-27,238.6300048828125,203.47337341308594
2017-02-28,238.02999877929688,202.9617462158203
2017-03-01,241.22000122070312,205.6818084716797
2017-03-02,239.8300018310547,204.49655151367188
2017-03-03,239.97000122070312,204.6158905029297
2017-03-06,239.27000427246094,204.01905822753906
2017-03-07,238.57000732421875,203.42218017578125
2017-03-08,238.08999633789062,203.01287841796875
2017-03-09,238.32000732421875,203.20896911621094
2017-03-10,239.14999389648438,203.91668701171875
2017-03-13,239.2899932861328,204.03614807128906
2017-03-14,238.44000244140625,203.31130981445312
2017-03-15,240.38999938964844,204.9740447998047
2017-03-16,240.0800018310547,204.70973205566406
2017-03-17,239.58999633789062,204.29188537597656
2017-03-20,239.27999877929688,204.02755737304688
2017-03-21,236.25999450683594,201.4524688720703
2017-03-22,236.77999877929688,201.89588928222656
2017-03-23,236.52000427246094,201.67420959472656
2017-03-24,235.38999938964844,201.59027099609375
2017-03-27,235.0500030517578,201.29905700683594
2017-03-28,236.77999877929688,202.78065490722656
2017-03-29,237.1300048828125,203.08042907714844
2017-03-30,237.72999572753906,203.5943145751953
2017-03-31,237.27000427246094,203.20028686523438
2017-04-03,236.8699951171875,202.85772705078125
2017-04-04,236.97999572753906,202.9519500732422
2017-04-05,236.27999877929688,202.35247802734375
2017-04-06,236.89999389648438,202.88343811035156
2017-04-07,236.67999267578125,202.6950225830078
2017-04-10,236.85000610351562,202.8406219482422
2017-04-11,236.5500030517578,202.58367919921875
2017-04-12,235.58999633789062,201.7615509033203
2017-04-13,234.02999877929688,200.42556762695312
2017-04-17,236.05999755859375,202.1640625
2017-04-18,235.35000610351562,201.5559844970703
2017-04-19,234.94000244140625,201.20489501953125
2017-04-20,236.72999572753906,202.73785400390625
2017-04-21,236.1300048828125,202.2239990234375
2017-04-24,238.63999938964844,204.37362670898438
2017-04-25,240.0500030517578,205.58116149902344
2017-04-26,239.9499969482422,205.49551391601562
2017-04-27,240.08999633789062,205.6153564453125
2017-04-28,239.55999755859375,205.16143798828125
2017-05-01,240.22000122070312,205.72671508789062
2017-05-02,240.30999755859375,205.80377197265625
2017-05-03,240.07000732421875,205.59828186035156
2017-05-04,240.22999572753906,205.73526000976562
2017-05-05,241.25999450683594,206.61741638183594
2017-05-08,241.1699981689453,206.54029846191406
2017-05-09,240.99000549316406,206.38616943359375
2017-05-10,241.3800048828125,206.7201690673828
2017-05-11,240.94000244140625,206.34335327148438
2017-05-12,240.57000732421875,206.02642822265625
2017-05-15,241.7899932861328,207.0712890625
2017-05-16,241.58999633789062,206.89999389648438
2017-05-17,237.33999633789062,203.26025390625
2017-05-18,238.19000244140625,203.9882049560547
2017-05-19,239.86000061035156,205.4184112548828
2017-05-22,241.0,206.3947296142578
2017-05-23,241.52000427246094,206.84010314941406
2017-05-24,242.1199951171875,207.35391235351562
2017-05-25,243.27000427246094,208.3387908935547
2017-05-26,243.22999572753906,208.30450439453125
2017-05-30,243.0800018310547,208.17608642578125
2017-05-31,242.89999389648438,208.02183532714844
2017-06-01,244.88999938964844,209.7261199951172
2017-06-02,245.6699981689453,210.39418029785156
2017-06-05,245.50999450683594,210.2572021484375
2017-06-06,244.85000610351562,209.6919403076172
2017-06-07,245.25,210.03448486328125
2017-06-08,245.32000732421875,210.0944366455078
2017-06-09,244.94000244140625,209.76895141601562
2017-06-12,244.91000366210938,209.7432861328125
2017-06-13,246.11000061035156,210.77096557617188
2017-06-14,245.83999633789062,210.53970336914062
2017-06-15,245.3800048828125,210.14576721191406
2017-06-16,245.17999267578125,209.97450256347656
2017-06-19,247.38999938964844,211.86717224121094
2017-06-20,245.77999877929688,210.4883270263672
2017-06-21,245.67999267578125,210.40267944335938
2017-06-22,245.60000610351562,210.33421325683594
2017-06-23,245.85000610351562,210.54830932617188
2017-06-26,246.0,210.67674255371094
2017-06-27,243.0399932861328,209.09117126464844
2017-06-28,245.10000610351562,210.8634796142578
2017-06-29,243.02999877929688,209.0825958251953
2017-06-30,243.41000366210938,209.40953063964844
2017-07-03,243.8699951171875,209.80526733398438
2017-07-05,244.38999938964844,210.2526092529297
2017-07-06,242.19000244140625,208.35992431640625
2017-07-07,243.7100067138672,209.6676483154297
2017-07-10,243.94000244140625,209.86546325683594
2017-07-11,243.82000732421875,209.76229858398438
2017-07-12,245.64999389648438,211.3365478515625
2017-07-13,246.02999877929688,211.66357421875
2017-07-14,247.10000610351562,212.5841064453125
2017-07-17,247.14999389648438,212.6270751953125
2017-07-18,247.36000061035156,212.80775451660156
2017-07-19,248.6199951171875,213.8917694091797
2017-07-20,248.74000549316406,213.99497985839844
2017-07-21,248.5500030517578,213.83155822753906
2017-07-24,248.49000549316406,213.77992248535156
2017-07-25,249.07000732421875,214.27896118164062
2017-07-26,249.13999938964844,214.33912658691406
2017-07-27,248.91000366210938,214.14129638671875
2017-07-28,248.55999755859375,213.84011840820312
2017-07-31,248.4600067138672,213.754150390625
2017-08-01,248.99000549316406,214.21006774902344
2017-08-02,249.1199951171875,214.32196044921875
2017-08-03,248.67999267578125,213.943359375
2017-08-04,249.05999755859375,214.27027893066406
2017-08-07,249.52000427246094,214.6660614013672
2017-08-08,248.97000122070312,214.19285583496094
2017-08-09,248.9199981689453,214.14987182617188
2017-08-10,245.47000122070312,211.18173217773438
2017-08-11,245.72000122070312,211.39691162109375
2017-08-14,248.1699981689453,213.5045928955078
2017-08-15,248.14999389648438,213.4873809814453
2017-08-16,248.60000610351562,213.87454223632812
2017-08-17,244.8000030517578,210.6053009033203
2017-08-18,244.25,210.1321258544922
2017-08-21,244.58999633789062,210.42469787597656
2017-08-22,247.0,212.49806213378906
2017-08-23,246.14999389648438,211.7667694091797
2017-08-24,245.69000244140625,211.3710174560547
2017-08-25,246.17999267578125,211.7926025390625
2017-08-28,246.22999572753906,211.8356475830078
2017-08-29,246.5399932861328,212.10226440429688
2017-08-30,247.72999572753906,213.12608337402344
2017-08-31,249.13999938964844,214.33912658691406
2017-09-01,249.57000732421875,214.7090606689453
2017-09-05,247.77999877929688,213.16909790039062
2017-09-06,248.61000061035156,213.88314819335938
2017-09-07,248.61000061035156,213.88314819335938
2017-09-08,248.19000244140625,213.5218048095703
2017-09-11,250.89999389648438,215.853271484375
2017-09-12,251.8000030517578,216.6275634765625
2017-09-13,251.91000366210938,216.72222900390625
2017-09-14,251.82000732421875,216.64479064941406
2017-09-15,252.13999938964844,216.9200439453125
2017-09-18,252.7100067138672,217.41043090820312
2017-09-19,252.9499969482422,217.61691284179688
2017-09-20,253.10000610351562,217.74591064453125
2017-09-21,252.36000061035156,217.10935974121094
2017-09-22,252.3699951171875,217.11793518066406
2017-09-25,251.88999938964844,216.7050018310547
2017-09-26,250.75,216.82952880859375
2017-09-27,251.72999572753906,217.67694091796875
2017-09-28,252.0,217.9104461669922
2017-09-29,252.92999267578125,218.71463012695312
2017-10-02,253.97000122070312,219.61390686035156
2017-10-03,254.57000732421875,220.13275146484375
2017-10-04,254.89999389648438,220.4181365966797
2017-10-05,256.3800048828125,221.69790649414062
2017-10-06,256.1099853515625,221.4644012451172
2017-10-09,255.67999267578125,221.0926055908203
2017-10-10,256.3399963378906,221.66329956054688
2017-10-11,256.7099914550781,221.9832763671875
2017-10-12,256.3399963378906,221.66329956054688
2017-10-13,256.6300048828125,221.9140625
2017-10-16,257.04998779296875,222.2772216796875
2017-10-17,257.2099914550781,222.41566467285156
2017-10-18,257.42999267578125,222.6058349609375
2017-10-19,257.5299987792969,222.6923370361328
2017-10-20,258.8500061035156,223.83380126953125
2017-10-23,257.8599853515625,222.97769165039062
2017-10-24,258.25,223.31491088867188
2017-10-25,257.0400085449219,222.2686767578125
2017-10-26,257.3500061035156,222.53672790527344
2017-10-27,259.4100036621094,224.31802368164062
2017-10-30,258.5199890136719,223.54837036132812
2017-10-31,258.80999755859375,223.79913330078125
2017-11-01,259.2300109863281,224.16236877441406
2017-11-02,259.3699951171875,224.2833709716797
2017-11-03,260.17999267578125,224.9838409423828
2017-11-06,260.6199951171875,225.3643341064453
2017-11-07,260.489990234375,225.25192260742188
2017-11-08,260.94000244140625,225.6410675048828
2017-11-09,259.989990234375,224.81954956054688
2017-11-10,259.80999755859375,224.6638946533203
2017-11-13,260.1000061035156,224.9147186279297
2017-11-14,259.5799865722656,224.46502685546875
2017-11-15,258.17999267578125,223.25442504882812
2017-11-16,260.3399963378906,225.12220764160156
2017-11-17,259.6300048828125,224.5082244873047
2017-11-20,260.0400085449219,224.86279296875
2017-11-21,261.7300109863281,226.32418823242188
2017-11-22,261.5400085449219,226.15989685058594
2017-11-24,262.0899963378906,226.6354522705078
2017-11-27,262.010009765625,226.56629943847656
2017-11-28,264.6499938964844,228.84918212890625
2017-11-29,264.4800109863281,228.70220947265625
2017-11-30,266.8900146484375,230.78611755371094
2017-12-01,266.260009765625,230.24139404296875
2017-12-04,265.9800109863281,229.99925231933594
2017-12-05,264.989990234375,229.14312744140625
2017-12-06,265.04998779296875,229.19505310058594
2017-12-07,265.8500061035156,229.8868408203125
2017-12-08,267.29998779296875,231.1407470703125
2017-12-11,268.2200012207031,231.9362335205078
2017-12-12,268.6300048828125,232.2907257080078
2017-12-13,268.57000732421875,232.2389373779297
2017-12-14,267.5299987792969,231.33961486816406
2017-12-15,269.7900085449219,233.29383850097656
2017-12-18,271.4700012207031,234.74656677246094
2017-12-19,269.1300048828125,233.81959533691406
2017-12-20,268.989990234375,233.6979522705078
2017-12-21,269.5299987792969,234.1670684814453
2017-12-22,269.4599914550781,234.1062774658203
2017-12-26,269.1199951171875,233.81088256835938
2017-12-27,269.2900085449219,233.95863342285156
2017-12-28,269.7900085449219,234.39297485351562
2017-12-29,268.8500061035156,233.5763702392578
2018-01-02,270.8500061035156,235.31393432617188
2018-01-03,272.4200134277344,236.67794799804688
2018-01-04,273.6000061035156,237.7031707763672
2018-01-05,275.3299865722656,239.2061309814453
2018-01-08,275.94000244140625,239.7360382080078
2018-01-09,276.57000732421875,240.28346252441406
2018-01-10,276.1300048828125,239.9011993408203
2018-01-11,278.0899963378906,241.60400390625
2018-01-12,279.9100036621094,243.1851806640625
2018-01-16,278.8999938964844,242.3076934814453
2018-01-17,281.67999267578125,244.72299194335938
2018-01-18,281.260009765625,244.35813903808594
2018-01-19,282.489990234375,245.42666625976562
2018-01-22,284.7300109863281,247.37283325195312
2018-01-23,285.3900146484375,247.9462432861328
2018-01-24,285.239990234375,247.81588745117188
2018-01-25,285.3500061035156,247.91148376464844
2018-01-26,288.6600036621094,250.7871856689453
2018-01-29,286.75,249.12779235839844
2018-01-30,283.6499938964844,246.43460083007812
2018-01-31,284.1499938964844,246.8688507080078
2018-02-01,283.7900085449219,246.55613708496094
2018-02-02,277.5299987792969,241.11749267578125
2018-02-05,266.04998779296875,231.14358520507812
2018-02-06,271.260009765625,235.6700897216797
2018-02-07,269.5899963378906,234.21914672851562
2018-02-08,259.6199951171875,225.55728149414062
2018-02-09,263.6700134277344,229.07591247558594
2018-02-12,267.17999267578125,232.1254425048828
2018-02-13,267.9599914550781,232.80308532714844
2018-02-14,271.6499938964844,236.00897216796875
2018-02-15,275.0199890136719,238.93682861328125
2018-02-16,275.0899963378906,238.99752807617188
2018-02-20,273.4100036621094,237.5380096435547
2018-02-21,272.0,236.31304931640625
2018-02-22,272.3699951171875,236.6344757080078
2018-02-23,276.7200012207031,240.41372680664062
2018-02-26,279.9599914550781,243.22866821289062
2018-02-27,276.4800109863281,240.20523071289062
2018-02-28,273.3399963378906,237.4772491455078
2018-03-01,269.70001220703125,234.3148193359375
2018-03-02,271.20001220703125,235.6179656982422
2018-03-05,274.20001220703125,238.2244110107422
2018-03-06,274.95001220703125,238.8759307861328
2018-03-07,274.8500061035156,238.78904724121094
2018-03-08,276.1300048828125,239.9011993408203
2018-03-09,280.82000732421875,243.97581481933594
2018-03-12,280.5899963378906,243.77601623535156
2018-03-13,278.7699890136719,242.1947784423828
2018-03-14,277.3399963378906,240.95242309570312
2018-03-15,277.04998779296875,240.700439453125
2018-03-16,277.29998779296875,240.9176788330078
2018-03-19,273.5799865722656,237.68569946289062
2018-03-20,274.05999755859375,238.10272216796875
2018-03-21,273.55999755859375,237.66824340820312
2018-03-22,265.4700012207031,231.6806182861328
2018-03-23,259.8299865722656,226.75848388671875
2018-03-26,267.0,233.0159454345703
2018-03-27,262.32000732421875,228.93154907226562
2018-03-28,261.6199951171875,228.32061767578125
2018-03-29,265.3699951171875,231.59336853027344
2018-04-02,259.2099914550781,226.21746826171875
2018-04-03,262.5799865722656,229.15847778320312
2018-04-04,265.6300048828125,231.82028198242188
2018-04-05,267.4800109863281,233.4347686767578
2018-04-06,261.57000732421875,228.27708435058594
2018-04-09,262.70001220703125,229.26324462890625
2018-04-10,266.9700012207031,232.98976135253906
2018-04-11,265.5199890136719,231.72425842285156
2018-04-12,267.7900085449219,233.705322265625
2018-04-13,266.9700012207031,232.98976135253906
2018-04-16,269.19000244140625,234.92710876464844
2018-04-17,272.07000732421875,237.4405975341797
2018-04-18,272.19000244140625,237.54530334472656
2018-04-19,270.7200012207031,236.26239013671875
2018-04-20,268.44000244140625,234.2726287841797
2018-04-23,268.44000244140625,234.2726287841797
2018-04-24,264.8900146484375,231.17449951171875
2018-04-25,265.4200134277344,231.6370391845703
2018-04-26,268.1499938964844,234.01950073242188
2018-04-27,268.3900146484375,234.22898864746094
2018-04-30,266.30999755859375,232.41372680664062
2018-05-01,266.8299865722656,232.86749267578125
2018-05-02,264.9700012207031,231.24429321289062
2018-05-03,264.3999938964844,230.7468719482422
2018-05-04,267.82000732421875,233.73155212402344
2018-05-07,268.7900085449219,234.57803344726562
2018-05-08,268.67999267578125,234.4821014404297
2018-05-09,271.44000244140625,236.89077758789062
2018-05-10,273.8999938964844,239.03765869140625
2018-05-11,274.4700012207031,239.5351104736328
2018-05-14,274.82000732421875,239.84060668945312
2018-05-15,272.80999755859375,238.08641052246094
2018-05-16,274.1000061035156,239.2122344970703
2018-05-17,273.8800048828125,239.02023315429688
2018-05-18,273.2099914550781,238.43553161621094
2018-05-21,275.2099914550781,240.18089294433594
2018-05-22,274.4700012207031,239.5351104736328
2018-05-23,275.25,240.2158660888672
2018-05-24,274.75,239.7794647216797
2018-05-25,273.9800109863281,239.10751342773438
2018-05-29,270.92999267578125,236.44578552246094
2018-05-30,274.54998779296875,239.60488891601562
2018-05-31,272.7300109863281,238.01657104492188
2018-06-01,275.5299987792969,240.460205078125
2018-06-04,276.80999755859375,241.57725524902344
2018-06-05,277.05999755859375,241.79541015625
2018-06-06,279.44000244140625,243.8724822998047
2018-06-07,279.260009765625,243.7154541015625
2018-06-08,280.0400085449219,244.39614868164062
2018-06-11,280.510009765625,244.80633544921875
2018-06-12,280.8900146484375,245.13809204101562
2018-06-13,279.9200134277344,244.2914581298828
2018-06-14,280.7099914550781,244.98092651367188
2018-06-15,280.30999755859375,244.63177490234375
2018-06-18,279.70001220703125,244.09947204589844
2018-06-19,278.6700134277344,243.2005157470703
2018-06-20,279.25,243.7067413330078
2018-06-21,277.32000732421875,242.02227783203125
2018-06-22,277.8900146484375,242.51983642578125
2018-06-25,274.1000061035156,239.2122344970703
2018-06-26,273.4700012207031,239.78294372558594
2018-06-27,271.1199951171875,237.7224884033203
2018-06-28,272.82000732421875,239.21307373046875
2018-06-29,273.04998779296875,239.4147491455078
2018-07-02,273.82000732421875,240.08987426757812
2018-07-03,272.7300109863281,239.13417053222656
2018-07-05,275.07000732421875,241.18589782714844
2018-07-06,277.2099914550781,243.0623321533203
2018-07-09,279.80999755859375,245.3419647216797
2018-07-10,280.8299865722656,246.2364044189453
2018-07-11,278.739990234375,244.40382385253906
2018-07-12,281.1400146484375,246.50816345214844
2018-07-13,281.42999267578125,246.76246643066406
2018-07-16,281.3299865722656,246.67469787597656
2018-07-17,282.4700012207031,247.67431640625
2018-07-18,283.0899963378906,248.21803283691406
2018-07-19,281.9200134277344,247.19215393066406
2018-07-20,281.6199951171875,246.9291229248047
2018-07-23,282.1400146484375,247.38502502441406
2018-07-24,283.54998779296875,248.6212921142578
2018-07-25,286.17999267578125,250.92724609375
2018-07-26,285.19000244140625,250.05929565429688
2018-07-27,283.3599853515625,248.45468139648438
2018-07-30,281.7699890136719,247.06057739257812
2018-07-31,283.2799987792969,248.3845672607422
2018-08-01,282.8800048828125,248.03384399414062
2018-08-02,284.2300109863281,249.21755981445312
2018-08-03,285.54998779296875,250.37484741210938
2018-08-06,286.6499938964844,251.33937072753906
2018-08-07,287.4700012207031,252.05838012695312
2018-08-08,287.3699951171875,251.97076416015625
2018-08-09,287.1099853515625,251.7427520751953
2018-08-10,285.07000732421875,249.95407104492188
2018-08-13,284.1099853515625,249.11236572265625
2018-08-14,285.92999267578125,250.70806884765625
2018-08-15,283.6499938964844,248.70904541015625
2018-08-16,286.1000061035156,250.857177734375
2018-08-17,287.0400085449219,251.68148803710938
2018-08-20,287.739990234375,252.2952117919922
2018-08-21,288.2300109863281,252.7248077392578
2018-08-22,288.2200012207031,252.7160186767578
2018-08-23,287.7300109863281,252.28646850585938
2018-08-24,289.5199890136719,253.85585021972656
2018-08-27,291.80999755859375,255.86380004882812
2018-08-28,291.8900146484375,255.93389892578125
2018-08-29,293.5400085449219,257.3807373046875
2018-08-30,292.2900085449219,256.28472900390625
2018-08-31,292.44000244140625,256.4162292480469
2018-09-04,291.95001220703125,255.9866485595703
2018-09-05,291.1600036621094,255.2938995361328
2018-09-06,290.30999755859375,254.548583984375
2018-09-07,289.6000061035156,253.92604064941406
2018-09-10,290.25,254.49595642089844
2018-09-11,291.2200012207031,255.34646606445312
2018-09-12,291.239990234375,255.36410522460938
2018-09-13,292.9200134277344,256.8372497558594
2018-09-14,292.9100036621094,256.82830810546875
2018-09-17,291.44000244140625,255.53939819335938
2018-09-18,293.07000732421875,256.96856689453125
2018-09-19,293.2799987792969,257.15277099609375
2018-09-20,295.760009765625,259.3272705078125
2018-09-21,295.3599853515625,258.9765625
2018-09-24,294.4700012207031,258.1962585449219
2018-09-25,294.1600036621094,257.92431640625
2018-09-26,292.0199890136719,257.164306640625
2018-09-27,292.82000732421875,257.8689270019531
2018-09-28,292.7300109863281,257.78961181640625
2018-10-01,293.8699951171875,258.7934875488281
2018-10-02,293.75,258.6878662109375
2018-10-03,293.95001220703125,258.8640441894531
2018-10-04,291.739990234375,256.91766357421875
2018-10-05,289.92999267578125,255.32386779785156
2018-10-08,289.94000244140625,255.3325958251953
2018-10-09,289.5899963378906,255.0242919921875
2018-10-10,280.25,246.79925537109375
2018-10-11,274.3299865722656,241.58580017089844
2018-10-12,278.0299987792969,244.8441619873047
2018-10-15,276.5299987792969,243.5232391357422
2018-10-16,282.6199951171875,248.88626098632812
2018-10-17,282.55999755859375,248.83348083496094
2018-10-18,278.510009765625,245.2669677734375
2018-10-19,278.2699890136719,245.05555725097656
2018-10-22,277.2200012207031,244.13084411621094
2018-10-23,275.57000732421875,242.6778106689453
2018-10-24,267.1400146484375,235.2541046142578
2018-10-25,272.0199890136719,239.551513671875
2018-10-26,267.1000061035156,235.2187957763672
2018-10-29,265.6099853515625,233.90667724609375
2018-10-30,269.8599853515625,237.64942932128906
2018-10-31,272.760009765625,240.20323181152344
2018-11-01,275.4200134277344,242.54574584960938
2018-11-02,273.8900146484375,241.19839477539062
2018-11-05,275.57000732421875,242.6778106689453
2018-11-06,277.1600036621094,244.07803344726562
2018-11-07,283.1300048828125,249.33541870117188
2018-11-08,282.5199890136719,248.7982940673828
2018-11-09,279.9599914550781,246.54385375976562
2018-11-12,274.510009765625,241.74440002441406
2018-11-13,274.1099853515625,241.39210510253906
2018-11-14,272.2099914550781,239.7188720703125
2018-11-15,274.9599914550781,242.14060974121094
2018-11-16,275.739990234375,242.82760620117188
2018-11-19,271.1300048828125,238.767822265625
2018-11-20,266.1000061035156,234.3381805419922
2018-11-21,266.9599914550781,235.09548950195312
2018-11-23,265.30999755859375,233.6425018310547
2018-11-26,269.4700012207031,237.30596923828125
2018-11-27,270.32000732421875,238.0544891357422
2018-11-28,276.6300048828125,243.61126708984375
2018-11-29,276.07000732421875,243.11814880371094
2018-11-30,278.0,244.81781005859375
2018-12-03,281.3699951171875,247.78553771972656
2018-12-04,272.5299987792969,240.00062561035156
2018-12-06,271.82000732421875,239.37542724609375
2018-12-07,265.6000061035156,233.8978729248047
2018-12-10,266.0,234.25009155273438
2018-12-11,266.04998779296875,234.2941131591797
2018-12-12,267.489990234375,235.56228637695312
2018-12-13,267.239990234375,235.342041015625
2018-12-14,262.3999938964844,231.07984924316406
2018-12-17,255.64999389648438,226.3795166015625
2018-12-18,255.6199951171875,226.35296630859375
2018-12-19,251.74000549316406,222.917236328125
2018-12-20,247.42999267578125,219.10067749023438
2018-12-21,242.35000610351562,214.6023406982422
2018-12-24,236.08999633789062,209.05902099609375
2018-12-26,247.6699981689453,219.3131866455078
2018-12-27,250.05999755859375,221.4295654296875
2018-12-28,249.3300018310547,221.06781005859375
2018-12-31,251.61000061035156,223.08937072753906
2019-01-02,251.72000122070312,223.18695068359375
2019-01-03,245.42999267578125,217.60986328125
2019-01-04,254.05999755859375,225.26168823242188
2019-01-07,255.77000427246094,226.77784729003906
2019-01-08,258.2900085449219,229.0121612548828
2019-01-09,259.489990234375,230.07611083984375
2019-01-10,260.510009765625,230.9805450439453
2019-01-11,260.3699951171875,230.85638427734375
2019-01-14,259.1099853515625,229.73924255371094
2019-01-15,261.9100036621094,232.2218475341797
2019-01-16,262.6000061035156,232.83367919921875
2019-01-17,264.5299987792969,234.5448455810547
2019-01-18,268.07000732421875,237.68359375
2019-01-22,264.5,234.51828002929688
2019-01-23,264.8800048828125,234.8551788330078
2019-01-24,265.1400146484375,235.085693359375
2019-01-25,267.5,237.17819213867188
2019-01-28,265.3500061035156,235.2718963623047
2019-01-29,264.9800109863281,234.94381713867188
2019-01-30,269.2300109863281,238.71218872070312
2019-01-31,271.54998779296875,240.76918029785156
2019-02-01,271.70001220703125,240.90213012695312
2019-02-04,273.6499938964844,242.6310577392578
2019-02-05,274.82000732421875,243.6685028076172
2019-02-06,274.4100036621094,243.304931640625
2019-02-07,271.8299865722656,241.0173797607422
2019-02-08,272.1300048828125,241.28334045410156
2019-02-11,272.2799987792969,241.4163818359375
2019-02-12,275.82000732421875,244.55506896972656
2019-02-13,276.6600036621094,245.29991149902344
2019-02-14,276.0299987792969,244.7413330078125
2019-02-15,279.1600036621094,247.5165252685547
2019-02-19,279.54998779296875,247.8622589111328
2019-02-20,280.0899963378906,248.3411102294922
2019-02-21,279.2099914550781,247.5608673095703
2019-02-22,280.82000732421875,248.98837280273438
2019-02-25,281.260009765625,249.3784637451172
2019-02-26,281.04998779296875,249.19229125976562
2019-02-27,280.9100036621094,249.06817626953125
2019-02-28,280.32000732421875,248.5450897216797
2019-03-01,282.30999755859375,250.30947875976562
2019-03-04,281.1600036621094,249.28973388671875
2019-03-05,280.79998779296875,248.97059631347656
2019-03-06,279.010009765625,247.38351440429688
2019-03-07,276.760009765625,245.38856506347656
2019-03-08,276.20001220703125,244.8920440673828
2019-03-11,280.2099914550781,248.44744873046875
2019-03-12,281.20001220703125,249.32521057128906
2019-03-13,283.1499938964844,251.05419921875
2019-03-14,283.010009765625,250.9301300048828
2019-03-15,284.2799987792969,252.05609130859375
2019-03-18,285.4100036621094,253.05810546875
2019-03-19,285.5400085449219,253.17332458496094
2019-03-20,283.3900146484375,252.26535034179688
2019-03-21,286.57000732421875,255.09609985351562
2019-03-22,281.1600036621094,250.28021240234375
2019-03-25,280.9100036621094,250.05770874023438
2019-03-26,282.9599914550781,251.88258361816406
2019-03-27,281.5799865722656,250.65408325195312
2019-03-28,282.69000244140625,251.64222717285156
2019-03-29,284.55999755859375,253.3068389892578
2019-04-01,287.8500061035156,256.2355651855469
2019-04-02,287.9200134277344,256.2978515625
2019-04-03,288.44000244140625,256.7606506347656
2019-04-04,289.1300048828125,257.3749694824219
2019-04-05,290.45001220703125,258.54998779296875
2019-04-08,290.7699890136719,258.8348693847656
2019-04-09,289.2699890136719,257.49951171875
2019-04-10,290.2200012207031,258.3451843261719
2019-04-11,290.20001220703125,258.32745361328125
2019-04-12,292.1600036621094,260.0721740722656
2019-04-15,291.9200134277344,259.8585510253906
2019-04-16,292.1400146484375,260.0543518066406
2019-04-17,291.3699951171875,259.3689270019531
2019-04-18,292.0,259.9297790527344
2019-04-22,292.29998779296875,260.1967468261719
2019-04-23,294.8399963378906,262.4577331542969
2019-04-24,294.2200012207031,261.9058532714844
2019-04-25,294.0400085449219,261.7457275390625
2019-04-26,295.4700012207031,263.0186462402344
2019-04-29,295.7900085449219,263.30340576171875
2019-04-30,295.94000244140625,263.4369812011719
2019-05-01,293.79998779296875,261.5321350097656
2019-05-02,293.260009765625,261.05133056640625
2019-05-03,296.010009765625,263.4992980957031
2019-05-06,294.8999938964844,262.5111999511719
2019-05-07,289.9100036621094,258.0692443847656
2019-05-08,289.5199890136719,257.72210693359375
2019-05-09,288.7200012207031,257.0099182128906
2019-05-10,290.0,258.1492919921875
2019-05-13,282.79998779296875,251.7401580810547
2019-05-14,285.32000732421875,253.9833984375
2019-05-15,287.0299987792969,255.50550842285156
2019-05-16,289.55999755859375,257.7577209472656
2019-05-17,287.8999938964844,256.2799072265625
2019-05-20,285.9800109863281,254.5709228515625
2019-05-21,288.4800109863281,256.7963562011719
2019-05-22,287.6499938964844,256.0574951171875
2019-05-23,284.05999755859375,252.86184692382812
2019-05-24,284.760009765625,253.48492431640625
2019-05-28,282.0799865722656,251.09912109375
2019-05-29,280.239990234375,249.4613037109375
2019-05-30,280.8699951171875,250.0221405029297
2019-05-31,277.29998779296875,246.8441925048828
2019-06-03,276.3800048828125,246.0251922607422
2019-06-04,282.44000244140625,251.41969299316406
2019-06-05,284.8599853515625,253.57391357421875
2019-06-06,286.760009765625,255.2651824951172
2019-06-07,289.6700134277344,257.8556213378906
2019-06-10,291.0,259.0395202636719
2019-06-11,290.95001220703125,258.9950256347656
2019-06-12,290.2900085449219,258.40753173828125
2019-06-13,291.6199951171875,259.5914306640625
2019-06-14,291.25,259.2621154785156
2019-06-17,289.739990234375,259.5021057128906
2019-06-18,292.45001220703125,261.9293212890625
2019-06-19,293.239990234375,262.6368103027344
2019-06-20,296.0199890136719,265.12677001953125
2019-06-21,295.57000732421875,264.7236022949219
2019-06-24,295.2699890136719,264.455078125
2019-06-25,292.4100036621094,261.8934326171875
2019-06-26,292.0799865722656,261.5979309082031
2019-06-27,293.2799987792969,262.67266845703125
2019-06-28,294.75,263.9893798828125
2019-07-01,297.32000732421875,266.2911071777344
2019-07-02,298.2300109863281,267.10614013671875
2019-07-03,300.4800109863281,269.12127685546875
2019-07-05,300.1000061035156,268.7808837890625
2019-07-08,298.54998779296875,267.3926696777344
2019-07-09,299.0299987792969,267.8226013183594
2019-07-10,300.3999938964844,269.04962158203125
2019-07-11,300.92999267578125,269.5242919921875
2019-07-12,302.489990234375,270.9215087890625
2019-07-15,302.4599914550781,270.8946838378906
2019-07-16,301.44000244140625,269.9811096191406
2019-07-17,299.4800109863281,268.2256164550781
2019-07-18,300.6499938964844,269.27349853515625
2019-07-19,298.8999938964844,267.70611572265625
2019-07-22,299.5799865722656,268.3150634765625
2019-07-23,301.7200012207031,270.2319030761719
2019-07-24,303.1700134277344,271.5304870605469
2019-07-25,301.7099914550781,270.2229309082031
2019-07-26,303.7699890136719,272.0678405761719
2019-07-29,303.2200012207031,271.57525634765625
2019-07-30,302.4800109863281,270.9125671386719
2019-07-31,299.2300109863281,268.001708984375
2019-08-01,296.5199890136719,265.5745544433594
2019-08-02,294.4200134277344,263.6936950683594
2019-08-05,285.57000732421875,255.76724243164062
2019-08-06,289.3800048828125,259.1797180175781
2019-08-07,289.6600036621094,259.4303894042969
2019-08-08,295.2799987792969,264.4638977050781
2019-08-09,293.3599853515625,262.74420166015625
2019-08-12,289.80999755859375,259.5647888183594
2019-08-13,294.2799987792969,263.5682373046875
2019-08-14,285.6000061035156,255.79420471191406
2019-08-15,286.3399963378906,256.4569396972656
2019-08-16,290.5799865722656,260.2544250488281
2019-08-19,294.07000732421875,263.38018798828125
2019-08-20,291.7900085449219,261.33819580078125
2019-08-21,294.17999267578125,263.478759765625
2019-08-22,294.07000732421875,263.38018798828125
2019-08-23,286.4700012207031,256.57342529296875
2019-08-26,289.6600036621094,259.4303894042969
2019-08-27,288.54998779296875,258.436279296875
2019-08-28,290.5,260.1827392578125
2019-08-29,294.2799987792969,263.5682373046875
2019-08-30,294.2699890136719,263.5593566894531
2019-09-03,292.4100036621094,261.8934326171875
2019-09-04,295.760009765625,264.8939208984375
2019-09-05,299.6300048828125,268.3599548339844
2019-09-06,299.8299865722656,268.5391540527344
2019-09-09,299.9700012207031,268.6644592285156
2019-09-10,299.95001220703125,268.6465759277344
2019-09-11,302.1199951171875,270.5901184082031
2019-09-12,303.0799865722656,271.4499206542969
2019-09-13,302.8699951171875,271.2618103027344
2019-09-16,301.9800109863281,270.4646911621094
2019-09-17,302.7099914550781,271.1184387207031
2019-09-18,302.92999267578125,271.3156433105469
2019-09-19,302.8900146484375,271.27984619140625
2019-09-20,301.2200012207031,269.78399658203125
2019-09-23,301.3800048828125,269.9273681640625
2019-09-24,297.510009765625,267.7788391113281
2019-09-25,299.19000244140625,269.2909851074219
2019-09-26,298.5899963378906,268.7510070800781
2019-09-27,297.0,267.31988525390625
2019-09-30,298.5199890136719,268.6879577636719
2019-10-01,294.9100036621094,265.4387512207031
2019-10-02,289.6300048828125,260.6864318847656
2019-10-03,292.0400085449219,262.8555603027344
2019-10-04,296.0199890136719,266.4378662109375
2019-10-07,294.69000244140625,265.24066162109375
2019-10-08,290.1300048828125,261.13641357421875
2019-10-09,292.8800048828125,263.611572265625
2019-10-10,294.95001220703125,265.4747314453125
2019-10-11,297.8900146484375,268.1208801269531
2019-10-14,297.69000244140625,267.94091796875
2019-10-15,300.6199951171875,270.57806396484375
2019-10-16,300.07000732421875,270.0830993652344
2019-10-17,300.9100036621094,270.8390808105469
2019-10-18,299.6000061035156,269.6600036621094
2019-10-21,301.75,271.59515380859375
2019-10-22,300.70001220703125,270.6500549316406
2019-10-23,301.57000732421875,271.4331359863281
2019-10-24,302.1099853515625,271.9192810058594
2019-10-25,303.30999755859375,272.999267578125
2019-10-28,305.010009765625,274.5293884277344
2019-10-29,304.9100036621094,274.4393310546875
2019-10-30,305.8699951171875,275.30340576171875
2019-10-31,304.9700012207031,274.4933166503906
2019-11-01,307.95001220703125,277.17559814453125
2019-11-04,309.1099853515625,278.2196044921875
2019-11-05,308.739990234375,277.8865966796875
2019-11-06,308.8800048828125,278.0126037597656
2019-11-07,309.9800109863281,279.0028076171875
2019-11-08,310.6700134277344,279.623779296875
2019-11-11,310.1600036621094,279.16473388671875
2019-11-12,310.69000244140625,279.6417236328125
2019-11-13,310.8599853515625,279.7947692871094
2019-11-14,311.29998779296875,280.1907958984375
2019-11-15,313.6099853515625,282.26995849609375
2019-11-18,313.75,282.3959655761719
2019-11-19,313.67999267578125,282.33294677734375
2019-11-20,312.5199890136719,281.28887939453125
2019-11-21,312.07000732421875,280.88385009765625
2019-11-22,312.739990234375,281.4868469238281
2019-11-25,315.1000061035156,283.6110534667969
2019-11-26,315.7300109863281,284.1780700683594
2019-11-27,317.25,285.5461730957031
2019-11-29,316.05999755859375,284.4751281738281
2019-12-02,313.4100036621094,282.08990478515625
2019-12-03,311.25,280.14581298828125
2019-12-04,313.17999267578125,281.88287353515625
2019-12-05,313.8399963378906,282.47698974609375
2019-12-06,316.6400146484375,284.99725341796875
2019-12-09,315.70001220703125,284.1511535644531
2019-12-10,315.3699951171875,283.8540954589844
2019-12-11,316.1700134277344,284.57415771484375
2019-12-12,318.9700012207031,287.0942687988281
2019-12-13,319.0799865722656,287.19329833984375
2019-12-16,319.32000732421875,289.2578125
2019-12-17,319.3500061035156,289.2848815917969
2019-12-18,319.3699951171875,289.30303955078125
2019-12-19,320.739990234375,290.54412841796875
2019-12-20,322.3800048828125,292.0297546386719
2019-12-23,322.6099853515625,292.2380065917969
2019-12-24,322.6499938964844,292.2743225097656
2019-12-26,324.32000732421875,293.787109375
2019-12-27,324.260009765625,293.73272705078125
2019-12-30,322.510009765625,292.1474609375
2019-12-31,323.239990234375,292.8086853027344
2020-01-02,326.32000732421875,295.5987854003906
2020-01-03,323.80999755859375,293.3250427246094
2020-01-06,325.0899963378906,294.48455810546875
2020-01-07,324.20001220703125,293.6783447265625
2020-01-08,325.8500061035156,295.1730041503906
2020-01-09,328.04998779296875,297.1658935546875
2020-01-10,327.1400146484375,296.3415222167969
2020-01-13,329.42999267578125,298.4159240722656
2020-01-14,328.9200134277344,297.9539794921875
2020-01-15,329.6600036621094,298.62432861328125
2020-01-16,332.3999938964844,301.10638427734375
2020-01-17,333.5,302.102783203125
2020-01-21,332.7799987792969,301.4505615234375
2020-01-22,332.8500061035156,301.51397705078125
2020-01-23,333.260009765625,301.8853454589844
2020-01-24,330.2300109863281,299.14068603515625
2020-01-27,324.8699951171875,294.2852783203125
2020-01-28,328.3299865722656,297.41949462890625
2020-01-29,328.1000061035156,297.21112060546875
2020-01-30,329.0899963378906,298.1080322265625
2020-01-31,323.239990234375,292.8086853027344
2020-02-03,325.55999755859375,294.91033935546875
2020-02-04,330.6099853515625,299.48492431640625
2020-02-05,334.2900085449219,302.8185119628906
2020-02-06,335.57000732421875,303.9779357910156
2020-02-07,333.75,302.329345703125
2020-02-10,336.2200012207031,304.56671142578125
2020-02-11,336.8399963378906,305.1282958984375
2020-02-12,339.0,307.0849914550781
2020-02-13,338.5799865722656,306.7044982910156
2020-02-14,339.07000732421875,307.1485290527344
2020-02-18,338.260009765625,306.41473388671875
2020-02-19,339.8800048828125,307.8821716308594
2020-02-20,338.489990234375,306.6230163574219
2020-02-21,335.010009765625,303.4706726074219
2020-02-24,323.8299865722656,293.3431396484375
2020-02-25,314.1199951171875,284.5473327636719
2020-02-26,312.9100036621094,283.4512023925781
2020-02-27,298.7099914550781,270.58807373046875
2020-02-28,295.9100036621094,268.0517578125
2020-03-02,310.3999938964844,281.1775207519531
2020-03-03,301.5,273.1153869628906
2020-03-04,314.75,285.1180114746094
2020-03-05,303.760009765625,275.1625671386719
2020-03-06,298.70001220703125,270.5790100097656
2020-03-09,274.79998779296875,248.92909240722656
2020-03-10,289.54998779296875,262.2904052734375
2020-03-11,275.4700012207031,249.5359649658203
2020-03-12,248.9600067138672,225.5217742919922
2020-03-13,271.54998779296875,245.98504638671875
2020-03-16,240.1199951171875,217.51400756835938
2020-03-17,255.38999938964844,231.34642028808594
2020-03-18,241.1699981689453,218.46514892578125
2020-03-19,242.05999755859375,219.27139282226562
2020-03-20,231.16000366210938,209.3975830078125
2020-03-23,224.64999389648438,203.5004119873047
2020-03-24,245.8800048828125,222.7317352294922
2020-03-25,247.47000122070312,225.57664489746094
2020-03-26,262.3699951171875,239.15847778320312
2020-03-27,254.24000549316406,231.74769592285156
2020-03-30,262.3599853515625,239.1493377685547
2020-03-31,258.3999938964844,235.53964233398438
2020-04-01,246.8000030517578,224.9658966064453
2020-04-02,252.58999633789062,230.24366760253906
2020-04-03,249.02000427246094,226.98953247070312
2020-04-06,265.79998779296875,242.2849578857422
2020-04-07,265.9100036621094,242.38525390625
2020-04-08,275.0,250.6710662841797
2020-04-09,279.1199951171875,254.42652893066406
2020-04-13,276.44000244140625,251.98377990722656
2020-04-14,284.8299865722656,259.63140869140625
2020-04-15,278.57000732421875,253.9252166748047
2020-04-16,280.04998779296875,255.2743377685547
2020-04-17,287.5799865722656,262.1380920410156
2020-04-20,282.4599914550781,257.47113037109375
2020-04-21,273.8599853515625,249.6319580078125
2020-04-22,280.05999755859375,255.2834930419922
2020-04-23,279.9800109863281,255.21051025390625
2020-04-24,283.8999938964844,258.78369140625
2020-04-27,288.19000244140625,262.6941833496094
2020-04-28,286.6400146484375,261.28131103515625
2020-04-29,294.1300048828125,268.10870361328125
2020-04-30,291.1600036621094,265.40142822265625
2020-05-01,283.5299987792969,258.44635009765625
2020-05-04,284.6300048828125,259.4490661621094
2020-05-05,287.1400146484375,261.737060546875
2020-05-06,285.25,260.0142822265625
2020-05-07,288.6300048828125,263.09527587890625
2020-05-08,293.4599914550781,267.4978942871094
2020-05-11,293.45001220703125,267.4888916015625
2020-05-12,287.4700012207031,262.03790283203125
2020-05-13,282.5400085449219,257.5440368652344
2020-05-14,285.9200134277344,260.6250305175781
2020-05-15,287.1600036621094,261.75531005859375
2020-05-18,296.0400085449219,269.8497009277344
2020-05-19,292.989990234375,267.0695495605469
2020-05-20,297.989990234375,271.62713623046875
2020-05-21,295.80999755859375,269.64013671875
2020-05-22,296.4100036621094,270.18695068359375
2020-05-26,300.1700134277344,273.6143798828125
2020-05-27,304.54998779296875,277.6068115234375
2020-05-28,303.95001220703125,277.0598449707031
2020-05-29,305.17999267578125,278.1811218261719
2020-06-01,306.67999267578125,279.5484313964844
2020-06-02,309.2300109863281,281.872802734375
2020-06-03,313.3900146484375,285.664794921875
2020-06-04,312.3399963378906,284.7076416015625
2020-06-05,320.4800109863281,292.1275329589844
2020-06-08,324.3999938964844,295.70068359375
2020-06-09,322.010009765625,293.52215576171875
2020-06-10,320.1099853515625,291.790283203125
2020-06-11,301.5899963378906,274.90869140625
2020-06-12,305.3599853515625,278.34515380859375
2020-06-15,306.8900146484375,280.8998718261719
2020-06-16,312.7900085449219,286.3001708984375
2020-06-17,311.3800048828125,285.009521484375
2020-06-18,311.6199951171875,285.22918701171875
2020-06-19,309.7200012207031,283.4902038574219
2020-06-22,311.94000244140625,285.52203369140625
2020-06-23,313.2099914550781,286.6846008300781
2020-06-24,305.29998779296875,279.4444580078125
2020-06-25,308.5,282.3734130859375
2020-06-26,301.1400146484375,275.6368103027344
2020-06-29,305.6600036621094,279.77398681640625
2020-06-30,309.69000244140625,283.462646484375
2020-07-01,311.80999755859375,285.4031066894531
2020-07-02,313.45001220703125,286.90423583984375
2020-07-06,318.260009765625,291.30682373046875
2020-07-07,314.9800109863281,288.3047180175781
2020-07-08,317.3299865722656,290.4555969238281
2020-07-09,315.7200012207031,288.9819641113281
2020-07-10,318.8999938964844,291.8927001953125
2020-07-13,316.07000732421875,289.30242919921875
2020-07-14,320.1700134277344,293.0550842285156
2020-07-15,323.1600036621094,295.7919006347656
2020-07-16,322.0400085449219,294.7667236328125
2020-07-17,322.989990234375,295.6362609863281
2020-07-20,325.6600036621094,298.0802001953125
2020-07-21,326.25,298.6202697753906
2020-07-22,328.1700134277344,300.3776550292969
2020-07-23,324.20001220703125,296.7438049316406
2020-07-24,322.1300048828125,294.8491516113281
2020-07-27,324.5,297.0184020996094
2020-07-28,322.5,295.1878356933594
2020-07-29,326.3800048828125,298.73919677734375
2020-07-30,325.260009765625,297.7140808105469
2020-07-31,327.82000732421875,300.0572509765625
2020-08-03,330.1099853515625,302.1532897949219
2020-08-04,331.29998779296875,303.2425537109375
2020-08-05,333.45001220703125,305.2104797363281
2020-08-06,335.7099914550781,307.2791442871094
2020-08-07,335.95001220703125,307.49884033203125
2020-08-10,336.9599914550781,308.4231872558594
2020-08-11,334.1400146484375,305.8420715332031
2020-08-12,338.79998779296875,310.1073913574219
2020-08-13,338.2200012207031,309.5765686035156
2020-08-14,338.19000244140625,309.549072265625
2020-08-17,339.2799987792969,310.54669189453125
2020-08-18,340.0,311.20562744140625
2020-08-19,338.6199951171875,309.94256591796875
2020-08-20,339.6600036621094,310.89453125
2020-08-21,340.8500061035156,311.98382568359375
2020-08-24,344.3500061035156,315.1873474121094
2020-08-25,345.489990234375,316.2308044433594
2020-08-26,349.0,319.44354248046875
2020-08-27,349.760009765625,320.1392517089844
2020-08-28,352.0,322.1895446777344
2020-08-31,350.7699890136719,321.0635986328125
2020-09-01,354.05999755859375,324.07501220703125
2020-09-02,359.239990234375,328.8163146972656
2020-09-03,346.82000732421875,317.4482116699219
2020-09-04,343.9800109863281,314.8486633300781
2020-09-08,334.6300048828125,306.2906188964844
2020-09-09,341.17999267578125,312.2857666015625
2020-09-10,335.2200012207031,306.8305358886719
2020-09-11,335.3800048828125,306.97698974609375
2020-09-14,339.8399963378906,311.05926513671875
2020-09-15,341.57000732421875,312.6427307128906
2020-09-16,340.2099914550781,311.3980407714844
2020-09-17,337.2900085449219,308.7252197265625
2020-09-18,333.3399963378906,305.1098327636719
2020-09-21,329.6300048828125,301.7140197753906
2020-09-22,332.9700012207031,304.7710876464844
2020-09-23,323.75,297.6783447265625
2020-09-24,324.6000061035156,298.4598388671875
2020-09-25,329.8800048828125,303.314697265625
2020-09-28,335.3599853515625,308.3534240722656
2020-09-29,333.510009765625,306.65234375
2020-09-30,336.05999755859375,308.9969787597656
2020-10-01,338.239990234375,311.0013732910156
2020-10-02,335.04998779296875,308.06829833984375
2020-10-05,340.8999938964844,313.44720458984375
2020-10-06,336.05999755859375,308.9969787597656
2020-10-07,341.8999938964844,314.36663818359375
2020-10-08,344.9800109863281,317.1986389160156
2020-10-09,348.010009765625,319.9846496582031
2020-10-12,353.69000244140625,325.2072448730469
2020-10-13,351.3900146484375,323.09246826171875
2020-10-14,349.19000244140625,321.06964111328125
2020-10-15,348.760009765625,320.6742248535156
2020-10-16,348.45001220703125,320.3892517089844
2020-10-19,343.2200012207031,315.5804138183594
2020-10-20,344.57000732421875,316.8216857910156
2020-10-21,343.8999938964844,316.20562744140625
2020-10-22,345.8599853515625,318.00775146484375
2020-10-23,346.9599914550781,319.01922607421875
2020-10-26,340.5899963378906,313.1622619628906
2020-10-27,339.42999267578125,312.0955810546875
2020-10-28,327.8800048828125,301.4757080078125
2020-10-29,331.1499938964844,304.4823913574219
2020-10-30,327.6199951171875,301.2366638183594
2020-11-02,331.3599853515625,304.6755676269531
2020-11-03,337.2799987792969,310.1187438964844
2020-11-04,344.7300109863281,316.9688415527344
2020-11-05,351.4700012207031,323.1659240722656
2020-11-06,351.44000244140625,323.138427734375
2020-11-09,355.8299865722656,327.1749267578125
2020-11-10,355.3699951171875,326.7519836425781
2020-11-11,357.92999267578125,329.1057434082031
2020-11-12,354.5199890136719,325.9703369140625
2020-11-13,359.3399963378906,330.4021911621094
2020-11-16,363.79998779296875,334.5030822753906
2020-11-17,361.95001220703125,332.802001953125
2020-11-18,357.5899963378906,328.793212890625
2020-11-19,359.0400085449219,330.1263732910156
2020-11-20,356.6300048828125,327.9104919433594
2020-11-23,358.7699890136719,329.8780822753906
2020-11-24,364.510009765625,335.1559143066406
2020-11-25,363.989990234375,334.677734375
2020-11-27,364.9800109863281,335.5880432128906
2020-11-30,363.32000732421875,334.0617370605469
2020-12-01,367.32000732421875,337.7396240234375
2020-12-02,368.1000061035156,338.45684814453125
2020-12-03,368.0299987792969,338.3924865722656
2020-12-04,371.19000244140625,341.2979736328125
2020-12-07,370.5,340.66351318359375
2020-12-08,371.5299987792969,341.61053466796875
2020-12-09,368.2799987792969,338.6223449707031
2020-12-10,368.0799865722656,338.4384460449219
2020-12-11,367.6199951171875,338.0155029296875
2020-12-14,364.3500061035156,336.4823913574219
2020-12-15,369.30999755859375,341.0630798339844
2020-12-16,369.8999938964844,341.60791015625
2020-12-17,371.9599914550781,343.51043701171875
2020-12-18,370.489990234375,342.1528015136719
2020-12-21,369.2699890136719,341.02606201171875
2020-12-22,368.55999755859375,340.3703308105469
2020-12-23,368.8800048828125,340.6659851074219
2020-12-24,370.30999755859375,341.9864807128906
2020-12-28,373.5299987792969,344.9602966308594
2020-12-29,372.80999755859375,344.2953796386719
2020-12-30,373.29998779296875,344.7478942871094
2020-12-31,375.3900146484375,346.6780090332031
2021-01-04,370.2200012207031,341.90350341796875
2021-01-05,372.6700134277344,344.166015625
2021-01-06,374.9200134277344,346.24395751953125
2021-01-07,380.4700012207031,351.36944580078125
2021-01-08,382.6400146484375,353.37347412109375
2021-01-11,380.1400146484375,351.0647277832031
2021-01-12,380.20001220703125,351.1201477050781
2021-01-13,381.1600036621094,352.0066833496094
2021-01-14,379.8399963378906,350.7876892089844
2021-01-15,377.1000061035156,348.25726318359375
2021-01-19,380.04998779296875,350.98162841796875
2021-01-20,385.2799987792969,355.8115539550781
2021-01-21,385.6199951171875,356.1255798339844
2021-01-22,384.30999755859375,354.915771484375
2021-01-25,385.8399963378906,356.3287353515625
2021-01-26,385.2699890136719,355.8023376464844
2021-01-27,375.8699951171875,347.1212158203125
2021-01-28,379.04998779296875,350.05810546875
2021-01-29,371.5199890136719,343.1039733886719
2021-02-01,377.6000061035156,348.7190856933594
2021-02-02,382.9599914550781,353.66900634765625
2021-02-03,383.260009765625,353.9461669921875
2021-02-04,387.6000061035156,357.9541320800781
2021-02-05,389.1199951171875,359.3579406738281
2021-02-08,392.04998779296875,362.063720703125
2021-02-09,391.7200012207031,361.7590637207031
2021-02-10,391.55999755859375,361.61126708984375
2021-02-11,392.2200012207031,362.22076416015625
2021-02-12,394.17999267578125,364.0307922363281
2021-02-16,393.8699951171875,363.7445983886719
2021-02-17,393.9200134277344,363.79071044921875
2021-02-18,392.25,362.24847412109375
2021-02-19,391.510009765625,361.56512451171875
2021-02-22,388.5299987792969,358.81298828125
2021-02-23,388.94000244140625,359.1916198730469
2021-02-24,393.2099914550781,363.1349792480469
2021-02-25,383.7799987792969,354.42626953125
2021-02-26,381.7699890136719,352.570068359375
2021-03-01,391.0299987792969,361.1217346191406
2021-03-02,388.0199890136719,358.3419494628906
2021-03-03,382.8399963378906,353.55816650390625
2021-03-04,378.1000061035156,349.18072509765625
2021-03-05,385.07000732421875,355.6176452636719
2021-03-08,383.19000244140625,353.8814392089844
2021-03-09,388.5899963378906,358.8684387207031
2021-03-10,390.9700012207031,361.06634521484375
2021-03-11,394.989990234375,364.7789306640625
2021-03-12,395.6099853515625,365.3514709472656
2021-03-15,398.010009765625,367.56793212890625
2021-03-16,397.45001220703125,367.0507507324219
2021-03-17,398.75,368.2513122558594
2021-03-18,392.92999267578125,362.87646484375
2021-03-19,392.20001220703125,362.2022705078125
2021-03-22,395.29998779296875,365.0652160644531
2021-03-23,392.2200012207031,362.22076416015625
2021-03-24,390.2099914550781,360.364501953125
2021-03-25,391.1199951171875,362.4224853515625
2021-03-26,397.45001220703125,368.2881164550781
2021-03-29,397.25,368.102783203125
2021-03-30,396.2699890136719,367.1947326660156
2021-03-31,397.82000732421875,368.63092041015625
2021-04-01,402.0799865722656,372.57830810546875
2021-04-05,407.8500061035156,377.9250183105469
2021-04-06,407.6000061035156,377.6933898925781
2021-04-07,408.1099853515625,378.16595458984375
2021-04-08,410.010009765625,379.9265441894531
2021-04-09,412.9800109863281,382.6786193847656
2021-04-12,413.1499938964844,382.836181640625
2021-04-13,414.3599853515625,383.95733642578125
2021-04-14,412.9800109863281,382.6786193847656
2021-04-15,417.4200134277344,386.79290771484375
2021-04-16,418.8900146484375,388.1550598144531
2021-04-19,416.8399963378906,386.25543212890625
2021-04-20,413.80999755859375,383.44769287109375
2021-04-21,417.67999267578125,387.0337829589844
2021-04-22,413.9700012207031,383.59600830078125
2021-04-23,418.30999755859375,387.6175842285156
2021-04-26,419.25,388.4884948730469
2021-04-27,419.1199951171875,388.3680419921875
2021-04-28,418.9599914550781,388.2198486328125
2021-04-29,421.6099853515625,390.67535400390625
2021-04-30,418.8800048828125,388.14569091796875
2021-05-03,419.7799987792969,388.9796447753906
2021-05-04,417.2300109863281,386.61676025390625
2021-05-05,417.2900085449219,386.67236328125
2021-05-06,420.67999267578125,389.81365966796875
2021-05-07,423.7300109863281,392.6398620605469
2021-05-10,419.6099853515625,388.8221435546875
2021-05-11,415.8699951171875,385.35650634765625
2021-05-12,406.9800109863281,377.11883544921875
2021-05-13,411.80999755859375,381.59442138671875
2021-05-14,418.1700134277344,387.48785400390625
2021-05-17,417.1700134277344,386.56121826171875
2021-05-18,413.5799865722656,383.2345886230469
2021-05-19,412.4599914550781,382.1967468261719
2021-05-20,416.82000732421875,386.23681640625
2021-05-21,416.5799865722656,386.01446533203125
2021-05-24,420.7699890136719,389.89697265625
2021-05-25,419.8599853515625,389.0538330078125
2021-05-26,420.6300048828125,389.76727294921875
2021-05-27,420.8500061035156,389.97113037109375
2021-05-28,421.6499938964844,390.7124328613281
2021-06-01,421.32000732421875,390.4067077636719
2021-06-02,422.0199890136719,391.0553283691406
2021-06-03,420.4100036621094,389.56341552734375
2021-06-04,424.239990234375,393.1124572753906
2021-06-07,423.8800048828125,392.7788391113281
2021-06-08,423.8999938964844,392.79742431640625
2021-06-09,423.2200012207031,392.1672668457031
2021-06-10,424.0400085449219,394.06768798828125
2021-06-11,424.739990234375,394.71826171875
2021-06-14,425.760009765625,395.66619873046875
2021-06-15,424.92999267578125,394.8948059082031
2021-06-16,422.5799865722656,392.7109375
2021-06-17,422.45001220703125,392.5901794433594
2021-06-18,416.7699890136719,387.3115539550781
2021-06-21,422.6499938964844,392.7760314941406
2021-06-22,424.6600036621094,394.64385986328125
2021-06-23,424.4100036621094,394.4115905761719
2021-06-24,426.8699951171875,396.6977233886719
2021-06-25,428.44000244140625,398.15667724609375
2021-06-28,429.3500061035156,399.0024719238281
2021-06-29,429.5400085449219,399.1790466308594
2021-06-30,429.9200134277344,399.53216552734375
2021-07-01,432.3500061035156,401.79034423828125
2021-07-02,435.6400146484375,404.8478088378906
2021-07-06,434.5299987792969,403.8163146972656
2021-07-07,436.30999755859375,405.470458984375
2021-07-08,432.80999755859375,402.21783447265625
2021-07-09,437.4100036621094,406.4927062988281
2021-07-12,439.0299987792969,407.9981384277344
2021-07-13,437.489990234375,406.5670471191406
2021-07-14,438.07000732421875,407.1060791015625
2021-07-15,436.57000732421875,405.7120666503906
2021-07-16,433.2699890136719,402.64532470703125
2021-07-19,426.79998779296875,396.6325988769531
2021-07-20,432.989990234375,402.3851013183594
2021-07-21,436.5,405.64703369140625
2021-07-22,437.45001220703125,406.5298767089844
2021-07-23,441.760009765625,410.53521728515625
2021-07-26,442.94000244140625,411.6318664550781
2021-07-27,440.9200134277344,409.7545471191406
2021-07-28,440.67999267578125,409.5315856933594
2021-07-29,442.6400146484375,411.35308837890625
2021-07-30,440.3999938964844,409.2713317871094
2021-08-02,439.510009765625,408.4443664550781
2021-08-03,443.0199890136719,411.7062072753906
2021-08-04,440.9100036621094,409.74530029296875
2021-08-05,443.6499938964844,412.2915954589844
2021-08-06,444.4200134277344,413.0072326660156
2021-08-09,444.1099853515625,412.7192077636719
2021-08-10,444.6300048828125,413.202392578125
2021-08-11,445.67999267578125,414.17816162109375
2021-08-12,446.7200012207031,415.14471435546875
2021-08-13,447.8500061035156,416.19476318359375
2021-08-16,449.0,417.26348876953125
2021-08-17,445.95001220703125,414.42901611328125
2021-08-18,441.1400146484375,409.95904541015625
2021-08-19,441.7900085449219,410.5630798339844
2021-08-20,445.30999755859375,413.8343811035156
2021-08-23,449.19000244140625,417.4400634765625
2021-08-24,449.9700012207031,418.16497802734375
2021-08-25,450.9100036621094,419.0384826660156
2021-08-26,448.25,416.56646728515625
2021-08-27,452.19000244140625,420.2280578613281
2021-08-30,454.20001220703125,422.0959777832031
2021-08-31,453.7099914550781,421.6405944824219
2021-09-01,453.9100036621094,421.8264465332031
2021-09-02,455.2699890136719,423.09033203125
2021-09-03,455.07000732421875,422.90447998046875
2021-09-07,453.6000061035156,421.53839111328125
2021-09-08,453.0,420.9808044433594
2021-09-09,450.9800109863281,419.10357666015625
2021-09-10,447.5400085449219,415.90673828125
2021-09-13,448.5799865722656,416.8730773925781
2021-09-14,446.19000244140625,414.6520690917969
2021-09-15,449.8999938964844,418.0999450683594
2021-09-16,449.05999755859375,417.31927490234375
2021-09-17,444.7300109863281,413.2952575683594
2021-09-20,437.2300109863281,406.3254699707031
2021-09-21,436.9800109863281,406.09320068359375
2021-09-22,441.2900085449219,410.098388671875
2021-09-23,446.5799865722656,415.0144958496094
2021-09-24,445.739990234375,415.810302734375
2021-09-27,444.3399963378906,414.5042724609375
2021-09-28,435.4700012207031,406.2298583984375
2021-09-29,436.2200012207031,406.9294738769531
2021-09-30,430.82000732421875,401.8920593261719
2021-10-01,435.95001220703125,406.6775817871094
2021-10-04,430.2900085449219,401.3976745605469
2021-10-05,434.79998779296875,405.60479736328125
2021-10-06,436.6499938964844,407.3305969238281
2021-10-07,440.2699890136719,410.70758056640625
2021-10-08,439.6199951171875,410.1011962890625
2021-10-11,436.3399963378906,407.0413818359375
2021-10-12,435.239990234375,406.01519775390625
2021-10-13,436.7900085449219,407.461181640625
2021-10-14,444.2699890136719,414.4389343261719
2021-10-15,447.67999267578125,417.6199951171875
2021-10-18,448.9800109863281,418.832763671875
2021-10-19,452.510009765625,422.1257629394531
2021-10-20,454.25,423.74884033203125
2021-10-21,455.42999267578125,424.84967041015625
2021-10-22,454.8800048828125,424.3365478515625
2021-10-25,457.260009765625,426.55670166015625
2021-10-26,457.7799987792969,427.0417785644531
2021-10-27,455.739990234375,425.13885498046875
2021-10-28,460.1199951171875,429.22467041015625
2021-10-29,460.989990234375,430.0362854003906
2021-11-01,461.94000244140625,430.9225158691406
2021-11-02,463.760009765625,432.620361328125
2021-11-03,466.6099853515625,435.2789001464844
2021-11-04,468.75,437.2752380371094
2021-11-05,470.3999938964844,438.814453125
2021-11-08,470.8900146484375,439.2716064453125
2021-11-09,469.25,437.74163818359375
2021-11-10,465.5400085449219,434.2808532714844
2021-11-11,465.7300109863281,434.4580993652344
2021-11-12,469.1600036621094,437.65771484375
2021-11-15,469.2799987792969,437.7696228027344
2021-11-16,471.1499938964844,439.5140380859375
2021-11-17,470.0400085449219,438.4786682128906
2021-11-18,471.5899963378906,439.9245300292969
2021-11-19,470.82000732421875,439.206298828125
2021-11-22,469.4100036621094,437.89093017578125
2021-11-23,470.05999755859375,438.4972229003906
2021-11-24,471.2799987792969,439.6353454589844
2021-11-26,460.6199951171875,429.6911315917969
2021-11-29,466.5,435.1763000488281
2021-11-30,457.6300048828125,426.90191650390625
2021-12-01,452.2900085449219,421.9205017089844
2021-12-02,459.260009765625,428.4224853515625
2021-12-03,455.1400146484375,424.5791015625
2021-12-06,460.6199951171875,429.6911315917969
2021-12-07,470.19000244140625,438.61859130859375
2021-12-08,471.42999267578125,439.7752380371094
2021-12-09,468.25,436.808837890625
2021-12-10,472.739990234375,440.997314453125
2021-12-13,467.07000732421875,437.0931396484375
2021-12-14,463.7699890136719,434.0048522949219
2021-12-15,471.05999755859375,440.8269958496094
2021-12-16,466.739990234375,436.7842102050781
2021-12-17,462.1099853515625,432.4513854980469
2021-12-20,456.9200134277344,427.5945129394531
2021-12-21,465.05999755859375,435.2120666503906
2021-12-22,469.75,439.60107421875
2021-12-23,472.6300048828125,442.2961730957031
2021-12-27,479.3999938964844,448.6317138671875
2021-12-28,479.0299987792969,448.2854919433594
2021-12-29,479.5299987792969,448.75341796875
2021-12-30,478.17999267578125,447.49005126953125
2021-12-31,476.989990234375,446.3763732910156
2022-01-03,479.8399963378906,449.0434875488281
2022-01-04,479.67999267578125,448.8937683105469
2022-01-05,470.3299865722656,440.1438903808594
2022-01-06,469.9800109863281,439.8163146972656
2022-01-07,468.1000061035156,438.0569763183594
2022-01-10,467.2200012207031,437.2334289550781
2022-01-11,471.8299865722656,441.547607421875
2022-01-12,473.0799865722656,442.7173156738281
2022-01-13,466.5899963378906,436.6439208984375
2022-01-14,466.75,436.7936096191406
2022-01-18,458.5,429.0731201171875
2022-01-19,453.760009765625,424.6373291015625
2022-01-20,448.7200012207031,419.9208679199219
2022-01-21,439.9800109863281,411.74169921875
2022-01-24,441.5199890136719,413.1828308105469
2022-01-25,436.44000244140625,408.428955078125
2022-01-26,435.42999267578125,407.4837341308594
2022-01-27,433.1600036621094,405.3594055175781
2022-01-28,443.75,415.2698059082031
2022-01-31,451.7699890136719,422.7750244140625
2022-02-01,454.8900146484375,425.69476318359375
2022-02-02,459.260009765625,429.78436279296875
2022-02-03,448.6000061035156,419.8084716796875
2022-02-04,450.8500061035156,421.9140625
2022-02-07,449.25,420.41680908203125
2022-02-08,452.82000732421875,423.7576904296875
2022-02-09,459.5,430.0089111328125
2022-02-10,451.3800048828125,422.4100646972656
2022-02-11,442.3500061035156,413.9596862792969
2022-02-14,440.9100036621094,412.6120910644531
2022-02-15,448.0,419.24700927734375
2022-02-16,448.510009765625,419.7242736816406
2022-02-17,439.1000061035156,410.9182434082031
2022-02-18,436.07000732421875,408.0826721191406
2022-02-22,431.3399963378906,403.65618896484375
2022-02-23,423.4800109863281,396.3007507324219
2022-02-24,430.1400146484375,402.5332946777344
2022-02-25,439.6099853515625,411.39544677734375
2022-02-28,438.7200012207031,410.5626525878906
2022-03-01,431.9200134277344,404.1990661621094
2022-03-02,439.79998779296875,411.57330322265625
2022-03-03,437.69000244140625,409.5987548828125
2022-03-04,433.95001220703125,406.0987548828125
2022-03-07,421.20001220703125,394.1670227050781
2022-03-08,418.05999755859375,391.2285461425781
2022-03-09,429.30999755859375,401.756591796875
2022-03-10,427.3399963378906,399.9130554199219
2022-03-11,422.010009765625,394.9250183105469
2022-03-14,418.82000732421875,391.9398193359375
2022-03-15,428.0400085449219,400.568115234375
2022-03-16,437.5199890136719,409.4396057128906
2022-03-17,442.9599914550781,414.5305480957031
2022-03-18,447.70001220703125,418.9662780761719
2022-03-21,447.6099853515625,418.8820495605469
2022-03-22,453.07000732421875,423.9916076660156
2022-03-23,447.3900146484375,418.6761779785156
2022-03-24,452.3599853515625,424.7331848144531
2022-03-25,454.6400146484375,426.87396240234375
2022-03-28,457.8299865722656,429.8691101074219
2022-03-29,463.6700134277344,435.3525390625
2022-03-30,460.7900085449219,432.6483459472656
2022-03-31,453.69000244140625,425.98199462890625
2022-04-01,454.7900085449219,427.0147399902344
2022-04-04,458.79998779296875,430.77996826171875
2022-04-05,452.8900146484375,425.2308349609375
2022-04-06,448.489990234375,421.09954833984375
2022-04-07,450.7099914550781,423.1839904785156
2022-04-08,449.510009765625,422.0572509765625
2022-04-11,441.739990234375,414.76171875
2022-04-12,440.04998779296875,413.17498779296875
2022-04-13,445.20001220703125,418.0104675292969
2022-04-14,439.70001220703125,412.8463134765625
2022-04-18,439.8599853515625,412.9965515136719
2022-04-19,446.9599914550781,419.6629638671875
2022-04-20,446.55999755859375,419.2873840332031
2022-04-21,440.0899963378906,413.2125244140625
2022-04-22,427.7799987792969,401.6543884277344
2022-04-25,430.4200134277344,404.13311767578125
2022-04-26,417.8900146484375,392.3683776855469
2022-04-27,419.1499938964844,393.5513916015625
2022-04-28,429.67999267578125,403.4383239746094
2022-04-29,413.55999755859375,388.3027648925781
2022-05-02,416.2200012207031,390.8003845214844
2022-05-03,418.1499938964844,392.612548828125
2022-05-04,430.739990234375,404.43353271484375
2022-05-05,415.45001220703125,390.077392578125
2022-05-06,413.2099914550781,387.97412109375
2022-05-09,399.9200134277344,375.495849609375
2022-05-10,400.7099914550781,376.2376403808594
2022-05-11,394.3900146484375,370.3035583496094
2022-05-12,393.80999755859375,369.7589416503906
2022-05-13,403.4100036621094,378.7726745605469
2022-05-16,401.7099914550781,377.1765441894531
2022-05-17,410.0299987792969,384.98846435546875
2022-05-18,393.55999755859375,369.52423095703125
2022-05-19,391.1000061035156,367.2145080566406
2022-05-20,391.29998779296875,367.4022216796875
2022-05-23,398.6099853515625,374.2658386230469
2022-05-24,395.75,371.5804748535156
2022-05-25,399.25,374.86676025390625
2022-05-26,407.05999755859375,382.1997985839844
2022-05-27,417.25,391.7674255371094
2022-05-31,414.8699951171875,389.5328369140625
2022-06-01,411.510009765625,386.3780517578125
2022-06-02,419.260009765625,393.6546936035156
2022-06-03,412.3800048828125,387.19482421875
2022-06-06,413.6199951171875,388.359130859375
2022-06-07,417.4599914550781,391.9645690917969
2022-06-08,412.94000244140625,387.7206726074219
2022-06-09,401.989990234375,378.6158142089844
2022-06-10,390.1300048828125,367.44537353515625
2022-06-13,375.1300048828125,353.31756591796875
2022-06-14,374.1300048828125,352.3757629394531
2022-06-15,379.4599914550781,357.3957824707031
2022-06-16,366.989990234375,345.6509094238281
2022-06-17,367.6600036621094,346.2819519042969
2022-06-21,377.010009765625,355.0882568359375
2022-06-22,376.3599853515625,354.4760437011719
2022-06-23,380.1300048828125,358.02691650390625
2022-06-24,392.0,369.2065734863281
2022-06-27,390.5799865722656,367.8691711425781
2022-06-28,382.6099853515625,360.3626708984375
2022-06-29,382.3399963378906,360.1083679199219
2022-06-30,379.1499938964844,357.1039123535156
2022-07-01,383.0899963378906,360.81475830078125
2022-07-05,383.9100036621094,361.58709716796875
2022-07-06,385.2799987792969,362.87744140625
2022-07-07,390.989990234375,368.2554016113281
2022-07-08,390.67999267578125,367.9634094238281
2022-07-11,386.2300109863281,363.77215576171875
2022-07-12,382.760009765625,360.50396728515625
2022-07-13,380.79998779296875,358.6579284667969
2022-07-14,379.8800048828125,357.7914123535156
2022-07-15,387.1300048828125,364.61981201171875
2022-07-18,384.0,361.6718444824219
2022-07-19,394.32000732421875,371.39178466796875
2022-07-20,396.760009765625,373.6898498535156
2022-07-21,400.80999755859375,377.5043640136719
2022-07-22,397.239990234375,374.14190673828125
2022-07-25,397.6499938964844,374.528076171875
2022-07-26,392.92999267578125,370.08258056640625
2022-07-27,403.0899963378906,379.65185546875
2022-07-28,408.2099914550781,384.4741516113281
2022-07-29,414.2799987792969,390.191162109375
2022-08-01,412.95001220703125,388.9384765625
2022-08-02,410.32000732421875,386.46148681640625
2022-08-03,416.7200012207031,392.4892883300781
2022-08-04,416.32000732421875,392.1125183105469
2022-08-05,415.5899963378906,391.425048828125
2022-08-08,415.2300109863281,391.0859680175781
2022-08-09,413.489990234375,389.44708251953125
2022-08-10,422.1499938964844,397.603515625
2022-08-11,422.29998779296875,397.74481201171875
2022-08-12,429.25,404.2906799316406
2022-08-15,431.1400146484375,406.07080078125
2022-08-16,432.0400085449219,406.91845703125
2022-08-17,428.7900085449219,403.85748291015625
2022-08-18,430.04998779296875,405.04412841796875
2022-08-19,424.3599853515625,399.68505859375
2022-08-22,415.4599914550781,391.3025207519531
2022-08-23,414.5400085449219,390.43603515625
2022-08-24,415.8299865722656,391.65106201171875
2022-08-25,421.69000244140625,397.17034912109375
2022-08-26,407.2799987792969,383.59820556640625
2022-08-29,404.8299865722656,381.2906494140625
2022-08-30,400.19000244140625,376.92047119140625
2022-08-31,397.17999267578125,374.0854797363281
2022-09-01,398.5400085449219,375.366455078125
2022-09-02,394.2799987792969,371.35406494140625
2022-09-06,392.7099914550781,369.8753356933594
2022-09-07,399.82000732421875,376.57196044921875
2022-09-08,402.3399963378906,378.9454040527344
2022-09-09,408.760009765625,384.9921569824219
2022-09-12,413.1700134277344,389.14569091796875
2022-09-13,395.1400146484375,372.1641540527344
2022-09-14,396.6499938964844,373.5862731933594
2022-09-15,392.07000732421875,369.2725524902344
2022-09-16,389.1000061035156,366.47528076171875
2022-09-19,392.1300048828125,369.3291015625
2022-09-20,387.5199890136719,364.9871520996094
2022-09-21,380.9100036621094,358.7615661621094
2022-09-22,377.69000244140625,355.7287292480469
2022-09-23,371.4200134277344,349.8233337402344
2022-09-26,365.8699951171875,346.37353515625
2022-09-27,364.92999267578125,345.4835510253906
2022-09-28,372.0199890136719,352.1957702636719
2022-09-29,364.3699951171875,344.95343017578125
2022-09-30,358.6499938964844,339.5382385253906
2022-10-03,368.1400146484375,348.5224914550781
2022-10-04,379.4100036621094,359.1920166015625
2022-10-05,378.5199890136719,358.3493957519531
2022-10-06,374.7799987792969,354.8086853027344
2022-10-07,364.3299865722656,344.91552734375
2022-10-10,361.6199951171875,342.3499755859375
2022-10-11,359.1400146484375,340.0021667480469
2022-10-12,357.9800109863281,338.9039611816406
2022-10-13,367.510009765625,347.9261474609375
2022-10-14,359.0899963378906,339.9547424316406
2022-10-17,368.3299865722656,348.7023620605469
2022-10-18,372.54998779296875,352.6975402832031
2022-10-19,370.1000061035156,350.37811279296875
2022-10-20,366.95001220703125,347.3960266113281
2022-10-21,375.80999755859375,355.7838439941406
2022-10-24,380.42999267578125,360.1575927734375
2022-10-25,386.5400085449219,365.9420166015625
2022-10-26,383.6199951171875,363.17767333984375
2022-10-27,381.5799865722656,361.246337890625
2022-10-28,390.5299987792969,369.71942138671875
2022-10-31,387.7900085449219,367.1253967285156
2022-11-01,386.25,365.6674499511719
2022-11-02,376.3500061035156,356.2950134277344
2022-11-03,372.57000732421875,352.7164611816406
2022-11-04,377.8399963378906,357.70562744140625
2022-11-07,381.5299987792969,361.198974609375
2022-11-08,383.6000061035156,363.1587219238281
2022-11-09,375.7699890136719,355.7459716796875
2022-11-10,396.3500061035156,375.2292785644531
2022-11-11,400.1700134277344,378.8456726074219
2022-11-14,396.80999755859375,375.66473388671875
2022-11-15,400.17999267578125,378.85516357421875
2022-11-16,397.239990234375,376.07177734375
2022-11-17,395.8999938964844,374.80322265625
2022-11-18,397.7799987792969,376.58306884765625
2022-11-21,396.260009765625,375.14404296875
2022-11-22,401.7200012207031,380.3130798339844
2022-11-23,404.1199951171875,382.5852355957031
2022-11-25,404.0899963378906,382.5567932128906
2022-11-28,397.69000244140625,376.49786376953125
2022-11-29,397.010009765625,375.8541259765625
2022-11-30,409.32000732421875,387.5080871582031
2022-12-01,409.1499938964844,387.34716796875
2022-12-02,408.7099914550781,386.9306640625
2022-12-05,401.3500061035156,379.96282958984375
2022-12-06,395.6099853515625,374.5287170410156
2022-12-07,394.8500061035156,373.80926513671875
2022-12-08,397.95001220703125,376.7439880371094
2022-12-09,395.010009765625,373.9607238769531
2022-12-12,400.54998779296875,379.20550537109375
2022-12-13,402.010009765625,382.23284912109375
2022-12-14,399.6000061035156,379.9413757324219
2022-12-15,389.70001220703125,370.5284729003906
2022-12-16,384.94000244140625,366.0025939941406
2022-12-19,381.739990234375,362.9600830078125
2022-12-20,382.17999267578125,363.37835693359375
2022-12-21,387.8800048828125,368.7979736328125
2022-12-22,382.6000061035156,363.7777404785156
2022-12-23,384.5899963378906,365.6697998046875
2022-12-27,383.1099853515625,364.2626037597656
2022-12-28,378.4599914550781,359.8414001464844
2022-12-29,385.010009765625,366.0691833496094
2022-12-30,384.2099914550781,365.3085021972656
2023-01-03,382.5299987792969,363.7111511230469
2023-01-04,385.510009765625,366.5445556640625
2023-01-05,381.1300048828125,362.3800964355469
2023-01-06,389.8299865722656,370.65203857421875
2023-01-09,389.55999755859375,370.3953552246094
2023-01-10,392.3599853515625,373.0575256347656
2023-01-11,397.25,377.70703125
2023-01-12,398.79998779296875,379.18072509765625
2023-01-13,400.3699951171875,380.67352294921875
2023-01-17,399.6300048828125,379.9699401855469
2023-01-18,393.3299865722656,373.9798583984375
2023-01-19,390.5299987792969,371.3175964355469
2023-01-20,397.70001220703125,378.13482666015625
2023-01-23,402.4200134277344,382.6226501464844
2023-01-24,402.1499938964844,382.36590576171875
2023-01-25,402.2200012207031,382.4324951171875
2023-01-26,406.6400146484375,386.6350402832031
2023-01-27,407.6499938964844,387.59539794921875
2023-01-30,402.4700012207031,382.670166015625
2023-01-31,408.30999755859375,388.2229309082031
2023-02-01,412.6700134277344,392.3684387207031
2023-02-02,418.6600036621094,398.0637512207031
2023-02-03,414.3500061035156,393.9657897949219
2023-02-06,411.79998779296875,391.54119873046875
2023-02-07,417.1199951171875,396.59942626953125
2023-02-08,412.57000732421875,392.2733154296875
2023-02-09,409.07000732421875,388.9455261230469
2023-02-10,409.9599914550781,389.791748046875
2023-02-13,414.7799987792969,394.37457275390625
2023-02-14,414.55999755859375,394.1653747558594
2023-02-15,415.8800048828125,395.42047119140625
2023-02-16,410.2799987792969,390.0959777832031
2023-02-17,409.1400146484375,389.0120544433594
2023-02-21,401.0299987792969,381.30108642578125
2023-02-22,400.3500061035156,380.654541015625
2023-02-23,402.4599914550781,382.6607360839844
2023-02-24,398.1099853515625,378.5246276855469
2023-02-27,399.5,379.8463134765625
2023-02-28,397.9700012207031,378.3915710449219
2023-03-01,396.54998779296875,377.04144287109375
2023-03-02,399.6700134277344,380.0079040527344
2023-03-03,406.0799865722656,386.1026306152344
2023-03-06,406.5400085449219,386.5400085449219
2023-03-07,400.1300048828125,380.4453430175781
2023-03-08,400.8299865722656,381.11083984375
2023-03-09,393.4100036621094,374.055908203125
2023-03-10,387.8800048828125,368.7979736328125
2023-03-13,387.07000732421875,368.02783203125
2023-03-14,393.5799865722656,374.2174987792969
2023-03-15,391.1600036621094,371.91656494140625
2023-03-16,397.8900146484375,378.3155822753906
2023-03-17,393.1700134277344,373.8277282714844
2023-03-20,397.07000732421875,377.5359191894531
2023-03-21,402.2300109863281,382.4420166015625
2023-03-22,395.489990234375,376.0335693359375
2023-03-23,394.8399963378906,376.9864501953125
2023-03-24,397.45001220703125,379.4784240722656
2023-03-27,398.1400146484375,380.13726806640625
2023-03-28,397.3999938964844,379.4306335449219
2023-03-29,403.1499938964844,384.92071533203125
2023-03-30,405.3900146484375,387.0594177246094
2023-03-31,411.0799865722656,392.49212646484375
2023-04-03,412.5400085449219,393.8861389160156
2023-04-04,410.42999267578125,391.8714599609375
2023-04-05,409.4599914550781,390.94537353515625
2023-04-06,411.010009765625,392.42529296875
2023-04-10,411.4800109863281,392.8740539550781
2023-04-11,411.4700012207031,392.864501953125
2023-04-12,409.92999267578125,391.3941650390625
2023-04-13,415.2699890136719,396.4926452636719
2023-04-14,414.25,395.5187683105469
2023-04-17,415.7799987792969,396.9795837402344
2023-04-18,416.0199890136719,397.208740234375
2023-04-19,415.989990234375,397.18011474609375
2023-04-20,413.6600036621094,394.9554443359375
2023-04-21,413.8900146484375,395.1750793457031
2023-04-24,414.4100036621094,395.6716003417969
2023-04-25,407.8299865722656,389.38909912109375
2023-04-26,406.1700134277344,387.80413818359375
2023-04-27,414.2300109863281,395.4997253417969
2023-04-28,417.6600036621094,398.7745666503906
2023-05-01,417.3599853515625,398.4881591796875
2023-05-02,412.69000244140625,394.02935791015625
2023-05-03,409.7200012207031,391.19366455078125
2023-05-04,406.8599853515625,388.4629211425781
2023-05-05,414.29998779296875,395.5665283203125
2023-05-08,414.5199890136719,395.776611328125
2023-05-09,412.8299865722656,394.1629943847656
2023-05-10,414.57000732421875,395.8243103027344
2023-05-11,413.95001220703125,395.232421875
2023-05-12,413.4100036621094,394.7168273925781
2023-05-15,414.7799987792969,396.0247802734375
2023-05-16,412.010009765625,393.3800964355469
2023-05-17,417.010009765625,398.1540222167969
2023-05-18,421.04998779296875,402.01129150390625
2023-05-19,420.44000244140625,401.42889404296875
2023-05-22,420.55999755859375,401.5434265136719
2023-05-23,415.9599914550781,397.1514892578125
2023-05-24,412.8399963378906,394.1725158691406
2023-05-25,416.4800109863281,397.6479797363281
2023-05-26,421.95001220703125,402.8705749511719
2023-05-30,422.0299987792969,402.947021484375
2023-05-31,419.42999267578125,400.46453857421875
2023-06-01,423.75,404.5892333984375
2023-06-02,429.7900085449219,410.35614013671875
2023-06-05,429.04998779296875,409.6495666503906
2023-06-06,429.9599914550781,410.5184326171875
2023-06-07,427.2099914550781,409.1669921875
2023-06-08,429.67999267578125,411.53265380859375
2023-06-09,430.5400085449219,412.35638427734375
2023-06-12,434.45001220703125,416.1011962890625
2023-06-13,437.2900085449219,418.8212890625
2023-06-14,437.79998779296875,419.3097839355469
2023-06-15,443.2099914550781,424.49127197265625
2023-06-16,441.6300048828125,422.97802734375
2023-06-20,439.5400085449219,420.9762878417969
2023-06-21,437.2200012207031,418.7542419433594
2023-06-22,438.79998779296875,420.26751708984375
2023-06-23,435.4599914550781,417.06854248046875
2023-06-26,433.6199951171875,415.30633544921875
2023-06-27,438.4200134277344,419.9035339355469
2023-06-28,438.55999755859375,420.0376281738281
2023-06-29,440.30999755859375,421.71380615234375
2023-06-30,445.7099914550781,426.88568115234375
2023-07-03,446.3500061035156,427.4986267089844
2023-07-05,445.5799865722656,426.7611389160156
2023-07-06,441.92999267578125,423.26531982421875
2023-07-07,440.79998779296875,422.1829833984375
2023-07-10,441.9700012207031,423.3036193847656
2023-07-11,444.94000244140625,426.1482238769531
2023-07-12,448.2799987792969,429.34716796875
2023-07-13,452.1000061035156,433.0057678222656
2023-07-14,451.6499938964844,432.5747985839844
2023-07-17,453.3299865722656,434.18377685546875
2023-07-18,456.6199951171875,437.33489990234375
2023-07-19,457.4599914550781,438.139404296875
2023-07-20,454.6099853515625,435.40972900390625
2023-07-21,454.6000061035156,435.4002380371094
2023-07-24,456.6099853515625,437.3252868652344
2023-07-25,457.8399963378906,438.5033264160156
2023-07-26,457.8800048828125,438.54168701171875
2023-07-27,454.9200134277344,435.7066955566406
2023-07-28,459.2200012207031,439.8251037597656
2023-07-31,460.17999267578125,440.7445068359375
2023-08-01,458.8999938964844,439.5185852050781
2023-08-02,452.489990234375,433.3793029785156
2023-08-03,451.19000244140625,432.1342468261719
2023-08-04,449.0899963378906,430.1229248046875
2023-08-07,453.05999755859375,433.92529296875
2023-08-08,451.1600036621094,432.10552978515625
2023-08-09,448.1099853515625,429.18426513671875
2023-08-10,448.30999755859375,429.3758239746094
2023-08-11,448.0400085449219,429.11724853515625
2023-08-14,450.44000244140625,431.4158935546875
2023-08-15,445.3399963378906,426.53131103515625
2023-08-16,442.010009765625,423.34197998046875
2023-08-17,438.6099853515625,420.0855407714844
2023-08-18,438.69000244140625,420.1621398925781
2023-08-21,441.6499938964844,422.99713134765625
2023-08-22,440.3900146484375,421.7904052734375
2023-08-23,445.25,426.4450988769531
2023-08-24,439.2699890136719,420.7176818847656
2023-08-25,442.4100036621094,423.7250671386719
2023-08-28,445.0799865722656,426.2822265625
2023-08-29,451.510009765625,432.4407653808594
2023-08-30,453.489990234375,434.33709716796875
2023-08-31,452.69000244140625,433.57086181640625
2023-09-01,453.6499938964844,434.4903259277344
2023-09-05,451.70001220703125,432.62274169921875
2023-09-06,448.55999755859375,429.6153259277344
2023-09-07,447.32000732421875,428.4277038574219
2023-09-08,447.8699951171875,428.9544677734375
2023-09-11,450.8999938964844,431.8564453125
2023-09-12,448.4599914550781,429.5195007324219
2023-09-13,448.8800048828125,429.9218444824219
2023-09-14,452.8900146484375,433.76251220703125
2023-09-15,447.04998779296875,428.1690673828125
2023-09-18,447.82000732421875,428.90655517578125
2023-09-19,446.82000732421875,427.9487609863281
2023-09-20,442.5899963378906,423.89739990234375
2023-09-21,435.3399963378906,416.95367431640625
2023-09-22,434.29998779296875,415.9575500488281
2023-09-25,436.1000061035156,417.6815490722656
2023-09-26,427.760009765625,411.5690612792969
2023-09-27,427.8699951171875,411.6748352050781
2023-09-28,430.3699951171875,414.0802001953125
2023-09-29,429.42999267578125,413.1758117675781
2023-10-02,429.2799987792969,413.0314636230469
2023-10-03,423.55999755859375,407.52801513671875
2023-10-04,426.55999755859375,410.41448974609375
2023-10-05,426.3599853515625,410.22198486328125
2023-10-06,431.3699951171875,415.0423889160156
2023-10-09,434.2099914550781,417.77490234375
2023-10-10,436.4800109863281,419.9589538574219
2023-10-11,438.3299865722656,421.7389221191406
2023-10-12,435.70001220703125,419.2085266113281
2023-10-13,433.4100036621094,417.0052185058594
2023-10-16,437.9200134277344,421.344482421875
2023-10-17,438.04998779296875,421.4695129394531
2023-10-18,432.30999755859375,415.94683837890625
2023-10-19,428.3900146484375,412.1752014160156
2023-10-20,423.1199951171875,407.1046142578125
2023-10-23,422.3800048828125,406.3926696777344
2023-10-24,425.55999755859375,409.4522705078125
2023-10-25,419.510009765625,403.63128662109375
2023-10-26,414.45001220703125,398.7628479003906
2023-10-27,412.54998779296875,396.9346923828125
2023-10-30,417.45001220703125,401.6492614746094
2023-10-31,419.94000244140625,404.0450134277344
2023-11-01,424.5299987792969,408.4612731933594
2023-11-02,432.7099914550781,416.33160400390625
2023-11-03,436.5899963378906,420.06488037109375
2023-11-06,437.6400146484375,421.0750732421875
2023-11-07,438.79998779296875,422.1911315917969
2023-11-08,439.1600036621094,422.5375061035156
2023-11-09,435.8500061035156,419.35284423828125
2023-11-10,442.6700134277344,425.9146728515625
2023-11-13,442.1600036621094,425.4239501953125
2023-11-14,450.8299865722656,433.7657775878906
2023-11-15,451.739990234375,434.641357421875
2023-11-16,452.29998779296875,435.18017578125
2023-11-17,452.7799987792969,435.6419677734375
2023-11-20,456.4200134277344,439.14422607421875
2023-11-21,455.3699951171875,438.1339111328125
2023-11-22,457.1000061035156,439.79852294921875
2023-11-24,457.44000244140625,440.1255798339844
2023-11-27,456.5899963378906,439.30780029296875
2023-11-28,456.9800109863281,439.68304443359375
2023-11-29,456.7699890136719,439.4809265136719
2023-11-30,458.4200134277344,441.0685119628906
2023-12-01,461.1300048828125,443.67596435546875
2023-12-04,458.8500061035156,441.4822082519531
2023-12-05,458.75,441.3860778808594
2023-12-06,456.8500061035156,439.5579528808594
2023-12-07,460.3599853515625,442.93499755859375
2023-12-08,462.3500061035156,444.84979248046875
2023-12-11,464.1499938964844,446.5816650390625
2023-12-12,466.45001220703125,448.7945861816406
2023-12-13,472.8399963378906,454.9427185058594
2023-12-14,474.32000732421875,456.36669921875
2023-12-15,473.5199890136719,455.5970153808594
2023-12-18,476.1499938964844,458.1274108886719
2023-12-19,478.8999938964844,460.7733459472656
2023-12-20,470.1400146484375,454.1705322265625
2023-12-21,474.9100036621094,458.7784729003906
2023-12-22,475.82000732421875,459.6575622558594
2023-12-26,477.8699951171875,461.6379089355469
2023-12-27,478.7799987792969,462.51702880859375
2023-12-28,479.0,462.72955322265625
2023-12-29,477.6300048828125,461.40606689453125
2024-01-02,474.8900146484375,458.75921630859375
2024-01-03,471.010009765625,455.0109558105469
2024-01-04,469.55999755859375,453.6102600097656
2024-01-05,470.1199951171875,454.1512451171875
2024-01-08,476.5899963378906,460.40142822265625
2024-01-09,476.1400146484375,459.9666748046875
2024-01-10,478.80999755859375,462.5459899902344
2024-01-11,478.54998779296875,462.2948303222656
2024-01-12,478.9599914550781,462.69091796875
2024-01-16,477.29998779296875,461.0873107910156
2024-01-17,474.6199951171875,458.4983215332031
2024-01-18,478.69000244140625,462.4300842285156
2024-01-19,484.67999267578125,468.2166442871094
2024-01-22,485.7300109863281,469.23095703125
2024-01-23,487.239990234375,470.6896667480469
2024-01-24,487.6099853515625,471.0470886230469
2024-01-25,490.3299865722656,473.6747131347656
2024-01-26,489.82000732421875,473.1820068359375
2024-01-29,493.6700134277344,476.9012451171875
2024-01-30,493.29998779296875,476.5438232421875
2024-01-31,485.20001220703125,468.71893310546875
2024-02-01,491.6400146484375,474.9402160644531
2024-02-02,496.7099914550781,479.83795166015625
2024-02-05,495.04998779296875,478.23431396484375
2024-02-06,496.3900146484375,479.5288391113281
2024-02-07,500.4200134277344,483.4219055175781
2024-02-08,500.75,483.7407531738281
2024-02-09,503.6499938964844,486.542236328125
2024-02-12,503.3800048828125,486.2814025878906
2024-02-13,496.6199951171875,479.7510070800781
2024-02-14,501.04998779296875,484.030517578125
2024-02-15,504.3500061035156,487.2184753417969
2024-02-16,501.95001220703125,484.9000244140625
2024-02-20,499.1600036621094,482.2047424316406
2024-02-21,499.6099853515625,482.63946533203125
2024-02-22,510.04998779296875,492.724853515625
2024-02-23,510.3399963378906,493.0050048828125
2024-02-26,508.4200134277344,491.1502685546875
2024-02-27,509.32000732421875,492.0196533203125
2024-02-28,508.67999267578125,491.4013977050781
2024-02-29,510.45001220703125,493.1112365722656
2024-03-01,515.3900146484375,497.8834533691406
2024-03-04,514.780029296875,497.294189453125
2024-03-05,509.5799865722656,492.27081298828125
2024-03-06,512.3400268554688,494.9371337890625
2024-03-07,517.4299926757812,499.85418701171875
2024-03-08,514.2899780273438,496.82080078125
2024-03-11,514.0399780273438,496.5793151855469
2024-03-12,519.4000244140625,501.75732421875
2024-03-13,518.5700073242188,500.9554138183594
2024-03-14,517.4400024414062,499.86383056640625
2024-03-15,513.22998046875,495.7968444824219
2024-03-18,516.8499755859375,499.29388427734375
2024-03-19,519.8400268554688,502.18231201171875
2024-03-20,524.6699829101562,506.8482666015625
2024-03-21,524.6199951171875,508.4133605957031
2024-03-22,523.9199829101562,507.7350769042969
2024-03-25,522.280029296875,506.1455993652344
2024-03-26,521.1799926757812,505.07958984375
2024-03-27,525.719970703125,509.4793395996094
2024-03-28,525.72998046875,509.4890441894531
2024-04-01,524.8800048828125,508.66534423828125
2024-04-02,521.4500122070312,505.34124755859375
2024-04-03,522.030029296875,505.9033508300781
2024-04-04,515.6099853515625,499.681640625
2024-04-05,520.989990234375,504.89544677734375
2024-04-08,521.1300048828125,505.0310974121094
2024-04-09,521.780029296875,505.6611328125
2024-04-10,516.719970703125,500.7573547363281
2024-04-11,520.5900268554688,504.50787353515625
2024-04-12,513.3099975585938,497.4527282714844
2024-04-15,506.95001220703125,491.28924560546875
2024-04-16,505.9800109863281,490.34918212890625
2024-04-17,503.0400085449219,487.5000305175781
2024-04-18,501.8800048828125,486.3758850097656
2024-04-19,497.5299987792969,482.16021728515625
2024-04-22,502.1199951171875,486.6084289550781
2024-04-23,508.1700134277344,492.4715576171875
2024-04-24,507.9700012207031,492.2777099609375
2024-04-25,505.82000732421875,490.19415283203125
2024-04-26,510.7699890136719,494.99114990234375
2024-04-29,512.5900268554688,496.7550048828125
2024-04-30,504.44000244140625,488.8568115234375
2024-05-01,502.8599853515625,487.3255615234375
2024-05-02,507.4599914550781,491.783447265625
2024-05-03,513.8400268554688,497.9664611816406
2024-05-06,519.1900024414062,503.1511535644531
2024-05-07,519.8599853515625,503.8003845214844
2024-05-08,519.8099975585938,503.751953125
2024-05-09,522.6599731445312,506.5138244628906
2024-05-10,523.3900146484375,507.2213134765625
2024-05-13,523.5700073242188,507.395751953125
2024-05-14,525.9600219726562,509.7119445800781
2024-05-15,532.47998046875,516.030517578125
2024-05-16,531.22998046875,514.8192138671875
2024-05-17,532.1300048828125,515.6912841796875
2024-05-20,532.75,516.2922973632812
2024-05-21,534.0499877929688,517.5520629882812
2024-05-22,532.530029296875,516.0789794921875
2024-05-23,528.6400146484375,512.3092651367188
2024-05-24,532.1500244140625,515.7107543945312
2024-05-28,532.5599975585938,516.1080932617188
2024-05-29,528.75,512.415771484375
2024-05-30,525.3200073242188,509.0917053222656
2024-05-31,529.9600219726562,513.5885009765625
2024-06-03,530.2899780273438,513.9080810546875
2024-06-04,531.0700073242188,514.6641235351562
2024-06-05,537.4299926757812,520.82763671875
2024-06-06,537.4099731445312,520.8081665039062
2024-06-07,536.72998046875,520.149169921875
2024-06-10,538.3300170898438,521.6997680664062
2024-06-11,538.0499877929688,522.9935302734375
2024-06-12,542.530029296875,527.3483276367188
2024-06-13,543.6699829101562,528.4561767578125
2024-06-14,543.8599853515625,528.6409301757812
2024-06-17,548.3099975585938,532.9664306640625
2024-06-18,549.6400146484375,534.2591552734375
2024-06-20,547.9400024414062,532.6068725585938
2024-06-21,547.010009765625,531.7029418945312
2024-06-24,545.6099853515625,530.3419799804688
2024-06-25,547.6799926757812,532.3540649414062
2024-06-26,548.52001953125,533.170654296875
2024-06-27,549.3200073242188,533.9481811523438
2024-06-28,547.22998046875,531.9166870117188
2024-07-01,548.4099731445312,533.0636596679688
2024-07-02,551.9099731445312,536.4656982421875
2024-07-03,554.3300170898438,538.8179321289062
2024-07-05,557.760009765625,542.152099609375
2024-07-08,558.4099731445312,542.7838745117188
2024-07-09,558.9299926757812,543.289306640625
2024-07-10,564.25,548.4603881835938
2024-07-11,559.4600219726562,543.804443359375
2024-07-12,563.0399780273438,547.2842407226562
2024-07-15,564.6099853515625,548.8104248046875
2024-07-16,567.9600219726562,552.0665893554688
2024-07-17,560.030029296875,544.3585205078125
2024-07-18,555.5999755859375,540.052490234375
2024-07-19,551.97998046875,536.5337524414062
2024-07-22,557.7100219726562,542.1033935546875
2024-07-23,556.780029296875,541.1994018554688
2024-07-24,544.2100219726562,528.981201171875
2024-07-25,541.3400268554688,526.1915283203125
2024-07-26,547.3900146484375,532.072265625
2024-07-29,547.77001953125,532.441650390625
2024-07-30,544.8200073242188,529.5741577148438
2024-07-31,553.3200073242188,537.8362426757812
2024-08-01,546.0499877929688,530.7697143554688
2024-08-02,535.77001953125,520.77734375
2024-08-05,520.1799926757812,505.62359619140625
2024-08-06,525.1199951171875,510.4253845214844
2024-08-07,521.489990234375,506.89691162109375
2024-08-08,533.5700073242188,518.638916015625
2024-08-09,535.8499755859375,520.8551025390625
2024-08-12,536.1099853515625,521.1078491210938
2024-08-13,545.030029296875,529.7783203125
2024-08-14,546.8099975585938,531.5084228515625
2024-08-15,556.1699829101562,540.6064453125
2024-08-16,557.4299926757812,541.831298828125
2024-08-19,562.6099853515625,546.8663330078125
2024-08-20,561.77001953125,546.0498657226562
2024-08-21,563.9600219726562,548.1785278320312
2024-08-22,559.1900024414062,543.5419921875
2024-08-23,565.22998046875,549.4129638671875
2024-08-26,563.6300048828125,547.8578491210938
2024-08-27,564.6599731445312,548.85888671875
2024-08-28,561.3599853515625,545.6512451171875
2024-08-29,561.4500122070312,545.73876953125
2024-08-30,566.75,550.8904418945312
2024-09-03,555.260009765625,539.721923828125
2024-09-04,554.0999755859375,538.5944213867188
2024-09-05,552.5599975585938,537.0975341796875
2024-09-06,543.3699951171875,528.1646728515625
2024-09-09,549.469970703125,534.0939331054688
2024-09-10,551.5,536.0672607421875
2024-09-11,557.4500122070312,541.8507690429688
2024-09-12,562.1699829101562,546.4385986328125
2024-09-13,565.0499877929688,549.2379760742188
2024-09-16,565.989990234375,550.1516723632812
2024-09-17,566.2000122070312,550.3558959960938
2024-09-18,564.510009765625,548.713134765625
2024-09-19,574.1900024414062,558.1221923828125
2024-09-20,572.989990234375,556.9558715820312
2024-09-23,574.5800170898438,558.5013427734375
2024-09-24,576.25,560.1245727539062
2024-09-25,572.6599731445312,558.8024291992188
2024-09-26,575.1099853515625,561.1930541992188
2024-09-27,574.0700073242188,560.1782836914062
2024-09-30,576.8200073242188,562.8617553710938
2024-10-01,571.3699951171875,557.5435791015625
2024-10-02,571.5999755859375,557.76806640625
2024-10-03,570.510009765625,556.7044067382812
2024-10-04,575.6900024414062,561.759033203125
2024-10-07,570.530029296875,556.7239379882812
2024-10-08,575.9400024414062,562.0031127929688
2024-10-09,579.8499755859375,565.8182983398438
2024-10-10,578.8300170898438,564.8230590820312
2024-10-11,582.3499755859375,568.2578125
2024-10-14,587.1500244140625,572.9417724609375
2024-10-15,582.489990234375,568.3944091796875
2024-10-16,585.0800170898438,570.921875
2024-10-17,585.25,571.0877685546875
2024-10-18,587.4600219726562,573.2442016601562
2024-10-21,586.5900268554688,572.3954467773438
2024-10-22,586.1300048828125,571.9464721679688
2024-10-23,580.7899780273438,566.7357788085938
2024-10-24,582.030029296875,567.9456787109375
2024-10-25,581.9000244140625,567.81884765625
2024-10-28,583.6500244140625,569.5265502929688
2024-10-29,584.5499877929688,570.4046630859375
2024-10-30,582.6699829101562,568.5701293945312
2024-10-31,571.239990234375,557.416748046875
2024-11-01,573.719970703125,559.836669921875
2024-11-04,572.5700073242188,558.714599609375
2024-11-05,579.489990234375,565.4671630859375
2024-11-06,593.8800048828125,579.5088500976562
2024-11-07,598.510009765625,584.02685546875
2024-11-08,601.1300048828125,586.58349609375
2024-11-11,601.5900268554688,587.0323486328125
2024-11-12,599.75,585.2368774414062
2024-11-13,600.2000122070312,585.6759643554688
2024-11-14,596.22998046875,581.8021240234375
2024-11-15,588.6599731445312,574.415283203125
2024-11-18,591.1099853515625,576.805908203125
2024-11-19,593.1699829101562,578.8161010742188
2024-11-20,593.4400024414062,579.0795288085938
2024-11-21,596.47998046875,582.0460815429688
2024-11-22,598.4500122070312,583.9683227539062
2024-11-25,600.219970703125,585.6954345703125
2024-11-26,603.760009765625,589.1497802734375
2024-11-27,601.8200073242188,587.2568359375
2024-11-29,605.0700073242188,590.4281005859375
2024-12-02,606.7100219726562,592.0284423828125
2024-12-03,606.9600219726562,592.2723388671875
2024-12-04,610.7000122070312,595.9218139648438
2024-12-05,609.72998046875,594.9752807617188
2024-12-06,610.8300170898438,596.0487670898438
2024-12-09,607.6799926757812,592.9749755859375
2024-12-10,605.9199829101562,591.257568359375
2024-12-11,610.5900268554688,595.8145751953125
2024-12-12,607.3499755859375,592.6528930664062
2024-12-13,607.239990234375,592.5455932617188
2024-12-16,609.8300170898438,595.072998046875
2024-12-17,605.0499877929688,592.48193359375
2024-12-18,587.260009765625,575.0614624023438
2024-12-19,586.8300170898438,574.640380859375
2024-12-20,593.3300170898438,581.00537109375
2024-12-23,597.6400146484375,585.2257690429688
2024-12-24,604.3599853515625,591.8062133789062
2024-12-26,604.0700073242188,591.5222778320312
2024-12-27,597.530029296875,585.1181640625
2024-12-30,590.97998046875,578.7041625976562
2024-12-31,588.6799926757812,576.451904296875
2025-01-02,587.4500122070312,575.2474365234375
2025-01-03,594.6099853515625,582.2586669921875
2025-01-06,598.2999877929688,585.8720703125
2025-01-07,591.5700073242188,579.281982421875
2025-01-08,592.1900024414062,579.8889770507812
2025-01-10,583.3300170898438,571.213134765625
2025-01-13,584.1799926757812,572.04541015625
2025-01-14,584.989990234375,572.8385620117188
2025-01-15,595.6300048828125,583.257568359375
2025-01-16,594.6199951171875,582.2686157226562
2025-01-17,600.260009765625,587.7913818359375
2025-01-21,605.7000122070312,593.1183471679688
2025-01-22,609.2999877929688,596.6436157226562
2025-01-23,612.7000122070312,599.9730224609375
2025-01-24,610.8900146484375,598.2006225585938
2025-01-27,602.3699951171875,589.8575439453125
2025-01-28,607.489990234375,594.8712768554688
2025-01-29,604.9099731445312,592.3448486328125
2025-01-30,607.9400024414062,595.3118896484375
2025-01-31,604.6599731445312,592.1000366210938
2025-02-03,600.6799926757812,588.2026977539062
2025-02-04,604.6900024414062,592.1293334960938
2025-02-05,607.1699829101562,594.557861328125
2025-02-06,609.4000244140625,596.7415771484375
2025-02-07,603.7999877929688,591.2578735351562
2025-02-10,607.75,595.1257934570312
2025-02-11,608.22998046875,595.5958251953125
2025-02-12,606.2100219726562,593.6177978515625
2025-02-13,612.6699829101562,599.9435424804688
2025-02-14,612.6799926757812,599.953369140625
2025-02-18,614.47998046875,601.7160034179688
2025-02-19,615.8499755859375,603.0574340820312
2025-02-20,613.4600219726562,600.7172241210938
2025-02-21,602.8699951171875,590.3471069335938
2025-02-24,600.0,587.5368041992188
2025-02-25,597.0800170898438,584.677490234375
2025-02-26,597.280029296875,584.8733520507812
2025-02-27,587.780029296875,575.5706787109375
2025-02-28,597.0399780273438,584.63818359375
2025-03-03,586.7899780273438,574.60107421875
2025-03-04,579.7100219726562,567.6682739257812
2025-03-05,586.0599975585938,573.8864135742188
2025-03-06,575.5399780273438,563.5848999023438
2025-03-07,578.510009765625,566.4931030273438
2025-03-10,563.4400024414062,551.7362670898438
2025-03-11,558.6400146484375,547.035888671875
2025-03-12,561.47998046875,549.81689453125
2025-03-13,554.0599975585938,542.551025390625
2025-03-14,565.5599975585938,553.812255859375
2025-03-17,569.6099853515625,557.7780151367188
2025-03-18,561.9299926757812,551.9678955078125
2025-03-19,568.010009765625,557.940185546875
2025-03-20,566.739990234375,556.692626953125
2025-03-21,566.5800170898438,556.5355224609375
2025-03-24,576.719970703125,566.4957885742188
2025-03-25,577.9600219726562,567.7136840820312
2025-03-26,571.4199829101562,561.2897338867188
2025-03-27,569.6199951171875,559.5216064453125
2025-03-28,558.1199951171875,548.2254638671875
2025-03-31,561.9000244140625,551.9384765625
2025-04-01,563.780029296875,553.78515625
2025-04-02,567.2000122070312,557.1444702148438
2025-04-03,540.0700073242188,530.4954833984375
2025-04-04,507.6099853515625,498.6109313964844
2025-04-07,506.3800048828125,497.4027404785156
2025-04-08,498.79998779296875,489.95703125
2025-04-09,546.25,536.56591796875
2025-04-10,527.0599975585938,517.7160034179688
2025-04-11,536.97998046875,527.4601440429688
2025-04-14,541.52001953125,531.9197998046875
2025-04-15,540.1900024414062,530.6134033203125
2025-04-16,528.1400146484375,518.7769165039062
2025-04-17,528.6699829101562,519.2974853515625
2025-04-21,516.3800048828125,507.2254638671875
2025-04-22,529.3800048828125,519.9949340820312
2025-04-23,537.8499755859375,528.3147583007812
2025-04-24,549.219970703125,539.483154296875
2025-04-25,553.1900024414062,543.3828735351562
2025-04-28,553.4299926757812,543.6185913085938
2025-04-29,556.9500122070312,547.076171875
2025-04-30,557.9600219726562,548.068359375
2025-05-01,561.1099853515625,551.1624145507812
2025-05-02,569.3400268554688,559.24658203125
2025-05-05,566.1699829101562,556.1327514648438
2025-05-06,561.5399780273438,551.5848999023438
2025-05-07,563.77001953125,553.7752075195312
2025-05-08,567.3300170898438,557.272216796875
2025-05-09,566.8900146484375,556.8399658203125
2025-05-12,585.7100219726562,575.3262939453125
2025-05-13,589.9400024414062,579.4814453125
2025-05-14,590.280029296875,579.8153686523438
2025-05-15,593.1799926757812,582.6638793945312
2025-05-16,597.0399780273438,586.4553833007812
2025-05-19,597.7899780273438,587.192138671875
2025-05-20,595.5700073242188,585.0115966796875
2025-05-21,585.6699829101562,575.2870483398438
2025-05-22,585.760009765625,575.3754272460938
2025-05-23,582.0,571.68212890625
2025-05-27,593.9400024414062,583.410400390625
2025-05-28,590.4400024414062,579.9724731445312
2025-05-29,592.780029296875,582.2711181640625
2025-05-30,592.1500244140625,581.6521606445312
2025-06-02,595.5900268554688,585.03125
2025-06-03,598.9299926757812,588.3119506835938
2025-06-04,598.77001953125,588.1548461914062
2025-06-05,595.97998046875,585.4141845703125
2025-06-06,602.0,591.3275146484375
2025-06-09,602.5700073242188,591.8873291015625
2025-06-10,606.030029296875,595.2860717773438
2025-06-11,604.3099975585938,593.5965576171875
2025-06-12,606.510009765625,595.7575073242188
2025-06-13,599.7899780273438,589.1567993164062
2025-06-16,603.760009765625,594.9081420898438
2025-06-17,598.760009765625,589.9813842773438
2025-06-18,598.6199951171875,589.8434448242188
2025-06-20,596.6599731445312,587.9121704101562
2025-06-23,602.9299926757812,594.0902709960938
2025-06-24,609.510009765625,600.5737915039062
2025-06-25,609.9600219726562,601.0172119140625
2025-06-26,614.760009765625,605.746826171875
2025-06-27,617.4600219726562,608.4072875976562
2025-06-30,620.9000244140625,611.7968139648438
2025-07-01,620.6699829101562,611.5701904296875
2025-07-02,623.4199829101562,614.2799072265625
2025-07-03,628.1699829101562,618.9602661132812
2025-07-07,623.8300170898438,614.6838989257812
2025-07-08,623.3300170898438,614.1912231445312
2025-07-09,627.030029296875,617.8369750976562
2025-07-10,628.8499755859375,619.6303100585938
2025-07-11,626.4400024414062,617.255615234375
2025-07-14,627.739990234375,618.5365600585938
2025-07-15,624.989990234375,615.8268432617188
2025-07-16,627.25,618.0537719726562
2025-07-17,630.9299926757812,621.6798095703125
2025-07-18,630.6699829101562,621.4236450195312
2025-07-21,631.72998046875,622.4680786132812
2025-07-22,631.739990234375,622.4779052734375
2025-07-23,637.3300170898438,627.9859619140625
2025-07-24,637.5800170898438,628.2322387695312
2025-07-25,640.0599975585938,630.6758422851562
2025-07-28,639.9199829101562,630.5379028320312
2025-07-29,638.4000244140625,629.040283203125
2025-07-30,637.510009765625,628.163330078125
2025-07-31,634.9000244140625,625.5916137695312
2025-08-01,624.6500244140625,615.4918823242188
2025-08-04,634.1699829101562,624.8722534179688
2025-08-05,631.1199951171875,621.866943359375
2025-08-06,635.7899780273438,626.4685668945312
2025-08-07,635.4400024414062,626.1236572265625
2025-08-08,640.25,630.8630981445312
2025-08-11,638.97998046875,629.6117553710938
2025-08-12,645.739990234375,636.2725830078125
2025-08-13,648.1099853515625,638.6078491210938
2025-08-14,648.1300048828125,638.6275634765625
2025-08-15,646.6699829101562,637.18896484375
2025-08-18,646.3699951171875,636.8934326171875
2025-08-19,642.9500122070312,633.5235595703125
2025-08-20,641.22998046875,631.8287353515625
2025-08-21,638.7000122070312,629.3359375
2025-08-22,648.5,638.9921875
2025-08-25,645.6400146484375,636.1741333007812
2025-08-26,648.260009765625,638.7557983398438
2025-08-27,649.7999877929688,640.2731323242188
2025-08-28,652.1400146484375,642.578857421875
2025-08-29,648.3200073242188,638.8148193359375
2025-09-02,643.4199829101562,633.9866943359375
2025-09-03,646.8800048828125,637.3959350585938
2025-09-04,652.2100219726562,642.6478881835938
2025-09-05,650.469970703125,640.9332275390625
2025-09-08,652.1199951171875,642.5591430664062
2025-09-09,653.6199951171875,644.037109375
2025-09-10,655.489990234375,645.8796997070312
2025-09-11,660.9500122070312,651.2596435546875
2025-09-12,660.719970703125,651.0330200195312
2025-09-15,664.1699829101562,654.4324951171875
2025-09-16,661.2999877929688,653.567626953125
2025-09-17,660.5700073242188,652.84619140625
2025-09-18,663.7000122070312,655.9396362304688
2025-09-19,666.8699951171875,659.072509765625
2025-09-22,670.0800170898438,662.2450561523438
2025-09-23,666.5,658.7068481445312
2025-09-24,664.260009765625,656.4931030273438
2025-09-25,661.219970703125,653.4885864257812
2025-09-26,664.8900146484375,657.11572265625
2025-09-29,666.760009765625,658.9638671875
2025-09-30,669.2999877929688,661.47412109375
2025-10-01,671.8400268554688,663.9844360351562
2025-10-02,672.5,664.63671875
2025-10-03,672.4199829101562,664.5576171875
2025-10-06,674.8900146484375,666.9988403320312
2025-10-07,672.4199829101562,664.5576171875
2025-10-08,676.4199829101562,668.5108642578125
2025-10-09,674.52001953125,666.6331176757812
2025-10-10,656.2000122070312,648.5272827148438
2025-10-13,666.22998046875,658.4400634765625
2025-10-14,665.47998046875,657.6987915039062
2025-10-15,668.280029296875,660.4661254882812
2025-10-16,663.97998046875,656.2163696289062
2025-10-17,667.6900024414062,659.8829956054688
2025-10-20,674.5900268554688,666.7022705078125
2025-10-21,674.4299926757812,666.5441284179688
2025-10-22,671.1599731445312,663.3124389648438
2025-10-23,674.969970703125,667.0778198242188
2025-10-24,680.52001953125,672.5629272460938
2025-10-27,688.5999755859375,680.5484619140625
2025-10-28,690.3400268554688,682.2681274414062
2025-10-29,690.7100219726562,682.6338500976562
2025-10-30,683.22998046875,675.2412719726562
2025-10-31,685.22998046875,677.2179565429688
2025-11-03,686.6900024414062,678.6607666015625
2025-11-04,678.8099975585938,670.8729858398438
2025-11-05,680.9099731445312,672.9484252929688
2025-11-06,673.52001953125,665.6448974609375
2025-11-07,674.3400268554688,666.4552001953125
2025-11-10,684.8200073242188,676.8126220703125
2025-11-11,686.1599731445312,678.136962890625
2025-11-12,686.6400146484375,678.6113891601562
2025-11-13,675.4500122070312,667.5521850585938
2025-11-14,675.3099975585938,667.413818359375
2025-11-17,668.989990234375,661.1677856445312
2025-11-18,663.4500122070312,655.6925659179688
2025-11-19,665.9500122070312,658.163330078125
2025-11-20,655.77001953125,648.1024169921875
2025-11-21,662.280029296875,654.5363159179688
2025-11-24,672.0599975585938,664.2018432617188
2025-11-25,678.3800048828125,670.447998046875
2025-11-26,683.0599975585938,675.0732421875
2025-11-28,686.8800048828125,678.8486328125
2025-12-01,683.6599731445312,675.6661987304688
2025-12-02,684.8300170898438,676.8226318359375
2025-12-03,687.260009765625,679.2241821289062
2025-12-04,687.8499755859375,679.8072509765625
2025-12-05,689.1099853515625,681.052490234375
2025-12-08,687.0599975585938,679.0264892578125
2025-12-09,686.510009765625,678.48291015625
2025-12-10,690.9199829101562,682.8413696289062
2025-12-11,692.5900268554688,684.4918212890625
2025-12-12,685.1699829101562,677.1585083007812
2025-12-15,684.1500244140625,676.1505737304688
2025-12-16,679.8400268554688,674.2700805664062
2025-12-17,672.4099731445312,666.9009399414062
2025-12-18,677.5,671.94921875
2025-12-19,683.489990234375,677.89013671875
2025-12-22,687.8300170898438,682.1946411132812
2025-12-23,690.969970703125,685.3088989257812
2025-12-24,693.3900146484375,687.7090454101562
2025-12-26,693.27001953125,687.5900268554688
2025-12-29,690.9099731445312,685.249267578125
2025-12-30,689.9199829101562,684.2673950195312
2025-12-31,684.9400024414062,679.3282470703125
2026-01-02,686.1900024414062,680.5679931640625
