date,close,adj_close
2014-12-01,25.979999542236328,25.979999542236328
2014-12-02,26.045000076293945,26.045000076293945
2014-12-03,26.135000228881836,26.135000228881836
2014-12-04,26.084999084472656,26.084999084472656
2014-12-05,26.204999923706055,26.204999923706055
2014-12-08,26.114999771118164,26.114999771118164
2014-12-09,25.815000534057617,25.815000534057617
2014-12-10,25.7450008392334,25.7450008392334
2014-12-11,25.844999313354492,25.844999313354492
2014-12-12,25.334999084472656,25.334999084472656
2014-12-15,24.967500686645508,24.967500686645508
2014-12-16,25.28499984741211,25.28499984741211
2014-12-17,25.047500610351562,25.047500610351562
2014-12-18,25.594999313354492,25.594999313354492
2014-12-19,25.864999771118164,25.864999771118164
2014-12-22,25.895000457763672,25.895000457763672
2014-12-23,25.905000686645508,25.905000686645508
2014-12-24,25.950000762939453,25.950000762939453
2014-12-29,26.065000534057617,26.065000534057617
2014-12-30,25.93000030517578,25.93000030517578
2014-12-31,25.954999923706055,25.954999923706055
2015-01-02,25.575000762939453,25.575000762939453
2015-01-05,25.155000686645508,25.155000686645508
2015-01-06,24.9950008392334,24.9950008392334
2015-01-07,25.045000076293945,25.045000076293945
2015-01-08,25.614999771118164,25.614999771118164
2015-01-09,25.395000457763672,25.395000457763672
2015-01-12,25.364999771118164,25.364999771118164
2015-01-13,25.635000228881836,25.635000228881836
2015-01-14,25.135000228881836,25.135000228881836
2015-01-15,25.25,25.25
2015-01-16,25.28499984741211,25.28499984741211
2015-01-19,25.5049991607666,25.5049991607666
2015-01-20,25.485000610351562,25.485000610351562
2015-01-21,25.725000381469727,25.725000381469727
2015-01-22,25.844999313354492,25.844999313354492
2015-01-23,26.014999389648438,26.014999389648438
2015-01-26,26.0049991607666,26.0049991607666
2015-01-27,25.825000762939453,25.825000762939453
2015-01-28,25.844999313354492,25.844999313354492
2015-01-29,25.53499984741211,25.53499984741211
2015-01-30,25.604999542236328,25.604999542236328
2015-02-02,25.635000228881836,25.635000228881836
2015-02-03,25.954999923706055,25.954999923706055
2015-02-04,26.05500030517578,26.05500030517578
2015-02-05,26.165000915527344,26.165000915527344
2015-02-06,26.21500015258789,26.21500015258789
2015-02-09,26.05500030517578,26.05500030517578
2015-02-10,26.084999084472656,26.084999084472656
2015-02-11,26.125,26.125
2015-02-12,26.28499984741211,26.28499984741211
2015-02-13,26.46500015258789,26.46500015258789
2015-02-16,26.475000381469727,26.475000381469727
2015-02-17,26.545000076293945,26.545000076293945
2015-02-18,26.575000762939453,26.575000762939453
2015-02-19,26.69499969482422,26.69499969482422
2015-02-20,26.655000686645508,26.655000686645508
2015-02-23,26.825000762939453,26.825000762939453
2015-02-24,26.94499969482422,26.94499969482422
2015-02-25,26.934999465942383,26.934999465942383
2015-02-26,26.885000228881836,26.885000228881836
2015-02-27,26.864999771118164,26.864999771118164
2015-03-02,26.825000762939453,26.825000762939453
2015-03-03,26.704999923706055,26.704999923706055
2015-03-04,26.594999313354492,26.594999313354492
2015-03-05,26.655000686645508,26.655000686645508
2015-03-06,26.434999465942383,26.434999465942383
2015-03-09,26.334999084472656,26.334999084472656
2015-03-10,25.934999465942383,25.934999465942383
2015-03-11,25.895000457763672,25.895000457763672
2015-03-12,26.065000534057617,26.065000534057617
2015-03-13,25.885000228881836,25.885000228881836
2015-03-16,26.264999389648438,26.264999389648438
2015-03-17,26.19499969482422,26.19499969482422
2015-03-18,26.229999542236328,26.229999542236328
2015-03-19,26.5049991607666,26.5049991607666
2015-03-20,26.875,26.875
2015-03-23,26.924999237060547,26.924999237060547
2015-03-24,26.905000686645508,26.905000686645508
2015-03-25,26.645000457763672,26.645000457763672
2015-03-26,26.415000915527344,26.415000915527344
2015-03-27,26.44499969482422,26.44499969482422
2015-03-30,26.665000915527344,26.665000915527344
2015-03-31,26.540000915527344,26.540000915527344
2015-04-01,26.375,26.375
2015-04-02,26.475000381469727,26.475000381469727
2015-04-07,26.815000534057617,26.815000534057617
2015-04-08,26.825000762939453,26.825000762939453
2015-04-09,26.80500030517578,26.80500030517578
2015-04-10,27.03499984741211,27.03499984741211
2015-04-13,27.03499984741211,27.03499984741211
2015-04-14,26.94499969482422,26.94499969482422
2015-04-15,27.065000534057617,27.065000534057617
2015-04-16,27.110000610351562,27.110000610351562
2015-04-17,26.790000915527344,26.790000915527344
2015-04-20,27.024999618530273,27.024999618530273
2015-04-21,27.084999084472656,27.084999084472656
2015-04-22,27.094999313354492,27.094999313354492
2015-04-23,27.184999465942383,27.184999465942383
2015-04-24,27.34000015258789,27.34000015258789
2015-04-27,27.454999923706055,27.454999923706055
2015-04-28,27.280000686645508,27.280000686645508
2015-04-29,27.225000381469727,27.225000381469727
2015-04-30,27.135000228881836,27.135000228881836
2015-05-01,27.139999389648438,27.139999389648438
2015-05-05,27.084999084472656,27.084999084472656
2015-05-06,27.014999389648438,27.014999389648438
2015-05-07,27.0049991607666,27.0049991607666
2015-05-08,27.44499969482422,27.44499969482422
2015-05-11,27.40999984741211,27.40999984741211
2015-05-12,27.2549991607666,27.2549991607666
2015-05-13,27.334999084472656,27.334999084472656
2015-05-14,27.549999237060547,27.549999237060547
2015-05-15,27.635000228881836,27.635000228881836
2015-05-18,27.635000228881836,27.635000228881836
2015-05-19,27.635000228881836,27.635000228881836
2015-05-20,27.614999771118164,27.614999771118164
2015-05-21,27.735000610351562,27.735000610351562
2015-05-22,27.6200008392334,27.6200008392334
2015-05-26,27.290000915527344,27.290000915527344
2015-05-27,27.364999771118164,27.364999771118164
2015-05-28,27.329999923706055,27.329999923706055
2015-05-29,27.165000915527344,27.165000915527344
2015-06-01,27.100000381469727,27.100000381469727
2015-06-02,27.165000915527344,27.165000915527344
2015-06-03,27.3700008392334,27.3700008392334
2015-06-04,27.135000228881836,27.135000228881836
2015-06-05,26.940000534057617,26.940000534057617
2015-06-08,26.850000381469727,26.850000381469727
2015-06-09,26.770000457763672,26.770000457763672
2015-06-10,27.149999618530273,27.149999618530273
2015-06-11,27.190000534057617,27.190000534057617
2015-06-12,27.100000381469727,27.100000381469727
2015-06-15,26.790000915527344,26.790000915527344
2015-06-16,26.954999923706055,26.954999923706055
2015-06-17,26.96500015258789,26.96500015258789
2015-06-18,27.344999313354492,27.344999313354492
2015-06-19,27.295000076293945,27.295000076293945
2015-06-22,27.5,27.5
2015-06-23,27.420000076293945,27.420000076293945
2015-06-24,27.360000610351562,27.360000610351562
2015-06-25,27.239999771118164,27.239999771118164
2015-06-26,27.174999237060547,27.174999237060547
2015-06-29,26.7450008392334,26.7450008392334
2015-06-30,26.56999969482422,26.56999969482422
2015-07-01,26.795000076293945,26.795000076293945
2015-07-02,26.774999618530273,26.774999618530273
2015-07-03,26.71500015258789,26.71500015258789
2015-07-06,26.584999084472656,26.584999084472656
2015-07-07,26.184999465942383,26.184999465942383
2015-07-08,26.295000076293945,26.295000076293945
2015-07-09,26.475000381469727,26.475000381469727
2015-07-10,26.764999389648438,26.764999389648438
2015-07-13,27.059999465942383,27.059999465942383
2015-07-14,27.190000534057617,27.190000534057617
2015-07-15,27.25,27.25
2015-07-16,27.360000610351562,27.360000610351562
2015-07-17,27.28499984741211,27.28499984741211
2015-07-20,27.43000030517578,27.43000030517578
2015-07-21,27.325000762939453,27.325000762939453
2015-07-22,27.155000686645508,27.155000686645508
2015-07-23,27.174999237060547,27.174999237060547
2015-07-24,26.90999984741211,26.90999984741211
2015-07-27,26.604999542236328,26.604999542236328
2015-07-28,26.760000228881836,26.760000228881836
2015-07-29,27.075000762939453,27.075000762939453
2015-07-30,27.09000015258789,27.09000015258789
2015-07-31,27.239999771118164,27.239999771118164
2015-08-03,27.094999313354492,27.094999313354492
2015-08-04,27.09000015258789,27.09000015258789
2015-08-05,27.274999618530273,27.274999618530273
2015-08-06,26.985000610351562,26.985000610351562
2015-08-07,26.799999237060547,26.799999237060547
2015-08-10,27.170000076293945,27.170000076293945
2015-08-11,26.8799991607666,26.8799991607666
2015-08-12,26.584999084472656,26.584999084472656
2015-08-13,26.84000015258789,26.84000015258789
2015-08-14,26.829999923706055,26.829999923706055
2015-08-17,26.915000915527344,26.915000915527344
2015-08-18,26.93000030517578,26.93000030517578
2015-08-19,26.56999969482422,26.56999969482422
2015-08-20,26.354999542236328,26.354999542236328
2015-08-21,25.665000915527344,25.665000915527344
2015-08-24,24.6200008392334,24.6200008392334
2015-08-25,25.190000534057617,25.190000534057617
2015-08-26,24.592500686645508,24.592500686645508
2015-08-27,25.469999313354492,25.469999313354492
2015-08-28,25.55500030517578,25.55500030517578
2015-09-01,24.809999465942383,24.809999465942383
2015-09-02,24.8125,24.8125
2015-09-03,25.225000381469727,25.225000381469727
2015-09-04,24.707500457763672,24.707500457763672
2015-09-07,24.852500915527344,24.852500915527344
2015-09-08,25.135000228881836,25.135000228881836
2015-09-09,25.395000457763672,25.395000457763672
2015-09-10,25.174999237060547,25.174999237060547
2015-09-11,25.135000228881836,25.135000228881836
2015-09-14,25.135000228881836,25.135000228881836
2015-09-15,25.2549991607666,25.2549991607666
2015-09-16,25.594999313354492,25.594999313354492
2015-09-17,25.625,25.625
2015-09-18,25.325000762939453,25.325000762939453
2015-09-21,25.375,25.375
2015-09-22,24.717500686645508,24.717500686645508
2015-09-23,24.792499542236328,24.792499542236328
2015-09-24,24.497499465942383,24.497499465942383
2015-09-25,25.017499923706055,25.017499923706055
2015-09-28,24.502500534057617,24.502500534057617
2015-09-29,24.362499237060547,24.362499237060547
2015-09-30,24.727500915527344,24.727500915527344
2015-10-01,24.717500686645508,24.717500686645508
2015-10-02,24.795000076293945,24.795000076293945
2015-10-05,25.475000381469727,25.475000381469727
2015-10-06,25.665000915527344,25.665000915527344
2015-10-07,25.604999542236328,25.604999542236328
2015-10-08,25.815000534057617,25.815000534057617
2015-10-09,26.065000534057617,26.065000534057617
2015-10-12,26.049999237060547,26.049999237060547
2015-10-13,25.94499969482422,25.94499969482422
2015-10-14,25.7549991607666,25.7549991607666
2015-10-15,25.934999465942383,25.934999465942383
2015-10-16,26.165000915527344,26.165000915527344
2015-10-19,26.184999465942383,26.184999465942383
2015-10-20,26.2450008392334,26.2450008392334
2015-10-21,26.28499984741211,26.28499984741211
2015-10-22,26.53499984741211,26.53499984741211
2015-10-23,26.795000076293945,26.795000076293945
2015-10-26,26.854999542236328,26.854999542236328
2015-10-27,26.684999465942383,26.684999465942383
2015-10-28,26.934999465942383,26.934999465942383
2015-10-29,26.885000228881836,26.885000228881836
2015-10-30,26.915000915527344,26.915000915527344
2015-11-02,26.934999465942383,26.934999465942383
2015-11-03,27.114999771118164,27.114999771118164
2015-11-04,27.114999771118164,27.114999771118164
2015-11-05,26.975000381469727,26.975000381469727
2015-11-06,26.795000076293945,26.795000076293945
2015-11-09,26.545000076293945,26.545000076293945
2015-11-10,26.485000610351562,26.485000610351562
2015-11-11,26.665000915527344,26.665000915527344
2015-11-12,26.415000915527344,26.415000915527344
2015-11-13,26.05500030517578,26.05500030517578
2015-11-16,26.03499984741211,26.03499984741211
2015-11-17,26.524999618530273,26.524999618530273
2015-11-18,26.524999618530273,26.524999618530273
2015-11-19,26.864999771118164,26.864999771118164
2015-11-20,26.934999465942383,26.934999465942383
2015-11-23,26.895000457763672,26.895000457763672
2015-11-24,26.684999465942383,26.684999465942383
2015-11-25,26.864999771118164,26.864999771118164
2015-11-26,26.9950008392334,26.9950008392334
2015-11-27,26.885000228881836,26.885000228881836
2015-11-30,26.834999084472656,26.834999084472656
2015-12-01,26.934999465942383,26.934999465942383
2015-12-02,26.985000610351562,26.985000610351562
2015-12-03,26.764999389648438,26.764999389648438
2015-12-04,26.735000610351562,26.735000610351562
2015-12-07,26.674999237060547,26.674999237060547
2015-12-08,26.545000076293945,26.545000076293945
2015-12-09,26.584999084472656,26.584999084472656
2015-12-10,26.454999923706055,26.454999923706055
2015-12-11,26.024999618530273,26.024999618530273
2015-12-14,25.8799991607666,25.8799991607666
2015-12-15,26.239999771118164,26.239999771118164
2015-12-16,26.274999618530273,26.274999618530273
2015-12-17,26.315000534057617,26.315000534057617
2015-12-18,26.014999389648438,26.014999389648438
2015-12-21,25.934999465942383,25.934999465942383
2015-12-22,26.014999389648438,26.014999389648438
2015-12-23,26.450000762939453,26.450000762939453
2015-12-24,26.530000686645508,26.530000686645508
2015-12-29,26.700000762939453,26.700000762939453
2015-12-30,26.69499969482422,26.69499969482422
2015-12-31,26.53499984741211,26.53499984741211
2016-01-04,25.625,25.625
2016-01-05,25.825000762939453,25.825000762939453
2016-01-06,25.614999771118164,25.614999771118164
2016-01-07,25.219999313354492,25.219999313354492
2016-01-08,24.852500915527344,24.852500915527344
2016-01-11,24.665000915527344,24.665000915527344
2016-01-12,24.81999969482422,24.81999969482422
2016-01-13,24.989999771118164,24.989999771118164
2016-01-14,24.6299991607666,24.6299991607666
2016-01-15,24.209999084472656,24.209999084472656
2016-01-18,24.209999084472656,24.209999084472656
2016-01-19,24.354999542236328,24.354999542236328
2016-01-20,23.649999618530273,23.649999618530273
2016-01-21,24.010000228881836,24.010000228881836
2016-01-22,24.479999542236328,24.479999542236328
2016-01-25,24.40999984741211,24.40999984741211
2016-01-26,24.530000686645508,24.530000686645508
2016-01-27,24.559999465942383,24.559999465942383
2016-01-28,24.424999237060547,24.424999237060547
2016-01-29,24.809999465942383,24.809999465942383
2016-02-01,25.014999389648438,25.014999389648438
2016-02-02,24.727500915527344,24.727500915527344
2016-02-03,24.549999237060547,24.549999237060547
2016-02-04,24.760000228881836,24.760000228881836
2016-02-05,24.434999465942383,24.434999465942383
2016-02-08,23.90999984741211,23.90999984741211
2016-02-09,24.075000762939453,24.075000762939453
2016-02-10,24.225000381469727,24.225000381469727
2016-02-11,23.6200008392334,23.6200008392334
2016-02-12,24.1200008392334,24.1200008392334
2016-02-15,24.59000015258789,24.59000015258789
2016-02-16,24.459999084472656,24.459999084472656
2016-02-17,25.020000457763672,25.020000457763672
2016-02-18,25.229999542236328,25.229999542236328
2016-02-19,24.985000610351562,24.985000610351562
2016-02-22,25.260000228881836,25.260000228881836
2016-02-23,24.975000381469727,24.975000381469727
2016-02-24,24.56999969482422,24.56999969482422
2016-02-25,25.0,25.0
2016-02-26,25.229999542236328,25.229999542236328
2016-02-29,25.225000381469727,25.225000381469727
2016-03-01,25.450000762939453,25.450000762939453
2016-03-02,25.594999313354492,25.594999313354492
2016-03-03,25.584999084472656,25.584999084472656
2016-03-04,25.860000610351562,25.860000610351562
2016-03-07,25.81999969482422,25.81999969482422
2016-03-08,25.7450008392334,25.7450008392334
2016-03-09,25.825000762939453,25.825000762939453
2016-03-10,25.65999984741211,25.65999984741211
2016-03-11,26.170000076293945,26.170000076293945
2016-03-14,26.209999084472656,26.209999084472656
2016-03-15,26.079999923706055,26.079999923706055
2016-03-16,26.104999542236328,26.104999542236328
2016-03-17,26.514999389648438,26.514999389648438
2016-03-18,26.575000762939453,26.575000762939453
2016-03-21,26.53499984741211,26.53499984741211
2016-03-22,26.540000915527344,26.540000915527344
2016-03-23,26.43000030517578,26.43000030517578
2016-03-24,26.204999923706055,26.204999923706055
2016-03-29,26.350000381469727,26.350000381469727
2016-03-30,26.81999969482422,26.81999969482422
2016-03-31,26.795000076293945,26.795000076293945
2016-04-01,26.604999542236328,26.604999542236328
2016-04-04,26.735000610351562,26.735000610351562
2016-04-05,26.540000915527344,26.540000915527344
2016-04-06,26.604999542236328,26.604999542236328
2016-04-07,26.489999771118164,26.489999771118164
2016-04-08,26.690000534057617,26.690000534057617
2016-04-11,26.7450008392334,26.7450008392334
2016-04-12,26.770000457763672,26.770000457763672
2016-04-13,27.03499984741211,27.03499984741211
2016-04-14,27.114999771118164,27.114999771118164
2016-04-15,27.1299991607666,27.1299991607666
2016-04-18,27.225000381469727,27.225000381469727
2016-04-19,27.510000228881836,27.510000228881836
2016-04-20,27.520000457763672,27.520000457763672
2016-04-21,27.415000915527344,27.415000915527344
2016-04-22,27.139999389648438,27.139999389648438
2016-04-25,27.139999389648438,27.139999389648438
2016-04-26,27.19499969482422,27.19499969482422
2016-04-27,27.114999771118164,27.114999771118164
2016-04-28,27.19499969482422,27.19499969482422
2016-04-29,26.7549991607666,26.7549991607666
2016-05-03,26.69499969482422,26.69499969482422
2016-05-04,26.5049991607666,26.5049991607666
2016-05-05,26.524999618530273,26.524999618530273
2016-05-06,26.434999465942383,26.434999465942383
2016-05-09,26.565000534057617,26.565000534057617
2016-05-10,26.844999313354492,26.844999313354492
2016-05-11,26.815000534057617,26.815000534057617
2016-05-12,26.600000381469727,26.600000381469727
2016-05-13,26.674999237060547,26.674999237060547
2016-05-16,26.665000915527344,26.665000915527344
2016-05-17,26.614999771118164,26.614999771118164
2016-05-18,26.59000015258789,26.59000015258789
2016-05-19,26.21500015258789,26.21500015258789
2016-05-20,26.549999237060547,26.549999237060547
2016-05-23,26.5049991607666,26.5049991607666
2016-05-24,26.844999313354492,26.844999313354492
2016-05-25,27.045000076293945,27.045000076293945
2016-05-26,27.045000076293945,27.045000076293945
2016-05-27,27.104999542236328,27.104999542236328
2016-05-31,27.045000076293945,27.045000076293945
2016-06-01,27.0,27.0
2016-06-02,26.979999542236328,26.979999542236328
2016-06-03,26.9950008392334,26.9950008392334
2016-06-06,27.2549991607666,27.2549991607666
2016-06-07,27.459999084472656,27.459999084472656
2016-06-08,27.350000381469727,27.350000381469727
2016-06-09,27.21500015258789,27.21500015258789
2016-06-10,26.924999237060547,26.924999237060547
2016-06-13,26.719999313354492,26.719999313354492
2016-06-14,26.2549991607666,26.2549991607666
2016-06-15,26.5,26.5
2016-06-16,26.21500015258789,26.21500015258789
2016-06-17,26.309999465942383,26.309999465942383
2016-06-20,26.969999313354492,26.969999313354492
2016-06-21,26.954999923706055,26.954999923706055
2016-06-22,27.094999313354492,27.094999313354492
2016-06-23,27.235000610351562,27.235000610351562
2016-06-24,26.184999465942383,26.184999465942383
2016-06-27,25.454999923706055,25.454999923706055
2016-06-28,25.799999237060547,25.799999237060547
2016-06-29,26.579999923706055,26.579999923706055
2016-06-30,26.795000076293945,26.795000076293945
2016-07-01,27.03499984741211,27.03499984741211
2016-07-04,27.05500030517578,27.05500030517578
2016-07-05,26.770000457763672,26.770000457763672
2016-07-06,26.59000015258789,26.59000015258789
2016-07-07,26.809999465942383,26.809999465942383
2016-07-08,27.079999923706055,27.079999923706055
2016-07-11,27.299999237060547,27.299999237060547
2016-07-12,27.450000762939453,27.450000762939453
2016-07-13,27.43000030517578,27.43000030517578
2016-07-14,27.604999542236328,27.604999542236328
2016-07-15,27.479999542236328,27.479999542236328
2016-07-18,27.610000610351562,27.610000610351562
2016-07-19,27.485000610351562,27.485000610351562
2016-07-20,27.670000076293945,27.670000076293945
2016-07-21,27.6299991607666,27.6299991607666
2016-07-22,27.565000534057617,27.565000534057617
2016-07-25,27.55500030517578,27.55500030517578
2016-07-26,27.565000534057617,27.565000534057617
2016-07-27,27.625,27.625
2016-07-28,27.56999969482422,27.56999969482422
2016-07-29,27.729999542236328,27.729999542236328
2016-08-01,27.760000228881836,27.760000228881836
2016-08-02,27.545000076293945,27.545000076293945
2016-08-03,27.520000457763672,27.520000457763672
2016-08-04,27.604999542236328,27.604999542236328
2016-08-05,27.7549991607666,27.7549991607666
2016-08-08,27.725000381469727,27.725000381469727
2016-08-09,27.809999465942383,27.809999465942383
2016-08-10,27.760000228881836,27.760000228881836
2016-08-11,27.915000915527344,27.915000915527344
2016-08-12,27.899999618530273,27.899999618530273
2016-08-15,28.0049991607666,28.0049991607666
2016-08-16,27.93000030517578,27.93000030517578
2016-08-17,27.725000381469727,27.725000381469727
2016-08-18,27.934999465942383,27.934999465942383
2016-08-19,27.8799991607666,27.8799991607666
2016-08-22,27.850000381469727,27.850000381469727
2016-08-23,28.06999969482422,28.06999969482422
2016-08-24,27.969999313354492,27.969999313354492
2016-08-25,27.920000076293945,27.920000076293945
2016-08-26,27.985000610351562,27.985000610351562
2016-08-30,27.799999237060547,27.799999237060547
2016-08-31,27.665000915527344,27.665000915527344
2016-09-01,27.65999984741211,27.65999984741211
2016-09-02,27.924999237060547,27.924999237060547
2016-09-05,27.920000076293945,27.920000076293945
2016-09-06,27.979999542236328,27.979999542236328
2016-09-07,27.9950008392334,27.9950008392334
2016-09-08,27.940000534057617,27.940000534057617
2016-09-09,27.549999237060547,27.549999237060547
2016-09-12,27.329999923706055,27.329999923706055
2016-09-13,27.209999084472656,27.209999084472656
2016-09-14,27.329999923706055,27.329999923706055
2016-09-15,27.46500015258789,27.46500015258789
2016-09-16,27.290000915527344,27.290000915527344
2016-09-19,27.514999389648438,27.514999389648438
2016-09-20,27.5,27.5
2016-09-21,27.524999618530273,27.524999618530273
2016-09-22,27.920000076293945,27.920000076293945
2016-09-23,27.78499984741211,27.78499984741211
2016-09-26,27.549999237060547,27.549999237060547
2016-09-27,27.59000015258789,27.59000015258789
2016-09-28,27.645000457763672,27.645000457763672
2016-09-29,27.729999542236328,27.729999542236328
2016-09-30,27.760000228881836,27.760000228881836
2016-10-03,27.68000030517578,27.68000030517578
2016-10-04,27.700000762939453,27.700000762939453
2016-10-05,27.670000076293945,27.670000076293945
2016-10-06,27.545000076293945,27.545000076293945
2016-10-07,27.44499969482422,27.44499969482422
2016-10-10,27.600000381469727,27.600000381469727
2016-10-11,27.225000381469727,27.225000381469727
2016-10-12,27.219999313354492,27.219999313354492
2016-10-13,27.100000381469727,27.100000381469727
2016-10-14,27.2450008392334,27.2450008392334
2016-10-17,27.094999313354492,27.094999313354492
2016-10-18,27.270000457763672,27.270000457763672
2016-10-19,27.274999618530273,27.274999618530273
2016-10-20,27.15999984741211,27.15999984741211
2016-10-21,27.079999923706055,27.079999923706055
2016-10-24,27.209999084472656,27.209999084472656
2016-10-25,27.094999313354492,27.094999313354492
2016-10-26,27.110000610351562,27.110000610351562
2016-10-27,27.030000686645508,27.030000686645508
2016-10-28,26.979999542236328,26.979999542236328
2016-10-31,26.934999465942383,26.934999465942383
2016-11-01,26.78499984741211,26.78499984741211
2016-11-02,26.71500015258789,26.71500015258789
2016-11-03,26.6200008392334,26.6200008392334
2016-11-04,26.575000762939453,26.575000762939453
2016-11-07,26.850000381469727,26.850000381469727
2016-11-08,26.985000610351562,26.985000610351562
2016-11-09,27.1200008392334,27.1200008392334
2016-11-10,27.135000228881836,27.135000228881836
2016-11-11,26.93000030517578,26.93000030517578
2016-11-14,26.854999542236328,26.854999542236328
2016-11-15,26.969999313354492,26.969999313354492
2016-11-16,26.950000762939453,26.950000762939453
2016-11-17,27.084999084472656,27.084999084472656
2016-11-18,27.020000457763672,27.020000457763672
2016-11-21,27.135000228881836,27.135000228881836
2016-11-22,27.219999313354492,27.219999313354492
2016-11-23,27.15999984741211,27.15999984741211
2016-11-24,27.290000915527344,27.290000915527344
2016-11-25,27.389999389648438,27.389999389648438
2016-11-28,27.3700008392334,27.3700008392334
2016-11-29,27.329999923706055,27.329999923706055
2016-11-30,27.389999389648438,27.389999389648438
2016-12-01,27.290000915527344,27.290000915527344
2016-12-02,27.200000762939453,27.200000762939453
2016-12-05,27.325000762939453,27.325000762939453
2016-12-06,27.3700008392334,27.3700008392334
2016-12-07,27.424999237060547,27.424999237060547
2016-12-08,27.6299991607666,27.6299991607666
2016-12-09,27.700000762939453,27.700000762939453
2016-12-12,27.7450008392334,27.7450008392334
2016-12-13,28.03499984741211,28.03499984741211
2016-12-14,27.975000381469727,27.975000381469727
2016-12-15,27.770000457763672,27.770000457763672
2016-12-16,27.68000030517578,27.68000030517578
2016-12-19,27.78499984741211,27.78499984741211
2016-12-20,27.795000076293945,27.795000076293945
2016-12-21,27.799999237060547,27.799999237060547
2016-12-22,27.709999084472656,27.709999084472656
2016-12-23,27.760000228881836,27.760000228881836
2016-12-28,27.71500015258789,27.71500015258789
2016-12-29,27.665000915527344,27.665000915527344
2016-12-30,27.725000381469727,27.725000381469727
2017-01-03,27.704999923706055,27.704999923706055
2017-01-04,27.90999984741211,27.90999984741211
2017-01-05,27.9950008392334,27.9950008392334
2017-01-06,28.045000076293945,28.045000076293945
2017-01-09,28.03499984741211,28.03499984741211
2017-01-10,28.049999237060547,28.049999237060547
2017-01-11,27.829999923706055,27.829999923706055
2017-01-12,27.864999771118164,27.864999771118164
2017-01-13,28.03499984741211,28.03499984741211
2017-01-16,27.940000534057617,27.940000534057617
2017-01-17,28.010000228881836,28.010000228881836
2017-01-18,28.020000457763672,28.020000457763672
2017-01-19,27.94499969482422,27.94499969482422
2017-01-20,27.920000076293945,27.920000076293945
2017-01-23,27.934999465942383,27.934999465942383
2017-01-24,27.989999771118164,27.989999771118164
2017-01-25,28.264999389648438,28.264999389648438
2017-01-26,28.225000381469727,28.225000381469727
2017-01-27,28.235000610351562,28.235000610351562
2017-01-30,28.014999389648438,28.014999389648438
2017-01-31,28.0,28.0
2017-02-01,28.059999465942383,28.059999465942383
2017-02-02,28.06999969482422,28.06999969482422
2017-02-03,28.225000381469727,28.225000381469727
2017-02-06,28.09000015258789,28.09000015258789
2017-02-07,28.1299991607666,28.1299991607666
2017-02-08,28.219999313354492,28.219999313354492
2017-02-09,28.450000762939453,28.450000762939453
2017-02-10,28.450000762939453,28.450000762939453
2017-02-13,28.56999969482422,28.56999969482422
2017-02-14,28.530000686645508,28.530000686645508
2017-02-15,28.690000534057617,28.690000534057617
2017-02-16,28.760000228881836,28.760000228881836
2017-02-17,28.81999969482422,28.81999969482422
2017-02-20,28.90999984741211,28.90999984741211
2017-02-21,28.93000030517578,28.93000030517578
2017-02-22,28.959999084472656,28.959999084472656
2017-02-23,29.0,29.0
2017-02-24,28.969999313354492,28.969999313354492
2017-02-27,29.1200008392334,29.1200008392334
2017-02-28,29.125,29.125
2017-03-01,29.350000381469727,29.350000381469727
2017-03-02,29.309999465942383,29.309999465942383
2017-03-03,29.270000457763672,29.270000457763672
2017-03-06,29.264999389648438,29.264999389648438
2017-03-07,29.200000762939453,29.200000762939453
2017-03-08,29.19499969482422,29.19499969482422
2017-03-09,29.165000915527344,29.165000915527344
2017-03-10,29.329999923706055,29.329999923706055
2017-03-13,29.3799991607666,29.3799991607666
2017-03-14,29.31999969482422,29.31999969482422
2017-03-15,29.420000076293945,29.420000076293945
2017-03-16,29.639999389648438,29.639999389648438
2017-03-17,29.68000030517578,29.68000030517578
2017-03-20,29.65999984741211,29.65999984741211
2017-03-21,29.520000457763672,29.520000457763672
2017-03-22,29.43000030517578,29.43000030517578
2017-03-23,29.579999923706055,29.579999923706055
2017-03-24,29.510000228881836,29.510000228881836
2017-03-27,29.450000762939453,29.450000762939453
2017-03-28,29.559999465942383,29.559999465942383
2017-03-29,29.5,29.5
2017-03-30,29.575000762939453,29.575000762939453
2017-03-31,29.5,29.5
2017-04-03,29.34000015258789,29.34000015258789
2017-04-04,29.43000030517578,29.43000030517578
2017-04-05,29.530000686645508,29.530000686645508
2017-04-06,29.479999542236328,29.479999542236328
2017-04-07,29.450000762939453,29.450000762939453
2017-04-10,29.489999771118164,29.489999771118164
2017-04-11,29.420000076293945,29.420000076293945
2017-04-12,29.454999923706055,29.454999923706055
2017-04-13,29.5,29.5
2017-04-18,29.40999984741211,29.40999984741211
2017-04-19,29.459999084472656,29.459999084472656
2017-04-20,29.530000686645508,29.530000686645508
2017-04-21,29.520000457763672,29.520000457763672
2017-04-24,29.84000015258789,29.84000015258789
2017-04-25,30.020000457763672,30.020000457763672
2017-04-26,30.09000015258789,30.09000015258789
2017-04-27,30.0,30.0
2017-04-28,29.93000030517578,29.93000030517578
2017-05-02,30.094999313354492,30.094999313354492
2017-05-03,30.049999237060547,30.049999237060547
2017-05-04,30.1200008392334,30.1200008392334
2017-05-05,30.2549991607666,30.2549991607666
2017-05-08,30.25,30.25
2017-05-09,30.280000686645508,30.280000686645508
2017-05-10,30.295000076293945,30.295000076293945
2017-05-11,30.1200008392334,30.1200008392334
2017-05-12,30.239999771118164,30.239999771118164
2017-05-15,30.434999465942383,30.434999465942383
2017-05-16,30.469999313354492,30.469999313354492
2017-05-17,30.190000534057617,30.190000534057617
2017-05-18,30.155000686645508,30.155000686645508
2017-05-19,30.360000610351562,30.360000610351562
2017-05-22,30.489999771118164,30.489999771118164
2017-05-23,30.520000457763672,30.520000457763672
2017-05-24,30.5049991607666,30.5049991607666
2017-05-25,30.649999618530273,30.649999618530273
2017-05-26,30.6299991607666,30.6299991607666
2017-05-30,30.719999313354492,30.719999313354492
2017-05-31,30.75,30.75
2017-06-01,30.80500030517578,30.80500030517578
2017-06-02,30.989999771118164,30.989999771118164
2017-06-05,30.969999313354492,30.969999313354492
2017-06-06,30.899999618530273,30.899999618530273
2017-06-07,30.860000610351562,30.860000610351562
2017-06-08,30.860000610351562,30.860000610351562
2017-06-09,30.899999618530273,30.899999618530273
2017-06-12,30.7549991607666,30.7549991607666
2017-06-13,30.8700008392334,30.8700008392334
2017-06-14,31.010000228881836,31.010000228881836
2017-06-15,30.809999465942383,30.809999465942383
2017-06-16,30.860000610351562,30.860000610351562
2017-06-19,31.079999923706055,31.079999923706055
2017-06-20,30.979999542236328,30.979999542236328
2017-06-21,30.875,30.875
2017-06-22,30.860000610351562,30.860000610351562
2017-06-23,30.895000457763672,30.895000457763672
2017-06-26,31.079999923706055,31.079999923706055
2017-06-27,30.8799991607666,30.8799991607666
2017-06-28,30.93000030517578,30.93000030517578
2017-06-29,30.725000381469727,30.725000381469727
2017-06-30,30.75,30.75
2017-07-03,30.81999969482422,30.81999969482422
2017-07-04,30.71500015258789,30.71500015258789
2017-07-05,30.670000076293945,30.670000076293945
2017-07-06,30.600000381469727,30.600000381469727
2017-07-07,30.59000015258789,30.59000015258789
2017-07-10,30.719999313354492,30.719999313354492
2017-07-11,30.55500030517578,30.55500030517578
2017-07-12,30.915000915527344,30.915000915527344
2017-07-13,30.985000610351562,30.985000610351562
2017-07-14,31.110000610351562,31.110000610351562
2017-07-17,31.18000030517578,31.18000030517578
2017-07-18,31.15999984741211,31.15999984741211
2017-07-19,31.280000686645508,31.280000686645508
2017-07-20,31.40999984741211,31.40999984741211
2017-07-21,31.309999465942383,31.309999465942383
2017-07-24,31.219999313354492,31.219999313354492
2017-07-25,31.309999465942383,31.309999465942383
2017-07-26,31.375,31.375
2017-07-27,31.25,31.25
2017-07-28,31.094999313354492,31.094999313354492
2017-07-31,31.170000076293945,31.170000076293945
2017-08-01,31.290000915527344,31.290000915527344
2017-08-02,31.360000610351562,31.360000610351562
2017-08-03,31.350000381469727,31.350000381469727
2017-08-04,31.3799991607666,31.3799991607666
2017-08-07,31.350000381469727,31.350000381469727
2017-08-08,31.389999389648438,31.389999389648438
2017-08-09,31.200000762939453,31.200000762939453
2017-08-10,31.020000457763672,31.020000457763672
2017-08-11,30.90999984741211,30.90999984741211
2017-08-14,31.1299991607666,31.1299991607666
2017-08-15,31.1200008392334,31.1200008392334
2017-08-16,31.280000686645508,31.280000686645508
2017-08-17,31.049999237060547,31.049999237060547
2017-08-18,30.80500030517578,30.80500030517578
2017-08-21,30.75,30.75
2017-08-22,30.979999542236328,30.979999542236328
2017-08-23,30.950000762939453,30.950000762939453
2017-08-24,30.8700008392334,30.8700008392334
2017-08-25,31.020000457763672,31.020000457763672
2017-08-29,30.93000030517578,30.93000030517578
2017-08-30,31.0,31.0
2017-08-31,31.149999618530273,31.149999618530273
2017-09-01,31.315000534057617,31.315000534057617
2017-09-04,31.18000030517578,31.18000030517578
2017-09-05,31.165000915527344,31.165000915527344
2017-09-06,31.15999984741211,31.15999984741211
2017-09-07,31.290000915527344,31.290000915527344
2017-09-08,31.389999389648438,31.389999389648438
2017-09-11,31.600000381469727,31.600000381469727
2017-09-12,31.75,31.75
2017-09-13,31.625,31.625
2017-09-14,31.6200008392334,31.6200008392334
2017-09-15,31.709999084472656,31.709999084472656
2017-09-18,31.920000076293945,31.920000076293945
2017-09-19,31.8799991607666,31.8799991607666
2017-09-20,31.8799991607666,31.8799991607666
2017-09-21,31.790000915527344,31.790000915527344
2017-09-22,31.829999923706055,31.829999923706055
2017-09-25,31.760000228881836,31.760000228881836
2017-09-26,31.75,31.75
2017-09-27,31.770000457763672,31.770000457763672
2017-09-28,31.809999465942383,31.809999465942383
2017-09-29,31.950000762939453,31.950000762939453
2017-10-02,31.950000762939453,31.950000762939453
2017-10-03,32.040000915527344,32.040000915527344
2017-10-04,32.099998474121094,32.099998474121094
2017-10-05,32.22999954223633,32.22999954223633
2017-10-06,32.130001068115234,32.130001068115234
2017-10-09,32.25,32.25
2017-10-10,32.33000183105469,32.33000183105469
2017-10-11,32.43000030517578,32.43000030517578
2017-10-12,32.52000045776367,32.52000045776367
2017-10-13,32.619998931884766,32.619998931884766
2017-10-16,32.599998474121094,32.599998474121094
2017-10-17,32.560001373291016,32.560001373291016
2017-10-18,32.6150016784668,32.6150016784668
2017-10-19,32.5,32.5
2017-10-20,32.540000915527344,32.540000915527344
2017-10-23,32.66999816894531,32.66999816894531
2017-10-24,32.540000915527344,32.540000915527344
2017-10-25,32.400001525878906,32.400001525878906
2017-10-26,32.58000183105469,32.58000183105469
2017-10-27,32.6349983215332,32.6349983215332
2017-10-30,32.59000015258789,32.59000015258789
2017-10-31,32.65999984741211,32.65999984741211
2017-11-01,32.720001220703125,32.720001220703125
2017-11-02,32.685001373291016,32.685001373291016
2017-11-03,32.79999923706055,32.79999923706055
2017-11-06,32.79999923706055,32.79999923706055
2017-11-07,32.709999084472656,32.709999084472656
2017-11-08,32.7400016784668,32.7400016784668
2017-11-09,32.63999938964844,32.63999938964844
2017-11-10,32.65999984741211,32.65999984741211
2017-11-13,32.66999816894531,32.66999816894531
2017-11-14,32.70000076293945,32.70000076293945
2017-11-15,32.61000061035156,32.61000061035156
2017-11-16,32.779998779296875,32.779998779296875
2017-11-17,32.720001220703125,32.720001220703125
2017-11-20,32.869998931884766,32.869998931884766
2017-11-21,33.150001525878906,33.150001525878906
2017-11-22,33.06999969482422,33.06999969482422
2017-11-23,33.099998474121094,33.099998474121094
2017-11-24,33.27000045776367,33.27000045776367
2017-11-27,33.20000076293945,33.20000076293945
2017-11-28,33.310001373291016,33.310001373291016
2017-11-29,33.39500045776367,33.39500045776367
2017-11-30,33.529998779296875,33.529998779296875
2017-12-01,33.2400016784668,33.2400016784668
2017-12-04,33.63999938964844,33.63999938964844
2017-12-05,33.540000915527344,33.540000915527344
2017-12-06,33.43000030517578,33.43000030517578
2017-12-07,33.439998626708984,33.439998626708984
2017-12-08,33.540000915527344,33.540000915527344
2017-12-11,33.630001068115234,33.630001068115234
2017-12-12,33.779998779296875,33.779998779296875
2017-12-13,33.81999969482422,33.81999969482422
2017-12-14,33.779998779296875,33.779998779296875
2017-12-15,33.7400016784668,33.7400016784668
2017-12-18,34.0,34.0
2017-12-19,33.93000030517578,33.93000030517578
2017-12-20,33.86000061035156,33.86000061035156
2017-12-21,33.9900016784668,33.9900016784668
2017-12-22,33.93000030517578,33.93000030517578
2017-12-27,34.04499816894531,34.04499816894531
2017-12-28,34.07500076293945,34.07500076293945
2017-12-29,34.2599983215332,34.2599983215332
2018-01-02,34.13999938964844,34.13999938964844
2018-01-03,34.310001373291016,34.310001373291016
2018-01-04,34.54999923706055,34.54999923706055
2018-01-05,34.70500183105469,34.70500183105469
2018-01-08,34.790000915527344,34.790000915527344
2018-01-09,34.904998779296875,34.904998779296875
2018-01-10,34.7400016784668,34.7400016784668
2018-01-11,34.779998779296875,34.779998779296875
2018-01-12,35.119998931884766,35.119998931884766
2018-01-15,35.314998626708984,35.314998626708984
2018-01-16,35.27000045776367,35.27000045776367
2018-01-17,35.369998931884766,35.369998931884766
2018-01-18,35.38999938964844,35.38999938964844
2018-01-19,35.5,35.5
2018-01-22,35.560001373291016,35.560001373291016
2018-01-23,35.810001373291016,35.810001373291016
2018-01-24,35.7599983215332,35.7599983215332
2018-01-25,35.834999084472656,35.834999084472656
2018-01-26,35.900001525878906,35.900001525878906
2018-01-29,35.79499816894531,35.79499816894531
2018-01-30,35.525001525878906,35.525001525878906
2018-01-31,35.47999954223633,35.47999954223633
2018-02-01,35.380001068115234,35.380001068115234
2018-02-02,34.97999954223633,34.97999954223633
2018-02-05,34.474998474121094,34.474998474121094
2018-02-06,33.060001373291016,33.060001373291016
2018-02-07,34.02000045776367,34.02000045776367
2018-02-08,33.27000045776367,33.27000045776367
2018-02-09,32.61750030517578,32.61750030517578
2018-02-12,33.28499984741211,33.28499984741211
2018-02-13,33.349998474121094,33.349998474121094
2018-02-14,33.7599983215332,33.7599983215332
2018-02-15,34.16999816894531,34.16999816894531
2018-02-16,34.57500076293945,34.57500076293945
2018-02-19,34.33000183105469,34.33000183105469
2018-02-20,34.375,34.375
2018-02-21,34.40999984741211,34.40999984741211
2018-02-22,34.2599983215332,34.2599983215332
2018-02-23,34.36000061035156,34.36000061035156
2018-02-26,34.7400016784668,34.7400016784668
2018-02-27,34.744998931884766,34.744998931884766
2018-02-28,34.529998779296875,34.529998779296875
2018-03-01,34.029998779296875,34.029998779296875
2018-03-02,33.57500076293945,33.57500076293945
2018-03-05,34.02000045776367,34.02000045776367
2018-03-06,34.150001525878906,34.150001525878906
2018-03-07,34.13999938964844,34.13999938964844
2018-03-08,34.34000015258789,34.34000015258789
2018-03-09,34.7599983215332,34.7599983215332
2018-03-12,34.915000915527344,34.915000915527344
2018-03-13,34.86000061035156,34.86000061035156
2018-03-14,34.58000183105469,34.58000183105469
2018-03-15,34.625,34.625
2018-03-16,34.625,34.625
2018-03-19,34.29999923706055,34.29999923706055
2018-03-20,34.400001525878906,34.400001525878906
2018-03-21,34.505001068115234,34.505001068115234
2018-03-22,34.0,34.0
2018-03-23,33.58000183105469,33.58000183105469
2018-03-26,33.439998626708984,33.439998626708984
2018-03-27,34.0,34.0
2018-03-28,33.5099983215332,33.5099983215332
2018-03-29,33.81999969482422,33.81999969482422
2018-04-03,33.5,33.5
2018-04-04,33.540000915527344,33.540000915527344
2018-04-05,34.17499923706055,34.17499923706055
2018-04-06,33.880001068115234,33.880001068115234
2018-04-09,34.0099983215332,34.0099983215332
2018-04-10,34.22999954223633,34.22999954223633
2018-04-11,34.16999816894531,34.16999816894531
2018-04-12,34.310001373291016,34.310001373291016
2018-04-13,34.2599983215332,34.2599983215332
2018-04-16,34.369998931884766,34.369998931884766
2018-04-17,34.59000015258789,34.59000015258789
2018-04-18,34.65999984741211,34.65999984741211
2018-04-19,34.36000061035156,34.36000061035156
2018-04-20,34.040000915527344,34.040000915527344
2018-04-23,34.15999984741211,34.15999984741211
2018-04-24,34.060001373291016,34.060001373291016
2018-04-25,33.709999084472656,33.709999084472656
2018-04-26,33.94499969482422,33.94499969482422
2018-04-27,34.125,34.125
2018-04-30,34.27000045776367,34.27000045776367
2018-05-01,33.790000915527344,33.790000915527344
2018-05-02,34.01499938964844,34.01499938964844
2018-05-03,33.58000183105469,33.58000183105469
2018-05-04,34.064998626708984,34.064998626708984
2018-05-08,34.2599983215332,34.2599983215332
2018-05-09,34.38999938964844,34.38999938964844
2018-05-10,34.72999954223633,34.72999954223633
2018-05-11,34.88999938964844,34.88999938964844
2018-05-14,34.959999084472656,34.959999084472656
2018-05-15,34.630001068115234,34.630001068115234
2018-05-16,34.68000030517578,34.68000030517578
2018-05-17,34.84000015258789,34.84000015258789
2018-05-18,34.82500076293945,34.82500076293945
2018-05-21,35.02000045776367,35.02000045776367
2018-05-22,35.1150016784668,35.1150016784668
2018-05-23,34.7599983215332,34.7599983215332
2018-05-24,34.7599983215332,34.7599983215332
2018-05-25,34.81999969482422,34.81999969482422
2018-05-29,34.45000076293945,34.45000076293945
2018-05-30,34.63999938964844,34.63999938964844
2018-05-31,34.67499923706055,34.67499923706055
2018-06-01,34.83000183105469,34.83000183105469
2018-06-04,34.9900016784668,34.9900016784668
2018-06-05,34.970001220703125,34.970001220703125
2018-06-06,35.130001068115234,35.130001068115234
2018-06-07,35.27000045776367,35.27000045776367
2018-06-08,35.16999816894531,35.16999816894531
2018-06-11,35.31999969482422,35.31999969482422
2018-06-12,35.290000915527344,35.290000915527344
2018-06-13,35.349998474121094,35.349998474121094
2018-06-14,35.279998779296875,35.279998779296875
2018-06-15,35.0,35.0
2018-06-18,34.95000076293945,34.95000076293945
2018-06-19,34.68000030517578,34.68000030517578
2018-06-20,34.810001373291016,34.810001373291016
2018-06-21,34.599998474121094,34.599998474121094
2018-06-22,34.77000045776367,34.77000045776367
2018-06-25,34.220001220703125,34.220001220703125
2018-06-26,34.30500030517578,34.30500030517578
2018-06-27,34.32500076293945,34.32500076293945
2018-06-28,34.11000061035156,34.11000061035156
2018-06-29,34.529998779296875,34.529998779296875
2018-07-02,34.10499954223633,34.10499954223633
2018-07-03,34.38999938964844,34.38999938964844
2018-07-04,34.33000183105469,34.33000183105469
2018-07-05,34.43000030517578,34.43000030517578
2018-07-06,34.790000915527344,34.790000915527344
2018-07-09,35.07500076293945,35.07500076293945
2018-07-10,35.18000030517578,35.18000030517578
2018-07-11,34.90999984741211,34.90999984741211
2018-07-12,35.130001068115234,35.130001068115234
2018-07-13,35.28499984741211,35.28499984741211
2018-07-16,35.18000030517578,35.18000030517578
2018-07-17,35.29999923706055,35.29999923706055
2018-07-18,35.3650016784668,35.3650016784668
2018-07-19,35.290000915527344,35.290000915527344
2018-07-20,35.459999084472656,35.459999084472656
2018-07-23,35.3650016784668,35.3650016784668
2018-07-24,35.625,35.625
2018-07-25,35.59000015258789,35.59000015258789
2018-07-26,35.744998931884766,35.744998931884766
2018-07-27,35.63999938964844,35.63999938964844
2018-07-30,35.439998626708984,35.439998626708984
2018-07-31,35.470001220703125,35.470001220703125
2018-08-01,35.400001525878906,35.400001525878906
2018-08-02,35.220001220703125,35.220001220703125
2018-08-03,35.44499969482422,35.44499969482422
2018-08-06,35.52000045776367,35.52000045776367
2018-08-07,35.79999923706055,35.79999923706055
2018-08-08,35.709999084472656,35.709999084472656
2018-08-09,35.724998474121094,35.724998474121094
2018-08-10,35.345001220703125,35.345001220703125
2018-08-13,35.2599983215332,35.2599983215332
2018-08-14,35.25,35.25
2018-08-15,34.880001068115234,34.880001068115234
2018-08-16,35.334999084472656,35.334999084472656
2018-08-17,35.29999923706055,35.29999923706055
2018-08-20,35.54999923706055,35.54999923706055
2018-08-21,35.650001525878906,35.650001525878906
2018-08-22,35.755001068115234,35.755001068115234
2018-08-23,35.630001068115234,35.630001068115234
2018-08-24,35.779998779296875,35.779998779296875
2018-08-28,36.130001068115234,36.130001068115234
2018-08-29,36.290000915527344,36.290000915527344
2018-08-30,36.15999984741211,36.15999984741211
2018-08-31,36.060001373291016,36.060001373291016
2018-09-03,36.154998779296875,36.154998779296875
2018-09-04,35.8849983215332,35.8849983215332
2018-09-05,35.68000030517578,35.68000030517578
2018-09-06,35.59000015258789,35.59000015258789
2018-09-07,35.599998474121094,35.599998474121094
2018-09-10,35.665000915527344,35.665000915527344
2018-09-11,35.650001525878906,35.650001525878906
2018-09-12,35.84000015258789,35.84000015258789
2018-09-13,35.84000015258789,35.84000015258789
2018-09-14,35.97999954223633,35.97999954223633
2018-09-17,35.935001373291016,35.935001373291016
2018-09-18,36.005001068115234,36.005001068115234
2018-09-19,36.04999923706055,36.04999923706055
2018-09-20,36.275001525878906,36.275001525878906
2018-09-21,36.400001525878906,36.400001525878906
2018-09-24,36.255001068115234,36.255001068115234
2018-09-25,36.345001220703125,36.345001220703125
2018-09-26,36.36000061035156,36.36000061035156
2018-09-27,36.375,36.375
2018-09-28,36.25,36.25
2018-10-01,36.39500045776367,36.39500045776367
2018-10-02,36.2400016784668,36.2400016784668
2018-10-03,36.334999084472656,36.334999084472656
2018-10-04,35.82500076293945,35.82500076293945
2018-10-05,35.650001525878906,35.650001525878906
2018-10-08,35.40999984741211,35.40999984741211
2018-10-09,35.52000045776367,35.52000045776367
2018-10-10,34.939998626708984,34.939998626708984
2018-10-11,34.09000015258789,34.09000015258789
2018-10-12,34.06999969482422,34.06999969482422
2018-10-15,34.209999084472656,34.209999084472656
2018-10-16,34.459999084472656,34.459999084472656
2018-10-17,34.470001220703125,34.470001220703125
2018-10-18,34.31999969482422,34.31999969482422
2018-10-19,34.25,34.25
2018-10-22,34.15999984741211,34.15999984741211
2018-10-23,33.5,33.5
2018-10-24,33.400001525878906,33.400001525878906
2018-10-25,33.26499938964844,33.26499938964844
2018-10-26,33.02000045776367,33.02000045776367
2018-10-29,33.20500183105469,33.20500183105469
2018-10-30,33.150001525878906,33.150001525878906
2018-10-31,33.7599983215332,33.7599983215332
2018-11-01,33.8849983215332,33.8849983215332
2018-11-02,33.880001068115234,33.880001068115234
2018-11-05,33.935001373291016,33.935001373291016
2018-11-06,34.084999084472656,34.084999084472656
2018-11-07,34.584999084472656,34.584999084472656
2018-11-08,34.91999816894531,34.91999816894531
2018-11-09,34.400001525878906,34.400001525878906
2018-11-12,33.970001220703125,33.970001220703125
2018-11-13,34.20000076293945,34.20000076293945
2018-11-14,33.84000015258789,33.84000015258789
2018-11-15,33.630001068115234,33.630001068115234
2018-11-16,33.880001068115234,33.880001068115234
2018-11-19,33.66999816894531,33.66999816894531
2018-11-20,32.97999954223633,32.97999954223633
2018-11-21,33.27000045776367,33.27000045776367
2018-11-22,32.900001525878906,32.900001525878906
2018-11-23,32.9900016784668,32.9900016784668
2018-11-26,33.22999954223633,33.22999954223633
2018-11-27,33.18000030517578,33.18000030517578
2018-11-28,33.40999984741211,33.40999984741211
2018-11-29,33.75,33.75
2018-11-30,33.79999923706055,33.79999923706055
2018-12-03,34.220001220703125,34.220001220703125
2018-12-04,34.005001068115234,34.005001068115234
2018-12-05,33.380001068115234,33.380001068115234
2018-12-06,32.54999923706055,32.54999923706055
2018-12-07,32.83000183105469,32.83000183105469
2018-12-10,32.095001220703125,32.095001220703125
2018-12-11,32.7599983215332,32.7599983215332
2018-12-12,33.130001068115234,33.130001068115234
2018-12-13,32.93000030517578,32.93000030517578
2018-12-14,32.5099983215332,32.5099983215332
2018-12-17,32.16999816894531,32.16999816894531
2018-12-18,31.969999313354492,31.969999313354492
2018-12-19,32.040000915527344,32.040000915527344
2018-12-20,31.290000915527344,31.290000915527344
2018-12-21,31.06999969482422,31.06999969482422
2018-12-24,30.46500015258789,30.46500015258789
2018-12-27,30.790000915527344,30.790000915527344
2018-12-28,31.459999084472656,31.459999084472656
2018-12-31,31.68000030517578,31.68000030517578
2019-01-02,31.530000686645508,31.530000686645508
2019-01-03,31.0,31.0
2019-01-04,31.790000915527344,31.790000915527344
2019-01-07,31.969999313354492,31.969999313354492
2019-01-08,32.08000183105469,32.08000183105469
2019-01-09,32.599998474121094,32.599998474121094
2019-01-10,32.560001373291016,32.560001373291016
2019-01-11,32.54999923706055,32.54999923706055
2019-01-14,32.41999816894531,32.41999816894531
2019-01-15,32.61000061035156,32.61000061035156
2019-01-16,32.77000045776367,32.77000045776367
2019-01-17,32.81999969482422,32.81999969482422
2019-01-18,33.38999938964844,33.38999938964844
2019-01-21,33.26499938964844,33.26499938964844
2019-01-22,33.150001525878906,33.150001525878906
2019-01-23,32.93000030517578,32.93000030517578
2019-01-24,32.95000076293945,32.95000076293945
2019-01-25,33.349998474121094,33.349998474121094
2019-01-28,32.970001220703125,32.970001220703125
2019-01-29,33.150001525878906,33.150001525878906
2019-01-30,33.369998931884766,33.369998931884766
2019-01-31,33.81999969482422,33.81999969482422
2019-02-01,34.08000183105469,34.08000183105469
2019-02-04,34.09000015258789,34.09000015258789
2019-02-05,34.47999954223633,34.47999954223633
2019-02-06,34.47999954223633,34.47999954223633
2019-02-07,34.09000015258789,34.09000015258789
2019-02-08,33.91999816894531,33.91999816894531
2019-02-11,34.22999954223633,34.22999954223633
2019-02-12,34.59000015258789,34.59000015258789
2019-02-13,34.65999984741211,34.65999984741211
2019-02-14,34.61000061035156,34.61000061035156
2019-02-15,34.869998931884766,34.869998931884766
2019-02-18,35.04499816894531,35.04499816894531
2019-02-19,35.04999923706055,35.04999923706055
2019-02-20,35.220001220703125,35.220001220703125
2019-02-21,35.099998474121094,35.099998474121094
2019-02-22,35.400001525878906,35.400001525878906
2019-02-25,35.58000183105469,35.58000183105469
2019-02-26,35.54999923706055,35.54999923706055
2019-02-27,35.41999816894531,35.41999816894531
2019-02-28,35.4900016784668,35.4900016784668
2019-03-01,35.59000015258789,35.59000015258789
2019-03-04,35.59000015258789,35.59000015258789
2019-03-05,35.58000183105469,35.58000183105469
2019-03-06,35.58000183105469,35.58000183105469
2019-03-07,35.25,35.25
2019-03-08,35.04999923706055,35.04999923706055
2019-03-11,35.5,35.5
2019-03-12,35.70000076293945,35.70000076293945
2019-03-13,35.88999938964844,35.88999938964844
2019-03-14,35.81999969482422,35.81999969482422
2019-03-15,36.16999816894531,36.16999816894531
2019-03-18,36.13999938964844,36.13999938964844
2019-03-19,36.40999984741211,36.40999984741211
2019-03-20,35.91999816894531,35.91999816894531
2019-03-21,36.15999984741211,36.15999984741211
2019-03-22,35.810001373291016,35.810001373291016
2019-03-25,35.619998931884766,35.619998931884766
2019-03-26,35.9900016784668,35.9900016784668
2019-03-27,35.83000183105469,35.83000183105469
2019-03-28,35.880001068115234,35.880001068115234
2019-03-29,36.08000183105469,36.08000183105469
2019-04-01,36.4900016784668,36.4900016784668
2019-04-02,36.529998779296875,36.529998779296875
2019-04-03,36.79999923706055,36.79999923706055
2019-04-04,36.689998626708984,36.689998626708984
2019-04-05,36.83000183105469,36.83000183105469
2019-04-08,36.779998779296875,36.779998779296875
2019-04-09,36.650001525878906,36.650001525878906
2019-04-10,36.77000045776367,36.77000045776367
2019-04-11,36.84000015258789,36.84000015258789
2019-04-12,37.0,37.0
2019-04-15,37.0,37.0
2019-04-16,37.18000030517578,37.18000030517578
2019-04-17,37.125,37.125
2019-04-18,37.060001373291016,37.060001373291016
2019-04-23,37.369998931884766,37.369998931884766
2019-04-24,37.459999084472656,37.459999084472656
2019-04-25,37.28499984741211,37.28499984741211
2019-04-26,37.2400016784668,37.2400016784668
2019-04-29,37.290000915527344,37.290000915527344
2019-04-30,37.16999816894531,37.16999816894531
2019-05-01,37.47999954223633,37.47999954223633
2019-05-02,36.900001525878906,36.900001525878906
2019-05-03,37.30500030517578,37.30500030517578
2019-05-07,36.59000015258789,36.59000015258789
2019-05-08,36.619998931884766,36.619998931884766
2019-05-09,35.9900016784668,35.9900016784668
2019-05-10,36.040000915527344,36.040000915527344
2019-05-13,35.66999816894531,35.66999816894531
2019-05-14,36.13999938964844,36.13999938964844
2019-05-15,36.19499969482422,36.19499969482422
2019-05-16,36.66999816894531,36.66999816894531
2019-05-17,36.540000915527344,36.540000915527344
2019-05-20,36.119998931884766,36.119998931884766
2019-05-21,36.40999984741211,36.40999984741211
2019-05-22,36.27000045776367,36.27000045776367
2019-05-23,35.869998931884766,35.869998931884766
2019-05-24,36.09000015258789,36.09000015258789
2019-05-28,36.040000915527344,36.040000915527344
2019-05-29,35.33000183105469,35.33000183105469
2019-05-30,35.529998779296875,35.529998779296875
2019-05-31,35.25,35.25
2019-06-03,35.189998626708984,35.189998626708984
2019-06-04,35.56999969482422,35.56999969482422
2019-06-05,35.7599983215332,35.7599983215332
2019-06-06,36.150001525878906,36.150001525878906
2019-06-07,36.66999816894531,36.66999816894531
2019-06-10,36.939998626708984,36.939998626708984
2019-06-11,36.95000076293945,36.95000076293945
2019-06-12,36.709999084472656,36.709999084472656
2019-06-13,36.83000183105469,36.83000183105469
2019-06-14,36.77000045776367,36.77000045776367
2019-06-17,36.709999084472656,36.709999084472656
2019-06-18,37.290000915527344,37.290000915527344
2019-06-19,37.150001525878906,37.150001525878906
2019-06-20,37.58000183105469,37.58000183105469
2019-06-21,37.72999954223633,37.72999954223633
2019-06-24,37.630001068115234,37.630001068115234
2019-06-25,37.4900016784668,37.4900016784668
2019-06-26,37.349998474121094,37.349998474121094
2019-06-27,37.27000045776367,37.27000045776367
2019-06-28,37.470001220703125,37.470001220703125
2019-07-01,37.810001373291016,37.810001373291016
2019-07-02,37.86000061035156,37.86000061035156
2019-07-03,38.16999816894531,38.16999816894531
2019-07-04,38.279998779296875,38.279998779296875
2019-07-05,37.84000015258789,37.84000015258789
2019-07-08,37.790000915527344,37.790000915527344
2019-07-09,37.72999954223633,37.72999954223633
2019-07-10,37.900001525878906,37.900001525878906
2019-07-11,38.02000045776367,38.02000045776367
2019-07-12,38.08000183105469,38.08000183105469
2019-07-15,38.20000076293945,38.20000076293945
2019-07-16,38.119998931884766,38.119998931884766
2019-07-17,37.95000076293945,37.95000076293945
2019-07-18,37.779998779296875,37.779998779296875
2019-07-19,38.08000183105469,38.08000183105469
2019-07-22,37.91999816894531,37.91999816894531
2019-07-23,37.900001525878906,37.900001525878906
2019-07-24,38.13999938964844,38.13999938964844
2019-07-25,38.0,38.0
2019-07-26,38.18000030517578,38.18000030517578
2019-07-29,38.279998779296875,38.279998779296875
2019-07-30,38.0099983215332,38.0099983215332
2019-07-31,37.974998474121094,37.974998474121094
2019-08-01,37.93000030517578,37.93000030517578
2019-08-02,36.84000015258789,36.84000015258789
2019-08-05,36.11000061035156,36.11000061035156
2019-08-06,35.939998626708984,35.939998626708984
2019-08-07,36.15999984741211,36.15999984741211
2019-08-08,36.91999816894531,36.91999816894531
2019-08-09,36.560001373291016,36.560001373291016
2019-08-12,36.34000015258789,36.34000015258789
2019-08-13,36.68000030517578,36.68000030517578
2019-08-14,36.02000045776367,36.02000045776367
2019-08-15,35.900001525878906,35.900001525878906
2019-08-16,36.34000015258789,36.34000015258789
2019-08-19,36.880001068115234,36.880001068115234
2019-08-20,36.779998779296875,36.779998779296875
2019-08-21,36.97999954223633,36.97999954223633
2019-08-22,36.75,36.75
2019-08-23,36.220001220703125,36.220001220703125
2019-08-27,36.36000061035156,36.36000061035156
2019-08-28,36.380001068115234,36.380001068115234
2019-08-29,36.84000015258789,36.84000015258789
2019-08-30,36.81999969482422,36.81999969482422
2019-09-02,36.709999084472656,36.709999084472656
2019-09-03,36.66999816894531,36.66999816894531
2019-09-04,37.099998474121094,37.099998474121094
2019-09-05,37.560001373291016,37.560001373291016
2019-09-06,37.650001525878906,37.650001525878906
2019-09-09,37.599998474121094,37.599998474121094
2019-09-10,37.2599983215332,37.2599983215332
2019-09-11,37.63999938964844,37.63999938964844
2019-09-12,37.84000015258789,37.84000015258789
2019-09-13,37.939998626708984,37.939998626708984
2019-09-16,37.720001220703125,37.720001220703125
2019-09-17,37.779998779296875,37.779998779296875
2019-09-18,37.779998779296875,37.779998779296875
2019-09-19,38.0,38.0
2019-09-20,37.88999938964844,37.88999938964844
2019-09-23,37.66999816894531,37.66999816894531
2019-09-24,37.689998626708984,37.689998626708984
2019-09-25,37.439998626708984,37.439998626708984
2019-09-26,37.439998626708984,37.439998626708984
2019-09-27,37.65999984741211,37.65999984741211
2019-09-30,37.55500030517578,37.55500030517578
2019-10-01,37.20000076293945,37.20000076293945
2019-10-02,36.33000183105469,36.33000183105469
2019-10-03,36.45000076293945,36.45000076293945
2019-10-04,36.97999954223633,36.97999954223633
2019-10-07,37.130001068115234,37.130001068115234
2019-10-08,36.54999923706055,36.54999923706055
2019-10-09,36.65999984741211,36.65999984741211
2019-10-10,37.11000061035156,37.11000061035156
2019-10-11,37.90999984741211,37.90999984741211
2019-10-14,37.55500030517578,37.55500030517578
2019-10-15,37.959999084472656,37.959999084472656
2019-10-16,37.8650016784668,37.8650016784668
2019-10-17,38.0099983215332,38.0099983215332
2019-10-18,37.900001525878906,37.900001525878906
2019-10-21,38.0,38.0
2019-10-22,38.22999954223633,38.22999954223633
2019-10-23,38.08000183105469,38.08000183105469
2019-10-24,38.20500183105469,38.20500183105469
2019-10-25,38.560001373291016,38.560001373291016
2019-10-28,38.65999984741211,38.65999984741211
2019-10-29,38.630001068115234,38.630001068115234
2019-10-30,38.5,38.5
2019-10-31,38.58000183105469,38.58000183105469
2019-11-01,38.970001220703125,38.970001220703125
2019-11-04,39.25,39.25
2019-11-05,39.08000183105469,39.08000183105469
2019-11-06,39.099998474121094,39.099998474121094
2019-11-07,39.38999938964844,39.38999938964844
2019-11-08,39.150001525878906,39.150001525878906
2019-11-11,39.150001525878906,39.150001525878906
2019-11-12,39.38999938964844,39.38999938964844
2019-11-13,39.13999938964844,39.13999938964844
2019-11-14,39.15999984741211,39.15999984741211
2019-11-15,39.54999923706055,39.54999923706055
2019-11-18,39.54499816894531,39.54499816894531
2019-11-19,39.65999984741211,39.65999984741211
2019-11-20,39.38999938964844,39.38999938964844
2019-11-21,39.34000015258789,39.34000015258789
2019-11-22,39.29999923706055,39.29999923706055
2019-11-25,39.76499938964844,39.76499938964844
2019-11-26,39.93000030517578,39.93000030517578
2019-11-27,39.95000076293945,39.95000076293945
2019-11-28,40.08000183105469,40.08000183105469
2019-11-29,39.869998931884766,39.869998931884766
2019-12-02,39.58000183105469,39.58000183105469
2019-12-03,39.130001068115234,39.130001068115234
2019-12-04,39.630001068115234,39.630001068115234
2019-12-05,39.630001068115234,39.630001068115234
2019-12-06,40.07500076293945,40.07500076293945
2019-12-09,40.0,40.0
2019-12-10,40.029998779296875,40.029998779296875
2019-12-11,40.0,40.0
2019-12-12,40.27000045776367,40.27000045776367
2019-12-13,40.47999954223633,40.47999954223633
2019-12-16,40.93000030517578,40.93000030517578
2019-12-17,40.79999923706055,40.79999923706055
2019-12-18,40.78499984741211,40.78499984741211
2019-12-19,40.790000915527344,40.790000915527344
2019-12-20,41.15999984741211,41.15999984741211
2019-12-23,41.20000076293945,41.20000076293945
2019-12-24,41.060001373291016,41.060001373291016
2019-12-27,41.43000030517578,41.43000030517578
2019-12-30,41.189998626708984,41.189998626708984
2019-12-31,41.06999969482422,41.06999969482422
2020-01-02,41.45000076293945,41.45000076293945
2020-01-03,41.29999923706055,41.29999923706055
2020-01-06,41.20000076293945,41.20000076293945
2020-01-07,41.38999938964844,41.38999938964844
2020-01-08,41.310001373291016,41.310001373291016
2020-01-09,41.63999938964844,41.63999938964844
2020-01-10,41.849998474121094,41.849998474121094
2020-01-13,41.939998626708984,41.939998626708984
2020-01-14,42.08000183105469,42.08000183105469
2020-01-15,42.119998931884766,42.119998931884766
2020-01-16,42.26499938964844,42.26499938964844
2020-01-17,42.41999816894531,42.41999816894531
2020-01-20,42.459999084472656,42.459999084472656
2020-01-21,42.380001068115234,42.380001068115234
2020-01-22,42.58000183105469,42.58000183105469
2020-01-23,42.15999984741211,42.15999984741211
2020-01-24,42.34000015258789,42.34000015258789
2020-01-27,41.2599983215332,41.2599983215332
2020-01-28,41.59000015258789,41.59000015258789
2020-01-29,41.880001068115234,41.880001068115234
2020-01-30,41.41999816894531,41.41999816894531
2020-01-31,41.25,41.25
2020-02-03,41.33000183105469,41.33000183105469
2020-02-04,41.959999084472656,41.959999084472656
2020-02-05,42.0,42.0
2020-02-06,42.439998626708984,42.439998626708984
2020-02-07,42.13999938964844,42.13999938964844
2020-02-10,42.0,42.0
2020-02-11,42.47999954223633,42.47999954223633
2020-02-12,42.630001068115234,42.630001068115234
2020-02-13,42.459999084472656,42.459999084472656
2020-02-14,42.529998779296875,42.529998779296875
2020-02-17,42.689998626708984,42.689998626708984
2020-02-18,42.2400016784668,42.2400016784668
2020-02-19,42.43000030517578,42.43000030517578
2020-02-20,42.15999984741211,42.15999984741211
2020-02-21,42.02000045776367,42.02000045776367
2020-02-24,40.599998474121094,40.599998474121094
2020-02-25,40.040000915527344,40.040000915527344
2020-02-26,40.0099983215332,40.0099983215332
2020-02-27,38.5099983215332,38.5099983215332
2020-02-28,37.189998626708984,37.189998626708984
2020-03-02,38.08000183105469,38.08000183105469
2020-03-03,38.7599983215332,38.7599983215332
2020-03-04,38.79499816894531,38.79499816894531
2020-03-05,38.900001525878906,38.900001525878906
2020-03-06,37.720001220703125,37.720001220703125
2020-03-09,35.52000045776367,35.52000045776367
2020-03-10,35.20000076293945,35.20000076293945
2020-03-11,35.380001068115234,35.380001068115234
2020-03-12,32.13999938964844,32.13999938964844
2020-03-13,32.189998626708984,32.189998626708984
2020-03-16,31.674999237060547,31.674999237060547
2020-03-17,31.40999984741211,31.40999984741211
2020-03-18,30.19499969482422,30.19499969482422
2020-03-19,30.809999465942383,30.809999465942383
2020-03-20,30.34000015258789,30.34000015258789
2020-03-23,28.579999923706055,28.579999923706055
2020-03-24,30.90999984741211,30.90999984741211
2020-03-25,32.130001068115234,32.130001068115234
2020-03-26,33.599998474121094,33.599998474121094
2020-03-27,32.900001525878906,32.900001525878906
2020-03-30,33.474998474121094,33.474998474121094
2020-03-31,34.09000015258789,34.09000015258789
2020-04-01,32.4900016784668,32.4900016784668
2020-04-02,32.4900016784668,32.4900016784668
2020-04-03,32.209999084472656,32.209999084472656
2020-04-06,33.599998474121094,33.599998474121094
2020-04-07,34.900001525878906,34.900001525878906
2020-04-08,34.90999984741211,34.90999984741211
2020-04-09,35.51499938964844,35.51499938964844
2020-04-14,35.779998779296875,35.779998779296875
2020-04-15,35.01499938964844,35.01499938964844
2020-04-16,35.2400016784668,35.2400016784668
2020-04-17,35.849998474121094,35.849998474121094
2020-04-20,35.970001220703125,35.970001220703125
2020-04-21,34.83000183105469,34.83000183105469
2020-04-22,35.32500076293945,35.32500076293945
2020-04-23,35.75,35.75
2020-04-24,35.33000183105469,35.33000183105469
2020-04-27,36.25,36.25
2020-04-28,36.4900016784668,36.4900016784668
2020-04-29,37.16999816894531,37.16999816894531
2020-04-30,36.88999938964844,36.88999938964844
2020-05-01,35.970001220703125,35.970001220703125
2020-05-04,35.560001373291016,35.560001373291016
2020-05-05,36.4900016784668,36.4900016784668
2020-05-06,36.2400016784668,36.2400016784668
2020-05-07,36.52000045776367,36.52000045776367
2020-05-11,37.04499816894531,37.04499816894531
2020-05-12,37.150001525878906,37.150001525878906
2020-05-13,36.18000030517578,36.18000030517578
2020-05-14,35.619998931884766,35.619998931884766
2020-05-15,35.939998626708984,35.939998626708984
2020-05-18,37.400001525878906,37.400001525878906
2020-05-19,37.540000915527344,37.540000915527344
2020-05-20,37.95000076293945,37.95000076293945
2020-05-21,37.4900016784668,37.4900016784668
2020-05-22,37.38999938964844,37.38999938964844
2020-05-26,38.22999954223633,38.22999954223633
2020-05-27,38.03499984741211,38.03499984741211
2020-05-28,38.79999923706055,38.79999923706055
2020-05-29,38.25,38.25
2020-06-01,38.70000076293945,38.70000076293945
2020-06-02,38.95000076293945,38.95000076293945
2020-06-03,39.790000915527344,39.790000915527344
2020-06-04,39.619998931884766,39.619998931884766
2020-06-05,40.709999084472656,40.709999084472656
2020-06-08,40.56999969482422,40.56999969482422
2020-06-09,40.540000915527344,40.540000915527344
2020-06-10,40.27000045776367,40.27000045776367
2020-06-11,38.9900016784668,38.9900016784668
2020-06-12,38.40999984741211,38.40999984741211
2020-06-15,38.290000915527344,38.290000915527344
2020-06-16,39.560001373291016,39.560001373291016
2020-06-17,39.54499816894531,39.54499816894531
2020-06-18,39.31999969482422,39.31999969482422
2020-06-19,39.560001373291016,39.560001373291016
2020-06-22,39.34000015258789,39.34000015258789
2020-06-23,39.939998626708984,39.939998626708984
2020-06-24,38.779998779296875,38.779998779296875
2020-06-25,38.59000015258789,38.59000015258789
2020-06-26,38.459999084472656,38.459999084472656
2020-06-29,38.619998931884766,38.619998931884766
2020-06-30,38.900001525878906,38.900001525878906
2020-07-01,39.22999954223633,39.22999954223633
2020-07-02,39.72999954223633,39.72999954223633
2020-07-03,39.42499923706055,39.42499923706055
2020-07-06,40.165000915527344,40.165000915527344
2020-07-07,40.099998474121094,40.099998474121094
2020-07-08,39.650001525878906,39.650001525878906
2020-07-09,39.45000076293945,39.45000076293945
2020-07-10,39.75,39.75
2020-07-13,40.435001373291016,40.435001373291016
2020-07-14,39.90999984741211,39.90999984741211
2020-07-15,40.70000076293945,40.70000076293945
2020-07-16,40.31999969482422,40.31999969482422
2020-07-17,40.4900016784668,40.4900016784668
2020-07-20,40.709999084472656,40.709999084472656
2020-07-21,41.15999984741211,41.15999984741211
2020-07-22,41.04999923706055,41.04999923706055
2020-07-23,41.209999084472656,41.209999084472656
2020-07-24,40.439998626708984,40.439998626708984
2020-07-27,40.540000915527344,40.540000915527344
2020-07-28,40.68000030517578,40.68000030517578
2020-07-29,40.72999954223633,40.72999954223633
2020-07-30,40.279998779296875,40.279998779296875
2020-07-31,40.38999938964844,40.38999938964844
2020-08-03,40.959999084472656,40.959999084472656
2020-08-04,41.0099983215332,41.0099983215332
2020-08-05,41.5,41.5
2020-08-06,41.279998779296875,41.279998779296875
2020-08-07,41.59000015258789,41.59000015258789
2020-08-10,41.599998474121094,41.599998474121094
2020-08-11,42.11000061035156,42.11000061035156
2020-08-12,42.26499938964844,42.26499938964844
2020-08-13,42.27000045776367,42.27000045776367
2020-08-14,42.165000915527344,42.165000915527344
2020-08-17,42.31999969482422,42.31999969482422
2020-08-18,42.369998931884766,42.369998931884766
2020-08-19,42.56999969482422,42.56999969482422
2020-08-20,42.22999954223633,42.22999954223633
2020-08-21,42.2599983215332,42.2599983215332
2020-08-24,42.775001525878906,42.775001525878906
2020-08-25,42.900001525878906,42.900001525878906
2020-08-26,43.15999984741211,43.15999984741211
2020-08-27,43.400001525878906,43.400001525878906
2020-08-28,43.40999984741211,43.40999984741211
2020-09-01,43.4900016784668,43.4900016784668
2020-09-02,43.97999954223633,43.97999954223633
2020-09-03,43.09000015258789,43.09000015258789
2020-09-04,42.150001525878906,42.150001525878906
2020-09-07,42.880001068115234,42.880001068115234
2020-09-08,41.970001220703125,41.970001220703125
2020-09-09,42.5,42.5
2020-09-10,42.599998474121094,42.599998474121094
2020-09-11,42.130001068115234,42.130001068115234
2020-09-14,42.650001525878906,42.650001525878906
2020-09-15,43.02000045776367,43.02000045776367
2020-09-16,43.04999923706055,43.04999923706055
2020-09-17,42.5,42.5
2020-09-18,42.22999954223633,42.22999954223633
2020-09-21,40.83000183105469,40.83000183105469
2020-09-22,41.13999938964844,41.13999938964844
2020-09-23,41.650001525878906,41.650001525878906
2020-09-24,41.08000183105469,41.08000183105469
2020-09-25,41.130001068115234,41.130001068115234
2020-09-28,42.060001373291016,42.060001373291016
2020-09-29,42.040000915527344,42.040000915527344
2020-09-30,42.2599983215332,42.2599983215332
2020-10-01,42.5099983215332,42.5099983215332
2020-10-02,42.150001525878906,42.150001525878906
2020-10-05,42.619998931884766,42.619998931884766
2020-10-06,42.72999954223633,42.72999954223633
2020-10-07,42.689998626708984,42.689998626708984
2020-10-08,42.939998626708984,42.939998626708984
2020-10-09,43.470001220703125,43.470001220703125
2020-10-12,44.06999969482422,44.06999969482422
2020-10-13,43.91999816894531,43.91999816894531
2020-10-14,43.790000915527344,43.790000915527344
2020-10-15,43.18000030517578,43.18000030517578
2020-10-16,43.560001373291016,43.560001373291016
2020-10-19,43.41999816894531,43.41999816894531
2020-10-20,43.08000183105469,43.08000183105469
2020-10-21,43.08000183105469,43.08000183105469
2020-10-22,42.95000076293945,42.95000076293945
2020-10-23,43.130001068115234,43.130001068115234
2020-10-26,42.369998931884766,42.369998931884766
2020-10-27,42.400001525878906,42.400001525878906
2020-10-28,41.13999938964844,41.13999938964844
2020-10-29,41.13999938964844,41.13999938964844
2020-10-30,40.8849983215332,40.8849983215332
2020-11-02,41.43000030517578,41.43000030517578
2020-11-03,42.380001068115234,42.380001068115234
2020-11-04,43.43000030517578,43.43000030517578
2020-11-05,44.02000045776367,44.02000045776367
2020-11-06,43.93000030517578,43.93000030517578
2020-11-09,45.349998474121094,45.349998474121094
2020-11-10,44.61000061035156,44.61000061035156
2020-11-11,45.02000045776367,45.02000045776367
2020-11-12,44.75,44.75
2020-11-13,44.834999084472656,44.834999084472656
2020-11-16,45.529998779296875,45.529998779296875
2020-11-17,45.459999084472656,45.459999084472656
2020-11-18,45.47999954223633,45.47999954223633
2020-11-19,45.0099983215332,45.0099983215332
2020-11-20,45.27000045776367,45.27000045776367
2020-11-23,44.869998931884766,44.869998931884766
2020-11-24,45.75,45.75
2020-11-25,45.67499923706055,45.67499923706055
2020-11-26,45.66999816894531,45.66999816894531
2020-11-27,45.88999938964844,45.88999938964844
2020-11-30,45.33000183105469,45.33000183105469
2020-12-01,46.16999816894531,46.16999816894531
2020-12-02,46.14500045776367,46.14500045776367
2020-12-03,46.275001525878906,46.275001525878906
2020-12-04,46.38999938964844,46.38999938964844
2020-12-07,46.40999984741211,46.40999984741211
2020-12-08,46.61000061035156,46.61000061035156
2020-12-09,46.4900016784668,46.4900016784668
2020-12-10,46.33000183105469,46.33000183105469
2020-12-11,46.0099983215332,46.0099983215332
2020-12-14,46.31999969482422,46.31999969482422
2020-12-15,46.27000045776367,46.27000045776367
2020-12-16,46.58000183105469,46.58000183105469
2020-12-17,46.90999984741211,46.90999984741211
2020-12-18,46.689998626708984,46.689998626708984
2020-12-21,46.150001525878906,46.150001525878906
2020-12-22,46.529998779296875,46.529998779296875
2020-12-23,46.650001525878906,46.650001525878906
2020-12-24,46.630001068115234,46.630001068115234
2020-12-29,47.38999938964844,47.38999938964844
2020-12-30,47.31999969482422,47.31999969482422
2020-12-31,47.209999084472656,47.209999084472656
2021-01-04,46.91999816894531,46.91999816894531
2021-01-05,47.005001068115234,47.005001068115234
2021-01-06,47.63999938964844,47.63999938964844
2021-01-07,47.86000061035156,47.86000061035156
2021-01-08,48.08000183105469,48.08000183105469
2021-01-11,47.959999084472656,47.959999084472656
2021-01-12,47.75,47.75
2021-01-13,47.84000015258789,47.84000015258789
2021-01-14,47.900001525878906,47.900001525878906
2021-01-15,47.38999938964844,47.38999938964844
2021-01-18,47.38999938964844,47.38999938964844
2021-01-19,47.5,47.5
2021-01-20,48.040000915527344,48.040000915527344
2021-01-21,48.18000030517578,48.18000030517578
2021-01-22,48.04999923706055,48.04999923706055
2021-01-25,47.83000183105469,47.83000183105469
2021-01-26,48.150001525878906,48.150001525878906
2021-01-27,47.400001525878906,47.400001525878906
2021-01-28,47.54999923706055,47.54999923706055
2021-01-29,46.45000076293945,46.45000076293945
2021-02-01,46.849998474121094,46.849998474121094
2021-02-02,47.630001068115234,47.630001068115234
2021-02-03,47.58000183105469,47.58000183105469
2021-02-04,47.79999923706055,47.79999923706055
2021-02-05,48.130001068115234,48.130001068115234
2021-02-08,48.22999954223633,48.22999954223633
2021-02-09,48.400001525878906,48.400001525878906
2021-02-10,48.32500076293945,48.32500076293945
2021-02-11,48.65999984741211,48.65999984741211
2021-02-12,48.7400016784668,48.7400016784668
2021-02-15,49.220001220703125,49.220001220703125
2021-02-16,49.0,49.0
2021-02-17,48.58000183105469,48.58000183105469
2021-02-18,48.560001373291016,48.560001373291016
2021-02-19,48.88999938964844,48.88999938964844
2021-02-22,48.369998931884766,48.369998931884766
2021-02-23,48.279998779296875,48.279998779296875
2021-02-24,48.47999954223633,48.47999954223633
2021-02-25,48.45500183105469,48.45500183105469
2021-02-26,47.66999816894531,47.66999816894531
2021-03-01,48.369998931884766,48.369998931884766
2021-03-02,48.220001220703125,48.220001220703125
2021-03-03,48.0099983215332,48.0099983215332
2021-03-04,47.5,47.5
2021-03-05,46.619998931884766,46.619998931884766
2021-03-08,48.040000915527344,48.040000915527344
2021-03-09,48.290000915527344,48.290000915527344
2021-03-10,48.27000045776367,48.27000045776367
2021-03-11,49.06999969482422,49.06999969482422
2021-03-12,48.6349983215332,48.6349983215332
2021-03-15,48.810001373291016,48.810001373291016
2021-03-16,49.2599983215332,49.2599983215332
2021-03-17,48.935001373291016,48.935001373291016
2021-03-18,48.9900016784668,48.9900016784668
2021-03-19,48.68000030517578,48.68000030517578
2021-03-22,48.88999938964844,48.88999938964844
2021-03-23,48.869998931884766,48.869998931884766
2021-03-24,48.81999969482422,48.81999969482422
2021-03-25,48.5,48.5
2021-03-26,49.11000061035156,49.11000061035156
2021-03-29,49.33000183105469,49.33000183105469
2021-03-30,49.20000076293945,49.20000076293945
2021-03-31,49.470001220703125,49.470001220703125
2021-04-01,49.86000061035156,49.86000061035156
2021-04-06,50.685001373291016,50.685001373291016
2021-04-07,50.540000915527344,50.540000915527344
2021-04-08,50.81999969482422,50.81999969482422
2021-04-09,51.0,51.0
2021-04-12,51.040000915527344,51.040000915527344
2021-04-13,51.09000015258789,51.09000015258789
2021-04-14,51.27000045776367,51.27000045776367
2021-04-15,51.54999923706055,51.54999923706055
2021-04-16,51.79999923706055,51.79999923706055
2021-04-19,51.75,51.75
2021-04-20,51.25,51.25
2021-04-21,51.72999954223633,51.72999954223633
2021-04-22,51.900001525878906,51.900001525878906
2021-04-23,51.9900016784668,51.9900016784668
2021-04-26,52.04999923706055,52.04999923706055
2021-04-27,51.9900016784668,51.9900016784668
2021-04-28,52.029998779296875,52.029998779296875
2021-04-29,52.189998626708984,52.189998626708984
2021-04-30,51.90999984741211,51.90999984741211
2021-05-04,51.54999923706055,51.54999923706055
2021-05-05,52.15999984741211,52.15999984741211
2021-05-06,52.150001525878906,52.150001525878906
2021-05-07,52.81999969482422,52.81999969482422
2021-05-10,52.880001068115234,52.880001068115234
2021-05-11,51.900001525878906,51.900001525878906
2021-05-12,51.27000045776367,51.27000045776367
2021-05-13,51.380001068115234,51.380001068115234
2021-05-14,52.130001068115234,52.130001068115234
2021-05-17,52.0,52.0
2021-05-18,52.130001068115234,52.130001068115234
2021-05-19,51.369998931884766,51.369998931884766
2021-05-20,52.29999923706055,52.29999923706055
2021-05-21,52.5099983215332,52.5099983215332
2021-05-24,52.72999954223633,52.72999954223633
2021-05-25,52.77000045776367,52.77000045776367
2021-05-26,52.7599983215332,52.7599983215332
2021-05-27,52.86000061035156,52.86000061035156
2021-05-28,52.959999084472656,52.959999084472656
2021-06-01,52.939998626708984,52.939998626708984
2021-06-02,52.994998931884766,52.994998931884766
2021-06-03,52.79499816894531,52.79499816894531
2021-06-04,53.185001373291016,53.185001373291016
2021-06-07,53.150001525878906,53.150001525878906
2021-06-08,53.22999954223633,53.22999954223633
2021-06-09,53.29999923706055,53.29999923706055
2021-06-10,53.34000015258789,53.34000015258789
2021-06-11,53.459999084472656,53.459999084472656
2021-06-14,53.5099983215332,53.5099983215332
2021-06-15,53.58000183105469,53.58000183105469
2021-06-16,53.7400016784668,53.7400016784668
2021-06-17,53.25,53.25
2021-06-18,52.58000183105469,52.58000183105469
2021-06-21,53.08000183105469,53.08000183105469
2021-06-22,53.34000015258789,53.34000015258789
2021-06-23,53.34000015258789,53.34000015258789
2021-06-24,53.5099983215332,53.5099983215332
2021-06-25,53.880001068115234,53.880001068115234
2021-06-28,53.88999938964844,53.88999938964844
2021-06-29,54.09000015258789,54.09000015258789
2021-06-30,53.869998931884766,53.869998931884766
2021-07-01,54.040000915527344,54.040000915527344
2021-07-02,54.400001525878906,54.400001525878906
2021-07-05,54.625,54.625
2021-07-06,54.2599983215332,54.2599983215332
2021-07-07,54.650001525878906,54.650001525878906
2021-07-08,54.150001525878906,54.150001525878906
2021-07-09,54.689998626708984,54.689998626708984
2021-07-12,54.959999084472656,54.959999084472656
2021-07-13,55.11000061035156,55.11000061035156
2021-07-14,54.9900016784668,54.9900016784668
2021-07-15,54.779998779296875,54.779998779296875
2021-07-16,54.68000030517578,54.68000030517578
2021-07-19,53.724998474121094,53.724998474121094
2021-07-20,54.189998626708984,54.189998626708984
2021-07-21,54.720001220703125,54.720001220703125
2021-07-22,54.86000061035156,54.86000061035156
2021-07-23,55.54999923706055,55.54999923706055
2021-07-26,55.599998474121094,55.599998474121094
2021-07-27,55.119998931884766,55.119998931884766
2021-07-28,55.43000030517578,55.43000030517578
2021-07-29,55.720001220703125,55.720001220703125
2021-07-30,55.52000045776367,55.52000045776367
2021-08-02,55.81999969482422,55.81999969482422
2021-08-03,55.66999816894531,55.66999816894531
2021-08-04,55.88999938964844,55.88999938964844
2021-08-05,56.11000061035156,56.11000061035156
2021-08-06,56.0099983215332,56.0099983215332
2021-08-09,56.02000045776367,56.02000045776367
2021-08-10,56.095001220703125,56.095001220703125
2021-08-11,56.22999954223633,56.22999954223633
2021-08-12,56.2400016784668,56.2400016784668
2021-08-13,56.4900016784668,56.4900016784668
2021-08-16,56.38999938964844,56.38999938964844
2021-08-17,56.34000015258789,56.34000015258789
2021-08-18,56.150001525878906,56.150001525878906
2021-08-19,55.72999954223633,55.72999954223633
2021-08-20,56.16999816894531,56.16999816894531
2021-08-23,56.81999969482422,56.81999969482422
2021-08-24,56.779998779296875,56.779998779296875
2021-08-25,56.790000915527344,56.790000915527344
2021-08-26,56.52000045776367,56.52000045776367
2021-08-27,56.900001525878906,56.900001525878906
2021-08-31,57.029998779296875,57.029998779296875
2021-09-01,57.06999969482422,57.06999969482422
2021-09-02,57.290000915527344,57.290000915527344
2021-09-03,57.27000045776367,57.27000045776367
2021-09-06,57.529998779296875,57.529998779296875
2021-09-07,56.9900016784668,56.9900016784668
2021-09-08,56.619998931884766,56.619998931884766
2021-09-09,56.70000076293945,56.70000076293945
2021-09-10,56.560001373291016,56.560001373291016
2021-09-13,56.439998626708984,56.439998626708984
2021-09-14,56.36000061035156,56.36000061035156
2021-09-15,56.20000076293945,56.20000076293945
2021-09-16,56.13999938964844,56.13999938964844
2021-09-17,55.709999084472656,55.709999084472656
2021-09-20,54.709999084472656,54.709999084472656
2021-09-21,55.11000061035156,55.11000061035156
2021-09-22,55.34000015258789,55.34000015258789
2021-09-23,55.86000061035156,55.86000061035156
2021-09-24,55.45000076293945,55.45000076293945
2021-09-27,55.27000045776367,55.27000045776367
2021-09-28,53.93000030517578,53.93000030517578
2021-09-29,54.0099983215332,54.0099983215332
2021-09-30,53.779998779296875,53.779998779296875
2021-10-01,53.470001220703125,53.470001220703125
2021-10-04,52.939998626708984,52.939998626708984
2021-10-05,53.790000915527344,53.790000915527344
2021-10-06,53.09000015258789,53.09000015258789
2021-10-07,54.470001220703125,54.470001220703125
2021-10-08,54.220001220703125,54.220001220703125
2021-10-11,54.369998931884766,54.369998931884766
2021-10-12,53.90999984741211,53.90999984741211
2021-10-13,53.970001220703125,53.970001220703125
2021-10-14,55.0099983215332,55.0099983215332
2021-10-15,55.470001220703125,55.470001220703125
2021-10-18,55.619998931884766,55.619998931884766
2021-10-19,56.189998626708984,56.189998626708984
2021-10-20,56.290000915527344,56.290000915527344
2021-10-21,56.349998474121094,56.349998474121094
2021-10-22,56.47999954223633,56.47999954223633
2021-10-25,56.810001373291016,56.810001373291016
2021-10-26,56.939998626708984,56.939998626708984
2021-10-27,56.790000915527344,56.790000915527344
2021-10-28,57.09000015258789,57.09000015258789
2021-10-29,57.20000076293945,57.20000076293945
2021-11-01,57.349998474121094,57.349998474121094
2021-11-02,57.58000183105469,57.58000183105469
2021-11-03,57.540000915527344,57.540000915527344
2021-11-04,58.150001525878906,58.150001525878906
2021-11-05,58.40999984741211,58.40999984741211
2021-11-08,58.22999954223633,58.22999954223633
2021-11-09,58.220001220703125,58.220001220703125
2021-11-10,58.04999923706055,58.04999923706055
2021-11-11,57.8650016784668,57.8650016784668
2021-11-12,58.38999938964844,58.38999938964844
2021-11-15,58.56999969482422,58.56999969482422
2021-11-16,58.56999969482422,58.56999969482422
2021-11-17,58.2400016784668,58.2400016784668
2021-11-18,58.27000045776367,58.27000045776367
2021-11-19,58.540000915527344,58.540000915527344
2021-11-22,58.380001068115234,58.380001068115234
2021-11-23,57.58000183105469,57.58000183105469
2021-11-24,57.650001525878906,57.650001525878906
2021-11-25,58.029998779296875,58.029998779296875
2021-11-26,56.65999984741211,56.65999984741211
2021-11-29,57.16999816894531,57.16999816894531
2021-11-30,56.4900016784668,56.4900016784668
2021-12-01,57.22999954223633,57.22999954223633
2021-12-02,56.06999969482422,56.06999969482422
2021-12-03,55.88999938964844,55.88999938964844
2021-12-06,56.22999954223633,56.22999954223633
2021-12-07,57.63999938964844,57.63999938964844
2021-12-08,57.70000076293945,57.70000076293945
2021-12-09,57.720001220703125,57.720001220703125
2021-12-10,57.540000915527344,57.540000915527344
2021-12-13,57.43000030517578,57.43000030517578
2021-12-14,56.619998931884766,56.619998931884766
2021-12-15,56.76499938964844,56.76499938964844
2021-12-16,57.66999816894531,57.66999816894531
2021-12-17,56.869998931884766,56.869998931884766
2021-12-20,55.61000061035156,55.61000061035156
2021-12-21,56.400001525878906,56.400001525878906
2021-12-22,57.2599983215332,57.2599983215332
2021-12-23,57.790000915527344,57.790000915527344
2021-12-24,57.76499938964844,57.76499938964844
2021-12-29,58.45000076293945,58.45000076293945
2021-12-30,58.70000076293945,58.70000076293945
2021-12-31,58.400001525878906,58.400001525878906
2022-01-04,58.189998626708984,58.189998626708984
2022-01-05,58.0099983215332,58.0099983215332
2022-01-06,56.9900016784668,56.9900016784668
2022-01-07,56.68000030517578,56.68000030517578
2022-01-10,55.63999938964844,55.63999938964844
2022-01-11,56.43000030517578,56.43000030517578
2022-01-12,57.040000915527344,57.040000915527344
2022-01-13,57.060001373291016,57.060001373291016
2022-01-14,55.869998931884766,55.869998931884766
2022-01-17,56.23500061035156,56.23500061035156
2022-01-18,55.20000076293945,55.20000076293945
2022-01-19,55.2400016784668,55.2400016784668
2022-01-20,55.68000030517578,55.68000030517578
2022-01-21,54.459999084472656,54.459999084472656
2022-01-24,52.130001068115234,52.130001068115234
2022-01-25,52.4900016784668,52.4900016784668
2022-01-26,53.59000015258789,53.59000015258789
2022-01-27,53.220001220703125,53.220001220703125
2022-01-28,52.79999923706055,52.79999923706055
2022-01-31,53.97999954223633,53.97999954223633
2022-02-01,54.5099983215332,54.5099983215332
2022-02-02,55.2599983215332,55.2599983215332
2022-02-03,54.52000045776367,54.52000045776367
2022-02-04,53.720001220703125,53.720001220703125
2022-02-07,53.869998931884766,53.869998931884766
2022-02-08,53.900001525878906,53.900001525878906
2022-02-09,54.95000076293945,54.95000076293945
2022-02-10,54.689998626708984,54.689998626708984
2022-02-11,53.72999954223633,53.72999954223633
2022-02-14,52.72999954223633,52.72999954223633
2022-02-15,53.5,53.5
2022-02-16,53.31999969482422,53.31999969482422
2022-02-17,53.13999938964844,53.13999938964844
2022-02-18,52.400001525878906,52.400001525878906
2022-02-21,51.790000915527344,51.790000915527344
2022-02-22,51.97999954223633,51.97999954223633
2022-02-23,51.540000915527344,51.540000915527344
2022-02-24,50.290000915527344,50.290000915527344
2022-02-25,52.45000076293945,52.45000076293945
2022-02-28,52.79999923706055,52.79999923706055
2022-03-01,52.04999923706055,52.04999923706055
2022-03-02,52.7400016784668,52.7400016784668
2022-03-03,52.310001373291016,52.310001373291016
2022-03-04,51.27000045776367,51.27000045776367
2022-03-07,50.7400016784668,50.7400016784668
2022-03-08,49.75,49.75
2022-03-09,51.349998474121094,51.349998474121094
2022-03-10,50.54999923706055,50.54999923706055
2022-03-11,50.779998779296875,50.779998779296875
2022-03-14,50.36000061035156,50.36000061035156
2022-03-15,50.54999923706055,50.54999923706055
2022-03-16,51.84000015258789,51.84000015258789
2022-03-17,52.59000015258789,52.59000015258789
2022-03-18,53.310001373291016,53.310001373291016
2022-03-21,53.349998474121094,53.349998474121094
2022-03-22,53.900001525878906,53.900001525878906
2022-03-23,53.599998474121094,53.599998474121094
2022-03-24,53.630001068115234,53.630001068115234
2022-03-25,53.86000061035156,53.86000061035156
2022-03-28,53.849998474121094,53.849998474121094
2022-03-29,55.09000015258789,55.09000015258789
2022-03-30,55.27000045776367,55.27000045776367
2022-03-31,54.91999816894531,54.91999816894531
2022-04-01,54.310001373291016,54.310001373291016
2022-04-04,54.81999969482422,54.81999969482422
2022-04-05,54.70000076293945,54.70000076293945
2022-04-06,53.560001373291016,53.560001373291016
2022-04-07,53.41999816894531,53.41999816894531
2022-04-08,54.04999923706055,54.04999923706055
2022-04-11,53.099998474121094,53.099998474121094
2022-04-12,53.31999969482422,53.31999969482422
2022-04-13,53.16999816894531,53.16999816894531
2022-04-14,53.130001068115234,53.130001068115234
2022-04-19,53.08000183105469,53.08000183105469
2022-04-20,53.40999984741211,53.40999984741211
2022-04-21,53.290000915527344,53.290000915527344
2022-04-22,51.790000915527344,51.790000915527344
2022-04-25,50.59000015258789,50.59000015258789
2022-04-26,50.380001068115234,50.380001068115234
2022-04-27,50.41999816894531,50.41999816894531
2022-04-28,50.619998931884766,50.619998931884766
2022-04-29,50.970001220703125,50.970001220703125
2022-05-03,50.5,50.5
2022-05-04,49.869998931884766,49.869998931884766
2022-05-05,49.88999938964844,49.88999938964844
2022-05-06,49.279998779296875,49.279998779296875
2022-05-09,47.790000915527344,47.790000915527344
2022-05-10,47.54999923706055,47.54999923706055
2022-05-11,48.20000076293945,48.20000076293945
2022-05-12,47.20000076293945,47.20000076293945
2022-05-13,48.310001373291016,48.310001373291016
2022-05-16,48.0,48.0
2022-05-17,48.84000015258789,48.84000015258789
2022-05-18,47.77000045776367,47.77000045776367
2022-05-19,47.11000061035156,47.11000061035156
2022-05-20,46.849998474121094,46.849998474121094
2022-05-23,47.97999954223633,47.97999954223633
2022-05-24,47.029998779296875,47.029998779296875
2022-05-25,47.59000015258789,47.59000015258789
2022-05-26,48.619998931884766,48.619998931884766
2022-05-27,49.59000015258789,49.59000015258789
2022-05-30,50.334999084472656,50.334999084472656
2022-05-31,49.5099983215332,49.5099983215332
2022-06-01,49.06999969482422,49.06999969482422
2022-06-06,49.72999954223633,49.72999954223633
2022-06-07,49.57500076293945,49.57500076293945
2022-06-08,49.900001525878906,49.900001525878906
2022-06-09,49.0,49.0
2022-06-10,46.88999938964844,46.88999938964844
2022-06-13,45.47999954223633,45.47999954223633
2022-06-14,45.09000015258789,45.09000015258789
2022-06-15,45.36000061035156,45.36000061035156
2022-06-16,44.470001220703125,44.470001220703125
2022-06-17,44.27000045776367,44.27000045776367
2022-06-20,44.599998474121094,44.599998474121094
2022-06-21,45.279998779296875,45.279998779296875
2022-06-22,45.209999084472656,45.209999084472656
2022-06-23,45.099998474121094,45.099998474121094
2022-06-24,46.400001525878906,46.400001525878906
2022-06-27,46.95000076293945,46.95000076293945
2022-06-28,46.36000061035156,46.36000061035156
2022-06-29,45.77000045776367,45.77000045776367
2022-06-30,45.380001068115234,45.380001068115234
2022-07-01,45.08000183105469,45.08000183105469
2022-07-04,45.47999954223633,45.47999954223633
2022-07-05,44.709999084472656,44.709999084472656
2022-07-06,45.369998931884766,45.369998931884766
2022-07-07,46.29999923706055,46.29999923706055
2022-07-08,46.59000015258789,46.59000015258789
2022-07-11,46.02000045776367,46.02000045776367
2022-07-12,46.04999923706055,46.04999923706055
2022-07-13,45.38999938964844,45.38999938964844
2022-07-14,44.75,44.75
2022-07-15,45.89500045776367,45.89500045776367
2022-07-18,46.400001525878906,46.400001525878906
2022-07-19,46.709999084472656,46.709999084472656
2022-07-20,47.20000076293945,47.20000076293945
2022-07-21,47.310001373291016,47.310001373291016
2022-07-22,47.31999969482422,47.31999969482422
2022-07-25,47.2400016784668,47.2400016784668
2022-07-26,46.790000915527344,46.790000915527344
2022-07-27,47.209999084472656,47.209999084472656
2022-07-28,48.04999923706055,48.04999923706055
2022-07-29,48.560001373291016,48.560001373291016
2022-08-01,49.09000015258789,49.09000015258789
2022-08-02,48.66999816894531,48.66999816894531
2022-08-03,48.709999084472656,48.709999084472656
2022-08-04,48.970001220703125,48.970001220703125
2022-08-05,48.540000915527344,48.540000915527344
2022-08-08,49.099998474121094,49.099998474121094
2022-08-09,48.619998931884766,48.619998931884766
2022-08-10,49.599998474121094,49.599998474121094
2022-08-11,49.84000015258789,49.84000015258789
2022-08-12,49.81999969482422,49.81999969482422
2022-08-15,50.02000045776367,50.02000045776367
2022-08-16,50.29999923706055,50.29999923706055
2022-08-17,49.90999984741211,49.90999984741211
2022-08-18,50.13999938964844,50.13999938964844
2022-08-19,49.4900016784668,49.4900016784668
2022-08-22,48.77000045776367,48.77000045776367
2022-08-23,48.56999969482422,48.56999969482422
2022-08-24,48.67499923706055,48.67499923706055
2022-08-25,48.90999984741211,48.90999984741211
2022-08-26,48.36000061035156,48.36000061035156
2022-08-30,46.939998626708984,46.939998626708984
2022-08-31,46.7400016784668,46.7400016784668
2022-09-01,45.869998931884766,45.869998931884766
2022-09-02,46.90999984741211,46.90999984741211
2022-09-05,46.130001068115234,46.130001068115234
2022-09-06,46.15999984741211,46.15999984741211
2022-09-07,46.11000061035156,46.11000061035156
2022-09-08,46.81999969482422,46.81999969482422
2022-09-09,47.59000015258789,47.59000015258789
2022-09-12,48.209999084472656,48.209999084472656
2022-09-13,46.689998626708984,46.689998626708984
2022-09-14,46.209999084472656,46.209999084472656
2022-09-15,45.86000061035156,45.86000061035156
2022-09-16,45.130001068115234,45.130001068115234
2022-09-20,44.95000076293945,44.95000076293945
2022-09-21,45.095001220703125,45.095001220703125
2022-09-22,43.93000030517578,43.93000030517578
2022-09-23,43.11000061035156,43.11000061035156
2022-09-26,42.790000915527344,42.790000915527344
2022-09-27,42.67499923706055,42.67499923706055
2022-09-28,43.06999969482422,43.06999969482422
2022-09-29,42.69499969482422,42.69499969482422
2022-09-30,42.95000076293945,42.95000076293945
2022-10-03,43.099998474121094,43.099998474121094
2022-10-04,44.6150016784668,44.6150016784668
2022-10-05,44.11000061035156,44.11000061035156
2022-10-06,44.400001525878906,44.400001525878906
2022-10-07,43.220001220703125,43.220001220703125
2022-10-10,42.70000076293945,42.70000076293945
2022-10-11,42.66999816894531,42.66999816894531
2022-10-12,42.439998626708984,42.439998626708984
2022-10-13,42.58000183105469,42.58000183105469
2022-10-14,42.52000045776367,42.52000045776367
2022-10-17,43.279998779296875,43.279998779296875
2022-10-18,43.42499923706055,43.42499923706055
2022-10-19,43.404998779296875,43.404998779296875
2022-10-20,43.54999923706055,43.54999923706055
2022-10-21,43.27000045776367,43.27000045776367
2022-10-24,44.18000030517578,44.18000030517578
2022-10-25,45.0,45.0
2022-10-26,45.630001068115234,45.630001068115234
2022-10-27,44.97999954223633,44.97999954223633
2022-10-28,45.20000076293945,45.20000076293945
2022-10-31,45.16999816894531,45.16999816894531
2022-11-01,45.119998931884766,45.119998931884766
2022-11-02,44.95000076293945,44.95000076293945
2022-11-03,43.90999984741211,43.90999984741211
2022-11-04,44.279998779296875,44.279998779296875
2022-11-07,44.939998626708984,44.939998626708984
2022-11-08,45.790000915527344,45.790000915527344
2022-11-09,45.310001373291016,45.310001373291016
2022-11-10,46.88999938964844,46.88999938964844
2022-11-11,47.54999923706055,47.54999923706055
2022-11-14,47.93000030517578,47.93000030517578
2022-11-15,48.220001220703125,48.220001220703125
2022-11-16,47.7400016784668,47.7400016784668
2022-11-17,47.154998779296875,47.154998779296875
2022-11-18,47.73500061035156,47.73500061035156
2022-11-21,47.38999938964844,47.38999938964844
2022-11-22,47.810001373291016,47.810001373291016
2022-11-23,48.46500015258789,48.46500015258789
2022-11-24,48.73500061035156,48.73500061035156
2022-11-25,48.540000915527344,48.540000915527344
2022-11-28,48.15999984741211,48.15999984741211
2022-11-29,47.72999954223633,47.72999954223633
2022-11-30,48.04999923706055,48.04999923706055
2022-12-01,49.40999984741211,49.40999984741211
2022-12-02,49.16999816894531,49.16999816894531
2022-12-05,48.810001373291016,48.810001373291016
2022-12-06,48.25,48.25
2022-12-07,47.915000915527344,47.915000915527344
2022-12-08,48.290000915527344,48.290000915527344
2022-12-09,48.41999816894531,48.41999816894531
2022-12-12,48.130001068115234,48.130001068115234
2022-12-13,49.52000045776367,49.52000045776367
2022-12-14,49.459999084472656,49.459999084472656
2022-12-15,47.7400016784668,47.7400016784668
2022-12-16,47.15999984741211,47.15999984741211
2022-12-19,46.959999084472656,46.959999084472656
2022-12-20,46.75,46.75
2022-12-21,47.66999816894531,47.66999816894531
2022-12-22,46.869998931884766,46.869998931884766
2022-12-23,47.10499954223633,47.10499954223633
2022-12-28,46.869998931884766,46.869998931884766
2022-12-29,47.334999084472656,47.334999084472656
2022-12-30,47.150001525878906,47.150001525878906
2023-01-03,46.994998931884766,46.994998931884766
2023-01-04,47.540000915527344,47.540000915527344
2023-01-05,46.94499969482422,46.94499969482422
2023-01-06,47.88999938964844,47.88999938964844
2023-01-09,48.7400016784668,48.7400016784668
2023-01-10,48.11000061035156,48.11000061035156
2023-01-11,48.619998931884766,48.619998931884766
2023-01-12,49.029998779296875,49.029998779296875
2023-01-13,49.06999969482422,49.06999969482422
2023-01-16,49.41999816894531,49.41999816894531
2023-01-17,49.400001525878906,49.400001525878906
2023-01-18,49.25,49.25
2023-01-19,48.3650016784668,48.3650016784668
2023-01-20,48.849998474121094,48.849998474121094
2023-01-23,49.720001220703125,49.720001220703125
2023-01-24,49.63999938964844,49.63999938964844
2023-01-25,49.31999969482422,49.31999969482422
2023-01-26,49.64500045776367,49.64500045776367
2023-01-27,50.06999969482422,50.06999969482422
2023-01-30,49.7599983215332,49.7599983215332
2023-01-31,49.72999954223633,49.72999954223633
2023-02-01,49.869998931884766,49.869998931884766
2023-02-02,51.25,51.25
2023-02-03,51.2599983215332,51.2599983215332
2023-02-06,50.45000076293945,50.45000076293945
2023-02-07,50.43000030517578,50.43000030517578
2023-02-08,50.400001525878906,50.400001525878906
2023-02-09,50.52000045776367,50.52000045776367
2023-02-10,49.90999984741211,49.90999984741211
2023-02-13,50.48500061035156,50.48500061035156
2023-02-14,50.369998931884766,50.369998931884766
2023-02-15,50.33000183105469,50.33000183105469
2023-02-16,50.31999969482422,50.31999969482422
2023-02-17,49.65999984741211,49.65999984741211
2023-02-20,49.904998779296875,49.904998779296875
2023-02-21,49.279998779296875,49.279998779296875
2023-02-22,49.0099983215332,49.0099983215332
2023-02-23,48.95000076293945,48.95000076293945
2023-02-24,48.5099983215332,48.5099983215332
2023-02-27,48.86000061035156,48.86000061035156
2023-02-28,48.86000061035156,48.86000061035156
2023-03-01,48.650001525878906,48.650001525878906
2023-03-02,48.61000061035156,48.61000061035156
2023-03-03,49.3849983215332,49.3849983215332
2023-03-06,49.90999984741211,49.90999984741211
2023-03-07,49.209999084472656,49.209999084472656
2023-03-08,48.93000030517578,48.93000030517578
2023-03-09,49.130001068115234,49.130001068115234
2023-03-10,48.540000915527344,48.540000915527344
2023-03-13,47.790000915527344,47.790000915527344
2023-03-14,48.34000015258789,48.34000015258789
2023-03-15,47.29999923706055,47.29999923706055
2023-03-16,48.290000915527344,48.290000915527344
2023-03-17,48.31999969482422,48.31999969482422
2023-03-20,48.505001068115234,48.505001068115234
2023-03-21,48.9900016784668,48.9900016784668
2023-03-22,49.18000030517578,49.18000030517578
2023-03-23,49.46500015258789,49.46500015258789
2023-03-24,48.75,48.75
2023-03-27,49.10499954223633,49.10499954223633
2023-03-28,49.08000183105469,49.08000183105469
2023-03-29,49.529998779296875,49.529998779296875
2023-03-30,49.994998931884766,49.994998931884766
2023-03-31,50.380001068115234,50.380001068115234
2023-04-03,50.650001525878906,50.650001525878906
2023-04-04,50.56999969482422,50.56999969482422
2023-04-05,50.40999984741211,50.40999984741211
2023-04-06,50.40999984741211,50.40999984741211
2023-04-11,50.834999084472656,50.834999084472656
2023-04-12,50.880001068115234,50.880001068115234
2023-04-13,51.119998931884766,51.119998931884766
2023-04-14,51.15999984741211,51.15999984741211
2023-04-17,50.9900016784668,50.9900016784668
2023-04-18,51.31999969482422,51.31999969482422
2023-04-19,51.13999938964844,51.13999938964844
2023-04-20,51.220001220703125,51.220001220703125
2023-04-21,51.220001220703125,51.220001220703125
2023-04-24,51.220001220703125,51.220001220703125
2023-04-25,50.91999816894531,50.91999816894531
2023-04-26,50.63999938964844,50.63999938964844
2023-04-27,50.880001068115234,50.880001068115234
2023-04-28,51.404998779296875,51.404998779296875
2023-05-02,50.720001220703125,50.720001220703125
2023-05-03,51.13999938964844,51.13999938964844
2023-05-04,50.470001220703125,50.470001220703125
2023-05-05,51.130001068115234,51.130001068115234
2023-05-09,51.130001068115234,51.130001068115234
2023-05-10,51.130001068115234,51.130001068115234
2023-05-11,51.09000015258789,51.09000015258789
2023-05-12,51.060001373291016,51.060001373291016
2023-05-15,51.22999954223633,51.22999954223633
2023-05-16,51.06999969482422,51.06999969482422
2023-05-17,51.099998474121094,51.099998474121094
2023-05-18,51.6150016784668,51.6150016784668
2023-05-19,51.83000183105469,51.83000183105469
2023-05-22,51.90999984741211,51.90999984741211
2023-05-23,51.529998779296875,51.529998779296875
2023-05-24,50.689998626708984,50.689998626708984
2023-05-25,51.119998931884766,51.119998931884766
2023-05-26,51.720001220703125,51.720001220703125
2023-05-30,51.900001525878906,51.900001525878906
2023-05-31,51.18000030517578,51.18000030517578
2023-06-01,51.689998626708984,51.689998626708984
2023-06-02,52.53499984741211,52.53499984741211
2023-06-05,52.54999923706055,52.54999923706055
2023-06-06,52.5,52.5
2023-06-07,52.43000030517578,52.43000030517578
2023-06-08,52.380001068115234,52.380001068115234
2023-06-09,52.459999084472656,52.459999084472656
2023-06-12,52.52000045776367,52.52000045776367
2023-06-13,53.290000915527344,53.290000915527344
2023-06-14,53.689998626708984,53.689998626708984
2023-06-15,53.9900016784668,53.9900016784668
2023-06-16,54.29999923706055,54.29999923706055
2023-06-19,53.90999984741211,53.90999984741211
2023-06-20,53.560001373291016,53.560001373291016
2023-06-21,53.4900016784668,53.4900016784668
2023-06-22,53.400001525878906,53.400001525878906
2023-06-23,53.064998626708984,53.064998626708984
2023-06-26,53.02000045776367,53.02000045776367
2023-06-27,53.25,53.25
2023-06-28,53.529998779296875,53.529998779296875
2023-06-29,53.61000061035156,53.61000061035156
2023-06-30,54.150001525878906,54.150001525878906
2023-07-03,54.150001525878906,54.150001525878906
2023-07-04,54.22999954223633,54.22999954223633
2023-07-05,54.119998931884766,54.119998931884766
2023-07-06,53.189998626708984,53.189998626708984
2023-07-07,53.45000076293945,53.45000076293945
2023-07-10,53.40999984741211,53.40999984741211
2023-07-11,53.65999984741211,53.65999984741211
2023-07-12,54.56999969482422,54.56999969482422
2023-07-13,55.029998779296875,55.029998779296875
2023-07-14,55.45000076293945,55.45000076293945
2023-07-17,55.31999969482422,55.31999969482422
2023-07-18,55.439998626708984,55.439998626708984
2023-07-19,55.68000030517578,55.68000030517578
2023-07-20,55.459999084472656,55.459999084472656
2023-07-21,55.529998779296875,55.529998779296875
2023-07-24,55.525001525878906,55.525001525878906
2023-07-25,55.79999923706055,55.79999923706055
2023-07-26,55.66999816894531,55.66999816894531
2023-07-27,56.150001525878906,56.150001525878906
2023-07-28,56.09000015258789,56.09000015258789
2023-07-31,56.04999923706055,56.04999923706055
2023-08-01,55.75,55.75
2023-08-02,55.13999938964844,55.13999938964844
2023-08-03,54.84000015258789,54.84000015258789
2023-08-04,55.08000183105469,55.08000183105469
2023-08-07,54.880001068115234,54.880001068115234
2023-08-08,54.86000061035156,54.86000061035156
2023-08-09,54.939998626708984,54.939998626708984
2023-08-10,55.31999969482422,55.31999969482422
2023-08-11,54.54999923706055,54.54999923706055
2023-08-14,54.77000045776367,54.77000045776367
2023-08-15,54.58000183105469,54.58000183105469
2023-08-16,54.54999923706055,54.54999923706055
2023-08-17,54.02000045776367,54.02000045776367
2023-08-18,53.540000915527344,53.540000915527344
2023-08-21,53.75,53.75
2023-08-22,54.03499984741211,54.03499984741211
2023-08-23,54.41999816894531,54.41999816894531
2023-08-24,54.150001525878906,54.150001525878906
2023-08-25,53.79499816894531,53.79499816894531
2023-08-29,55.029998779296875,55.029998779296875
2023-08-30,55.43000030517578,55.43000030517578
2023-08-31,55.380001068115234,55.380001068115234
2023-09-01,55.349998474121094,55.349998474121094
2023-09-04,55.375,55.375
2023-09-05,55.20000076293945,55.20000076293945
2023-09-06,54.70000076293945,54.70000076293945
2023-09-07,54.540000915527344,54.540000915527344
2023-09-08,54.709999084472656,54.709999084472656
2023-09-11,54.7400016784668,54.7400016784668
2023-09-12,54.68000030517578,54.68000030517578
2023-09-13,54.63999938964844,54.63999938964844
2023-09-14,54.93000030517578,54.93000030517578
2023-09-15,54.529998779296875,54.529998779296875
2023-09-18,54.470001220703125,54.470001220703125
2023-09-19,54.13999938964844,54.13999938964844
2023-09-20,54.47999954223633,54.47999954223633
2023-09-21,53.11000061035156,53.11000061035156
2023-09-22,53.17499923706055,53.17499923706055
2023-09-25,52.79999923706055,52.79999923706055
2023-09-26,52.36000061035156,52.36000061035156
2023-09-27,52.275001525878906,52.275001525878906
2023-09-28,52.7400016784668,52.7400016784668
2023-09-29,52.880001068115234,52.880001068115234
2023-10-02,52.619998931884766,52.619998931884766
2023-10-03,51.75,51.75
2023-10-04,52.02000045776367,52.02000045776367
2023-10-05,52.06999969482422,52.06999969482422
2023-10-06,52.67499923706055,52.67499923706055
2023-10-09,52.939998626708984,52.939998626708984
2023-10-10,54.04999923706055,54.04999923706055
2023-10-11,53.959999084472656,53.959999084472656
2023-10-12,54.209999084472656,54.209999084472656
2023-10-13,53.709999084472656,53.709999084472656
2023-10-16,54.220001220703125,54.220001220703125
2023-10-17,54.15999984741211,54.15999984741211
2023-10-18,53.650001525878906,53.650001525878906
2023-10-19,53.2400016784668,53.2400016784668
2023-10-20,52.380001068115234,52.380001068115234
2023-10-23,52.529998779296875,52.529998779296875
2023-10-24,52.56999969482422,52.56999969482422
2023-10-25,52.369998931884766,52.369998931884766
2023-10-26,51.470001220703125,51.470001220703125
2023-10-27,51.36000061035156,51.36000061035156
2023-10-30,51.4900016784668,51.4900016784668
2023-10-31,51.72999954223633,51.72999954223633
2023-11-01,52.13999938964844,52.13999938964844
2023-11-02,53.400001525878906,53.400001525878906
2023-11-03,54.150001525878906,54.150001525878906
2023-11-06,54.13999938964844,54.13999938964844
2023-11-07,54.22999954223633,54.22999954223633
2023-11-08,54.30500030517578,54.30500030517578
2023-11-09,54.61000061035156,54.61000061035156
2023-11-10,54.290000915527344,54.290000915527344
2023-11-13,54.75,54.75
2023-11-14,55.90999984741211,55.90999984741211
2023-11-15,55.97999954223633,55.97999954223633
2023-11-16,55.56999969482422,55.56999969482422
2023-11-17,55.869998931884766,55.869998931884766
2023-11-20,56.22999954223633,56.22999954223633
2023-11-21,56.28499984741211,56.28499984741211
2023-11-22,56.45000076293945,56.45000076293945
2023-11-23,56.60499954223633,56.60499954223633
2023-11-24,56.619998931884766,56.619998931884766
2023-11-27,56.5,56.5
2023-11-28,56.494998931884766,56.494998931884766
2023-11-29,56.380001068115234,56.380001068115234
2023-11-30,56.25,56.25
2023-12-01,56.779998779296875,56.779998779296875
2023-12-04,56.38999938964844,56.38999938964844
2023-12-05,56.43000030517578,56.43000030517578
2023-12-06,56.5099983215332,56.5099983215332
2023-12-07,56.56999969482422,56.56999969482422
2023-12-08,56.75,56.75
2023-12-11,57.06999969482422,57.06999969482422
2023-12-12,57.34000015258789,57.34000015258789
2023-12-13,57.66999816894531,57.66999816894531
2023-12-14,58.4900016784668,58.4900016784668
2023-12-15,58.47999954223633,58.47999954223633
2023-12-18,58.56999969482422,58.56999969482422
2023-12-19,58.97999954223633,58.97999954223633
2023-12-20,59.040000915527344,59.040000915527344
2023-12-21,58.81999969482422,58.81999969482422
2023-12-22,58.849998474121094,58.849998474121094
2023-12-27,59.29999923706055,59.29999923706055
2023-12-28,59.3650016784668,59.3650016784668
2023-12-29,59.36000061035156,59.36000061035156
2024-01-02,58.709999084472656,58.709999084472656
2024-01-03,58.290000915527344,58.290000915527344
2024-01-04,58.529998779296875,58.529998779296875
2024-01-05,58.31999969482422,58.31999969482422
2024-01-08,58.54999923706055,58.54999923706055
2024-01-09,58.7400016784668,58.7400016784668
2024-01-10,58.95000076293945,58.95000076293945
2024-01-11,58.7400016784668,58.7400016784668
2024-01-12,59.33000183105469,59.33000183105469
2024-01-15,59.220001220703125,59.220001220703125
2024-01-16,59.130001068115234,59.130001068115234
2024-01-17,58.54999923706055,58.54999923706055
2024-01-18,59.029998779296875,59.029998779296875
2024-01-19,59.439998626708984,59.439998626708984
2024-01-22,60.11000061035156,60.11000061035156
2024-01-23,59.724998474121094,59.724998474121094
2024-01-24,60.5099983215332,60.5099983215332
2024-01-25,60.40999984741211,60.40999984741211
2024-01-26,60.56999969482422,60.56999969482422
2024-01-29,60.5099983215332,60.5099983215332
2024-01-30,60.93000030517578,60.93000030517578
2024-01-31,60.529998779296875,60.529998779296875
2024-02-01,60.45000076293945,60.45000076293945
2024-02-02,61.2400016784668,61.2400016784668
2024-02-05,61.060001373291016,61.060001373291016
2024-02-06,61.36000061035156,61.36000061035156
2024-02-07,61.869998931884766,61.869998931884766
2024-02-08,61.97999954223633,61.97999954223633
2024-02-09,62.25,62.25
2024-02-12,62.709999084472656,62.709999084472656
2024-02-13,61.79999923706055,61.79999923706055
2024-02-14,61.93000030517578,61.93000030517578
2024-02-15,62.459999084472656,62.459999084472656
2024-02-16,62.810001373291016,62.810001373291016
2024-02-19,62.56999969482422,62.56999969482422
2024-02-20,62.04999923706055,62.04999923706055
2024-02-21,62.0099983215332,62.0099983215332
2024-02-22,63.334999084472656,63.334999084472656
2024-02-23,63.66999816894531,63.66999816894531
2024-02-26,63.58000183105469,63.58000183105469
2024-02-27,63.38999938964844,63.38999938964844
2024-02-28,63.31999969482422,63.31999969482422
2024-02-29,63.310001373291016,63.310001373291016
2024-03-01,63.97999954223633,63.97999954223633
2024-03-04,64.25,64.25
2024-03-05,63.709999084472656,63.709999084472656
2024-03-06,64.2300033569336,64.2300033569336
2024-03-07,64.97000122070312,64.97000122070312
2024-03-08,64.83999633789062,64.83999633789062
2024-03-11,64.08000183105469,64.08000183105469
2024-03-12,64.75,64.75
2024-03-13,65.01000213623047,65.01000213623047
2024-03-14,64.83000183105469,64.83000183105469
2024-03-15,64.25,64.25
2024-03-18,64.7699966430664,64.7699966430664
2024-03-19,64.72000122070312,64.72000122070312
2024-03-20,64.95999908447266,64.95999908447266
2024-03-21,65.97000122070312,65.97000122070312
2024-03-22,65.37999725341797,65.37999725341797
2024-03-25,65.31999969482422,65.31999969482422
2024-03-26,65.33999633789062,65.33999633789062
2024-03-27,65.05999755859375,65.05999755859375
2024-03-28,65.3499984741211,65.3499984741211
2024-04-02,64.63999938964844,64.63999938964844
2024-04-03,65.06999969482422,65.06999969482422
2024-04-04,65.2300033569336,65.2300033569336
2024-04-05,64.63999938964844,64.63999938964844
2024-04-08,64.83000183105469,64.83000183105469
2024-04-09,64.30000305175781,64.30000305175781
2024-04-10,64.12999725341797,64.12999725341797
2024-04-11,64.16999816894531,64.16999816894531
2024-04-12,64.12000274658203,64.12000274658203
2024-04-15,63.95000076293945,63.95000076293945
2024-04-16,63.04999923706055,63.04999923706055
2024-04-17,62.650001525878906,62.650001525878906
2024-04-18,62.849998474121094,62.849998474121094
2024-04-19,62.119998931884766,62.119998931884766
2024-04-22,61.93000030517578,61.93000030517578
2024-04-23,63.0099983215332,63.0099983215332
2024-04-24,63.0,63.0
2024-04-25,62.244998931884766,62.244998931884766
2024-04-26,63.42499923706055,63.42499923706055
2024-04-29,63.310001373291016,63.310001373291016
2024-04-30,63.130001068115234,63.130001068115234
2024-05-01,62.529998779296875,62.529998779296875
2024-05-02,62.66999816894531,62.66999816894531
2024-05-03,63.54999923706055,63.54999923706055
2024-05-07,64.69000244140625,64.69000244140625
2024-05-08,64.62999725341797,64.62999725341797
2024-05-09,64.87000274658203,64.87000274658203
2024-05-10,65.11000061035156,65.11000061035156
2024-05-13,65.12000274658203,65.12000274658203
2024-05-14,65.16999816894531,65.16999816894531
2024-05-15,66.08999633789062,66.08999633789062
2024-05-16,66.5,66.5
2024-05-17,66.0999984741211,66.0999984741211
2024-05-20,66.48999786376953,66.48999786376953
2024-05-21,66.31999969482422,66.31999969482422
2024-05-22,66.25,66.25
2024-05-23,66.55999755859375,66.55999755859375
2024-05-24,66.54000091552734,66.54000091552734
2024-05-28,66.58999633789062,66.58999633789062
2024-05-29,66.08000183105469,66.08000183105469
2024-05-30,66.05999755859375,66.05999755859375
2024-05-31,65.56999969482422,65.56999969482422
2024-06-03,66.23999786376953,66.23999786376953
2024-06-04,66.16000366210938,66.16000366210938
2024-06-05,67.0999984741211,67.0999984741211
2024-06-06,67.43000030517578,67.43000030517578
2024-06-07,67.41000366210938,67.41000366210938
2024-06-10,67.23999786376953,67.23999786376953
2024-06-11,67.19000244140625,67.19000244140625
2024-06-12,68.30999755859375,68.30999755859375
2024-06-13,67.80999755859375,67.80999755859375
2024-06-14,67.73999786376953,67.73999786376953
2024-06-17,67.91999816894531,67.91999816894531
2024-06-18,68.48999786376953,68.48999786376953
2024-06-19,68.5999984741211,68.5999984741211
2024-06-20,68.7300033569336,68.7300033569336
2024-06-21,68.12999725341797,68.12999725341797
2024-06-24,68.41000366210938,68.41000366210938
2024-06-25,68.30999755859375,68.30999755859375
2024-06-26,67.95999908447266,67.95999908447266
2024-06-27,68.05000305175781,68.05000305175781
2024-06-28,68.11000061035156,68.11000061035156
2024-07-01,67.54000091552734,67.54000091552734
2024-07-02,67.66000366210938,67.66000366210938
2024-07-03,68.19999694824219,68.19999694824219
2024-07-04,68.37000274658203,68.37000274658203
2024-07-05,68.58000183105469,68.58000183105469
2024-07-08,68.6500015258789,68.6500015258789
2024-07-09,68.5999984741211,68.5999984741211
2024-07-10,68.87000274658203,68.87000274658203
2024-07-11,68.91999816894531,68.91999816894531
2024-07-12,69.61000061035156,69.61000061035156
2024-07-15,69.56999969482422,69.56999969482422
2024-07-16,69.5,69.5
2024-07-17,68.81999969482422,68.81999969482422
2024-07-18,68.16000366210938,68.16000366210938
2024-07-19,67.68499755859375,67.68499755859375
2024-07-22,68.01000213623047,68.01000213623047
2024-07-23,68.41000366210938,68.41000366210938
2024-07-24,67.1500015258789,67.1500015258789
2024-07-25,66.69999694824219,66.69999694824219
2024-07-26,66.83999633789062,66.83999633789062
2024-07-29,66.80000305175781,66.80000305175781
2024-07-30,66.77999877929688,66.77999877929688
2024-07-31,68.05000305175781,68.05000305175781
2024-08-01,67.37999725341797,67.37999725341797
2024-08-02,65.80000305175781,65.80000305175781
2024-08-05,64.70999908447266,64.70999908447266
2024-08-06,65.18000030517578,65.18000030517578
2024-08-07,65.93000030517578,65.93000030517578
2024-08-08,65.88999938964844,65.88999938964844
2024-08-09,66.37999725341797,66.37999725341797
2024-08-12,66.56999969482422,66.56999969482422
2024-08-13,67.23999786376953,67.23999786376953
2024-08-14,67.8499984741211,67.8499984741211
2024-08-15,68.80000305175781,68.80000305175781
2024-08-16,68.87000274658203,68.87000274658203
2024-08-19,69.38999938964844,69.38999938964844
2024-08-20,69.55000305175781,69.55000305175781
2024-08-21,69.95999908447266,69.95999908447266
2024-08-22,69.98999786376953,69.98999786376953
2024-08-23,70.33999633789062,70.33999633789062
2024-08-27,70.29000091552734,70.29000091552734
2024-08-28,70.05999755859375,70.05999755859375
2024-08-29,70.62000274658203,70.62000274658203
2024-08-30,70.05000305175781,70.05000305175781
2024-09-02,70.52999877929688,70.52999877929688
2024-09-03,69.55000305175781,69.55000305175781
2024-09-04,68.83000183105469,68.83000183105469
2024-09-05,68.12000274658203,68.12000274658203
2024-09-06,67.55000305175781,67.55000305175781
2024-09-09,67.97000122070312,67.97000122070312
2024-09-10,68.0250015258789,68.0250015258789
2024-09-11,67.5999984741211,67.5999984741211
2024-09-12,68.94999694824219,68.94999694824219
2024-09-13,69.66999816894531,69.66999816894531
2024-09-16,69.6500015258789,69.6500015258789
2024-09-17,70.05000305175781,70.05000305175781
2024-09-18,69.63999938964844,69.63999938964844
2024-09-19,70.69000244140625,70.69000244140625
2024-09-20,70.18000030517578,70.18000030517578
2024-09-23,70.52999877929688,70.52999877929688
2024-09-24,70.5999984741211,70.5999984741211
2024-09-25,70.72000122070312,70.72000122070312
2024-09-26,71.04000091552734,71.04000091552734
2024-09-27,71.16000366210938,71.16000366210938
2024-09-30,70.87999725341797,70.87999725341797
2024-10-01,70.5,70.5
2024-10-02,70.6500015258789,70.6500015258789
2024-10-03,70.47000122070312,70.47000122070312
2024-10-04,70.37999725341797,70.37999725341797
2024-10-07,70.68000030517578,70.68000030517578
2024-10-08,70.61000061035156,70.61000061035156
2024-10-09,71.02999877929688,71.02999877929688
2024-10-10,71.0199966430664,71.0199966430664
2024-10-11,71.5199966430664,71.5199966430664
2024-10-14,71.93000030517578,71.93000030517578
2024-10-15,71.48999786376953,71.48999786376953
2024-10-16,71.19000244140625,71.19000244140625
2024-10-17,71.58999633789062,71.58999633789062
2024-10-18,71.58499908447266,71.58499908447266
2024-10-21,71.19000244140625,71.19000244140625
2024-10-22,71.05999755859375,71.05999755859375
2024-10-23,70.6050033569336,70.6050033569336
2024-10-24,70.54000091552734,70.54000091552734
2024-10-25,70.87999725341797,70.87999725341797
2024-10-28,70.73999786376953,70.73999786376953
2024-10-29,70.72000122070312,70.72000122070312
2024-10-30,70.63999938964844,70.63999938964844
2024-10-31,69.41999816894531,69.41999816894531
2024-11-01,69.72000122070312,69.72000122070312
2024-11-04,69.4800033569336,69.4800033569336
2024-11-05,69.87999725341797,69.87999725341797
2024-11-06,70.46499633789062,70.46499633789062
2024-11-07,71.31999969482422,71.31999969482422
2024-11-08,71.47000122070312,71.47000122070312
2024-11-11,71.51000213623047,71.51000213623047
2024-11-12,71.11000061035156,71.11000061035156
2024-11-13,71.0199966430664,71.0199966430664
2024-11-14,71.06999969482422,71.06999969482422
2024-11-15,69.86000061035156,69.86000061035156
2024-11-18,69.97000122070312,69.97000122070312
2024-11-19,69.86000061035156,69.86000061035156
2024-11-20,69.5999984741211,69.5999984741211
2024-11-21,70.30999755859375,70.30999755859375
2024-11-22,70.62999725341797,70.62999725341797
2024-11-25,71.08999633789062,71.08999633789062
2024-11-26,71.26000213623047,71.26000213623047
2024-11-27,71.30999755859375,71.30999755859375
2024-11-28,71.47000122070312,71.47000122070312
2024-11-29,71.81999969482422,71.81999969482422
2024-12-02,71.97000122070312,71.97000122070312
2024-12-03,72.08999633789062,72.08999633789062
2024-12-04,72.34500122070312,72.34500122070312
2024-12-05,72.33000183105469,72.33000183105469
2024-12-06,72.45999908447266,72.45999908447266
2024-12-09,72.19000244140625,72.19000244140625
2024-12-10,71.88999938964844,71.88999938964844
2024-12-11,72.20999908447266,72.20999908447266
2024-12-12,71.94000244140625,71.94000244140625
2024-12-13,71.41999816894531,71.41999816894531
2024-12-16,71.44000244140625,71.44000244140625
2024-12-17,71.2300033569336,71.2300033569336
2024-12-18,71.25,71.25
2024-12-19,69.55999755859375,69.55999755859375
2024-12-20,69.66999816894531,69.66999816894531
2024-12-23,69.41999816894531,69.41999816894531
2024-12-24,70.03500366210938,70.03500366210938
2024-12-27,69.9800033569336,69.9800033569336
2024-12-30,69.27999877929688,69.27999877929688
2024-12-31,69.55000305175781,69.55000305175781
2025-01-02,69.30999755859375,69.30999755859375
2025-01-03,69.37000274658203,69.37000274658203
2025-01-06,70.3550033569336,70.3550033569336
2025-01-07,69.79000091552734,69.79000091552734
2025-01-08,69.45500183105469,69.45500183105469
2025-01-09,69.52999877929688,69.52999877929688
2025-01-10,68.52999877929688,68.52999877929688
2025-01-13,68.1500015258789,68.1500015258789
2025-01-14,68.37000274658203,68.37000274658203
2025-01-15,69.37999725341797,69.37999725341797
2025-01-16,69.86000061035156,69.86000061035156
2025-01-17,70.23999786376953,70.23999786376953
2025-01-20,70.37999725341797,70.37999725341797
2025-01-21,70.54000091552734,70.54000091552734
2025-01-22,71.25,71.25
2025-01-23,71.19999694824219,71.19999694824219
2025-01-24,71.58999633789062,71.58999633789062
2025-01-27,70.66000366210938,70.66000366210938
2025-01-28,71.04000091552734,71.04000091552734
2025-01-29,71.22000122070312,71.22000122070312
2025-01-30,71.58000183105469,71.58000183105469
2025-01-31,71.87000274658203,71.87000274658203
2025-02-03,70.81999969482422,70.81999969482422
2025-02-04,71.1500015258789,71.1500015258789
2025-02-05,71.19000244140625,71.19000244140625
2025-02-06,71.69000244140625,71.69000244140625
2025-02-07,71.18000030517578,71.18000030517578
2025-02-10,71.41000366210938,71.41000366210938
2025-02-11,71.58000183105469,71.58000183105469
2025-02-12,71.19999694824219,71.19999694824219
2025-02-13,72.05999755859375,72.05999755859375
2025-02-14,72.19999694824219,72.19999694824219
2025-02-17,72.37999725341797,72.37999725341797
2025-02-18,72.16999816894531,72.16999816894531
2025-02-19,72.13999938964844,72.13999938964844
2025-02-20,72.1500015258789,72.1500015258789
2025-02-21,72.0999984741211,72.0999984741211
2025-02-24,71.63999938964844,71.63999938964844
2025-02-25,71.0,71.0
2025-02-26,71.7300033569336,71.7300033569336
2025-02-27,71.19000244140625,71.19000244140625
2025-02-28,70.45999908447266,70.45999908447266
2025-03-03,71.23999786376953,71.23999786376953
2025-03-04,69.5,69.5
2025-03-05,69.73999786376953,69.73999786376953
2025-03-06,70.44000244140625,70.44000244140625
2025-03-07,69.27999877929688,69.27999877929688
2025-03-10,69.12999725341797,69.12999725341797
2025-03-11,67.91000366210938,67.91000366210938
2025-03-12,68.20999908447266,68.20999908447266
2025-03-13,67.31999969482422,67.31999969482422
2025-03-14,68.02999877929688,68.02999877929688
2025-03-17,68.61000061035156,68.61000061035156
2025-03-18,68.33999633789062,68.33999633789062
2025-03-19,68.6500015258789,68.6500015258789
2025-03-20,68.7300033569336,68.7300033569336
2025-03-21,68.22000122070312,68.22000122070312
2025-03-24,69.08999633789062,69.08999633789062
2025-03-25,69.27999877929688,69.27999877929688
2025-03-26,68.95999908447266,68.95999908447266
2025-03-27,68.8499984741211,68.8499984741211
2025-03-28,67.74500274658203,67.74500274658203
2025-03-31,67.22000122070312,67.22000122070312
2025-04-01,68.06999969482422,68.06999969482422
2025-04-02,68.29000091552734,68.29000091552734
2025-04-03,66.48999786376953,66.48999786376953
2025-04-04,63.459999084472656,63.459999084472656
2025-04-07,60.79999923706055,60.79999923706055
2025-04-08,62.6150016784668,62.6150016784668
2025-04-09,60.88999938964844,60.88999938964844
2025-04-10,63.849998474121094,63.849998474121094
2025-04-11,64.25,64.25
2025-04-14,66.11000061035156,66.11000061035156
2025-04-15,66.26000213623047,66.26000213623047
2025-04-16,65.7300033569336,65.7300033569336
2025-04-17,65.05999755859375,65.05999755859375
2025-04-22,65.12999725341797,65.12999725341797
2025-04-23,66.16000366210938,66.16000366210938
2025-04-24,66.61000061035156,66.61000061035156
2025-04-25,66.75499725341797,66.75499725341797
2025-04-28,67.0199966430664,67.0199966430664
2025-04-29,67.44000244140625,67.44000244140625
2025-04-30,67.38999938964844,67.38999938964844
2025-05-01,68.38999938964844,68.38999938964844
2025-05-02,68.93499755859375,68.93499755859375
2025-05-06,68.75,68.75
2025-05-07,68.4000015258789,68.4000015258789
2025-05-08,68.98999786376953,68.98999786376953
2025-05-09,68.69999694824219,68.69999694824219
2025-05-12,69.87999725341797,69.87999725341797
2025-05-13,70.6500015258789,70.6500015258789
2025-05-14,70.58000183105469,70.58000183105469
2025-05-15,70.80999755859375,70.80999755859375
2025-05-16,71.05000305175781,71.05000305175781
2025-05-19,71.41000366210938,71.41000366210938
2025-05-20,71.5199966430664,71.5199966430664
2025-05-21,71.47000122070312,71.47000122070312
2025-05-22,70.44999694824219,70.44999694824219
2025-05-23,69.83999633789062,69.83999633789062
2025-05-27,70.8499984741211,70.8499984741211
2025-05-28,70.68000030517578,70.68000030517578
2025-05-29,70.7699966430664,70.7699966430664
2025-05-30,70.72000122070312,70.72000122070312
2025-06-02,70.83000183105469,70.83000183105469
2025-06-03,71.30999755859375,71.30999755859375
2025-06-04,71.87999725341797,71.87999725341797
2025-06-05,72.02999877929688,72.02999877929688
2025-06-06,72.05999755859375,72.05999755859375
2025-06-09,72.0199966430664,72.0199966430664
2025-06-10,72.1500015258789,72.1500015258789
2025-06-11,72.45999908447266,72.45999908447266
2025-06-12,72.3499984741211,72.3499984741211
2025-06-13,71.83999633789062,71.83999633789062
2025-06-16,72.02999877929688,72.02999877929688
2025-06-17,71.58000183105469,71.58000183105469
2025-06-18,71.27999877929688,71.27999877929688
2025-06-19,70.26000213623047,70.26000213623047
2025-06-20,70.76000213623047,70.76000213623047
2025-06-23,70.87000274658203,70.87000274658203
2025-06-24,71.88999938964844,71.88999938964844
2025-06-25,71.94000244140625,71.94000244140625
2025-06-26,72.19999694824219,72.19999694824219
2025-06-27,72.95999908447266,72.95999908447266
2025-06-30,73.0,73.0
2025-07-01,73.43000030517578,73.43000030517578
2025-07-02,73.41000366210938,73.41000366210938
2025-07-03,73.94000244140625,73.94000244140625
2025-07-04,73.58999633789062,73.58999633789062
2025-07-07,73.5,73.5
2025-07-08,73.41999816894531,73.41999816894531
2025-07-09,73.5999984741211,73.5999984741211
2025-07-10,74.0199966430664,74.0199966430664
2025-07-11,73.5999984741211,73.5999984741211
2025-07-14,73.5199966430664,73.5199966430664
2025-07-15,73.27999877929688,73.27999877929688
2025-07-16,72.75,72.75
2025-07-17,73.48999786376953,73.48999786376953
2025-07-18,73.52999877929688,73.52999877929688
2025-07-21,73.8550033569336,73.8550033569336
2025-07-22,73.62000274658203,73.62000274658203
2025-07-23,74.05000305175781,74.05000305175781
2025-07-24,74.5199966430664,74.5199966430664
2025-07-25,74.44000244140625,74.44000244140625
2025-07-28,74.38999938964844,74.38999938964844
2025-07-29,73.93000030517578,73.93000030517578
2025-07-30,73.7699966430664,73.7699966430664
2025-07-31,73.58000183105469,73.58000183105469
2025-08-01,72.19000244140625,72.19000244140625
2025-08-04,73.2699966430664,73.2699966430664
2025-08-05,73.1500015258789,73.1500015258789
2025-08-06,73.55999755859375,73.55999755859375
2025-08-07,73.4800033569336,73.4800033569336
2025-08-08,73.7699966430664,73.7699966430664
2025-08-11,73.83000183105469,73.83000183105469
2025-08-12,74.37999725341797,74.37999725341797
2025-08-13,74.8499984741211,74.8499984741211
2025-08-14,74.8499984741211,74.8499984741211
2025-08-15,74.91000366210938,74.91000366210938
2025-08-18,74.81999969482422,74.81999969482422
2025-08-19,74.87999725341797,74.87999725341797
2025-08-20,74.58999633789062,74.58999633789062
2025-08-21,74.52999877929688,74.52999877929688
2025-08-22,75.58999633789062,75.58999633789062
2025-08-26,74.86000061035156,74.86000061035156
2025-08-27,75.19000244140625,75.19000244140625
2025-08-28,75.19000244140625,75.19000244140625
2025-08-29,74.94999694824219,74.94999694824219
2025-09-01,75.0999984741211,75.0999984741211
2025-09-02,74.06999969482422,74.06999969482422
2025-09-03,74.72000122070312,74.72000122070312
2025-09-04,75.2300033569336,75.2300033569336
2025-09-05,75.08999633789062,75.08999633789062
2025-09-08,75.43000030517578,75.43000030517578
2025-09-09,75.2699966430664,75.2699966430664
2025-09-10,75.27999877929688,75.27999877929688
2025-09-11,76.0,76.0
2025-09-12,75.8499984741211,75.8499984741211
2025-09-15,76.08000183105469,76.08000183105469
2025-09-16,76.02999877929688,76.02999877929688
2025-09-17,76.2300033569336,76.2300033569336
2025-09-18,76.79000091552734,76.79000091552734
2025-09-19,76.38999938964844,76.38999938964844
2025-09-22,76.80999755859375,76.80999755859375
2025-09-23,77.05999755859375,77.05999755859375
2025-09-24,76.55000305175781,76.55000305175781
2025-09-25,76.16000366210938,76.16000366210938
2025-09-26,76.3499984741211,76.3499984741211
2025-09-29,76.80999755859375,76.80999755859375
2025-09-30,76.86000061035156,76.86000061035156
2025-10-01,77.4800033569336,77.4800033569336
2025-10-02,77.73500061035156,77.73500061035156
2025-10-03,78.33000183105469,78.33000183105469
2025-10-06,78.31999969482422,78.31999969482422
2025-10-07,78.05000305175781,78.05000305175781
2025-10-08,78.19999694824219,78.19999694824219
2025-10-09,77.76000213623047,77.76000213623047
2025-10-10,76.79000091552734,76.79000091552734
2025-10-13,76.75,76.75
2025-10-14,76.55999755859375,76.55999755859375
2025-10-15,77.29000091552734,77.29000091552734
2025-10-16,77.12999725341797,77.12999725341797
2025-10-17,76.5999984741211,76.5999984741211
2025-10-20,77.81999969482422,77.81999969482422
2025-10-21,77.97000122070312,77.97000122070312
2025-10-22,77.55999755859375,77.55999755859375
2025-10-23,77.77999877929688,77.77999877929688
2025-10-24,78.1404037475586,78.1404037475586
2025-10-27,78.87000274658203,78.87000274658203
2025-10-28,78.98999786376953,78.98999786376953
2025-10-29,79.08000183105469,79.08000183105469
2025-10-30,78.54000091552734,78.54000091552734
2025-10-31,77.95500183105469,77.95500183105469
2025-11-03,77.83999633789062,77.83999633789062
2025-11-04,77.47000122070312,77.47000122070312
2025-11-05,77.56999969482422,77.56999969482422
2025-11-06,76.93000030517578,76.93000030517578
2025-11-07,76.25,76.25
2025-11-10,77.37999725341797,77.37999725341797
2025-11-11,78.05000305175781,78.05000305175781
2025-11-12,78.43000030517578,78.43000030517578
2025-11-13,78.12000274658203,78.12000274658203
2025-11-14,77.70999908447266,77.70999908447266
2025-11-17,77.29000091552734,77.29000091552734
2025-11-18,76.2699966430664,76.2699966430664
2025-11-19,76.30999755859375,76.30999755859375
2025-11-20,76.87999725341797,76.87999725341797
2025-11-21,76.23999786376953,76.23999786376953
2025-11-24,77.02999877929688,77.02999877929688
2025-11-25,77.48500061035156,77.48500061035156
2025-11-26,78.66999816894531,78.66999816894531
2025-11-27,78.5,78.5
2025-11-28,78.7300033569336,78.7300033569336
2025-12-01,78.75,78.75
2025-12-02,78.58999633789062,78.58999633789062
2025-12-03,79.12999725341797,79.12999725341797
2025-12-04,79.22000122070312,79.22000122070312
2025-12-05,79.41000366210938,79.41000366210938
2025-12-08,79.0199966430664,79.0199966430664
2025-12-09,79.05999755859375,79.05999755859375
2025-12-10,78.95999908447266,78.95999908447266
2025-12-11,79.56999969482422,79.56999969482422
2025-12-12,79.25,79.25
2025-12-15,79.5199966430664,79.5199966430664
2025-12-16,79.08000183105469,79.08000183105469
2025-12-17,78.69999694824219,78.69999694824219
2025-12-18,79.3499984741211,79.3499984741211
2025-12-19,79.51000213623047,79.51000213623047
2025-12-22,79.93000030517578,79.93000030517578
2025-12-23,80.19000244140625,80.19000244140625
2025-12-24,80.33000183105469,80.33000183105469
2025-12-29,80.19000244140625,80.19000244140625
2025-12-30,80.3499984741211,80.3499984741211
2025-12-31,80.18000030517578,80.18000030517578
2026-01-02,79.95999908447266,79.95999908447266
