date,close,adj_close
2014-12-01,38.290000915527344,23.85991859436035
2014-12-02,38.81999969482422,24.19017791748047
2014-12-03,39.13999938964844,24.389577865600586
2014-12-04,38.7599983215332,24.152788162231445
2014-12-05,38.33000183105469,23.884841918945312
2014-12-08,36.939998626708984,23.018678665161133
2014-12-09,37.099998474121094,23.118379592895508
2014-12-10,35.959999084472656,22.408004760742188
2014-12-11,35.83000183105469,22.32699966430664
2014-12-12,35.06999969482422,21.85341453552246
2014-12-15,34.59000015258789,21.554311752319336
2014-12-16,35.15999984741211,21.90949821472168
2014-12-17,36.63999938964844,22.83173942565918
2014-12-18,37.38999938964844,23.29909324645996
2014-12-19,37.959999084472656,23.991796493530273
2014-12-22,37.61000061035156,23.77058982849121
2014-12-23,38.0,24.017078399658203
2014-12-24,37.84000015258789,23.915956497192383
2014-12-26,37.70000076293945,23.82746696472168
2014-12-29,37.72999954223633,23.846431732177734
2014-12-30,37.45000076293945,23.669464111328125
2014-12-31,37.189998626708984,23.505136489868164
2015-01-02,37.209999084472656,23.517770767211914
2015-01-05,35.58000183105469,22.487571716308594
2015-01-06,35.16999816894531,22.228435516357422
2015-01-07,35.27000045776367,22.29163932800293
2015-01-08,36.02000045776367,22.765661239624023
2015-01-09,35.70000076293945,22.563411712646484
2015-01-12,34.790000915527344,21.988269805908203
2015-01-13,34.68000030517578,21.918743133544922
2015-01-14,34.630001068115234,21.88714027404785
2015-01-15,34.41999816894531,21.754413604736328
2015-01-16,35.58000183105469,22.487571716308594
2015-01-20,35.43000030517578,22.392765045166016
2015-01-21,36.09000015258789,22.80990219116211
2015-01-22,36.41999816894531,23.018470764160156
2015-01-23,36.09000015258789,22.80990219116211
2015-01-26,36.59000015258789,23.125913619995117
2015-01-27,36.630001068115234,23.15120506286621
2015-01-28,35.279998779296875,22.297958374023438
2015-01-29,35.18000030517578,22.234758377075195
2015-01-30,35.380001068115234,22.361164093017578
2015-02-02,36.4900016784668,23.062713623046875
2015-02-03,37.7599983215332,23.86539077758789
2015-02-04,36.97999954223633,23.372407913208008
2015-02-05,37.56999969482422,23.745311737060547
2015-02-06,37.33000183105469,23.593618392944336
2015-02-09,37.5,23.701066970825195
2015-02-10,37.33000183105469,23.593618392944336
2015-02-11,37.040000915527344,23.41033363342285
2015-02-12,37.65999984741211,23.802188873291016
2015-02-13,38.36000061035156,24.24460220336914
2015-02-17,38.43000030517578,24.288841247558594
2015-02-18,38.08000183105469,24.067642211914062
2015-02-19,37.650001525878906,23.795867919921875
2015-02-20,37.63999938964844,23.789541244506836
2015-02-23,37.38999938964844,23.63153839111328
2015-02-24,37.58000183105469,23.751628875732422
2015-02-25,37.709999084472656,23.83378791809082
2015-02-26,37.09000015258789,23.44192886352539
2015-02-27,37.16999816894531,23.492494583129883
2015-03-02,36.77000045776367,23.239683151245117
2015-03-03,36.84000015258789,23.283920288085938
2015-03-04,36.650001525878906,23.163841247558594
2015-03-05,36.459999084472656,23.043752670288086
2015-03-06,35.810001373291016,22.632936477661133
2015-03-09,35.58000183105469,22.487571716308594
2015-03-10,34.790000915527344,21.988269805908203
2015-03-11,34.72999954223633,21.950342178344727
2015-03-12,34.709999084472656,21.937707901000977
2015-03-13,34.29999923706055,21.678573608398438
2015-03-16,34.650001525878906,21.8997859954834
2015-03-17,34.720001220703125,21.94402503967285
2015-03-18,35.779998779296875,22.613971710205078
2015-03-19,35.18000030517578,22.234758377075195
2015-03-20,35.880001068115234,22.67717933654785
2015-03-23,35.900001525878906,22.689817428588867
2015-03-24,35.709999084472656,22.56973648071289
2015-03-25,36.0099983215332,22.759342193603516
2015-03-26,35.95000076293945,22.721416473388672
2015-03-27,35.630001068115234,22.5191707611084
2015-03-30,36.06999969482422,22.79726219177246
2015-03-31,35.66999816894531,22.544452667236328
2015-04-01,35.869998931884766,22.670856475830078
2015-04-02,35.959999084472656,22.727741241455078
2015-04-06,36.63999938964844,23.157520294189453
2015-04-07,36.900001525878906,23.321849822998047
2015-04-08,36.72999954223633,23.214399337768555
2015-04-09,37.189998626708984,23.505136489868164
2015-04-10,37.349998474121094,23.60625648498535
2015-04-13,37.150001525878906,23.4798583984375
2015-04-14,37.79999923706055,23.890674591064453
2015-04-15,38.63999938964844,24.42157554626465
2015-04-16,38.810001373291016,24.52901840209961
2015-04-17,38.47999954223633,24.320453643798828
2015-04-20,38.619998931884766,24.408935546875
2015-04-21,38.279998779296875,24.194042205810547
2015-04-22,38.439998626708984,24.29517364501953
2015-04-23,38.790000915527344,24.51637840270996
2015-04-24,38.630001068115234,24.41525650024414
2015-04-27,38.790000915527344,24.51637840270996
2015-04-28,38.97999954223633,24.63646125793457
2015-04-29,39.08000183105469,24.69966697692871
2015-04-30,38.93000030517578,24.604862213134766
2015-05-01,38.959999084472656,24.62382698059082
2015-05-04,38.959999084472656,24.62382698059082
2015-05-05,38.68000030517578,24.446855545043945
2015-05-06,38.59000015258789,24.389970779418945
2015-05-07,37.9900016784668,24.010753631591797
2015-05-08,38.61000061035156,24.402612686157227
2015-05-11,38.06999969482422,24.06131935119629
2015-05-12,38.25,24.175081253051758
2015-05-13,38.31999969482422,24.219327926635742
2015-05-14,38.29999923706055,24.20668601989746
2015-05-15,38.33000183105469,24.225650787353516
2015-05-18,38.099998474121094,24.080276489257812
2015-05-19,37.56999969482422,23.745311737060547
2015-05-20,37.66999816894531,23.808502197265625
2015-05-21,38.060001373291016,24.05499839782715
2015-05-22,37.810001373291016,23.89699363708496
2015-05-26,37.099998474121094,23.448246002197266
2015-05-27,37.130001068115234,23.46721076965332
2015-05-28,36.95000076293945,23.35344696044922
2015-05-29,36.88999938964844,23.315526962280273
2015-06-01,36.650001525878906,23.163841247558594
2015-06-02,36.97999954223633,23.372407913208008
2015-06-03,36.86000061035156,23.296566009521484
2015-06-04,36.25,22.911027908325195
2015-06-05,36.38999938964844,22.999515533447266
2015-06-08,36.16999816894531,22.860464096069336
2015-06-09,36.2599983215332,22.917348861694336
2015-06-10,36.790000915527344,23.252323150634766
2015-06-11,36.7400016784668,23.22072410583496
2015-06-12,36.31999969482422,22.955270767211914
2015-06-15,36.11000061035156,22.82254409790039
2015-06-16,36.27000045776367,22.923669815063477
2015-06-17,36.380001068115234,22.993192672729492
2015-06-18,36.400001525878906,23.005834579467773
2015-06-19,36.11000061035156,22.82254409790039
2015-06-22,36.61000061035156,23.138559341430664
2015-06-23,36.66999816894531,23.176481246948242
2015-06-24,36.09000015258789,23.14249038696289
2015-06-25,35.77000045776367,22.93729591369629
2015-06-26,35.7400016784668,22.918060302734375
2015-06-29,34.970001220703125,22.424301147460938
2015-06-30,34.97999954223633,22.430713653564453
2015-07-01,34.619998931884766,22.199865341186523
2015-07-02,34.83000183105469,22.33452606201172
2015-07-06,34.13999938964844,21.89206886291504
2015-07-07,34.2599983215332,21.969013214111328
2015-07-08,33.66999816894531,21.590682983398438
2015-07-09,33.849998474121094,21.706104278564453
2015-07-10,34.189998626708984,21.92412757873535
2015-07-13,34.27000045776367,21.975431442260742
2015-07-14,34.59000015258789,22.18062973022461
2015-07-15,34.119998931884766,21.879243850708008
2015-07-16,34.15999984741211,21.904890060424805
2015-07-17,33.83000183105469,21.69328498840332
2015-07-20,33.41999816894531,21.43036651611328
2015-07-21,33.470001220703125,21.462432861328125
2015-07-22,33.06999969482422,21.205936431884766
2015-07-23,32.91999816894531,21.109750747680664
2015-07-24,32.369998931884766,20.757064819335938
2015-07-27,31.889999389648438,20.449268341064453
2015-07-28,32.7400016784668,20.994325637817383
2015-07-29,33.20000076293945,21.28929901123047
2015-07-30,33.31999969482422,21.366249084472656
2015-07-31,32.779998779296875,21.019977569580078
2015-08-03,32.150001525878906,20.61599349975586
2015-08-04,32.099998474121094,20.583927154541016
2015-08-05,32.040000915527344,20.54545783996582
2015-08-06,32.369998931884766,20.757064819335938
2015-08-07,31.969999313354492,20.500568389892578
2015-08-10,32.7400016784668,20.994325637817383
2015-08-11,32.63999938964844,20.930198669433594
2015-08-12,33.119998931884766,21.23799705505371
2015-08-13,32.56999969482422,20.885313034057617
2015-08-14,32.40999984741211,20.782716751098633
2015-08-17,32.369998931884766,20.757064819335938
2015-08-18,32.13999938964844,20.609580993652344
2015-08-19,31.3700008392334,20.11582374572754
2015-08-20,30.649999618530273,19.65412139892578
2015-08-21,29.770000457763672,19.089824676513672
2015-08-24,28.06999969482422,17.99971580505371
2015-08-25,27.940000534057617,17.91635513305664
2015-08-26,28.719999313354492,18.416528701782227
2015-08-27,30.100000381469727,19.301441192626953
2015-08-28,30.649999618530273,19.65412139892578
2015-08-31,30.90999984741211,19.82084846496582
2015-09-01,29.760000228881836,19.083417892456055
2015-09-02,29.979999542236328,19.224496841430664
2015-09-03,30.059999465942383,19.275794982910156
2015-09-04,29.43000030517578,18.871809005737305
2015-09-08,29.989999771118164,19.23090362548828
2015-09-09,29.510000228881836,18.923110961914062
2015-09-10,29.670000076293945,19.025707244873047
2015-09-11,29.43000030517578,18.871809005737305
2015-09-14,29.190000534057617,18.717910766601562
2015-09-15,29.479999542236328,18.90386962890625
2015-09-16,30.389999389648438,19.48740005493164
2015-09-17,30.3799991607666,19.48099136352539
2015-09-18,29.479999542236328,18.90386962890625
2015-09-21,29.6299991607666,19.000059127807617
2015-09-22,29.1299991607666,18.679433822631836
2015-09-23,28.799999237060547,18.467824935913086
2015-09-24,28.799999237060547,18.467824935913086
2015-09-25,28.90999984741211,18.538360595703125
2015-09-28,27.90999984741211,17.897119522094727
2015-09-29,28.059999465942383,17.993305206298828
2015-09-30,28.690000534057617,18.397289276123047
2015-10-01,28.809999465942383,18.47423553466797
2015-10-02,29.920000076293945,19.186017990112305
2015-10-05,30.8799991607666,19.80160903930664
2015-10-06,31.600000381469727,20.263307571411133
2015-10-07,32.310001373291016,20.718589782714844
2015-10-08,32.88999938964844,21.09051513671875
2015-10-09,32.68000030517578,20.95585060119629
2015-10-12,32.34000015258789,20.737829208374023
2015-10-13,31.93000030517578,20.47491455078125
2015-10-14,32.29999923706055,20.712177276611328
2015-10-15,32.790000915527344,21.02638816833496
2015-10-16,32.81999969482422,21.045625686645508
2015-10-19,32.209999084472656,20.65446662902832
2015-10-20,32.220001220703125,20.66088104248047
2015-10-21,31.93000030517578,20.47491455078125
2015-10-22,32.470001220703125,20.821189880371094
2015-10-23,32.290000915527344,20.70577049255371
2015-10-26,31.579999923706055,20.25048065185547
2015-10-27,31.049999237060547,19.910621643066406
2015-10-28,31.670000076293945,20.30819320678711
2015-10-29,31.709999084472656,20.333845138549805
2015-10-30,31.790000915527344,20.385143280029297
2015-11-02,32.439998626708984,20.801956176757812
2015-11-03,33.220001220703125,21.302122116088867
2015-11-04,32.939998626708984,21.122575759887695
2015-11-05,32.4900016784668,20.834014892578125
2015-11-06,32.20000076293945,20.64805793762207
2015-11-09,31.84000015258789,20.417203903198242
2015-11-10,31.8700008392334,20.436447143554688
2015-11-11,31.34000015258789,20.096586227416992
2015-11-12,30.6299991607666,19.641298294067383
2015-11-13,30.40999984741211,19.500228881835938
2015-11-16,31.3799991607666,20.122234344482422
2015-11-17,31.139999389648438,19.968332290649414
2015-11-18,31.649999618530273,20.295372009277344
2015-11-19,31.469999313354492,20.17995262145996
2015-11-20,31.049999237060547,19.910621643066406
2015-11-23,31.110000610351562,19.949100494384766
2015-11-24,31.700000762939453,20.327430725097656
2015-11-25,31.530000686645508,20.21842384338379
2015-11-27,31.309999465942383,20.077346801757812
2015-11-30,31.389999389648438,20.128644943237305
2015-12-01,31.68000030517578,20.314607620239258
2015-12-02,30.8700008392334,19.79520034790039
2015-12-03,30.3700008392334,19.474580764770508
2015-12-04,30.200000762939453,19.365568161010742
2015-12-07,28.989999771118164,18.589664459228516
2015-12-08,28.59000015258789,18.33316421508789
2015-12-09,29.040000915527344,18.62172508239746
2015-12-10,29.15999984741211,18.69867515563965
2015-12-11,28.110000610351562,18.025367736816406
2015-12-14,28.200000762939453,18.083078384399414
2015-12-15,28.860000610351562,18.506301879882812
2015-12-16,28.940000534057617,18.557600021362305
2015-12-17,28.15999984741211,18.057430267333984
2015-12-18,27.84000015258789,17.852230072021484
2015-12-21,27.309999465942383,17.852886199951172
2015-12-22,27.690000534057617,18.101295471191406
2015-12-23,28.93000030517578,18.911901473999023
2015-12-24,28.760000228881836,18.800769805908203
2015-12-28,28.290000915527344,18.493520736694336
2015-12-29,28.479999542236328,18.61773109436035
2015-12-30,28.040000915527344,18.330095291137695
2015-12-31,28.030000686645508,18.32355499267578
2016-01-04,27.93000030517578,18.258188247680664
2016-01-05,27.940000534057617,18.264720916748047
2016-01-06,26.969999313354492,17.6306209564209
2016-01-07,26.200000762939453,17.12726402282715
2016-01-08,25.8700008392334,16.911537170410156
2016-01-11,25.399999618530273,16.604293823242188
2016-01-12,25.399999618530273,16.604293823242188
2016-01-13,24.979999542236328,16.329734802246094
2016-01-14,26.09000015258789,17.05535316467285
2016-01-15,25.15999984741211,16.447404861450195
2016-01-19,24.770000457763672,16.19244956970215
2016-01-20,24.010000228881836,15.695632934570312
2016-01-21,24.799999237060547,16.212068557739258
2016-01-22,25.950000762939453,16.963834762573242
2016-01-25,24.920000076293945,16.290512084960938
2016-01-26,25.8799991607666,16.918073654174805
2016-01-27,25.799999237060547,16.865779876708984
2016-01-28,26.65999984741211,17.42797088623047
2016-01-29,27.260000228881836,17.820199966430664
2016-02-01,26.790000915527344,17.512956619262695
2016-02-02,25.709999084472656,16.806943893432617
2016-02-03,26.709999084472656,17.460660934448242
2016-02-04,27.040000915527344,17.676380157470703
2016-02-05,26.56999969482422,17.369140625
2016-02-08,26.459999084472656,17.297229766845703
2016-02-09,25.670000076293945,16.780799865722656
2016-02-10,25.540000915527344,16.695812225341797
2016-02-11,25.440000534057617,16.63044548034668
2016-02-12,26.229999542236328,17.146875381469727
2016-02-16,26.549999237060547,17.356063842773438
2016-02-17,27.31999969482422,17.859424591064453
2016-02-18,27.18000030517578,17.767902374267578
2016-02-19,27.010000228881836,17.656770706176758
2016-02-22,27.639999389648438,18.06861114501953
2016-02-23,26.770000457763672,17.499876022338867
2016-02-24,26.799999237060547,17.51949119567871
2016-02-25,27.020000457763672,17.663307189941406
2016-02-26,27.200000762939453,17.780975341796875
2016-02-29,27.059999465942383,17.6894588470459
2016-03-01,27.719999313354492,18.12090301513672
2016-03-02,28.280000686645508,18.486982345581055
2016-03-03,28.75,18.794233322143555
2016-03-04,29.1200008392334,19.03610610961914
2016-03-07,29.639999389648438,19.37603187561035
2016-03-08,28.59000015258789,18.689634323120117
2016-03-09,28.93000030517578,18.911901473999023
2016-03-10,28.8700008392334,18.872671127319336
2016-03-11,29.5,19.284515380859375
2016-03-14,29.299999237060547,19.15376853942871
2016-03-15,29.100000381469727,19.02303123474121
2016-03-16,29.690000534057617,19.408720016479492
2016-03-17,30.280000686645508,19.794410705566406
2016-03-18,30.190000534057617,19.735576629638672
2016-03-21,30.010000228881836,19.61791229248047
2016-03-22,29.899999618530273,19.54599952697754
2016-03-23,29.219999313354492,19.10147476196289
2016-03-24,29.329999923706055,19.173383712768555
2016-03-28,29.31999969482422,19.16684341430664
2016-03-29,29.440000534057617,19.24529266357422
2016-03-30,29.65999984741211,19.389108657836914
2016-03-31,29.510000228881836,19.291051864624023
2016-04-01,29.079999923706055,19.00995445251465
2016-04-04,28.8799991607666,18.879213333129883
2016-04-05,28.459999084472656,18.604652404785156
2016-04-06,29.09000015258789,19.01649284362793
2016-04-07,28.84000015258789,18.853065490722656
2016-04-08,29.610000610351562,19.356422424316406
2016-04-11,29.6299991607666,19.369495391845703
2016-04-12,30.469999313354492,19.918615341186523
2016-04-13,30.75,20.101654052734375
2016-04-14,30.860000610351562,20.173561096191406
2016-04-15,30.530000686645508,19.95783805847168
2016-04-18,30.8700008392334,20.180097579956055
2016-04-19,31.530000686645508,20.611553192138672
2016-04-20,31.719999313354492,20.735754013061523
2016-04-21,31.65999984741211,20.696533203125
2016-04-22,31.969999313354492,20.89918327331543
2016-04-25,31.579999923706055,20.64423370361328
2016-04-26,32.02000045776367,20.931869506835938
2016-04-27,32.59000015258789,21.30448341369629
2016-04-28,32.2400016784668,21.075685501098633
2016-04-29,32.209999084472656,21.056072235107422
2016-05-02,32.150001525878906,21.01685333251953
2016-05-03,31.31999969482422,20.474267959594727
2016-05-04,30.850000381469727,20.16702651977539
2016-05-05,30.979999542236328,20.25200653076172
2016-05-06,30.989999771118164,20.258541107177734
2016-05-09,30.520000457763672,19.9512996673584
2016-05-10,31.079999923706055,20.3173828125
2016-05-11,31.110000610351562,20.336992263793945
2016-05-12,31.260000228881836,20.435049057006836
2016-05-13,30.780000686645508,20.121261596679688
2016-05-16,31.3700008392334,20.506959915161133
2016-05-17,31.420000076293945,20.539640426635742
2016-05-18,31.1200008392334,20.343528747558594
2016-05-19,31.010000228881836,20.27161979675293
2016-05-20,31.170000076293945,20.37621307373047
2016-05-23,31.0,20.26508140563965
2016-05-24,31.209999084472656,20.402362823486328
2016-05-25,31.780000686645508,20.77497673034668
2016-05-26,31.68000030517578,20.709606170654297
2016-05-27,31.649999618530273,20.68999481201172
2016-05-31,31.31999969482422,20.474267959594727
2016-06-01,31.3799991607666,20.513490676879883
2016-06-02,31.31999969482422,20.474267959594727
2016-06-03,31.40999984741211,20.533103942871094
2016-06-06,32.0,20.918794631958008
2016-06-07,32.7400016784668,21.402545928955078
2016-06-08,32.81999969482422,21.4548397064209
2016-06-09,32.59000015258789,21.30448341369629
2016-06-10,31.799999237060547,20.788053512573242
2016-06-13,31.6299991607666,20.67691993713379
2016-06-14,31.3799991607666,20.513490676879883
2016-06-15,31.309999465942383,20.467731475830078
2016-06-16,31.350000381469727,20.493881225585938
2016-06-17,31.790000915527344,20.781517028808594
2016-06-20,32.349998474121094,21.147592544555664
2016-06-21,32.16999816894531,21.370800018310547
2016-06-22,32.0,21.257871627807617
2016-06-23,32.63999938964844,21.683025360107422
2016-06-24,31.079999923706055,20.64670753479004
2016-06-27,30.350000381469727,20.161762237548828
2016-06-28,31.170000076293945,20.706493377685547
2016-06-29,31.940000534057617,21.218008041381836
2016-06-30,32.310001373291016,21.46380615234375
2016-07-01,32.54999923706055,21.62323760986328
2016-07-05,31.969999313354492,21.237939834594727
2016-07-06,32.060001373291016,21.2977294921875
2016-07-07,31.690000534057617,21.051931381225586
2016-07-08,32.130001068115234,21.3442325592041
2016-07-11,32.220001220703125,21.40401840209961
2016-07-12,32.95000076293945,21.888965606689453
2016-07-13,32.7599983215332,21.762744903564453
2016-07-14,32.91999816894531,21.869033813476562
2016-07-15,32.83000183105469,21.80924415588379
2016-07-18,32.83000183105469,21.80924415588379
2016-07-19,32.650001525878906,21.689668655395508
2016-07-20,32.59000015258789,21.649808883666992
2016-07-21,32.380001068115234,21.51030921936035
2016-07-22,32.43000030517578,21.543519973754883
2016-07-25,31.709999084472656,21.06521987915039
2016-07-26,31.899999618530273,21.191438674926758
2016-07-27,31.610000610351562,20.99879264831543
2016-07-28,31.459999084472656,20.899141311645508
2016-07-29,31.649999618530273,21.025360107421875
2016-08-01,30.729999542236328,20.41419792175293
2016-08-02,30.84000015258789,20.487274169921875
2016-08-03,31.260000228881836,20.76628303527832
2016-08-04,31.34000015258789,20.819429397583008
2016-08-05,31.610000610351562,20.99879264831543
2016-08-08,31.940000534057617,21.218008041381836
2016-08-09,31.8799991607666,21.17815399169922
2016-08-10,31.6200008392334,21.005434036254883
2016-08-11,32.04999923706055,21.29108428955078
2016-08-12,32.22999954223633,21.410661697387695
2016-08-15,32.439998626708984,21.55016326904297
2016-08-16,32.58000183105469,21.643169403076172
2016-08-17,32.68000030517578,21.709596633911133
2016-08-18,33.16999816894531,22.035110473632812
2016-08-19,32.86000061035156,21.829174041748047
2016-08-22,32.529998779296875,21.609952926635742
2016-08-23,32.630001068115234,21.6763858795166
2016-08-24,32.47999954223633,21.57673454284668
2016-08-25,32.41999816894531,21.536880493164062
2016-08-26,32.290000915527344,21.45052146911621
2016-08-29,32.47999954223633,21.57673454284668
2016-08-30,32.380001068115234,21.51030921936035
2016-08-31,31.90999984741211,21.19808578491211
2016-09-01,31.860000610351562,21.164865493774414
2016-09-02,32.27000045776367,21.437232971191406
2016-09-06,32.720001220703125,21.736169815063477
2016-09-07,32.79999923706055,21.78931427001953
2016-09-08,33.31999969482422,22.1347599029541
2016-09-09,32.369998931884766,21.503660202026367
2016-09-12,32.619998931884766,21.66973876953125
2016-09-13,31.579999923706055,20.978857040405273
2016-09-14,31.239999771118164,20.75299644470215
2016-09-15,31.579999923706055,20.978857040405273
2016-09-16,31.239999771118164,20.75299644470215
2016-09-19,31.299999237060547,20.792850494384766
2016-09-20,31.010000228881836,20.600202560424805
2016-09-21,31.670000076293945,21.038646697998047
2016-09-22,31.940000534057617,21.218008041381836
2016-09-23,31.530000686645508,20.945646286010742
2016-09-26,31.309999465942383,20.799497604370117
2016-09-27,31.1299991607666,20.67992401123047
2016-09-28,32.369998931884766,21.503660202026367
2016-09-29,32.5099983215332,21.596662521362305
2016-09-30,32.869998931884766,21.835813522338867
2016-10-03,32.880001068115234,21.84246253967285
2016-10-04,32.689998626708984,21.71624183654785
2016-10-05,33.22999954223633,22.074968338012695
2016-10-06,33.22999954223633,22.074968338012695
2016-10-07,33.150001525878906,22.02182388305664
2016-10-10,33.68000030517578,22.37390899658203
2016-10-11,33.209999084472656,22.061681747436523
2016-10-12,33.11000061035156,21.995254516601562
2016-10-13,32.970001220703125,21.90224838256836
2016-10-14,32.91999816894531,21.869033813476562
2016-10-17,32.7599983215332,21.762744903564453
2016-10-18,32.97999954223633,21.908891677856445
2016-10-19,33.33000183105469,22.141407012939453
2016-10-20,33.349998474121094,22.154687881469727
2016-10-21,33.18000030517578,22.041749954223633
2016-10-24,33.130001068115234,22.0085391998291
2016-10-25,32.939998626708984,21.882320404052734
2016-10-26,32.88999938964844,21.849105834960938
2016-10-27,32.91999816894531,21.869033813476562
2016-10-28,32.709999084472656,21.729528427124023
2016-10-31,32.36000061035156,21.497020721435547
2016-11-01,32.380001068115234,21.51030921936035
2016-11-02,31.950000762939453,21.224655151367188
2016-11-03,32.02000045776367,21.27115821838379
2016-11-04,31.850000381469727,21.158226013183594
2016-11-07,32.4900016784668,21.5833797454834
2016-11-08,32.599998474121094,21.65645408630371
2016-11-09,32.90999984741211,21.862388610839844
2016-11-10,32.849998474121094,21.82253074645996
2016-11-11,32.15999984741211,21.364160537719727
2016-11-14,32.15999984741211,21.364160537719727
2016-11-15,33.02000045776367,21.93545913696289
2016-11-16,32.779998779296875,21.776033401489258
2016-11-17,32.66999816894531,21.702959060668945
2016-11-18,32.70000076293945,21.722885131835938
2016-11-21,33.529998779296875,22.274263381958008
2016-11-22,33.599998474121094,22.320762634277344
2016-11-23,33.619998931884766,22.334049224853516
2016-11-25,33.45000076293945,22.221115112304688
2016-11-28,33.029998779296875,21.942110061645508
2016-11-29,32.7400016784668,21.74946403503418
2016-11-30,34.18000030517578,22.70606231689453
2016-12-01,34.369998931884766,22.832277297973633
2016-12-02,34.47999954223633,22.90534782409668
2016-12-05,34.689998626708984,23.04485511779785
2016-12-06,34.689998626708984,23.04485511779785
2016-12-07,35.0099983215332,23.257434844970703
2016-12-08,35.09000015258789,23.310583114624023
2016-12-09,35.189998626708984,23.37701416015625
2016-12-12,35.47999954223633,23.569664001464844
2016-12-13,35.97999954223633,23.90181541442871
2016-12-14,35.220001220703125,23.396940231323242
2016-12-15,35.209999084472656,23.390296936035156
2016-12-16,35.5,23.582948684692383
2016-12-19,35.310001373291016,23.45673370361328
2016-12-20,35.31999969482422,23.46337890625
2016-12-21,35.400001525878906,23.51651954650879
2016-12-22,34.959999084472656,23.544132232666016
2016-12-23,34.97999954223633,23.557600021362305
2016-12-27,35.060001373291016,23.611474990844727
2016-12-28,34.7599983215332,23.409435272216797
2016-12-29,34.810001373291016,23.443117141723633
2016-12-30,34.79999923706055,23.43638038635254
2017-01-03,35.220001220703125,23.719228744506836
2017-01-04,35.22999954223633,23.72596549987793
2017-01-05,35.279998779296875,23.75963592529297
2017-01-06,35.18000030517578,23.692289352416992
2017-01-09,34.709999084472656,23.375764846801758
2017-01-10,34.43000030517578,23.187196731567383
2017-01-11,34.86000061035156,23.476783752441406
2017-01-12,34.79999923706055,23.43638038635254
2017-01-13,34.79999923706055,23.43638038635254
2017-01-17,34.90999984741211,23.510454177856445
2017-01-18,34.720001220703125,23.38249969482422
2017-01-19,34.459999084472656,23.2074031829834
2017-01-20,34.630001068115234,23.32189178466797
2017-01-23,34.38999938964844,23.16025733947754
2017-01-24,34.720001220703125,23.38249969482422
2017-01-25,34.880001068115234,23.490253448486328
2017-01-26,34.779998779296875,23.42290687561035
2017-01-27,34.459999084472656,23.2074031829834
2017-01-30,33.84000015258789,22.789854049682617
2017-01-31,33.88999938964844,22.82352638244629
2017-02-01,33.720001220703125,22.709035873413086
2017-02-02,33.869998931884766,22.810060501098633
2017-02-03,34.13999938964844,22.991893768310547
2017-02-06,33.790000915527344,22.756183624267578
2017-02-07,33.310001373291016,22.432926177978516
2017-02-08,33.349998474121094,22.459861755371094
2017-02-09,33.63999938964844,22.655162811279297
2017-02-10,33.91999816894531,22.843734741210938
2017-02-13,34.04999923706055,22.931283950805664
2017-02-14,34.099998474121094,22.964954376220703
2017-02-15,34.0,22.897607803344727
2017-02-16,33.70000076293945,22.695571899414062
2017-02-17,33.439998626708984,22.52046775817871
2017-02-21,33.720001220703125,22.709035873413086
2017-02-22,33.27000045776367,22.405988693237305
2017-02-23,33.41999816894531,22.507001876831055
2017-02-24,33.029998779296875,22.244356155395508
2017-02-27,33.22999954223633,22.37904167175293
2017-02-28,33.11000061035156,22.298234939575195
2017-03-01,33.619998931884766,22.64169692993164
2017-03-02,33.380001068115234,22.480066299438477
2017-03-03,33.40999984741211,22.500267028808594
2017-03-06,33.45000076293945,22.527210235595703
2017-03-07,33.27000045776367,22.405988693237305
2017-03-08,32.470001220703125,21.867219924926758
2017-03-09,32.619998931884766,21.968236923217773
2017-03-10,32.779998779296875,22.07599449157715
2017-03-13,32.79999923706055,22.089462280273438
2017-03-14,32.31999969482422,21.76619529724121
2017-03-15,33.08000183105469,22.278030395507812
2017-03-16,33.04999923706055,22.257822036743164
2017-03-17,33.02000045776367,22.23761749267578
2017-03-20,32.93000030517578,22.1770076751709
2017-03-21,32.75,22.055784225463867
2017-03-22,32.790000915527344,22.082727432250977
2017-03-23,32.66999816894531,22.00190544128418
2017-03-24,32.560001373291016,21.927831649780273
2017-03-27,32.54999923706055,21.921092987060547
2017-03-28,32.90999984741211,22.16353988647461
2017-03-29,33.25,22.392515182495117
2017-03-30,33.29999923706055,22.426183700561523
2017-03-31,33.20000076293945,22.358842849731445
2017-04-03,33.099998474121094,22.2914981842041
2017-04-04,33.369998931884766,22.47332763671875
2017-04-05,33.22999954223633,22.37904167175293
2017-04-06,33.4900016784668,22.554155349731445
2017-04-07,33.5099983215332,22.567615509033203
2017-04-10,33.68000030517578,22.68210220336914
2017-04-11,33.720001220703125,22.709035873413086
2017-04-12,33.619998931884766,22.64169692993164
2017-04-13,33.029998779296875,22.244356155395508
2017-04-17,33.189998626708984,22.352108001708984
2017-04-18,32.86000061035156,22.129863739013672
2017-04-19,32.33000183105469,21.772932052612305
2017-04-20,32.470001220703125,21.867219924926758
2017-04-21,32.36000061035156,21.793136596679688
2017-04-24,32.689998626708984,22.0153751373291
2017-04-25,32.95000076293945,22.190479278564453
2017-04-26,32.79999923706055,22.089462280273438
2017-04-27,32.459999084472656,21.860485076904297
2017-04-28,32.4900016784668,21.880687713623047
2017-05-01,32.41999816894531,21.833545684814453
2017-05-02,32.36000061035156,21.793136596679688
2017-05-03,32.38999938964844,21.813337326049805
2017-05-04,31.969999313354492,21.530487060546875
2017-05-05,32.59000015258789,21.94803237915039
2017-05-08,32.720001220703125,22.035579681396484
2017-05-09,32.540000915527344,21.91436195373535
2017-05-10,32.900001525878906,22.156808853149414
2017-05-11,32.81999969482422,22.10292625427246
2017-05-12,32.83000183105469,22.10966682434082
2017-05-15,33.11000061035156,22.298234939575195
2017-05-16,33.099998474121094,22.2914981842041
2017-05-17,32.779998779296875,22.07599449157715
2017-05-18,32.63999938964844,21.981706619262695
2017-05-19,33.09000015258789,22.284761428833008
2017-05-22,33.099998474121094,22.2914981842041
2017-05-23,33.08000183105469,22.278030395507812
2017-05-24,33.02000045776367,22.23761749267578
2017-05-25,32.4900016784668,21.880687713623047
2017-05-26,32.439998626708984,21.847013473510742
2017-05-30,32.189998626708984,21.67864990234375
2017-05-31,32.0,21.550691604614258
2017-06-01,32.209999084472656,21.692113876342773
2017-06-02,31.899999618530273,21.48334503173828
2017-06-05,31.950000762939453,21.517017364501953
2017-06-06,32.22999954223633,21.70558738708496
2017-06-07,31.739999771118164,21.37558937072754
2017-06-08,31.639999389648438,21.308246612548828
2017-06-09,32.189998626708984,21.67864990234375
2017-06-12,32.349998474121094,21.786399841308594
2017-06-13,32.56999969482422,21.934566497802734
2017-06-14,31.989999771118164,21.543956756591797
2017-06-15,31.700000762939453,21.348655700683594
2017-06-16,32.16999816894531,21.665176391601562
2017-06-19,32.08000183105469,21.604572296142578
2017-06-20,30.969999313354492,21.204042434692383
2017-06-21,30.56999969482422,20.93017578125
2017-06-22,30.6299991607666,20.971250534057617
2017-06-23,30.760000228881836,21.060258865356445
2017-06-26,30.760000228881836,21.060258865356445
2017-06-27,30.850000381469727,21.12188148498535
2017-06-28,31.110000610351562,21.299894332885742
2017-06-29,30.979999542236328,21.210887908935547
2017-06-30,31.040000915527344,21.25196647644043
2017-07-03,31.5,21.56691551208496
2017-07-05,30.969999313354492,21.204042434692383
2017-07-06,30.709999084472656,21.026023864746094
2017-07-07,30.6200008392334,20.964412689208984
2017-07-10,30.700000762939453,21.019182205200195
2017-07-11,30.8799991607666,21.142417907714844
2017-07-12,31.09000015258789,21.28619956970215
2017-07-13,31.15999984741211,21.334129333496094
2017-07-14,31.450000762939453,21.532678604125977
2017-07-17,31.360000610351562,21.471057891845703
2017-07-18,31.299999237060547,21.429973602294922
2017-07-19,31.709999084472656,21.710691452026367
2017-07-20,31.690000534057617,21.696996688842773
2017-07-21,31.399999618530273,21.498443603515625
2017-07-24,31.329999923706055,21.450519561767578
2017-07-25,31.649999618530273,21.66960906982422
2017-07-26,31.790000915527344,21.765466690063477
2017-07-27,31.989999771118164,21.90239715576172
2017-07-28,32.02000045776367,21.922941207885742
2017-07-31,32.13999938964844,22.005098342895508
2017-08-01,32.2599983215332,22.08725929260254
2017-08-02,32.279998779296875,22.1009464263916
2017-08-03,31.989999771118164,21.90239715576172
2017-08-04,32.099998474121094,21.977710723876953
2017-08-07,31.959999084472656,21.88185691833496
2017-08-08,31.8799991607666,21.827083587646484
2017-08-09,31.899999618530273,21.840776443481445
2017-08-10,31.5,21.56691551208496
2017-08-11,31.309999465942383,21.436824798583984
2017-08-14,31.229999542236328,21.38205337524414
2017-08-15,31.09000015258789,21.28619956970215
2017-08-16,30.959999084472656,21.197195053100586
2017-08-17,30.59000015258789,20.943866729736328
2017-08-18,30.790000915527344,21.080799102783203
2017-08-21,30.639999389648438,20.978099822998047
2017-08-22,30.8799991607666,21.142417907714844
2017-08-23,31.049999237060547,21.258811950683594
2017-08-24,31.030000686645508,21.2451171875
2017-08-25,31.200000762939453,21.36151123046875
2017-08-28,31.059999465942383,21.26565933227539
2017-08-29,31.079999923706055,21.279354095458984
2017-08-30,31.0,21.22458267211914
2017-08-31,31.200000762939453,21.36151123046875
2017-09-01,31.420000076293945,21.51213836669922
2017-09-05,31.610000610351562,21.642229080200195
2017-09-06,32.06999969482422,21.95716667175293
2017-09-07,32.2599983215332,22.08725929260254
2017-09-08,31.969999313354492,21.888704299926758
2017-09-11,32.2400016784668,22.073562622070312
2017-09-12,32.34000015258789,22.14202880859375
2017-09-13,32.59000015258789,22.313196182250977
2017-09-14,32.810001373291016,22.463823318481445
2017-09-15,32.810001373291016,22.463823318481445
2017-09-18,32.939998626708984,22.552827835083008
2017-09-19,33.06999969482422,22.641836166381836
2017-09-20,33.33000183105469,22.819854736328125
2017-09-21,33.38999938964844,22.860925674438477
2017-09-22,33.540000915527344,22.9636287689209
2017-09-25,33.88999938964844,23.20325469970703
2017-09-26,33.84000015258789,23.169023513793945
2017-09-27,33.869998931884766,23.189563751220703
2017-09-28,33.970001220703125,23.25803565979004
2017-09-29,33.9900016784668,23.2717227935791
2017-10-02,33.93000030517578,23.23064422607422
2017-10-03,33.9900016784668,23.2717227935791
2017-10-04,33.849998474121094,23.175870895385742
2017-10-05,33.95000076293945,23.24433708190918
2017-10-06,33.66999816894531,23.05263328552246
2017-10-09,33.720001220703125,23.08686065673828
2017-10-10,33.86000061035156,23.182720184326172
2017-10-11,33.97999954223633,23.264881134033203
2017-10-12,33.81999969482422,23.155330657958984
2017-10-13,33.869998931884766,23.189563751220703
2017-10-16,33.95000076293945,23.24433708190918
2017-10-17,33.91999816894531,23.223800659179688
2017-10-18,33.75,23.10740852355957
2017-10-19,33.709999084472656,23.08001708984375
2017-10-20,33.720001220703125,23.08686065673828
2017-10-23,33.56999969482422,22.98416519165039
2017-10-24,33.63999938964844,23.03209114074707
2017-10-25,33.439998626708984,22.895156860351562
2017-10-26,33.470001220703125,22.915700912475586
2017-10-27,33.68000030517578,23.059476852416992
2017-10-30,33.95000076293945,23.24433708190918
2017-10-31,34.09000015258789,23.340190887451172
2017-11-01,34.38999938964844,23.545589447021484
2017-11-02,34.43000030517578,23.572973251342773
2017-11-03,34.470001220703125,23.600360870361328
2017-11-06,35.15999984741211,24.072782516479492
2017-11-07,35.11000061035156,24.038551330566406
2017-11-08,35.02000045776367,23.976926803588867
2017-11-09,35.06999969482422,24.01116371154785
2017-11-10,34.90999984741211,23.901615142822266
2017-11-13,34.709999084472656,23.76468276977539
2017-11-14,34.150001525878906,23.38127326965332
2017-11-15,33.77000045776367,23.12110137939453
2017-11-16,33.68000030517578,23.059476852416992
2017-11-17,33.77000045776367,23.12110137939453
2017-11-20,33.709999084472656,23.08001708984375
2017-11-21,33.95000076293945,23.24433708190918
2017-11-22,34.150001525878906,23.38127326965332
2017-11-24,34.2599983215332,23.456579208374023
2017-11-27,33.83000183105469,23.162181854248047
2017-11-28,34.16999816894531,23.39496421813965
2017-11-29,34.15999984741211,23.38811492919922
2017-11-30,34.54999923706055,23.65513801574707
2017-12-01,34.86000061035156,23.86738395690918
2017-12-04,34.790000915527344,23.819459915161133
2017-12-05,34.689998626708984,23.750991821289062
2017-12-06,34.31999969482422,23.497663497924805
2017-12-07,34.380001068115234,23.538745880126953
2017-12-08,34.56999969482422,23.668832778930664
2017-12-11,34.790000915527344,23.819459915161133
2017-12-12,34.849998474121094,23.86053466796875
2017-12-13,34.79999923706055,23.826303482055664
2017-12-14,34.70000076293945,23.757835388183594
2017-12-15,34.540000915527344,23.64829444885254
2017-12-18,34.86000061035156,23.86738395690918
2017-12-19,34.84000015258789,23.85369300842285
2017-12-20,35.150001525878906,24.065937042236328
2017-12-21,35.13999938964844,24.448596954345703
2017-12-22,35.20000076293945,24.490341186523438
2017-12-26,35.47999954223633,24.685155868530273
2017-12-27,35.470001220703125,24.678194046020508
2017-12-28,35.54999923706055,24.733854293823242
2017-12-29,35.54999923706055,24.733854293823242
2018-01-02,36.119998931884766,25.13043212890625
2018-01-03,36.56999969482422,25.443517684936523
2018-01-04,36.869998931884766,25.65224266052246
2018-01-05,36.88999938964844,25.666156768798828
2018-01-08,36.97999954223633,25.728775024414062
2018-01-09,36.95000076293945,25.707904815673828
2018-01-10,36.84000015258789,25.631370544433594
2018-01-11,37.41999816894531,26.03489875793457
2018-01-12,37.880001068115234,26.35495376586914
2018-01-16,37.439998626708984,26.04881477355957
2018-01-17,37.70000076293945,26.229713439941406
2018-01-18,37.459999084472656,26.062732696533203
2018-01-19,37.34000015258789,25.979248046875
2018-01-22,38.0,26.438438415527344
2018-01-23,37.97999954223633,26.42452049255371
2018-01-24,38.150001525878906,26.542804718017578
2018-01-25,37.91999816894531,26.382776260375977
2018-01-26,38.040000915527344,26.46626853942871
2018-01-29,37.540000915527344,26.118389129638672
2018-01-30,36.81999969482422,25.617454528808594
2018-01-31,36.790000915527344,25.596580505371094
2018-02-01,37.11000061035156,25.8192195892334
2018-02-02,35.77000045776367,24.886919021606445
2018-02-05,34.290000915527344,23.857213973999023
2018-02-06,34.77000045776367,24.191165924072266
2018-02-07,34.11000061035156,23.731977462768555
2018-02-08,33.16999816894531,23.077972412109375
2018-02-09,33.130001068115234,23.05014419555664
2018-02-12,33.65999984741211,23.418886184692383
2018-02-13,33.59000015258789,23.370187759399414
2018-02-14,34.06999969482422,23.704145431518555
2018-02-15,34.060001373291016,23.69719123840332
2018-02-16,34.0,23.65544319152832
2018-02-20,33.84000015258789,23.544124603271484
2018-02-21,33.45000076293945,23.272785186767578
2018-02-22,33.70000076293945,23.446718215942383
2018-02-23,34.36000061035156,23.90591812133789
2018-02-26,34.56999969482422,24.05202293395996
2018-02-27,34.11000061035156,23.731977462768555
2018-02-28,33.40999984741211,23.24494743347168
2018-03-01,33.31999969482422,23.18233871459961
2018-03-02,33.380001068115234,23.22408103942871
2018-03-05,33.630001068115234,23.398019790649414
2018-03-06,33.83000183105469,23.53717041015625
2018-03-07,33.540000915527344,23.33540153503418
2018-03-08,33.459999084472656,23.27973747253418
2018-03-09,33.93000030517578,23.606739044189453
2018-03-12,34.0,23.65544319152832
2018-03-13,33.720001220703125,23.460630416870117
2018-03-14,33.619998931884766,23.39105987548828
2018-03-15,33.38999938964844,23.231035232543945
2018-03-16,33.689998626708984,23.439760208129883
2018-03-19,33.20000076293945,23.098844528198242
2018-03-20,33.400001525878906,23.237995147705078
2018-03-21,34.279998779296875,23.85025405883789
2018-03-22,33.61000061035156,23.384103775024414
2018-03-23,33.40999984741211,23.24494743347168
2018-03-26,34.08000183105469,23.71110725402832
2018-03-27,33.77000045776367,23.495426177978516
2018-03-28,33.31999969482422,23.18233871459961
2018-03-29,33.97999954223633,23.641529083251953
2018-04-02,33.31999969482422,23.18233871459961
2018-04-03,33.970001220703125,23.634571075439453
2018-04-04,34.11000061035156,23.731977462768555
2018-04-05,34.79999923706055,24.212045669555664
2018-04-06,34.380001068115234,23.919828414916992
2018-04-09,34.5,24.003320693969727
2018-04-10,35.45000076293945,24.66427993774414
2018-04-11,35.77000045776367,24.886919021606445
2018-04-12,35.810001373291016,24.914749145507812
2018-04-13,36.0099983215332,25.053895950317383
2018-04-16,36.209999084472656,25.193050384521484
2018-04-17,36.43000030517578,25.346111297607422
2018-04-18,36.970001220703125,25.721817016601562
2018-04-19,37.029998779296875,25.763559341430664
2018-04-20,36.86000061035156,25.645288467407227
2018-04-23,36.970001220703125,25.721817016601562
2018-04-24,36.75,25.568748474121094
2018-04-25,36.88999938964844,25.666156768798828
2018-04-26,37.25,25.916622161865234
2018-04-27,37.040000915527344,25.770517349243164
2018-04-30,37.040000915527344,25.770517349243164
2018-05-01,36.869998931884766,25.65224266052246
2018-05-02,36.88999938964844,25.666156768798828
2018-05-03,36.880001068115234,25.659202575683594
2018-05-04,37.119998931884766,25.826175689697266
2018-05-07,37.15999984741211,25.854007720947266
2018-05-08,37.209999084472656,25.888792037963867
2018-05-09,38.02000045776367,26.452350616455078
2018-05-10,38.38999938964844,26.709779739379883
2018-05-11,38.459999084472656,26.758481979370117
2018-05-14,38.790000915527344,26.988079071044922
2018-05-15,38.7599983215332,26.967205047607422
2018-05-16,38.83000183105469,27.015905380249023
2018-05-17,39.2400016784668,27.30116844177246
2018-05-18,39.040000915527344,27.162015914916992
2018-05-21,39.38999938964844,27.40552520751953
2018-05-22,38.939998626708984,27.092439651489258
2018-05-23,38.459999084472656,26.758481979370117
2018-05-24,37.869998931884766,26.347990036010742
2018-05-25,36.88999938964844,25.666156768798828
2018-05-29,36.540000915527344,25.422645568847656
2018-05-30,37.68000030517578,26.215797424316406
2018-05-31,37.47999954223633,26.076648712158203
2018-06-01,37.630001068115234,26.181007385253906
2018-06-04,37.369998931884766,26.000112533569336
2018-06-05,37.279998779296875,25.937498092651367
2018-06-06,37.459999084472656,26.062732696533203
2018-06-07,37.93000030517578,26.38973617553711
2018-06-08,37.91999816894531,26.382776260375977
2018-06-11,38.11000061035156,26.514968872070312
2018-06-12,37.72999954223633,26.250581741333008
2018-06-13,37.59000015258789,26.153182983398438
2018-06-14,37.529998779296875,26.111438751220703
2018-06-15,36.81999969482422,25.617454528808594
2018-06-18,37.08000183105469,25.79834747314453
2018-06-19,36.47999954223633,25.720088958740234
2018-06-20,36.5,25.734188079833984
2018-06-21,35.900001525878906,25.31116485595703
2018-06-22,36.79999923706055,25.94569969177246
2018-06-25,36.11000061035156,25.459224700927734
2018-06-26,36.54999923706055,25.76944351196289
2018-06-27,37.0,26.086713790893555
2018-06-28,37.08000183105469,26.143117904663086
2018-06-29,37.380001068115234,26.354629516601562
2018-07-02,36.869998931884766,25.99505615234375
2018-07-03,37.189998626708984,26.22066879272461
2018-07-05,37.16999816894531,26.206573486328125
2018-07-06,37.470001220703125,26.418088912963867
2018-07-09,38.0,26.791759490966797
2018-07-10,38.25,26.9680233001709
2018-07-11,37.31999969482422,26.312328338623047
2018-07-12,37.5,26.439239501953125
2018-07-13,37.61000061035156,26.516786575317383
2018-07-16,37.15999984741211,26.199520111083984
2018-07-17,36.93000030517578,26.03736114501953
2018-07-18,36.959999084472656,26.058507919311523
2018-07-19,36.959999084472656,26.058507919311523
2018-07-20,37.02000045776367,26.10081672668457
2018-07-23,36.86000061035156,25.988006591796875
2018-07-24,37.279998779296875,26.28412628173828
2018-07-25,37.63999938964844,26.537939071655273
2018-07-26,37.630001068115234,26.53089141845703
2018-07-27,37.61000061035156,26.516786575317383
2018-07-30,37.84000015258789,26.67894744873047
2018-07-31,37.90999984741211,26.728309631347656
2018-08-01,37.52000045776367,26.45333480834961
2018-08-02,37.18000030517578,26.213624954223633
2018-08-03,37.16999816894531,26.206573486328125
2018-08-06,37.25,26.262975692749023
2018-08-07,37.619998931884766,26.52383804321289
2018-08-08,37.400001525878906,26.368730545043945
2018-08-09,37.060001373291016,26.129011154174805
2018-08-10,36.83000183105469,25.966854095458984
2018-08-13,36.5099983215332,25.74123764038086
2018-08-14,36.529998779296875,25.75533676147461
2018-08-15,35.349998474121094,24.92338752746582
2018-08-16,35.599998474121094,25.09964942932129
2018-08-17,35.7599983215332,25.21245002746582
2018-08-20,36.040000915527344,25.409870147705078
2018-08-21,36.18000030517578,25.508581161499023
2018-08-22,36.619998931884766,25.81879234313965
2018-08-23,36.459999084472656,25.70598602294922
2018-08-24,36.790000915527344,25.938655853271484
2018-08-27,37.16999816894531,26.206573486328125
2018-08-28,36.95000076293945,26.051464080810547
2018-08-29,37.130001068115234,26.178363800048828
2018-08-30,37.040000915527344,26.114917755126953
2018-08-31,36.59000015258789,25.797639846801758
2018-09-04,36.38999938964844,25.656633377075195
2018-09-05,36.290000915527344,25.58612823486328
2018-09-06,35.72999954223633,25.191301345825195
2018-09-07,35.65999984741211,25.14194679260254
2018-09-10,35.630001068115234,25.120798110961914
2018-09-11,36.06999969482422,25.431018829345703
2018-09-12,36.36000061035156,25.63548469543457
2018-09-13,36.38999938964844,25.656633377075195
2018-09-14,36.4900016784668,25.727142333984375
2018-09-17,36.560001373291016,25.776487350463867
2018-09-18,36.88999938964844,26.009159088134766
2018-09-19,37.040000915527344,26.114917755126953
2018-09-20,37.09000015258789,26.150171279907227
2018-09-21,37.279998779296875,26.28412628173828
2018-09-24,37.75,26.61549949645996
2018-09-25,38.06999969482422,26.841114044189453
2018-09-26,37.869998931884766,26.70010757446289
2018-09-27,37.91999816894531,26.735355377197266
2018-09-28,37.720001220703125,26.59435272216797
2018-10-01,38.25,26.9680233001709
2018-10-02,38.2599983215332,26.975069046020508
2018-10-03,38.52000045776367,27.15838623046875
2018-10-04,38.310001373291016,27.010324478149414
2018-10-05,38.119998931884766,26.87636375427246
2018-10-08,38.040000915527344,26.819963455200195
2018-10-09,38.33000183105469,27.02442741394043
2018-10-10,37.220001220703125,26.241823196411133
2018-10-11,36.130001068115234,25.473325729370117
2018-10-12,36.310001373291016,25.600229263305664
2018-10-15,36.27000045776367,25.5720272064209
2018-10-16,36.599998474121094,25.804691314697266
2018-10-17,36.310001373291016,25.600229263305664
2018-10-18,35.95000076293945,25.34640884399414
2018-10-19,35.900001525878906,25.31116485595703
2018-10-22,35.56999969482422,25.0784969329834
2018-10-23,34.72999954223633,24.486255645751953
2018-10-24,33.470001220703125,23.597898483276367
2018-10-25,33.86000061035156,23.872867584228516
2018-10-26,33.79999923706055,23.830564498901367
2018-10-29,33.2599983215332,23.44983673095703
2018-10-30,33.95000076293945,23.936321258544922
2018-10-31,34.18000030517578,24.098482131958008
2018-11-01,34.290000915527344,24.176036834716797
2018-11-02,34.119998931884766,24.056177139282227
2018-11-05,34.66999816894531,24.443954467773438
2018-11-06,34.849998474121094,24.57086753845215
2018-11-07,35.220001220703125,24.831729888916016
2018-11-08,34.560001373291016,24.366403579711914
2018-11-09,34.41999816894531,24.26769256591797
2018-11-12,33.810001373291016,23.837615966796875
2018-11-13,33.040000915527344,23.29473304748535
2018-11-14,33.13999938964844,23.365232467651367
2018-11-15,33.70000076293945,23.760061264038086
2018-11-16,33.95000076293945,23.936321258544922
2018-11-19,33.849998474121094,23.865814208984375
2018-11-20,32.84000015258789,23.15372085571289
2018-11-21,33.459999084472656,23.590845108032227
2018-11-23,32.22999954223633,22.72364044189453
2018-11-26,32.79999923706055,23.125518798828125
2018-11-27,32.619998931884766,22.99860954284668
2018-11-28,33.119998931884766,23.351131439208984
2018-11-29,33.25,23.442792892456055
2018-11-30,33.209999084472656,23.414587020874023
2018-12-03,34.029998779296875,23.992725372314453
2018-12-04,33.119998931884766,23.351131439208984
2018-12-06,32.38999938964844,22.83645248413086
2018-12-07,32.34000015258789,22.801197052001953
2018-12-10,31.90999984741211,22.498031616210938
2018-12-11,31.829999923706055,22.44162368774414
2018-12-12,32.02000045776367,22.575584411621094
2018-12-13,32.15999984741211,22.674287796020508
2018-12-14,31.559999465942383,22.251264572143555
2018-12-17,31.020000457763672,21.87053680419922
2018-12-18,29.899999618530273,21.454364776611328
2018-12-19,29.59000015258789,21.23192596435547
2018-12-20,28.989999771118164,20.801408767700195
2018-12-21,28.690000534057617,20.586143493652344
2018-12-24,27.969999313354492,20.069517135620117
2018-12-26,29.200000762939453,20.952091217041016
2018-12-27,29.299999237060547,21.02384376525879
2018-12-28,29.260000228881836,20.99514389038086
2018-12-31,29.350000381469727,21.059720993041992
2019-01-02,29.899999618530273,21.454364776611328
2019-01-03,29.75,21.346731185913086
2019-01-04,30.739999771118164,22.057096481323242
2019-01-07,31.030000686645508,22.265180587768555
2019-01-08,31.260000228881836,22.430217742919922
2019-01-09,31.700000762939453,22.745929718017578
2019-01-10,31.790000915527344,22.81051254272461
2019-01-11,31.579999923706055,22.659826278686523
2019-01-14,31.5,22.60242462158203
2019-01-15,31.639999389648438,22.702880859375
2019-01-16,31.559999465942383,22.645479202270508
2019-01-17,31.770000457763672,22.796161651611328
2019-01-18,32.27000045776367,23.154930114746094
2019-01-22,31.56999969482422,22.652650833129883
2019-01-23,31.34000015258789,22.48761749267578
2019-01-24,31.520000457763672,22.61677360534668
2019-01-25,31.8700008392334,22.867916107177734
2019-01-28,31.540000915527344,22.631128311157227
2019-01-29,31.719999313354492,22.760284423828125
2019-01-30,32.18000030517578,23.090351104736328
2019-01-31,32.459999084472656,23.291259765625
2019-02-01,32.79999923706055,23.53522300720215
2019-02-04,32.959999084472656,23.650028228759766
2019-02-05,33.13999938964844,23.779184341430664
2019-02-06,32.939998626708984,23.63567543029785
2019-02-07,32.34000015258789,23.205156326293945
2019-02-08,32.20000076293945,23.10470199584961
2019-02-11,32.2400016784668,23.133399963378906
2019-02-12,32.619998931884766,23.40606689453125
2019-02-13,32.84000015258789,23.56392478942871
2019-02-14,32.959999084472656,23.650028228759766
2019-02-15,33.45000076293945,24.00162124633789
2019-02-19,33.650001525878906,24.14513397216797
2019-02-20,33.75,24.21688461303711
2019-02-21,33.38999938964844,23.95857048034668
2019-02-22,33.5,24.037500381469727
2019-02-25,33.5099983215332,24.044675827026367
2019-02-26,33.529998779296875,24.059024810791016
2019-02-27,33.599998474121094,24.109251022338867
2019-02-28,33.349998474121094,23.929868698120117
2019-03-01,33.63999938964844,24.13795280456543
2019-03-04,33.56999969482422,24.08772850036621
2019-03-05,33.56999969482422,24.08772850036621
2019-03-06,33.290000915527344,23.886816024780273
2019-03-07,33.08000183105469,23.73613739013672
2019-03-08,32.650001525878906,23.427597045898438
2019-03-11,33.040000915527344,23.707435607910156
2019-03-12,33.16999816894531,23.80070686340332
2019-03-13,33.650001525878906,24.14513397216797
2019-03-14,33.689998626708984,24.173828125
2019-03-15,33.75,24.21688461303711
2019-03-18,34.209999084472656,24.546951293945312
2019-03-19,34.119998931884766,24.482370376586914
2019-03-20,34.34000015258789,24.64023208618164
2019-03-21,34.40999984741211,24.69045639038086
2019-03-22,33.58000183105469,24.09490394592285
2019-03-25,33.4900016784668,24.03032875061035
2019-03-26,33.880001068115234,24.310161590576172
2019-03-27,33.599998474121094,24.109251022338867
2019-03-28,33.68000030517578,24.166656494140625
2019-03-29,33.70000076293945,24.181007385253906
2019-04-01,34.09000015258789,24.460845947265625
2019-04-02,33.970001220703125,24.374744415283203
2019-04-03,33.83000183105469,24.2742862701416
2019-04-04,33.95000076293945,24.360389709472656
2019-04-05,34.41999816894531,24.6976318359375
2019-04-08,34.66999816894531,24.877017974853516
2019-04-09,34.34000015258789,24.64023208618164
2019-04-10,34.459999084472656,24.726333618164062
2019-04-11,34.40999984741211,24.69045639038086
2019-04-12,34.40999984741211,24.69045639038086
2019-04-15,34.25,24.57564926147461
2019-04-16,34.33000183105469,24.633060455322266
2019-04-17,34.43000030517578,24.704809188842773
2019-04-18,34.290000915527344,24.604352951049805
2019-04-22,34.84000015258789,24.998998641967773
2019-04-23,34.95000076293945,25.077930450439453
2019-04-24,34.25,24.57564926147461
2019-04-25,34.16999816894531,24.518245697021484
2019-04-26,33.779998779296875,24.23841094970703
2019-04-29,33.75,24.21688461303711
2019-04-30,33.7400016784668,24.2097110748291
2019-05-01,33.189998626708984,23.8150634765625
2019-05-02,32.83000183105469,23.556753158569336
2019-05-03,33.11000061035156,23.757661819458008
2019-05-06,32.970001220703125,23.657203674316406
2019-05-07,32.5099983215332,23.32713508605957
2019-05-08,32.68000030517578,23.449121475219727
2019-05-09,32.66999816894531,23.44194221496582
2019-05-10,32.7599983215332,23.506521224975586
2019-05-13,32.33000183105469,23.197982788085938
2019-05-14,32.68000030517578,23.449121475219727
2019-05-15,32.84000015258789,23.56392478942871
2019-05-16,33.060001373291016,23.721782684326172
2019-05-17,32.880001068115234,23.592626571655273
2019-05-20,32.91999816894531,23.621328353881836
2019-05-21,33.2400016784668,23.85093879699707
2019-05-22,32.79999923706055,23.53522300720215
2019-05-23,31.889999389648438,22.88226318359375
2019-05-24,32.029998779296875,22.98272132873535
2019-05-28,31.770000457763672,22.796161651611328
2019-05-29,31.610000610351562,22.681358337402344
2019-05-30,31.34000015258789,22.48761749267578
2019-05-31,31.010000228881836,22.250829696655273
2019-06-03,31.229999542236328,22.408687591552734
2019-06-04,31.670000076293945,22.72440528869629
2019-06-05,31.329999923706055,22.480443954467773
2019-06-06,31.780000686645508,22.80333709716797
2019-06-07,32.060001373291016,23.00424575805664
2019-06-10,32.09000015258789,23.02577018737793
2019-06-11,32.220001220703125,23.119050979614258
2019-06-12,31.649999618530273,22.710052490234375
2019-06-13,31.8799991607666,22.87508773803711
2019-06-14,31.729999542236328,22.767457962036133
2019-06-17,31.170000076293945,22.853240966796875
2019-06-18,31.600000381469727,23.168508529663086
2019-06-19,31.639999389648438,23.197832107543945
2019-06-20,32.29999923706055,23.681732177734375
2019-06-21,32.5099983215332,23.83570098876953
2019-06-24,32.369998931884766,23.733055114746094
2019-06-25,32.09000015258789,23.52776527404785
2019-06-26,32.43000030517578,23.777048110961914
2019-06-27,32.22999954223633,23.63041114807129
2019-06-28,32.470001220703125,23.80637550354004
2019-07-01,32.52000045776367,23.84303092956543
2019-07-02,32.13999938964844,23.56442642211914
2019-07-03,32.22999954223633,23.63041114807129
2019-07-05,32.16999816894531,23.586421966552734
2019-07-08,32.16999816894531,23.586421966552734
2019-07-09,32.2400016784668,23.63774299621582
2019-07-10,32.619998931884766,23.91634750366211
2019-07-11,32.720001220703125,23.989667892456055
2019-07-12,32.7599983215332,24.01899528503418
2019-07-15,32.529998779296875,23.850366592407227
2019-07-16,32.150001525878906,23.57175636291504
2019-07-17,31.799999237060547,23.31514549255371
2019-07-18,31.690000534057617,23.234493255615234
2019-07-19,31.809999465942383,23.32247543334961
2019-07-22,31.940000534057617,23.41779136657715
2019-07-23,32.040000915527344,23.491107940673828
2019-07-24,32.0,23.461782455444336
2019-07-25,31.59000015258789,23.161176681518555
2019-07-26,31.5,23.09518814086914
2019-07-29,31.43000030517578,23.043867111206055
2019-07-30,31.6299991607666,23.190502166748047
2019-07-31,31.440000534057617,23.051197052001953
2019-08-01,30.6299991607666,22.45732307434082
2019-08-02,30.309999465942383,22.222702026367188
2019-08-05,29.440000534057617,21.5848388671875
2019-08-06,29.469999313354492,21.60683250427246
2019-08-07,29.309999465942383,21.489526748657227
2019-08-08,29.93000030517578,21.944095611572266
2019-08-09,29.65999984741211,21.746135711669922
2019-08-12,29.459999084472656,21.599496841430664
2019-08-13,29.700000762939453,21.77546501159668
2019-08-14,28.65999984741211,21.012958526611328
2019-08-15,28.489999771118164,20.888317108154297
2019-08-16,28.809999465942383,21.1229305267334
2019-08-19,29.280000686645508,21.467529296875
2019-08-20,29.030000686645508,21.28423309326172
2019-08-21,29.34000015258789,21.511518478393555
2019-08-22,29.18000030517578,21.394210815429688
2019-08-23,28.399999618530273,20.822324752807617
2019-08-26,28.530000686645508,20.91764259338379
2019-08-27,28.43000030517578,20.844327926635742
2019-08-28,28.780000686645508,21.10093879699707
2019-08-29,29.139999389648438,21.364883422851562
2019-08-30,29.18000030517578,21.394210815429688
2019-09-03,29.049999237060547,21.29889678955078
2019-09-04,29.450000762939453,21.592172622680664
2019-09-05,29.780000686645508,21.83411979675293
2019-09-06,29.84000015258789,21.878110885620117
2019-09-09,30.309999465942383,22.222702026367188
2019-09-10,30.729999542236328,22.530643463134766
2019-09-11,30.670000076293945,22.48664665222168
2019-09-12,30.549999237060547,22.398670196533203
2019-09-13,30.700000762939453,22.50864601135254
2019-09-16,31.700000762939453,23.2418270111084
2019-09-17,31.399999618530273,23.021869659423828
2019-09-18,31.280000686645508,22.933889389038086
2019-09-19,31.25,22.911895751953125
2019-09-20,31.299999237060547,22.948551177978516
2019-09-23,31.309999465942383,22.955883026123047
2019-09-24,30.860000610351562,22.625957489013672
2019-09-25,30.850000381469727,22.618619918823242
2019-09-26,30.670000076293945,22.48664665222168
2019-09-27,30.770000457763672,22.559967041015625
2019-09-30,30.559999465942383,22.40599822998047
2019-10-01,30.049999237060547,22.032075881958008
2019-10-02,29.260000228881836,21.452863693237305
2019-10-03,29.520000457763672,21.643491744995117
2019-10-04,29.65999984741211,21.746135711669922
2019-10-07,29.489999771118164,21.62149429321289
2019-10-08,29.049999237060547,21.29889678955078
2019-10-09,29.31999969482422,21.496854782104492
2019-10-10,29.6200008392334,21.71681022644043
2019-10-11,30.040000915527344,22.024747848510742
2019-10-14,29.950000762939453,21.958757400512695
2019-10-15,30.079999923706055,22.054073333740234
2019-10-16,29.850000381469727,21.885440826416016
2019-10-17,29.93000030517578,21.944095611572266
2019-10-18,29.860000610351562,21.89277458190918
2019-10-21,30.260000228881836,22.186044692993164
2019-10-22,30.540000915527344,22.391334533691406
2019-10-23,30.860000610351562,22.625957489013672
2019-10-24,30.770000457763672,22.559967041015625
2019-10-25,30.950000762939453,22.691938400268555
2019-10-28,30.8799991607666,22.640615463256836
2019-10-29,30.8700008392334,22.633281707763672
2019-10-30,30.530000686645508,22.38400650024414
2019-10-31,30.239999771118164,22.171382904052734
2019-11-01,30.969999313354492,22.706600189208984
2019-11-04,31.639999389648438,23.197832107543945
2019-11-05,31.799999237060547,23.31514549255371
2019-11-06,31.34000015258789,22.977882385253906
2019-11-07,31.700000762939453,23.2418270111084
2019-11-08,31.600000381469727,23.168508529663086
2019-11-11,31.540000915527344,23.124515533447266
2019-11-12,31.399999618530273,23.021869659423828
2019-11-13,31.290000915527344,22.941221237182617
2019-11-14,31.170000076293945,22.853240966796875
2019-11-15,31.469999313354492,23.073198318481445
2019-11-18,31.1299991607666,22.823909759521484
2019-11-19,30.780000686645508,22.56730079650879
2019-11-20,30.940000534057617,22.684608459472656
2019-11-21,31.280000686645508,22.933889389038086
2019-11-22,31.149999618530273,22.838573455810547
2019-11-25,31.239999771118164,22.904563903808594
2019-11-26,30.940000534057617,22.684608459472656
2019-11-27,30.950000762939453,22.691938400268555
2019-11-29,30.68000030517578,22.493982315063477
2019-12-02,30.6200008392334,22.449989318847656
2019-12-03,30.229999542236328,22.16404914855957
2019-12-04,30.68000030517578,22.493982315063477
2019-12-05,30.559999465942383,22.40599822998047
2019-12-06,31.059999465942383,22.77259063720703
2019-12-09,30.959999084472656,22.69927215576172
2019-12-10,31.010000228881836,22.735929489135742
2019-12-11,31.059999465942383,22.77259063720703
2019-12-12,31.450000762939453,23.05853271484375
2019-12-13,31.25,22.911895751953125
2019-12-16,30.149999618530273,23.20591163635254
2019-12-17,30.219999313354492,23.259790420532227
2019-12-18,30.40999984741211,23.406028747558594
2019-12-19,30.450000762939453,23.43682098388672
2019-12-20,30.540000915527344,23.506084442138672
2019-12-23,30.84000015258789,23.73699378967285
2019-12-24,30.829999923706055,23.729297637939453
2019-12-26,30.899999618530273,23.783174514770508
2019-12-27,30.829999923706055,23.729297637939453
2019-12-30,30.709999084472656,23.636934280395508
2019-12-31,30.829999923706055,23.729297637939453
2020-01-02,31.079999923706055,23.921714782714844
2020-01-03,31.1200008392334,23.952505111694336
2020-01-06,31.540000915527344,24.275772094726562
2020-01-07,31.3799991607666,24.15262222290039
2020-01-08,31.0,23.860143661499023
2020-01-09,31.040000915527344,23.890932083129883
2020-01-10,30.90999984741211,23.790870666503906
2020-01-13,30.940000534057617,23.813962936401367
2020-01-14,30.90999984741211,23.790870666503906
2020-01-15,30.719999313354492,23.644634246826172
2020-01-16,30.739999771118164,23.660022735595703
2020-01-17,30.579999923706055,23.53687858581543
2020-01-21,30.139999389648438,23.198217391967773
2020-01-22,29.950000762939453,23.051977157592773
2020-01-23,29.860000610351562,22.982707977294922
2020-01-24,29.600000381469727,22.782590866088867
2020-01-27,28.860000610351562,22.213024139404297
2020-01-28,28.989999771118164,22.313081741333008
2020-01-29,28.760000228881836,22.136056900024414
2020-01-30,28.760000228881836,22.136056900024414
2020-01-31,27.920000076293945,21.489521026611328
2020-02-03,27.56999969482422,21.220130920410156
2020-02-04,27.799999237060547,21.39716148376465
2020-02-05,28.56999969482422,21.989818572998047
2020-02-06,28.3799991607666,21.843576431274414
2020-02-07,28.059999465942383,21.59727668762207
2020-02-10,27.979999542236328,21.535703659057617
2020-02-11,28.270000457763672,21.7589111328125
2020-02-12,28.639999389648438,22.043691635131836
2020-02-13,28.440000534057617,21.88975715637207
2020-02-14,28.290000915527344,21.774307250976562
2020-02-18,28.110000610351562,21.635761260986328
2020-02-19,28.40999984741211,21.866668701171875
2020-02-20,28.280000686645508,21.766605377197266
2020-02-21,28.010000228881836,21.558794021606445
2020-02-24,26.760000228881836,20.59669303894043
2020-02-25,25.809999465942383,19.86549186706543
2020-02-26,25.329999923706055,19.49604606628418
2020-02-27,24.170000076293945,18.60321807861328
2020-02-28,24.25,18.664793014526367
2020-03-02,24.889999389648438,19.157384872436523
2020-03-03,24.329999923706055,18.726364135742188
2020-03-04,24.84000015258789,19.11890411376953
2020-03-05,24.079999923706055,18.5339412689209
2020-03-06,22.979999542236328,17.687294006347656
2020-03-09,18.510000228881836,14.24681568145752
2020-03-10,19.40999984741211,14.93952751159668
2020-03-11,18.239999771118164,14.039000511169434
2020-03-12,15.8100004196167,12.168672561645508
2020-03-13,17.209999084472656,13.246227264404297
2020-03-16,14.710000038146973,11.322021484375
2020-03-17,14.680000305175781,11.298932075500488
2020-03-18,12.760000228881836,9.821142196655273
2020-03-19,13.470000267028809,10.3676176071167
2020-03-20,13.699999809265137,10.54464340209961
2020-03-23,13.34000015258789,10.267557144165039
2020-03-24,15.649999618530273,12.04552173614502
2020-03-25,16.56999969482422,12.753631591796875
2020-03-26,17.100000381469727,13.161564826965332
2020-03-27,16.020000457763672,12.330306053161621
2020-03-30,16.43000030517578,12.645877838134766
2020-03-31,16.889999389648438,12.999929428100586
2020-04-01,16.389999389648438,12.615087509155273
2020-04-02,17.790000915527344,13.692642211914062
2020-04-03,17.260000228881836,13.284710884094238
2020-04-06,17.8799991607666,13.761913299560547
2020-04-07,18.059999465942383,13.900459289550781
2020-04-08,18.84000015258789,14.500809669494629
2020-04-09,18.690000534057617,14.385357856750488
2020-04-13,18.639999389648438,14.346872329711914
2020-04-14,18.520000457763672,14.254511833190918
2020-04-15,17.549999237060547,13.507919311523438
2020-04-16,16.940000534057617,13.03841495513916
2020-04-17,18.239999771118164,14.039000511169434
2020-04-20,17.65999984741211,13.592583656311035
2020-04-21,17.299999237060547,13.315496444702148
2020-04-22,17.989999771118164,13.846579551696777
2020-04-23,18.40999984741211,14.169846534729004
2020-04-24,18.40999984741211,14.169846534729004
2020-04-27,18.75,14.431540489196777
2020-04-28,19.09000015258789,14.693228721618652
2020-04-29,20.40999984741211,15.709207534790039
2020-04-30,19.639999389648438,15.116557121276855
2020-05-01,18.59000015258789,14.308388710021973
2020-05-04,19.020000457763672,14.639352798461914
2020-05-05,19.280000686645508,14.839471817016602
2020-05-06,18.84000015258789,14.500809669494629
2020-05-07,19.219999313354492,14.793289184570312
2020-05-08,19.90999984741211,15.324370384216309
2020-05-11,19.6299991607666,15.10886001586914
2020-05-12,19.280000686645508,14.839471817016602
2020-05-13,18.59000015258789,14.308388710021973
2020-05-14,18.610000610351562,14.323784828186035
2020-05-15,18.6200008392334,14.331480979919434
2020-05-18,19.959999084472656,15.36285400390625
2020-05-19,19.600000381469727,15.085768699645996
2020-05-20,20.18000030517578,15.532181739807129
2020-05-21,19.899999618530273,15.316672325134277
2020-05-22,19.75,15.201216697692871
2020-05-26,20.239999771118164,15.578363418579102
2020-05-27,20.530000686645508,15.801573753356934
2020-05-28,20.170000076293945,15.524489402770996
2020-05-29,20.09000015258789,15.462913513183594
2020-06-01,20.520000457763672,15.793872833251953
2020-06-02,21.059999465942383,16.209505081176758
2020-06-03,21.709999084472656,16.709796905517578
2020-06-04,21.6299991607666,16.648221969604492
2020-06-05,23.0,17.702686309814453
2020-06-08,23.81999969482422,18.333826065063477
2020-06-09,23.0,17.702686309814453
2020-06-10,22.139999389648438,17.04076385498047
2020-06-11,20.15999984741211,15.5167875289917
2020-06-12,20.729999542236328,15.955509185791016
2020-06-15,20.31999969482422,15.940604209899902
2020-06-16,20.75,16.27792739868164
2020-06-17,20.229999542236328,15.869999885559082
2020-06-18,20.350000381469727,15.96413516998291
2020-06-19,20.059999465942383,15.736639022827148
2020-06-22,20.200000762939453,15.846463203430176
2020-06-23,20.31999969482422,15.940604209899902
2020-06-24,19.34000015258789,15.171814918518066
2020-06-25,19.65999984741211,15.422846794128418
2020-06-26,19.06999969482422,14.960005760192871
2020-06-29,19.3799991607666,15.203194618225098
2020-06-30,19.540000915527344,15.328709602355957
2020-07-01,19.299999237060547,15.140433311462402
2020-07-02,19.520000457763672,15.313020706176758
2020-07-06,19.68000030517578,15.438539505004883
2020-07-07,19.110000610351562,14.991381645202637
2020-07-08,19.190000534057617,15.054141998291016
2020-07-09,18.43000030517578,14.457939147949219
2020-07-10,18.829999923706055,14.771728515625
2020-07-13,18.780000686645508,14.732507705688477
2020-07-14,19.40999984741211,15.226726531982422
2020-07-15,19.790000915527344,15.52482795715332
2020-07-16,19.649999618530273,15.414999961853027
2020-07-17,19.43000030517578,15.242417335510254
2020-07-20,19.170000076293945,15.0384521484375
2020-07-21,20.010000228881836,15.697415351867676
2020-07-22,19.850000381469727,15.571901321411133
2020-07-23,19.709999084472656,15.462071418762207
2020-07-24,19.68000030517578,15.438539505004883
2020-07-27,19.729999542236328,15.47775936126709
2020-07-28,19.43000030517578,15.242417335510254
2020-07-29,19.760000228881836,15.501297950744629
2020-07-30,19.139999389648438,15.014917373657227
2020-07-31,18.81999969482422,14.763887405395508
2020-08-03,18.940000534057617,14.858023643493652
2020-08-04,19.489999771118164,15.2894868850708
2020-08-05,19.739999771118164,15.485603332519531
2020-08-06,19.6200008392334,15.391469955444336
2020-08-07,19.559999465942383,15.344401359558105
2020-08-10,20.010000228881836,15.697415351867676
2020-08-11,20.059999465942383,15.736639022827148
2020-08-12,20.3700008392334,15.979827880859375
2020-08-13,20.030000686645508,15.713102340698242
2020-08-14,20.020000457763672,15.70526123046875
2020-08-17,19.969999313354492,15.666035652160645
2020-08-18,19.760000228881836,15.501297950744629
2020-08-19,19.600000381469727,15.375777244567871
2020-08-20,19.31999969482422,15.156123161315918
2020-08-21,19.15999984741211,15.030608177185059
2020-08-24,19.6200008392334,15.391469955444336
2020-08-25,19.420000076293945,15.234574317932129
2020-08-26,19.100000381469727,14.983539581298828
2020-08-27,19.09000015258789,14.975693702697754
2020-08-28,19.399999618530273,15.218880653381348
2020-08-31,19.010000228881836,14.912935256958008
2020-09-01,18.940000534057617,14.858023643493652
2020-09-02,18.860000610351562,14.79526424407959
2020-09-03,18.739999771118164,14.701126098632812
2020-09-04,18.670000076293945,14.64621353149414
2020-09-08,18.059999465942383,14.167680740356445
2020-09-09,18.260000228881836,14.324579238891602
2020-09-10,17.760000228881836,13.932339668273926
2020-09-11,17.809999465942383,13.971562385559082
2020-09-14,17.829999923706055,13.987249374389648
2020-09-15,17.75,13.924491882324219
2020-09-16,18.15999984741211,14.246129035949707
2020-09-17,18.15999984741211,14.246129035949707
2020-09-18,17.850000381469727,14.00294303894043
2020-09-21,17.31999969482422,13.587166786193848
2020-09-22,17.260000228881836,13.540099143981934
2020-09-23,16.6299991607666,13.045876502990723
2020-09-24,16.65999984741211,13.06941032409668
2020-09-25,16.579999923706055,13.00665283203125
2020-09-28,16.850000381469727,13.218461036682129
2020-09-29,16.479999542236328,12.928206443786621
2020-09-30,16.399999618530273,12.865447998046875
2020-10-01,16.020000457763672,12.567344665527344
2020-10-02,16.100000381469727,12.630104064941406
2020-10-05,16.520000457763672,12.959585189819336
2020-10-06,16.350000381469727,12.826221466064453
2020-10-07,16.530000686645508,12.967430114746094
2020-10-08,17.059999465942383,13.383200645446777
2020-10-09,16.920000076293945,13.2733736038208
2020-10-12,16.90999984741211,13.265530586242676
2020-10-13,16.670000076293945,13.077259063720703
2020-10-14,16.65999984741211,13.06941032409668
2020-10-15,16.639999389648438,13.053722381591797
2020-10-16,16.40999984741211,12.87329387664795
2020-10-19,16.200000762939453,12.708553314208984
2020-10-20,16.350000381469727,12.826221466064453
2020-10-21,16.100000381469727,12.630104064941406
2020-10-22,16.530000686645508,12.967430114746094
2020-10-23,16.520000457763672,12.959585189819336
2020-10-26,16.049999237060547,12.590879440307617
2020-10-27,15.770000457763672,12.37122631072998
2020-10-28,15.079999923706055,11.829936981201172
2020-10-29,15.460000038146973,12.128036499023438
2020-10-30,15.5600004196167,12.206486701965332
2020-11-02,16.020000457763672,12.567344665527344
2020-11-03,16.139999389648438,12.661481857299805
2020-11-04,16.18000030517578,12.692862510681152
2020-11-05,16.25,12.74777603149414
2020-11-06,15.989999771118164,12.54380989074707
2020-11-09,18.049999237060547,14.159836769104004
2020-11-10,18.760000228881836,14.716814994812012
2020-11-11,18.670000076293945,14.64621353149414
2020-11-12,18.079999923706055,14.183372497558594
2020-11-13,18.559999465942383,14.559919357299805
2020-11-16,19.59000015258789,15.367935180664062
2020-11-17,19.799999237060547,15.532674789428711
2020-11-18,19.3700008392334,15.195348739624023
2020-11-19,19.579999923706055,15.360087394714355
2020-11-20,19.549999237060547,15.336553573608398
2020-11-23,20.68000030517578,16.22301483154297
2020-11-24,21.690000534057617,17.015336990356445
2020-11-25,21.360000610351562,16.7564640045166
2020-11-27,21.190000534057617,16.623098373413086
2020-11-30,20.059999465942383,15.736639022827148
2020-12-01,20.350000381469727,15.96413516998291
2020-12-02,20.8799991607666,16.379907608032227
2020-12-03,21.06999969482422,16.528961181640625
2020-12-04,21.979999542236328,17.242839813232422
2020-12-07,21.600000381469727,16.944734573364258
2020-12-08,21.770000457763672,17.07809829711914
2020-12-09,21.75,17.06240463256836
2020-12-10,22.3700008392334,17.548784255981445
2020-12-11,22.110000610351562,17.344820022583008
2020-12-14,20.889999389648438,16.84174346923828
2020-12-15,21.270000457763672,17.14810562133789
2020-12-16,21.190000534057617,17.083608627319336
2020-12-17,21.170000076293945,17.067480087280273
2020-12-18,20.8799991607666,16.833681106567383
2020-12-21,20.309999465942383,16.3741397857666
2020-12-22,20.049999237060547,16.164525985717773
2020-12-23,20.479999542236328,16.51119613647461
2020-12-24,20.420000076293945,16.46282386779785
2020-12-28,20.3700008392334,16.422515869140625
2020-12-29,20.309999465942383,16.3741397857666
2020-12-30,20.510000228881836,16.535388946533203
2020-12-31,20.309999465942383,16.3741397857666
2021-01-04,20.389999389648438,16.438640594482422
2021-01-05,21.34000015258789,17.204538345336914
2021-01-06,22.010000228881836,17.74469757080078
2021-01-07,22.329999923706055,18.002689361572266
2021-01-08,22.25,17.93819236755371
2021-01-11,22.350000381469727,18.018810272216797
2021-01-12,22.93000030517578,18.486413955688477
2021-01-13,22.809999465942383,18.389671325683594
2021-01-14,23.420000076293945,18.881458282470703
2021-01-15,22.559999465942383,18.1881160736084
2021-01-19,22.899999618530273,18.46222686767578
2021-01-20,23.010000228881836,18.55091094970703
2021-01-21,22.43000030517578,18.08330726623535
2021-01-22,22.149999618530273,17.857568740844727
2021-01-25,21.899999618530273,17.65601921081543
2021-01-26,21.690000534057617,17.48671531677246
2021-01-27,21.280000686645508,17.156166076660156
2021-01-28,21.559999465942383,17.38190460205078
2021-01-29,20.889999389648438,16.84174346923828
2021-02-01,21.0,16.93042755126953
2021-02-02,21.18000030517578,17.075544357299805
2021-02-03,21.75,17.535085678100586
2021-02-04,21.84000015258789,17.607646942138672
2021-02-05,22.010000228881836,17.74469757080078
2021-02-08,22.649999618530273,18.26067352294922
2021-02-09,22.459999084472656,18.107494354248047
2021-02-10,22.709999084472656,18.309049606323242
2021-02-11,22.469999313354492,18.115556716918945
2021-02-12,22.81999969482422,18.397727966308594
2021-02-16,23.43000030517578,18.88951873779297
2021-02-17,23.770000457763672,19.163631439208984
2021-02-18,23.280000686645508,18.76858901977539
2021-02-19,23.530000686645508,18.970138549804688
2021-02-22,24.049999237060547,19.38936996459961
2021-02-23,24.469999313354492,19.727975845336914
2021-02-24,25.149999618530273,20.27620506286621
2021-02-25,24.790000915527344,19.9859676361084
2021-02-26,24.100000381469727,19.42967987060547
2021-03-01,24.530000686645508,19.776355743408203
2021-03-02,24.549999237060547,19.7924747467041
2021-03-03,24.84000015258789,20.02627944946289
2021-03-04,25.260000228881836,20.364887237548828
2021-03-05,26.149999618530273,21.082412719726562
2021-03-08,25.950000762939453,20.921171188354492
2021-03-09,25.639999389648438,20.67124366760254
2021-03-10,26.200000762939453,21.122724533081055
2021-03-11,26.3700008392334,21.25977897644043
2021-03-12,26.469999313354492,21.34040069580078
2021-03-15,26.270000457763672,21.17915916442871
2021-03-16,25.649999618530273,20.679304122924805
2021-03-17,25.899999618530273,20.880861282348633
2021-03-18,24.860000610351562,20.042400360107422
2021-03-19,24.889999389648438,20.066585540771484
2021-03-22,24.75,19.953718185424805
2021-03-23,24.200000762939453,19.51030158996582
2021-03-24,24.690000534057617,19.905344009399414
2021-03-25,24.690000534057617,19.905344009399414
2021-03-26,25.209999084472656,20.324575424194336
2021-03-29,25.059999465942383,20.203643798828125
2021-03-30,24.799999237060547,19.994029998779297
2021-03-31,24.649999618530273,19.873096466064453
2021-04-01,25.09000015258789,20.227828979492188
2021-04-05,24.790000915527344,19.9859676361084
2021-04-06,24.709999084472656,19.921466827392578
2021-04-07,24.81999969482422,20.01015281677246
2021-04-08,24.520000457763672,19.76828956604004
2021-04-09,24.329999923706055,19.615108489990234
2021-04-12,24.170000076293945,19.486116409301758
2021-04-13,24.239999771118164,19.542552947998047
2021-04-14,24.829999923706055,20.018213272094727
2021-04-15,24.760000228881836,19.961776733398438
2021-04-16,24.59000015258789,19.824726104736328
2021-04-19,24.610000610351562,19.84084701538086
2021-04-20,24.010000228881836,19.35712432861328
2021-04-21,24.280000686645508,19.574796676635742
2021-04-22,23.959999084472656,19.31681251525879
2021-04-23,24.1299991607666,19.45386505126953
2021-04-26,24.309999465942383,19.598987579345703
2021-04-27,24.510000228881836,19.76022720336914
2021-04-28,25.209999084472656,20.324575424194336
2021-04-29,25.309999465942383,20.405195236206055
2021-04-30,24.719999313354492,19.92953109741211
2021-05-03,25.350000381469727,20.43744468688965
2021-05-04,25.34000015258789,20.42938232421875
2021-05-05,26.09000015258789,21.034038543701172
2021-05-06,26.280000686645508,21.18722152709961
2021-05-07,26.709999084472656,21.533891677856445
2021-05-10,26.639999389648438,21.477455139160156
2021-05-11,26.020000457763672,20.97760581970215
2021-05-12,26.09000015258789,21.034038543701172
2021-05-13,25.84000015258789,20.832489013671875
2021-05-14,26.610000610351562,21.453271865844727
2021-05-17,27.079999923706055,21.832185745239258
2021-05-18,26.68000030517578,21.50970458984375
2021-05-19,26.0,20.961483001708984
2021-05-20,26.040000915527344,20.993728637695312
2021-05-21,26.100000381469727,21.042104721069336
2021-05-24,26.350000381469727,21.243654251098633
2021-05-25,25.8700008392334,20.85667610168457
2021-05-26,26.049999237060547,21.00179100036621
2021-05-27,26.06999969482422,21.017915725708008
2021-05-28,26.149999618530273,21.082412719726562
2021-06-01,27.0,21.767690658569336
2021-06-02,27.489999771118164,22.162734985351562
2021-06-03,27.5,22.17079734802246
2021-06-04,27.68000030517578,22.31591796875
2021-06-07,27.600000381469727,22.25141716003418
2021-06-08,27.780000686645508,22.396533966064453
2021-06-09,27.639999389648438,22.283666610717773
2021-06-10,27.209999084472656,22.28120994567871
2021-06-11,27.18000030517578,22.25664520263672
2021-06-14,27.239999771118164,22.305776596069336
2021-06-15,27.690000534057617,22.674264907836914
2021-06-16,27.489999771118164,22.51049041748047
2021-06-17,26.68000030517578,21.847213745117188
2021-06-18,25.8799991607666,21.192123413085938
2021-06-21,26.790000915527344,21.937288284301758
2021-06-22,26.950000762939453,22.06830596923828
2021-06-23,26.989999771118164,22.101062774658203
2021-06-24,27.270000457763672,22.33034324645996
2021-06-25,27.350000381469727,22.395851135253906
2021-06-28,26.549999237060547,21.74076271057129
2021-06-29,26.420000076293945,21.634309768676758
2021-06-30,26.59000015258789,21.773517608642578
2021-07-01,27.030000686645508,22.13381576538086
2021-07-02,26.989999771118164,22.101062774658203
2021-07-06,26.25,21.495105743408203
2021-07-07,25.889999389648438,21.200313568115234
2021-07-08,25.719999313354492,21.061107635498047
2021-07-09,26.209999084472656,21.46234893798828
2021-07-12,26.149999618530273,21.413217544555664
2021-07-13,25.969999313354492,21.265825271606445
2021-07-14,25.43000030517578,20.823638916015625
2021-07-15,25.040000915527344,20.504283905029297
2021-07-16,24.489999771118164,20.05390739440918
2021-07-19,23.610000610351562,19.33331298828125
2021-07-20,23.850000381469727,19.529836654663086
2021-07-21,24.610000610351562,20.152172088623047
2021-07-22,24.420000076293945,19.9965877532959
2021-07-23,24.360000610351562,19.94745635986328
2021-07-26,24.899999618530273,20.3896427154541
2021-07-27,24.729999542236328,20.250436782836914
2021-07-28,24.940000534057617,20.422399520874023
2021-07-29,25.209999084472656,20.64348793029785
2021-07-30,24.829999923706055,20.332319259643555
2021-08-02,24.670000076293945,20.201303482055664
2021-08-03,25.18000030517578,20.61892318725586
2021-08-04,24.579999923706055,20.127605438232422
2021-08-05,24.889999389648438,20.381452560424805
2021-08-06,25.049999237060547,20.512470245361328
2021-08-09,24.75,20.26681137084961
2021-08-10,25.100000381469727,20.55341148376465
2021-08-11,25.34000015258789,20.749942779541016
2021-08-12,25.260000228881836,20.684432983398438
2021-08-13,25.040000915527344,20.504283905029297
2021-08-16,24.600000381469727,20.143983840942383
2021-08-17,24.43000030517578,20.00477409362793
2021-08-18,23.979999542236328,19.636289596557617
2021-08-19,23.34000015258789,19.112220764160156
2021-08-20,23.399999618530273,19.16135025024414
2021-08-23,24.18000030517578,19.800064086914062
2021-08-24,24.540000915527344,20.094852447509766
2021-08-25,24.649999618530273,20.184925079345703
2021-08-26,24.360000610351562,19.94745635986328
2021-08-27,24.950000762939453,20.43058204650879
2021-08-30,24.770000457763672,20.28318977355957
2021-08-31,24.6299991607666,20.168546676635742
2021-09-01,24.399999618530273,19.980209350585938
2021-09-02,24.93000030517578,20.414207458496094
2021-09-03,24.850000381469727,20.34869956970215
2021-09-07,24.75,20.26681137084961
2021-09-08,24.469999313354492,20.03752899169922
2021-09-09,24.420000076293945,19.9965877532959
2021-09-10,24.420000076293945,19.9965877532959
2021-09-13,25.09000015258789,20.545225143432617
2021-09-14,24.799999237060547,20.307754516601562
2021-09-15,25.6200008392334,20.979225158691406
2021-09-16,25.360000610351562,20.766319274902344
2021-09-17,25.06999969482422,20.528846740722656
2021-09-20,24.43000030517578,20.00477409362793
2021-09-21,24.700000762939453,20.22587013244629
2021-09-22,25.34000015258789,20.749942779541016
2021-09-23,26.049999237060547,21.331329345703125
2021-09-24,26.1200008392334,21.388652801513672
2021-09-27,26.93000030517578,22.051929473876953
2021-09-28,27.040000915527344,22.142005920410156
2021-09-29,27.010000228881836,22.11743927001953
2021-09-30,26.850000381469727,21.986421585083008
2021-10-01,27.489999771118164,22.51049041748047
2021-10-04,27.8700008392334,22.821657180786133
2021-10-05,28.149999618530273,23.05093765258789
2021-10-06,27.850000381469727,22.805280685424805
2021-10-07,27.989999771118164,22.919923782348633
2021-10-08,28.65999984741211,23.46855926513672
2021-10-11,28.65999984741211,23.46855926513672
2021-10-12,28.709999084472656,23.50950050354004
2021-10-13,28.75,23.542253494262695
2021-10-14,29.149999618530273,23.86979866027832
2021-10-15,29.360000610351562,24.04176139831543
2021-10-18,29.350000381469727,24.0335750579834
2021-10-19,29.59000015258789,24.230100631713867
2021-10-20,29.829999923706055,24.426626205444336
2021-10-21,29.290000915527344,23.984439849853516
2021-10-22,29.440000534057617,24.107269287109375
2021-10-25,29.780000686645508,24.385683059692383
2021-10-26,29.860000610351562,24.45119285583496
2021-10-27,29.280000686645508,23.976253509521484
2021-10-28,29.3700008392334,24.049951553344727
2021-10-29,29.049999237060547,23.787914276123047
2021-11-01,29.43000030517578,24.099079132080078
2021-11-02,29.1200008392334,23.845237731933594
2021-11-03,28.850000381469727,23.624141693115234
2021-11-04,28.84000015258789,23.61595344543457
2021-11-05,29.25,23.951688766479492
2021-11-08,29.420000076293945,24.090892791748047
2021-11-09,29.530000686645508,24.18096923828125
2021-11-10,28.84000015258789,23.61595344543457
2021-11-11,28.8700008392334,23.640520095825195
2021-11-12,28.780000686645508,23.566822052001953
2021-11-15,28.979999542236328,23.730594635009766
2021-11-16,29.010000228881836,23.75516128540039
2021-11-17,28.68000030517578,23.48493766784668
2021-11-18,28.510000228881836,23.345731735229492
2021-11-19,27.5,22.518680572509766
2021-11-22,27.809999465942383,22.77252769470215
2021-11-23,28.56999969482422,23.394861221313477
2021-11-24,28.81999969482422,23.599576950073242
2021-11-26,27.579999923706055,22.58418846130371
2021-11-29,27.739999771118164,22.7152099609375
2021-11-30,27.200000762939453,22.273021697998047
2021-12-01,26.8799991607666,22.010984420776367
2021-12-02,27.760000228881836,22.731584548950195
2021-12-03,27.549999237060547,22.559621810913086
2021-12-06,28.06999969482422,22.985429763793945
2021-12-07,28.649999618530273,23.460371017456055
2021-12-08,28.649999618530273,23.460371017456055
2021-12-09,28.299999237060547,23.173770904541016
2021-12-10,28.510000228881836,23.345731735229492
2021-12-13,27.110000610351562,22.73194694519043
2021-12-14,26.989999771118164,22.631322860717773
2021-12-15,26.989999771118164,22.631322860717773
2021-12-16,27.190000534057617,22.79902458190918
2021-12-17,26.649999618530273,22.346227645874023
2021-12-20,26.3700008392334,22.111446380615234
2021-12-21,27.059999465942383,22.690013885498047
2021-12-22,27.299999237060547,22.89125633239746
2021-12-23,27.3799991607666,22.958337783813477
2021-12-27,27.860000610351562,23.360820770263672
2021-12-28,27.790000915527344,23.302125930786133
2021-12-29,27.610000610351562,23.151195526123047
2021-12-30,27.450000762939453,23.01703643798828
2021-12-31,27.510000228881836,23.06734275817871
2022-01-03,28.25,23.68783950805664
2022-01-04,28.959999084472656,24.28318214416504
2022-01-05,28.969999313354492,24.291566848754883
2022-01-06,29.579999923706055,24.80305290222168
2022-01-07,29.989999771118164,25.14684295654297
2022-01-10,29.93000030517578,25.096534729003906
2022-01-11,30.850000381469727,25.86795997619629
2022-01-12,31.1200008392334,26.094356536865234
2022-01-13,31.059999465942383,26.044044494628906
2022-01-14,31.719999313354492,26.597461700439453
2022-01-18,31.899999618530273,26.748394012451172
2022-01-19,31.84000015258789,26.698081970214844
2022-01-20,31.420000076293945,26.345909118652344
2022-01-21,30.760000228881836,25.79249382019043
2022-01-24,30.68000030517578,25.725414276123047
2022-01-25,31.68000030517578,26.56392478942871
2022-01-26,31.809999465942383,26.67292594909668
2022-01-27,32.099998474121094,26.916093826293945
2022-01-28,31.90999984741211,26.756778717041016
2022-01-31,32.040000915527344,26.86578369140625
2022-02-01,33.029998779296875,27.695907592773438
2022-02-02,33.15999984741211,27.804912567138672
2022-02-03,32.880001068115234,27.57012939453125
2022-02-04,33.41999816894531,28.022920608520508
2022-02-07,33.7599983215332,28.308013916015625
2022-02-08,33.13999938964844,27.788143157958984
2022-02-09,33.4900016784668,28.081621170043945
2022-02-10,33.33000183105469,27.947460174560547
2022-02-11,34.06999969482422,28.56795310974121
2022-02-14,33.45000076293945,28.048084259033203
2022-02-15,33.06999969482422,27.729448318481445
2022-02-16,33.369998931884766,27.981000900268555
2022-02-17,33.279998779296875,27.905534744262695
2022-02-18,33.02000045776367,27.68752098083496
2022-02-22,32.59000015258789,27.326963424682617
2022-02-23,32.81999969482422,27.519819259643555
2022-02-24,32.31999969482422,27.100568771362305
2022-02-25,33.290000915527344,27.91391944885254
2022-02-28,33.599998474121094,28.17385482788086
2022-03-01,33.75,28.299631118774414
2022-03-02,34.869998931884766,29.238758087158203
2022-03-03,34.439998626708984,28.878202438354492
2022-03-04,34.86000061035156,29.230377197265625
2022-03-07,35.36000061035156,29.649629592895508
2022-03-08,35.779998779296875,30.001802444458008
2022-03-09,34.95000076293945,29.305843353271484
2022-03-10,35.689998626708984,29.926340103149414
2022-03-11,35.36000061035156,29.649629592895508
2022-03-14,34.43000030517578,28.86981964111328
2022-03-15,33.650001525878906,28.215784072875977
2022-03-16,33.63999938964844,28.207399368286133
2022-03-17,34.619998931884766,29.02913475036621
2022-03-18,34.599998474121094,29.012361526489258
2022-03-21,35.779998779296875,30.001802444458008
2022-03-22,35.63999938964844,29.884416580200195
2022-03-23,36.310001373291016,30.44621467590332
2022-03-24,36.369998931884766,30.496524810791016
2022-03-25,37.099998474121094,31.10862922668457
2022-03-28,36.189998626708984,30.34558868408203
2022-03-29,36.09000015258789,30.261741638183594
2022-03-30,36.650001525878906,30.731307983398438
2022-03-31,36.150001525878906,30.312047958374023
2022-04-01,36.4900016784668,30.59714698791504
2022-04-04,36.63999938964844,30.722917556762695
2022-04-05,36.099998474121094,30.270126342773438
2022-04-06,36.18000030517578,30.33720588684082
2022-04-07,36.54999923706055,30.647451400756836
2022-04-08,37.34000015258789,31.309877395629883
2022-04-11,36.380001068115234,30.504913330078125
2022-04-12,36.900001525878906,30.940935134887695
2022-04-13,37.540000915527344,31.47757339477539
2022-04-14,37.63999938964844,31.561429977416992
2022-04-18,38.029998779296875,31.88844871520996
2022-04-19,37.869998931884766,31.75428581237793
2022-04-20,38.04999923706055,31.90521812438965
2022-04-21,36.970001220703125,30.99962615966797
2022-04-22,36.02000045776367,30.203046798706055
2022-04-25,34.88999938964844,29.255529403686523
2022-04-26,34.790000915527344,29.17167854309082
2022-04-27,35.220001220703125,29.532241821289062
2022-04-28,36.33000183105469,30.462984085083008
2022-04-29,35.47999954223633,29.7502498626709
2022-05-02,35.77000045776367,29.993417739868164
2022-05-03,36.779998779296875,30.840307235717773
2022-05-04,38.13999938964844,31.980682373046875
2022-05-05,37.599998474121094,31.52788734436035
2022-05-06,38.470001220703125,32.25739288330078
2022-05-09,35.66999816894531,29.90956687927246
2022-05-10,35.88999938964844,30.094038009643555
2022-05-11,36.41999816894531,30.538442611694336
2022-05-12,36.310001373291016,30.44621467590332
2022-05-13,37.560001373291016,31.49435043334961
2022-05-16,38.400001525878906,32.198692321777344
2022-05-17,38.939998626708984,32.651485443115234
2022-05-18,38.130001068115234,31.9722957611084
2022-05-19,38.20000076293945,32.03098678588867
2022-05-20,38.29999923706055,32.114845275878906
2022-05-23,39.34000015258789,32.98688888549805
2022-05-24,39.400001525878906,33.037200927734375
2022-05-25,40.06999969482422,33.5989990234375
2022-05-26,40.4900016784668,33.951175689697266
2022-05-27,41.0,34.378814697265625
2022-05-31,40.43000030517578,33.9008674621582
2022-06-01,40.95000076293945,34.33688735961914
2022-06-02,41.0,34.378814697265625
2022-06-03,41.43000030517578,34.7393684387207
2022-06-06,41.459999084472656,34.764522552490234
2022-06-07,42.560001373291016,35.6868896484375
2022-06-08,42.599998474121094,35.72042465209961
2022-06-09,40.880001068115234,34.90167236328125
2022-06-10,40.09000015258789,34.227203369140625
2022-06-13,38.209999084472656,32.62213134765625
2022-06-14,38.119998931884766,32.54529571533203
2022-06-15,37.58000183105469,32.084266662597656
2022-06-16,35.650001525878906,30.436508178710938
2022-06-17,33.900001525878906,28.942432403564453
2022-06-21,35.470001220703125,30.2828369140625
2022-06-22,34.150001525878906,29.155874252319336
2022-06-23,32.88999938964844,28.080135345458984
2022-06-24,33.599998474121094,28.686304092407227
2022-06-27,34.470001220703125,29.429075241088867
2022-06-28,35.34000015258789,30.171846389770508
2022-06-29,34.380001068115234,29.35223388671875
2022-06-30,33.880001068115234,28.92535972595215
2022-07-01,34.09000015258789,29.104644775390625
2022-07-05,32.7400016784668,27.952072143554688
2022-07-06,32.060001373291016,27.371517181396484
2022-07-07,33.08000183105469,28.242353439331055
2022-07-08,33.150001525878906,28.302112579345703
2022-07-11,32.75,27.960609436035156
2022-07-12,32.119998931884766,27.422740936279297
2022-07-13,32.16999816894531,27.465429306030273
2022-07-14,31.40999984741211,26.816572189331055
2022-07-15,32.040000915527344,27.35443687438965
2022-07-18,32.75,27.960609436035156
2022-07-19,33.70000076293945,28.771678924560547
2022-07-20,33.869998931884766,28.916820526123047
2022-07-21,33.380001068115234,28.49847412109375
2022-07-22,33.099998474121094,28.25942611694336
2022-07-25,34.220001220703125,29.215635299682617
2022-07-26,33.9900016784668,29.01927375793457
2022-07-27,34.790000915527344,29.70227813720703
2022-07-28,34.88999938964844,29.78765296936035
2022-07-29,36.25,30.948768615722656
2022-08-01,35.599998474121094,30.393821716308594
2022-08-02,35.41999816894531,30.240148544311523
2022-08-03,34.70000076293945,29.62544059753418
2022-08-04,33.72999954223633,28.79729461669922
2022-08-05,34.13999938964844,29.1473388671875
2022-08-08,34.47999954223633,29.437610626220703
2022-08-09,34.939998626708984,29.830341339111328
2022-08-10,35.22999954223633,30.077930450439453
2022-08-11,36.27000045776367,30.96584129333496
2022-08-12,36.630001068115234,31.273193359375
2022-08-15,35.900001525878906,30.64995002746582
2022-08-16,35.779998779296875,30.547496795654297
2022-08-17,35.97999954223633,30.71825408935547
2022-08-18,36.810001373291016,31.42687225341797
2022-08-19,36.68000030517578,31.315881729125977
2022-08-22,36.63999938964844,31.281728744506836
2022-08-23,37.93000030517578,32.383079528808594
2022-08-24,38.279998779296875,32.68189239501953
2022-08-25,38.540000915527344,32.90387725830078
2022-08-26,38.18000030517578,32.596519470214844
2022-08-29,38.7599983215332,33.09170150756836
2022-08-30,37.439998626708984,31.964738845825195
2022-08-31,36.900001525878906,31.50371551513672
2022-09-01,36.16999816894531,30.880462646484375
2022-09-02,36.810001373291016,31.42687225341797
2022-09-06,36.43000030517578,31.102445602416992
2022-09-07,35.9900016784668,30.726791381835938
2022-09-08,36.02000045776367,30.75240135192871
2022-09-09,36.970001220703125,31.5634708404541
2022-09-12,37.540000915527344,32.050113677978516
2022-09-13,36.63999938964844,31.281728744506836
2022-09-14,37.52000045776367,32.03303909301758
2022-09-15,36.70000076293945,31.332958221435547
2022-09-16,36.02000045776367,30.75240135192871
2022-09-19,36.040000915527344,30.769479751586914
2022-09-20,35.790000915527344,30.55603790283203
2022-09-21,35.31999969482422,30.154769897460938
2022-09-22,35.27000045776367,30.112083435058594
2022-09-23,32.790000915527344,27.994760513305664
2022-09-26,31.950000762939453,27.277603149414062
2022-09-27,32.349998474121094,27.619104385375977
2022-09-28,33.599998474121094,28.686304092407227
2022-09-29,33.560001373291016,28.65215492248535
2022-09-30,33.33000183105469,28.45578956604004
2022-10-03,35.15999984741211,30.018165588378906
2022-10-04,36.560001373291016,31.21343231201172
2022-10-05,37.040000915527344,31.623233795166016
2022-10-06,37.290000915527344,31.83668327331543
2022-10-07,37.15999984741211,31.725685119628906
2022-10-10,36.38999938964844,31.06829071044922
2022-10-11,35.939998626708984,30.68409538269043
2022-10-12,36.029998779296875,30.760940551757812
2022-10-13,37.43000030517578,31.956201553344727
2022-10-14,36.2400016784668,30.940227508544922
2022-10-17,36.720001220703125,31.35003662109375
2022-10-18,36.900001525878906,31.50371551513672
2022-10-19,37.70000076293945,32.18672180175781
2022-10-20,37.90999984741211,32.366004943847656
2022-10-21,38.90999984741211,33.219764709472656
2022-10-24,38.91999816894531,33.22829818725586
2022-10-25,38.9900016784668,33.28807067871094
2022-10-26,39.5099983215332,33.732017517089844
2022-10-27,39.790000915527344,33.971073150634766
2022-10-28,39.97999954223633,34.1332893371582
2022-10-31,40.060001373291016,34.20158767700195
2022-11-01,40.43000030517578,34.51748275756836
2022-11-02,39.70000076293945,33.89423751831055
2022-11-03,40.380001068115234,34.474796295166016
2022-11-04,41.04999923706055,35.046810150146484
2022-11-07,41.529998779296875,35.45661163330078
2022-11-08,41.38999938964844,35.33708572387695
2022-11-09,39.65999984741211,33.86008834838867
2022-11-10,40.5099983215332,34.585777282714844
2022-11-11,41.709999084472656,35.61029052734375
2022-11-14,41.459999084472656,35.3968505859375
2022-11-15,41.97999954223633,35.84080505371094
2022-11-16,41.400001525878906,35.34562301635742
2022-11-17,41.41999816894531,35.362701416015625
2022-11-18,41.06999969482422,35.06388854980469
2022-11-21,40.38999938964844,34.48332977294922
2022-11-22,41.709999084472656,35.61029052734375
2022-11-23,41.47999954223633,35.4139289855957
2022-11-25,41.439998626708984,35.37977600097656
2022-11-28,40.54999923706055,34.619930267333984
2022-11-29,41.040000915527344,35.038272857666016
2022-11-30,41.38999938964844,35.33708572387695
2022-12-01,41.15999984741211,35.14072036743164
2022-12-02,40.93000030517578,34.944366455078125
2022-12-05,39.900001525878906,34.06498718261719
2022-12-06,39.09000015258789,33.37343978881836
2022-12-07,38.880001068115234,33.194156646728516
2022-12-08,38.7400016784668,33.074623107910156
2022-12-09,38.029998779296875,32.46845626831055
2022-12-12,38.7599983215332,33.09170150756836
2022-12-13,38.41999816894531,33.755924224853516
2022-12-14,38.16999816894531,33.536277770996094
2022-12-15,37.86000061035156,33.26390838623047
2022-12-16,37.310001373291016,32.78067398071289
2022-12-19,37.34000015258789,32.80703353881836
2022-12-20,37.869998931884766,33.2726936340332
2022-12-21,38.66999816894531,33.97557067871094
2022-12-22,37.959999084472656,33.351768493652344
2022-12-23,38.970001220703125,34.23916244506836
2022-12-27,39.27000045776367,34.50273895263672
2022-12-28,38.52000045776367,33.843780517578125
2022-12-29,38.810001373291016,34.09857940673828
2022-12-30,38.9900016784668,34.25673294067383
2023-01-03,37.72999954223633,33.14969253540039
2023-01-04,37.599998474121094,33.03547286987305
2023-01-05,38.08000183105469,33.45719528198242
2023-01-06,38.869998931884766,34.15129470825195
2023-01-09,38.939998626708984,34.212799072265625
2023-01-10,39.16999816894531,34.414878845214844
2023-01-11,39.33000183105469,34.555450439453125
2023-01-12,40.08000183105469,35.21440887451172
2023-01-13,40.16999816894531,35.293479919433594
2023-01-17,40.220001220703125,35.3374137878418
2023-01-18,39.619998931884766,34.810245513916016
2023-01-19,40.040000915527344,35.17926025390625
2023-01-20,40.40999984741211,35.50434112548828
2023-01-23,40.45000076293945,35.539485931396484
2023-01-24,40.2400016784668,35.354984283447266
2023-01-25,40.16999816894531,35.293479919433594
2023-01-26,41.16999816894531,36.172080993652344
2023-01-27,40.650001525878906,35.7152099609375
2023-01-30,39.91999816894531,35.07382583618164
2023-01-31,40.220001220703125,35.3374137878418
2023-02-01,39.56999969482422,34.766319274902344
2023-02-02,38.66999816894531,33.97557067871094
2023-02-03,38.58000183105469,33.89650344848633
2023-02-06,38.41999816894531,33.755924224853516
2023-02-07,39.560001373291016,34.757537841796875
2023-02-08,39.400001525878906,34.61695861816406
2023-02-09,39.27000045776367,34.50273895263672
2023-02-10,40.63999938964844,35.70642852783203
2023-02-13,40.61000061035156,35.6800651550293
2023-02-14,40.68000030517578,35.74156188964844
2023-02-15,40.18000030517578,35.30226516723633
2023-02-16,39.810001373291016,34.97718811035156
2023-02-17,38.619998931884766,33.931640625
2023-02-21,38.40999984741211,33.74713897705078
2023-02-22,38.04999923706055,33.430843353271484
2023-02-23,38.54999923706055,33.87014389038086
2023-02-24,38.529998779296875,33.852569580078125
2023-02-27,38.709999084472656,34.010719299316406
2023-02-28,38.22999954223633,33.5889892578125
2023-03-01,38.880001068115234,34.16008758544922
2023-03-02,39.209999084472656,34.45001983642578
2023-03-03,39.63999938964844,34.827816009521484
2023-03-06,39.68000030517578,34.86296463012695
2023-03-07,38.970001220703125,34.23916244506836
2023-03-08,38.720001220703125,34.01950454711914
2023-03-09,38.22999954223633,33.5889892578125
2023-03-10,37.810001373291016,33.219974517822266
2023-03-13,36.97999954223633,32.4907341003418
2023-03-14,37.2599983215332,32.73674011230469
2023-03-15,35.25,30.970754623413086
2023-03-16,35.41999816894531,31.120115280151367
2023-03-17,34.91999816894531,30.68081283569336
2023-03-20,35.630001068115234,31.30462074279785
2023-03-21,36.790000915527344,32.32380676269531
2023-03-22,36.220001220703125,31.822999954223633
2023-03-23,35.720001220703125,31.383699417114258
2023-03-24,35.59000015258789,31.26947593688965
2023-03-27,36.349998474121094,31.93721580505371
2023-03-28,36.86000061035156,32.385311126708984
2023-03-29,37.380001068115234,32.84217834472656
2023-03-30,37.63999938964844,33.07061767578125
2023-03-31,37.7599983215332,33.17604446411133
2023-04-03,39.56999969482422,34.766319274902344
2023-04-04,39.0099983215332,34.274295806884766
2023-04-05,39.38999938964844,34.60816955566406
2023-04-06,38.970001220703125,34.23916244506836
2023-04-10,39.18000030517578,34.42366027832031
2023-04-11,39.560001373291016,34.757537841796875
2023-04-12,39.70000076293945,34.88053894042969
2023-04-13,40.040000915527344,35.17926025390625
2023-04-14,40.09000015258789,35.22319030761719
2023-04-17,39.689998626708984,34.87174987792969
2023-04-18,39.779998779296875,34.95082092285156
2023-04-19,39.529998779296875,34.731178283691406
2023-04-20,39.27000045776367,34.50273895263672
2023-04-21,39.09000015258789,34.34458923339844
2023-04-24,39.61000061035156,34.80146789550781
2023-04-25,38.91999816894531,34.195228576660156
2023-04-26,38.560001373291016,33.87893295288086
2023-04-27,38.63999938964844,33.94921112060547
2023-04-28,39.31999969482422,34.54666519165039
2023-05-01,38.90999984741211,34.186439514160156
2023-05-02,37.279998779296875,32.75431823730469
2023-05-03,36.720001220703125,32.262298583984375
2023-05-04,36.5,32.069007873535156
2023-05-05,37.54999923706055,32.99154281616211
2023-05-08,37.59000015258789,33.02668380737305
2023-05-09,37.56999969482422,33.00911331176758
2023-05-10,37.2400016784668,32.71917724609375
2023-05-11,36.79999923706055,32.33259201049805
2023-05-12,36.79999923706055,32.33259201049805
2023-05-15,37.04999923706055,32.55223846435547
2023-05-16,36.220001220703125,31.822999954223633
2023-05-17,36.810001373291016,32.34137725830078
2023-05-18,36.939998626708984,32.45559310913086
2023-05-19,37.15999984741211,32.648887634277344
2023-05-22,37.08000183105469,32.57859802246094
2023-05-23,37.400001525878906,32.85974884033203
2023-05-24,37.38999938964844,32.850955963134766
2023-05-25,36.70000076293945,32.244728088378906
2023-05-26,36.689998626708984,32.23593521118164
2023-05-30,36.22999954223633,31.831787109375
2023-05-31,35.5,31.190404891967773
2023-06-01,36.11000061035156,31.72635269165039
2023-06-02,37.09000015258789,32.5873908996582
2023-06-05,36.86000061035156,32.385311126708984
2023-06-06,37.09000015258789,32.5873908996582
2023-06-07,37.15999984741211,33.28881072998047
2023-06-08,37.119998931884766,33.25297927856445
2023-06-09,37.0099983215332,33.15443801879883
2023-06-12,36.630001068115234,32.814029693603516
2023-06-13,36.84000015258789,33.00214767456055
2023-06-14,36.66999816894531,32.84986114501953
2023-06-15,37.08000183105469,33.2171516418457
2023-06-16,37.06999969482422,33.20819091796875
2023-06-20,36.36000061035156,32.5721549987793
2023-06-21,36.7599983215332,32.930484771728516
2023-06-22,36.27000045776367,32.49152755737305
2023-06-23,35.83000183105469,32.09737014770508
2023-06-26,36.439998626708984,32.64381790161133
2023-06-27,36.369998931884766,32.58111572265625
2023-06-28,36.599998474121094,32.78715133666992
2023-06-29,36.95000076293945,33.10069274902344
2023-06-30,37.220001220703125,33.342567443847656
2023-07-03,37.349998474121094,33.459022521972656
2023-07-05,37.09000015258789,33.226112365722656
2023-07-06,36.209999084472656,32.43777847290039
2023-07-07,36.869998931884766,33.02902603149414
2023-07-10,37.04999923706055,33.190269470214844
2023-07-11,37.7599983215332,33.82630920410156
2023-07-12,38.16999816894531,34.19359588623047
2023-07-13,38.220001220703125,34.23838806152344
2023-07-14,37.27000045776367,33.387351989746094
2023-07-17,37.16999816894531,33.29777145385742
2023-07-18,37.540000915527344,33.62922668457031
2023-07-19,37.77000045776367,33.835269927978516
2023-07-20,38.2400016784668,34.25630187988281
2023-07-21,38.529998779296875,34.516090393066406
2023-07-24,39.099998474121094,35.02671432495117
2023-07-25,39.22999954223633,35.143165588378906
2023-07-26,39.18000030517578,35.09837341308594
2023-07-27,38.689998626708984,34.659427642822266
2023-07-28,38.81999969482422,34.77587890625
2023-07-31,39.540000915527344,35.420875549316406
2023-08-01,39.2400016784668,35.152130126953125
2023-08-02,38.630001068115234,34.605674743652344
2023-08-03,38.959999084472656,34.90129470825195
2023-08-04,39.09000015258789,35.01775360107422
2023-08-07,39.20000076293945,35.116294860839844
2023-08-08,39.380001068115234,35.277549743652344
2023-08-09,39.869998931884766,35.716495513916016
2023-08-10,40.0,35.832950592041016
2023-08-11,40.369998931884766,36.164405822753906
2023-08-14,40.08000183105469,35.90462112426758
2023-08-15,39.36000061035156,35.25962448120117
2023-08-16,39.099998474121094,35.02671432495117
2023-08-17,39.4900016784668,35.37608337402344
2023-08-18,39.849998474121094,35.69857406616211
2023-08-21,39.709999084472656,35.573158264160156
2023-08-22,39.4900016784668,35.37608337402344
2023-08-23,39.369998931884766,35.26858139038086
2023-08-24,39.099998474121094,35.02671432495117
2023-08-25,39.4900016784668,35.37608337402344
2023-08-28,39.79999923706055,35.65378952026367
2023-08-29,40.029998779296875,35.859825134277344
2023-08-30,40.2400016784668,36.04795455932617
2023-08-31,40.22999954223633,36.038997650146484
2023-09-01,40.970001220703125,36.701904296875
2023-09-05,41.13999938964844,36.854190826416016
2023-09-06,41.16999816894531,36.881065368652344
2023-09-07,41.040000915527344,36.76460647583008
2023-09-08,41.33000183105469,37.02439880371094
2023-09-11,41.04999923706055,36.77356719970703
2023-09-12,41.77000045776367,37.41856384277344
2023-09-13,41.560001373291016,37.23044204711914
2023-09-14,42.189998626708984,37.79480743408203
2023-09-15,41.77000045776367,37.41856384277344
2023-09-18,41.95000076293945,37.57980728149414
2023-09-19,41.790000915527344,37.43647766113281
2023-09-20,41.41999816894531,37.10502243041992
2023-09-21,40.84000015258789,36.58544158935547
2023-09-22,40.93000030517578,36.66606903076172
2023-09-25,41.349998474121094,37.04231643676758
2023-09-26,41.06999969482422,36.79148483276367
2023-09-27,41.91999816894531,37.55292892456055
2023-09-28,42.029998779296875,37.65147399902344
2023-09-29,41.2599983215332,36.96168518066406
2023-10-02,40.400001525878906,36.191280364990234
2023-10-03,40.2599983215332,36.06586456298828
2023-10-04,39.02000045776367,34.95504379272461
2023-10-05,38.97999954223633,34.919212341308594
2023-10-06,39.31999969482422,35.223793029785156
2023-10-09,40.54999923706055,36.32564926147461
2023-10-10,40.720001220703125,36.47795104980469
2023-10-11,40.43000030517578,36.21815872192383
2023-10-12,40.41999816894531,36.20919418334961
2023-10-13,41.18000030517578,36.8900260925293
2023-10-16,41.52000045776367,37.194602966308594
2023-10-17,41.900001525878906,37.53502655029297
2023-10-18,42.119998931884766,37.73210144042969
2023-10-19,42.04999923706055,37.66939163208008
2023-10-20,41.36000061035156,37.051273345947266
2023-10-23,40.790000915527344,36.54065704345703
2023-10-24,40.369998931884766,36.164405822753906
2023-10-25,40.400001525878906,36.191280364990234
2023-10-26,40.099998474121094,35.92253494262695
2023-10-27,39.5099983215332,35.39399719238281
2023-10-30,39.630001068115234,35.501495361328125
2023-10-31,39.540000915527344,35.420875549316406
2023-11-01,39.59000015258789,35.465667724609375
2023-11-02,40.77000045776367,36.52273941040039
2023-11-03,40.27000045776367,36.074825286865234
2023-11-06,40.0,35.832950592041016
2023-11-07,39.060001373291016,34.99087905883789
2023-11-08,38.560001373291016,34.54296875
2023-11-09,38.619998931884766,34.59671401977539
2023-11-10,39.040000915527344,34.97296142578125
2023-11-13,39.369998931884766,35.26858139038086
2023-11-14,39.720001220703125,35.582122802734375
2023-11-15,39.54999923706055,35.429832458496094
2023-11-16,38.849998474121094,34.80275344848633
2023-11-17,39.72999954223633,35.59107971191406
2023-11-20,39.900001525878906,35.74337387084961
2023-11-21,39.7599983215332,35.61795425415039
2023-11-22,39.560001373291016,35.43879318237305
2023-11-24,39.86000061035156,35.70753860473633
2023-11-27,39.68000030517578,35.54629135131836
2023-11-28,39.779998779296875,35.635868072509766
2023-11-29,39.4900016784668,35.37608337402344
2023-11-30,39.75,35.6089973449707
2023-12-01,39.83000183105469,35.680667877197266
2023-12-04,39.5,35.385040283203125
2023-12-05,38.970001220703125,34.910255432128906
2023-12-06,38.279998779296875,34.29213333129883
2023-12-07,38.18000030517578,34.202552795410156
2023-12-08,38.599998474121094,34.57879638671875
2023-12-11,38.58000183105469,34.56088638305664
2023-12-12,38.150001525878906,34.17567825317383
2023-12-13,38.65999984741211,34.63254928588867
2023-12-14,39.63999938964844,35.51045608520508
2023-12-15,39.209999084472656,35.125247955322266
2023-12-18,39.630001068115234,35.501495361328125
2023-12-19,40.04999923706055,35.87774658203125
2023-12-20,39.04999923706055,35.54640197753906
2023-12-21,39.36000061035156,35.828590393066406
2023-12-22,39.40999984741211,35.87410354614258
2023-12-26,39.84000015258789,36.26552963256836
2023-12-27,39.689998626708984,36.12898254394531
2023-12-28,39.11000061035156,35.60102081298828
2023-12-29,39.11000061035156,35.60102081298828
2024-01-02,39.40999984741211,35.87410354614258
2024-01-03,39.959999084472656,36.374755859375
2024-01-04,39.5,35.956024169921875
2024-01-05,39.54999923706055,36.00154113769531
2024-01-08,39.04999923706055,35.54640197753906
2024-01-09,38.5099983215332,35.054847717285156
2024-01-10,38.119998931884766,34.69984436035156
2024-01-11,38.27000045776367,34.836387634277344
2024-01-12,38.65999984741211,35.1913948059082
2024-01-16,37.779998779296875,34.39035415649414
2024-01-17,37.380001068115234,34.0262336730957
2024-01-18,37.369998931884766,34.01713180541992
2024-01-19,37.41999816894531,34.06264877319336
2024-01-22,37.45000076293945,34.08995819091797
2024-01-23,37.560001373291016,34.19009017944336
2024-01-24,37.9900016784668,34.581512451171875
2024-01-25,38.720001220703125,35.246009826660156
2024-01-26,39.06999969482422,35.56460952758789
2024-01-29,39.04999923706055,35.54640197753906
2024-01-30,39.43000030517578,35.892311096191406
2024-01-31,38.779998779296875,35.30062484741211
2024-02-01,38.880001068115234,35.39165496826172
2024-02-02,38.650001525878906,35.182289123535156
2024-02-05,38.400001525878906,34.95472717285156
2024-02-06,38.7599983215332,35.28242111206055
2024-02-07,38.650001525878906,35.182289123535156
2024-02-08,38.88999938964844,35.400760650634766
2024-02-09,38.52000045776367,35.06394958496094
2024-02-12,38.869998931884766,35.38255310058594
2024-02-13,38.41999816894531,34.97292709350586
2024-02-14,38.349998474121094,34.90920639038086
2024-02-15,39.310001373291016,35.783077239990234
2024-02-16,39.29999923706055,35.77397155761719
2024-02-20,39.0,35.50088882446289
2024-02-21,39.68000030517578,36.119876861572266
2024-02-22,39.689998626708984,36.12898254394531
2024-02-23,39.5099983215332,35.96512985229492
2024-02-26,39.560001373291016,36.010650634765625
2024-02-27,39.52000045776367,35.97423553466797
2024-02-28,39.2599983215332,35.7375602722168
2024-02-29,39.45000076293945,35.9105110168457
2024-03-01,39.97999954223633,36.39296340942383
2024-03-04,39.59000015258789,36.03795623779297
2024-03-05,39.79999923706055,36.2291145324707
2024-03-06,40.119998931884766,36.52040100097656
2024-03-07,40.38999938964844,36.766178131103516
2024-03-08,40.349998474121094,36.729759216308594
2024-03-11,40.619998931884766,36.97554016113281
2024-03-12,40.63999938964844,36.993751525878906
2024-03-13,41.2400016784668,37.539913177490234
2024-03-14,41.4900016784668,37.767486572265625
2024-03-15,41.56999969482422,37.840309143066406
2024-03-18,41.7599983215332,38.01325988769531
2024-03-19,42.099998474121094,38.322750091552734
2024-03-20,42.189998626708984,38.40467834472656
2024-03-21,42.2599983215332,38.46839904785156
2024-03-22,42.16999816894531,38.386470794677734
2024-03-25,42.59000015258789,38.76879119873047
2024-03-26,42.22999954223633,38.44108963012695
2024-03-27,42.560001373291016,38.741485595703125
2024-03-28,42.95000076293945,39.096492767333984
2024-04-01,43.2599983215332,39.37868118286133
2024-04-02,43.939998626708984,39.9976692199707
2024-04-03,44.29999923706055,40.32536697387695
2024-04-04,44.27000045776367,40.298057556152344
2024-04-05,44.68000030517578,40.67127227783203
2024-04-08,44.59000015258789,40.589351654052734
2024-04-09,44.59000015258789,40.589351654052734
2024-04-10,44.7599983215332,40.74409484863281
2024-04-11,44.61000061035156,40.6075553894043
2024-04-12,44.040000915527344,40.08869552612305
2024-04-15,43.689998626708984,39.77009963989258
2024-04-16,43.2599983215332,39.37868118286133
2024-04-17,43.13999938964844,39.26944351196289
2024-04-18,43.029998779296875,39.169315338134766
2024-04-19,43.61000061035156,39.6972770690918
2024-04-22,43.88999938964844,39.952152252197266
2024-04-23,44.09000015258789,40.134212493896484
2024-04-24,44.119998931884766,40.16151428222656
2024-04-25,44.369998931884766,40.38909149169922
2024-04-26,44.08000183105469,40.1251106262207
2024-04-29,44.29999923706055,40.32536697387695
2024-04-30,43.130001068115234,39.26034164428711
2024-05-01,42.529998779296875,38.714176177978516
2024-05-02,42.869998931884766,39.02366638183594
2024-05-03,42.880001068115234,39.032772064208984
2024-05-06,43.310001373291016,39.424190521240234
2024-05-07,43.2599983215332,39.37868118286133
2024-05-08,43.25,39.36957931518555
2024-05-09,43.79999923706055,39.8702278137207
2024-05-10,43.709999084472656,39.78830337524414
2024-05-13,43.63999938964844,39.72458267211914
2024-05-14,43.61000061035156,39.6972770690918
2024-05-15,43.58000183105469,39.66996765136719
2024-05-16,43.36000061035156,39.469703674316406
2024-05-17,43.84000015258789,39.906639099121094
2024-05-20,43.66999816894531,39.75189208984375
2024-05-21,43.5,39.597145080566406
2024-05-22,42.72999954223633,38.89623260498047
2024-05-23,42.45000076293945,38.641353607177734
2024-05-24,42.61000061035156,38.78699493408203
2024-05-28,43.11000061035156,39.24213790893555
2024-05-29,42.43000030517578,38.623146057128906
2024-05-30,42.529998779296875,38.714176177978516
2024-05-31,43.5,39.597145080566406
2024-06-03,42.380001068115234,38.57762908935547
2024-06-04,41.86000061035156,38.10429000854492
2024-06-05,41.79999923706055,38.0496711730957
2024-06-06,42.060001373291016,38.286346435546875
2024-06-07,41.70000076293945,37.95864486694336
2024-06-10,42.060001373291016,38.286346435546875
2024-06-11,40.93000030517578,38.070552825927734
2024-06-12,40.689998626708984,37.84731674194336
2024-06-13,40.220001220703125,37.41015625
2024-06-14,39.86000061035156,37.07530212402344
2024-06-17,39.95000076293945,37.15901565551758
2024-06-18,40.18000030517578,37.37295150756836
2024-06-20,40.7400016784668,37.89382553100586
2024-06-21,40.47999954223633,37.6519889831543
2024-06-24,41.4900016784668,38.5914306640625
2024-06-25,41.5099983215332,38.61003112792969
2024-06-26,41.18000030517578,38.3030891418457
2024-06-27,41.33000183105469,38.44260787963867
2024-06-28,41.5099983215332,38.61003112792969
2024-07-01,41.65999984741211,38.749549865722656
2024-07-02,41.7400016784668,38.8239631652832
2024-07-03,41.959999084472656,39.02859115600586
2024-07-05,41.56999969482422,38.665836334228516
2024-07-08,41.2599983215332,38.37749481201172
2024-07-09,40.83000183105469,37.977535247802734
2024-07-10,41.119998931884766,38.247276306152344
2024-07-11,41.459999084472656,38.56352615356445
2024-07-12,41.560001373291016,38.65653991699219
2024-07-15,41.95000076293945,39.019290924072266
2024-07-16,41.959999084472656,39.02859115600586
2024-07-17,42.29999923706055,39.34484100341797
2024-07-18,42.349998474121094,39.3913459777832
2024-07-19,41.880001068115234,38.95418930053711
2024-07-22,41.7400016784668,38.8239631652832
2024-07-23,41.11000061035156,38.237972259521484
2024-07-24,41.15999984741211,38.28448486328125
2024-07-25,41.599998474121094,38.69374465942383
2024-07-26,41.70000076293945,38.7867546081543
2024-07-29,41.43000030517578,38.535621643066406
2024-07-30,41.790000915527344,38.87046813964844
2024-07-31,42.13999938964844,39.196022033691406
2024-08-01,41.2599983215332,38.37749481201172
2024-08-02,40.380001068115234,37.55897903442383
2024-08-05,39.58000183105469,36.81486129760742
2024-08-06,39.75,36.97298812866211
2024-08-07,40.029998779296875,37.23342514038086
2024-08-08,40.75,37.90312576293945
2024-08-09,40.959999084472656,38.098453521728516
2024-08-12,41.22999954223633,38.34959030151367
2024-08-13,41.040000915527344,38.17286682128906
2024-08-14,41.310001373291016,38.42400360107422
2024-08-15,41.709999084472656,38.796058654785156
2024-08-16,41.720001220703125,38.805362701416016
2024-08-19,41.95000076293945,39.019290924072266
2024-08-20,41.04999923706055,38.18217086791992
2024-08-21,41.060001373291016,38.191471099853516
2024-08-22,41.060001373291016,38.191471099853516
2024-08-23,41.75,38.8332633972168
2024-08-26,42.25,39.29833221435547
2024-08-27,41.97999954223633,39.04719543457031
2024-08-28,41.66999816894531,38.758853912353516
2024-08-29,42.029998779296875,39.09370422363281
2024-08-30,41.95000076293945,39.019290924072266
2024-09-03,40.88999938964844,38.03334426879883
2024-09-04,40.41999816894531,37.5961799621582
2024-09-05,40.16999816894531,37.363643646240234
2024-09-06,39.630001068115234,36.86137390136719
2024-09-09,39.869998931884766,37.084598541259766
2024-09-10,39.08000183105469,36.349796295166016
2024-09-11,38.939998626708984,36.219573974609375
2024-09-12,39.27000045776367,36.52652359008789
2024-09-13,39.45000076293945,36.69394302368164
2024-09-16,39.939998626708984,37.149715423583984
2024-09-17,40.27000045776367,37.456661224365234
2024-09-18,40.29999923706055,37.484561920166016
2024-09-19,40.7599983215332,37.91242599487305
2024-09-20,40.689998626708984,37.84731674194336
2024-09-23,41.11000061035156,38.237972259521484
2024-09-24,41.209999084472656,38.33099365234375
2024-09-25,40.459999084472656,37.633384704589844
2024-09-26,39.66999816894531,36.89857864379883
2024-09-27,40.33000183105469,37.51247024536133
2024-09-30,40.47999954223633,37.6519889831543
2024-10-01,41.34000015258789,38.45191192626953
2024-10-02,41.79999923706055,38.8797721862793
2024-10-03,42.36000061035156,39.40065002441406
2024-10-04,42.810001373291016,39.819210052490234
2024-10-07,43.060001373291016,40.0517463684082
2024-10-08,41.9900016784668,39.05649948120117
2024-10-09,42.08000183105469,39.14020919799805
2024-10-10,42.400001525878906,39.4378547668457
2024-10-11,42.52000045776367,39.54947280883789
2024-10-14,42.5,39.53086471557617
2024-10-15,41.150001525878906,38.27518081665039
2024-10-16,41.36000061035156,38.47050857543945
2024-10-17,41.56999969482422,38.665836334228516
2024-10-18,41.43000030517578,38.535621643066406
2024-10-21,41.33000183105469,38.44260787963867
2024-10-22,41.40999984741211,38.51701736450195
2024-10-23,41.119998931884766,38.247276306152344
2024-10-24,41.09000015258789,38.2193717956543
2024-10-25,41.20000076293945,38.32168960571289
2024-10-28,40.880001068115234,38.0240478515625
2024-10-29,40.33000183105469,37.51247024536133
2024-10-30,40.310001373291016,37.49386978149414
2024-10-31,40.45000076293945,37.62408447265625
2024-11-01,40.220001220703125,37.41015625
2024-11-04,40.810001373291016,37.95893478393555
2024-11-05,41.04999923706055,38.18217086791992
2024-11-06,41.880001068115234,38.95418930053711
2024-11-07,42.029998779296875,39.09370422363281
2024-11-08,41.869998931884766,38.94487762451172
2024-11-11,41.9900016784668,39.05649948120117
2024-11-12,41.529998779296875,38.628631591796875
2024-11-13,41.83000183105469,38.90767288208008
2024-11-14,42.099998474121094,39.1588134765625
2024-11-15,42.02000045776367,39.08440399169922
2024-11-18,42.59000015258789,39.61458206176758
2024-11-19,42.29999923706055,39.34484100341797
2024-11-20,42.58000183105469,39.605281829833984
2024-11-21,42.970001220703125,39.96803665161133
2024-11-22,43.0,39.99593734741211
2024-11-25,42.25,39.29833221435547
2024-11-26,41.9900016784668,39.05649948120117
2024-11-27,41.970001220703125,39.037899017333984
2024-11-29,42.22999954223633,39.27973175048828
2024-12-02,41.79999923706055,38.8797721862793
2024-12-03,41.970001220703125,39.037899017333984
2024-12-04,41.15999984741211,38.28448486328125
2024-12-05,41.380001068115234,38.48911666870117
2024-12-06,40.68000030517578,37.838016510009766
2024-12-09,40.790000915527344,37.94033432006836
2024-12-10,40.5,37.67059326171875
2024-12-11,40.59000015258789,37.754302978515625
2024-12-12,40.18000030517578,37.37295150756836
2024-12-13,40.0,37.20552062988281
2024-12-16,39.16999816894531,36.43350601196289
2024-12-17,38.04999923706055,36.172080993652344
2024-12-18,37.099998474121094,35.26896286010742
2024-12-19,36.95000076293945,35.126373291015625
2024-12-20,37.209999084472656,35.373538970947266
2024-12-23,37.439998626708984,35.592185974121094
2024-12-24,37.650001525878906,35.79182434082031
2024-12-26,37.619998931884766,35.763301849365234
2024-12-27,37.689998626708984,35.8298454284668
2024-12-30,37.689998626708984,35.8298454284668
2024-12-31,38.18000030517578,36.2956657409668
2025-01-02,38.58000183105469,36.675926208496094
2025-01-03,38.91999816894531,36.999141693115234
2025-01-06,39.0099983215332,37.08470153808594
2025-01-07,39.40999984741211,37.46495819091797
2025-01-08,39.33000183105469,37.388912200927734
2025-01-10,39.34000015258789,37.398414611816406
2025-01-13,39.849998474121094,37.883243560791016
2025-01-14,40.20000076293945,38.215972900390625
2025-01-15,40.720001220703125,38.710304260253906
2025-01-16,40.779998779296875,38.7673454284668
2025-01-17,41.119998931884766,39.0905647277832
2025-01-21,41.0,38.97648620605469
2025-01-22,40.439998626708984,38.44412612915039
2025-01-23,40.619998931884766,38.61524200439453
2025-01-24,40.2599983215332,38.27300262451172
2025-01-27,39.9900016784668,38.016334533691406
2025-01-28,39.619998931884766,37.66459274291992
2025-01-29,39.650001525878906,37.693115234375
2025-01-30,39.939998626708984,37.96880340576172
2025-01-31,39.09000015258789,37.1607551574707
2025-02-03,39.04999923706055,37.12272644042969
2025-02-04,39.91999816894531,37.94978713989258
2025-02-05,40.0,38.02583694458008
2025-02-06,39.560001373291016,37.60755920410156
2025-02-07,39.56999969482422,37.6170654296875
2025-02-10,40.2599983215332,38.27300262451172
2025-02-11,40.630001068115234,38.62474822998047
2025-02-12,39.900001525878906,37.93077850341797
2025-02-13,40.15999984741211,38.17794418334961
2025-02-14,40.25,38.26350402832031
2025-02-18,40.630001068115234,38.62474822998047
2025-02-19,40.720001220703125,38.710304260253906
2025-02-20,41.09000015258789,39.062042236328125
2025-02-21,40.33000183105469,38.33955764770508
2025-02-24,40.2599983215332,38.27300262451172
2025-02-25,39.849998474121094,37.883243560791016
2025-02-26,39.75,37.788177490234375
2025-02-27,39.72999954223633,37.7691650390625
2025-02-28,40.13999938964844,38.158931732177734
2025-03-03,39.040000915527344,37.11322021484375
2025-03-04,38.66999816894531,36.761478424072266
2025-03-05,38.47999954223633,36.58086013793945
2025-03-06,38.5,36.59987258911133
2025-03-07,39.06999969482422,37.14173889160156
2025-03-10,39.349998474121094,37.407920837402344
2025-03-11,39.099998474121094,37.170257568359375
2025-03-12,39.290000915527344,37.350887298583984
2025-03-13,39.18000030517578,37.24631118774414
2025-03-14,40.150001525878906,38.16843795776367
2025-03-17,40.7599983215332,38.748329162597656
2025-03-18,40.93000030517578,38.909942626953125
2025-03-19,41.45000076293945,39.40427780151367
2025-03-20,41.619998931884766,39.565887451171875
2025-03-21,41.369998931884766,39.328224182128906
2025-03-24,41.63999938964844,39.58489990234375
2025-03-25,41.93000030517578,39.86058807373047
2025-03-26,42.15999984741211,40.0792350769043
2025-03-27,41.9900016784668,39.91762924194336
2025-03-28,41.7599983215332,39.698978424072266
2025-03-31,42.06999969482422,39.993675231933594
2025-04-01,42.2599983215332,40.17430114746094
2025-04-02,42.31999969482422,40.23134231567383
2025-04-03,39.72999954223633,37.7691650390625
2025-04-04,36.369998931884766,34.57499694824219
2025-04-07,35.68000030517578,33.91905212402344
2025-04-08,34.689998626708984,32.977909088134766
2025-04-09,37.13999938964844,35.30699157714844
2025-04-10,35.06999969482422,33.33915328979492
2025-04-11,35.9900016784668,34.21375274658203
2025-04-14,36.220001220703125,34.43239974975586
2025-04-15,36.20000076293945,34.413387298583984
2025-04-16,36.630001068115234,34.822166442871094
2025-04-17,37.369998931884766,35.525638580322266
2025-04-21,36.650001525878906,34.84117889404297
2025-04-22,37.47999954223633,35.63021469116211
2025-04-23,37.29999923706055,35.4590950012207
2025-04-24,37.83000183105469,35.96294021606445
2025-04-25,37.93000030517578,36.05800247192383
2025-04-28,38.15999984741211,36.27665328979492
2025-04-29,37.880001068115234,36.01047134399414
2025-04-30,37.11000061035156,35.278472900390625
2025-05-01,37.27000045776367,35.43057632446289
2025-05-02,37.810001373291016,35.94392776489258
2025-05-05,37.130001068115234,35.297489166259766
2025-05-06,37.220001220703125,35.38304901123047
2025-05-07,37.189998626708984,35.354522705078125
2025-05-08,37.540000915527344,35.68724822998047
2025-05-09,38.040000915527344,36.162574768066406
2025-05-12,38.63999938964844,36.73295974731445
2025-05-13,39.189998626708984,37.25581359863281
2025-05-14,38.970001220703125,37.04667663574219
2025-05-15,39.040000915527344,37.11322021484375
2025-05-16,39.029998779296875,37.10371398925781
2025-05-19,38.68000030517578,36.77098846435547
2025-05-20,38.5099983215332,36.609375
2025-05-21,38.06999969482422,36.19109344482422
2025-05-22,37.880001068115234,36.01047134399414
2025-05-23,38.09000015258789,36.210105895996094
2025-05-27,38.349998474121094,36.457275390625
2025-05-28,37.95000076293945,36.0770149230957
2025-05-29,38.150001525878906,36.267147064208984
2025-05-30,37.93000030517578,36.05800247192383
2025-06-02,38.5,36.59987258911133
2025-06-03,38.849998474121094,36.93259811401367
2025-06-04,38.2400016784668,36.35270690917969
2025-06-05,38.2400016784668,36.35270690917969
2025-06-06,38.849998474121094,36.93259811401367
2025-06-09,38.900001525878906,36.98012924194336
2025-06-10,39.599998474121094,37.64558029174805
2025-06-11,40.16999816894531,38.18744659423828
2025-06-12,40.459999084472656,38.463134765625
2025-06-13,41.130001068115234,39.10007095336914
2025-06-16,40.2400016784668,38.91343688964844
2025-06-17,40.65999984741211,39.31958770751953
2025-06-18,40.34000015258789,39.010135650634766
2025-06-20,40.61000061035156,39.271236419677734
2025-06-23,39.70000076293945,38.391239166259766
2025-06-24,39.119998931884766,37.83035659790039
2025-06-25,39.040000915527344,37.75299072265625
2025-06-26,39.56999969482422,38.26552200317383
2025-06-27,39.40999984741211,38.11079788208008
2025-06-30,39.290000915527344,37.994754791259766
2025-07-01,39.540000915527344,38.23651123046875
2025-07-02,40.150001525878906,38.82640075683594
2025-07-03,40.150001525878906,38.82640075683594
2025-07-07,39.58000183105469,38.27519226074219
2025-07-08,40.540000915527344,39.20354080200195
2025-07-09,40.38999938964844,39.05849075317383
2025-07-10,40.63999938964844,39.30024719238281
2025-07-11,40.900001525878906,39.55167770385742
2025-07-14,40.529998779296875,39.19387435913086
2025-07-15,40.040000915527344,38.720027923583984
2025-07-16,39.869998931884766,38.55562973022461
2025-07-17,39.970001220703125,38.65233612060547
2025-07-18,39.689998626708984,38.38156509399414
2025-07-21,39.45000076293945,38.14947509765625
2025-07-22,39.779998779296875,38.468597412109375
2025-07-23,40.349998474121094,39.019805908203125
2025-07-24,40.41999816894531,39.08749771118164
2025-07-25,40.2599983215332,38.932769775390625
2025-07-28,40.58000183105469,39.242225646972656
2025-07-29,41.0,39.64837646484375
2025-07-30,40.43000030517578,39.09716796875
2025-07-31,40.220001220703125,38.89409255981445
2025-08-01,39.70000076293945,38.391239166259766
2025-08-04,39.70000076293945,38.391239166259766
2025-08-05,39.869998931884766,38.55562973022461
2025-08-06,39.7400016784668,38.42991638183594
2025-08-07,39.650001525878906,38.3428840637207
2025-08-08,39.75,38.4395866394043
2025-08-11,39.560001373291016,38.25585174560547
2025-08-12,39.779998779296875,38.468597412109375
2025-08-13,40.09000015258789,38.76837921142578
2025-08-14,40.119998931884766,38.79738998413086
2025-08-15,40.150001525878906,38.82640075683594
2025-08-18,39.86000061035156,38.54595947265625
2025-08-19,39.849998474121094,38.536285400390625
2025-08-20,40.18000030517578,38.855411529541016
2025-08-21,40.43000030517578,39.09716796875
2025-08-22,41.20000076293945,39.84178924560547
2025-08-25,41.18000030517578,39.822444915771484
2025-08-26,41.08000183105469,39.725746154785156
2025-08-27,41.5,40.131893157958984
2025-08-28,41.810001373291016,40.43167495727539
2025-08-29,41.970001220703125,40.586402893066406
2025-09-02,41.970001220703125,40.586402893066406
2025-09-03,41.189998626708984,39.832115173339844
2025-09-04,41.349998474121094,39.986839294433594
2025-09-05,40.65999984741211,39.31958770751953
2025-09-08,40.72999954223633,39.38727951049805
2025-09-09,40.88999938964844,39.5420036315918
2025-09-10,41.5,40.131893157958984
2025-09-11,41.470001220703125,40.10288619995117
2025-09-12,41.25,39.89013671875
2025-09-15,41.41999816894531,40.05453109741211
2025-09-16,41.880001068115234,40.49937057495117
2025-09-17,41.869998931884766,40.48969650268555
2025-09-18,41.709999084472656,40.3349723815918
2025-09-19,41.220001220703125,39.86112976074219
2025-09-22,41.29999923706055,39.9384880065918
2025-09-23,41.90999984741211,40.528377532958984
2025-09-24,42.310001373291016,40.91519546508789
2025-09-25,42.56999969482422,41.166622161865234
2025-09-26,42.95000076293945,41.534095764160156
2025-09-29,42.189998626708984,40.79914474487305
2025-09-30,41.75,40.373653411865234
2025-10-01,41.84000015258789,40.46068572998047
2025-10-02,41.439998626708984,40.07387161254883
2025-10-03,41.810001373291016,40.43167495727539
2025-10-06,42.029998779296875,40.64442443847656
2025-10-07,42.06999969482422,40.683101654052734
2025-10-08,41.810001373291016,40.43167495727539
2025-10-09,41.33000183105469,39.96750259399414
2025-10-10,40.25,38.92310333251953
2025-10-13,40.709999084472656,39.36793899536133
2025-10-14,40.619998931884766,39.280906677246094
2025-10-15,40.630001068115234,39.29057693481445
2025-10-16,40.22999954223633,38.90376281738281
2025-10-17,40.529998779296875,39.19387435913086
2025-10-20,40.79999923706055,39.45497131347656
2025-10-21,40.66999816894531,39.32925796508789
2025-10-22,41.33000183105469,39.96750259399414
2025-10-23,41.939998626708984,40.55738830566406
2025-10-24,41.599998474121094,40.228599548339844
2025-10-27,41.77000045776367,40.39299774169922
2025-10-28,41.56999969482422,40.199588775634766
2025-10-29,41.79999923706055,40.42200469970703
2025-10-30,41.54999923706055,40.18024444580078
2025-10-31,41.709999084472656,40.3349723815918
2025-11-03,41.63999938964844,40.267276763916016
2025-11-04,41.279998779296875,39.91914749145508
2025-11-05,41.45000076293945,40.08354568481445
2025-11-06,41.70000076293945,40.32530212402344
2025-11-07,42.439998626708984,41.04090881347656
2025-11-10,42.849998474121094,41.4373893737793
2025-11-11,43.400001525878906,41.969261169433594
2025-11-12,42.959999084472656,41.543766021728516
2025-11-13,42.959999084472656,41.543766021728516
2025-11-14,43.560001373291016,42.12398910522461
2025-11-17,43.0099983215332,41.59211730957031
2025-11-18,43.209999084472656,41.7855224609375
2025-11-19,42.7400016784668,41.331016540527344
2025-11-20,42.36000061035156,40.96354293823242
2025-11-21,42.45000076293945,41.05057907104492
2025-11-24,42.2599983215332,40.86684036254883
2025-11-25,42.150001525878906,40.76047134399414
2025-11-26,42.5,41.09892654418945
2025-11-28,42.93000030517578,41.51475524902344
2025-12-01,43.189998626708984,41.76618194580078
2025-12-02,42.790000915527344,41.37936782836914
2025-12-03,43.5099983215332,42.07563018798828
2025-12-04,43.619998931884766,42.1820068359375
2025-12-05,43.22999954223633,41.80486297607422
2025-12-08,42.95000076293945,41.534095764160156
2025-12-09,43.02000045776367,41.601783752441406
2025-12-10,43.369998931884766,41.94024658203125
2025-12-11,43.25,41.82420349121094
2025-12-12,42.88999938964844,41.476070404052734
2025-12-15,42.689998626708984,41.28266525268555
2025-12-16,40.58000183105469,40.03753662109375
2025-12-17,41.2599983215332,40.70844268798828
2025-12-18,40.779998779296875,40.234859466552734
2025-12-19,40.970001220703125,40.422325134277344
2025-12-22,41.34000015258789,40.787376403808594
2025-12-23,41.66999816894531,41.11296463012695
2025-12-24,41.56999969482422,41.01430130004883
2025-12-26,41.45000076293945,40.89590835571289
2025-12-29,41.77000045776367,41.21162796020508
2025-12-30,42.150001525878906,41.586551666259766
2025-12-31,41.93000030517578,41.36948776245117
2026-01-02,42.84000015258789,42.26732635498047
