date,close,adj_close
2014-12-01,57.720001220703125,42.3095588684082
2014-12-02,57.959999084472656,42.48548889160156
2014-12-03,58.220001220703125,42.67607116699219
2014-12-04,57.880001068115234,42.42683792114258
2014-12-05,58.36000061035156,42.77869415283203
2014-12-08,58.290000915527344,42.727378845214844
2014-12-09,57.97999954223633,42.50014114379883
2014-12-10,57.099998474121094,41.855098724365234
2014-12-11,57.08000183105469,41.84043884277344
2014-12-12,56.06999969482422,41.100093841552734
2014-12-15,55.310001373291016,40.54299545288086
2014-12-16,55.20000076293945,40.46237564086914
2014-12-17,55.90999984741211,40.98280715942383
2014-12-18,56.9900016784668,41.77446746826172
2014-12-19,56.63999938964844,41.906898498535156
2014-12-22,56.900001525878906,42.099273681640625
2014-12-23,57.08000183105469,42.23246383666992
2014-12-24,57.060001373291016,42.21764373779297
2014-12-26,57.130001068115234,42.26945114135742
2014-12-29,57.189998626708984,42.313846588134766
2014-12-30,56.91999816894531,42.114070892333984
2014-12-31,56.459999084472656,41.773719787597656
2015-01-02,56.40999984741211,41.736724853515625
2015-01-05,55.06999969482422,40.745296478271484
2015-01-06,54.290000915527344,40.168190002441406
2015-01-07,54.779998779296875,40.530723571777344
2015-01-08,55.38999938964844,40.982051849365234
2015-01-09,54.849998474121094,40.58251190185547
2015-01-12,54.369998931884766,40.227378845214844
2015-01-13,54.41999816894531,40.26436233520508
2015-01-14,53.939998626708984,39.909217834472656
2015-01-15,53.65999984741211,39.702056884765625
2015-01-16,54.2400016784668,40.13119125366211
2015-01-20,54.11000061035156,40.034996032714844
2015-01-21,54.369998931884766,40.227378845214844
2015-01-22,55.33000183105469,40.937660217285156
2015-01-23,54.810001373291016,40.55292510986328
2015-01-26,55.13999938964844,40.797080993652344
2015-01-27,54.83000183105469,40.56772232055664
2015-01-28,53.81999969482422,39.8204345703125
2015-01-29,54.33000183105469,40.19778060913086
2015-01-30,53.45000076293945,39.54667663574219
2015-02-02,54.220001220703125,40.11638259887695
2015-02-03,55.369998931884766,40.96725082397461
2015-02-04,54.9900016784668,40.68610382080078
2015-02-05,55.66999816894531,41.18921661376953
2015-02-06,55.650001525878906,41.17442321777344
2015-02-09,55.34000015258789,40.94506072998047
2015-02-10,55.720001220703125,41.226226806640625
2015-02-11,55.540000915527344,41.09303283691406
2015-02-12,56.209999084472656,41.58875274658203
2015-02-13,56.630001068115234,41.89950180053711
2015-02-17,56.880001068115234,42.0844841003418
2015-02-18,56.81999969482422,42.04008102416992
2015-02-19,56.709999084472656,41.95868682861328
2015-02-20,57.220001220703125,42.33604049682617
2015-02-23,56.720001220703125,41.96609115600586
2015-02-24,57.15999984741211,42.29164123535156
2015-02-25,57.18000030517578,42.30644607543945
2015-02-26,57.08000183105469,42.23246383666992
2015-02-27,57.06999969482422,42.22505569458008
2015-03-02,57.41999816894531,42.4840087890625
2015-03-03,57.0099983215332,42.180660247802734
2015-03-04,56.75,41.9882926940918
2015-03-05,56.84000015258789,42.05487823486328
2015-03-06,56.22999954223633,41.603546142578125
2015-03-09,56.45000076293945,41.766326904296875
2015-03-10,55.220001220703125,40.85626983642578
2015-03-11,55.45000076293945,41.02644348144531
2015-03-12,56.47999954223633,41.78852462768555
2015-03-13,56.04999923706055,41.470375061035156
2015-03-16,56.7599983215332,41.99568557739258
2015-03-17,56.70000076293945,41.9512939453125
2015-03-18,57.40999984741211,42.47660827636719
2015-03-19,56.849998474121094,42.062278747558594
2015-03-20,57.970001220703125,42.89094543457031
2015-03-23,57.95000076293945,42.87614822387695
2015-03-24,57.83000183105469,42.787357330322266
2015-03-25,57.47999954223633,42.52840042114258
2015-03-26,56.939998626708984,42.12887191772461
2015-03-27,56.900001525878906,42.099273681640625
2015-03-30,57.439998626708984,42.49880599975586
2015-03-31,56.97999954223633,42.15846252441406
2015-04-01,57.20000076293945,42.32123947143555
2015-04-02,57.689998626708984,42.683780670166016
2015-04-06,57.93000030517578,42.86134338378906
2015-04-07,57.849998474121094,42.802162170410156
2015-04-08,58.119998931884766,43.00193786621094
2015-04-09,58.36000061035156,43.179508209228516
2015-04-10,58.20000076293945,43.061119079589844
2015-04-13,58.279998779296875,43.12031173706055
2015-04-14,58.34000015258789,43.16469955444336
2015-04-15,58.81999969482422,43.519840240478516
2015-04-16,58.959999084472656,43.623435974121094
2015-04-17,58.060001373291016,42.95753860473633
2015-04-20,58.36000061035156,43.179508209228516
2015-04-21,58.290000915527344,43.127708435058594
2015-04-22,58.72999954223633,43.453250885009766
2015-04-23,58.90999984741211,43.5864372253418
2015-04-24,59.060001373291016,43.697418212890625
2015-04-27,59.25,43.837989807128906
2015-04-28,59.52000045776367,44.03776168823242
2015-04-29,59.2400016784668,43.830604553222656
2015-04-30,58.709999084472656,43.43845748901367
2015-05-01,59.040000915527344,43.682621002197266
2015-05-04,59.380001068115234,43.93418502807617
2015-05-05,58.540000915527344,43.312679290771484
2015-05-06,58.36000061035156,43.179508209228516
2015-05-07,58.619998931884766,43.37186050415039
2015-05-08,59.720001220703125,44.18574142456055
2015-05-11,59.369998931884766,43.9267692565918
2015-05-12,59.290000915527344,43.86758804321289
2015-05-13,59.54999923706055,44.05995559692383
2015-05-14,60.11000061035156,44.47429275512695
2015-05-15,60.029998779296875,44.415103912353516
2015-05-18,59.95000076293945,44.35591125488281
2015-05-19,60.02000045776367,44.40769958496094
2015-05-20,59.970001220703125,44.37071228027344
2015-05-21,60.06999969482422,44.444698333740234
2015-05-22,59.959999084472656,44.363311767578125
2015-05-26,59.18000030517578,43.78620529174805
2015-05-27,59.650001525878906,44.133949279785156
2015-05-28,59.529998779296875,44.045166015625
2015-05-29,59.0,43.65302658081055
2015-06-01,58.86000061035156,43.549442291259766
2015-06-02,59.04999923706055,43.69001770019531
2015-06-03,59.40999984741211,43.95637893676758
2015-06-04,59.0099983215332,43.660423278808594
2015-06-05,58.689998626708984,43.42365646362305
2015-06-08,58.54999923706055,43.320068359375
2015-06-09,58.45000076293945,43.24608612060547
2015-06-10,59.349998474121094,43.9119758605957
2015-06-11,59.630001068115234,44.11914825439453
2015-06-12,59.36000061035156,43.91938400268555
2015-06-15,58.93000030517578,43.60123062133789
2015-06-16,59.09000015258789,43.719600677490234
2015-06-17,59.0099983215332,43.660423278808594
2015-06-18,59.529998779296875,44.045166015625
2015-06-19,59.08000183105469,43.71221923828125
2015-06-22,59.97999954223633,44.378108978271484
2015-06-23,60.290000915527344,44.60746765136719
2015-06-24,59.04999923706055,44.28348922729492
2015-06-25,58.849998474121094,44.133506774902344
2015-06-26,58.90999984741211,44.178504943847656
2015-06-29,57.130001068115234,42.8436279296875
2015-06-30,57.279998779296875,42.956111907958984
2015-07-01,57.81999969482422,43.361083984375
2015-07-02,57.75,43.30858612060547
2015-07-06,56.7599983215332,42.56615447998047
2015-07-07,56.599998474121094,42.446163177490234
2015-07-08,55.4900016784668,41.613739013671875
2015-07-09,56.2599983215332,42.19118881225586
2015-07-10,57.58000183105469,43.18110275268555
2015-07-13,58.0099983215332,43.503570556640625
2015-07-14,58.279998779296875,43.706050872802734
2015-07-15,58.349998474121094,43.75853729248047
2015-07-16,58.91999816894531,44.186004638671875
2015-07-17,58.86000061035156,44.14101791381836
2015-07-20,58.95000076293945,44.20850372314453
2015-07-21,58.790000915527344,44.0885124206543
2015-07-22,58.68000030517578,44.00602722167969
2015-07-23,58.34000015258789,43.75104522705078
2015-07-24,57.70000076293945,43.271087646484375
2015-07-27,57.529998779296875,43.14359664916992
2015-07-28,57.9900016784668,43.48857116699219
2015-07-29,58.33000183105469,43.7435417175293
2015-07-30,58.2400016784668,43.676048278808594
2015-07-31,58.18000030517578,43.63105773925781
2015-08-03,58.060001373291016,43.54107666015625
2015-08-04,57.970001220703125,43.473567962646484
2015-08-05,58.15999984741211,43.616058349609375
2015-08-06,57.970001220703125,43.473567962646484
2015-08-07,57.880001068115234,43.40607833862305
2015-08-10,58.650001525878906,43.98352813720703
2015-08-11,57.939998626708984,43.451072692871094
2015-08-12,57.400001525878906,43.04610824584961
2015-08-13,57.369998931884766,43.02362060546875
2015-08-14,57.630001068115234,43.218597412109375
2015-08-17,57.560001373291016,43.16611099243164
2015-08-18,57.36000061035156,43.01611328125
2015-08-19,56.9900016784668,42.73863983154297
2015-08-20,55.630001068115234,41.71873092651367
2015-08-21,53.95000076293945,40.45884323120117
2015-08-24,51.810001373291016,38.8539924621582
2015-08-25,51.7400016784668,38.8015022277832
2015-08-26,53.470001220703125,40.09888458251953
2015-08-27,54.25,40.6838264465332
2015-08-28,53.97999954223633,40.48134994506836
2015-08-31,53.52000045776367,40.136375427246094
2015-09-01,51.66999816894531,38.749000549316406
2015-09-02,52.439998626708984,39.32644271850586
2015-09-03,52.63999938964844,39.47643280029297
2015-09-04,51.34000015258789,38.50151824951172
2015-09-08,52.86000061035156,39.641414642333984
2015-09-09,52.54999923706055,39.408931732177734
2015-09-10,52.779998779296875,39.58142852783203
2015-09-11,52.90999984741211,39.67891311645508
2015-09-14,52.58000183105469,39.43144226074219
2015-09-15,53.20000076293945,39.89640426635742
2015-09-16,53.72999954223633,40.29385757446289
2015-09-17,53.310001373291016,39.97888946533203
2015-09-18,52.040000915527344,39.02647399902344
2015-09-21,52.349998474121094,39.258949279785156
2015-09-22,51.459999084472656,38.591514587402344
2015-09-23,51.18000030517578,38.381534576416016
2015-09-24,51.040000915527344,38.27654266357422
2015-09-25,51.61000061035156,38.70399856567383
2015-09-28,50.45000076293945,37.834083557128906
2015-09-29,50.63999938964844,37.976566314697266
2015-09-30,51.43000030517578,38.56902313232422
2015-10-01,51.68000030517578,38.75650405883789
2015-10-02,52.16999816894531,39.12396240234375
2015-10-05,53.209999084472656,39.90389633178711
2015-10-06,53.119998931884766,39.83641052246094
2015-10-07,53.790000915527344,40.33885192871094
2015-10-08,54.15999984741211,40.616329193115234
2015-10-09,54.06999969482422,40.54884338378906
2015-10-12,54.040000915527344,40.52633285522461
2015-10-13,53.33000183105469,39.99388885498047
2015-10-14,53.150001525878906,39.8588981628418
2015-10-15,54.099998474121094,40.57133102416992
2015-10-16,54.439998626708984,40.8263053894043
2015-10-19,54.27000045776367,40.698822021484375
2015-10-20,54.439998626708984,40.8263053894043
2015-10-21,53.939998626708984,40.45133972167969
2015-10-22,54.790000915527344,41.08879470825195
2015-10-23,55.27000045776367,41.44875717163086
2015-10-26,55.16999816894531,41.373756408691406
2015-10-27,54.77000045776367,41.073787689208984
2015-10-28,55.5,41.62124252319336
2015-10-29,54.900001525878906,41.17127990722656
2015-10-30,54.5,40.871315002441406
2015-11-02,55.189998626708984,41.38876724243164
2015-11-03,55.13999938964844,41.351261138916016
2015-11-04,54.93000030517578,41.19378662109375
2015-11-05,54.939998626708984,41.20127868652344
2015-11-06,55.13999938964844,41.351261138916016
2015-11-09,54.619998931884766,40.96129608154297
2015-11-10,54.68000030517578,41.00629425048828
2015-11-11,54.849998474121094,41.13378143310547
2015-11-12,54.119998931884766,40.58633041381836
2015-11-13,53.63999938964844,40.22636413574219
2015-11-16,54.2400016784668,40.67632293701172
2015-11-17,54.20000076293945,40.64632034301758
2015-11-18,55.02000045776367,41.26127243041992
2015-11-19,55.2599983215332,41.44124984741211
2015-11-20,55.189998626708984,41.38876724243164
2015-11-23,54.900001525878906,41.17127990722656
2015-11-24,54.790000915527344,41.08879470825195
2015-11-25,54.77000045776367,41.073787689208984
2015-11-27,54.790000915527344,41.08879470825195
2015-11-30,54.63999938964844,40.97629165649414
2015-12-01,55.4900016784668,41.613739013671875
2015-12-02,54.75,41.05879592895508
2015-12-03,54.2599983215332,40.691322326660156
2015-12-04,55.209999084472656,41.40375518798828
2015-12-07,54.619998931884766,40.96129608154297
2015-12-08,53.869998931884766,40.39885330200195
2015-12-09,53.459999084472656,40.09138107299805
2015-12-10,53.369998931884766,40.02388381958008
2015-12-11,52.16999816894531,39.12396240234375
2015-12-14,52.25,39.1839599609375
2015-12-15,53.040000915527344,39.77641677856445
2015-12-16,54.11000061035156,40.57883834838867
2015-12-17,53.33000183105469,39.99388885498047
2015-12-18,52.63999938964844,39.47643280029297
2015-12-21,52.2400016784668,39.680755615234375
2015-12-22,52.599998474121094,39.954219818115234
2015-12-23,53.43000030517578,40.58467102050781
2015-12-24,53.45000076293945,40.59986877441406
2015-12-28,53.18000030517578,40.394775390625
2015-12-29,53.779998779296875,40.85052490234375
2015-12-30,53.209999084472656,40.417564392089844
2015-12-31,52.9900016784668,40.250457763671875
2016-01-04,51.709999084472656,39.27818298339844
2016-01-05,51.709999084472656,39.27818298339844
2016-01-06,50.72999954223633,38.533790588378906
2016-01-07,49.459999084472656,37.56911087036133
2016-01-08,48.54999923706055,36.87788772583008
2016-01-11,48.869998931884766,37.12095260620117
2016-01-12,49.18000030517578,37.35642623901367
2016-01-13,48.04999923706055,36.49809265136719
2016-01-14,48.56999969482422,36.893089294433594
2016-01-15,46.849998474121094,35.58659362792969
2016-01-19,46.880001068115234,35.6093864440918
2016-01-20,45.810001373291016,34.79662322998047
2016-01-21,45.869998931884766,34.84219741821289
2016-01-22,46.93000030517578,35.64735794067383
2016-01-25,45.7599983215332,34.75864028930664
2016-01-26,46.59000015258789,35.38909912109375
2016-01-27,46.279998779296875,35.153629302978516
2016-01-28,46.540000915527344,35.35111618041992
2016-01-29,47.63999938964844,36.18666458129883
2016-02-01,47.22999954223633,35.87523651123047
2016-02-02,45.7599983215332,34.75864028930664
2016-02-03,45.880001068115234,34.849788665771484
2016-02-04,46.40999984741211,35.25237274169922
2016-02-05,45.650001525878906,34.67509078979492
2016-02-08,44.439998626708984,33.756004333496094
2016-02-09,43.869998931884766,33.32302474975586
2016-02-10,43.939998626708984,33.37620162963867
2016-02-11,42.779998779296875,32.495079040527344
2016-02-12,44.22999954223633,33.59647750854492
2016-02-16,45.15999984741211,34.30289840698242
2016-02-17,45.959999084472656,34.910560607910156
2016-02-18,45.59000015258789,34.62952423095703
2016-02-19,45.52000045776367,34.57634735107422
2016-02-22,46.16999816894531,35.070072174072266
2016-02-23,45.310001373291016,34.41683578491211
2016-02-24,45.029998779296875,34.20414352416992
2016-02-25,45.689998626708984,34.70547103881836
2016-02-26,45.91999816894531,34.88017654418945
2016-02-29,45.63999938964844,34.6674919128418
2016-03-01,47.04999923706055,35.73851013183594
2016-03-02,47.689998626708984,36.224647521972656
2016-03-03,48.349998474121094,36.72597122192383
2016-03-04,48.72999954223633,37.01461410522461
2016-03-07,48.61000061035156,36.92346954345703
2016-03-08,48.0099983215332,36.467716217041016
2016-03-09,48.189998626708984,36.60444259643555
2016-03-10,48.220001220703125,36.62722396850586
2016-03-11,49.79999923706055,37.82737731933594
2016-03-14,49.68000030517578,37.73622512817383
2016-03-15,49.150001525878906,37.33365249633789
2016-03-16,49.38999938964844,37.51594924926758
2016-03-17,49.959999084472656,37.94890213012695
2016-03-18,50.22999954223633,38.15399932861328
2016-03-21,50.130001068115234,38.078041076660156
2016-03-22,49.86000061035156,37.87295150756836
2016-03-23,49.2400016784668,37.40200424194336
2016-03-24,48.599998474121094,36.91586685180664
2016-03-28,48.88999938964844,37.13615036010742
2016-03-29,49.130001068115234,37.318450927734375
2016-03-30,49.40999984741211,37.531131744384766
2016-03-31,49.209999084472656,37.379215240478516
2016-04-01,49.25,37.40959930419922
2016-04-04,48.849998474121094,37.10575866699219
2016-04-05,47.900001525878906,36.38416290283203
2016-04-06,48.349998474121094,36.72597122192383
2016-04-07,47.290000915527344,35.92081832885742
2016-04-08,47.880001068115234,36.36896896362305
2016-04-11,48.13999938964844,36.56646728515625
2016-04-12,48.970001220703125,37.19691848754883
2016-04-13,50.209999084472656,38.1388053894043
2016-04-14,50.41999816894531,38.29831314086914
2016-04-15,50.279998779296875,38.19197463989258
2016-04-18,50.54999923706055,38.397056579589844
2016-04-19,51.25,38.928768157958984
2016-04-20,51.63999938964844,39.225006103515625
2016-04-21,51.36000061035156,39.0123291015625
2016-04-22,51.7400016784668,39.300968170166016
2016-04-25,51.47999954223633,39.10347366333008
2016-04-26,51.90999984741211,39.43010330200195
2016-04-27,51.88999938964844,39.4149055480957
2016-04-28,51.18000030517578,38.8755989074707
2016-04-29,50.86000061035156,38.632537841796875
2016-05-02,51.22999954223633,38.913578033447266
2016-05-03,50.2599983215332,38.176780700683594
2016-05-04,49.790000915527344,37.81977081298828
2016-05-05,49.630001068115234,37.698246002197266
2016-05-06,49.7599983215332,37.7969856262207
2016-05-09,49.59000015258789,37.66786193847656
2016-05-10,50.470001220703125,38.336299896240234
2016-05-11,49.93000030517578,37.926116943359375
2016-05-12,49.93000030517578,37.926116943359375
2016-05-13,49.18000030517578,37.35642623901367
2016-05-16,49.68000030517578,37.73622512817383
2016-05-17,49.40999984741211,37.531131744384766
2016-05-18,49.939998626708984,37.93369674682617
2016-05-19,49.72999954223633,37.77419662475586
2016-05-20,49.9900016784668,37.97169494628906
2016-05-23,50.0,37.97929382324219
2016-05-24,50.86000061035156,38.632537841796875
2016-05-25,51.58000183105469,39.179439544677734
2016-05-26,51.380001068115234,39.02751159667969
2016-05-27,51.59000015258789,39.187034606933594
2016-05-31,51.349998474121094,39.004730224609375
2016-06-01,51.29999923706055,38.96675109863281
2016-06-02,51.36000061035156,39.0123291015625
2016-06-03,51.13999938964844,38.845218658447266
2016-06-06,51.33000183105469,38.98954391479492
2016-06-07,51.529998779296875,39.14146041870117
2016-06-08,51.560001373291016,39.164241790771484
2016-06-09,51.06999969482422,38.79205322265625
2016-06-10,49.880001068115234,37.888145446777344
2016-06-13,49.220001220703125,37.38681411743164
2016-06-14,48.47999954223633,36.82471466064453
2016-06-15,48.5099983215332,36.84750747680664
2016-06-16,48.630001068115234,36.938655853271484
2016-06-17,49.130001068115234,37.318450927734375
2016-06-20,49.90999984741211,37.910926818847656
2016-06-21,49.5,38.26419448852539
2016-06-22,49.4900016784668,38.25646209716797
2016-06-23,50.709999084472656,39.19953918457031
2016-06-24,46.650001525878906,36.06110382080078
2016-06-27,45.0099983215332,34.793365478515625
2016-06-28,46.29999923706055,35.79054641723633
2016-06-29,47.150001525878906,36.44761657714844
2016-06-30,47.79999923706055,36.9500732421875
2016-07-01,47.810001373291016,36.95780944824219
2016-07-05,46.540000915527344,35.97606658935547
2016-07-06,46.52000045776367,35.96061325073242
2016-07-07,46.40999984741211,35.875579833984375
2016-07-08,47.310001373291016,36.5713005065918
2016-07-11,47.869998931884766,37.00417709350586
2016-07-12,48.77000045776367,37.69989776611328
2016-07-13,48.779998779296875,37.707618713378906
2016-07-14,49.33000183105469,38.132781982421875
2016-07-15,49.25,38.07094192504883
2016-07-18,49.47999954223633,38.24873352050781
2016-07-19,49.209999084472656,38.04001998901367
2016-07-20,49.59000015258789,38.333770751953125
2016-07-21,49.349998474121094,38.14824676513672
2016-07-22,49.470001220703125,38.241004943847656
2016-07-25,49.27000045776367,38.086402893066406
2016-07-26,49.47999954223633,38.24873352050781
2016-07-27,49.599998474121094,38.34149932861328
2016-07-28,49.470001220703125,38.241004943847656
2016-07-29,49.83000183105469,38.519287109375
2016-08-01,49.5,38.26419448852539
2016-08-02,49.06999969482422,37.931800842285156
2016-08-03,49.2599983215332,38.078670501708984
2016-08-04,49.45000076293945,38.22555160522461
2016-08-05,50.16999816894531,38.7821044921875
2016-08-08,50.470001220703125,39.01402282714844
2016-08-09,50.7599983215332,39.23819351196289
2016-08-10,50.630001068115234,39.137699127197266
2016-08-11,50.900001525878906,39.34641647338867
2016-08-12,50.68000030517578,39.17635726928711
2016-08-15,51.060001373291016,39.47010040283203
2016-08-16,50.83000183105469,39.292301177978516
2016-08-17,50.79999923706055,39.26911544799805
2016-08-18,50.9900016784668,39.415992736816406
2016-08-19,50.72999954223633,39.21500778198242
2016-08-22,50.720001220703125,39.207279205322266
2016-08-23,51.04999923706055,39.462371826171875
2016-08-24,51.150001525878906,39.539676666259766
2016-08-25,51.0,39.4237174987793
2016-08-26,50.869998931884766,39.32322692871094
2016-08-29,51.310001373291016,39.663352966308594
2016-08-30,51.59000015258789,39.879798889160156
2016-08-31,51.779998779296875,40.02666473388672
2016-09-01,52.040000915527344,40.227657318115234
2016-09-02,52.439998626708984,40.53684997558594
2016-09-06,52.470001220703125,40.5600471496582
2016-09-07,52.38999938964844,40.498207092285156
2016-09-08,52.459999084472656,40.55231857299805
2016-09-09,51.630001068115234,39.91071319580078
2016-09-12,52.0,40.19673156738281
2016-09-13,50.75,39.230464935302734
2016-09-14,50.599998474121094,39.1145133972168
2016-09-15,51.099998474121094,39.501014709472656
2016-09-16,50.470001220703125,39.01402282714844
2016-09-19,50.790000915527344,39.26137161254883
2016-09-20,50.86000061035156,39.31549835205078
2016-09-21,51.75,40.00347900390625
2016-09-22,52.06999969482422,40.2508430480957
2016-09-23,51.470001220703125,39.78704071044922
2016-09-26,50.709999084472656,39.19953918457031
2016-09-27,51.0099983215332,39.43143844604492
2016-09-28,51.33000183105469,39.67881774902344
2016-09-29,50.560001373291016,39.08359146118164
2016-09-30,51.08000183105469,39.48555374145508
2016-10-03,51.0,39.4237174987793
2016-10-04,51.02000045776367,39.43917465209961
2016-10-05,51.79999923706055,40.04212951660156
2016-10-06,51.90999984741211,40.12716293334961
2016-10-07,51.93000030517578,40.142616271972656
2016-10-10,52.16999816894531,40.32814407348633
2016-10-11,51.41999816894531,39.74837875366211
2016-10-12,51.5,39.81022262573242
2016-10-13,51.0,39.4237174987793
2016-10-14,51.189998626708984,39.570587158203125
2016-10-17,51.130001068115234,39.524208068847656
2016-10-18,51.709999084472656,39.972557067871094
2016-10-19,52.13999938964844,40.304954528808594
2016-10-20,52.15999984741211,40.32040786743164
2016-10-21,52.119998931884766,40.289493560791016
2016-10-24,52.349998474121094,40.46727752685547
2016-10-25,52.33000183105469,40.45183563232422
2016-10-26,52.4900016784668,40.57550048828125
2016-10-27,52.619998931884766,40.67599868774414
2016-10-28,52.40999984741211,40.51366424560547
2016-10-31,52.33000183105469,40.45183563232422
2016-11-01,52.06999969482422,40.2508430480957
2016-11-02,51.56999969482422,39.86433410644531
2016-11-03,51.720001220703125,39.980289459228516
2016-11-04,51.279998779296875,39.640159606933594
2016-11-07,52.630001068115234,40.6837272644043
2016-11-08,52.790000915527344,40.80741500854492
2016-11-09,53.779998779296875,41.572696685791016
2016-11-10,55.04999923706055,42.5544319152832
2016-11-11,55.15999984741211,42.63945388793945
2016-11-14,55.91999816894531,43.22694396972656
2016-11-15,56.119998931884766,43.38154602050781
2016-11-16,55.400001525878906,42.82498550415039
2016-11-17,55.7599983215332,43.103267669677734
2016-11-18,55.59000015258789,42.97185134887695
2016-11-21,55.939998626708984,43.242408752441406
2016-11-22,56.220001220703125,43.45885467529297
2016-11-23,56.25,43.48204040527344
2016-11-25,56.220001220703125,43.45885467529297
2016-11-28,55.63999938964844,43.010498046875
2016-11-29,55.939998626708984,43.242408752441406
2016-11-30,56.2400016784668,43.47431564331055
2016-12-01,56.77000045776367,43.884010314941406
2016-12-02,56.619998931884766,43.76805877685547
2016-12-05,57.209999084472656,44.2241325378418
2016-12-06,58.09000015258789,44.904380798339844
2016-12-07,59.040000915527344,45.63875198364258
2016-12-08,59.459999084472656,45.96342086791992
2016-12-09,59.5,45.99433517456055
2016-12-12,58.880001068115234,45.51507568359375
2016-12-13,59.279998779296875,45.82427215576172
2016-12-14,58.560001373291016,45.267704010009766
2016-12-15,58.959999084472656,45.576908111572266
2016-12-16,58.59000015258789,45.290897369384766
2016-12-19,58.34000015258789,45.09763717651367
2016-12-20,58.849998474121094,45.49187088012695
2016-12-21,58.75,45.414581298828125
2016-12-22,58.15999984741211,45.27290725708008
2016-12-23,58.220001220703125,45.31961441040039
2016-12-27,58.20000076293945,45.30404281616211
2016-12-28,57.79999923706055,44.99266815185547
2016-12-29,57.66999816894531,44.891475677490234
2016-12-30,57.779998779296875,44.97710037231445
2017-01-03,58.560001373291016,45.58427047729492
2017-01-04,59.31999969482422,46.17585754394531
2017-01-05,59.150001525878906,46.04352951049805
2017-01-06,59.209999084472656,46.09024429321289
2017-01-09,58.77000045776367,45.747737884521484
2017-01-10,58.810001373291016,45.778873443603516
2017-01-11,59.209999084472656,46.09024429321289
2017-01-12,59.029998779296875,45.95012283325195
2017-01-13,59.25,46.121376037597656
2017-01-17,58.439998626708984,45.4908561706543
2017-01-18,58.43000030517578,45.483070373535156
2017-01-19,58.31999969482422,45.3974494934082
2017-01-20,58.560001373291016,45.58427047729492
2017-01-23,58.529998779296875,45.5609130859375
2017-01-24,58.95000076293945,45.88785171508789
2017-01-25,59.959999084472656,46.6740608215332
2017-01-26,60.040000915527344,46.736328125
2017-01-27,59.83000183105469,46.5728645324707
2017-01-30,59.33000183105469,46.18364715576172
2017-01-31,59.119998931884766,46.02018356323242
2017-02-01,59.290000915527344,46.15251922607422
2017-02-02,59.18000030517578,46.06689453125
2017-02-03,59.959999084472656,46.6740608215332
2017-02-06,59.619998931884766,46.40939712524414
2017-02-07,59.40999984741211,46.24592590332031
2017-02-08,59.150001525878906,46.04352951049805
2017-02-09,59.83000183105469,46.5728645324707
2017-02-10,59.88999938964844,46.61957550048828
2017-02-13,60.43000030517578,47.039913177490234
2017-02-14,60.880001068115234,47.39020538330078
2017-02-15,61.45000076293945,47.833892822265625
2017-02-16,61.36000061035156,47.76384353637695
2017-02-17,61.2400016784668,47.67042922973633
2017-02-21,61.38999938964844,47.78719711303711
2017-02-22,61.41999816894531,47.810546875
2017-02-23,61.40999984741211,47.80276870727539
2017-02-24,60.72999954223633,47.2734375
2017-02-27,60.779998779296875,47.312355041503906
2017-02-28,60.689998626708984,47.24230194091797
2017-03-01,62.029998779296875,48.2853889465332
2017-03-02,61.310001373291016,47.72492599487305
2017-03-03,61.83000183105469,48.12969970703125
2017-03-06,61.470001220703125,47.84947204589844
2017-03-07,61.290000915527344,47.70935821533203
2017-03-08,61.290000915527344,47.70935821533203
2017-03-09,61.529998779296875,47.896183013916016
2017-03-10,61.81999969482422,48.12192153930664
2017-03-13,61.86000061035156,48.153053283691406
2017-03-14,61.619998931884766,47.96623992919922
2017-03-15,62.029998779296875,48.2853889465332
2017-03-16,62.31999969482422,48.51112747192383
2017-03-17,61.849998474121094,48.145263671875
2017-03-20,61.709999084472656,48.03628921508789
2017-03-21,60.540000915527344,47.12553787231445
2017-03-22,60.279998779296875,46.92315673828125
2017-03-23,60.38999938964844,47.00877380371094
2017-03-24,60.4900016784668,47.08662033081055
2017-03-27,60.36000061035156,46.98542785644531
2017-03-28,61.06999969482422,47.53811264038086
2017-03-29,60.900001525878906,47.40577697753906
2017-03-30,61.22999954223633,47.66265106201172
2017-03-31,60.900001525878906,47.40577697753906
2017-04-03,60.56999969482422,47.148895263671875
2017-04-04,60.540000915527344,47.12553787231445
2017-04-05,60.029998779296875,46.72854232788086
2017-04-06,60.2400016784668,46.89201736450195
2017-04-07,60.040000915527344,46.736328125
2017-04-10,59.95000076293945,46.6662712097168
2017-04-11,59.91999816894531,46.642913818359375
2017-04-12,59.5099983215332,46.32376480102539
2017-04-13,58.84000015258789,45.80223083496094
2017-04-17,59.61000061035156,46.401607513427734
2017-04-18,59.209999084472656,46.09024429321289
2017-04-19,59.029998779296875,45.95012283325195
2017-04-20,59.869998931884766,46.60400390625
2017-04-21,59.709999084472656,46.479454040527344
2017-04-24,61.34000015258789,47.7482795715332
2017-04-25,61.810001373291016,48.1141357421875
2017-04-26,61.560001373291016,47.91952896118164
2017-04-27,61.439998626708984,47.826114654541016
2017-04-28,61.16999816894531,47.615943908691406
2017-05-01,61.5,47.872825622558594
2017-05-02,61.5099983215332,47.88059997558594
2017-05-03,61.720001220703125,48.0440788269043
2017-05-04,61.97999954223633,48.246463775634766
2017-05-05,62.310001373291016,48.50334548950195
2017-05-08,61.939998626708984,48.21533203125
2017-05-09,61.70000076293945,48.028507232666016
2017-05-10,61.970001220703125,48.238685607910156
2017-05-11,61.709999084472656,48.03628921508789
2017-05-12,61.619998931884766,47.96623992919922
2017-05-15,62.20000076293945,48.4177131652832
2017-05-16,62.33000183105469,48.51891326904297
2017-05-17,60.75,47.289005279541016
2017-05-18,60.689998626708984,47.24230194091797
2017-05-19,61.400001525878906,47.79498291015625
2017-05-22,61.58000183105469,47.93510818481445
2017-05-23,61.84000015258789,48.137489318847656
2017-05-24,61.88999938964844,48.17640686035156
2017-05-25,61.86000061035156,48.153053283691406
2017-05-26,61.689998626708984,48.02072525024414
2017-05-30,61.459999084472656,47.8416862487793
2017-05-31,61.18000030517578,47.623741149902344
2017-06-01,61.58000183105469,47.93510818481445
2017-06-02,61.68000030517578,48.012943267822266
2017-06-05,61.599998474121094,47.95066452026367
2017-06-06,61.369998931884766,47.77163314819336
2017-06-07,61.7400016784668,48.05964279174805
2017-06-08,62.220001220703125,48.433284759521484
2017-06-09,62.689998626708984,48.79914093017578
2017-06-12,62.599998474121094,48.729087829589844
2017-06-13,63.16999816894531,49.17278289794922
2017-06-14,63.16999816894531,49.17278289794922
2017-06-15,62.7400016784668,48.83806228637695
2017-06-16,62.880001068115234,48.947044372558594
2017-06-19,63.41999816894531,49.36738967895508
2017-06-20,61.88999938964844,48.81371307373047
2017-06-21,61.58000183105469,48.569210052490234
2017-06-22,61.45000076293945,48.466678619384766
2017-06-23,61.34000015258789,48.37992477416992
2017-06-26,61.689998626708984,48.65597152709961
2017-06-27,61.959999084472656,48.86892318725586
2017-06-28,63.0,49.689186096191406
2017-06-29,63.20000076293945,49.8469352722168
2017-06-30,63.15999984741211,49.81538391113281
2017-07-03,63.880001068115234,50.383262634277344
2017-07-05,64.06999969482422,50.533119201660156
2017-07-06,63.720001220703125,50.25706481933594
2017-07-07,63.91999816894531,50.4148063659668
2017-07-10,64.08000183105469,50.5410041809082
2017-07-11,63.959999084472656,50.44635772705078
2017-07-12,64.16999816894531,50.61198043823242
2017-07-13,64.54000091552734,50.903812408447266
2017-07-14,64.55000305175781,50.911705017089844
2017-07-17,64.37000274658203,50.769737243652344
2017-07-18,64.36000061035156,50.761844635009766
2017-07-19,64.58000183105469,50.93536376953125
2017-07-20,64.75,51.0694465637207
2017-07-21,64.45999908447266,50.8407096862793
2017-07-24,64.62999725341797,50.97479248046875
2017-07-25,65.3499984741211,51.54267501831055
2017-07-26,65.30999755859375,51.51112365722656
2017-07-27,64.94000244140625,51.219303131103516
2017-07-28,65.08999633789062,51.33760070800781
2017-07-31,65.4000015258789,51.58210754394531
2017-08-01,66.0,52.05533981323242
2017-08-02,65.87000274658203,51.95281219482422
2017-08-03,65.80000305175781,51.89759063720703
2017-08-04,66.01000213623047,52.063228607177734
2017-08-07,66.05000305175781,52.09477996826172
2017-08-08,66.02999877929688,52.07899856567383
2017-08-09,65.38999938964844,51.574222564697266
2017-08-10,64.27999877929688,50.69874572753906
2017-08-11,64.19999694824219,50.635650634765625
2017-08-14,64.88999938964844,51.17985916137695
2017-08-15,64.98999786376953,51.258731842041016
2017-08-16,65.06999969482422,51.321834564208984
2017-08-17,63.900001525878906,50.39902877807617
2017-08-18,64.1500015258789,50.596214294433594
2017-08-21,64.04000091552734,50.50945281982422
2017-08-22,64.48999786376953,50.864376068115234
2017-08-23,64.37000274658203,50.769737243652344
2017-08-24,64.29000091552734,50.706634521484375
2017-08-25,64.83999633789062,51.140419006347656
2017-08-28,64.45999908447266,50.8407096862793
2017-08-29,64.22000122070312,50.651424407958984
2017-08-30,64.22000122070312,50.651424407958984
2017-08-31,64.4800033569336,50.856502532958984
2017-09-01,64.63999938964844,50.982688903808594
2017-09-05,63.36000061035156,49.97312927246094
2017-09-06,63.68000030517578,50.22550964355469
2017-09-07,63.08000183105469,49.75228500366211
2017-09-08,63.459999084472656,50.05199432373047
2017-09-11,64.44000244140625,50.824947357177734
2017-09-12,64.98999786376953,51.258731842041016
2017-09-13,64.9000015258789,51.187747955322266
2017-09-14,64.87000274658203,51.16408920288086
2017-09-15,65.0199966430664,51.28239059448242
2017-09-18,65.3499984741211,51.54267501831055
2017-09-19,65.83999633789062,51.929134368896484
2017-09-20,65.87999725341797,51.960697174072266
2017-09-21,66.2300033569336,52.23674392700195
2017-09-22,66.33999633789062,52.3234977722168
2017-09-25,65.75,51.858158111572266
2017-09-26,65.63999938964844,51.77139663696289
2017-09-27,66.36000061035156,52.33927536010742
2017-09-28,66.37000274658203,52.347164154052734
2017-09-29,66.72000122070312,52.623207092285156
2017-10-02,66.97000122070312,52.820396423339844
2017-10-03,67.19000244140625,52.99391174316406
2017-10-04,67.02999877929688,52.86771011352539
2017-10-05,67.4000015258789,53.1595458984375
2017-10-06,67.4800033569336,53.22263717651367
2017-10-09,67.22000122070312,53.017581939697266
2017-10-10,67.7699966430664,53.45136642456055
2017-10-11,67.70999908447266,53.40404510498047
2017-10-12,67.33000183105469,53.104339599609375
2017-10-13,67.54000091552734,53.26996994018555
2017-10-16,67.62999725341797,53.34093475341797
2017-10-17,67.44000244140625,53.19109344482422
2017-10-18,67.75,53.43559265136719
2017-10-19,67.7699966430664,53.45136642456055
2017-10-20,68.19999694824219,53.7905158996582
2017-10-23,67.80999755859375,53.48291778564453
2017-10-24,68.29000091552734,53.86149978637695
2017-10-25,68.11000061035156,53.71953201293945
2017-10-26,68.18000030517578,53.77473831176758
2017-10-27,68.2300033569336,53.81418228149414
2017-10-30,67.9800033569336,53.61699676513672
2017-10-31,67.7300033569336,53.41982650756836
2017-11-01,67.80999755859375,53.48291778564453
2017-11-02,68.19999694824219,53.7905158996582
2017-11-03,67.86000061035156,53.52235412597656
2017-11-06,67.83000183105469,53.498695373535156
2017-11-07,67.19999694824219,53.00179672241211
2017-11-08,67.2300033569336,53.02546691894531
2017-11-09,67.12000274658203,52.93869400024414
2017-11-10,66.95999908447266,52.8125
2017-11-13,66.97000122070312,52.820396423339844
2017-11-14,66.7699966430664,52.66265106201172
2017-11-15,66.87999725341797,52.74940490722656
2017-11-16,67.13999938964844,52.9544792175293
2017-11-17,66.95999908447266,52.8125
2017-11-20,67.12000274658203,52.93869400024414
2017-11-21,67.43000030517578,53.18320083618164
2017-11-22,67.63999938964844,53.34883499145508
2017-11-24,67.58999633789062,53.309391021728516
2017-11-27,67.48999786376953,53.23051834106445
2017-11-28,68.31999969482422,53.88516616821289
2017-11-29,69.02999877929688,54.445159912109375
2017-11-30,69.06999969482422,54.47669982910156
2017-12-01,69.13999938964844,54.53190994262695
2017-12-04,69.58999633789062,54.886837005615234
2017-12-05,69.2300033569336,54.60289764404297
2017-12-06,68.80999755859375,54.271636962890625
2017-12-07,69.04000091552734,54.45303726196289
2017-12-08,69.61000061035156,54.90261459350586
2017-12-11,69.66000366210938,54.942039489746094
2017-12-12,69.94000244140625,55.16288375854492
2017-12-13,69.87999725341797,55.115562438964844
2017-12-14,69.3499984741211,54.69754409790039
2017-12-15,69.5,54.81584167480469
2017-12-18,70.33000183105469,55.470489501953125
2017-12-19,70.20999908447266,55.37583541870117
2017-12-20,70.0,55.210205078125
2017-12-21,69.81999969482422,55.58598327636719
2017-12-22,69.80000305175781,55.5700569152832
2017-12-26,69.61000061035156,55.41880416870117
2017-12-27,69.79000091552734,55.562103271484375
2017-12-28,70.01000213623047,55.73725509643555
2017-12-29,69.93000030517578,55.67355728149414
2018-01-02,70.16999816894531,55.864627838134766
2018-01-03,70.5199966430664,56.14326095581055
2018-01-04,71.29000091552734,56.756309509277344
2018-01-05,71.27999877929688,56.748329162597656
2018-01-08,71.4000015258789,56.8438720703125
2018-01-09,71.62999725341797,57.02698516845703
2018-01-10,72.27999877929688,57.544471740722656
2018-01-11,72.81999969482422,57.97437286376953
2018-01-12,73.55000305175781,58.555564880371094
2018-01-16,73.33999633789062,58.38835525512695
2018-01-17,73.9800033569336,58.89789581298828
2018-01-18,74.06999969482422,58.969547271728516
2018-01-19,74.48999786376953,59.30392074584961
2018-01-22,75.0199966430664,59.72587585449219
2018-01-23,75.16999816894531,59.845298767089844
2018-01-24,75.55999755859375,60.15577697753906
2018-01-25,75.30999755859375,59.956764221191406
2018-01-26,75.98999786376953,60.49811935424805
2018-01-29,75.47000122070312,60.084136962890625
2018-01-30,74.81999969482422,59.566650390625
2018-01-31,74.88999938964844,59.622379302978516
2018-02-01,75.20999908447266,59.87714385986328
2018-02-02,73.75,58.714778900146484
2018-02-05,70.63999938964844,56.23881530761719
2018-02-06,71.76000213623047,57.13047790527344
2018-02-07,71.19000244140625,56.67668533325195
2018-02-08,68.86000061035156,54.821693420410156
2018-02-09,69.56999969482422,55.386940002441406
2018-02-12,70.3499984741211,56.00792694091797
2018-02-13,70.52999877929688,56.15123748779297
2018-02-14,72.04000091552734,57.353397369384766
2018-02-15,72.58999633789062,57.7912712097168
2018-02-16,72.62999725341797,57.823116302490234
2018-02-20,72.18000030517578,57.464847564697266
2018-02-21,72.13999938964844,57.43301773071289
2018-02-22,71.98999786376953,57.313602447509766
2018-02-23,72.7300033569336,57.90273666381836
2018-02-26,73.25,58.316707611083984
2018-02-27,72.55000305175781,57.75943374633789
2018-02-28,71.6500015258789,57.04290771484375
2018-03-01,70.7699966430664,56.34231185913086
2018-03-02,70.8499984741211,56.40599060058594
2018-03-05,71.20999908447266,56.6926155090332
2018-03-06,71.5199966430664,56.93941879272461
2018-03-07,71.45999908447266,56.89164352416992
2018-03-08,71.4800033569336,56.90756607055664
2018-03-09,72.61000061035156,57.80720901489258
2018-03-12,72.6500015258789,57.83905029296875
2018-03-13,71.93000030517578,57.265830993652344
2018-03-14,71.56999969482422,56.979217529296875
2018-03-15,71.56999969482422,56.979217529296875
2018-03-16,71.56999969482422,56.979217529296875
2018-03-19,71.06999969482422,56.581146240234375
2018-03-20,71.29000091552734,56.756309509277344
2018-03-21,71.30999755859375,56.77222442626953
2018-03-22,69.12999725341797,55.03664779663086
2018-03-23,67.6500015258789,53.858375549316406
2018-03-26,69.41000366210938,55.25958251953125
2018-03-27,68.20999908447266,54.304203033447266
2018-03-28,68.38999938964844,54.4475212097168
2018-03-29,69.19000244140625,55.08442306518555
2018-04-02,67.97000122070312,54.11313247680664
2018-04-03,68.4800033569336,54.519168853759766
2018-04-04,68.91999816894531,54.86947250366211
2018-04-05,69.37999725341797,55.23568344116211
2018-04-06,68.20999908447266,54.304203033447266
2018-04-09,68.6500015258789,54.65451431274414
2018-04-10,69.54000091552734,55.36307907104492
2018-04-11,69.11000061035156,55.0207405090332
2018-04-12,69.9000015258789,55.6496696472168
2018-04-13,69.29000091552734,55.164031982421875
2018-04-16,69.54000091552734,55.36307907104492
2018-04-17,69.62999725341797,55.434715270996094
2018-04-18,69.55999755859375,55.37898635864258
2018-04-19,70.08999633789062,55.800933837890625
2018-04-20,69.87999725341797,55.633750915527344
2018-04-23,70.0199966430664,55.74520492553711
2018-04-24,69.6500015258789,55.45063400268555
2018-04-25,69.5,55.33122253417969
2018-04-26,69.68000030517578,55.47452163696289
2018-04-27,69.73999786376953,55.52228927612305
2018-04-30,69.30000305175781,55.1719856262207
2018-05-01,69.20999908447266,55.100345611572266
2018-05-02,68.77999877929688,54.75800704956055
2018-05-03,68.4000015258789,54.45547866821289
2018-05-04,68.7699966430664,54.75003433227539
2018-05-07,68.81999969482422,54.78985595703125
2018-05-08,69.01000213623047,54.94112014770508
2018-05-09,69.80999755859375,55.57801818847656
2018-05-10,70.4000015258789,56.0477294921875
2018-05-11,70.4000015258789,56.0477294921875
2018-05-14,70.41000366210938,56.05569839477539
2018-05-15,70.04000091552734,55.76113510131836
2018-05-16,70.05999755859375,55.77705001831055
2018-05-17,69.80000305175781,55.5700569152832
2018-05-18,69.33999633789062,55.203834533691406
2018-05-21,69.77999877929688,55.55413818359375
2018-05-22,70.0999984741211,55.80889892578125
2018-05-23,69.31999969482422,55.18790817260742
2018-05-24,68.83999633789062,54.8057746887207
2018-05-25,68.44999694824219,54.49528503417969
2018-05-29,66.1500015258789,52.66417694091797
2018-05-30,67.26000213623047,53.54788589477539
2018-05-31,66.77999877929688,53.165740966796875
2018-06-01,67.4000015258789,53.65935134887695
2018-06-04,67.79000091552734,53.9698371887207
2018-06-05,67.37999725341797,53.64341354370117
2018-06-06,68.2300033569336,54.320133209228516
2018-06-07,68.20999908447266,54.304203033447266
2018-06-08,68.29000091552734,54.3679084777832
2018-06-11,68.48999786376953,54.527130126953125
2018-06-12,68.11000061035156,54.2245979309082
2018-06-13,67.94999694824219,54.09720993041992
2018-06-14,67.31999969482422,53.59564208984375
2018-06-15,66.95999908447266,53.30903625488281
2018-06-18,66.81999969482422,53.19758605957031
2018-06-19,65.48999786376953,53.04854965209961
2018-06-20,65.52999877929688,53.0809440612793
2018-06-21,65.08999633789062,52.72452926635742
2018-06-22,65.18000030517578,52.797428131103516
2018-06-25,64.44999694824219,52.20611572265625
2018-06-26,64.37999725341797,52.1494140625
2018-06-27,63.45000076293945,51.396087646484375
2018-06-28,63.88999938964844,51.75251007080078
2018-06-29,64.11000061035156,51.93070602416992
2018-07-02,64.0199966430664,51.85780334472656
2018-07-03,63.91999816894531,51.776798248291016
2018-07-05,64.33000183105469,52.10891342163086
2018-07-06,64.70999908447266,52.416725158691406
2018-07-09,65.62999725341797,53.161949157714844
2018-07-10,65.47000122070312,53.032344818115234
2018-07-11,64.69000244140625,52.4005241394043
2018-07-12,65.05999755859375,52.70022964477539
2018-07-13,64.91000366210938,52.57872772216797
2018-07-16,65.47000122070312,53.032344818115234
2018-07-17,65.61000061035156,53.14574432373047
2018-07-18,66.04000091552734,53.494056701660156
2018-07-19,65.36000061035156,52.943233489990234
2018-07-20,65.75,53.2591438293457
2018-07-23,66.36000061035156,53.753257751464844
2018-07-24,66.83999633789062,54.14207077026367
2018-07-25,67.18000030517578,54.41748046875
2018-07-26,66.83999633789062,54.14207077026367
2018-07-27,67.05000305175781,54.31217956542969
2018-07-30,67.13999938964844,54.38507843017578
2018-07-31,67.08000183105469,54.33647918701172
2018-08-01,66.93000030517578,54.2149772644043
2018-08-02,66.47000122070312,53.84237289428711
2018-08-03,66.70999908447266,54.036773681640625
2018-08-06,66.69999694824219,54.0286750793457
2018-08-07,67.08999633789062,54.34457778930664
2018-08-08,67.2699966430664,54.490379333496094
2018-08-09,66.94000244140625,54.22307586669922
2018-08-10,65.76000213623047,53.267250061035156
2018-08-13,65.33000183105469,52.918941497802734
2018-08-14,65.7699966430664,53.27534484863281
2018-08-15,65.08000183105469,52.7164306640625
2018-08-16,65.55999755859375,53.1052360534668
2018-08-17,65.87999725341797,53.36444854736328
2018-08-20,65.98999786376953,53.45355987548828
2018-08-21,66.5199966430664,53.88286590576172
2018-08-22,66.58000183105469,53.931461334228516
2018-08-23,65.9000015258789,53.380645751953125
2018-08-24,66.0999984741211,53.54265594482422
2018-08-27,67.12000274658203,54.36887741088867
2018-08-28,66.98999786376953,54.26357650756836
2018-08-29,67.16000366210938,54.40128707885742
2018-08-30,66.4800033569336,53.85047149658203
2018-08-31,66.2300033569336,53.6479606628418
2018-09-04,66.22000122070312,53.639862060546875
2018-09-05,66.25,53.66416549682617
2018-09-06,65.81999969482422,53.31584548950195
2018-09-07,65.47000122070312,53.032344818115234
2018-09-10,65.61000061035156,53.14574432373047
2018-09-11,65.4800033569336,53.040443420410156
2018-09-12,65.29000091552734,52.886539459228516
2018-09-13,65.4800033569336,53.040443420410156
2018-09-14,65.7300033569336,53.24295425415039
2018-09-17,65.94999694824219,53.421146392822266
2018-09-18,66.30999755859375,53.712764739990234
2018-09-19,67.16000366210938,54.40128707885742
2018-09-20,67.97000122070312,55.057395935058594
2018-09-21,67.95999908447266,55.04930114746094
2018-09-24,67.44000244140625,54.628089904785156
2018-09-25,67.45999908447266,54.644287109375
2018-09-26,67.05000305175781,54.31217956542969
2018-09-27,66.7300033569336,54.052974700927734
2018-09-28,65.8499984741211,53.340152740478516
2018-10-01,65.91000366210938,53.38875961303711
2018-10-02,65.66999816894531,53.19434356689453
2018-10-03,65.81999969482422,53.31584548950195
2018-10-04,66.11000061035156,53.550758361816406
2018-10-05,65.86000061035156,53.34825134277344
2018-10-08,65.72000122070312,53.23484420776367
2018-10-09,65.76000213623047,53.267250061035156
2018-10-10,64.08999633789062,51.91450881958008
2018-10-11,62.7599983215332,50.83717346191406
2018-10-12,62.86000061035156,50.91817855834961
2018-10-15,62.650001525878906,50.74807357788086
2018-10-16,63.52000045776367,51.45278549194336
2018-10-17,63.709999084472656,51.60669708251953
2018-10-18,62.5,50.626564025878906
2018-10-19,62.9900016784668,51.02348327636719
2018-10-22,62.2599983215332,50.43216323852539
2018-10-23,61.619998931884766,49.91374969482422
2018-10-24,59.970001220703125,48.577205657958984
2018-10-25,60.70000076293945,49.16852569580078
2018-10-26,60.11000061035156,48.690608978271484
2018-10-29,60.25,48.80400848388672
2018-10-30,61.2400016784668,49.60593032836914
2018-10-31,62.060001373291016,50.2701530456543
2018-11-01,62.54999923706055,50.66706466674805
2018-11-02,62.70000076293945,50.78857421875
2018-11-05,63.15999984741211,51.16118621826172
2018-11-06,63.2400016784668,51.225982666015625
2018-11-07,64.22000122070312,52.019805908203125
2018-11-08,64.11000061035156,51.93070602416992
2018-11-09,63.779998779296875,51.66339874267578
2018-11-12,62.40999984741211,50.55366897583008
2018-11-13,62.970001220703125,51.007286071777344
2018-11-14,62.56999969482422,50.68326950073242
2018-11-15,62.880001068115234,50.93437957763672
2018-11-16,63.06999969482422,51.08828353881836
2018-11-19,62.7599983215332,50.83717346191406
2018-11-20,61.38999938964844,49.72743225097656
2018-11-21,61.959999084472656,50.18915557861328
2018-11-23,61.43000030517578,49.75983810424805
2018-11-26,62.63999938964844,50.73997497558594
2018-11-27,62.58000183105469,50.69136428833008
2018-11-28,63.72999954223633,51.622894287109375
2018-11-29,63.220001220703125,51.209781646728516
2018-11-30,63.20000076293945,51.19358825683594
2018-12-03,63.720001220703125,51.61479568481445
2018-12-04,61.59000015258789,49.889442443847656
2018-12-06,60.45000076293945,48.96602249145508
2018-12-07,59.540000915527344,48.228885650634766
2018-12-10,58.86000061035156,47.678077697753906
2018-12-11,58.459999084472656,47.35406494140625
2018-12-12,59.15999984741211,47.92108917236328
2018-12-13,58.86000061035156,47.678077697753906
2018-12-14,58.34000015258789,47.25685501098633
2018-12-17,57.66999816894531,46.71414566040039
2018-12-18,56.970001220703125,46.663360595703125
2018-12-19,56.40999984741211,46.20466995239258
2018-12-20,55.91999816894531,45.803314208984375
2018-12-21,54.959999084472656,45.016998291015625
2018-12-24,54.20000076293945,44.39448928833008
2018-12-26,55.900001525878906,45.78693771362305
2018-12-27,56.15999984741211,45.999900817871094
2018-12-28,56.47999954223633,46.26200866699219
2018-12-31,56.869998931884766,46.581451416015625
2019-01-02,56.9900016784668,46.67974090576172
2019-01-03,56.34000015258789,46.1473388671875
2019-01-04,58.13999938964844,47.621681213378906
2019-01-07,58.25,47.7117919921875
2019-01-08,58.380001068115234,47.81827163696289
2019-01-09,58.900001525878906,48.244205474853516
2019-01-10,59.119998931884766,48.424400329589844
2019-01-11,59.189998626708984,48.48173522949219
2019-01-14,59.36000061035156,48.62097930908203
2019-01-15,59.59000015258789,48.80936813354492
2019-01-16,60.56999969482422,49.61207580566406
2019-01-17,60.77000045776367,49.7758903503418
2019-01-18,61.66999816894531,50.5130729675293
2019-01-22,60.81999969482422,49.81684494018555
2019-01-23,61.060001373291016,50.013427734375
2019-01-24,61.20000076293945,50.12810134887695
2019-01-25,61.91999816894531,50.717838287353516
2019-01-28,61.5,50.37382125854492
2019-01-29,61.459999084472656,50.341068267822266
2019-01-30,61.900001525878906,50.70146179199219
2019-01-31,61.709999084472656,50.545833587646484
2019-02-01,61.63999938964844,50.488494873046875
2019-02-04,61.84000015258789,50.652313232421875
2019-02-05,62.09000015258789,50.857086181640625
2019-02-06,61.83000183105469,50.64411926269531
2019-02-07,61.18000030517578,50.11170959472656
2019-02-08,60.88999938964844,49.87417984008789
2019-02-11,60.95000076293945,49.92332077026367
2019-02-12,61.72999954223633,50.562217712402344
2019-02-13,61.83000183105469,50.64411926269531
2019-02-14,61.349998474121094,50.25096130371094
2019-02-15,62.41999816894531,51.127384185791016
2019-02-19,62.66999816894531,51.3321533203125
2019-02-20,62.959999084472656,51.5697021484375
2019-02-21,62.650001525878906,51.315773010253906
2019-02-22,62.7400016784668,51.38949203491211
2019-02-25,63.040000915527344,51.635215759277344
2019-02-26,63.09000015258789,51.676177978515625
2019-02-27,63.279998779296875,51.83180236816406
2019-02-28,63.2599983215332,51.81541061401367
2019-03-01,63.470001220703125,51.9874267578125
2019-03-04,63.09000015258789,51.676177978515625
2019-03-05,63.02000045776367,51.618839263916016
2019-03-06,62.63999938964844,51.307579040527344
2019-03-07,61.779998779296875,50.603172302246094
2019-03-08,61.54999923706055,50.41477966308594
2019-03-11,62.41999816894531,51.127384185791016
2019-03-12,62.529998779296875,51.21748352050781
2019-03-13,62.9900016784668,51.59426498413086
2019-03-14,63.060001373291016,51.6515998840332
2019-03-15,63.540000915527344,52.04475784301758
2019-03-18,64.13999938964844,52.53620910644531
2019-03-19,63.84000015258789,52.290489196777344
2019-03-20,62.939998626708984,51.55331039428711
2019-03-21,62.630001068115234,51.29938507080078
2019-03-22,60.95000076293945,49.92332077026367
2019-03-25,61.0,49.96427917480469
2019-03-26,61.279998779296875,50.19362258911133
2019-03-27,61.13999938964844,50.078948974609375
2019-03-28,61.43000030517578,50.316490173339844
2019-03-29,61.5,50.37382125854492
2019-04-01,62.86000061035156,51.4877815246582
2019-04-02,62.9900016784668,51.59426498413086
2019-04-03,63.36000061035156,51.89732360839844
2019-04-04,63.599998474121094,52.093894958496094
2019-04-05,63.70000076293945,52.175819396972656
2019-04-08,63.75,52.216766357421875
2019-04-09,63.220001220703125,51.78264617919922
2019-04-10,63.380001068115234,51.91370391845703
2019-04-11,63.66999816894531,52.1512336730957
2019-04-12,64.63999938964844,52.94575500488281
2019-04-15,64.56999969482422,52.8884162902832
2019-04-16,65.20999908447266,53.41262435913086
2019-04-17,65.55999755859375,53.699302673339844
2019-04-18,65.30999755859375,53.49454116821289
2019-04-22,65.12999725341797,53.347103118896484
2019-04-23,65.43000030517578,53.592830657958984
2019-04-24,65.02999877929688,53.265193939208984
2019-04-25,65.02999877929688,53.265193939208984
2019-04-26,65.52999877929688,53.67474365234375
2019-04-29,66.02999877929688,54.08427810668945
2019-04-30,66.04000091552734,54.09247589111328
2019-05-01,65.63999938964844,53.764835357666016
2019-05-02,65.69999694824219,53.81398010253906
2019-05-03,66.25,54.26447677612305
2019-05-06,65.61000061035156,53.74026870727539
2019-05-07,64.45999908447266,52.79832458496094
2019-05-08,64.4000015258789,52.74917984008789
2019-05-09,63.90999984741211,52.34782409667969
2019-05-10,64.33999633789062,52.70002746582031
2019-05-13,62.560001373291016,51.2420539855957
2019-05-14,63.099998474121094,51.68436050415039
2019-05-15,62.970001220703125,51.577880859375
2019-05-16,63.41999816894531,51.94647216796875
2019-05-17,62.91999816894531,51.536922454833984
2019-05-20,63.04999923706055,51.64340591430664
2019-05-21,63.56999969482422,52.069339752197266
2019-05-22,63.130001068115234,51.70893478393555
2019-05-23,62.33000183105469,51.05366516113281
2019-05-24,62.880001068115234,51.50416564941406
2019-05-28,62.36000061035156,51.0782356262207
2019-05-29,62.220001220703125,50.963558197021484
2019-05-30,62.220001220703125,50.963558197021484
2019-05-31,61.470001220703125,50.3492546081543
2019-06-03,61.790000915527344,50.611358642578125
2019-06-04,63.119998931884766,51.700740814208984
2019-06-05,63.16999816894531,51.74169921875
2019-06-06,63.310001373291016,51.85637283325195
2019-06-07,63.54999923706055,52.05295181274414
2019-06-10,63.970001220703125,52.396968841552734
2019-06-11,64.1500015258789,52.544403076171875
2019-06-12,63.369998931884766,51.905513763427734
2019-06-13,63.54999923706055,52.05295181274414
2019-06-14,63.400001525878906,51.930091857910156
2019-06-17,61.9900016784668,51.7148551940918
2019-06-18,62.91999816894531,52.490699768066406
2019-06-19,63.20000076293945,52.72428512573242
2019-06-20,63.5099983215332,52.982906341552734
2019-06-21,63.310001373291016,52.81605911254883
2019-06-24,63.31999969482422,52.82439422607422
2019-06-25,62.90999984741211,52.48234939575195
2019-06-26,63.119998931884766,52.65755081176758
2019-06-27,63.529998779296875,52.99958419799805
2019-06-28,64.08999633789062,53.466766357421875
2019-07-01,64.61000061035156,53.90058517456055
2019-07-02,64.58000183105469,53.87554931640625
2019-07-03,64.94000244140625,54.175872802734375
2019-07-05,65.06999969482422,54.28432083129883
2019-07-08,64.76000213623047,54.02571487426758
2019-07-09,64.63999938964844,53.92559814453125
2019-07-10,64.6500015258789,53.93394470214844
2019-07-11,64.83999633789062,54.092445373535156
2019-07-12,65.02999877929688,54.25096130371094
2019-07-15,64.83000183105469,54.08411407470703
2019-07-16,64.77999877929688,54.042396545410156
2019-07-17,64.27999877929688,53.62527084350586
2019-07-18,64.69999694824219,53.975650787353516
2019-07-19,64.41999816894531,53.7420654296875
2019-07-22,64.44999694824219,53.767093658447266
2019-07-23,65.08000183105469,54.29266357421875
2019-07-24,65.29000091552734,54.467857360839844
2019-07-25,64.7300033569336,54.00067901611328
2019-07-26,65.05000305175781,54.26765441894531
2019-07-29,64.7699966430664,54.0340461730957
2019-07-30,64.1500015258789,53.516822814941406
2019-07-31,63.84000015258789,53.25820541381836
2019-08-01,62.779998779296875,52.373905181884766
2019-08-02,62.5099983215332,52.148658752441406
2019-08-05,60.689998626708984,50.63032913208008
2019-08-06,61.349998474121094,51.180938720703125
2019-08-07,60.9900016784668,50.8806037902832
2019-08-08,61.68000030517578,51.45623779296875
2019-08-09,61.29999923706055,51.13922119140625
2019-08-12,60.29999923706055,50.30498504638672
2019-08-13,60.95000076293945,50.84723663330078
2019-08-14,58.95000076293945,49.17875289916992
2019-08-15,59.15999984741211,49.353939056396484
2019-08-16,60.150001525878906,50.17984390258789
2019-08-19,60.56999969482422,50.53022766113281
2019-08-20,59.959999084472656,50.02133560180664
2019-08-21,60.27000045776367,50.27994918823242
2019-08-22,60.4900016784668,50.46348571777344
2019-08-23,59.189998626708984,49.37896728515625
2019-08-26,59.7599983215332,49.85448455810547
2019-08-27,59.47999954223633,49.62090301513672
2019-08-28,59.689998626708984,49.79609298706055
2019-08-29,60.41999816894531,50.405094146728516
2019-08-30,60.70000076293945,50.63867950439453
2019-09-03,60.099998474121094,50.13813018798828
2019-09-04,60.970001220703125,50.86392593383789
2019-09-05,61.9900016784668,51.7148551940918
2019-09-06,62.220001220703125,51.90672302246094
2019-09-09,63.040000915527344,52.5908088684082
2019-09-10,63.439998626708984,52.92450714111328
2019-09-11,64.0,53.39168930053711
2019-09-12,64.27999877929688,53.62527084350586
2019-09-13,64.87000274658203,54.11747741699219
2019-09-16,64.4000015258789,53.72538757324219
2019-09-17,64.44000244140625,53.75875473022461
2019-09-18,64.38999938964844,53.717044830322266
2019-09-19,64.33000183105469,53.666996002197266
2019-09-20,64.16000366210938,53.52516555786133
2019-09-23,64.11000061035156,53.48345947265625
2019-09-24,63.65999984741211,53.1080436706543
2019-09-25,63.93000030517578,53.333290100097656
2019-09-26,63.849998474121094,53.26654815673828
2019-09-27,63.900001525878906,53.30826187133789
2019-09-30,64.05000305175781,53.43339538574219
2019-10-01,62.939998626708984,52.50738525390625
2019-10-02,61.630001068115234,51.414527893066406
2019-10-03,61.86000061035156,51.606407165527344
2019-10-04,62.52000045776367,52.15700149536133
2019-10-07,62.380001068115234,52.04021453857422
2019-10-08,61.38999938964844,51.21430206298828
2019-10-09,61.88999938964844,51.631431579589844
2019-10-10,62.560001373291016,52.190372467041016
2019-10-11,63.79999923706055,53.22483825683594
2019-10-14,63.619998931884766,53.07467269897461
2019-10-15,64.54000091552734,53.84217834472656
2019-10-16,64.54000091552734,53.84217834472656
2019-10-17,64.76000213623047,54.02571487426758
2019-10-18,64.88999938964844,54.13416290283203
2019-10-21,65.61000061035156,54.73482131958008
2019-10-22,65.55000305175781,54.68476104736328
2019-10-23,65.7300033569336,54.83494186401367
2019-10-24,65.80000305175781,54.893333435058594
2019-10-25,65.9800033569336,55.043495178222656
2019-10-28,66.27999877929688,55.29376983642578
2019-10-29,66.27999877929688,55.29376983642578
2019-10-30,66.1500015258789,55.18531036376953
2019-10-31,65.7699966430664,54.868289947509766
2019-11-01,66.45999908447266,55.44392776489258
2019-11-04,67.02999877929688,55.91945266723633
2019-11-05,67.2699966430664,56.11967086791992
2019-11-06,67.41999816894531,56.24480056762695
2019-11-07,67.91000366210938,56.65359878540039
2019-11-08,67.72000122070312,56.49507522583008
2019-11-11,67.5999984741211,56.39496994018555
2019-11-12,67.4800033569336,56.29486083984375
2019-11-13,67.01000213623047,55.902774810791016
2019-11-14,66.87000274658203,55.78596496582031
2019-11-15,67.30000305175781,56.14470291137695
2019-11-18,67.06999969482422,55.952823638916016
2019-11-19,67.33000183105469,56.16972732543945
2019-11-20,66.94999694824219,55.85271072387695
2019-11-21,66.80999755859375,55.73590850830078
2019-11-22,67.13999938964844,56.01121139526367
2019-11-25,67.55000305175781,56.35326385498047
2019-11-26,67.4800033569336,56.29486083984375
2019-11-27,67.68000030517578,56.46171188354492
2019-11-29,67.27999877929688,56.12800216674805
2019-12-02,67.02999877929688,55.91945266723633
2019-12-03,66.33000183105469,55.335479736328125
2019-12-04,67.01000213623047,55.902774810791016
2019-12-05,67.02999877929688,55.91945266723633
2019-12-06,67.66999816894531,56.453365325927734
2019-12-09,67.62000274658203,56.411659240722656
2019-12-10,67.47000122070312,56.28652572631836
2019-12-11,67.66999816894531,56.453365325927734
2019-12-12,68.7300033569336,57.337677001953125
2019-12-13,69.02999877929688,57.58793640136719
2019-12-16,68.66999816894531,57.97544479370117
2019-12-17,68.91000366210938,58.17808532714844
2019-12-18,68.66000366210938,57.96702194213867
2019-12-19,68.54000091552734,57.86570739746094
2019-12-20,68.5999984741211,57.91635513305664
2019-12-23,68.47000122070312,57.80660629272461
2019-12-24,68.4000015258789,57.74750518798828
2019-12-26,68.8499984741211,58.127418518066406
2019-12-27,68.86000061035156,58.13587188720703
2019-12-30,68.62000274658203,57.933250427246094
2019-12-31,68.75,58.043006896972656
2020-01-02,69.56999969482422,58.735286712646484
2020-01-03,68.88999938964844,58.16118621826172
2020-01-06,68.73999786376953,58.0345344543457
2020-01-07,68.44000244140625,57.781272888183594
2020-01-08,68.69999694824219,58.00077819824219
2020-01-09,69.11000061035156,58.346927642822266
2020-01-10,68.66000366210938,57.96702194213867
2020-01-13,69.0199966430664,58.270938873291016
2020-01-14,68.7699966430664,58.05988693237305
2020-01-15,68.47000122070312,57.80660629272461
2020-01-16,68.88999938964844,58.16118621826172
2020-01-17,69.11000061035156,58.346927642822266
2020-01-21,68.37000274658203,57.72218704223633
2020-01-22,68.56999969482422,57.89103317260742
2020-01-23,68.55000305175781,57.8741455078125
2020-01-24,67.80000305175781,57.24094772338867
2020-01-27,66.51000213623047,56.151851654052734
2020-01-28,67.27999877929688,56.80192947387695
2020-01-29,67.18000030517578,56.71751022338867
2020-01-30,67.5999984741211,57.07209396362305
2020-01-31,66.2699966430664,55.94922637939453
2020-02-03,66.5199966430664,56.1602897644043
2020-02-04,67.41000366210938,56.91169357299805
2020-02-05,68.37999725341797,57.73062515258789
2020-02-06,68.58000183105469,57.89946746826172
2020-02-07,68.43000030517578,57.7728385925293
2020-02-10,68.5,57.83192825317383
2020-02-11,69.04000091552734,58.28782653808594
2020-02-12,69.2300033569336,58.448246002197266
2020-02-13,69.0999984741211,58.3384895324707
2020-02-14,69.1500015258789,58.38070297241211
2020-02-18,68.62000274658203,57.933250427246094
2020-02-19,68.91000366210938,58.17808532714844
2020-02-20,68.58000183105469,57.89946746826172
2020-02-21,68.13999938964844,57.52798843383789
2020-02-24,65.83999633789062,55.58619689941406
2020-02-25,64.04000091552734,54.066524505615234
2020-02-26,63.91999816894531,53.965213775634766
2020-02-27,61.41999816894531,51.854557037353516
2020-02-28,60.22999954223633,50.849884033203125
2020-03-02,62.04999923706055,52.38644027709961
2020-03-03,60.27000045776367,50.88365173339844
2020-03-04,61.91999816894531,52.27668762207031
2020-03-05,59.540000915527344,50.26735305786133
2020-03-06,57.90999984741211,48.89120101928711
2020-03-09,51.91999816894531,43.83406066894531
2020-03-10,54.709999084472656,46.1895637512207
2020-03-11,51.93000030517578,43.84251022338867
2020-03-12,45.970001220703125,38.81071472167969
2020-03-13,50.689998626708984,42.79562759399414
2020-03-16,44.0,37.14752197265625
2020-03-17,46.060001373291016,38.88669204711914
2020-03-18,42.709999084472656,36.05841827392578
2020-03-19,43.130001068115234,36.41301727294922
2020-03-20,42.38999938964844,35.78825378417969
2020-03-23,40.5099983215332,34.2010383605957
2020-03-24,45.06999969482422,38.050880432128906
2020-03-25,46.27000045776367,39.06399154663086
2020-03-26,49.349998474121094,41.6643180847168
2020-03-27,47.25,39.89137649536133
2020-03-30,48.060001373291016,40.575225830078125
2020-03-31,47.20000076293945,39.84915542602539
2020-04-01,44.47999954223633,37.552764892578125
2020-04-02,45.34000015258789,38.278831481933594
2020-04-03,44.33000183105469,37.426124572753906
2020-04-06,47.220001220703125,39.86604309082031
2020-04-07,47.63999938964844,40.22063064575195
2020-04-08,48.939998626708984,41.318172454833984
2020-04-09,50.66999816894531,42.77873611450195
2020-04-13,49.56999969482422,41.85005187988281
2020-04-14,49.90999984741211,42.13710403442383
2020-04-15,47.65999984741211,40.237518310546875
2020-04-16,46.90999984741211,39.60432434082031
2020-04-17,48.90999984741211,41.2928352355957
2020-04-20,48.02000045776367,40.54145431518555
2020-04-21,46.650001525878906,39.38481140136719
2020-04-22,47.279998779296875,39.91669845581055
2020-04-23,47.189998626708984,39.84070587158203
2020-04-24,47.58000183105469,40.16997528076172
2020-04-27,49.0099983215332,41.37726974487305
2020-04-28,49.84000015258789,42.078006744384766
2020-04-29,51.56999969482422,43.53858184814453
2020-04-30,50.04999923706055,42.25529861450195
2020-05-01,48.560001373291016,40.997352600097656
2020-05-04,48.349998474121094,40.8200569152832
2020-05-05,48.2400016784668,40.72718811035156
2020-05-06,47.560001373291016,40.15309143066406
2020-05-07,48.27000045776367,40.75251770019531
2020-05-08,49.13999938964844,41.48701858520508
2020-05-11,48.56999969482422,41.005794525146484
2020-05-12,47.5,40.10243606567383
2020-05-13,46.27000045776367,39.06399154663086
2020-05-14,46.79999923706055,39.511451721191406
2020-05-15,46.529998779296875,39.283504486083984
2020-05-18,48.84000015258789,41.23374557495117
2020-05-19,47.91999816894531,40.457027435302734
2020-05-20,48.90999984741211,41.2928352355957
2020-05-21,48.459999084472656,40.91292953491211
2020-05-22,48.130001068115234,40.63432312011719
2020-05-26,50.459999084472656,42.60144805908203
2020-05-27,52.4900016784668,44.3153076171875
2020-05-28,52.040000915527344,43.935386657714844
2020-05-29,51.349998474121094,43.352840423583984
2020-06-01,52.36000061035156,44.20554733276367
2020-06-02,53.130001068115234,44.85562515258789
2020-06-03,55.36000061035156,46.73833465576172
2020-06-04,55.7400016784668,47.05915069580078
2020-06-05,57.900001525878906,48.88275146484375
2020-06-08,59.150001525878906,49.938087463378906
2020-06-09,57.959999084472656,48.93341064453125
2020-06-10,56.560001373291016,47.751441955566406
2020-06-11,52.279998779296875,44.138004302978516
2020-06-12,53.66999816894531,45.311527252197266
2020-06-15,53.209999084472656,45.58912658691406
2020-06-16,53.93000030517578,46.20600891113281
2020-06-17,53.5,45.837589263916016
2020-06-18,53.310001373291016,45.674808502197266
2020-06-19,52.849998474121094,45.28068542480469
2020-06-22,53.04999923706055,45.45203399658203
2020-06-23,53.38999938964844,45.74333953857422
2020-06-24,51.72999954223633,44.32109451293945
2020-06-25,52.88999938964844,45.314964294433594
2020-06-26,51.15999984741211,43.832733154296875
2020-06-29,51.75,44.338226318359375
2020-06-30,52.189998626708984,44.715213775634766
2020-07-01,51.970001220703125,44.5267219543457
2020-07-02,52.61000061035156,45.07505798339844
2020-07-06,53.86000061035156,46.146034240722656
2020-07-07,52.75,45.195003509521484
2020-07-08,53.2599983215332,45.631961822509766
2020-07-09,52.290000915527344,44.80088806152344
2020-07-10,53.439998626708984,45.78618621826172
2020-07-13,53.40999984741211,45.76048278808594
2020-07-14,54.029998779296875,46.29167938232422
2020-07-15,54.66999816894531,46.840023040771484
2020-07-16,54.61000061035156,46.78861618041992
2020-07-17,54.31999969482422,46.54014587402344
2020-07-20,54.310001373291016,46.531585693359375
2020-07-21,55.0,47.12275314331055
2020-07-22,55.029998779296875,47.148460388183594
2020-07-23,54.70000076293945,46.86573028564453
2020-07-24,54.41999816894531,46.625823974609375
2020-07-27,54.380001068115234,46.591552734375
2020-07-28,54.16999816894531,46.411624908447266
2020-07-29,54.97999954223633,47.105621337890625
2020-07-30,53.88999938964844,46.171730041503906
2020-07-31,53.349998474121094,45.709075927734375
2020-08-03,53.7400016784668,46.043209075927734
2020-08-04,53.81999969482422,46.11176300048828
2020-08-05,54.33000183105469,46.54871368408203
2020-08-06,54.34000015258789,46.55728530883789
2020-08-07,54.7599983215332,46.9171257019043
2020-08-10,55.22999954223633,47.3198127746582
2020-08-11,55.95000076293945,47.93669891357422
2020-08-12,56.5,48.407920837402344
2020-08-13,55.90999984741211,47.902427673339844
2020-08-14,55.880001068115234,47.87671661376953
2020-08-17,55.540000915527344,47.58541488647461
2020-08-18,55.20000076293945,47.29411315917969
2020-08-19,55.189998626708984,47.28554153442383
2020-08-20,54.7599983215332,46.9171257019043
2020-08-21,54.5,46.694366455078125
2020-08-24,55.5099983215332,47.55971145629883
2020-08-25,55.84000015258789,47.84244918823242
2020-08-26,55.93000030517578,47.919559478759766
2020-08-27,56.0099983215332,47.98809814453125
2020-08-28,56.709999084472656,48.587852478027344
2020-08-31,55.939998626708984,47.92812728881836
2020-09-01,55.86000061035156,47.85958480834961
2020-09-02,56.41999816894531,48.33938217163086
2020-09-03,55.4900016784668,47.542579650878906
2020-09-04,55.900001525878906,47.89385986328125
2020-09-08,54.779998779296875,46.934261322021484
2020-09-09,55.400001525878906,47.4654655456543
2020-09-10,54.630001068115234,46.805755615234375
2020-09-11,54.970001220703125,47.09705352783203
2020-09-14,55.41999816894531,47.482601165771484
2020-09-15,55.060001373291016,47.17416763305664
2020-09-16,55.34000015258789,47.4140625
2020-09-17,54.91999816894531,47.05421829223633
2020-09-18,54.56999969482422,46.75434494018555
2020-09-21,53.04999923706055,45.45203399658203
2020-09-22,52.65999984741211,45.117897033691406
2020-09-23,51.70000076293945,44.29539489746094
2020-09-24,51.709999084472656,44.303951263427734
2020-09-25,52.119998931884766,44.655235290527344
2020-09-28,53.279998779296875,45.64908981323242
2020-09-29,52.58000183105469,45.04936218261719
2020-09-30,52.9900016784668,45.400634765625
2020-10-01,53.13999938964844,45.52914810180664
2020-10-02,53.38999938964844,45.74333953857422
2020-10-05,54.400001525878906,46.60868453979492
2020-10-06,54.06999969482422,46.325950622558594
2020-10-07,54.7599983215332,46.9171257019043
2020-10-08,55.369998931884766,47.43976593017578
2020-10-09,55.38999938964844,47.4568977355957
2020-10-12,55.95000076293945,47.93669891357422
2020-10-13,55.0,47.12275314331055
2020-10-14,54.5,46.694366455078125
2020-10-15,54.47999954223633,46.67723083496094
2020-10-16,54.7400016784668,46.89999771118164
2020-10-19,54.36000061035156,46.57441329956055
2020-10-20,54.70000076293945,46.86573028564453
2020-10-21,54.58000183105469,46.76291275024414
2020-10-22,55.369998931884766,47.43976593017578
2020-10-23,55.709999084472656,47.7310676574707
2020-10-26,54.709999084472656,46.874290466308594
2020-10-27,53.75,46.051780700683594
2020-10-28,52.18000030517578,44.70664596557617
2020-10-29,52.439998626708984,44.929405212402344
2020-10-30,52.470001220703125,44.95512008666992
2020-11-02,53.36000061035156,45.7176399230957
2020-11-03,54.90999984741211,47.04564666748047
2020-11-04,54.529998779296875,46.720069885253906
2020-11-05,55.869998931884766,47.86815643310547
2020-11-06,55.599998474121094,47.63682556152344
2020-11-09,59.41999816894531,50.90970993041992
2020-11-10,60.52000045776367,51.852169036865234
2020-11-11,60.470001220703125,51.809329986572266
2020-11-12,59.27000045776367,50.78119659423828
2020-11-13,60.290000915527344,51.655113220214844
2020-11-16,61.540000915527344,52.7260856628418
2020-11-17,61.939998626708984,53.068790435791016
2020-11-18,61.72999954223633,52.88887023925781
2020-11-19,61.779998779296875,52.93170166015625
2020-11-20,61.52000045776367,52.708946228027344
2020-11-23,62.310001373291016,53.385799407958984
2020-11-24,64.26000213623047,55.056514739990234
2020-11-25,64.05000305175781,54.876590728759766
2020-11-27,63.779998779296875,54.645263671875
2020-11-30,62.36000061035156,53.42863845825195
2020-12-01,63.959999084472656,54.79948425292969
2020-12-02,64.44000244140625,55.21073913574219
2020-12-03,64.41000366210938,55.185035705566406
2020-12-04,65.16999816894531,55.836177825927734
2020-12-07,64.56999969482422,55.322113037109375
2020-12-08,64.4800033569336,55.2450065612793
2020-12-09,64.44999694824219,55.219295501708984
2020-12-10,64.56999969482422,55.322113037109375
2020-12-11,63.72999954223633,54.60242462158203
2020-12-14,62.9900016784668,54.48479080200195
2020-12-15,63.84000015258789,55.22001266479492
2020-12-16,63.97999954223633,55.34111404418945
2020-12-17,64.22000122070312,55.548702239990234
2020-12-18,63.630001068115234,55.03837585449219
2020-12-21,63.45000076293945,54.88267135620117
2020-12-22,63.119998931884766,54.59722900390625
2020-12-23,64.16000366210938,55.4968147277832
2020-12-24,64.36000061035156,55.669803619384766
2020-12-28,64.69999694824219,55.96389389038086
2020-12-29,64.58999633789062,55.868736267089844
2020-12-30,64.83000183105469,56.07633972167969
2020-12-31,65.0999984741211,56.30988693237305
2021-01-04,64.51000213623047,55.79954528808594
2021-01-05,64.93000030517578,56.1628303527832
2021-01-06,67.22000122070312,58.14363098144531
2021-01-07,68.05000305175781,58.8615608215332
2021-01-08,68.11000061035156,58.9134521484375
2021-01-11,67.81999969482422,58.662620544433594
2021-01-12,68.75,59.467041015625
2021-01-13,68.5,59.25080108642578
2021-01-14,68.87999725341797,59.579490661621094
2021-01-15,67.79000091552734,58.63666915893555
2021-01-19,68.02999877929688,58.84426498413086
2021-01-20,68.01000213623047,58.82696533203125
2021-01-21,67.69000244140625,58.550174713134766
2021-01-22,66.8499984741211,57.82359313964844
2021-01-25,66.27999877929688,57.33055114746094
2021-01-26,66.2300033569336,57.287315368652344
2021-01-27,64.41999816894531,55.72169876098633
2021-01-28,65.45999908447266,56.62127685546875
2021-01-29,63.81999969482422,55.20271682739258
2021-02-01,64.56999969482422,55.85144805908203
2021-02-02,65.88999938964844,56.99320983886719
2021-02-03,66.2300033569336,57.287315368652344
2021-02-04,67.16000366210938,58.09174728393555
2021-02-05,67.62000274658203,58.489627838134766
2021-02-08,68.19000244140625,58.982669830322266
2021-02-09,68.3499984741211,59.121063232421875
2021-02-10,68.44000244140625,59.19891357421875
2021-02-11,68.63999938964844,59.371891021728516
2021-02-12,69.08000183105469,59.75249099731445
2021-02-16,70.22000122070312,60.73855209350586
2021-02-17,70.31999969482422,60.825050354003906
2021-02-18,69.94999694824219,60.50501251220703
2021-02-19,70.61000061035156,61.07590103149414
2021-02-22,70.9800033569336,61.39594650268555
2021-02-23,71.66000366210938,61.98412322998047
2021-02-24,72.70999908447266,62.8923454284668
2021-02-25,71.5,61.84571838378906
2021-02-26,70.16000366210938,60.686668395996094
2021-03-01,71.81999969482422,62.12251663208008
2021-03-02,71.81999969482422,62.12251663208008
2021-03-03,72.36000061035156,62.58960723876953
2021-03-04,71.87000274658203,62.165767669677734
2021-03-05,72.87000274658203,63.030757904052734
2021-03-08,73.4800033569336,63.55837631225586
2021-03-09,73.37999725341797,63.47188186645508
2021-03-10,74.18000030517578,64.16385650634766
2021-03-11,74.06999969482422,64.0687026977539
2021-03-12,74.5999984741211,64.52715301513672
2021-03-15,74.33000183105469,64.29360961914062
2021-03-16,73.77999877929688,63.8178596496582
2021-03-17,74.36000061035156,64.3195571899414
2021-03-18,74.29000091552734,64.2590103149414
2021-03-19,73.80000305175781,63.835174560546875
2021-03-22,73.20999908447266,63.324832916259766
2021-03-23,72.16999816894531,62.425262451171875
2021-03-24,72.2300033569336,62.47715759277344
2021-03-25,73.19000244140625,63.30752944946289
2021-03-26,74.08999633789062,64.08600616455078
2021-03-29,73.58000183105469,63.64487838745117
2021-03-30,73.83999633789062,63.86977005004883
2021-03-31,73.38999938964844,63.48054122924805
2021-04-01,74.16999816894531,64.15522003173828
2021-04-05,74.94000244140625,64.82125091552734
2021-04-06,74.66000366210938,64.57905578613281
2021-04-07,74.5999984741211,64.52715301513672
2021-04-08,74.9000015258789,64.78665161132812
2021-04-09,75.16999816894531,65.02017211914062
2021-04-12,75.37999725341797,65.20182800292969
2021-04-13,75.19999694824219,65.046142578125
2021-04-14,75.3499984741211,65.1758804321289
2021-04-15,75.38999938964844,65.21047973632812
2021-04-16,76.0,65.73811340332031
2021-04-19,75.73999786376953,65.51321411132812
2021-04-20,74.41000366210938,64.36280822753906
2021-04-21,75.05999755859375,64.92504119873047
2021-04-22,74.41999816894531,64.37145233154297
2021-04-23,75.48999786376953,65.2969741821289
2021-04-26,75.91999816894531,65.66890716552734
2021-04-27,76.44999694824219,66.12735748291016
2021-04-28,76.87000274658203,66.49064636230469
2021-04-29,77.69000244140625,67.1999282836914
2021-04-30,76.87999725341797,66.4992904663086
2021-05-03,77.27999877929688,66.84528350830078
2021-05-04,77.1500015258789,66.73284149169922
2021-05-05,78.05999755859375,67.51995849609375
2021-05-06,79.1500015258789,68.46278381347656
2021-05-07,79.75,68.98178100585938
2021-05-10,79.5999984741211,68.85202026367188
2021-05-11,78.55000305175781,67.94380187988281
2021-05-12,77.62000274658203,67.13937377929688
2021-05-13,78.77999877929688,68.14273834228516
2021-05-14,80.19999694824219,69.3709945678711
2021-05-17,80.06999969482422,69.2585678100586
2021-05-18,79.69999694824219,68.93852233886719
2021-05-19,78.97000122070312,68.30709075927734
2021-05-20,79.4800033569336,68.74823760986328
2021-05-21,79.73999786376953,68.97310638427734
2021-05-24,80.08000183105469,69.2672119140625
2021-05-25,79.72000122070312,68.95581817626953
2021-05-26,80.08999633789062,69.27586364746094
2021-05-27,80.87999725341797,69.95919036865234
2021-05-28,81.11000061035156,70.15813446044922
2021-06-01,81.29000091552734,70.31383514404297
2021-06-02,81.5,70.49547576904297
2021-06-03,81.37999725341797,70.39168548583984
2021-06-04,81.68000030517578,70.65117645263672
2021-06-07,81.44999694824219,70.45223999023438
2021-06-08,81.1500015258789,70.19274139404297
2021-06-09,80.37000274658203,69.51806640625
2021-06-10,79.5,69.00593566894531
2021-06-11,79.80999755859375,69.27501678466797
2021-06-14,79.25,68.78893280029297
2021-06-15,79.44000244140625,68.95384979248047
2021-06-16,79.36000061035156,68.8844223022461
2021-06-17,77.75,67.4869384765625
2021-06-18,76.0,65.96793365478516
2021-06-21,77.29000091552734,67.08766174316406
2021-06-22,77.23999786376953,67.04425811767578
2021-06-23,77.25,67.05293273925781
2021-06-24,77.9000015258789,67.61713409423828
2021-06-25,78.69000244140625,68.30286407470703
2021-06-28,77.97000122070312,67.67790222167969
2021-06-29,77.75,67.4869384765625
2021-06-30,77.61000061035156,67.36541748046875
2021-07-01,77.97000122070312,67.67790222167969
2021-07-02,78.04000091552734,67.73865509033203
2021-07-06,77.0,66.8359375
2021-07-07,76.98999786376953,66.8272476196289
2021-07-08,75.41000366210938,65.45582580566406
2021-07-09,77.36000061035156,67.1484146118164
2021-07-12,77.87999725341797,67.59979248046875
2021-07-13,77.2300033569336,67.03557586669922
2021-07-14,77.08999633789062,66.91404724121094
2021-07-15,76.93000030517578,66.77517700195312
2021-07-16,76.23999786376953,66.17625427246094
2021-07-19,74.06999969482422,64.29270935058594
2021-07-20,75.29000091552734,65.3516616821289
2021-07-21,76.61000061035156,66.4974136352539
2021-07-22,76.19999694824219,66.14153289794922
2021-07-23,76.25,66.18494415283203
2021-07-26,76.6500015258789,66.53215026855469
2021-07-27,76.56999969482422,66.46269226074219
2021-07-28,76.7300033569336,66.6015853881836
2021-07-29,77.37999725341797,67.16576385498047
2021-07-30,76.83999633789062,66.69705200195312
2021-08-02,76.83000183105469,66.6883773803711
2021-08-03,77.62000274658203,67.37410736083984
2021-08-04,77.30000305175781,67.09635162353516
2021-08-05,78.08999633789062,67.78205108642578
2021-08-06,79.19000244140625,68.73685455322266
2021-08-09,79.38999938964844,68.91045379638672
2021-08-10,79.87999725341797,69.33577728271484
2021-08-11,80.93000030517578,70.24717712402344
2021-08-12,80.8499984741211,70.177734375
2021-08-13,80.56999969482422,69.9346923828125
2021-08-16,80.4000015258789,69.7871322631836
2021-08-17,79.45999908447266,68.97120666503906
2021-08-18,79.05000305175781,68.6153564453125
2021-08-19,78.13999938964844,67.8254623413086
2021-08-20,78.56999969482422,68.19869995117188
2021-08-23,79.33000183105469,68.85838317871094
2021-08-24,79.66000366210938,69.14482879638672
2021-08-25,80.3499984741211,69.74373626708984
2021-08-26,79.81999969482422,69.28369140625
2021-08-27,80.66999816894531,70.02149963378906
2021-08-30,79.69000244140625,69.17084503173828
2021-08-31,79.69000244140625,69.17084503173828
2021-09-01,79.81999969482422,69.28369140625
2021-09-02,80.0,69.43993377685547
2021-09-03,79.83000183105469,69.29237365722656
2021-09-07,79.47000122070312,68.97990417480469
2021-09-08,79.16999816894531,68.719482421875
2021-09-09,79.26000213623047,68.79761505126953
2021-09-10,78.83000183105469,68.42436981201172
2021-09-13,79.61000061035156,69.1014175415039
2021-09-14,78.81999969482422,68.41567993164062
2021-09-15,79.27999877929688,68.81497955322266
2021-09-16,79.20999908447266,68.75421905517578
2021-09-17,78.51000213623047,68.14661407470703
2021-09-20,76.30999755859375,66.23702239990234
2021-09-21,76.4800033569336,66.38458251953125
2021-09-22,77.63999938964844,67.39144134521484
2021-09-23,79.16999816894531,68.719482421875
2021-09-24,79.2699966430664,68.80630493164062
2021-09-27,80.43000030517578,69.81317138671875
2021-09-28,79.08000183105469,68.64137268066406
2021-09-29,79.19000244140625,68.73685455322266
2021-09-30,78.44999694824219,68.09454345703125
2021-10-01,79.31999969482422,68.84970092773438
2021-10-04,78.75,68.35493469238281
2021-10-05,80.12000274658203,69.5440902709961
2021-10-06,80.16000366210938,69.57881927490234
2021-10-07,80.6500015258789,70.00413513183594
2021-10-08,81.11000061035156,70.40341186523438
2021-10-11,80.44999694824219,69.83053588867188
2021-10-12,80.45999908447266,69.8392105102539
2021-10-13,80.19000244140625,69.6048583984375
2021-10-14,81.12000274658203,70.41210174560547
2021-10-15,82.18000030517578,71.3321762084961
2021-10-18,82.12000274658203,71.28009033203125
2021-10-19,82.83999633789062,71.90505981445312
2021-10-20,83.4000015258789,72.39114379882812
2021-10-21,82.94999694824219,72.00053405761719
2021-10-22,83.62999725341797,72.59078979492188
2021-10-25,83.6500015258789,72.60812377929688
2021-10-26,83.75,72.69493865966797
2021-10-27,82.8499984741211,71.91374206542969
2021-10-28,83.52999877929688,72.50396728515625
2021-10-29,83.11000061035156,72.13941955566406
2021-11-01,83.51000213623047,72.4865951538086
2021-11-02,83.25,72.26092529296875
2021-11-03,83.80999755859375,72.74700927734375
2021-11-04,82.76000213623047,71.83561706542969
2021-11-05,83.0199966430664,72.0613021850586
2021-11-08,83.36000061035156,72.35641479492188
2021-11-09,82.83999633789062,71.90505981445312
2021-11-10,82.51000213623047,71.61861419677734
2021-11-11,82.81999969482422,71.8876953125
2021-11-12,83.0199966430664,72.0613021850586
2021-11-15,82.91000366210938,71.96581268310547
2021-11-16,82.73999786376953,71.81824493408203
2021-11-17,82.0199966430664,71.19329833984375
2021-11-18,81.6500015258789,70.87213134765625
2021-11-19,80.4800033569336,69.85658264160156
2021-11-22,81.13999938964844,70.4294662475586
2021-11-23,82.08000183105469,71.24537658691406
2021-11-24,81.88999938964844,71.08045959472656
2021-11-26,79.0199966430664,68.58930206298828
2021-11-29,79.06999969482422,68.63270568847656
2021-11-30,77.6500015258789,67.40013122558594
2021-12-01,77.08999633789062,66.91404724121094
2021-12-02,79.13999938964844,68.69345092773438
2021-12-03,78.2699966430664,67.93830108642578
2021-12-06,79.5,69.00593566894531
2021-12-07,80.72000122070312,70.06489562988281
2021-12-08,80.54000091552734,69.90865325927734
2021-12-09,80.04000091552734,69.47466278076172
2021-12-10,80.30000305175781,69.7003402709961
2021-12-13,78.20999908447266,68.77177429199219
2021-12-14,78.61000061035156,69.12349700927734
2021-12-15,78.7699966430664,69.26419830322266
2021-12-16,79.77999877929688,70.15231323242188
2021-12-17,78.25,68.80694580078125
2021-12-20,77.16999816894531,67.8572769165039
2021-12-21,78.43000030517578,68.96522521972656
2021-12-22,78.97000122070312,69.44005584716797
2021-12-23,79.48999786376953,69.89730072021484
2021-12-27,80.12000274658203,70.45127868652344
2021-12-28,80.27999877929688,70.59196472167969
2021-12-29,80.30000305175781,70.60955810546875
2021-12-30,80.06999969482422,70.43801879882812
2021-12-31,80.05999755859375,70.42921447753906
2022-01-03,80.87999725341797,71.15057373046875
2022-01-04,82.69000244140625,72.74283599853516
2022-01-05,81.81999969482422,71.97750091552734
2022-01-06,82.86000061035156,72.89237976074219
2022-01-07,84.0,73.895263671875
2022-01-10,83.80000305175781,73.71931457519531
2022-01-11,84.70999908447266,74.51983642578125
2022-01-12,85.11000061035156,74.87173461914062
2022-01-13,85.19000244140625,74.94210052490234
2022-01-14,84.81999969482422,74.61662292480469
2022-01-18,83.31999969482422,73.29705047607422
2022-01-19,82.30999755859375,72.40856170654297
2022-01-20,81.8499984741211,72.00389099121094
2022-01-21,80.55000305175781,70.86026000976562
2022-01-24,80.1500015258789,70.50839233398438
2022-01-25,80.62999725341797,70.93064880371094
2022-01-26,80.6500015258789,70.94824981689453
2022-01-27,79.97000122070312,70.35003662109375
2022-01-28,80.5,70.81629180908203
2022-01-31,81.31999969482422,71.53763580322266
2022-02-01,82.61000061035156,72.67247009277344
2022-02-02,83.0999984741211,73.10352325439453
2022-02-03,82.38999938964844,72.47892761230469
2022-02-04,83.20999908447266,73.20028686523438
2022-02-07,83.68000030517578,73.61375427246094
2022-02-08,84.77999877929688,74.5814208984375
2022-02-09,85.55000305175781,75.25880432128906
2022-02-10,84.9000015258789,74.6869888305664
2022-02-11,83.75,73.67533111572266
2022-02-14,83.0199966430664,73.03314971923828
2022-02-15,84.06999969482422,73.95683288574219
2022-02-16,84.1500015258789,74.02720642089844
2022-02-17,82.41999816894531,72.50531005859375
2022-02-18,82.01000213623047,72.14464569091797
2022-02-22,81.37000274658203,71.5816421508789
2022-02-23,80.12999725341797,70.49079132080078
2022-02-24,78.36000061035156,68.9337158203125
2022-02-25,80.63999938964844,70.939453125
2022-02-28,78.80000305175781,69.32078552246094
2022-03-01,76.08000183105469,66.92798614501953
2022-03-02,77.58999633789062,68.25634002685547
2022-03-03,77.11000061035156,67.8340835571289
2022-03-04,75.23999786376953,66.18903350830078
2022-03-07,72.44999694824219,63.73466110229492
2022-03-08,72.77999877929688,64.02496337890625
2022-03-09,75.5,66.41777038574219
2022-03-10,75.02999877929688,66.0042953491211
2022-03-11,74.69000244140625,65.7052001953125
2022-03-14,75.7300033569336,66.6200942993164
2022-03-15,76.5199966430664,67.31507110595703
2022-03-16,79.12999725341797,69.61109161376953
2022-03-17,79.73999786376953,70.14772033691406
2022-03-18,80.22000122070312,70.56996154785156
2022-03-21,79.97000122070312,70.35003662109375
2022-03-22,81.37999725341797,71.59042358398438
2022-03-23,79.87000274658203,70.26206970214844
2022-03-24,80.37000274658203,70.70191955566406
2022-03-25,81.04000091552734,71.29132080078125
2022-03-28,80.87999725341797,71.15057373046875
2022-03-29,81.68000030517578,71.85433959960938
2022-03-30,81.12999725341797,71.37049865722656
2022-03-31,79.44999694824219,69.89258575439453
2022-04-01,79.93000030517578,70.31486511230469
2022-04-04,79.58999633789062,70.0157470703125
2022-04-05,78.86000061035156,69.37358093261719
2022-04-06,78.19999694824219,68.79295349121094
2022-04-07,78.0199966430664,68.63459777832031
2022-04-08,78.62999725341797,69.17122650146484
2022-04-11,78.19000244140625,68.7841796875
2022-04-12,77.41999816894531,68.1067886352539
2022-04-13,77.62999725341797,68.29151916503906
2022-04-14,77.04000091552734,67.77249908447266
2022-04-18,77.19999694824219,67.91326141357422
2022-04-19,77.81999969482422,68.45867156982422
2022-04-20,78.55000305175781,69.10086059570312
2022-04-21,77.68000030517578,68.33551788330078
2022-04-22,75.55000305175781,66.46173858642578
2022-04-25,75.19000244140625,66.14505767822266
2022-04-26,73.12999725341797,64.33284759521484
2022-04-27,73.08000183105469,64.28887939453125
2022-04-28,74.02999877929688,65.12458801269531
2022-04-29,72.30000305175781,63.60270309448242
2022-05-02,72.22000122070312,63.53233337402344
2022-05-03,73.33999633789062,64.51758575439453
2022-05-04,74.9800033569336,65.9603042602539
2022-05-05,72.5199966430664,63.79623794555664
2022-05-06,71.9800033569336,63.32120132446289
2022-05-09,70.2300033569336,61.78170394897461
2022-05-10,70.08999633789062,61.65855026245117
2022-05-11,69.41999816894531,61.06914520263672
2022-05-12,68.98999786376953,60.69087600708008
2022-05-13,70.4000015258789,61.9312629699707
2022-05-16,70.22000122070312,61.77292251586914
2022-05-17,71.9800033569336,63.32120132446289
2022-05-18,70.0999984741211,61.6673469543457
2022-05-19,70.11000061035156,61.6761474609375
2022-05-20,70.2300033569336,61.78170394897461
2022-05-23,72.2300033569336,63.54111099243164
2022-05-24,72.13999938964844,63.461944580078125
2022-05-25,72.47000122070312,63.75225830078125
2022-05-26,73.9000015258789,65.01022338867188
2022-05-27,75.01000213623047,65.98670196533203
2022-05-31,74.63999938964844,65.66120910644531
2022-06-01,73.79000091552734,64.91346740722656
2022-06-02,74.7699966430664,65.77556610107422
2022-06-03,73.72000122070312,64.85189056396484
2022-06-06,74.13999938964844,65.22137451171875
2022-06-07,74.23999786376953,65.309326171875
2022-06-08,72.83999633789062,64.07772827148438
2022-06-09,69.66999816894531,62.61021041870117
2022-06-10,67.4000015258789,60.57023620605469
2022-06-13,65.47000122070312,58.835811614990234
2022-06-14,65.08000183105469,58.48533248901367
2022-06-15,66.36000061035156,59.63562774658203
2022-06-16,64.69000244140625,58.13485336303711
2022-06-17,64.68000030517578,58.12586212158203
2022-06-21,66.19999694824219,59.49184036254883
2022-06-22,65.83000183105469,59.159332275390625
2022-06-23,65.16999816894531,58.56620788574219
2022-06-24,67.16000366210938,60.35456085205078
2022-06-27,67.0,60.21078109741211
2022-06-28,66.5999984741211,59.85130310058594
2022-06-29,66.27999877929688,59.5637321472168
2022-06-30,65.73999786376953,59.07844161987305
2022-07-01,66.26000213623047,59.54575729370117
2022-07-05,65.30999755859375,58.69202423095703
2022-07-06,64.9800033569336,58.39547348022461
2022-07-07,66.12000274658203,59.419952392578125
2022-07-08,66.05999755859375,59.366024017333984
2022-07-11,65.22000122070312,58.61114501953125
2022-07-12,65.11000061035156,58.512290954589844
2022-07-13,64.52999877929688,57.99106216430664
2022-07-14,63.02000045776367,56.63407516479492
2022-07-15,64.43000030517578,57.90119552612305
2022-07-18,64.62000274658203,58.07194519042969
2022-07-19,66.56999969482422,59.82434844970703
2022-07-20,66.43000030517578,59.69853973388672
2022-07-21,66.87000274658203,60.09394073486328
2022-07-22,66.44000244140625,59.707523345947266
2022-07-25,67.11000061035156,60.30962371826172
2022-07-26,66.19999694824219,59.49184036254883
2022-07-27,67.4800033569336,60.64214324951172
2022-07-28,67.7699966430664,60.90274429321289
2022-07-29,68.69999694824219,61.73849868774414
2022-08-01,68.3499984741211,61.423980712890625
2022-08-02,67.45999908447266,60.62416076660156
2022-08-03,68.43000030517578,61.4958610534668
2022-08-04,68.41000366210938,61.4778938293457
2022-08-05,68.66000366210938,61.70256423950195
2022-08-08,68.76000213623047,61.792423248291016
2022-08-09,68.81999969482422,61.846351623535156
2022-08-10,70.41000366210938,63.275238037109375
2022-08-11,70.95999908447266,63.769508361816406
2022-08-12,71.8499984741211,64.56930541992188
2022-08-15,71.4800033569336,64.23681640625
2022-08-16,71.91000366210938,64.62324523925781
2022-08-17,71.36000061035156,64.12896728515625
2022-08-18,71.22000122070312,64.0031509399414
2022-08-19,69.91999816894531,62.83488845825195
2022-08-22,68.55999755859375,61.61268997192383
2022-08-23,68.44000244140625,61.504859924316406
2022-08-24,68.5,61.558773040771484
2022-08-25,69.5,62.45743942260742
2022-08-26,67.75,60.8847770690918
2022-08-29,67.47000122070312,60.633148193359375
2022-08-30,67.08000183105469,60.28266906738281
2022-08-31,66.7300033569336,59.968143463134766
2022-09-01,66.45999908447266,59.725502014160156
2022-09-02,66.33999633789062,59.617645263671875
2022-09-06,65.93000030517578,59.24919891357422
2022-09-07,66.83999633789062,60.06698226928711
2022-09-08,67.81999969482422,60.947689056396484
2022-09-09,68.91999816894531,61.93622589111328
2022-09-12,69.70999908447266,62.646175384521484
2022-09-13,67.33999633789062,60.51631164550781
2022-09-14,67.30000305175781,60.48037338256836
2022-09-15,67.55999755859375,60.714027404785156
2022-09-16,67.05000305175781,60.25570297241211
2022-09-19,67.5999984741211,60.749969482421875
2022-09-20,66.58999633789062,59.84231185913086
2022-09-21,65.44000244140625,58.8088493347168
2022-09-22,64.75,58.18877410888672
2022-09-23,63.150001525878906,56.75090026855469
2022-09-26,62.119998931884766,55.82527542114258
2022-09-27,61.61000061035156,55.36695098876953
2022-09-28,62.619998931884766,56.27460861206055
2022-09-29,61.7400016784668,55.4837760925293
2022-09-30,61.310001373291016,55.097354888916016
2022-10-03,62.810001373291016,56.44535827636719
2022-10-04,65.20999908447266,58.6021614074707
2022-10-05,64.68000030517578,58.12586212158203
2022-10-06,63.54999923706055,57.1103630065918
2022-10-07,62.40999984741211,56.08588790893555
2022-10-10,61.91999816894531,55.64553451538086
2022-10-11,61.029998779296875,54.84572219848633
2022-10-12,60.970001220703125,54.79180908203125
2022-10-13,63.119998931884766,56.72393798828125
2022-10-14,62.099998474121094,55.80730056762695
2022-10-17,63.70000076293945,57.24516677856445
2022-10-18,64.51000213623047,57.97309112548828
2022-10-19,63.630001068115234,57.1822624206543
2022-10-20,63.18000030517578,56.777862548828125
2022-10-21,64.77999877929688,58.21572494506836
2022-10-24,64.9800033569336,58.39547348022461
2022-10-25,65.9000015258789,59.22224044799805
2022-10-26,66.16999816894531,59.464881896972656
2022-10-27,66.25,59.53676986694336
2022-10-28,67.3499984741211,60.525306701660156
2022-10-31,66.97000122070312,60.183815002441406
2022-11-01,67.33999633789062,60.51631164550781
2022-11-02,66.51000213623047,59.77043151855469
2022-11-03,65.93000030517578,59.24919891357422
2022-11-04,67.80999755859375,60.93869400024414
2022-11-07,68.22000122070312,61.30714797973633
2022-11-08,68.75,61.783443450927734
2022-11-09,67.54000091552734,60.69606018066406
2022-11-10,70.77999877929688,63.60774230957031
2022-11-11,71.69000244140625,64.42552947998047
2022-11-14,71.01000213623047,63.81443786621094
2022-11-15,71.37999725341797,64.14694213867188
2022-11-16,71.1500015258789,63.94024658203125
2022-11-17,70.9000015258789,63.715576171875
2022-11-18,71.2300033569336,64.01213836669922
2022-11-21,71.16999816894531,63.95820617675781
2022-11-22,72.05000305175781,64.7490463256836
2022-11-23,72.56999969482422,65.21634674072266
2022-11-25,72.91999816894531,65.53089141845703
2022-11-28,71.7300033569336,64.46147918701172
2022-11-29,72.37999725341797,65.04560852050781
2022-11-30,73.56999969482422,66.11502075195312
2022-12-01,73.43000030517578,65.98921203613281
2022-12-02,73.13999938964844,65.72859191894531
2022-12-05,71.69999694824219,64.43450927734375
2022-12-06,71.16000366210938,63.94923782348633
2022-12-07,71.02999877929688,63.83240509033203
2022-12-08,71.16000366210938,63.94923782348633
2022-12-09,71.05999755859375,63.8593635559082
2022-12-12,71.62000274658203,64.36263275146484
2022-12-13,71.0999984741211,64.86254119873047
2022-12-14,70.44999694824219,64.26956176757812
2022-12-15,68.87999725341797,62.83729934692383
2022-12-16,68.44999694824219,62.44501876831055
2022-12-19,68.52999877929688,62.51800537109375
2022-12-20,69.05000305175781,62.99238586425781
2022-12-21,70.2300033569336,64.0688705444336
2022-12-22,69.61000061035156,63.503265380859375
2022-12-23,70.01000213623047,63.868167877197266
2022-12-27,70.18000030517578,64.02325439453125
2022-12-28,69.75,63.630977630615234
2022-12-29,70.58999633789062,64.39727783203125
2022-12-30,70.27999877929688,64.11448669433594
2023-01-03,70.61000061035156,64.41553497314453
2023-01-04,72.16000366210938,65.82955932617188
2023-01-05,71.5,65.22744750976562
2023-01-06,73.04000091552734,66.63236236572266
2023-01-09,73.20999908447266,66.78742980957031
2023-01-10,73.5199966430664,67.07024383544922
2023-01-11,73.87000274658203,67.3895492553711
2023-01-12,74.69999694824219,68.146728515625
2023-01-13,75.30000305175781,68.69407653808594
2023-01-17,74.95999908447266,68.3839111328125
2023-01-18,74.01000213623047,67.51725006103516
2023-01-19,73.55999755859375,67.10673522949219
2023-01-20,74.48999786376953,67.95513916015625
2023-01-23,74.95999908447266,68.3839111328125
2023-01-24,75.12000274658203,68.5298843383789
2023-01-25,75.5999984741211,68.96776580810547
2023-01-26,76.16000366210938,69.47864532470703
2023-01-27,76.26000213623047,69.56986999511719
2023-01-30,75.66000366210938,69.02250671386719
2023-01-31,76.31999969482422,69.62460327148438
2023-02-01,76.7300033569336,69.9986343383789
2023-02-02,76.62999725341797,69.90740966796875
2023-02-03,76.19999694824219,69.51512145996094
2023-02-06,75.66999816894531,69.03163146972656
2023-02-07,76.44000244140625,69.73407745361328
2023-02-08,76.4000015258789,69.69758605957031
2023-02-09,75.9800033569336,69.3144302368164
2023-02-10,75.83999633789062,69.18671417236328
2023-02-13,76.73999786376953,70.00775146484375
2023-02-14,76.55000305175781,69.83442687988281
2023-02-15,76.05999755859375,69.38741302490234
2023-02-16,75.63999938964844,69.0042495727539
2023-02-17,75.68000030517578,69.0407485961914
2023-02-21,74.6500015258789,68.10110473632812
2023-02-22,74.13999938964844,67.63585662841797
2023-02-23,74.45999908447266,67.92777252197266
2023-02-24,73.9800033569336,67.48988342285156
2023-02-27,74.48999786376953,67.95513916015625
2023-02-28,74.54000091552734,68.00074768066406
2023-03-01,74.4000015258789,67.87305450439453
2023-03-02,73.94000244140625,67.4533920288086
2023-03-03,75.12000274658203,68.5298843383789
2023-03-06,75.22000122070312,68.62110137939453
2023-03-07,73.62999725341797,67.17058563232422
2023-03-08,73.47000122070312,67.02462768554688
2023-03-09,71.5,65.22744750976562
2023-03-10,69.86000061035156,63.731327056884766
2023-03-13,67.7699966430664,61.824676513671875
2023-03-14,68.83999633789062,62.80080795288086
2023-03-15,66.51000213623047,60.67521667480469
2023-03-16,67.56999969482422,61.64221954345703
2023-03-17,65.75,59.98188781738281
2023-03-20,66.69000244140625,60.83943176269531
2023-03-21,68.27999877929688,62.289939880371094
2023-03-22,67.3499984741211,61.44152069091797
2023-03-23,66.69000244140625,60.83943176269531
2023-03-24,66.44999694824219,60.620479583740234
2023-03-27,67.16000366210938,61.268192291259766
2023-03-28,67.31999969482422,61.414146423339844
2023-03-29,68.31999969482422,62.32643127441406
2023-03-30,68.55000305175781,62.5362548828125
2023-03-31,69.01000213623047,62.955894470214844
2023-04-03,69.48999786376953,63.3937873840332
2023-04-04,69.02999877929688,62.97413635253906
2023-04-05,68.8499984741211,62.8099365234375
2023-04-06,69.25,63.17483901977539
2023-04-10,69.41000366210938,63.320804595947266
2023-04-11,69.91999816894531,63.786067962646484
2023-04-12,70.02999877929688,63.88642120361328
2023-04-13,70.66999816894531,64.47026824951172
2023-04-14,71.19000244140625,64.94464874267578
2023-04-17,71.55000305175781,65.2730712890625
2023-04-18,71.94000244140625,65.62886047363281
2023-04-19,72.16000366210938,65.82955932617188
2023-04-20,71.91999816894531,65.61061096191406
2023-04-21,71.63999938964844,65.35517120361328
2023-04-24,71.52999877929688,65.25482177734375
2023-04-25,70.23999786376953,64.07798767089844
2023-04-26,69.9800033569336,63.8408088684082
2023-04-27,71.05000305175781,64.81694030761719
2023-04-28,71.55000305175781,65.2730712890625
2023-05-01,71.41999816894531,65.15446472167969
2023-05-02,69.87000274658203,63.74045944213867
2023-05-03,69.48999786376953,63.3937873840332
2023-05-04,68.76000213623047,62.72782897949219
2023-05-05,70.37999725341797,64.20570373535156
2023-05-08,70.66000366210938,64.46114349365234
2023-05-09,70.29000091552734,64.12361145019531
2023-05-10,70.01000213623047,63.868167877197266
2023-05-11,69.77999877929688,63.658329010009766
2023-05-12,69.37999725341797,63.293434143066406
2023-05-15,70.25,64.08712768554688
2023-05-16,69.37999725341797,63.293434143066406
2023-05-17,70.33999633789062,64.1692123413086
2023-05-18,70.56999969482422,64.37903594970703
2023-05-19,70.68000030517578,64.47938537597656
2023-05-22,70.8499984741211,64.63447570800781
2023-05-23,70.0999984741211,63.95027542114258
2023-05-24,69.0,62.946781158447266
2023-05-25,68.8499984741211,62.8099365234375
2023-05-26,69.37999725341797,63.293434143066406
2023-05-30,69.1500015258789,63.083614349365234
2023-05-31,68.4800033569336,62.47239685058594
2023-06-01,69.33000183105469,63.2478141784668
2023-06-02,70.62999725341797,64.43377685546875
2023-06-05,70.2300033569336,64.0688705444336
2023-06-06,71.08000183105469,64.84430694580078
2023-06-07,69.9000015258789,64.79981231689453
2023-06-08,70.0999984741211,64.9852066040039
2023-06-09,70.13999938964844,65.02228546142578
2023-06-12,70.08999633789062,64.97593688964844
2023-06-13,70.48999786376953,65.34674835205078
2023-06-14,70.61000061035156,65.45799255371094
2023-06-15,71.33000183105469,66.1254653930664
2023-06-16,71.33000183105469,66.1254653930664
2023-06-20,70.76000213623047,65.59705352783203
2023-06-21,70.66999816894531,65.51361846923828
2023-06-22,70.08000183105469,64.9666748046875
2023-06-23,69.4000015258789,64.3362808227539
2023-06-26,69.47000122070312,64.40116882324219
2023-06-27,70.11000061035156,64.99447631835938
2023-06-28,70.01000213623047,64.90177154541016
2023-06-29,70.87999725341797,65.70829010009766
2023-06-30,71.54000091552734,66.32014465332031
2023-07-03,72.01000213623047,66.7558364868164
2023-07-05,71.5,66.28305053710938
2023-07-06,70.44999694824219,65.3096694946289
2023-07-07,70.87000274658203,65.69902801513672
2023-07-10,71.01000213623047,65.82881164550781
2023-07-11,71.83000183105469,66.58898162841797
2023-07-12,72.70999908447266,67.40477752685547
2023-07-13,73.33999633789062,67.98880004882812
2023-07-14,72.8499984741211,67.53455352783203
2023-07-17,73.38999938964844,68.03515625
2023-07-18,74.08000183105469,68.67481231689453
2023-07-19,74.36000061035156,68.93438720703125
2023-07-20,74.66999816894531,69.22176361083984
2023-07-21,74.44000244140625,69.008544921875
2023-07-24,74.8499984741211,69.38861846923828
2023-07-25,74.56999969482422,69.12905883789062
2023-07-26,75.08999633789062,69.61111450195312
2023-07-27,74.33000183105469,68.90657806396484
2023-07-28,74.88999938964844,69.42571258544922
2023-07-31,75.0,69.52767944335938
2023-08-01,74.63999938964844,69.19395446777344
2023-08-02,73.5199966430664,68.15567016601562
2023-08-03,73.55000305175781,68.18348693847656
2023-08-04,73.55000305175781,68.18348693847656
2023-08-07,74.27999877929688,68.86021423339844
2023-08-08,73.45999908447266,68.10004425048828
2023-08-09,73.18000030517578,67.8404769897461
2023-08-10,73.44999694824219,68.09076690673828
2023-08-11,73.30000305175781,67.95172119140625
2023-08-14,73.02999877929688,67.70142364501953
2023-08-15,71.87000274658203,66.62606811523438
2023-08-16,71.48999786376953,66.27378845214844
2023-08-17,70.94999694824219,65.77318572998047
2023-08-18,70.87999725341797,65.70829010009766
2023-08-21,70.83999633789062,65.67121124267578
2023-08-22,70.27999877929688,65.15208435058594
2023-08-23,71.05000305175781,65.86589813232422
2023-08-24,70.76000213623047,65.59705352783203
2023-08-25,70.91000366210938,65.7361068725586
2023-08-28,71.55999755859375,66.33867645263672
2023-08-29,72.37999725341797,67.09883880615234
2023-08-30,72.44999694824219,67.16374206542969
2023-08-31,72.11000061035156,66.84855651855469
2023-09-01,72.51000213623047,67.21937561035156
2023-09-05,71.70999908447266,66.47772979736328
2023-09-06,71.55999755859375,66.33867645263672
2023-09-07,71.29000091552734,66.08837127685547
2023-09-08,71.33999633789062,66.13473510742188
2023-09-11,72.02999877929688,66.7743911743164
2023-09-12,72.51000213623047,67.21937561035156
2023-09-13,72.54000091552734,67.2471694946289
2023-09-14,73.44999694824219,68.09076690673828
2023-09-15,73.0999984741211,67.76630401611328
2023-09-18,73.05000305175781,67.719970703125
2023-09-19,73.20999908447266,67.8682861328125
2023-09-20,72.88999938964844,67.57164001464844
2023-09-21,71.77999877929688,66.5426254272461
2023-09-22,71.48999786376953,66.27378845214844
2023-09-25,71.37999725341797,66.17181396484375
2023-09-26,70.5199966430664,65.37456512451172
2023-09-27,70.41999816894531,65.28184509277344
2023-09-28,71.04000091552734,65.85662078857422
2023-09-29,70.44000244140625,65.30040740966797
2023-10-02,69.63999938964844,64.55877685546875
2023-10-03,68.52999877929688,63.529762268066406
2023-10-04,69.0,63.96547317504883
2023-10-05,69.38999938964844,64.32701110839844
2023-10-06,70.33000183105469,65.19842529296875
2023-10-09,70.16999816894531,65.05010223388672
2023-10-10,70.95999908447266,65.78245544433594
2023-10-11,71.16000366210938,65.9678726196289
2023-10-12,70.51000213623047,65.36530303955078
2023-10-13,70.16000366210938,65.04083251953125
2023-10-16,71.08999633789062,65.90296936035156
2023-10-17,71.2300033569336,66.03276062011719
2023-10-18,70.08999633789062,64.97593688964844
2023-10-19,69.33000183105469,64.2713851928711
2023-10-20,68.36000061035156,63.37217330932617
2023-10-23,68.11000061035156,63.140403747558594
2023-10-24,68.29000091552734,63.307273864746094
2023-10-25,68.0,63.03843307495117
2023-10-26,67.9000015258789,62.94573211669922
2023-10-27,66.9000015258789,62.01869583129883
2023-10-30,68.01000213623047,63.04771041870117
2023-10-31,68.43000030517578,63.43705368041992
2023-11-01,68.9000015258789,63.872764587402344
2023-11-02,70.66000366210938,65.50434875488281
2023-11-03,71.66999816894531,66.44065856933594
2023-11-06,71.44999694824219,66.23670196533203
2023-11-07,71.02999877929688,65.84735107421875
2023-11-08,70.98999786376953,65.81027221679688
2023-11-09,70.7300033569336,65.56924438476562
2023-11-10,71.41000366210938,66.19962310791016
2023-11-13,71.44000244140625,66.2274398803711
2023-11-14,73.08999633789062,67.75703430175781
2023-11-15,73.29000091552734,67.94245147705078
2023-11-16,73.29000091552734,67.94245147705078
2023-11-17,73.95999908447266,68.5635757446289
2023-11-20,74.36000061035156,68.93438720703125
2023-11-21,74.05999755859375,68.6562728881836
2023-11-22,74.25,68.83240509033203
2023-11-24,74.69000244140625,69.24030303955078
2023-11-27,74.55000305175781,69.11052703857422
2023-11-28,74.47000122070312,69.0363540649414
2023-11-29,74.5999984741211,69.15687561035156
2023-11-30,75.22000122070312,69.73162841796875
2023-12-01,76.05000305175781,70.5010757446289
2023-12-04,75.81999969482422,70.287841796875
2023-12-05,75.37000274658203,69.87068939208984
2023-12-06,75.1500015258789,69.66674041748047
2023-12-07,75.47000122070312,69.96339416503906
2023-12-08,76.01000213623047,70.4639892578125
2023-12-11,76.37999725341797,70.80697631835938
2023-12-12,76.69000244140625,71.09437561035156
2023-12-13,78.05000305175781,72.35514068603516
2023-12-14,78.68000030517578,72.93917846679688
2023-12-15,77.83999633789062,72.16046905517578
2023-12-18,78.2699966430664,72.55908966064453
2023-12-19,78.9000015258789,73.14311981201172
2023-12-20,76.62000274658203,71.87484741210938
2023-12-21,77.54000091552734,72.73788452148438
2023-12-22,77.87999725341797,73.05682373046875
2023-12-26,78.37000274658203,73.5164794921875
2023-12-27,78.7300033569336,73.85417938232422
2023-12-28,78.75,73.8729476928711
2023-12-29,78.58000183105469,73.71347045898438
2024-01-02,78.4000015258789,73.54461669921875
2024-01-03,77.8499984741211,73.0286865234375
2024-01-04,77.98999786376953,73.16000366210938
2024-01-05,78.44999694824219,73.59152221679688
2024-01-08,78.97000122070312,74.07931518554688
2024-01-09,78.19000244140625,73.34762573242188
2024-01-10,78.2699966430664,73.42266082763672
2024-01-11,77.97000122070312,73.14125061035156
2024-01-12,77.94999694824219,73.12248229980469
2024-01-16,76.9800033569336,72.21256256103516
2024-01-17,76.62000274658203,71.87484741210938
2024-01-18,77.0199966430664,72.25007629394531
2024-01-19,77.9800033569336,73.15061950683594
2024-01-22,78.11000061035156,73.27257537841797
2024-01-23,78.33999633789062,73.48832702636719
2024-01-24,78.91999816894531,74.03240966796875
2024-01-25,79.13999938964844,74.23878479003906
2024-01-26,79.44999694824219,74.52957916259766
2024-01-29,79.62999725341797,74.69843292236328
2024-01-30,80.08000183105469,75.12057495117188
2024-01-31,79.55999755859375,74.63278198242188
2024-02-01,79.51000213623047,74.58588409423828
2024-02-02,79.80999755859375,74.86729431152344
2024-02-05,79.2300033569336,74.3232192993164
2024-02-06,79.55000305175781,74.62339782714844
2024-02-07,79.86000061035156,74.91419982910156
2024-02-08,79.44999694824219,74.52957916259766
2024-02-09,79.87999725341797,74.93295288085938
2024-02-12,80.0199966430664,75.06429290771484
2024-02-13,79.22000122070312,74.31383514404297
2024-02-14,79.81999969482422,74.87667846679688
2024-02-15,81.08999633789062,76.0680160522461
2024-02-16,81.08000183105469,76.05863189697266
2024-02-20,81.22000122070312,76.18997955322266
2024-02-21,81.26000213623047,76.22750091552734
2024-02-22,82.18000030517578,77.09050750732422
2024-02-23,82.45999908447266,77.35317993164062
2024-02-26,82.19000244140625,77.09989929199219
2024-02-27,82.41000366210938,77.30626678466797
2024-02-28,82.33999633789062,77.24060821533203
2024-02-29,82.55000305175781,77.43761444091797
2024-03-01,82.83000183105469,77.70027160644531
2024-03-04,82.87999725341797,77.7471694946289
2024-03-05,82.7300033569336,77.60646057128906
2024-03-06,83.55000305175781,78.37567901611328
2024-03-07,83.94000244140625,78.74152374267578
2024-03-08,84.12000274658203,78.9103775024414
2024-03-11,83.98999786376953,78.78842163085938
2024-03-12,84.5999984741211,79.36063385009766
2024-03-13,85.01000213623047,79.74525451660156
2024-03-14,84.16000366210938,78.94789123535156
2024-03-15,84.31999969482422,79.09798431396484
2024-03-18,84.38999938964844,79.16365051269531
2024-03-19,84.8499984741211,79.59516143798828
2024-03-20,85.62999725341797,80.32686614990234
2024-03-21,86.27999877929688,80.93659973144531
2024-03-22,85.4000015258789,80.11109161376953
2024-03-25,85.25,79.97039031982422
2024-03-26,85.5999984741211,80.29871368408203
2024-03-27,86.33999633789062,80.99287414550781
2024-03-28,86.63999938964844,81.27429962158203
2024-04-01,86.08999633789062,80.75836944580078
2024-04-02,85.61000061035156,80.30809783935547
2024-04-03,85.94000244140625,80.61766052246094
2024-04-04,85.3499984741211,80.06420135498047
2024-04-05,85.80999755859375,80.4957046508789
2024-04-08,86.19999694824219,80.86156463623047
2024-04-09,85.7300033569336,80.42066192626953
2024-04-10,84.3499984741211,79.1261215209961
2024-04-11,84.13999938964844,78.92913055419922
2024-04-12,82.66000366210938,77.5407943725586
2024-04-15,82.30000305175781,77.20308685302734
2024-04-16,81.6500015258789,76.59333801269531
2024-04-17,81.94000244140625,76.8653793334961
2024-04-18,82.25,77.15618133544922
2024-04-19,82.86000061035156,77.72840881347656
2024-04-22,84.05000305175781,78.8447036743164
2024-04-23,84.6500015258789,79.40755462646484
2024-04-24,84.55999755859375,79.3231201171875
2024-04-25,84.23999786376953,79.02294158935547
2024-04-26,84.19000244140625,78.97604370117188
2024-04-29,84.4000015258789,79.17302703857422
2024-04-30,83.5999984741211,78.42256927490234
2024-05-01,83.5999984741211,78.42256927490234
2024-05-02,84.11000061035156,78.90098571777344
2024-05-03,84.83999633789062,79.58577728271484
2024-05-06,85.62000274658203,80.3174819946289
2024-05-07,86.16000366210938,80.82404327392578
2024-05-08,86.12000274658203,80.78651428222656
2024-05-09,86.68000030517578,81.31182098388672
2024-05-10,87.27999877929688,81.87467193603516
2024-05-13,87.20999908447266,81.80899810791016
2024-05-14,87.61000061035156,82.18423461914062
2024-05-15,88.45999908447266,82.9815902709961
2024-05-16,88.5199966430664,83.03787231445312
2024-05-17,88.93000030517578,83.42249298095703
2024-05-20,88.2300033569336,82.76583099365234
2024-05-21,88.51000213623047,83.02849578857422
2024-05-22,87.88999938964844,82.44689178466797
2024-05-23,86.83999633789062,81.4619140625
2024-05-24,87.5199966430664,82.09980773925781
2024-05-28,87.3499984741211,81.9403305053711
2024-05-29,86.08000183105469,80.74898529052734
2024-05-30,86.81999969482422,81.44316101074219
2024-05-31,87.81999969482422,82.38123321533203
2024-06-03,87.80999755859375,82.3718490600586
2024-06-04,87.0199966430664,81.63077545166016
2024-06-05,87.31999969482422,81.91218566894531
2024-06-06,87.41999816894531,82.00599670410156
2024-06-07,87.51000213623047,82.09042358398438
2024-06-10,86.83999633789062,81.4619140625
2024-06-11,84.47000122070312,80.59368133544922
2024-06-12,84.93000030517578,81.03257751464844
2024-06-13,83.5999984741211,79.76359558105469
2024-06-14,83.5,79.66819763183594
2024-06-17,84.25,80.38377380371094
2024-06-18,84.80999755859375,80.91807556152344
2024-06-20,85.16000366210938,81.25201416015625
2024-06-21,84.77999877929688,80.88945007324219
2024-06-24,85.76000213623047,81.8244857788086
2024-06-25,85.33000183105469,81.41421508789062
2024-06-26,84.75,80.86083221435547
2024-06-27,84.7300033569336,80.84175109863281
2024-06-28,85.06999969482422,81.16614532470703
2024-07-01,85.19999694824219,81.29017639160156
2024-07-02,86.0999984741211,82.14887237548828
2024-07-03,86.47000122070312,82.50189971923828
2024-07-05,86.44999694824219,82.4828109741211
2024-07-08,86.22000122070312,82.26337432861328
2024-07-09,86.5199966430664,82.54959869384766
2024-07-10,87.4000015258789,83.38922119140625
2024-07-11,87.87000274658203,83.837646484375
2024-07-12,88.23999786376953,84.19066619873047
2024-07-15,88.9000015258789,84.82038879394531
2024-07-16,89.6500015258789,85.53596496582031
2024-07-17,90.01000213623047,85.87945556640625
2024-07-18,88.9800033569336,84.89672088623047
2024-07-19,88.38999938964844,84.33378601074219
2024-07-22,89.13999938964844,85.04936981201172
2024-07-23,89.11000061035156,85.02074432373047
2024-07-24,88.11000061035156,84.06664276123047
2024-07-25,88.16000366210938,84.1143569946289
2024-07-26,89.08000183105469,84.99213409423828
2024-07-29,88.91000366210938,84.8299331665039
2024-07-30,89.8499984741211,85.72679138183594
2024-07-31,90.11000061035156,85.974853515625
2024-08-01,88.13999938964844,84.09526062011719
2024-08-02,86.13999938964844,82.18704223632812
2024-08-05,83.5,79.66819763183594
2024-08-06,84.30999755859375,80.4410171508789
2024-08-07,84.66999816894531,80.78450012207031
2024-08-08,86.08999633789062,82.13932800292969
2024-08-09,86.33999633789062,82.37785339355469
2024-08-12,86.06999969482422,82.1202621459961
2024-08-13,87.1500015258789,83.15068817138672
2024-08-14,88.1500015258789,84.10480499267578
2024-08-15,89.13999938964844,85.04936981201172
2024-08-16,89.8499984741211,85.72679138183594
2024-08-19,90.54000091552734,86.38512420654297
2024-08-20,90.45999908447266,86.30879974365234
2024-08-21,90.31999969482422,86.17521667480469
2024-08-22,90.47000122070312,86.31834411621094
2024-08-23,91.8499984741211,87.63501739501953
2024-08-26,91.86000061035156,87.64454650878906
2024-08-27,92.31999969482422,88.08343505859375
2024-08-28,92.31999969482422,88.08343505859375
2024-08-29,92.95999908447266,88.6940689086914
2024-08-30,93.58999633789062,89.295166015625
2024-09-03,92.80999755859375,88.55094909667969
2024-09-04,92.81999969482422,88.56049346923828
2024-09-05,92.44999694824219,88.20747375488281
2024-09-06,90.95999908447266,86.78584289550781
2024-09-09,92.2300033569336,87.99757385253906
2024-09-10,91.45999908447266,87.26290130615234
2024-09-11,91.33000183105469,87.13887786865234
2024-09-12,91.95999908447266,87.73995208740234
2024-09-13,92.12000274658203,87.89262390136719
2024-09-16,93.23999786376953,88.96121215820312
2024-09-17,93.38999938964844,89.10433959960938
2024-09-18,93.25,88.97075653076172
2024-09-19,94.55999755859375,90.22064971923828
2024-09-20,94.23999786376953,89.91532897949219
2024-09-23,94.52999877929688,90.19202423095703
2024-09-24,94.31999969482422,89.99166107177734
2024-09-25,93.30000305175781,89.01846313476562
2024-09-26,94.75,90.40192413330078
2024-09-27,94.43000030517578,90.09661102294922
2024-09-30,94.58000183105469,90.23973846435547
2024-10-01,93.7300033569336,89.4287338256836
2024-10-02,93.8499984741211,89.5432357788086
2024-10-03,93.25,88.97075653076172
2024-10-04,94.6500015258789,90.3065185546875
2024-10-07,93.94000244140625,89.62910461425781
2024-10-08,93.9000015258789,89.5909423828125
2024-10-09,94.16999816894531,89.84854125976562
2024-10-10,94.23999786376953,89.91532897949219
2024-10-11,95.54000091552734,91.15567779541016
2024-10-14,96.12000274658203,91.70905303955078
2024-10-15,95.76000213623047,91.36558532714844
2024-10-16,97.0,92.54867553710938
2024-10-17,97.2300033569336,92.76811981201172
2024-10-18,97.55000305175781,93.07344055175781
2024-10-21,96.4800033569336,92.05253601074219
2024-10-22,96.12999725341797,91.71859741210938
2024-10-23,95.70999908447266,91.31786346435547
2024-10-24,96.04000091552734,91.63272857666016
2024-10-25,94.9800033569336,90.62137603759766
2024-10-28,96.19999694824219,91.78538513183594
2024-10-29,95.72000122070312,91.3274154663086
2024-10-30,95.81999969482422,91.4228286743164
2024-10-31,94.88999938964844,90.5354995727539
2024-11-01,95.05999755859375,90.69770050048828
2024-11-04,94.79000091552734,90.4400863647461
2024-11-05,96.01000213623047,91.6041030883789
2024-11-06,99.30999755859375,94.75267028808594
2024-11-07,98.87000274658203,94.3328628540039
2024-11-08,98.7300033569336,94.19929504394531
2024-11-11,99.5999984741211,95.02936553955078
2024-11-12,98.98999786376953,94.44735717773438
2024-11-13,98.7300033569336,94.19929504394531
2024-11-14,98.73999786376953,94.20883178710938
2024-11-15,99.2699966430664,94.71450805664062
2024-11-18,99.56999969482422,95.00074005126953
2024-11-19,99.06999969482422,94.52368927001953
2024-11-20,98.88999938964844,94.35193634033203
2024-11-21,99.97000122070312,95.38238525390625
2024-11-22,100.6500015258789,96.03118133544922
2024-11-25,100.93000030517578,96.29832458496094
2024-11-26,100.91000366210938,96.27925872802734
2024-11-27,101.05000305175781,96.41283416748047
2024-11-29,101.72000122070312,97.05207824707031
2024-12-02,101.41000366210938,96.75630950927734
2024-12-03,100.91000366210938,96.27925872802734
2024-12-04,100.69000244140625,96.06934356689453
2024-12-05,101.2300033569336,96.58456420898438
2024-12-06,101.01000213623047,96.37466430664062
2024-12-09,100.2699966430664,95.66860961914062
2024-12-10,99.88999938964844,95.3060531616211
2024-12-11,100.16000366210938,95.56365966796875
2024-12-12,99.4000015258789,94.83854675292969
2024-12-13,99.41000366210938,94.84808349609375
2024-12-16,99.41000366210938,94.84808349609375
2024-12-17,97.61000061035156,94.14783477783203
2024-12-18,94.9000015258789,91.5339584350586
2024-12-19,94.87000274658203,91.5050277709961
2024-12-20,95.61000061035156,92.2187728881836
2024-12-23,96.19000244140625,92.77820587158203
2024-12-24,96.91000366210938,93.47267150878906
2024-12-26,97.27999877929688,93.82954406738281
2024-12-27,96.72000122070312,93.28939819335938
2024-12-30,96.16000366210938,92.74925994873047
2024-12-31,96.05999755859375,92.65280151367188
2025-01-02,95.62000274658203,92.2284164428711
2025-01-03,96.38999938964844,92.97110748291016
2025-01-06,96.58000183105469,93.15436553955078
2025-01-07,96.54000091552734,93.11578369140625
2025-01-08,96.69999694824219,93.27011108398438
2025-01-10,94.44999694824219,91.09991455078125
2025-01-13,94.75,91.38927459716797
2025-01-14,95.8499984741211,92.45025634765625
2025-01-15,98.06999969482422,94.59151458740234
2025-01-16,98.77999877929688,95.27632904052734
2025-01-17,99.19000244140625,95.67179870605469
2025-01-21,100.62999725341797,97.06070709228516
2025-01-22,100.05999755859375,96.51093292236328
2025-01-23,100.79000091552734,97.21504211425781
2025-01-24,101.18000030517578,97.59120178222656
2025-01-27,102.12999725341797,98.50750732421875
2025-01-28,102.25,98.62325286865234
2025-01-29,102.02999877929688,98.41105651855469
2025-01-30,102.81999969482422,99.17303466796875
2025-01-31,102.12000274658203,98.49787139892578
2025-02-03,101.56999969482422,97.96737670898438
2025-02-04,101.83999633789062,98.22779083251953
2025-02-05,102.7300033569336,99.08623504638672
2025-02-06,103.73999786376953,100.0604019165039
2025-02-07,103.13999938964844,99.481689453125
2025-02-10,102.76000213623047,99.11516571044922
2025-02-11,103.01000213623047,99.3563003540039
2025-02-12,102.94999694824219,99.29842376708984
2025-02-13,103.83000183105469,100.147216796875
2025-02-14,104.19000244140625,100.49445343017578
2025-02-18,105.01000213623047,101.28536987304688
2025-02-19,104.45999908447266,100.75486755371094
2025-02-20,103.77999877929688,100.09899139404297
2025-02-21,102.55999755859375,98.92225646972656
2025-02-24,102.73999786376953,99.09587860107422
2025-02-25,103.33999633789062,99.67459106445312
2025-02-26,103.33000183105469,99.66494750976562
2025-02-27,103.45999908447266,99.79033660888672
2025-02-28,104.72000122070312,101.00564575195312
2025-03-03,104.44999694824219,100.7452163696289
2025-03-04,101.94000244140625,98.32424926757812
2025-03-05,103.48999786376953,99.81926727294922
2025-03-06,102.16000366210938,98.53644561767578
2025-03-07,102.5199966430664,98.88367462158203
2025-03-10,99.86000061035156,96.31802368164062
2025-03-11,99.25,95.72966003417969
2025-03-12,99.81999969482422,96.2794418334961
2025-03-13,99.33999633789062,95.81646728515625
2025-03-14,101.62999725341797,98.0252456665039
2025-03-17,102.9000015258789,99.25020599365234
2025-03-18,102.91999816894531,99.26948547363281
2025-03-19,103.54000091552734,99.86750030517578
2025-03-20,103.36000061035156,99.69389343261719
2025-03-21,102.94000244140625,99.28878021240234
2025-03-24,104.05999755859375,100.36905670166016
2025-03-25,104.91000366210938,101.18890380859375
2025-03-26,104.25,100.55231475830078
2025-03-27,104.12000274658203,100.42693328857422
2025-03-28,102.54000091552734,98.90296936035156
2025-03-31,103.0199966430664,99.36593627929688
2025-04-01,102.93000030517578,99.27912902832031
2025-04-02,104.0999984741211,100.40763092041016
2025-04-03,99.68000030517578,96.14441680908203
2025-04-04,92.01000213623047,88.7464599609375
2025-04-07,90.88999938964844,87.66619110107422
2025-04-08,90.79000091552734,87.56973266601562
2025-04-09,97.80000305175781,94.33110046386719
2025-04-10,95.30000305175781,91.91976928710938
2025-04-11,96.81999969482422,93.38585662841797
2025-04-14,98.36000061035156,94.87122344970703
2025-04-15,98.80999755859375,95.30526733398438
2025-04-16,97.77999877929688,94.31180572509766
2025-04-17,98.38999938964844,94.9001693725586
2025-04-21,96.9800033569336,93.54017639160156
2025-04-22,99.62999725341797,96.09619140625
2025-04-23,100.77999877929688,97.20539093017578
2025-04-24,102.0999984741211,98.47856903076172
2025-04-25,102.19000244140625,98.56539154052734
2025-04-28,102.73999786376953,99.09587860107422
2025-04-29,103.51000213623047,99.83856964111328
2025-04-30,103.06999969482422,99.41416931152344
2025-05-01,103.19000244140625,99.52991485595703
2025-05-02,104.80000305175781,101.08280944824219
2025-05-05,104.47000122070312,100.76451110839844
2025-05-06,104.26000213623047,100.56196594238281
2025-05-07,104.25,100.55231475830078
2025-05-08,105.2699966430664,101.53612518310547
2025-05-09,105.55000305175781,101.80621337890625
2025-05-12,106.83000183105469,103.04080963134766
2025-05-13,107.43000030517578,103.61952209472656
2025-05-14,107.72000122070312,103.89923858642578
2025-05-15,108.22000122070312,104.38150787353516
2025-05-16,108.79000091552734,104.93128967285156
2025-05-19,109.18000030517578,105.30745697021484
2025-05-20,109.04000091552734,105.17241668701172
2025-05-21,107.63999938964844,103.82207489013672
2025-05-22,107.75,103.92817687988281
2025-05-23,107.43000030517578,103.61952209472656
2025-05-27,108.88999938964844,105.02774810791016
2025-05-28,107.9800033569336,104.15000915527344
2025-05-29,108.52999877929688,104.68050384521484
2025-05-30,108.87999725341797,105.01809692382812
2025-06-02,109.19999694824219,105.32674407958984
2025-06-03,109.30999755859375,105.4328384399414
2025-06-04,108.9000015258789,105.03738403320312
2025-06-05,109.02999877929688,105.16277313232422
2025-06-06,110.16000366210938,106.25270080566406
2025-06-09,109.95999908447266,106.05978393554688
2025-06-10,109.51000213623047,105.6257553100586
2025-06-11,109.4000015258789,105.5196533203125
2025-06-12,109.69999694824219,105.80900573730469
2025-06-13,107.6500015258789,103.83171844482422
2025-06-16,107.44999694824219,105.00242614746094
2025-06-17,106.47000122070312,104.04475402832031
2025-06-18,106.5999984741211,104.17179107666016
2025-06-20,106.58000183105469,104.15225219726562
2025-06-23,107.5199966430664,105.07083129882812
2025-06-24,109.51000213623047,107.01551055908203
2025-06-25,109.0,106.51712799072266
2025-06-26,110.02999877929688,107.5236587524414
2025-06-27,110.51000213623047,107.99272918701172
2025-06-30,110.81999969482422,108.29566955566406
2025-07-01,111.3499984741211,108.8135986328125
2025-07-02,111.19000244140625,108.65724182128906
2025-07-03,112.0999984741211,109.5465087890625
2025-07-07,111.05999755859375,108.53019714355469
2025-07-08,110.8499984741211,108.32498931884766
2025-07-09,111.56999969482422,109.02857971191406
2025-07-10,111.97000122070312,109.41947174072266
2025-07-11,110.7699966430664,108.2468032836914
2025-07-14,111.20999908447266,108.67678833007812
2025-07-15,109.88999938964844,107.38684844970703
2025-07-16,110.66000366210938,108.13932037353516
2025-07-17,111.08999633789062,108.55951690673828
2025-07-18,111.26000213623047,108.72564697265625
2025-07-21,111.19999694824219,108.66700744628906
2025-07-22,111.70999908447266,109.16539001464844
2025-07-23,113.04000091552734,110.46509552001953
2025-07-24,113.12999725341797,110.55305480957031
2025-07-25,113.55000305175781,110.96348571777344
2025-07-28,112.25,109.69309997558594
2025-07-29,112.06999969482422,109.51719665527344
2025-07-30,111.62000274658203,109.07744598388672
2025-07-31,111.06999969482422,108.53997039794922
2025-08-01,109.56999969482422,107.07414245605469
2025-08-04,110.80000305175781,108.27613067626953
2025-08-05,110.80000305175781,108.27613067626953
2025-08-06,111.69000244140625,109.1458511352539
2025-08-07,111.33999633789062,108.80381774902344
2025-08-08,112.12999725341797,109.5758285522461
2025-08-11,112.05000305175781,109.49765014648438
2025-08-12,113.44999694824219,110.86576080322266
2025-08-13,114.02999877929688,111.43254852294922
2025-08-14,114.70999908447266,112.09706115722656
2025-08-15,114.0999984741211,111.5009536743164
2025-08-18,113.73999786376953,111.14915466308594
2025-08-19,113.62999725341797,111.04165649414062
2025-08-20,114.52999877929688,111.9211654663086
2025-08-21,114.29000091552734,111.68663024902344
2025-08-22,115.91999816894531,113.27949523925781
2025-08-25,114.91999816894531,112.30227661132812
2025-08-26,115.16000366210938,112.53681182861328
2025-08-27,115.08000183105469,112.45863342285156
2025-08-28,115.5,112.86906433105469
2025-08-29,115.48999786376953,112.85929107666016
2025-09-02,114.6500015258789,112.03842163085938
2025-09-03,114.44000244140625,111.83321380615234
2025-09-04,115.5199966430664,112.88861083984375
2025-09-05,114.22000122070312,111.61822509765625
2025-09-08,114.5999984741211,111.98957061767578
2025-09-09,114.88999938964844,112.27295684814453
2025-09-10,115.12999725341797,112.50749206542969
2025-09-11,116.70999908447266,114.05150604248047
2025-09-12,116.18000030517578,113.53357696533203
2025-09-15,116.94000244140625,114.2762680053711
2025-09-16,116.08000183105469,113.43585205078125
2025-09-17,116.43000030517578,113.77787780761719
2025-09-18,116.37000274658203,113.71925354003906
2025-09-19,116.61000061035156,113.95378112792969
2025-09-22,116.5999984741211,113.94400787353516
2025-09-23,116.0999984741211,113.45539093017578
2025-09-24,115.4800033569336,112.84951782226562
2025-09-25,114.95999908447266,112.34136199951172
2025-09-26,116.33000183105469,113.68016052246094
2025-09-29,116.80999755859375,114.14922332763672
2025-09-30,116.66999816894531,114.01241302490234
2025-10-01,116.08000183105469,113.43585205078125
2025-10-02,115.75,113.11337280273438
2025-10-03,116.62000274658203,113.96355438232422
2025-10-06,116.33999633789062,113.68992614746094
2025-10-07,116.16999816894531,113.52379608154297
2025-10-08,116.05999755859375,113.41630554199219
2025-10-09,115.27999877929688,112.6540756225586
2025-10-10,113.05999755859375,110.48464965820312
2025-10-13,114.0999984741211,111.5009536743164
2025-10-14,115.0199966430664,112.39999389648438
2025-10-15,114.72000122070312,112.1068344116211
2025-10-16,113.04000091552734,110.46509552001953
2025-10-17,113.01000213623047,110.435791015625
2025-10-20,114.30000305175781,111.69640350341797
2025-10-21,114.05000305175781,111.45209503173828
2025-10-22,113.68000030517578,111.09052276611328
2025-10-23,113.81999969482422,111.22732543945312
2025-10-24,114.76000213623047,112.14592742919922
2025-10-27,115.43000030517578,112.8006591796875
2025-10-28,115.5,112.86906433105469
2025-10-29,114.02999877929688,111.43254852294922
2025-10-30,114.19000244140625,111.58890533447266
2025-10-31,114.31999969482422,111.7159423828125
2025-11-03,114.06999969482422,111.47164154052734
2025-11-04,114.12999725341797,111.53026580810547
2025-11-05,114.80999755859375,112.19477844238281
2025-11-06,114.54000091552734,111.9309310913086
2025-11-07,115.38999938964844,112.76156616210938
2025-11-10,116.25,113.60198211669922
2025-11-11,116.80999755859375,114.14922332763672
2025-11-12,118.0,115.31211853027344
2025-11-13,116.41000366210938,113.75833892822266
2025-11-14,115.75,113.11337280273438
2025-11-17,113.51000213623047,110.92440032958984
2025-11-18,112.9000015258789,110.32828521728516
2025-11-19,112.87000274658203,110.29898071289062
2025-11-20,111.94999694824219,109.3999252319336
2025-11-21,113.30999755859375,110.72895050048828
2025-11-24,113.72000122070312,111.1296157836914
2025-11-25,115.18000030517578,112.55635070800781
2025-11-26,116.11000061035156,113.46517181396484
2025-11-28,116.91000366210938,114.2469482421875
2025-12-01,116.16999816894531,113.52379608154297
2025-12-02,116.47000122070312,113.81697082519531
2025-12-03,117.20999908447266,114.54011535644531
2025-12-04,117.55999755859375,114.88214111328125
2025-12-05,117.76000213623047,115.07758331298828
2025-12-08,117.37999725341797,114.70623779296875
2025-12-09,117.22000122070312,114.54988861083984
2025-12-10,118.63999938964844,115.93753814697266
2025-12-11,120.41999816894531,117.67699432373047
2025-12-12,120.48999786376953,117.74539947509766
2025-12-15,120.94999694824219,118.1949234008789
2025-12-16,119.33999633789062,117.66152954101562
2025-12-17,119.23999786376953,117.56293487548828
2025-12-18,119.61000061035156,117.927734375
2025-12-19,120.05000305175781,118.3615493774414
2025-12-22,121.44999694824219,119.74185180664062
2025-12-23,121.97000122070312,120.2545394897461
2025-12-24,122.44000244140625,120.71793365478516
2025-12-26,122.43000030517578,120.70806884765625
2025-12-29,121.80999755859375,120.09678649902344
2025-12-30,121.54000091552734,119.8305892944336
2025-12-31,120.79000091552734,119.09113311767578
2026-01-02,121.72000122070312,120.008056640625
