date,close,adj_close
2014-12-01,51.45000076293945,42.579856872558594
2014-12-02,51.82500076293945,42.89019775390625
2014-12-03,51.72999954223633,42.81157302856445
2014-12-04,51.71500015258789,42.799171447753906
2014-12-05,51.959999084472656,43.00191879272461
2014-12-08,52.040000915527344,43.068138122558594
2014-12-09,51.709999084472656,42.79502487182617
2014-12-10,51.13999938964844,42.32329559326172
2014-12-11,51.25,42.414337158203125
2014-12-12,50.51499938964844,41.80604553222656
2014-12-15,49.900001525878906,41.297088623046875
2014-12-16,49.58000183105469,41.03224563598633
2014-12-17,50.31999969482422,41.64466094970703
2014-12-18,51.540000915527344,42.654335021972656
2014-12-19,51.23500061035156,42.5612907409668
2014-12-22,50.89500045776367,42.27885055541992
2014-12-23,49.994998931884766,41.53121566772461
2014-12-24,50.27000045776367,41.75965118408203
2014-12-26,50.540000915527344,41.983951568603516
2014-12-29,50.540000915527344,41.983951568603516
2014-12-30,50.290000915527344,41.77627182006836
2014-12-31,49.779998779296875,41.35261154174805
2015-01-02,49.915000915527344,41.46475601196289
2015-01-05,49.665000915527344,41.257083892822266
2015-01-06,49.43000030517578,41.06187057495117
2015-01-07,50.22999954223633,41.726436614990234
2015-01-08,51.279998779296875,42.59867858886719
2015-01-09,51.0099983215332,42.37438201904297
2015-01-12,50.9900016784668,42.35777282714844
2015-01-13,50.974998474121094,42.345306396484375
2015-01-14,51.040000915527344,42.39931106567383
2015-01-15,50.970001220703125,42.34115219116211
2015-01-16,51.779998779296875,43.0140266418457
2015-01-20,51.83000183105469,43.05557632446289
2015-01-21,51.790000915527344,43.0223388671875
2015-01-22,51.970001220703125,43.17185974121094
2015-01-23,51.85499954223633,43.076332092285156
2015-01-26,52.11000061035156,43.28815460205078
2015-01-27,52.01499938964844,43.20924377441406
2015-01-28,51.255001068115234,42.577903747558594
2015-01-29,51.7599983215332,42.99740982055664
2015-01-30,50.970001220703125,42.34115219116211
2015-02-02,51.275001525878906,42.59452438354492
2015-02-03,51.4900016784668,42.773128509521484
2015-02-04,51.029998779296875,42.39099884033203
2015-02-05,51.73500061035156,42.97665023803711
2015-02-06,51.18000030517578,42.51560592651367
2015-02-09,50.82500076293945,42.220703125
2015-02-10,51.540000915527344,42.81465530395508
2015-02-11,51.45000076293945,42.739898681640625
2015-02-12,51.79999923706055,43.0306396484375
2015-02-13,52.10499954223633,43.28401565551758
2015-02-17,52.334999084472656,43.47507095336914
2015-02-18,52.435001373291016,43.558143615722656
2015-02-19,52.53499984741211,43.64120864868164
2015-02-20,53.04999923706055,44.069026947021484
2015-02-23,53.349998474121094,44.3182373046875
2015-02-24,53.380001068115234,44.34315872192383
2015-02-25,53.43000030517578,44.384700775146484
2015-02-26,53.45000076293945,44.401309967041016
2015-02-27,53.33000183105469,44.3016357421875
2015-03-02,53.650001525878906,44.56745910644531
2015-03-03,53.28499984741211,44.26423263549805
2015-03-04,53.314998626708984,44.289161682128906
2015-03-05,53.61000061035156,44.53422164916992
2015-03-06,52.625,43.71597671508789
2015-03-09,52.939998626708984,43.97765350341797
2015-03-10,52.2599983215332,43.41276931762695
2015-03-11,52.189998626708984,43.3546142578125
2015-03-12,52.970001220703125,44.002567291259766
2015-03-13,52.900001525878906,43.94442367553711
2015-03-16,53.89500045776367,44.77098083496094
2015-03-17,53.76499938964844,44.66298294067383
2015-03-18,54.709999084472656,45.44800567626953
2015-03-19,54.70000076293945,45.439693450927734
2015-03-20,55.31999969482422,45.95473098754883
2015-03-23,55.33000183105469,45.963043212890625
2015-03-24,55.04499816894531,45.72629165649414
2015-03-25,54.10499954223633,44.945411682128906
2015-03-26,53.779998779296875,44.675437927246094
2015-03-27,54.19499969482422,45.02018356323242
2015-03-30,54.75,45.48122787475586
2015-03-31,53.904998779296875,44.77927780151367
2015-04-01,53.58000183105469,44.509307861328125
2015-04-02,53.744998931884766,44.6463737487793
2015-04-06,53.875,44.75436782836914
2015-04-07,54.0,44.85819625854492
2015-04-08,54.470001220703125,45.24863052368164
2015-04-09,54.79499816894531,45.51860427856445
2015-04-10,55.2599983215332,45.90488815307617
2015-04-13,54.93000030517578,45.63075637817383
2015-04-14,54.974998474121094,45.668148040771484
2015-04-15,55.125,45.79274368286133
2015-04-16,55.095001220703125,45.76782989501953
2015-04-17,54.60499954223633,45.360774993896484
2015-04-20,54.86000061035156,45.57260513305664
2015-04-21,55.244998931884766,45.89242935180664
2015-04-22,55.34000015258789,45.971351623535156
2015-04-23,55.60499954223633,46.191490173339844
2015-04-24,55.47999954223633,46.0876350402832
2015-04-27,54.880001068115234,45.58922576904297
2015-04-28,54.869998931884766,45.58091354370117
2015-04-29,54.32500076293945,45.128170013427734
2015-04-30,53.849998474121094,44.733585357666016
2015-05-01,54.45000076293945,45.232017517089844
2015-05-04,54.625,45.37738800048828
2015-05-05,53.974998474121094,44.837432861328125
2015-05-06,53.82500076293945,44.712825775146484
2015-05-07,53.810001373291016,44.70036697387695
2015-05-08,54.80500030517578,45.526920318603516
2015-05-11,54.72999954223633,45.46461486816406
2015-05-12,54.5,45.2735595703125
2015-05-13,54.494998931884766,45.2694091796875
2015-05-14,55.275001525878906,45.91735076904297
2015-05-15,55.39500045776367,46.01704025268555
2015-05-18,55.54499816894531,46.14164352416992
2015-05-19,55.72999954223633,46.295326232910156
2015-05-20,55.869998931884766,46.411624908447266
2015-05-21,56.04499816894531,46.5569953918457
2015-05-22,55.755001068115234,46.31608200073242
2015-05-26,55.0099983215332,45.69721221923828
2015-05-27,55.73500061035156,46.29948806762695
2015-05-28,55.869998931884766,46.411624908447266
2015-05-29,55.505001068115234,46.10841369628906
2015-06-01,55.64500045776367,46.22470474243164
2015-06-02,55.435001373291016,46.05025863647461
2015-06-03,55.564998626708984,46.15825271606445
2015-06-04,55.14500045776367,45.80936813354492
2015-06-05,54.86000061035156,45.57260513305664
2015-06-08,54.630001068115234,45.38154602050781
2015-06-09,54.505001068115234,45.2776985168457
2015-06-10,55.3849983215332,46.00872802734375
2015-06-11,55.619998931884766,46.20394515991211
2015-06-12,54.95500183105469,45.65152359008789
2015-06-15,54.75,45.48122787475586
2015-06-16,55.060001373291016,45.7387580871582
2015-06-17,55.025001525878906,45.70966720581055
2015-06-18,55.814998626708984,46.36593246459961
2015-06-19,55.6150016784668,46.19979476928711
2015-06-22,56.27000045776367,46.7439079284668
2015-06-23,56.439998626708984,46.8851203918457
2015-06-24,55.52000045776367,46.466651916503906
2015-06-25,55.724998474121094,46.63822555541992
2015-06-26,55.63999938964844,46.56709289550781
2015-06-29,54.209999084472656,45.37026596069336
2015-06-30,54.36000061035156,45.49581527709961
2015-07-01,54.665000915527344,45.75107192993164
2015-07-02,54.63999938964844,45.73014831542969
2015-07-06,54.39500045776367,45.52510452270508
2015-07-07,54.67499923706055,45.75944519042969
2015-07-08,53.95500183105469,45.1568603515625
2015-07-09,54.35499954223633,45.49162292480469
2015-07-10,55.5,46.44990539550781
2015-07-13,55.904998779296875,46.788875579833984
2015-07-14,56.540000915527344,47.32032775878906
2015-07-15,56.470001220703125,47.26173782348633
2015-07-16,56.810001373291016,47.546302795410156
2015-07-17,56.689998626708984,47.445865631103516
2015-07-20,56.845001220703125,47.57559585571289
2015-07-21,56.5,47.28684616088867
2015-07-22,56.439998626708984,47.23663330078125
2015-07-23,56.45500183105469,47.24919891357422
2015-07-24,55.375,46.345298767089844
2015-07-27,55.150001525878906,46.15699768066406
2015-07-28,56.040000915527344,46.9018669128418
2015-07-29,56.224998474121094,47.056705474853516
2015-07-30,56.130001068115234,46.9771842956543
2015-07-31,56.43000030517578,47.228267669677734
2015-08-03,56.505001068115234,47.291038513183594
2015-08-04,56.400001525878906,47.20316696166992
2015-08-05,56.8650016784668,47.592342376708984
2015-08-06,55.90999984741211,46.79305648803711
2015-08-07,55.665000915527344,46.588008880615234
2015-08-10,56.20000076293945,47.03577423095703
2015-08-11,55.584999084472656,46.521053314208984
2015-08-12,55.56999969482422,46.508506774902344
2015-08-13,55.52000045776367,46.466651916503906
2015-08-14,55.68000030517578,46.60056686401367
2015-08-17,56.09000015258789,46.94371032714844
2015-08-18,56.099998474121094,46.952083587646484
2015-08-19,55.779998779296875,46.68425750732422
2015-08-20,54.48500061035156,45.60043716430664
2015-08-21,52.744998931884766,44.144161224365234
2015-08-24,50.935001373291016,42.62930679321289
2015-08-25,50.39500045776367,42.17737579345703
2015-08-26,52.2400016784668,43.72150421142578
2015-08-27,53.380001068115234,44.67560958862305
2015-08-28,53.11000061035156,44.449649810791016
2015-08-31,52.2400016784668,43.72150421142578
2015-09-01,50.790000915527344,42.50795364379883
2015-09-02,51.79499816894531,43.34907150268555
2015-09-03,51.72999954223633,43.29467010498047
2015-09-04,51.0099983215332,42.69207763671875
2015-09-08,52.27000045776367,43.74660873413086
2015-09-09,51.625,43.206790924072266
2015-09-10,52.064998626708984,43.57504653930664
2015-09-11,52.3650016784668,43.82612991333008
2015-09-14,52.04999923706055,43.5624885559082
2015-09-15,52.685001373291016,44.09394454956055
2015-09-16,52.994998931884766,44.3533935546875
2015-09-17,53.26499938964844,44.57937240600586
2015-09-18,52.3650016784668,43.82612991333008
2015-09-21,51.970001220703125,43.49553680419922
2015-09-22,51.16999816894531,42.82598876953125
2015-09-23,51.08000183105469,42.750667572021484
2015-09-24,50.654998779296875,42.39496994018555
2015-09-25,49.814998626708984,41.69194412231445
2015-09-28,48.22999954223633,40.36540222167969
2015-09-29,48.224998474121094,40.361209869384766
2015-09-30,49.23500061035156,41.20651626586914
2015-10-01,49.59000015258789,41.503631591796875
2015-10-02,50.375,42.16062927246094
2015-10-05,50.67499923706055,42.41170120239258
2015-10-06,49.88999938964844,41.75471115112305
2015-10-07,50.1349983215332,41.959754943847656
2015-10-08,50.3650016784668,42.15226745605469
2015-10-09,50.47999954223633,42.248504638671875
2015-10-12,50.59000015258789,42.34056091308594
2015-10-13,49.970001220703125,41.821678161621094
2015-10-14,49.939998626708984,41.79656219482422
2015-10-15,51.025001525878906,42.70463562011719
2015-10-16,51.54499816894531,43.139835357666016
2015-10-19,51.59000015258789,43.17749786376953
2015-10-20,50.78499984741211,42.5037727355957
2015-10-21,50.15999984741211,41.98067855834961
2015-10-22,50.125,41.951393127441406
2015-10-23,51.0,42.6837043762207
2015-10-26,51.11000061035156,42.775779724121094
2015-10-27,51.66999816894531,43.24445724487305
2015-10-28,52.33000183105469,43.796844482421875
2015-10-29,52.31999969482422,43.78846740722656
2015-10-30,52.150001525878906,43.646183013916016
2015-11-02,52.98500061035156,44.34502410888672
2015-11-03,52.790000915527344,44.18182373046875
2015-11-04,52.5099983215332,43.947479248046875
2015-11-05,52.40999984741211,43.86379623413086
2015-11-06,52.1150016784668,43.61689376831055
2015-11-09,51.654998779296875,43.231910705566406
2015-11-10,51.83000183105469,43.37836837768555
2015-11-11,51.599998474121094,43.18587112426758
2015-11-12,50.76499938964844,42.48702621459961
2015-11-13,50.58000183105469,42.332183837890625
2015-11-16,51.150001525878906,42.80924987792969
2015-11-17,51.3650016784668,42.989200592041016
2015-11-18,52.27000045776367,43.74660873413086
2015-11-19,51.79499816894531,43.34907150268555
2015-11-20,52.099998474121094,43.60433578491211
2015-11-23,51.790000915527344,43.34488296508789
2015-11-24,51.915000915527344,43.44951248168945
2015-11-25,52.1349983215332,43.633628845214844
2015-11-27,52.19499969482422,43.683841705322266
2015-11-30,51.76499938964844,43.32396697998047
2015-12-01,52.54499816894531,43.97676467895508
2015-12-02,52.04499816894531,43.55830764770508
2015-12-03,51.1349983215332,42.79669189453125
2015-12-04,52.040000915527344,43.55412673950195
2015-12-07,51.83000183105469,43.37836837768555
2015-12-08,51.82500076293945,43.374183654785156
2015-12-09,51.255001068115234,42.89712142944336
2015-12-10,51.650001525878906,43.22771453857422
2015-12-11,50.904998779296875,42.604190826416016
2015-12-14,51.09000015258789,42.7590446472168
2015-12-15,51.775001525878906,43.332332611083984
2015-12-16,52.54499816894531,43.97676467895508
2015-12-17,52.02000045776367,43.537384033203125
2015-12-18,51.42499923706055,43.03939437866211
2015-12-21,50.83000183105469,43.333526611328125
2015-12-22,51.064998626708984,43.53386306762695
2015-12-23,51.790000915527344,44.15194320678711
2015-12-24,51.77000045776367,44.1348876953125
2015-12-28,51.619998931884766,44.007015228271484
2015-12-29,52.125,44.5255241394043
2015-12-30,51.88999938964844,44.32478332519531
2015-12-31,51.310001373291016,43.82933044433594
2016-01-04,50.41999816894531,43.069091796875
2016-01-05,50.720001220703125,43.32536315917969
2016-01-06,50.21500015258789,42.89398193359375
2016-01-07,49.279998779296875,42.09530258178711
2016-01-08,48.529998779296875,41.454647064208984
2016-01-11,48.084999084472656,41.074520111083984
2016-01-12,48.57500076293945,41.49309539794922
2016-01-13,47.3849983215332,40.47657775878906
2016-01-14,48.3849983215332,41.330787658691406
2016-01-15,47.470001220703125,40.5491828918457
2016-01-19,47.689998626708984,40.73710632324219
2016-01-20,47.57500076293945,40.63888168334961
2016-01-21,47.52000045776367,40.59189224243164
2016-01-22,48.44499969482422,41.38203430175781
2016-01-25,48.165000915527344,41.14286422729492
2016-01-26,48.595001220703125,41.510169982910156
2016-01-27,48.0099983215332,41.01044845581055
2016-01-28,47.025001525878906,40.1690673828125
2016-01-29,47.63999938964844,40.694400787353516
2016-02-01,47.810001373291016,40.839622497558594
2016-02-02,47.17499923706055,40.29719924926758
2016-02-03,47.42499923706055,40.51074981689453
2016-02-04,46.97999954223633,40.130619049072266
2016-02-05,46.13999938964844,39.41309356689453
2016-02-08,45.36000061035156,38.7468147277832
2016-02-09,45.529998779296875,38.89202880859375
2016-02-10,45.845001220703125,39.16110610961914
2016-02-11,45.25,38.65284729003906
2016-02-12,45.84000015258789,39.156822204589844
2016-02-16,46.654998779296875,39.85300827026367
2016-02-17,47.150001525878906,40.275840759277344
2016-02-18,46.935001373291016,40.092185974121094
2016-02-19,47.01499938964844,40.16053009033203
2016-02-22,47.54499816894531,40.613250732421875
2016-02-23,47.1150016784668,40.245948791503906
2016-02-24,47.23500061035156,40.348453521728516
2016-02-25,47.86000061035156,40.88233184814453
2016-02-26,47.7599983215332,40.796905517578125
2016-02-29,46.939998626708984,40.09645462036133
2016-03-01,47.95000076293945,40.959205627441406
2016-03-02,48.11000061035156,41.095882415771484
2016-03-03,47.81999969482422,40.84815979003906
2016-03-04,47.779998779296875,40.81398010253906
2016-03-07,48.084999084472656,41.074520111083984
2016-03-08,47.6349983215332,40.69013214111328
2016-03-09,47.66999816894531,40.72002410888672
2016-03-10,47.755001068115234,40.79263687133789
2016-03-11,48.654998779296875,41.561439514160156
2016-03-14,48.57500076293945,41.49309539794922
2016-03-15,47.689998626708984,40.73710632324219
2016-03-16,47.65999984741211,40.711483001708984
2016-03-17,47.2599983215332,40.36980056762695
2016-03-18,47.470001220703125,40.5491828918457
2016-03-21,47.775001525878906,40.80972671508789
2016-03-22,48.14500045776367,41.12578201293945
2016-03-23,47.875,40.8951416015625
2016-03-24,47.779998779296875,40.81398010253906
2016-03-28,47.685001373291016,40.73283767700195
2016-03-29,48.2599983215332,41.22401428222656
2016-03-30,48.23500061035156,41.2026481628418
2016-03-31,48.150001525878906,41.13004684448242
2016-04-01,48.45500183105469,41.390594482421875
2016-04-04,48.959999084472656,41.82194900512695
2016-04-05,48.36000061035156,41.30944061279297
2016-04-06,49.77000045776367,42.51386260986328
2016-04-07,49.3650016784668,42.16791915893555
2016-04-08,49.29999923706055,42.11238098144531
2016-04-11,49.0099983215332,41.86466598510742
2016-04-12,49.42499923706055,42.21916580200195
2016-04-13,49.845001220703125,42.57793045043945
2016-04-14,49.974998474121094,42.68897247314453
2016-04-15,49.904998779296875,42.62918472290039
2016-04-18,50.415000915527344,43.06482696533203
2016-04-19,50.7400016784668,43.342445373535156
2016-04-20,50.834999084472656,43.423580169677734
2016-04-21,50.9900016784668,43.555992126464844
2016-04-22,51.060001373291016,43.615787506103516
2016-04-25,50.91999816894531,43.496192932128906
2016-04-26,50.650001525878906,43.265567779541016
2016-04-27,50.6349983215332,43.252750396728516
2016-04-28,50.25,42.92388916015625
2016-04-29,49.67499923706055,42.43271255493164
2016-05-02,50.040000915527344,42.744503021240234
2016-05-03,49.724998474121094,42.47542190551758
2016-05-04,49.13999938964844,41.975711822509766
2016-05-05,49.224998474121094,42.048316955566406
2016-05-06,48.93000030517578,41.796329498291016
2016-05-09,49.55500030517578,42.33020782470703
2016-05-10,49.994998931884766,42.7060661315918
2016-05-11,49.5099983215332,42.29176330566406
2016-05-12,49.20000076293945,42.02696990966797
2016-05-13,49.084999084472656,41.92873001098633
2016-05-16,49.66999816894531,42.42843246459961
2016-05-17,49.23500061035156,42.056861877441406
2016-05-18,49.36000061035156,42.16364669799805
2016-05-19,48.86000061035156,41.73653030395508
2016-05-20,49.38999938964844,42.18927001953125
2016-05-23,49.17499923706055,42.00560760498047
2016-05-24,49.900001525878906,42.62491226196289
2016-05-25,50.2400016784668,42.91533279418945
2016-05-26,50.26499938964844,42.936683654785156
2016-05-27,50.45500183105469,43.0989875793457
2016-05-31,50.43000030517578,43.07763671875
2016-06-01,50.60499954223633,43.22712326049805
2016-06-02,51.119998931884766,43.66704177856445
2016-06-03,51.18000030517578,43.71829605102539
2016-06-06,51.45000076293945,43.94892883300781
2016-06-07,51.31999969482422,43.83788299560547
2016-06-08,51.415000915527344,43.919029235839844
2016-06-09,51.15999984741211,43.70120620727539
2016-06-10,50.40999984741211,43.06055450439453
2016-06-13,50.0,42.71034240722656
2016-06-14,49.720001220703125,42.47115707397461
2016-06-15,49.560001373291016,42.334476470947266
2016-06-16,49.685001373291016,42.441253662109375
2016-06-17,49.3650016784668,42.16791915893555
2016-06-20,49.845001220703125,42.57793045043945
2016-06-21,49.5099983215332,42.68353271484375
2016-06-22,49.564998626708984,42.730953216552734
2016-06-23,50.244998931884766,43.31718826293945
2016-06-24,48.45500183105469,41.77399826049805
2016-06-27,48.01499938964844,41.394676208496094
2016-06-28,49.09000015258789,42.32144546508789
2016-06-29,50.04499816894531,43.1447639465332
2016-06-30,50.494998931884766,43.532711029052734
2016-07-01,50.834999084472656,43.825836181640625
2016-07-05,50.65999984741211,43.67497634887695
2016-07-06,51.11000061035156,44.062923431396484
2016-07-07,51.005001068115234,43.97240447998047
2016-07-08,51.470001220703125,44.373291015625
2016-07-11,51.54999923706055,44.442264556884766
2016-07-12,51.689998626708984,44.562965393066406
2016-07-13,51.654998779296875,44.53278350830078
2016-07-14,51.83000183105469,44.683658599853516
2016-07-15,51.70000076293945,44.57157516479492
2016-07-18,51.73500061035156,44.60176467895508
2016-07-19,51.529998779296875,44.425025939941406
2016-07-20,52.10499954223633,44.92074203491211
2016-07-21,52.05500030517578,44.87763595581055
2016-07-22,52.2400016784668,45.03712463378906
2016-07-25,52.15999984741211,44.96815490722656
2016-07-26,52.154998779296875,44.96384048461914
2016-07-27,52.34000015258789,45.12334060668945
2016-07-28,52.375,45.15350341796875
2016-07-29,52.630001068115234,45.373348236083984
2016-08-01,52.875,45.584564208984375
2016-08-02,52.76499938964844,45.48973083496094
2016-08-03,52.45000076293945,45.218162536621094
2016-08-04,52.474998474121094,45.239715576171875
2016-08-05,52.42499923706055,45.19662094116211
2016-08-08,51.915000915527344,44.75694274902344
2016-08-09,52.150001525878906,44.959529876708984
2016-08-10,51.95500183105469,44.791419982910156
2016-08-11,52.255001068115234,45.05005645751953
2016-08-12,52.11000061035156,44.925045013427734
2016-08-15,52.26499938964844,45.05868148803711
2016-08-16,51.89500045776367,44.73969650268555
2016-08-17,51.880001068115234,44.72676086425781
2016-08-18,51.849998474121094,44.700889587402344
2016-08-19,51.70500183105469,44.575889587402344
2016-08-22,51.810001373291016,44.66642379760742
2016-08-23,51.88999938964844,44.73537826538086
2016-08-24,51.165000915527344,44.1103401184082
2016-08-25,50.775001525878906,43.77412033081055
2016-08-26,50.755001068115234,43.75687789916992
2016-08-29,50.95500183105469,43.92930603027344
2016-08-30,50.75,43.752567291259766
2016-08-31,50.505001068115234,43.54135513305664
2016-09-01,50.345001220703125,43.403411865234375
2016-09-02,50.599998474121094,43.62324523925781
2016-09-06,50.82500076293945,43.817230224609375
2016-09-07,50.88999938964844,43.87325668334961
2016-09-08,50.869998931884766,43.85601806640625
2016-09-09,49.8650016784668,42.989593505859375
2016-09-12,50.59000015258789,43.6146240234375
2016-09-13,49.90999984741211,43.02838897705078
2016-09-14,49.915000915527344,43.03269958496094
2016-09-15,50.380001068115234,43.4335823059082
2016-09-16,50.31999969482422,43.38185119628906
2016-09-19,50.28499984741211,43.3516731262207
2016-09-20,50.56999969482422,43.59737777709961
2016-09-21,51.060001373291016,44.01982116699219
2016-09-22,51.400001525878906,44.31294250488281
2016-09-23,51.18000030517578,44.1232795715332
2016-09-26,50.60499954223633,43.6275634765625
2016-09-27,50.91999816894531,43.89912796020508
2016-09-28,51.025001525878906,43.989654541015625
2016-09-29,49.9900016784668,43.097354888916016
2016-09-30,50.369998931884766,43.42495346069336
2016-10-03,50.3650016784668,43.420650482177734
2016-10-04,50.244998931884766,43.31718826293945
2016-10-05,50.400001525878906,43.450828552246094
2016-10-06,50.1150016784668,43.205116271972656
2016-10-07,50.165000915527344,43.248226165771484
2016-10-10,50.279998779296875,43.34737014770508
2016-10-11,49.20000076293945,42.41627883911133
2016-10-12,48.900001525878906,42.157649993896484
2016-10-13,48.92499923706055,42.17919158935547
2016-10-14,48.61000061035156,41.90763854980469
2016-10-17,48.45500183105469,41.77399826049805
2016-10-18,48.98500061035156,42.230918884277344
2016-10-19,48.81999969482422,42.08867645263672
2016-10-20,48.994998931884766,42.23954391479492
2016-10-21,48.57500076293945,41.87745666503906
2016-10-24,48.459999084472656,41.77831268310547
2016-10-25,48.130001068115234,41.493812561035156
2016-10-26,47.80500030517578,41.21361541748047
2016-10-27,48.040000915527344,41.416221618652344
2016-10-28,47.2400016784668,40.72652053833008
2016-10-31,46.93000030517578,40.45927047729492
2016-11-01,46.73500061035156,40.2911491394043
2016-11-02,46.57500076293945,40.15321350097656
2016-11-03,46.19499969482422,39.82561492919922
2016-11-04,46.29999923706055,39.91613006591797
2016-11-07,47.20500183105469,40.69635009765625
2016-11-08,47.29499816894531,40.7739372253418
2016-11-09,48.94499969482422,42.196441650390625
2016-11-10,49.29499816894531,42.49817657470703
2016-11-11,48.64500045776367,41.93780517578125
2016-11-14,48.29999923706055,41.64036560058594
2016-11-15,48.349998474121094,41.683475494384766
2016-11-16,48.130001068115234,41.493812561035156
2016-11-17,48.375,41.70503616333008
2016-11-18,47.790000915527344,41.2006950378418
2016-11-21,47.8849983215332,41.2825927734375
2016-11-22,47.20000076293945,40.69204330444336
2016-11-23,47.20500183105469,40.69635009765625
2016-11-25,47.505001068115234,40.95499038696289
2016-11-28,47.165000915527344,40.661869049072266
2016-11-29,47.5,40.9506721496582
2016-11-30,47.07500076293945,40.58427810668945
2016-12-01,46.599998474121094,40.174774169921875
2016-12-02,46.83000183105469,40.37305450439453
2016-12-05,46.89500045776367,40.4290885925293
2016-12-06,46.959999084472656,40.485130310058594
2016-12-07,46.6349983215332,40.20493698120117
2016-12-08,46.529998779296875,40.114418029785156
2016-12-09,47.21500015258789,40.70498275756836
2016-12-12,47.345001220703125,40.817047119140625
2016-12-13,47.915000915527344,41.30845642089844
2016-12-14,47.4900016784668,40.94205856323242
2016-12-15,47.72999954223633,41.148956298828125
2016-12-16,47.845001220703125,41.248111724853516
2016-12-19,47.66999816894531,41.09723663330078
2016-12-20,47.70500183105469,41.127418518066406
2016-12-21,47.5099983215332,40.95929718017578
2016-12-22,47.220001220703125,41.021846771240234
2016-12-23,47.52000045776367,41.282470703125
2016-12-27,47.619998931884766,41.36934280395508
2016-12-28,47.33000183105469,41.11740493774414
2016-12-29,47.459999084472656,41.23035430908203
2016-12-30,47.40999984741211,41.18689727783203
2017-01-03,47.974998474121094,41.6777458190918
2017-01-04,48.29499816894531,41.95574188232422
2017-01-05,48.7599983215332,42.35969924926758
2017-01-06,48.77000045776367,42.3683967590332
2017-01-09,48.915000915527344,42.49435806274414
2017-01-10,49.099998474121094,42.655067443847656
2017-01-11,48.595001220703125,42.216373443603516
2017-01-12,48.5099983215332,42.14252471923828
2017-01-13,48.630001068115234,42.24677276611328
2017-01-17,48.474998474121094,42.11211013793945
2017-01-18,48.334999084472656,41.99049377441406
2017-01-19,48.064998626708984,41.755924224853516
2017-01-20,48.01499938964844,41.712493896484375
2017-01-23,47.80500030517578,41.530052185058594
2017-01-24,47.51499938964844,41.27811813354492
2017-01-25,48.005001068115234,41.703800201416016
2017-01-26,47.85499954223633,41.5734977722168
2017-01-27,48.09000015258789,41.77765655517578
2017-01-30,47.970001220703125,41.67340087890625
2017-01-31,48.54499816894531,42.17292022705078
2017-02-01,48.78499984741211,42.38142395019531
2017-02-02,48.724998474121094,42.32930374145508
2017-02-03,49.099998474121094,42.655067443847656
2017-02-06,48.994998931884766,42.563865661621094
2017-02-07,49.095001220703125,42.650733947753906
2017-02-08,49.06999969482422,42.62901306152344
2017-02-09,49.40999984741211,42.92438888549805
2017-02-10,49.505001068115234,43.00691604614258
2017-02-13,49.72999954223633,43.2023811340332
2017-02-14,49.93000030517578,43.376136779785156
2017-02-15,50.375,43.76271438598633
2017-02-16,50.564998626708984,43.92778015136719
2017-02-17,50.6150016784668,43.971221923828125
2017-02-21,50.775001525878906,44.11021041870117
2017-02-22,50.724998474121094,44.0667724609375
2017-02-23,51.04999923706055,44.3491096496582
2017-02-24,51.165000915527344,44.44902420043945
2017-02-27,51.2599983215332,44.531551361083984
2017-02-28,51.189998626708984,44.47073745727539
2017-03-01,51.60499954223633,44.831268310546875
2017-03-02,51.560001373291016,44.792171478271484
2017-03-03,51.8650016784668,45.05713653564453
2017-03-06,51.599998474121094,44.8269157409668
2017-03-07,51.21500015258789,44.492462158203125
2017-03-08,51.275001525878906,44.54458999633789
2017-03-09,51.6150016784668,44.8399543762207
2017-03-10,51.900001525878906,45.08755111694336
2017-03-13,51.939998626708984,45.12229537963867
2017-03-14,51.744998931884766,44.952884674072266
2017-03-15,52.29499816894531,45.43069839477539
2017-03-16,52.0,45.174415588378906
2017-03-17,51.81999969482422,45.01805114746094
2017-03-20,51.7400016784668,44.948543548583984
2017-03-21,51.275001525878906,44.54458999633789
2017-03-22,51.34000015258789,44.601051330566406
2017-03-23,51.345001220703125,44.60540008544922
2017-03-24,51.34000015258789,44.601051330566406
2017-03-27,51.60499954223633,44.831268310546875
2017-03-28,51.70500183105469,44.91813659667969
2017-03-29,51.60499954223633,44.831268310546875
2017-03-30,51.560001373291016,44.792171478271484
2017-03-31,51.39500045776367,44.64883041381836
2017-04-03,51.51499938964844,44.75307846069336
2017-04-04,51.525001525878906,44.76177215576172
2017-04-05,51.29499816894531,44.56195831298828
2017-04-06,51.29999923706055,44.566307067871094
2017-04-07,51.369998931884766,44.62710952758789
2017-04-10,51.20500183105469,44.4837646484375
2017-04-11,51.369998931884766,44.62710952758789
2017-04-12,51.38999938964844,44.64448165893555
2017-04-13,51.15999984741211,44.444679260253906
2017-04-17,51.42499923706055,44.674896240234375
2017-04-18,50.935001373291016,44.24921417236328
2017-04-19,50.915000915527344,44.23183822631836
2017-04-20,51.224998474121094,44.50114440917969
2017-04-21,50.97999954223633,44.288299560546875
2017-04-24,51.64500045776367,44.86602020263672
2017-04-25,51.96500015258789,45.14401626586914
2017-04-26,52.040000915527344,45.20917510986328
2017-04-27,52.32500076293945,45.45675277709961
2017-04-28,52.415000915527344,45.53495407104492
2017-05-01,52.439998626708984,45.55666732788086
2017-05-02,52.7599983215332,45.834651947021484
2017-05-03,52.665000915527344,45.752132415771484
2017-05-04,53.0099983215332,46.051841735839844
2017-05-05,53.10499954223633,46.13437271118164
2017-05-08,52.76499938964844,45.83900451660156
2017-05-09,52.80500030517578,45.87375259399414
2017-05-10,52.78499984741211,45.856380462646484
2017-05-11,52.755001068115234,45.830318450927734
2017-05-12,52.9900016784668,46.03446960449219
2017-05-15,53.2599983215332,46.26902770996094
2017-05-16,53.34000015258789,46.338523864746094
2017-05-17,52.71500015258789,45.795562744140625
2017-05-18,52.94499969482422,45.99538040161133
2017-05-19,53.03499984741211,46.07356643676758
2017-05-22,53.16999816894531,46.19084548950195
2017-05-23,53.2400016784668,46.25166320800781
2017-05-24,53.33000183105469,46.3298454284668
2017-05-25,53.494998931884766,46.47318649291992
2017-05-26,53.345001220703125,46.34287643432617
2017-05-30,53.369998931884766,46.364585876464844
2017-05-31,53.66999816894531,46.625205993652344
2017-06-01,54.18000030517578,47.06826400756836
2017-06-02,54.54499816894531,47.38535690307617
2017-06-05,54.32500076293945,47.19424057006836
2017-06-06,54.05500030517578,46.95967483520508
2017-06-07,54.01499938964844,46.9249267578125
2017-06-08,53.935001373291016,46.855430603027344
2017-06-09,54.02000045776367,46.92927169799805
2017-06-12,53.9900016784668,46.90321350097656
2017-06-13,54.165000915527344,47.055240631103516
2017-06-14,54.40999984741211,47.2680778503418
2017-06-15,54.290000915527344,47.163841247558594
2017-06-16,54.470001220703125,47.32020568847656
2017-06-19,54.95000076293945,47.73720169067383
2017-06-20,54.52000045776367,47.793304443359375
2017-06-21,55.005001068115234,48.21846389770508
2017-06-22,55.685001373291016,48.81456756591797
2017-06-23,55.709999084472656,48.83647918701172
2017-06-26,55.58000183105469,48.7225227355957
2017-06-27,55.20000076293945,48.389408111572266
2017-06-28,55.38999938964844,48.55595397949219
2017-06-29,54.779998779296875,48.02122116088867
2017-06-30,54.67499923706055,47.92917251586914
2017-07-03,54.595001220703125,47.85905075073242
2017-07-05,54.744998931884766,47.990543365478516
2017-07-06,54.07500076293945,47.40321350097656
2017-07-07,54.34000015258789,47.635501861572266
2017-07-10,54.209999084472656,47.521549224853516
2017-07-11,54.1150016784668,47.43827819824219
2017-07-12,54.66999816894531,47.92479705810547
2017-07-13,54.625,47.885353088378906
2017-07-14,54.95500183105469,48.17464065551758
2017-07-17,54.80500030517578,48.04313659667969
2017-07-18,54.834999084472656,48.069427490234375
2017-07-19,55.125,48.32365417480469
2017-07-20,55.52000045776367,48.669921875
2017-07-21,55.380001068115234,48.54719924926758
2017-07-24,55.30500030517578,48.4814453125
2017-07-25,55.08000183105469,48.28421401977539
2017-07-26,54.97999954223633,48.19654083251953
2017-07-27,54.470001220703125,47.749473571777344
2017-07-28,54.650001525878906,47.90726089477539
2017-07-31,54.744998931884766,47.990543365478516
2017-08-01,54.6150016784668,47.87657928466797
2017-08-02,54.459999084472656,47.74070739746094
2017-08-03,54.52000045776367,47.793304443359375
2017-08-04,54.38999938964844,47.67934799194336
2017-08-07,54.43000030517578,47.71440505981445
2017-08-08,54.20000076293945,47.512786865234375
2017-08-09,54.26499938964844,47.56976318359375
2017-08-10,53.595001220703125,46.98242950439453
2017-08-11,53.77000045776367,47.13582992553711
2017-08-14,54.060001373291016,47.39006042480469
2017-08-15,54.10499954223633,47.42950439453125
2017-08-16,54.275001525878906,47.578529357910156
2017-08-17,53.689998626708984,47.06570816040039
2017-08-18,53.525001525878906,46.921058654785156
2017-08-21,53.68000030517578,47.056941986083984
2017-08-22,54.279998779296875,47.58291244506836
2017-08-23,53.93000030517578,47.27609634399414
2017-08-24,54.025001525878906,47.35936737060547
2017-08-25,54.15999984741211,47.47772216796875
2017-08-28,54.36000061035156,47.65304183959961
2017-08-29,54.4900016784668,47.766998291015625
2017-08-30,54.59000015258789,47.85466003417969
2017-08-31,55.38999938964844,48.55595397949219
2017-09-01,55.474998474121094,48.63046646118164
2017-09-05,55.22999954223633,48.41570281982422
2017-09-06,55.540000915527344,48.68745422363281
2017-09-07,56.11000061035156,49.187129974365234
2017-09-08,56.32500076293945,49.37560272216797
2017-09-11,56.720001220703125,49.72186279296875
2017-09-12,56.790000915527344,49.783241271972656
2017-09-13,56.52000045776367,49.54654312133789
2017-09-14,56.630001068115234,49.64297103881836
2017-09-15,56.560001373291016,49.58160400390625
2017-09-18,56.43000030517578,49.4676513671875
2017-09-19,56.209999084472656,49.27478790283203
2017-09-20,56.220001220703125,49.28355407714844
2017-09-21,56.060001373291016,49.14329147338867
2017-09-22,56.165000915527344,49.235347747802734
2017-09-25,56.07500076293945,49.15644454956055
2017-09-26,55.78499984741211,48.90221405029297
2017-09-27,55.75,48.87154006958008
2017-09-28,55.82500076293945,48.93729782104492
2017-09-29,56.22999954223633,49.292320251464844
2017-10-02,56.685001373291016,49.691184997558594
2017-10-03,56.709999084472656,49.71309280395508
2017-10-04,56.939998626708984,49.91471862792969
2017-10-05,56.849998474121094,49.835819244384766
2017-10-06,56.84000015258789,49.827056884765625
2017-10-09,56.5,49.52901077270508
2017-10-10,56.64500045776367,49.65612030029297
2017-10-11,56.78499984741211,49.778839111328125
2017-10-12,56.744998931884766,49.743778228759766
2017-10-13,56.68000030517578,49.68680191040039
2017-10-16,56.53499984741211,49.5596923828125
2017-10-17,56.994998931884766,49.962928771972656
2017-10-18,57.125,50.076900482177734
2017-10-19,57.39500045776367,50.3135871887207
2017-10-20,57.275001525878906,50.20838928222656
2017-10-23,57.16999816894531,50.116336822509766
2017-10-24,56.67499923706055,49.68241500854492
2017-10-25,56.3849983215332,49.428199768066406
2017-10-26,55.77000045776367,48.88908004760742
2017-10-27,55.84000015258789,48.950435638427734
2017-10-30,55.51499938964844,48.66554260253906
2017-10-31,55.43000030517578,48.59101867675781
2017-11-01,55.6150016784668,48.753204345703125
2017-11-02,55.26499938964844,48.446380615234375
2017-11-03,55.73500061035156,48.858394622802734
2017-11-06,55.59000015258789,48.73128890991211
2017-11-07,55.52000045776367,48.669921875
2017-11-08,55.650001525878906,48.78388595581055
2017-11-09,55.52000045776367,48.669921875
2017-11-10,55.23500061035156,48.42009353637695
2017-11-13,55.20500183105469,48.39379119873047
2017-11-14,55.099998474121094,48.30174255371094
2017-11-15,54.91999816894531,48.143951416015625
2017-11-16,55.474998474121094,48.63046646118164
2017-11-17,55.39500045776367,48.560340881347656
2017-11-20,55.345001220703125,48.51652145385742
2017-11-21,55.75,48.87154006958008
2017-11-22,55.880001068115234,48.98550796508789
2017-11-24,56.029998779296875,49.117000579833984
2017-11-27,56.005001068115234,49.0950813293457
2017-11-28,56.27000045776367,49.327396392822266
2017-11-29,56.415000915527344,49.454498291015625
2017-11-30,56.73500061035156,49.735015869140625
2017-12-01,56.689998626708984,49.695560455322266
2017-12-04,56.05500030517578,49.13892364501953
2017-12-05,55.77000045776367,48.88908004760742
2017-12-06,55.685001373291016,48.81456756591797
2017-12-07,55.71500015258789,48.84086608886719
2017-12-08,56.21500015258789,49.279170989990234
2017-12-11,56.48500061035156,49.51586151123047
2017-12-12,56.720001220703125,49.72186279296875
2017-12-13,56.8650016784668,49.848976135253906
2017-12-14,56.45000076293945,49.48517990112305
2017-12-15,56.92499923706055,49.901573181152344
2017-12-18,57.119998931884766,50.072513580322266
2017-12-19,57.04499816894531,50.00676345825195
2017-12-20,56.720001220703125,49.72186279296875
2017-12-21,56.4900016784668,49.81049346923828
2017-12-22,56.290000915527344,49.634132385253906
2017-12-26,56.36000061035156,49.69585418701172
2017-12-27,56.44499969482422,49.77080154418945
2017-12-28,56.51499938964844,49.832523345947266
2017-12-29,56.2599983215332,49.60768127441406
2018-01-02,56.8650016784668,50.141143798828125
2018-01-03,57.3650016784668,50.58202362060547
2018-01-04,57.439998626708984,50.648155212402344
2018-01-05,58.03499984741211,51.17280197143555
2018-01-08,57.79999923706055,50.965579986572266
2018-01-09,58.25,51.36237716674805
2018-01-10,58.04499816894531,51.181617736816406
2018-01-11,58.22999954223633,51.34474563598633
2018-01-12,58.709999084472656,51.76798629760742
2018-01-16,58.7400016784668,51.79444122314453
2018-01-17,59.1349983215332,52.14272689819336
2018-01-18,59.08000183105469,52.094242095947266
2018-01-19,59.38999938964844,52.36757278442383
2018-01-22,59.709999084472656,52.649742126464844
2018-01-23,59.66999816894531,52.614471435546875
2018-01-24,60.040000915527344,52.940731048583984
2018-01-25,60.435001373291016,53.28902053833008
2018-01-26,61.529998779296875,54.25453567504883
2018-01-29,61.310001373291016,54.06055450439453
2018-01-30,60.154998779296875,53.04212188720703
2018-01-31,59.47999954223633,52.446937561035156
2018-02-01,59.29999923706055,52.28822708129883
2018-02-02,58.415000915527344,51.507869720458984
2018-02-05,55.85499954223633,49.25056076049805
2018-02-06,56.4900016784668,49.81049346923828
2018-02-07,56.400001525878906,49.73112869262695
2018-02-08,54.67499923706055,48.21009063720703
2018-02-09,55.26499938964844,48.73032760620117
2018-02-12,55.91999816894531,49.307884216308594
2018-02-13,55.84000015258789,49.23733139038086
2018-02-14,56.625,49.92952346801758
2018-02-15,57.290000915527344,50.515892028808594
2018-02-16,57.61000061035156,50.798057556152344
2018-02-20,56.935001373291016,50.20286560058594
2018-02-21,56.67499923706055,49.97360610961914
2018-02-22,56.83000183105469,50.11028289794922
2018-02-23,57.540000915527344,50.736331939697266
2018-02-26,58.220001220703125,51.335933685302734
2018-02-27,57.595001220703125,50.784828186035156
2018-02-28,56.654998779296875,49.955970764160156
2018-03-01,55.880001068115234,49.27261734008789
2018-03-02,56.29999923706055,49.642948150634766
2018-03-05,56.904998779296875,50.17640686035156
2018-03-06,56.89500045776367,50.16759490966797
2018-03-07,57.130001068115234,50.37480926513672
2018-03-08,57.474998474121094,50.679019927978516
2018-03-09,58.15999984741211,51.283016204833984
2018-03-12,58.064998626708984,51.19924545288086
2018-03-13,57.939998626708984,51.08903503417969
2018-03-14,57.689998626708984,50.86859130859375
2018-03-15,57.654998779296875,50.837730407714844
2018-03-16,57.70000076293945,50.87741470336914
2018-03-19,56.89500045776367,50.16759490966797
2018-03-20,56.95500183105469,50.22050476074219
2018-03-21,56.79999923706055,50.08382797241211
2018-03-22,55.40999984741211,48.85818862915039
2018-03-23,54.36000061035156,47.93233871459961
2018-03-26,55.30500030517578,48.765594482421875
2018-03-27,54.869998931884766,48.38203430175781
2018-03-28,55.369998931884766,48.822914123535156
2018-03-29,55.66999816894531,49.087440490722656
2018-04-02,54.505001068115234,48.06018829345703
2018-04-03,55.255001068115234,48.72151184082031
2018-04-04,55.89500045776367,49.28583908081055
2018-04-05,55.93000030517578,49.31669616699219
2018-04-06,54.935001373291016,48.43934631347656
2018-04-09,55.52000045776367,48.955177307128906
2018-04-10,56.334999084472656,49.67380905151367
2018-04-11,55.76499938964844,49.17121124267578
2018-04-12,56.17499923706055,49.5327262878418
2018-04-13,56.03499984741211,49.40928649902344
2018-04-16,56.38999938964844,49.72230529785156
2018-04-17,56.79499816894531,50.07941436767578
2018-04-18,56.845001220703125,50.123512268066406
2018-04-19,56.33000183105469,49.669403076171875
2018-04-20,55.939998626708984,49.32551956176758
2018-04-23,56.04999923706055,49.422515869140625
2018-04-24,55.70500183105469,49.11830139160156
2018-04-25,55.869998931884766,49.263790130615234
2018-04-26,56.470001220703125,49.792842864990234
2018-04-27,56.654998779296875,49.955970764160156
2018-04-30,56.08000183105469,49.44896697998047
2018-05-01,55.869998931884766,49.263790130615234
2018-05-02,55.4900016784668,48.92873001098633
2018-05-03,55.150001525878906,48.62893295288086
2018-05-04,55.459999084472656,48.90226364135742
2018-05-07,55.47999954223633,48.91990661621094
2018-05-08,55.189998626708984,48.6641960144043
2018-05-09,55.380001068115234,48.83173751831055
2018-05-10,55.95000076293945,49.33433532714844
2018-05-11,56.630001068115234,49.93393325805664
2018-05-14,57.060001373291016,50.313087463378906
2018-05-15,56.349998474121094,49.68703842163086
2018-05-16,56.779998779296875,50.066192626953125
2018-05-17,56.810001373291016,50.092647552490234
2018-05-18,56.849998474121094,50.12791061401367
2018-05-21,56.95000076293945,50.216087341308594
2018-05-22,56.900001525878906,50.1720085144043
2018-05-23,56.75,50.03974533081055
2018-05-24,56.689998626708984,49.9868278503418
2018-05-25,56.54999923706055,49.86338806152344
2018-05-29,55.869998931884766,49.263790130615234
2018-05-30,56.720001220703125,50.01328659057617
2018-05-31,56.16999816894531,49.5283088684082
2018-06-01,56.83000183105469,50.11028289794922
2018-06-04,56.900001525878906,50.1720085144043
2018-06-05,56.75,50.03974533081055
2018-06-06,57.25,50.48062515258789
2018-06-07,57.18000030517578,50.418888092041016
2018-06-08,57.5,50.70106506347656
2018-06-11,57.59000015258789,50.780418395996094
2018-06-12,57.4900016784668,50.692237854003906
2018-06-13,57.59000015258789,50.780418395996094
2018-06-14,57.77000045776367,50.93914031982422
2018-06-15,57.90999984741211,51.06257629394531
2018-06-18,57.41999816894531,50.630516052246094
2018-06-19,56.939998626708984,50.664329528808594
2018-06-20,57.18000030517578,50.87787628173828
2018-06-21,56.9900016784668,50.70882034301758
2018-06-22,57.349998474121094,51.02914047241211
2018-06-25,56.68000030517578,50.4329833984375
2018-06-26,56.630001068115234,50.388492584228516
2018-06-27,56.06999969482422,49.89021301269531
2018-06-28,56.15999984741211,49.97029495239258
2018-06-29,56.439998626708984,50.219444274902344
2018-07-02,56.43000030517578,50.21054458618164
2018-07-03,56.61000061035156,50.37070083618164
2018-07-05,57.18000030517578,50.87787628173828
2018-07-06,57.88999938964844,51.509620666503906
2018-07-09,58.31999969482422,51.892234802246094
2018-07-10,58.5,52.05238723754883
2018-07-11,57.97999954223633,51.58970260620117
2018-07-12,58.689998626708984,52.22145080566406
2018-07-13,58.970001220703125,52.47060012817383
2018-07-16,58.619998931884766,52.1591682434082
2018-07-17,58.959999084472656,52.461692810058594
2018-07-18,58.9900016784668,52.48838806152344
2018-07-19,58.70000076293945,52.2303466796875
2018-07-20,58.86000061035156,52.372711181640625
2018-07-23,58.900001525878906,52.40830993652344
2018-07-24,59.33000183105469,52.790916442871094
2018-07-25,59.970001220703125,53.36037826538086
2018-07-26,59.880001068115234,53.280303955078125
2018-07-27,59.560001373291016,52.995567321777344
2018-07-30,59.52000045776367,52.95998001098633
2018-07-31,60.0099983215332,53.395973205566406
2018-08-01,60.099998474121094,53.47605514526367
2018-08-02,60.22999954223633,53.59172058105469
2018-08-03,60.40999984741211,53.75188064575195
2018-08-06,60.459999084472656,53.79636764526367
2018-08-07,60.529998779296875,53.85865020751953
2018-08-08,60.47999954223633,53.81415939331055
2018-08-09,60.400001525878906,53.74298095703125
2018-08-10,59.95000076293945,53.34258270263672
2018-08-13,59.77000045776367,53.18241882324219
2018-08-14,60.040000915527344,53.42265701293945
2018-08-15,59.849998474121094,53.25360870361328
2018-08-16,60.27000045776367,53.6273078918457
2018-08-17,60.630001068115234,53.9476318359375
2018-08-20,60.880001068115234,54.17008590698242
2018-08-21,61.08000183105469,54.3480339050293
2018-08-22,61.13999938964844,54.401432037353516
2018-08-23,60.9900016784668,54.267948150634766
2018-08-24,61.27000045776367,54.5171012878418
2018-08-27,61.650001525878906,54.85520553588867
2018-08-28,61.619998931884766,54.82851791381836
2018-08-29,62.0099983215332,55.17554473876953
2018-08-30,61.84000015258789,55.02426528930664
2018-08-31,61.650001525878906,54.85520553588867
2018-09-04,61.20000076293945,54.45480728149414
2018-09-05,61.209999084472656,54.46371078491211
2018-09-06,61.099998474121094,54.36583709716797
2018-09-07,61.0099983215332,54.28575897216797
2018-09-10,61.130001068115234,54.39253616333008
2018-09-11,61.029998779296875,54.30353927612305
2018-09-12,61.41999816894531,54.65055465698242
2018-09-13,62.0,55.1666374206543
2018-09-14,61.84000015258789,55.02426528930664
2018-09-17,61.68000030517578,54.881900787353516
2018-09-18,62.11000061035156,55.2645149230957
2018-09-19,61.93000030517578,55.10435104370117
2018-09-20,62.56999969482422,55.67381286621094
2018-09-21,62.630001068115234,55.727195739746094
2018-09-24,62.59000015258789,55.69160079956055
2018-09-25,62.61000061035156,55.709407806396484
2018-09-26,62.7400016784668,55.8250846862793
2018-09-27,63.0099983215332,56.0653190612793
2018-09-28,62.97999954223633,56.03862380981445
2018-10-01,63.40999984741211,56.421241760253906
2018-10-02,63.279998779296875,56.30555725097656
2018-10-03,63.2599983215332,56.28776550292969
2018-10-04,62.59000015258789,55.69160079956055
2018-10-05,62.439998626708984,55.55815124511719
2018-10-08,62.209999084472656,55.353492736816406
2018-10-09,62.29999923706055,55.433563232421875
2018-10-10,60.9900016784668,54.267948150634766
2018-10-11,59.61000061035156,53.040042877197266
2018-10-12,60.22999954223633,53.59172058105469
2018-10-15,60.02000045776367,53.404869079589844
2018-10-16,61.540000915527344,54.75733947753906
2018-10-17,61.65999984741211,54.86412048339844
2018-10-18,61.04999923706055,54.321346282958984
2018-10-19,60.849998474121094,54.14338302612305
2018-10-22,60.38999938964844,53.73408126831055
2018-10-23,59.91999816894531,53.31588363647461
2018-10-24,57.88999938964844,51.509620666503906
2018-10-25,58.43000030517578,51.99010467529297
2018-10-26,57.90999984741211,51.52741241455078
2018-10-29,58.06999969482422,51.66978073120117
2018-10-30,58.84000015258789,52.35492706298828
2018-10-31,59.029998779296875,52.52397918701172
2018-11-01,59.709999084472656,53.129032135009766
2018-11-02,59.22999954223633,52.701934814453125
2018-11-05,59.77000045776367,53.18241882324219
2018-11-06,59.97999954223633,53.369285583496094
2018-11-07,61.630001068115234,54.83741760253906
2018-11-08,61.4900016784668,54.71284866333008
2018-11-09,61.41999816894531,54.65055465698242
2018-11-12,60.52000045776367,53.849754333496094
2018-11-13,60.209999084472656,53.57392883300781
2018-11-14,59.88999938964844,53.28919219970703
2018-11-15,60.20000076293945,53.565032958984375
2018-11-16,60.7400016784668,54.04550552368164
2018-11-19,60.08000183105469,53.458251953125
2018-11-20,59.5,52.94217300415039
2018-11-21,59.439998626708984,52.88878631591797
2018-11-23,59.41999816894531,52.870994567871094
2018-11-26,60.06999969482422,53.44934844970703
2018-11-27,60.34000015258789,53.68959045410156
2018-11-28,61.650001525878906,54.85520553588867
2018-11-29,61.7400016784668,54.9352912902832
2018-11-30,62.400001525878906,55.522544860839844
2018-12-03,62.63999938964844,55.73609924316406
2018-12-04,61.31999969482422,54.56158447265625
2018-12-06,60.84000015258789,54.13448715209961
2018-12-07,59.66999816894531,53.093441009521484
2018-12-10,59.75,53.16463088989258
2018-12-11,59.81999969482422,53.22691345214844
2018-12-12,60.540000915527344,53.8675537109375
2018-12-13,60.560001373291016,53.88534927368164
2018-12-14,58.810001373291016,52.328224182128906
2018-12-17,57.7400016784668,51.376155853271484
2018-12-18,57.04999923706055,51.06911087036133
2018-12-19,56.209999084472656,50.317176818847656
2018-12-20,55.7400016784668,49.896453857421875
2018-12-21,55.0099983215332,49.242977142333984
2018-12-24,53.91999816894531,48.267242431640625
2018-12-26,55.88999938964844,50.030723571777344
2018-12-27,56.2400016784668,50.34403610229492
2018-12-28,56.150001525878906,50.561946868896484
2018-12-31,56.650001525878906,51.01218795776367
2019-01-02,55.9900016784668,50.417869567871094
2019-01-03,55.20000076293945,49.70649337768555
2019-01-04,56.790000915527344,51.13825225830078
2019-01-07,56.95000076293945,51.2823371887207
2019-01-08,57.540000915527344,51.8136100769043
2019-01-09,57.84000015258789,52.083763122558594
2019-01-10,58.0099983215332,52.23683547973633
2019-01-11,58.02000045776367,52.245845794677734
2019-01-14,57.369998931884766,51.6605339050293
2019-01-15,58.18000030517578,52.38991928100586
2019-01-16,58.08000183105469,52.29987335205078
2019-01-17,58.560001373291016,52.73210144042969
2019-01-18,59.119998931884766,53.236366271972656
2019-01-22,58.689998626708984,52.84916305541992
2019-01-23,58.790000915527344,52.939205169677734
2019-01-24,58.34000015258789,52.53399658203125
2019-01-25,58.40999984741211,52.59703826904297
2019-01-28,57.869998931884766,52.11077117919922
2019-01-29,58.20000076293945,52.407928466796875
2019-01-30,58.7599983215332,52.912200927734375
2019-01-31,59.5,53.578548431396484
2019-02-01,59.63999938964844,53.704612731933594
2019-02-04,59.54999923706055,53.623573303222656
2019-02-05,59.54999923706055,53.623573303222656
2019-02-06,59.650001525878906,53.7136344909668
2019-02-07,59.130001068115234,53.24537658691406
2019-02-08,59.27000045776367,53.371437072753906
2019-02-11,59.02000045776367,53.14632034301758
2019-02-12,59.90999984741211,53.947750091552734
2019-02-13,59.86000061035156,53.90272903442383
2019-02-14,60.06999969482422,54.09182357788086
2019-02-15,60.9900016784668,54.92026138305664
2019-02-19,60.869998931884766,54.81221389770508
2019-02-20,60.880001068115234,54.82121276855469
2019-02-21,60.40999984741211,54.39799118041992
2019-02-22,60.779998779296875,54.731170654296875
2019-02-25,60.9900016784668,54.92026138305664
2019-02-26,60.95000076293945,54.884246826171875
2019-02-27,60.70000076293945,54.65913391113281
2019-02-28,60.630001068115234,54.59609603881836
2019-03-01,61.33000183105469,55.226436614990234
2019-03-04,60.81999969482422,54.76718521118164
2019-03-05,60.88999938964844,54.83021926879883
2019-03-06,60.209999084472656,54.217899322509766
2019-03-07,59.59000015258789,53.65959548950195
2019-03-08,59.61000061035156,53.67759704589844
2019-03-11,60.099998474121094,54.11884307861328
2019-03-12,60.400001525878906,54.388980865478516
2019-03-13,61.09000015258789,55.010311126708984
2019-03-14,60.95000076293945,54.884246826171875
2019-03-15,61.349998474121094,55.244441986083984
2019-03-18,61.2400016784668,55.1453971862793
2019-03-19,61.689998626708984,55.55060577392578
2019-03-20,61.40999984741211,55.29846954345703
2019-03-21,61.470001220703125,55.35250473022461
2019-03-22,60.38999938964844,54.379974365234375
2019-03-25,60.40999984741211,54.39799118041992
2019-03-26,60.83000183105469,54.776187896728516
2019-03-27,60.41999816894531,54.4069938659668
2019-03-28,60.599998474121094,54.56908416748047
2019-03-29,61.099998474121094,55.01932144165039
2019-04-01,61.27000045776367,55.17240905761719
2019-04-02,61.2599983215332,55.163394927978516
2019-04-03,61.18000030517578,55.091365814208984
2019-04-04,60.959999084472656,54.893253326416016
2019-04-05,61.2599983215332,55.163394927978516
2019-04-08,61.18000030517578,55.091365814208984
2019-04-09,61.08000183105469,55.00130844116211
2019-04-10,61.09000015258789,55.010311126708984
2019-04-11,60.43000030517578,54.41600036621094
2019-04-12,59.779998779296875,53.83069610595703
2019-04-15,60.0099983215332,54.03780746459961
2019-04-16,58.970001220703125,53.1013069152832
2019-04-17,57.599998474121094,51.867645263671875
2019-04-18,57.439998626708984,51.72356414794922
2019-04-22,57.47999954223633,51.75958251953125
2019-04-23,58.209999084472656,52.41693115234375
2019-04-24,58.25,52.45295333862305
2019-04-25,58.72999954223633,52.88517761230469
2019-04-26,59.31999969482422,53.41646194458008
2019-04-29,59.400001525878906,53.48851013183594
2019-04-30,59.59000015258789,53.65959548950195
2019-05-01,59.290000915527344,53.38945770263672
2019-05-02,59.560001373291016,53.63258743286133
2019-05-03,60.099998474121094,54.11884307861328
2019-05-06,60.22999954223633,54.23590850830078
2019-05-07,59.279998779296875,53.38044357299805
2019-05-08,59.47999954223633,53.56053924560547
2019-05-09,59.279998779296875,53.38044357299805
2019-05-10,59.290000915527344,53.38945770263672
2019-05-13,58.220001220703125,52.425941467285156
2019-05-14,58.47999954223633,52.660064697265625
2019-05-15,58.63999938964844,52.80414581298828
2019-05-16,59.15999984741211,53.272396087646484
2019-05-17,59.06999969482422,53.19135284423828
2019-05-20,59.040000915527344,53.16433334350586
2019-05-21,59.380001068115234,53.47048568725586
2019-05-22,59.779998779296875,53.83069610595703
2019-05-23,59.619998931884766,53.68661117553711
2019-05-24,59.959999084472656,53.99277114868164
2019-05-28,59.119998931884766,53.236366271972656
2019-05-29,58.54999923706055,52.72309875488281
2019-05-30,58.7599983215332,52.912200927734375
2019-05-31,58.36000061035156,52.552005767822266
2019-06-03,58.72999954223633,52.88517761230469
2019-06-04,59.40999984741211,53.49750900268555
2019-06-05,59.77000045776367,53.821685791015625
2019-06-06,60.040000915527344,54.06481170654297
2019-06-07,60.70000076293945,54.65913391113281
2019-06-10,60.959999084472656,54.893253326416016
2019-06-11,60.93000030517578,54.866249084472656
2019-06-12,61.15999984741211,55.0733528137207
2019-06-13,61.16999816894531,55.08234786987305
2019-06-14,60.90999984741211,54.84822463989258
2019-06-17,60.619998931884766,55.03616714477539
2019-06-18,61.25,55.60813522338867
2019-06-19,61.84000015258789,56.1437873840332
2019-06-20,62.09000015258789,56.37076187133789
2019-06-21,62.06999969482422,56.35260009765625
2019-06-24,61.97999954223633,56.27088928222656
2019-06-25,61.7400016784668,56.053001403808594
2019-06-26,61.130001068115234,55.49918746948242
2019-06-27,61.43000030517578,55.771549224853516
2019-06-28,61.709999084472656,56.025760650634766
2019-07-01,61.970001220703125,56.261810302734375
2019-07-02,62.27000045776367,56.534175872802734
2019-07-03,62.779998779296875,56.99720001220703
2019-07-05,62.33000183105469,56.58865737915039
2019-07-08,61.849998474121094,56.152862548828125
2019-07-09,61.900001525878906,56.1982536315918
2019-07-10,62.119998931884766,56.39799118041992
2019-07-11,61.880001068115234,56.18010330200195
2019-07-12,61.18000030517578,55.544578552246094
2019-07-15,61.5,55.83509826660156
2019-07-16,61.16999816894531,55.535499572753906
2019-07-17,61.310001373291016,55.66261291503906
2019-07-18,61.77000045776367,56.08023452758789
2019-07-19,61.11000061035156,55.48103332519531
2019-07-22,61.08000183105469,55.45378875732422
2019-07-23,61.38999938964844,55.735233306884766
2019-07-24,61.459999084472656,55.798789978027344
2019-07-25,61.0099983215332,55.390235900878906
2019-07-26,61.459999084472656,55.798789978027344
2019-07-29,61.66999816894531,55.989444732666016
2019-07-30,61.290000915527344,55.644447326660156
2019-07-31,60.79999923706055,55.199588775634766
2019-08-01,61.099998474121094,55.471946716308594
2019-08-02,60.900001525878906,55.29037857055664
2019-08-05,59.43000030517578,53.955772399902344
2019-08-06,59.959999084472656,54.43696212768555
2019-08-07,60.20000076293945,54.65484619140625
2019-08-08,61.060001373291016,55.43562698364258
2019-08-09,61.220001220703125,55.58089828491211
2019-08-12,60.68000030517578,55.09064483642578
2019-08-13,61.47999954223633,55.81694793701172
2019-08-14,59.91999816894531,54.400638580322266
2019-08-15,60.09000015258789,54.55498123168945
2019-08-16,60.790000915527344,55.19050598144531
2019-08-19,61.15999984741211,55.52642822265625
2019-08-20,60.869998931884766,55.26313400268555
2019-08-21,61.310001373291016,55.66261291503906
2019-08-22,61.0099983215332,55.390235900878906
2019-08-23,59.880001068115234,54.36432647705078
2019-08-26,60.43000030517578,54.86366271972656
2019-08-27,60.099998474121094,54.564056396484375
2019-08-28,60.40999984741211,54.84550857543945
2019-08-29,60.79999923706055,55.199588775634766
2019-08-30,60.9900016784668,55.37208938598633
2019-09-03,60.7400016784668,55.145103454589844
2019-09-04,60.95000076293945,55.33576583862305
2019-09-05,61.20000076293945,55.562740325927734
2019-09-06,61.5099983215332,55.844181060791016
2019-09-09,60.939998626708984,55.32668685913086
2019-09-10,60.84000015258789,55.23590087890625
2019-09-11,61.33000183105469,55.680763244628906
2019-09-12,61.31999969482422,55.67168045043945
2019-09-13,61.209999084472656,55.57181167602539
2019-09-16,61.04999923706055,55.426551818847656
2019-09-17,61.310001373291016,55.66261291503906
2019-09-18,61.33000183105469,55.680763244628906
2019-09-19,61.619998931884766,55.94404983520508
2019-09-20,62.029998779296875,56.3162841796875
2019-09-23,61.720001220703125,56.03484344482422
2019-09-24,61.380001068115234,55.72616195678711
2019-09-25,61.11000061035156,55.48103332519531
2019-09-26,61.0099983215332,55.390235900878906
2019-09-27,60.63999938964844,55.0543212890625
2019-09-30,61.09000015258789,55.46287155151367
2019-10-01,60.41999816894531,54.85458755493164
2019-10-02,59.369998931884766,53.901302337646484
2019-10-03,59.849998474121094,54.337093353271484
2019-10-04,60.83000183105469,55.2268180847168
2019-10-07,60.63999938964844,55.0543212890625
2019-10-08,59.779998779296875,54.273536682128906
2019-10-09,60.16999816894531,54.62761688232422
2019-10-10,60.27000045776367,54.71840286254883
2019-10-11,60.880001068115234,55.272216796875
2019-10-14,60.77000045776367,55.17234802246094
2019-10-15,61.810001373291016,56.11655044555664
2019-10-16,61.7599983215332,56.071163177490234
2019-10-17,62.13999938964844,56.41614532470703
2019-10-18,62.0099983215332,56.29812240600586
2019-10-21,61.86000061035156,56.16194152832031
2019-10-22,61.939998626708984,56.23457717895508
2019-10-23,62.439998626708984,56.68851852416992
2019-10-24,62.43000030517578,56.679443359375
2019-10-25,62.599998474121094,56.83378601074219
2019-10-28,63.11000061035156,57.296810150146484
2019-10-29,63.66999816894531,57.80521774291992
2019-10-30,64.19000244140625,58.27732467651367
2019-10-31,64.12000274658203,58.213768005371094
2019-11-01,64.29000091552734,58.36811065673828
2019-11-04,64.2300033569336,58.31364440917969
2019-11-05,63.689998626708984,57.82337188720703
2019-11-06,63.900001525878906,58.0140380859375
2019-11-07,63.970001220703125,58.07759475708008
2019-11-08,64.48999786376953,58.54969787597656
2019-11-11,64.26000213623047,58.34087371826172
2019-11-12,64.55000305175781,58.604164123535156
2019-11-13,64.66999816894531,58.71310806274414
2019-11-14,64.62000274658203,58.66770935058594
2019-11-15,65.69000244140625,59.63915252685547
2019-11-18,65.73999786376953,59.68455123901367
2019-11-19,66.05999755859375,59.975067138671875
2019-11-20,65.83000183105469,59.76626968383789
2019-11-21,66.01000213623047,59.9296875
2019-11-22,66.19000244140625,60.09310531616211
2019-11-25,66.93000030517578,60.764930725097656
2019-11-26,66.9800033569336,60.810340881347656
2019-11-27,67.22000122070312,61.028221130371094
2019-11-29,66.98999786376953,60.81941223144531
2019-12-02,66.72000122070312,60.57427978515625
2019-12-03,66.55999755859375,60.429012298583984
2019-12-04,67.13999938964844,60.95559310913086
2019-12-05,67.12000274658203,60.93743133544922
2019-12-06,67.51000213623047,61.29151153564453
2019-12-09,67.08000183105469,60.901119232177734
2019-12-10,67.27999877929688,61.08269500732422
2019-12-11,67.41999816894531,61.20980453491211
2019-12-12,67.86000061035156,61.609275817871094
2019-12-13,67.86000061035156,61.609275817871094
2019-12-16,68.0999984741211,62.26667785644531
2019-12-17,68.12000274658203,62.28496551513672
2019-12-18,68.16999816894531,62.33068084716797
2019-12-19,68.41999816894531,62.55926513671875
2019-12-20,68.87000274658203,62.97072219848633
2019-12-23,69.05999755859375,63.144466400146484
2019-12-24,69.08000183105469,63.162742614746094
2019-12-26,68.94000244140625,63.034732818603516
2019-12-27,69.01000213623047,63.09873580932617
2019-12-30,68.61000061035156,62.732994079589844
2019-12-31,68.75,62.86100769042969
2020-01-02,68.97000122070312,63.062164306640625
2020-01-03,68.45999908447266,62.59584045410156
2020-01-06,68.77999877929688,62.8884391784668
2020-01-07,68.62000274658203,62.74214553833008
2020-01-08,69.02999877929688,63.11703109741211
2020-01-09,69.30999755859375,63.37303161621094
2020-01-10,69.44999694824219,63.501041412353516
2020-01-13,69.25,63.318172454833984
2020-01-14,69.72000122070312,63.7479362487793
2020-01-15,70.30999755859375,64.2873764038086
2020-01-16,70.58999633789062,64.54337310791016
2020-01-17,70.7300033569336,64.67139434814453
2020-01-21,70.69999694824219,64.64396667480469
2020-01-22,70.81999969482422,64.75367736816406
2020-01-23,70.4800033569336,64.44281005859375
2020-01-24,69.45999908447266,63.51018142700195
2020-01-27,68.77999877929688,62.8884391784668
2020-01-28,69.36000061035156,63.41874694824219
2020-01-29,69.30999755859375,63.37303161621094
2020-01-30,68.94999694824219,63.04386901855469
2020-01-31,67.72000122070312,61.919246673583984
2020-02-03,68.22000122070312,62.37640380859375
2020-02-04,69.33999633789062,63.40045928955078
2020-02-05,70.51000213623047,64.47026062011719
2020-02-06,70.63999938964844,64.58910369873047
2020-02-07,70.0999984741211,64.0953598022461
2020-02-10,70.41999816894531,64.38794708251953
2020-02-11,70.87000274658203,64.79940795898438
2020-02-12,70.88999938964844,64.81768798828125
2020-02-13,70.54000091552734,64.4976806640625
2020-02-14,70.45999908447266,64.42453002929688
2020-02-18,70.2699966430664,64.25079345703125
2020-02-19,70.72000122070312,64.6622543334961
2020-02-20,70.25,64.23250579833984
2020-02-21,70.25,64.23250579833984
2020-02-24,67.83000183105469,62.01980209350586
2020-02-25,65.97000122070312,60.31913375854492
2020-02-26,65.98999786376953,60.33742141723633
2020-02-27,64.02999877929688,58.545310974121094
2020-02-28,63.040000915527344,57.640113830566406
2020-03-02,65.75,60.11798095703125
2020-03-03,64.43000030517578,58.91104507446289
2020-03-04,67.9000015258789,62.08381652832031
2020-03-05,66.37999725341797,60.694007873535156
2020-03-06,65.93000030517578,60.282562255859375
2020-03-09,62.43000030517578,57.082366943359375
2020-03-10,64.5999984741211,59.06647872924805
2020-03-11,61.9900016784668,56.680057525634766
2020-03-12,56.970001220703125,52.090057373046875
2020-03-13,60.7599983215332,55.55541229248047
2020-03-16,55.09000015258789,50.371089935302734
2020-03-17,58.20000076293945,53.21470260620117
2020-03-18,56.02000045776367,51.221431732177734
2020-03-19,55.880001068115234,51.09342956542969
2020-03-20,53.54999923706055,48.9630126953125
2020-03-23,51.5,47.08860778808594
2020-03-24,55.060001373291016,50.343666076660156
2020-03-25,56.13999938964844,51.331153869628906
2020-03-26,59.5099983215332,54.41248321533203
2020-03-27,58.529998779296875,53.51642608642578
2020-03-30,61.2400016784668,55.99429702758789
2020-03-31,60.939998626708984,55.71998977661133
2020-04-01,58.709999084472656,53.68101119995117
2020-04-02,60.33000183105469,55.162254333496094
2020-04-03,59.72999954223633,54.613643646240234
2020-04-06,62.630001068115234,57.26523208618164
2020-04-07,61.849998474121094,56.552040100097656
2020-04-08,63.97999954223633,58.499595642089844
2020-04-09,64.44999694824219,58.929325103759766
2020-04-13,63.90999984741211,58.435585021972656
2020-04-14,65.9800033569336,60.32827377319336
2020-04-15,65.38999938964844,59.78881072998047
2020-04-16,66.7300033569336,61.014034271240234
2020-04-17,68.12999725341797,62.294105529785156
2020-04-20,67.69999694824219,61.90094757080078
2020-04-21,66.08999633789062,60.428855895996094
2020-04-22,67.05999755859375,61.31576919555664
2020-04-23,67.2699966430664,61.50777053833008
2020-04-24,68.30000305175781,62.44954299926758
2020-04-27,69.05999755859375,63.144466400146484
2020-04-28,68.01000213623047,62.18439483642578
2020-04-29,68.19000244140625,62.34897232055664
2020-04-30,67.80000305175781,61.99238586425781
2020-05-01,66.45999908447266,60.767147064208984
2020-05-04,66.6500015258789,60.94089126586914
2020-05-05,67.77999877929688,61.97408676147461
2020-05-06,67.33999633789062,61.57177734375
2020-05-07,67.41000366210938,61.63577651977539
2020-05-08,67.76000213623047,61.955806732177734
2020-05-11,68.66000366210938,62.77872085571289
2020-05-12,67.87000274658203,62.05638885498047
2020-05-13,67.58000183105469,61.79121780395508
2020-05-14,67.8499984741211,62.0380859375
2020-05-15,68.16999816894531,62.33068084716797
2020-05-18,69.06999969482422,63.15361022949219
2020-05-19,68.3499984741211,62.49526596069336
2020-05-20,68.69000244140625,62.80613708496094
2020-05-21,68.02999877929688,62.20267868041992
2020-05-22,68.2300033569336,62.385536193847656
2020-05-26,68.19999694824219,62.358123779296875
2020-05-27,68.41999816894531,62.55926513671875
2020-05-28,69.5199966430664,63.56504440307617
2020-05-29,70.19999694824219,64.18679809570312
2020-06-01,70.01000213623047,64.0130844116211
2020-06-02,70.16999816894531,64.15936279296875
2020-06-03,70.18000030517578,64.16851043701172
2020-06-04,69.62000274658203,63.6564826965332
2020-06-05,70.47000122070312,64.43368530273438
2020-06-08,70.80999755859375,64.74453735351562
2020-06-09,70.25,64.23250579833984
2020-06-10,70.44999694824219,64.41539001464844
2020-06-11,66.93000030517578,61.196895599365234
2020-06-12,67.37000274658203,61.59921646118164
2020-06-15,67.20999908447266,61.94390106201172
2020-06-16,68.63999938964844,63.26185989379883
2020-06-17,68.9800033569336,63.575218200683594
2020-06-18,68.68000030517578,63.29874038696289
2020-06-19,69.23999786376953,63.814849853515625
2020-06-22,69.27999877929688,63.851715087890625
2020-06-23,69.61000061035156,64.1558609008789
2020-06-24,67.87999725341797,62.561397552490234
2020-06-25,68.55999755859375,63.18812561035156
2020-06-26,67.73999786376953,62.43238067626953
2020-06-29,68.05999755859375,62.7273063659668
2020-06-30,68.77999877929688,63.390899658203125
2020-07-01,69.1500015258789,63.73191452026367
2020-07-02,69.62000274658203,64.16510009765625
2020-07-06,70.33000183105469,64.81945037841797
2020-07-07,69.68000030517578,64.22036743164062
2020-07-08,69.7699966430664,64.30332946777344
2020-07-09,69.25,63.824058532714844
2020-07-10,69.26000213623047,63.833290100097656
2020-07-13,69.36000061035156,63.92544937133789
2020-07-14,70.47000122070312,64.94847869873047
2020-07-15,71.44000244140625,65.84246826171875
2020-07-16,71.2300033569336,65.64893341064453
2020-07-17,72.22000122070312,66.56136322021484
2020-07-20,72.33999633789062,66.67195892333984
2020-07-21,72.18000030517578,66.52450561523438
2020-07-22,72.5999984741211,66.91159057617188
2020-07-23,72.08999633789062,66.44153594970703
2020-07-24,71.20999908447266,65.63048553466797
2020-07-27,71.91999816894531,66.28486633300781
2020-07-28,71.87000274658203,66.23878479003906
2020-07-29,72.6500015258789,66.95767974853516
2020-07-30,72.19000244140625,66.53372192382812
2020-07-31,71.30000305175781,65.71345520019531
2020-08-03,72.30999755859375,66.6443099975586
2020-08-04,71.88999938964844,66.25723266601562
2020-08-05,72.19000244140625,66.53372192382812
2020-08-06,71.80000305175781,66.17426300048828
2020-08-07,71.91999816894531,66.28486633300781
2020-08-10,71.75,66.12818145751953
2020-08-11,71.41000366210938,65.8148422241211
2020-08-12,72.69000244140625,66.99453735351562
2020-08-13,72.5999984741211,66.91159057617188
2020-08-14,72.33999633789062,66.67195892333984
2020-08-17,72.97000122070312,67.25259399414062
2020-08-18,72.97000122070312,67.25259399414062
2020-08-19,72.72000122070312,67.02216339111328
2020-08-20,72.66000366210938,66.9668960571289
2020-08-21,72.54000091552734,66.8563003540039
2020-08-24,72.38999938964844,66.71805572509766
2020-08-25,72.68000030517578,66.98533630371094
2020-08-26,72.69999694824219,67.00373840332031
2020-08-27,72.93000030517578,67.21573638916016
2020-08-28,72.88999938964844,67.17887115478516
2020-08-31,73.01000213623047,67.2894515991211
2020-09-01,72.54000091552734,66.8563003540039
2020-09-02,73.98999786376953,68.19267272949219
2020-09-03,71.9800033569336,66.34017944335938
2020-09-04,71.4000015258789,65.80561828613281
2020-09-08,70.70999908447266,65.16967010498047
2020-09-09,71.86000061035156,66.22956848144531
2020-09-10,70.9000015258789,65.34478759765625
2020-09-11,71.41999816894531,65.82405090332031
2020-09-14,72.0999984741211,66.45076751708984
2020-09-15,72.55000305175781,66.86550903320312
2020-09-16,72.51000213623047,66.82864379882812
2020-09-17,72.47000122070312,66.7917709350586
2020-09-18,72.41999816894531,66.74568176269531
2020-09-21,71.11000061035156,65.53832244873047
2020-09-22,70.9000015258789,65.34478759765625
2020-09-23,70.30000305175781,64.79179382324219
2020-09-24,69.80000305175781,64.33097076416016
2020-09-25,70.72000122070312,65.17890167236328
2020-09-28,71.2300033569336,65.64893341064453
2020-09-29,71.16999816894531,65.5936279296875
2020-09-30,71.81999969482422,66.19270324707031
2020-10-01,71.61000061035156,65.9991455078125
2020-10-02,71.08000183105469,65.51069641113281
2020-10-05,72.25,66.5890121459961
2020-10-06,71.30999755859375,65.72267150878906
2020-10-07,72.11000061035156,66.45997619628906
2020-10-08,72.66000366210938,66.9668960571289
2020-10-09,73.37000274658203,67.62126159667969
2020-10-12,73.87999725341797,68.09129333496094
2020-10-13,73.2300033569336,67.49223327636719
2020-10-14,72.7699966430664,67.06827545166016
2020-10-15,71.88999938964844,66.25723266601562
2020-10-16,72.56999969482422,66.8839340209961
2020-10-19,71.62999725341797,66.01758575439453
2020-10-20,71.70999908447266,66.0913314819336
2020-10-21,71.25,65.66736602783203
2020-10-22,71.95999908447266,66.32173919677734
2020-10-23,72.19000244140625,66.53372192382812
2020-10-26,71.51000213623047,65.906982421875
2020-10-27,71.02999877929688,65.464599609375
2020-10-28,68.95999908447266,63.55678939819336
2020-10-29,68.58999633789062,63.215789794921875
2020-10-30,68.25,62.90241241455078
2020-11-02,69.37999725341797,63.94387435913086
2020-11-03,70.62000274658203,65.08671569824219
2020-11-04,73.73999786376953,67.96226501464844
2020-11-05,74.33000183105469,68.50602722167969
2020-11-06,74.16000366210938,68.34935760498047
2020-11-09,74.72000122070312,68.86548614501953
2020-11-10,74.75,68.89314270019531
2020-11-11,74.9800033569336,69.1051025390625
2020-11-12,74.61000061035156,68.76410675048828
2020-11-13,75.61000061035156,69.68573760986328
2020-11-16,75.41000366210938,69.50141906738281
2020-11-17,74.83999633789062,68.97607421875
2020-11-18,73.75,67.97148895263672
2020-11-19,73.75,67.97148895263672
2020-11-20,73.79000091552734,68.00836944580078
2020-11-23,73.5,67.7410888671875
2020-11-24,73.7300033569336,67.95306396484375
2020-11-25,73.52999877929688,67.76871490478516
2020-11-27,74.37999725341797,68.55211639404297
2020-11-30,74.30999755859375,68.48760986328125
2020-12-01,74.95999908447266,69.08667755126953
2020-12-02,75.33000183105469,69.42768859863281
2020-12-03,75.05999755859375,69.17882537841797
2020-12-04,75.87999725341797,69.93457794189453
2020-12-07,75.5199966430664,69.60279846191406
2020-12-08,75.87999725341797,69.93457794189453
2020-12-09,75.7300033569336,69.79634094238281
2020-12-10,75.72000122070312,69.7871322631836
2020-12-11,75.41999816894531,69.5106430053711
2020-12-14,74.31999969482422,68.8978500366211
2020-12-15,75.02999877929688,69.55606079101562
2020-12-16,75.02999877929688,69.55606079101562
2020-12-17,75.66000366210938,70.14009857177734
2020-12-18,75.75,70.22352600097656
2020-12-21,74.94999694824219,69.48189544677734
2020-12-22,74.77999877929688,69.32429504394531
2020-12-23,74.8499984741211,69.38919830322266
2020-12-24,74.97000122070312,69.50043487548828
2020-12-28,75.2300033569336,69.74148559570312
2020-12-29,75.77999877929688,70.25133514404297
2020-12-30,75.86000061035156,70.32550048828125
2020-12-31,76.44999694824219,70.87245178222656
2021-01-04,76.3499984741211,70.77974700927734
2021-01-05,76.75,71.15056610107422
2021-01-06,77.33999633789062,71.69751739501953
2021-01-07,77.94000244140625,72.25375366210938
2021-01-08,78.4800033569336,72.7543716430664
2021-01-11,78.6500015258789,72.91195678710938
2021-01-12,78.05000305175781,72.35575103759766
2021-01-13,78.18000030517578,72.47623443603516
2021-01-14,78.2699966430664,72.55967712402344
2021-01-15,78.31999969482422,72.60604095458984
2021-01-19,79.06999969482422,73.30131530761719
2021-01-20,79.4000015258789,73.60726165771484
2021-01-21,79.13999938964844,73.36620330810547
2021-01-22,79.0,73.23641204833984
2021-01-25,79.62000274658203,73.8111801147461
2021-01-26,79.36000061035156,73.57015991210938
2021-01-27,76.97000122070312,71.3545150756836
2021-01-28,77.76000213623047,72.0868911743164
2021-01-29,76.83000183105469,71.22472381591797
2021-02-01,77.2699966430664,71.63263702392578
2021-02-02,77.43000030517578,71.78096008300781
2021-02-03,77.0199966430664,71.40088653564453
2021-02-04,77.19999694824219,71.56774139404297
2021-02-05,77.37000274658203,71.72533416748047
2021-02-08,77.5,71.84586334228516
2021-02-09,77.83000183105469,72.15177917480469
2021-02-10,77.77999877929688,72.10542297363281
2021-02-11,77.98999786376953,72.30010986328125
2021-02-12,78.56999969482422,72.83779907226562
2021-02-16,78.01000213623047,72.31864166259766
2021-02-17,77.91999816894531,72.23521423339844
2021-02-18,77.44999694824219,71.79949188232422
2021-02-19,76.75,71.15056610107422
2021-02-22,76.33999633789062,70.77047729492188
2021-02-23,75.9800033569336,70.436767578125
2021-02-24,76.33999633789062,70.77047729492188
2021-02-25,75.5199966430664,70.01030731201172
2021-02-26,74.56999969482422,69.12960815429688
2021-03-01,75.62999725341797,70.11228942871094
2021-03-02,75.55000305175781,70.03812408447266
2021-03-03,74.5199966430664,69.08326721191406
2021-03-04,73.43000030517578,68.07278442382812
2021-03-05,74.58000183105469,69.13888549804688
2021-03-08,74.2300033569336,68.81444549560547
2021-03-09,75.0,69.52825164794922
2021-03-10,75.31999969482422,69.82489013671875
2021-03-11,75.69999694824219,70.17716979980469
2021-03-12,75.72000122070312,70.19572448730469
2021-03-15,76.20999908447266,70.64997100830078
2021-03-16,76.37000274658203,70.79830169677734
2021-03-17,76.19999694824219,70.64068603515625
2021-03-18,75.94000244140625,70.39966583251953
2021-03-19,76.22000122070312,70.65923309326172
2021-03-22,76.88999938964844,71.28034973144531
2021-03-23,75.94000244140625,70.39966583251953
2021-03-24,75.73999786376953,70.2142562866211
2021-03-25,76.18000030517578,70.62216186523438
2021-03-26,77.41999816894531,71.77169799804688
2021-03-29,77.66999816894531,72.00344848632812
2021-03-30,76.87999725341797,71.27108764648438
2021-03-31,77.05999755859375,71.43795013427734
2021-04-01,77.13999938964844,71.51212310791016
2021-04-05,77.63999938964844,71.97564697265625
2021-04-06,77.18000030517578,71.54918670654297
2021-04-07,76.9000015258789,71.28964233398438
2021-04-08,77.26000213623047,71.62335968017578
2021-04-09,78.0199966430664,72.3279037475586
2021-04-12,77.95999908447266,72.27228546142578
2021-04-13,78.31999969482422,72.60604095458984
2021-04-14,78.30999755859375,72.59675598144531
2021-04-15,79.43000030517578,73.63505554199219
2021-04-16,80.0199966430664,74.18199157714844
2021-04-19,80.08999633789062,74.24691009521484
2021-04-20,80.12000274658203,74.27469635009766
2021-04-21,81.12999725341797,75.21102905273438
2021-04-22,80.86000061035156,74.96072387695312
2021-04-23,81.29000091552734,75.3593521118164
2021-04-26,80.81999969482422,74.92365264892578
2021-04-27,80.37000274658203,74.5064697265625
2021-04-28,80.16999816894531,74.32106018066406
2021-04-29,79.94000244140625,74.10784149169922
2021-04-30,79.55000305175781,73.74629974365234
2021-05-03,80.47000122070312,74.59917449951172
2021-05-04,80.2300033569336,74.37669372558594
2021-05-05,80.5,74.62696838378906
2021-05-06,80.69999694824219,74.81239318847656
2021-05-07,81.30999755859375,75.37789154052734
2021-05-10,81.33000183105469,75.39643096923828
2021-05-11,80.4000015258789,74.53429412841797
2021-05-12,79.80000305175781,73.97807312011719
2021-05-13,80.5,74.62696838378906
2021-05-14,81.05000305175781,75.13687133789062
2021-05-17,81.05000305175781,75.13687133789062
2021-05-18,81.12000274658203,75.20176696777344
2021-05-19,80.87999725341797,74.97926330566406
2021-05-20,81.86000061035156,75.88776397705078
2021-05-21,81.93000030517578,75.9526596069336
2021-05-24,82.06999969482422,76.08245086669922
2021-05-25,81.91000366210938,75.93411254882812
2021-05-26,81.58000183105469,75.6281967163086
2021-05-27,81.36000061035156,75.42425537109375
2021-05-28,81.61000061035156,75.65601348876953
2021-06-01,80.55000305175781,74.67333984375
2021-06-02,80.31999969482422,74.46013641357422
2021-06-03,80.56999969482422,74.69187927246094
2021-06-04,81.0,75.09049224853516
2021-06-07,81.4800033569336,75.53548431396484
2021-06-08,81.25,75.32225799560547
2021-06-09,82.2699966430664,76.26785278320312
2021-06-10,82.95999908447266,77.40901947021484
2021-06-11,82.54000091552734,77.01712036132812
2021-06-14,82.66000366210938,77.12910461425781
2021-06-15,82.73999786376953,77.20374298095703
2021-06-16,82.43000030517578,76.91448211669922
2021-06-17,82.77999877929688,77.24105834960938
2021-06-18,81.87999725341797,76.40127563476562
2021-06-21,82.83999633789062,77.29704284667969
2021-06-22,82.80999755859375,77.26905059814453
2021-06-23,82.38999938964844,76.87715911865234
2021-06-24,82.88999938964844,77.34370422363281
2021-06-25,83.25,77.67961883544922
2021-06-28,83.41000366210938,77.82891082763672
2021-06-29,83.41999816894531,77.8382339477539
2021-06-30,83.12000274658203,77.55831909179688
2021-07-01,83.72000122070312,78.1181640625
2021-07-02,84.37000274658203,78.72467041015625
2021-07-06,84.12000274658203,78.49140930175781
2021-07-07,84.6500015258789,78.9859390258789
2021-07-08,84.12999725341797,78.500732421875
2021-07-09,84.61000061035156,78.94861602783203
2021-07-12,84.8499984741211,79.17254638671875
2021-07-13,84.66999816894531,79.00459289550781
2021-07-14,84.72000122070312,79.05126190185547
2021-07-15,84.20999908447266,78.57537841796875
2021-07-16,84.20999908447266,78.57537841796875
2021-07-19,83.44000244140625,77.85689544677734
2021-07-20,84.33999633789062,78.69668579101562
2021-07-21,84.62000274658203,78.95795440673828
2021-07-22,84.91999816894531,79.23786926269531
2021-07-23,85.8499984741211,80.10565185546875
2021-07-26,85.16000366210938,79.46182250976562
2021-07-27,85.43000030517578,79.71375274658203
2021-07-28,85.88999938964844,80.1429672241211
2021-07-29,86.16000366210938,80.39490509033203
2021-07-30,86.11000061035156,80.3482437133789
2021-08-02,86.26000213623047,80.48822021484375
2021-08-03,87.3499984741211,81.50528717041016
2021-08-04,87.0199966430664,81.19734954833984
2021-08-05,87.02999877929688,81.20668029785156
2021-08-06,86.63999938964844,80.84278106689453
2021-08-09,86.94999694824219,81.13203430175781
2021-08-10,86.87999725341797,81.06672668457031
2021-08-11,86.37999725341797,80.60017395019531
2021-08-12,86.93000030517578,81.11338806152344
2021-08-13,87.52999877929688,81.67323303222656
2021-08-16,88.3499984741211,82.43836975097656
2021-08-17,89.05000305175781,83.09153747558594
2021-08-18,88.1500015258789,82.25174713134766
2021-08-19,88.45999908447266,82.54100036621094
2021-08-20,88.87999725341797,82.93289947509766
2021-08-23,89.05999755859375,83.10086822509766
2021-08-24,88.7699966430664,82.83025360107422
2021-08-25,88.54000091552734,82.61565399169922
2021-08-26,88.12999725341797,82.23307800292969
2021-08-27,88.08999633789062,82.19575500488281
2021-08-30,88.44999694824219,82.53166198730469
2021-08-31,88.36000061035156,82.44769287109375
2021-09-01,88.66000366210938,82.72762298583984
2021-09-02,89.44999694824219,83.46475219726562
2021-09-03,89.5999984741211,83.60472869873047
2021-09-07,89.12000274658203,83.15684509277344
2021-09-08,88.62999725341797,82.69962310791016
2021-09-09,87.76000213623047,81.88784790039062
2021-09-10,86.87999725341797,81.06672668457031
2021-09-13,86.48999786376953,80.70282745361328
2021-09-14,86.52999877929688,80.7401351928711
2021-09-15,87.04000091552734,81.21601867675781
2021-09-16,86.91999816894531,81.10404968261719
2021-09-17,86.79000091552734,80.98274993896484
2021-09-20,86.08000183105469,80.32025146484375
2021-09-21,86.54000091552734,80.74948120117188
2021-09-22,86.41999816894531,80.63750457763672
2021-09-23,87.13999938964844,81.30934143066406
2021-09-24,86.63999938964844,80.84278106689453
2021-09-27,85.48999786376953,79.76973724365234
2021-09-28,83.9800033569336,78.36077880859375
2021-09-29,84.27999877929688,78.64068603515625
2021-09-30,83.7300033569336,78.12750244140625
2021-10-01,83.75,78.14616394042969
2021-10-04,82.72000122070312,77.18509674072266
2021-10-05,82.94000244140625,77.39035034179688
2021-10-06,82.75,77.21307373046875
2021-10-07,83.69999694824219,78.09949493408203
2021-10-08,83.5,77.91288757324219
2021-10-11,82.94999694824219,77.39968872070312
2021-10-12,82.62999725341797,77.10110473632812
2021-10-13,82.88999938964844,77.34370422363281
2021-10-14,83.75,78.14616394042969
2021-10-15,84.33000183105469,78.68736267089844
2021-10-18,83.75,78.14616394042969
2021-10-19,84.75,79.07925415039062
2021-10-20,85.66999816894531,79.93769836425781
2021-10-21,85.91999816894531,80.17097473144531
2021-10-22,86.4000015258789,80.61885833740234
2021-10-25,86.41999816894531,80.63750457763672
2021-10-26,86.8499984741211,81.03872680664062
2021-10-27,86.02999877929688,80.27359771728516
2021-10-28,86.79000091552734,80.98274993896484
2021-10-29,87.33999633789062,81.4959487915039
2021-11-01,87.5,81.6452407836914
2021-11-02,88.05000305175781,82.15843963623047
2021-11-03,88.73999786376953,82.80227661132812
2021-11-04,88.31999969482422,82.4103775024414
2021-11-05,87.36000061035156,81.51461791992188
2021-11-08,87.76000213623047,81.88784790039062
2021-11-09,87.51000213623047,81.65457153320312
2021-11-10,87.44000244140625,81.5892562866211
2021-11-11,87.33999633789062,81.4959487915039
2021-11-12,87.4000015258789,81.55193328857422
2021-11-15,86.97000122070312,81.15070343017578
2021-11-16,87.0999984741211,81.2719955444336
2021-11-17,87.2699966430664,81.43062591552734
2021-11-18,87.19999694824219,81.36531066894531
2021-11-19,86.86000061035156,81.04805755615234
2021-11-22,86.2699966430664,80.4975357055664
2021-11-23,86.16000366210938,80.39490509033203
2021-11-24,85.97000122070312,80.21761322021484
2021-11-26,85.66999816894531,79.93769836425781
2021-11-29,85.68000030517578,79.94701385498047
2021-11-30,84.33000183105469,78.68736267089844
2021-12-01,84.12999725341797,78.500732421875
2021-12-02,84.38999938964844,78.74333190917969
2021-12-03,84.58000183105469,78.9206314086914
2021-12-06,84.81999969482422,79.14456939697266
2021-12-07,85.98999786376953,80.23628997802734
2021-12-08,86.81999969482422,81.0107421875
2021-12-09,86.8499984741211,81.03872680664062
2021-12-10,86.95999908447266,81.1413803100586
2021-12-13,87.08000183105469,81.70622253417969
2021-12-14,86.44999694824219,81.11509704589844
2021-12-15,88.12000274658203,82.68205261230469
2021-12-16,88.83000183105469,83.3482437133789
2021-12-17,87.91999816894531,82.494384765625
2021-12-20,87.54000091552734,82.1378402709961
2021-12-21,88.05000305175781,82.6163558959961
2021-12-22,89.08000183105469,83.58280181884766
2021-12-23,89.33999633789062,83.82675170898438
2021-12-27,90.30000305175781,84.72750854492188
2021-12-28,90.0999984741211,84.53986358642578
2021-12-29,90.54000091552734,84.95270538330078
2021-12-30,90.47000122070312,84.88702392578125
2021-12-31,90.33999633789062,84.7650375366211
2022-01-03,89.4000015258789,83.883056640625
2022-01-04,88.30999755859375,82.86032104492188
2022-01-05,87.55000305175781,82.14722442626953
2022-01-06,86.52999877929688,81.19015502929688
2022-01-07,86.41000366210938,81.07758331298828
2022-01-10,86.9000015258789,81.5373306274414
2022-01-11,87.63999938964844,82.2316665649414
2022-01-12,87.37999725341797,81.98770904541016
2022-01-13,85.9800033569336,80.67410278320312
2022-01-14,85.91999816894531,80.6178207397461
2022-01-18,84.88999938964844,79.65138244628906
2022-01-19,84.6500015258789,79.4261703491211
2022-01-20,84.06999969482422,78.88197326660156
2022-01-21,83.33000183105469,78.1876449584961
2022-01-24,82.51000213623047,77.41825103759766
2022-01-25,82.0999984741211,77.03353118896484
2022-01-26,81.80999755859375,76.76143646240234
2022-01-27,82.01000213623047,76.94910430908203
2022-01-28,83.38999938964844,78.24393463134766
2022-01-31,84.08999633789062,78.9007339477539
2022-02-01,84.37999725341797,79.17284393310547
2022-02-02,85.26000213623047,79.99852752685547
2022-02-03,84.62000274658203,79.39804077148438
2022-02-04,84.19000244140625,78.99455261230469
2022-02-07,84.19999694824219,79.00394439697266
2022-02-08,84.62999725341797,79.40740966796875
2022-02-09,85.47000122070312,80.19557189941406
2022-02-10,84.30999755859375,79.10716247558594
2022-02-11,83.05999755859375,77.93429565429688
2022-02-14,82.06999969482422,77.00540161132812
2022-02-15,83.37999725341797,78.23455047607422
2022-02-16,83.80000305175781,78.6286392211914
2022-02-17,82.51000213623047,77.41825103759766
2022-02-18,81.94000244140625,76.88340759277344
2022-02-22,81.75,76.70514678955078
2022-02-23,81.48999786376953,76.46118927001953
2022-02-24,81.47000122070312,76.44241333007812
2022-02-25,83.98999786376953,78.8069076538086
2022-02-28,83.41999816894531,78.2720718383789
2022-03-01,82.95999908447266,77.84046936035156
2022-03-02,83.81999969482422,78.64738464355469
2022-03-03,83.76000213623047,78.59111022949219
2022-03-04,83.56999969482422,78.4128189086914
2022-03-07,82.08000183105469,77.01477813720703
2022-03-08,80.94999694824219,75.95449829101562
2022-03-09,82.80000305175781,77.69034576416016
2022-03-10,82.52999877929688,77.43701171875
2022-03-11,81.73999786376953,76.69577026367188
2022-03-14,82.33000183105469,77.24935913085938
2022-03-15,83.76000213623047,78.59111022949219
2022-03-16,85.12999725341797,79.87654876708984
2022-03-17,86.47000122070312,81.13386535644531
2022-03-18,87.12000274658203,81.7437515258789
2022-03-21,86.9000015258789,81.5373306274414
2022-03-22,86.94000244140625,81.57485961914062
2022-03-23,85.79000091552734,80.49581909179688
2022-03-24,86.73999786376953,81.38720703125
2022-03-25,87.0,81.63114929199219
2022-03-28,87.43000030517578,82.03462219238281
2022-03-29,88.29000091552734,82.841552734375
2022-03-30,88.43000030517578,82.97291564941406
2022-03-31,87.62000274658203,82.21289825439453
2022-04-01,88.33999633789062,82.88846588134766
2022-04-04,88.12999725341797,82.69141387939453
2022-04-05,88.19000244140625,82.74772644042969
2022-04-06,89.41000366210938,83.8924331665039
2022-04-07,91.04000091552734,85.4218521118164
2022-04-08,91.38999938964844,85.75025177001953
2022-04-11,90.02999877929688,84.47417449951172
2022-04-12,88.91000366210938,83.42329406738281
2022-04-13,89.43000030517578,83.91120147705078
2022-04-14,88.9800033569336,83.48897552490234
2022-04-18,87.88999938964844,82.46623229980469
2022-04-19,88.38999938964844,82.93537902832031
2022-04-20,89.38999938964844,83.8736572265625
2022-04-21,88.22000122070312,82.77587127685547
2022-04-22,85.58000183105469,80.29878234863281
2022-04-25,86.13999938964844,80.82423400878906
2022-04-26,84.29000091552734,79.08838653564453
2022-04-27,84.44000244140625,79.2291259765625
2022-04-28,85.25,79.9891586303711
2022-04-29,83.58000183105469,78.4222183227539
2022-05-02,83.0199966430664,77.89675903320312
2022-05-03,83.45999908447266,78.30961608886719
2022-05-04,84.83000183105469,79.59507751464844
2022-05-05,83.08999633789062,77.96244049072266
2022-05-06,82.70999908447266,77.60590362548828
2022-05-09,80.47000122070312,75.50413513183594
2022-05-10,81.08000183105469,76.07649993896484
2022-05-11,79.94999694824219,75.01622009277344
2022-05-12,80.58999633789062,75.61671447753906
2022-05-13,81.80000305175781,76.75206756591797
2022-05-16,82.30000305175781,77.22120666503906
2022-05-17,83.4000015258789,78.2533187866211
2022-05-18,81.44000244140625,76.41426086425781
2022-05-19,81.91999816894531,76.86463928222656
2022-05-20,83.0199966430664,77.89675903320312
2022-05-23,83.79000091552734,78.61924743652344
2022-05-24,84.06999969482422,78.88197326660156
2022-05-25,83.87000274658203,78.6943130493164
2022-05-26,84.27999877929688,79.07901000976562
2022-05-27,85.44000244140625,80.16743469238281
2022-05-31,84.4800033569336,79.26667785644531
2022-06-01,83.26000213623047,78.12195587158203
2022-06-02,84.0,78.81629180908203
2022-06-03,83.01000213623047,77.88738250732422
2022-06-06,82.88999938964844,77.77479553222656
2022-06-07,83.76000213623047,78.59111022949219
2022-06-08,83.23999786376953,78.10318756103516
2022-06-09,80.97000122070312,76.47953033447266
2022-06-10,79.61000061035156,75.1949462890625
2022-06-13,77.12000274658203,72.8430404663086
2022-06-14,76.30999755859375,72.07795715332031
2022-06-15,77.12000274658203,72.8430404663086
2022-06-16,76.08000183105469,71.8607177734375
2022-06-17,75.98999786376953,71.77570343017578
2022-06-21,77.72000122070312,73.40975952148438
2022-06-22,78.6500015258789,74.2881851196289
2022-06-23,80.22000122070312,75.7711181640625
2022-06-24,81.87000274658203,77.32960510253906
2022-06-27,82.1500015258789,77.59408569335938
2022-06-28,80.75,76.27171325683594
2022-06-29,81.3499984741211,76.83844757080078
2022-06-30,81.13999938964844,76.64009094238281
2022-07-01,81.97000122070312,77.42406463623047
2022-07-05,81.55999755859375,77.03680419921875
2022-07-06,82.13999938964844,77.58464050292969
2022-07-07,82.5,77.92466735839844
2022-07-08,82.58999633789062,78.00967407226562
2022-07-11,82.2699966430664,77.7074203491211
2022-07-12,81.43000030517578,76.91400909423828
2022-07-13,80.8499984741211,76.36617279052734
2022-07-14,80.58999633789062,76.12059020996094
2022-07-15,82.5199966430664,77.94355773925781
2022-07-18,80.94999694824219,76.46062469482422
2022-07-19,82.52999877929688,77.95301055908203
2022-07-20,81.5999984741211,77.0745849609375
2022-07-21,82.69999694824219,78.11357879638672
2022-07-22,82.37000274658203,77.8018798828125
2022-07-25,82.81999969482422,78.2269287109375
2022-07-26,83.16000366210938,78.5480728149414
2022-07-27,83.80000305175781,79.15258026123047
2022-07-28,84.11000061035156,79.44537353515625
2022-07-29,83.73999786376953,79.09590911865234
2022-08-01,83.12999725341797,78.51972961425781
2022-08-02,82.66000366210938,78.0758056640625
2022-08-03,83.02999877929688,78.42528533935547
2022-08-04,82.91000366210938,78.31192779541016
2022-08-05,82.76000213623047,78.17024230957031
2022-08-08,82.87000274658203,78.2741470336914
2022-08-09,82.70999908447266,78.12303161621094
2022-08-10,83.55000305175781,78.91645050048828
2022-08-11,82.79000091552734,78.1985855102539
2022-08-12,83.93000030517578,79.2753677368164
2022-08-15,84.22000122070312,79.54928588867188
2022-08-16,83.87000274658203,79.21869659423828
2022-08-17,83.2699966430664,78.65196228027344
2022-08-18,82.94999694824219,78.34971618652344
2022-08-19,83.05999755859375,78.45361328125
2022-08-22,82.06999969482422,77.51852416992188
2022-08-23,81.08999633789062,76.5928726196289
2022-08-24,81.33000183105469,76.8195571899414
2022-08-25,82.16999816894531,77.61296844482422
2022-08-26,80.0999984741211,75.65776062011719
2022-08-29,79.44000244140625,75.03438568115234
2022-08-30,78.80000305175781,74.42987823486328
2022-08-31,78.41000366210938,74.06149291992188
2022-09-01,79.19000244140625,74.79824829101562
2022-09-02,78.12999725341797,73.7970199584961
2022-09-06,78.22000122070312,73.88204193115234
2022-09-07,79.37000274658203,74.96826171875
2022-09-08,80.45999908447266,75.997802734375
2022-09-09,81.38999938964844,76.87622833251953
2022-09-12,81.98999786376953,77.44295501708984
2022-09-13,79.2300033569336,74.83602142333984
2022-09-14,79.2300033569336,74.83602142333984
2022-09-15,79.44000244140625,75.03438568115234
2022-09-16,79.12999725341797,74.74156188964844
2022-09-19,78.77999877929688,74.41097259521484
2022-09-20,77.73999786376953,73.42864990234375
2022-09-21,76.41000366210938,72.17240142822266
2022-09-22,76.6500015258789,72.39911651611328
2022-09-23,75.9800033569336,71.76627349853516
2022-09-26,75.05000305175781,70.8878402709961
2022-09-27,74.91000366210938,70.75559997558594
2022-09-28,76.95999908447266,72.6919174194336
2022-09-29,76.3499984741211,72.11573791503906
2022-09-30,75.3499984741211,71.17119598388672
2022-10-03,76.80000305175781,72.54078674316406
2022-10-04,78.80000305175781,74.42987823486328
2022-10-05,78.83999633789062,74.46764373779297
2022-10-06,77.70999908447266,73.40032196044922
2022-10-07,76.3499984741211,72.11573791503906
2022-10-10,75.80000305175781,71.59623718261719
2022-10-11,76.08999633789062,71.87014770507812
2022-10-12,75.70999908447266,71.51124572753906
2022-10-13,77.22000122070312,72.93748474121094
2022-10-14,76.7300033569336,72.47467041015625
2022-10-17,78.06999969482422,73.74034881591797
2022-10-18,78.44999694824219,74.09928131103516
2022-10-19,77.2699966430664,72.98472595214844
2022-10-20,76.69999694824219,72.44631958007812
2022-10-21,78.26000213623047,73.91981506347656
2022-10-24,79.41000366210938,75.00604248046875
2022-10-25,80.2300033569336,75.78056335449219
2022-10-26,81.25,76.74398040771484
2022-10-27,80.6500015258789,76.17728424072266
2022-10-28,81.88999938964844,77.34850311279297
2022-10-31,81.91999816894531,77.37682342529297
2022-11-01,81.8499984741211,77.31072235107422
2022-11-02,80.77999877929688,76.30005645751953
2022-11-03,80.44000244140625,75.9789047241211
2022-11-04,81.1500015258789,76.64952850341797
2022-11-07,81.75,77.21627044677734
2022-11-08,82.25,77.68854522705078
2022-11-09,81.44000244140625,76.92344665527344
2022-11-10,83.95999908447266,79.30370330810547
2022-11-11,83.13999938964844,78.52918243408203
2022-11-14,83.0999984741211,78.49139404296875
2022-11-15,83.13999938964844,78.52918243408203
2022-11-16,83.05000305175781,78.44417572021484
2022-11-17,82.91000366210938,78.31192779541016
2022-11-18,83.8499984741211,79.1998062133789
2022-11-21,83.93000030517578,79.2753677368164
2022-11-22,84.72000122070312,80.02156066894531
2022-11-23,85.12999725341797,80.40880584716797
2022-11-25,85.6500015258789,80.89997100830078
2022-11-28,85.06999969482422,80.35213470458984
2022-11-29,84.88999938964844,80.18213653564453
2022-11-30,86.69000244140625,81.8823013305664
2022-12-01,87.16000366210938,82.32624053955078
2022-12-02,87.30999755859375,82.4679183959961
2022-12-05,86.45999908447266,81.66505432128906
2022-12-06,85.9800033569336,81.21167755126953
2022-12-07,86.55999755859375,81.75950622558594
2022-12-08,87.12999725341797,82.29788970947266
2022-12-09,86.38999938964844,81.59893798828125
2022-12-12,87.0,82.17510223388672
2022-12-13,87.16999816894531,82.75420379638672
2022-12-14,87.41000366210938,82.9820556640625
2022-12-15,85.79000091552734,81.44410705566406
2022-12-16,84.62999725341797,80.3428726196289
2022-12-19,84.22000122070312,79.95364379882812
2022-12-20,84.25,79.98212432861328
2022-12-21,85.20999908447266,80.89348602294922
2022-12-22,85.08000183105469,80.77008819580078
2022-12-23,85.11000061035156,80.7985610961914
2022-12-27,84.8499984741211,80.55171966552734
2022-12-28,84.30000305175781,80.02957916259766
2022-12-29,85.27999877929688,80.95994567871094
2022-12-30,84.87999725341797,80.58020782470703
2023-01-03,84.91999816894531,80.61817932128906
2023-01-04,85.18000030517578,80.8650131225586
2023-01-05,84.30999755859375,80.03909301757812
2023-01-06,85.26000213623047,80.94096374511719
2023-01-09,84.1500015258789,79.88719177246094
2023-01-10,84.70999908447266,80.4188232421875
2023-01-11,84.94000244140625,80.63717651367188
2023-01-12,84.88999938964844,80.5897216796875
2023-01-13,85.5,81.16880798339844
2023-01-17,85.36000061035156,81.03589630126953
2023-01-18,84.4800033569336,80.20046997070312
2023-01-19,84.61000061035156,80.32389068603516
2023-01-20,84.94999694824219,80.64666748046875
2023-01-23,85.22000122070312,80.90299224853516
2023-01-24,84.55000305175781,80.26692962646484
2023-01-25,84.73999786376953,80.44730377197266
2023-01-26,84.69999694824219,80.40933227539062
2023-01-27,84.12999725341797,79.86820983886719
2023-01-30,83.51000213623047,79.27961730957031
2023-01-31,84.41999816894531,80.14351654052734
2023-02-01,84.55000305175781,80.26692962646484
2023-02-02,83.94999694824219,79.69732666015625
2023-02-03,83.77999877929688,79.53593444824219
2023-02-06,83.38999938964844,79.16569519042969
2023-02-07,83.9800033569336,79.7258071899414
2023-02-08,83.87999725341797,79.630859375
2023-02-09,83.3499984741211,79.1277084350586
2023-02-10,83.80000305175781,79.55492401123047
2023-02-13,84.48999786376953,80.20996856689453
2023-02-14,84.1500015258789,79.88719177246094
2023-02-15,83.68000030517578,79.44100189208984
2023-02-16,82.83000183105469,78.6340560913086
2023-02-17,83.63999938964844,79.40303039550781
2023-02-21,82.62000274658203,78.43470764160156
2023-02-22,82.38999938964844,78.21634674072266
2023-02-23,82.5999984741211,78.41571044921875
2023-02-24,81.4800033569336,77.3524398803711
2023-02-27,81.3499984741211,77.22903442382812
2023-02-28,80.5999984741211,76.51702117919922
2023-03-01,80.43000030517578,76.35562896728516
2023-03-02,80.80999755859375,76.71638488769531
2023-03-03,81.79000091552734,77.64673614501953
2023-03-06,81.68000030517578,77.54232025146484
2023-03-07,80.37999725341797,76.30816650390625
2023-03-08,80.12999725341797,76.07083892822266
2023-03-09,79.4800033569336,75.4537582397461
2023-03-10,79.06999969482422,75.06452178955078
2023-03-13,79.66000366210938,75.62464904785156
2023-03-14,80.37999725341797,76.30816650390625
2023-03-15,79.91999816894531,75.8714828491211
2023-03-16,80.76000213623047,76.6689224243164
2023-03-17,80.01000213623047,75.9569091796875
2023-03-20,81.02999877929688,76.92524719238281
2023-03-21,81.5999984741211,77.46636962890625
2023-03-22,80.66000366210938,76.57398986816406
2023-03-23,80.66999816894531,76.58346557617188
2023-03-24,81.58000183105469,77.44738006591797
2023-03-27,82.2699966430664,78.10242462158203
2023-03-28,81.80999755859375,77.66572570800781
2023-03-29,82.0999984741211,77.94102478027344
2023-03-30,82.63999938964844,78.45368957519531
2023-03-31,83.36000061035156,79.13721466064453
2023-04-03,84.20999908447266,79.94414520263672
2023-04-04,84.27999877929688,80.0105972290039
2023-04-05,85.58000183105469,81.24474334716797
2023-04-06,86.01000213623047,81.6529769897461
2023-04-10,85.87000274658203,81.52006530761719
2023-04-11,86.08000183105469,81.71942138671875
2023-04-12,86.37000274658203,81.99473571777344
2023-04-13,87.62000274658203,83.1814193725586
2023-04-14,87.0,82.59281158447266
2023-04-17,87.02999877929688,82.62129211425781
2023-04-18,86.58000183105469,82.19409942626953
2023-04-19,86.52999877929688,82.14661407470703
2023-04-20,86.33000183105469,81.9567642211914
2023-04-21,87.23999786376953,82.8206558227539
2023-04-24,87.55000305175781,83.11495971679688
2023-04-25,86.77999877929688,82.38395690917969
2023-04-26,85.66000366210938,81.32070922851562
2023-04-27,85.94000244140625,81.5865249633789
2023-04-28,86.3499984741211,81.97573852539062
2023-05-01,86.81999969482422,82.42193603515625
2023-05-02,86.48999786376953,82.10865783691406
2023-05-03,86.61000061035156,82.22256469726562
2023-05-04,86.06999969482422,81.70993041992188
2023-05-05,86.83000183105469,82.43142700195312
2023-05-08,86.75,82.35547637939453
2023-05-09,86.2300033569336,81.86182403564453
2023-05-10,86.4000015258789,82.0232162475586
2023-05-11,86.13999938964844,81.77638244628906
2023-05-12,85.98999786376953,81.63397979736328
2023-05-15,85.97000122070312,81.61499786376953
2023-05-16,85.31999969482422,80.99791717529297
2023-05-17,85.30000305175781,80.97894287109375
2023-05-18,85.12000274658203,80.80805969238281
2023-05-19,85.61000061035156,81.27322387695312
2023-05-22,85.63999938964844,81.30170440673828
2023-05-23,84.66999816894531,80.3808364868164
2023-05-24,83.9800033569336,79.7258071899414
2023-05-25,83.20999908447266,78.99481964111328
2023-05-26,83.26000213623047,79.04228210449219
2023-05-30,82.56999969482422,78.38723754882812
2023-05-31,83.05999755859375,78.85240173339844
2023-06-01,83.5999984741211,79.36505126953125
2023-06-02,84.62000274658203,80.33338928222656
2023-06-05,84.81999969482422,80.52325439453125
2023-06-06,84.55999755859375,80.27642822265625
2023-06-07,83.27999877929688,79.66801452636719
2023-06-08,83.88999938964844,80.25154876708984
2023-06-09,83.98999786376953,80.34721374511719
2023-06-12,84.23999786376953,80.58637237548828
2023-06-13,84.55999755859375,80.89248657226562
2023-06-14,83.7699966430664,80.1367416381836
2023-06-15,85.0199966430664,81.33253479003906
2023-06-16,85.06999969482422,81.38037109375
2023-06-20,84.5999984741211,80.93075561523438
2023-06-21,84.58999633789062,80.92118835449219
2023-06-22,84.91000366210938,81.22732543945312
2023-06-23,84.56999969482422,80.90205383300781
2023-06-26,84.05999755859375,80.41416931152344
2023-06-27,83.8499984741211,80.21328735351562
2023-06-28,83.69000244140625,80.06022644042969
2023-06-29,84.01000213623047,80.36634826660156
2023-06-30,84.98999786376953,81.30384063720703
2023-07-03,84.0,80.35678100585938
2023-07-05,83.88999938964844,80.25154876708984
2023-07-06,83.02999877929688,79.42884826660156
2023-07-07,82.2699966430664,78.7018051147461
2023-07-10,82.77999877929688,79.18968963623047
2023-07-11,82.7699966430664,79.18011474609375
2023-07-12,82.87999725341797,79.28534698486328
2023-07-13,83.33000183105469,79.7158432006836
2023-07-14,84.36000061035156,80.70116424560547
2023-07-17,84.01000213623047,80.36634826660156
2023-07-18,84.75,81.07424926757812
2023-07-19,85.04000091552734,81.35167694091797
2023-07-20,86.33000183105469,82.58573150634766
2023-07-21,86.95999908447266,83.18839263916016
2023-07-24,86.55999755859375,82.80575561523438
2023-07-25,86.5999984741211,82.84402465820312
2023-07-26,86.4000015258789,82.6526870727539
2023-07-27,86.01000213623047,82.27960205078125
2023-07-28,86.25,82.50918579101562
2023-07-31,85.95999908447266,82.23177337646484
2023-08-01,85.37999725341797,81.67693328857422
2023-08-02,85.11000061035156,81.41863250732422
2023-08-03,84.69999694824219,81.02642059326172
2023-08-04,84.44000244140625,80.77769470214844
2023-08-07,85.4000015258789,81.69606018066406
2023-08-08,86.37000274658203,82.6240005493164
2023-08-09,86.44999694824219,82.70051574707031
2023-08-10,86.19000244140625,82.45179748535156
2023-08-11,86.45999908447266,82.71009063720703
2023-08-14,86.66000366210938,82.90142059326172
2023-08-15,86.36000061035156,82.61442565917969
2023-08-16,85.72000122070312,82.00218200683594
2023-08-17,85.20999908447266,81.51429748535156
2023-08-18,85.12999725341797,81.4377670288086
2023-08-21,85.3499984741211,81.64823150634766
2023-08-22,85.05000305175781,81.36124420166016
2023-08-23,85.48999786376953,81.78215789794922
2023-08-24,84.68000030517578,81.00729370117188
2023-08-25,85.19000244140625,81.49517822265625
2023-08-28,85.48999786376953,81.78215789794922
2023-08-29,86.2699966430664,82.52832794189453
2023-08-30,86.0999984741211,82.36570739746094
2023-08-31,85.19999694824219,81.50473022460938
2023-09-01,85.41000366210938,81.70563507080078
2023-09-05,84.55999755859375,80.89248657226562
2023-09-06,84.08999633789062,80.44287109375
2023-09-07,84.55000305175781,80.88291931152344
2023-09-08,84.5,80.83509826660156
2023-09-11,85.11000061035156,81.41863250732422
2023-09-12,84.98999786376953,81.30384063720703
2023-09-13,84.81999969482422,81.1412124633789
2023-09-14,85.23999786376953,81.54300689697266
2023-09-15,84.81999969482422,81.1412124633789
2023-09-18,84.31999969482422,80.66290283203125
2023-09-19,84.4000015258789,80.73943328857422
2023-09-20,84.47000122070312,80.806396484375
2023-09-21,83.30000305175781,79.68714141845703
2023-09-22,83.19999694824219,79.59147644042969
2023-09-25,83.62000274658203,79.99327087402344
2023-09-26,82.88999938964844,79.294921875
2023-09-27,82.55000305175781,78.96967315673828
2023-09-28,82.88999938964844,79.294921875
2023-09-29,82.41999816894531,78.84530639648438
2023-10-02,82.0999984741211,78.5391845703125
2023-10-03,81.19000244140625,77.66866302490234
2023-10-04,81.62000274658203,78.08000946044922
2023-10-05,82.12000274658203,78.55831909179688
2023-10-06,82.94999694824219,79.35232543945312
2023-10-09,83.19000244140625,79.58191680908203
2023-10-10,83.7300033569336,80.09849548339844
2023-10-11,83.72000122070312,80.08892822265625
2023-10-12,82.98999786376953,79.39058685302734
2023-10-13,83.26000213623047,79.64887237548828
2023-10-16,83.79000091552734,80.1558837890625
2023-10-17,83.63999938964844,80.01239776611328
2023-10-18,82.58999633789062,79.00792694091797
2023-10-19,81.52999877929688,77.99391174316406
2023-10-20,81.30999755859375,77.78345489501953
2023-10-23,80.97000122070312,77.45819854736328
2023-10-24,81.29000091552734,77.76432037353516
2023-10-25,80.62000274658203,77.12338256835938
2023-10-26,79.70999908447266,76.25283813476562
2023-10-27,78.23999786376953,74.84660339355469
2023-10-30,78.91999816894531,75.49710845947266
2023-10-31,79.27999877929688,75.84149169921875
2023-11-01,79.69000244140625,76.23371124267578
2023-11-02,80.87999725341797,77.37210083007812
2023-11-03,81.20999908447266,77.68778991699219
2023-11-06,81.62000274658203,78.08000946044922
2023-11-07,81.62000274658203,78.08000946044922
2023-11-08,81.6500015258789,78.10870361328125
2023-11-09,80.25,76.76941680908203
2023-11-10,80.62999725341797,77.13294219970703
2023-11-13,81.0,77.48689270019531
2023-11-14,81.70999908447266,78.16609954833984
2023-11-15,81.61000061035156,78.07044219970703
2023-11-16,81.93000030517578,78.3765640258789
2023-11-17,82.16999816894531,78.60614776611328
2023-11-20,82.52999877929688,78.95054626464844
2023-11-21,82.91999816894531,79.32361602783203
2023-11-22,83.23999786376953,79.62974548339844
2023-11-24,83.79000091552734,80.1558837890625
2023-11-27,83.19000244140625,79.58191680908203
2023-11-28,82.7300033569336,79.14186096191406
2023-11-29,82.88999938964844,79.294921875
2023-11-30,83.7300033569336,80.09849548339844
2023-12-01,84.05999755859375,80.41416931152344
2023-12-04,84.12999725341797,80.48114013671875
2023-12-05,83.77999877929688,80.14631652832031
2023-12-06,83.7300033569336,80.09849548339844
2023-12-07,83.6500015258789,80.02196502685547
2023-12-08,83.86000061035156,80.22285461425781
2023-12-11,84.3499984741211,80.69160461425781
2023-12-12,84.66999816894531,80.99771881103516
2023-12-13,86.20999908447266,82.47091674804688
2023-12-14,85.91000366210938,82.18394470214844
2023-12-15,85.12000274658203,81.42820739746094
2023-12-18,85.37000274658203,81.66736602783203
2023-12-19,85.94000244140625,82.212646484375
2023-12-20,84.27999877929688,81.14965057373047
2023-12-21,85.37000274658203,82.19916534423828
2023-12-22,85.66999816894531,82.4880142211914
2023-12-26,85.94000244140625,82.74799346923828
2023-12-27,86.33999633789062,83.13311767578125
2023-12-28,86.58999633789062,83.37383270263672
2023-12-29,86.72000122070312,83.49900817871094
2024-01-02,87.80999755859375,84.54853057861328
2024-01-03,87.88999938964844,84.62556457519531
2024-01-04,88.44999694824219,85.16474914550781
2024-01-05,88.3499984741211,85.06847381591797
2024-01-08,89.13999938964844,85.82913208007812
2024-01-09,89.11000061035156,85.80023956298828
2024-01-10,89.66999816894531,86.33944702148438
2024-01-11,89.45999908447266,86.13725280761719
2024-01-12,89.3499984741211,86.03132629394531
2024-01-16,88.5,85.21290588378906
2024-01-17,88.08999633789062,84.81812286376953
2024-01-18,88.23999786376953,84.96256256103516
2024-01-19,88.22000122070312,84.94329833984375
2024-01-22,88.55999755859375,85.27066802978516
2024-01-23,88.33000183105469,85.04922485351562
2024-01-24,87.72000122070312,84.46187591552734
2024-01-25,87.55000305175781,84.29818725585938
2024-01-26,88.16999816894531,84.89515686035156
2024-01-29,88.73999786376953,85.44397735595703
2024-01-30,88.83999633789062,85.5402603149414
2024-01-31,88.83999633789062,85.5402603149414
2024-02-01,89.6500015258789,86.3201904296875
2024-02-02,89.16999816894531,85.85801696777344
2024-02-05,89.55999755859375,86.23353576660156
2024-02-06,90.37000274658203,87.0134506225586
2024-02-07,90.4800033569336,87.11936950683594
2024-02-08,90.0999984741211,86.75347137451172
2024-02-09,90.19000244140625,86.84013366699219
2024-02-12,90.1500015258789,86.8016128540039
2024-02-13,89.30000305175781,85.98318481445312
2024-02-14,90.1500015258789,86.8016128540039
2024-02-15,90.76000213623047,87.38896179199219
2024-02-16,91.13999938964844,87.75485229492188
2024-02-20,91.01000213623047,87.62967681884766
2024-02-21,91.26000213623047,87.87039184570312
2024-02-22,92.19999694824219,88.77546691894531
2024-02-23,92.66000366210938,89.21839904785156
2024-02-26,92.27999877929688,88.85250091552734
2024-02-27,92.13999938964844,88.71770477294922
2024-02-28,91.58999633789062,88.1881332397461
2024-02-29,90.95999908447266,87.58152770996094
2024-03-01,91.9800033569336,88.56365966796875
2024-03-04,91.87999725341797,88.46735382080078
2024-03-05,91.27999877929688,87.8896484375
2024-03-06,91.94999694824219,88.53475952148438
2024-03-07,92.91000366210938,89.4591064453125
2024-03-08,92.70999908447266,89.26653289794922
2024-03-11,92.69000244140625,89.24728393554688
2024-03-12,93.19999694824219,89.73832702636719
2024-03-13,92.68000030517578,89.23764038085938
2024-03-14,92.31999969482422,88.89102172851562
2024-03-15,91.87000274658203,88.45772552490234
2024-03-18,91.69999694824219,88.29405212402344
2024-03-19,92.16999816894531,88.74658966064453
2024-03-20,91.98999786376953,88.57328033447266
2024-03-21,91.9800033569336,88.56365966796875
2024-03-22,91.9800033569336,88.56365966796875
2024-03-25,91.69999694824219,88.29405212402344
2024-03-26,92.05000305175781,88.63105010986328
2024-03-27,93.05999755859375,89.60352325439453
2024-03-28,93.1500015258789,89.69019317626953
2024-04-01,92.27999877929688,88.85250091552734
2024-04-02,90.94999694824219,87.5718994140625
2024-04-03,90.97000122070312,87.59115600585938
2024-04-04,89.86000061035156,86.52239227294922
2024-04-05,90.47000122070312,87.10973358154297
2024-04-08,90.30000305175781,86.946044921875
2024-04-09,90.43000030517578,87.07121276855469
2024-04-10,89.5199966430664,86.19501495361328
2024-04-11,89.2300033569336,85.9157943725586
2024-04-12,87.9800033569336,84.71221923828125
2024-04-15,87.80999755859375,84.54853057861328
2024-04-16,87.63999938964844,84.38484191894531
2024-04-17,87.63999938964844,84.38484191894531
2024-04-18,87.41000366210938,84.16339111328125
2024-04-19,87.75,84.49076080322266
2024-04-22,88.41000366210938,85.1262435913086
2024-04-23,89.62000274658203,86.29129791259766
2024-04-24,89.30999755859375,85.9928207397461
2024-04-25,88.91000366210938,85.60767364501953
2024-04-26,89.12000274658203,85.80986785888672
2024-04-29,89.47000122070312,86.14688110351562
2024-04-30,89.31999969482422,86.00244903564453
2024-05-01,89.55999755859375,86.23353576660156
2024-05-02,89.37999725341797,86.06021881103516
2024-05-03,89.66000366210938,86.32981872558594
2024-05-06,90.05000305175781,86.70532989501953
2024-05-07,90.80999755859375,87.43710327148438
2024-05-08,90.55000305175781,87.18675994873047
2024-05-09,91.43000030517578,88.0340805053711
2024-05-10,91.62999725341797,88.22663879394531
2024-05-13,91.6500015258789,88.24590301513672
2024-05-14,92.08999633789062,88.66956329345703
2024-05-15,93.44000244140625,89.96942901611328
2024-05-16,93.30000305175781,89.83462524414062
2024-05-17,93.30999755859375,89.84424591064453
2024-05-20,93.08000183105469,89.62278747558594
2024-05-21,93.25,89.7864761352539
2024-05-22,93.20999908447266,89.74796295166016
2024-05-23,92.41000366210938,88.97767639160156
2024-05-24,92.25,88.82362365722656
2024-05-28,91.11000061035156,87.72595977783203
2024-05-29,90.48999786376953,87.12899017333984
2024-05-30,90.66000366210938,87.29267883300781
2024-05-31,92.01000213623047,88.592529296875
2024-06-03,92.44000244140625,89.00656127929688
2024-06-04,93.04000091552734,89.58427429199219
2024-06-05,93.55999755859375,90.0849609375
2024-06-06,93.94999694824219,90.46047973632812
2024-06-07,93.87999725341797,90.39307403564453
2024-06-10,94.12000274658203,90.62416076660156
2024-06-11,92.97000122070312,90.16060638427734
2024-06-12,93.05999755859375,90.24787902832031
2024-06-13,92.83000183105469,90.02483367919922
2024-06-14,92.61000061035156,89.81148529052734
2024-06-17,92.45999908447266,89.66602325439453
2024-06-18,92.55000305175781,89.75330352783203
2024-06-20,92.81999969482422,90.01512908935547
2024-06-21,93.01000213623047,90.19940185546875
2024-06-24,93.70999908447266,90.87823486328125
2024-06-25,93.69999694824219,90.86853790283203
2024-06-26,93.13999938964844,90.32546997070312
2024-06-27,92.95999908447266,90.1509017944336
2024-06-28,92.83999633789062,90.03453063964844
2024-07-01,92.54000091552734,89.74359893798828
2024-07-02,92.1500015258789,89.3653793334961
2024-07-03,91.62999725341797,88.86109161376953
2024-07-05,92.5,89.70480346679688
2024-07-08,92.37000274658203,89.5787353515625
2024-07-09,92.63999938964844,89.840576171875
2024-07-10,93.62999725341797,90.8006591796875
2024-07-11,94.23999786376953,91.3922348022461
2024-07-12,94.94000244140625,92.07107543945312
2024-07-15,94.44999694824219,91.59587860107422
2024-07-16,95.55000305175781,92.66265106201172
2024-07-17,95.97000122070312,93.06995391845703
2024-07-18,93.7699966430664,90.9364242553711
2024-07-19,94.26000213623047,91.41162109375
2024-07-22,95.0,92.12926483154297
2024-07-23,94.72000122070312,91.85771942138672
2024-07-24,95.3499984741211,92.46868896484375
2024-07-25,94.94000244140625,92.07107543945312
2024-07-26,95.58000183105469,92.69172668457031
2024-07-29,95.70999908447266,92.81780242919922
2024-07-30,95.76000213623047,92.86630249023438
2024-07-31,95.83999633789062,92.94387817382812
2024-08-01,96.56999969482422,93.65182495117188
2024-08-02,96.1500015258789,93.2445068359375
2024-08-05,93.7300033569336,90.89763641357422
2024-08-06,94.25,91.40191650390625
2024-08-07,93.33000183105469,90.50972747802734
2024-08-08,95.55999755859375,92.6723403930664
2024-08-09,96.22000122070312,93.3124008178711
2024-08-12,95.69999694824219,92.80810546875
2024-08-13,96.98999786376953,94.05913543701172
2024-08-14,97.41999816894531,94.47613525390625
2024-08-15,97.98999786376953,95.02891540527344
2024-08-16,98.13999938964844,95.17437744140625
2024-08-19,98.80000305175781,95.8144302368164
2024-08-20,99.19999694824219,96.20234680175781
2024-08-21,99.45999908447266,96.45448303222656
2024-08-22,99.5199966430664,96.51268005371094
2024-08-23,100.27999877929688,97.24971008300781
2024-08-26,100.01000213623047,96.98786163330078
2024-08-27,100.2300033569336,97.20122528076172
2024-08-28,100.3499984741211,97.31758880615234
2024-08-29,100.6500015258789,97.60853576660156
2024-08-30,101.25,98.19039916992188
2024-09-03,100.55000305175781,97.51155090332031
2024-09-04,100.4800033569336,97.44366455078125
2024-09-05,98.94999694824219,95.95989990234375
2024-09-06,98.66999816894531,95.68834686279297
2024-09-09,99.12999725341797,96.13445281982422
2024-09-10,99.38999938964844,96.38660430908203
2024-09-11,99.19999694824219,96.20234680175781
2024-09-12,99.48999786376953,96.48358154296875
2024-09-13,99.66000366210938,96.64845275878906
2024-09-16,100.30000305175781,97.26910400390625
2024-09-17,99.08999633789062,96.09566497802734
2024-09-18,99.0199966430664,96.02777862548828
2024-09-19,99.43000030517578,96.42540740966797
2024-09-20,98.7300033569336,95.74655151367188
2024-09-23,98.33000183105469,95.358642578125
2024-09-24,98.30000305175781,95.32954406738281
2024-09-25,97.61000061035156,94.66039276123047
2024-09-26,98.0199966430664,95.05799865722656
2024-09-27,97.81999969482422,94.8640365600586
2024-09-30,98.16000366210938,95.19377899169922
2024-10-01,97.58000183105469,94.63129425048828
2024-10-02,97.31999969482422,94.37916564941406
2024-10-03,96.41999816894531,93.50634765625
2024-10-04,96.44000244140625,93.52574920654297
2024-10-07,96.02999877929688,93.12813568115234
2024-10-08,96.56999969482422,93.65182495117188
2024-10-09,97.4000015258789,94.45673370361328
2024-10-10,97.12999725341797,94.19489288330078
2024-10-11,97.73999786376953,94.78646850585938
2024-10-14,98.33999633789062,95.36831665039062
2024-10-15,97.2300033569336,94.29187774658203
2024-10-16,97.37000274658203,94.42765045166016
2024-10-17,96.94000244140625,94.01063537597656
2024-10-18,97.56999969482422,94.62159729003906
2024-10-21,96.44000244140625,93.52574920654297
2024-10-22,96.19999694824219,93.29299926757812
2024-10-23,95.66999816894531,92.77901458740234
2024-10-24,95.18000030517578,92.30382537841797
2024-10-25,94.75,91.8868179321289
2024-10-28,94.91999816894531,92.05166625976562
2024-10-29,94.44000244140625,91.586181640625
2024-10-30,94.01000213623047,91.16918182373047
2024-10-31,93.31999969482422,90.50003051757812
2024-11-01,93.76000213623047,90.92674255371094
2024-11-04,93.30999755859375,90.49032592773438
2024-11-05,93.66999816894531,90.83946228027344
2024-11-06,93.12999725341797,90.3157730102539
2024-11-07,93.91000366210938,91.07220458984375
2024-11-08,94.2699966430664,91.42131042480469
2024-11-11,93.86000061035156,91.02371978759766
2024-11-12,92.4800033569336,89.68541717529297
2024-11-13,92.16000366210938,89.37507629394531
2024-11-14,90.80000305175781,88.05618286132812
2024-11-15,89.1500015258789,86.45603942871094
2024-11-18,89.06999969482422,86.37844848632812
2024-11-19,88.87999725341797,86.1941909790039
2024-11-20,89.76000213623047,87.047607421875
2024-11-21,90.16000366210938,87.4355239868164
2024-11-22,90.41000366210938,87.67796325683594
2024-11-25,91.22000122070312,88.46348571777344
2024-11-26,91.56999969482422,88.80291748046875
2024-11-27,92.11000061035156,89.32659149169922
2024-11-29,92.44999694824219,89.65631866455078
2024-12-02,92.33000183105469,89.53994750976562
2024-12-03,92.33999633789062,89.54963684082031
2024-12-04,92.08000183105469,89.29750061035156
2024-12-05,91.41000366210938,88.64774322509766
2024-12-06,91.19000244140625,88.43440246582031
2024-12-09,91.33999633789062,88.5798568725586
2024-12-10,90.66999816894531,87.93011474609375
2024-12-11,89.94999694824219,87.23185729980469
2024-12-12,89.11000061035156,86.41724395751953
2024-12-13,88.93000030517578,86.24268341064453
2024-12-16,88.18000030517578,85.51534271240234
2024-12-17,87.79000091552734,85.73704528808594
2024-12-18,86.30999755859375,84.2916488647461
2024-12-19,85.66000366210938,83.6568603515625
2024-12-20,85.87000274658203,83.86194610595703
2024-12-23,86.73999786376953,84.71159362792969
2024-12-24,86.93000030517578,84.89715576171875
2024-12-26,87.13999938964844,85.10224151611328
2024-12-27,86.80999755859375,84.77996063232422
2024-12-30,85.76000213623047,83.75450897216797
2024-12-31,85.97000122070312,83.95960235595703
2025-01-02,86.01000213623047,83.99866485595703
2025-01-03,86.6500015258789,84.62370300292969
2025-01-06,86.69000244140625,84.66276550292969
2025-01-07,87.19000244140625,85.15107727050781
2025-01-08,87.58999633789062,85.54170989990234
2025-01-10,87.12999725341797,85.09247589111328
2025-01-13,87.77999877929688,85.7272720336914
2025-01-14,86.88999938964844,84.85809326171875
2025-01-15,87.37999725341797,85.33662414550781
2025-01-16,87.8499984741211,85.79563903808594
2025-01-17,87.06999969482422,85.03387451171875
2025-01-21,88.75,86.67459869384766
2025-01-22,88.51000213623047,86.4402084350586
2025-01-23,89.66000366210938,87.56331634521484
2025-01-24,90.13999938964844,88.03208923339844
2025-01-27,91.9800033569336,89.82906341552734
2025-01-28,91.25,89.11613464355469
2025-01-29,90.76000213623047,88.6375961303711
2025-01-30,92.05000305175781,89.89742279052734
2025-01-31,91.41999816894531,89.28215789794922
2025-02-03,91.5,89.36028289794922
2025-02-04,91.3499984741211,89.21379089355469
2025-02-05,92.56999969482422,90.40525817871094
2025-02-06,91.77999877929688,89.63373565673828
2025-02-07,91.26000213623047,89.12589263916016
2025-02-10,91.25,89.11613464355469
2025-02-11,91.18000030517578,89.04776763916016
2025-02-12,91.02999877929688,88.90127563476562
2025-02-13,91.48999786376953,89.35051727294922
2025-02-14,90.58000183105469,88.46179962158203
2025-02-18,90.72000122070312,88.59852600097656
2025-02-19,91.37999725341797,89.24308776855469
2025-02-20,91.86000061035156,89.71186828613281
2025-02-21,91.75,89.60443878173828
2025-02-24,92.30999755859375,90.15133666992188
2025-02-25,93.22000122070312,91.04006958007812
2025-02-26,92.6500015258789,90.4833984375
2025-02-27,92.16999816894531,90.01461791992188
2025-02-28,93.16000366210938,90.9814682006836
2025-03-03,93.56999969482422,91.38188171386719
2025-03-04,93.08999633789062,90.91310119628906
2025-03-05,94.18000030517578,91.97761535644531
2025-03-06,93.63999938964844,91.45023345947266
2025-03-07,93.9000015258789,91.70416259765625
2025-03-10,92.43000030517578,90.2685317993164
2025-03-11,91.3499984741211,89.21379089355469
2025-03-12,90.77999877929688,88.65711975097656
2025-03-13,90.36000061035156,88.24694061279297
2025-03-14,91.20999908447266,89.07707214355469
2025-03-17,92.45999908447266,90.29784393310547
2025-03-18,92.4800033569336,90.31737518310547
2025-03-19,92.30000305175781,90.1415786743164
2025-03-20,92.33999633789062,90.1806411743164
2025-03-21,91.94999694824219,89.79975128173828
2025-03-24,92.16999816894531,90.01461791992188
2025-03-25,91.29000091552734,89.15519714355469
2025-03-26,90.6500015258789,88.53016662597656
2025-03-27,90.88999938964844,88.7645492553711
2025-03-28,90.77999877929688,88.65711975097656
2025-03-31,91.19999694824219,89.06729888916016
2025-04-01,89.70999908447266,87.61214447021484
2025-04-02,90.0199966430664,87.9148941040039
2025-04-03,89.66000366210938,87.56331634521484
2025-04-04,84.61000061035156,82.63140106201172
2025-04-07,83.70999908447266,81.75244903564453
2025-04-08,82.87000274658203,80.93209838867188
2025-04-09,86.37000274658203,84.35025787353516
2025-04-10,84.1500015258789,82.18216705322266
2025-04-11,85.66000366210938,83.6568603515625
2025-04-14,86.81999969482422,84.78972625732422
2025-04-15,86.44999694824219,84.42837524414062
2025-04-16,85.76000213623047,83.75450897216797
2025-04-17,85.4000015258789,83.4029312133789
2025-04-21,83.9800033569336,82.01614379882812
2025-04-22,85.48999786376953,83.49082946777344
2025-04-23,85.88999938964844,83.8814697265625
2025-04-24,87.02999877929688,84.99481201171875
2025-04-25,87.4000015258789,85.35616302490234
2025-04-28,87.8499984741211,85.79563903808594
2025-04-29,88.44999694824219,86.38159942626953
2025-04-30,89.13999938964844,87.05547332763672
2025-05-01,87.0999984741211,85.06317901611328
2025-05-02,88.76000213623047,86.68436431884766
2025-05-05,88.5199966430664,86.44996643066406
2025-05-06,86.26000213623047,84.2428207397461
2025-05-07,86.58000183105469,84.55534362792969
2025-05-08,85.41999816894531,83.4224624633789
2025-05-09,84.77999877929688,82.79743194580078
2025-05-12,86.4000015258789,84.37954711914062
2025-05-13,84.16000366210938,82.19193267822266
2025-05-14,82.30000305175781,80.37542724609375
2025-05-15,83.54000091552734,81.58642578125
2025-05-16,84.93000030517578,82.94392395019531
2025-05-19,85.91999816894531,83.91077423095703
2025-05-20,86.29000091552734,84.27212524414062
2025-05-21,84.70999908447266,82.72906494140625
2025-05-22,84.26000213623047,82.28959655761719
2025-05-23,84.25,82.27982330322266
2025-05-27,85.31999969482422,83.32479858398438
2025-05-28,84.69000244140625,82.70953369140625
2025-05-29,85.29000091552734,83.2955093383789
2025-05-30,85.72000122070312,83.7154541015625
2025-06-02,85.93000030517578,83.92053985595703
2025-06-03,85.69000244140625,83.68614959716797
2025-06-04,86.11000061035156,84.09632873535156
2025-06-05,85.97000122070312,83.95960235595703
2025-06-06,86.81999969482422,84.78972625732422
2025-06-09,86.69999694824219,84.67253112792969
2025-06-10,87.73999786376953,85.6882095336914
2025-06-11,87.68000030517578,85.6296157836914
2025-06-12,88.68000030517578,86.60623168945312
2025-06-13,87.80999755859375,85.75657653808594
2025-06-16,86.52999877929688,85.24723815917969
2025-06-17,85.06999969482422,83.80888366699219
2025-06-18,84.87999725341797,83.62169647216797
2025-06-20,84.43000030517578,83.17837524414062
2025-06-23,84.66000366210938,83.40496826171875
2025-06-24,85.69000244140625,84.41969299316406
2025-06-25,85.37000274658203,84.10443878173828
2025-06-26,85.7300033569336,84.45909881591797
2025-06-27,85.62000274658203,84.3507308959961
2025-06-30,86.08999633789062,84.81375885009766
2025-07-01,87.06999969482422,85.77923583984375
2025-07-02,86.48999786376953,85.20782470703125
2025-07-03,86.30999755859375,85.03050231933594
2025-07-07,85.5999984741211,84.33102416992188
2025-07-08,86.05999755859375,84.7842025756836
2025-07-09,86.54000091552734,85.25709533691406
2025-07-10,87.16000366210938,85.86790466308594
2025-07-11,86.12000274658203,84.84332275390625
2025-07-14,86.18000030517578,84.90242767333984
2025-07-15,84.75,83.4936294555664
2025-07-16,85.62000274658203,84.3507308959961
2025-07-17,84.69999694824219,83.44436645507812
2025-07-18,84.20999908447266,82.96163177490234
2025-07-21,83.80999755859375,82.56755828857422
2025-07-22,85.3499984741211,84.08473205566406
2025-07-23,87.31999969482422,86.02552795410156
2025-07-24,87.12999725341797,85.83834075927734
2025-07-25,87.47000122070312,86.17330169677734
2025-07-28,86.52999877929688,85.24723815917969
2025-07-29,85.75,84.47880554199219
2025-07-30,85.48999786376953,84.22265625
2025-07-31,83.05999755859375,81.82867431640625
2025-08-01,83.56999969482422,82.33111572265625
2025-08-04,84.7699966430664,83.5133285522461
2025-08-05,84.37999725341797,83.12910461425781
2025-08-06,83.08000183105469,81.848388671875
2025-08-07,82.7300033569336,81.50357055664062
2025-08-08,83.3499984741211,82.1143798828125
2025-08-11,83.29000091552734,82.05526733398438
2025-08-12,84.0199966430664,82.77444458007812
2025-08-13,85.38999938964844,84.12413787841797
2025-08-14,85.66000366210938,84.39014434814453
2025-08-15,87.02999877929688,85.73982238769531
2025-08-18,86.9800033569336,85.6905746459961
2025-08-19,87.43000030517578,86.13389587402344
2025-08-20,87.87999725341797,86.57722473144531
2025-08-21,87.52999877929688,86.23241424560547
2025-08-22,88.30999755859375,87.0008544921875
2025-08-25,87.08999633789062,85.79893493652344
2025-08-26,87.47000122070312,86.17330169677734
2025-08-27,87.55000305175781,86.25212097167969
2025-08-28,87.25,85.9565658569336
2025-08-29,87.66000366210938,86.3604965209961
2025-09-02,87.5199966430664,86.22256469726562
2025-09-03,87.61000061035156,86.31122589111328
2025-09-04,87.87999725341797,86.57722473144531
2025-09-05,88.30999755859375,87.0008544921875
2025-09-08,88.29000091552734,86.98114776611328
2025-09-09,88.5199966430664,87.2077407836914
2025-09-10,87.8499984741211,86.54767608642578
2025-09-11,89.13999938964844,87.81854248046875
2025-09-12,88.1500015258789,86.84322357177734
2025-09-15,87.4000015258789,86.10433959960938
2025-09-16,87.55999755859375,86.26197052001953
2025-09-17,87.62999725341797,86.3309326171875
2025-09-18,87.8499984741211,86.54767608642578
2025-09-19,87.7300033569336,86.42945098876953
2025-09-22,87.76000213623047,86.4590072631836
2025-09-23,87.6500015258789,86.35063934326172
2025-09-24,87.13999938964844,85.84819793701172
2025-09-25,85.55000305175781,84.28176879882812
2025-09-26,86.2699966430664,84.9910888671875
2025-09-29,86.61000061035156,85.3260498046875
2025-09-30,88.62000274658203,87.30625915527344
2025-10-01,91.69999694824219,90.34059143066406
2025-10-02,91.58000183105469,90.22237396240234
2025-10-03,92.62999725341797,91.2568130493164
2025-10-06,92.37999725341797,91.01051330566406
2025-10-07,92.20999908447266,90.8430404663086
2025-10-08,92.45999908447266,91.0893325805664
2025-10-09,92.12000274658203,90.7543716430664
2025-10-10,90.87999725341797,89.53275299072266
2025-10-13,90.76000213623047,89.41453552246094
2025-10-14,90.95999908447266,89.611572265625
2025-10-15,91.06999969482422,89.71994018554688
2025-10-16,91.30999755859375,89.95637512207031
2025-10-17,91.75,90.38986206054688
2025-10-20,92.5199966430664,91.1484375
2025-10-21,92.54000091552734,91.16814422607422
2025-10-22,92.80999755859375,91.43413543701172
2025-10-23,92.80999755859375,91.43413543701172
2025-10-24,92.69000244140625,91.31592559814453
2025-10-27,92.8499984741211,91.47354888916016
2025-10-28,91.91000366210938,90.5474853515625
2025-10-29,91.12000274658203,89.76919555664062
2025-10-30,91.30000305175781,89.946533203125
2025-10-31,91.1500015258789,89.79875183105469
2025-11-03,91.20999908447266,89.85786437988281
2025-11-04,91.37999725341797,90.02533721923828
2025-11-05,91.6500015258789,90.29134368896484
2025-11-06,91.87000274658203,90.5080795288086
2025-11-07,92.05000305175781,90.68540954589844
2025-11-10,92.91999816894531,91.54251098632812
2025-11-11,95.12000274658203,93.70989990234375
2025-11-12,96.30999755859375,94.88225555419922
2025-11-13,96.20999908447266,94.78373718261719
2025-11-14,95.61000061035156,94.19263458251953
2025-11-17,95.4800033569336,94.06455993652344
2025-11-18,95.86000061035156,94.43893432617188
2025-11-19,95.6500015258789,94.23204040527344
2025-11-20,94.87999725341797,93.47345733642578
2025-11-21,96.8499984741211,95.41425323486328
2025-11-24,97.05000305175781,95.61128997802734
2025-11-25,99.19000244140625,97.71956634521484
2025-11-26,99.16000366210938,97.69001007080078
2025-11-28,98.72000122070312,97.25653076171875
2025-12-01,97.37999725341797,95.93638610839844
2025-12-02,97.13999938964844,95.699951171875
2025-12-03,97.61000061035156,96.16297912597656
2025-12-04,96.86000061035156,95.42410278320312
2025-12-05,96.66999816894531,95.2369155883789
2025-12-08,95.77999877929688,94.36011505126953
2025-12-09,94.75,93.34538269042969
2025-12-10,96.22000122070312,94.79359436035156
2025-12-11,97.0,95.56202697753906
2025-12-12,96.93000030517578,95.4930648803711
2025-12-15,98.22000122070312,96.76394653320312
2025-12-16,96.48999786376953,95.64189147949219
2025-12-17,96.06999969482422,95.2255859375
2025-12-18,96.12999725341797,95.28504943847656
2025-12-19,96.97000122070312,96.11767578125
2025-12-22,97.29000091552734,96.43486022949219
2025-12-23,97.5999984741211,96.74213409423828
2025-12-24,98.08999633789062,97.22782135009766
2025-12-26,98.19000244140625,97.32695007324219
2025-12-29,97.94000244140625,97.07914733886719
2025-12-30,97.79000091552734,96.93046569824219
2025-12-31,97.4000015258789,96.54389190673828
2026-01-02,97.7300033569336,96.8709945678711
