date,close,adj_close
2014-12-01,64.37000274658203,47.89276885986328
2014-12-02,63.7599983215332,47.43892288208008
2014-12-03,63.5,47.245487213134766
2014-12-04,63.34000015258789,47.126441955566406
2014-12-05,63.599998474121094,47.319889068603516
2014-12-08,63.310001373291016,47.1041145324707
2014-12-09,62.20000076293945,46.278255462646484
2014-12-10,61.41999816894531,45.69791030883789
2014-12-11,61.70000076293945,45.9062385559082
2014-12-12,60.599998474121094,45.08782196044922
2014-12-15,60.09000015258789,44.7083625793457
2014-12-16,60.2599983215332,44.83484649658203
2014-12-17,61.099998474121094,45.4598274230957
2014-12-18,62.0099983215332,46.13689041137695
2014-12-19,60.790000915527344,46.029361724853516
2014-12-22,61.22999954223633,46.362525939941406
2014-12-23,61.279998779296875,46.40038299560547
2014-12-24,61.290000915527344,46.40796661376953
2014-12-26,61.540000915527344,46.59726333618164
2014-12-29,61.060001373291016,46.23381042480469
2014-12-30,60.599998474121094,45.885498046875
2014-12-31,60.09000015258789,45.499332427978516
2015-01-02,59.9900016784668,45.42361831665039
2015-01-05,58.83000183105469,44.5452766418457
2015-01-06,58.61000061035156,44.37870788574219
2015-01-07,59.2599983215332,44.870872497558594
2015-01-08,60.22999954223633,45.6053466796875
2015-01-09,60.09000015258789,45.499332427978516
2015-01-12,60.2599983215332,45.62805938720703
2015-01-13,60.619998931884766,45.9006462097168
2015-01-14,60.66999816894531,45.93850326538086
2015-01-15,60.63999938964844,45.91578674316406
2015-01-16,61.560001373291016,46.61240005493164
2015-01-20,61.810001373291016,46.80170440673828
2015-01-21,62.279998779296875,47.15758514404297
2015-01-22,62.56999969482422,47.377166748046875
2015-01-23,62.189998626708984,47.08943176269531
2015-01-26,62.380001068115234,47.23329544067383
2015-01-27,62.0099983215332,46.95313262939453
2015-01-28,61.5,46.56697082519531
2015-01-29,62.02000045776367,46.960716247558594
2015-01-30,61.18000030517578,46.32466506958008
2015-02-02,62.0099983215332,46.95313262939453
2015-02-03,63.209999084472656,47.86176300048828
2015-02-04,62.91999816894531,47.64216995239258
2015-02-05,63.47999954223633,48.06620788574219
2015-02-06,63.209999084472656,47.86176300048828
2015-02-09,62.83000183105469,47.574031829833984
2015-02-10,63.47999954223633,48.06620788574219
2015-02-11,63.150001525878906,47.81633377075195
2015-02-12,63.779998779296875,48.29335403442383
2015-02-13,63.79999923706055,48.30849838256836
2015-02-17,63.83000183105469,48.331214904785156
2015-02-18,63.33000183105469,47.952632904052734
2015-02-19,63.15999984741211,47.82390213012695
2015-02-20,63.66999816894531,48.21006393432617
2015-02-23,63.18000030517578,47.83904266357422
2015-02-24,63.58000183105469,48.14192199707031
2015-02-25,63.790000915527344,48.300926208496094
2015-02-26,63.83000183105469,48.331214904785156
2015-02-27,63.79999923706055,48.30849838256836
2015-03-02,63.900001525878906,48.38422775268555
2015-03-03,63.41999816894531,48.02077102661133
2015-03-04,63.119998931884766,47.79362106323242
2015-03-05,63.0099983215332,47.71031951904297
2015-03-06,61.810001373291016,46.80170440673828
2015-03-09,61.47999954223633,46.551822662353516
2015-03-10,60.27000045776367,45.6356315612793
2015-03-11,60.41999816894531,45.749210357666016
2015-03-12,61.130001068115234,46.286808013916016
2015-03-13,60.790000915527344,46.029361724853516
2015-03-16,61.34000015258789,46.445823669433594
2015-03-17,61.18000030517578,46.32466506958008
2015-03-18,62.36000061035156,47.2181510925293
2015-03-19,61.439998626708984,46.52153778076172
2015-03-20,62.290000915527344,47.16515350341797
2015-03-23,62.41999816894531,47.26357650756836
2015-03-24,62.58000183105469,47.38473129272461
2015-03-25,62.099998474121094,47.02127456665039
2015-03-26,61.939998626708984,46.9001350402832
2015-03-27,61.86000061035156,46.83956527709961
2015-03-30,62.0,46.94556427001953
2015-03-31,61.29999923706055,46.41554260253906
2015-04-01,61.709999084472656,46.725982666015625
2015-04-02,62.220001220703125,47.112144470214844
2015-04-06,62.599998474121094,47.39988708496094
2015-04-07,62.40999984741211,47.25600814819336
2015-04-08,62.790000915527344,47.54373550415039
2015-04-09,62.77000045776367,47.52859878540039
2015-04-10,62.83000183105469,47.574031829833984
2015-04-13,62.880001068115234,47.61189651489258
2015-04-14,63.220001220703125,47.86933517456055
2015-04-15,63.38999938964844,47.998050689697266
2015-04-16,63.52000045776367,48.09648895263672
2015-04-17,62.79999923706055,47.55131912231445
2015-04-20,63.349998474121094,47.96775817871094
2015-04-21,63.63999938964844,48.187347412109375
2015-04-22,64.0,48.459938049316406
2015-04-23,64.77999877929688,49.05054473876953
2015-04-24,65.02999877929688,49.239837646484375
2015-04-27,65.20999908447266,49.37613296508789
2015-04-28,65.58999633789062,49.663856506347656
2015-04-29,65.27999877929688,49.42913818359375
2015-04-30,64.68000030517578,48.974822998046875
2015-05-01,64.86000061035156,49.11111831665039
2015-05-04,65.12999725341797,49.315547943115234
2015-05-05,64.19000244140625,48.60380554199219
2015-05-06,64.05000305175781,48.49779510498047
2015-05-07,63.869998931884766,48.36150360107422
2015-05-08,64.86000061035156,49.11111831665039
2015-05-11,64.41999816894531,48.777950286865234
2015-05-12,64.33999633789062,48.717376708984375
2015-05-13,64.48999786376953,48.830955505371094
2015-05-14,64.86000061035156,49.11111831665039
2015-05-15,65.08999633789062,49.28527069091797
2015-05-18,64.88999938964844,49.13383483886719
2015-05-19,64.31999969482422,48.70222854614258
2015-05-20,64.58999633789062,48.90666961669922
2015-05-21,64.98999786376953,49.209556579589844
2015-05-22,64.76000213623047,49.035404205322266
2015-05-26,64.08000183105469,48.5205192565918
2015-05-27,64.4000015258789,48.7628173828125
2015-05-28,64.05000305175781,48.49779510498047
2015-05-29,63.880001068115234,48.36907196044922
2015-06-01,63.349998474121094,47.96775817871094
2015-06-02,63.86000061035156,48.35393142700195
2015-06-03,64.29000091552734,48.679527282714844
2015-06-04,63.560001373291016,48.12678146362305
2015-06-05,62.65999984741211,47.4453010559082
2015-06-08,62.7400016784668,47.505882263183594
2015-06-09,62.47999954223633,47.309017181396484
2015-06-10,63.22999954223633,47.87690353393555
2015-06-11,63.5099983215332,48.08891677856445
2015-06-12,63.25,47.892051696777344
2015-06-15,62.83000183105469,47.574031829833984
2015-06-16,62.970001220703125,47.680030822753906
2015-06-17,63.09000015258789,47.77089309692383
2015-06-18,63.7400016784668,48.263065338134766
2015-06-19,63.529998779296875,48.10406494140625
2015-06-22,64.55000305175781,48.87639617919922
2015-06-23,65.0999984741211,49.2928466796875
2015-06-24,63.61000061035156,48.96262741088867
2015-06-25,63.68000030517578,49.016502380371094
2015-06-26,63.5099983215332,48.885650634765625
2015-06-29,62.20000076293945,47.87730407714844
2015-06-30,62.13999938964844,47.83112335205078
2015-07-01,62.400001525878906,48.03125762939453
2015-07-02,62.54999923706055,48.14671325683594
2015-07-06,61.630001068115234,47.438560485839844
2015-07-07,61.58000183105469,47.40007400512695
2015-07-08,60.630001068115234,46.668827056884766
2015-07-09,60.810001373291016,46.807376861572266
2015-07-10,62.470001220703125,48.08513641357422
2015-07-13,62.68000030517578,48.24677276611328
2015-07-14,63.040000915527344,48.52388000488281
2015-07-15,62.86000061035156,48.38532638549805
2015-07-16,63.54999923706055,48.91643524169922
2015-07-17,63.40999984741211,48.808677673339844
2015-07-20,63.59000015258789,48.947235107421875
2015-07-21,63.119998931884766,48.585453033447266
2015-07-22,62.5,48.108219146728516
2015-07-23,62.25,47.915794372558594
2015-07-24,62.18000030517578,47.86191177368164
2015-07-27,61.849998474121094,47.60790252685547
2015-07-28,62.150001525878906,47.83882141113281
2015-07-29,62.81999969482422,48.35454177856445
2015-07-30,62.81999969482422,48.35454177856445
2015-07-31,62.90999984741211,48.4238166809082
2015-08-03,62.95000076293945,48.4546012878418
2015-08-04,62.88999938964844,48.408424377441406
2015-08-05,63.119998931884766,48.585453033447266
2015-08-06,63.040000915527344,48.52388000488281
2015-08-07,62.84000015258789,48.369930267333984
2015-08-10,63.86000061035156,49.155059814453125
2015-08-11,63.41999816894531,48.81637954711914
2015-08-12,63.15999984741211,48.61625289916992
2015-08-13,62.709999084472656,48.269874572753906
2015-08-14,62.83000183105469,48.36223602294922
2015-08-17,62.79999923706055,48.33913803100586
2015-08-18,62.58000183105469,48.1698112487793
2015-08-19,62.38999938964844,48.0235595703125
2015-08-20,61.349998474121094,47.22303771972656
2015-08-21,60.38999938964844,46.48408889770508
2015-08-24,58.209999084472656,44.80607604980469
2015-08-25,57.970001220703125,44.62134552001953
2015-08-26,59.310001373291016,45.65278625488281
2015-08-27,60.529998779296875,46.59185791015625
2015-08-28,60.130001068115234,46.283966064453125
2015-08-31,59.849998474121094,46.06843566894531
2015-09-01,58.15999984741211,44.76758575439453
2015-09-02,58.90999984741211,45.34489440917969
2015-09-03,59.47999954223633,45.78363037109375
2015-09-04,58.31999969482422,44.890750885009766
2015-09-08,59.77000045776367,46.006866455078125
2015-09-09,59.41999816894531,45.737449645996094
2015-09-10,59.290000915527344,45.637386322021484
2015-09-11,58.93000030517578,45.360286712646484
2015-09-14,58.27000045776367,44.85225296020508
2015-09-15,58.459999084472656,44.998504638671875
2015-09-16,59.06999969482422,45.46805191040039
2015-09-17,59.02000045776367,45.42955780029297
2015-09-18,58.04999923706055,44.68291473388672
2015-09-21,58.27000045776367,44.85225296020508
2015-09-22,57.459999084472656,44.22877883911133
2015-09-23,57.27000045776367,44.08253479003906
2015-09-24,57.04999923706055,43.91318893432617
2015-09-25,57.45000076293945,44.2210807800293
2015-09-28,56.290000915527344,43.328189849853516
2015-09-29,56.029998779296875,43.128055572509766
2015-09-30,56.720001220703125,43.65918731689453
2015-10-01,56.380001068115234,43.3974723815918
2015-10-02,56.77000045776367,43.697662353515625
2015-10-05,58.209999084472656,44.80607604980469
2015-10-06,58.27000045776367,44.85225296020508
2015-10-07,58.58000183105469,45.09088134765625
2015-10-08,58.880001068115234,45.32179260253906
2015-10-09,58.810001373291016,45.267913818359375
2015-10-12,58.869998931884766,45.31409454345703
2015-10-13,58.290000915527344,44.867652893066406
2015-10-14,58.060001373291016,44.69062042236328
2015-10-15,59.08000183105469,45.47574996948242
2015-10-16,59.18000030517578,45.552711486816406
2015-10-19,59.0,45.414161682128906
2015-10-20,59.650001525878906,45.91448974609375
2015-10-21,59.15999984741211,45.53731918334961
2015-10-22,60.400001525878906,46.49178695678711
2015-10-23,60.90999984741211,46.88435363769531
2015-10-26,60.849998474121094,46.83816909790039
2015-10-27,60.130001068115234,46.283966064453125
2015-10-28,60.650001525878906,46.68421936035156
2015-10-29,60.560001373291016,46.61494445800781
2015-10-30,60.66999816894531,46.699615478515625
2015-11-02,60.91999816894531,46.89204406738281
2015-11-03,60.7599983215332,46.768898010253906
2015-11-04,60.38999938964844,46.48408889770508
2015-11-05,60.380001068115234,46.47639846801758
2015-11-06,59.7599983215332,45.999149322509766
2015-11-09,59.16999816894531,45.54501724243164
2015-11-10,59.41999816894531,45.737449645996094
2015-11-11,59.7599983215332,45.999149322509766
2015-11-12,59.209999084472656,45.575801849365234
2015-11-13,58.5,45.029296875
2015-11-16,59.58000183105469,45.86061477661133
2015-11-17,59.84000015258789,46.06073760986328
2015-11-18,60.20000076293945,46.33784484863281
2015-11-19,60.400001525878906,46.49178695678711
2015-11-20,60.290000915527344,46.40711975097656
2015-11-23,59.84000015258789,46.06073760986328
2015-11-24,59.720001220703125,45.96837615966797
2015-11-25,59.70000076293945,45.95298385620117
2015-11-27,59.90999984741211,46.114620208740234
2015-11-30,59.81999969482422,46.045345306396484
2015-12-01,60.11000061035156,46.2685546875
2015-12-02,59.52000045776367,45.81441879272461
2015-12-03,59.08000183105469,45.47574996948242
2015-12-04,59.7400016784668,45.9837646484375
2015-12-07,59.61000061035156,45.883705139160156
2015-12-08,58.91999816894531,45.35258102416992
2015-12-09,58.560001373291016,45.07548141479492
2015-12-10,58.529998779296875,45.05239486694336
2015-12-11,57.59000015258789,44.3288459777832
2015-12-14,57.849998474121094,44.528968811035156
2015-12-15,58.45000076293945,44.990814208984375
2015-12-16,59.529998779296875,45.822120666503906
2015-12-17,58.90999984741211,45.34489440917969
2015-12-18,58.18000030517578,44.782981872558594
2015-12-21,57.22999954223633,44.92900085449219
2015-12-22,57.63999938964844,45.25088119506836
2015-12-23,58.4900016784668,45.91818618774414
2015-12-24,58.2599983215332,45.73762512207031
2015-12-28,58.189998626708984,45.68266677856445
2015-12-29,58.720001220703125,46.14236068725586
2015-12-30,58.189998626708984,45.72587585449219
2015-12-31,57.849998474121094,45.45869827270508
2016-01-04,57.08000183105469,44.853641510009766
2016-01-05,57.290000915527344,45.01865768432617
2016-01-06,56.84000015258789,44.665042877197266
2016-01-07,56.16999816894531,44.1385498046875
2016-01-08,55.959999084472656,43.97354507446289
2016-01-11,56.20000076293945,44.162132263183594
2016-01-12,56.349998474121094,44.280006408691406
2016-01-13,55.59000015258789,43.68279266357422
2016-01-14,56.29999923706055,44.2407112121582
2016-01-15,55.04999923706055,43.258460998535156
2016-01-19,55.5,43.612064361572266
2016-01-20,54.36000061035156,42.716251373291016
2016-01-21,55.38999938964844,43.525638580322266
2016-01-22,56.90999984741211,44.72005844116211
2016-01-25,56.25,44.201416015625
2016-01-26,57.2400016784668,44.97936248779297
2016-01-27,57.66999816894531,45.317264556884766
2016-01-28,57.599998474121094,45.26226043701172
2016-01-29,58.810001373291016,46.21308135986328
2016-02-01,59.4900016784668,46.74742889404297
2016-02-02,58.380001068115234,45.87518310546875
2016-02-03,59.290000915527344,46.59027099609375
2016-02-04,59.22999954223633,46.543113708496094
2016-02-05,58.869998931884766,46.26022720336914
2016-02-08,58.189998626708984,45.72587585449219
2016-02-09,57.880001068115234,45.48228454589844
2016-02-10,57.59000015258789,45.25439453125
2016-02-11,57.25,44.98721694946289
2016-02-12,57.619998931884766,45.27797317504883
2016-02-16,58.189998626708984,45.72587585449219
2016-02-17,59.040000915527344,46.39381790161133
2016-02-18,59.20000076293945,46.519535064697266
2016-02-19,58.68000030517578,46.110931396484375
2016-02-22,59.279998779296875,46.58240509033203
2016-02-23,58.560001373291016,46.016624450683594
2016-02-24,58.68000030517578,46.110931396484375
2016-02-25,59.4900016784668,46.74742889404297
2016-02-26,59.11000061035156,46.44881820678711
2016-02-29,59.0099983215332,46.3702392578125
2016-03-01,60.209999084472656,47.313201904296875
2016-03-02,60.400001525878906,47.462501525878906
2016-03-03,60.61000061035156,47.627525329589844
2016-03-04,60.58000183105469,47.603946685791016
2016-03-07,60.630001068115234,47.64324188232422
2016-03-08,60.540000915527344,47.5725212097168
2016-03-09,60.84000015258789,47.808258056640625
2016-03-10,60.65999984741211,47.666812896728516
2016-03-11,61.7400016784668,48.51548385620117
2016-03-14,61.720001220703125,48.49977111816406
2016-03-15,61.529998779296875,48.35047149658203
2016-03-16,62.2400016784668,48.908382415771484
2016-03-17,62.45000076293945,49.07339859008789
2016-03-18,61.95000076293945,48.68049621582031
2016-03-21,61.93000030517578,48.6647834777832
2016-03-22,61.90999984741211,48.64906692504883
2016-03-23,61.47999954223633,48.3111686706543
2016-03-24,61.560001373291016,48.37404251098633
2016-03-28,61.68000030517578,48.468326568603516
2016-03-29,62.4900016784668,49.104835510253906
2016-03-30,62.7599983215332,49.3170051574707
2016-03-31,62.27000045776367,48.93195724487305
2016-04-01,62.08000183105469,48.78265380859375
2016-04-04,61.91999816894531,48.656925201416016
2016-04-05,60.939998626708984,47.886837005615234
2016-04-06,61.45000076293945,48.287593841552734
2016-04-07,61.0,47.93398666381836
2016-04-08,61.540000915527344,48.35832595825195
2016-04-11,61.4900016784668,48.31903839111328
2016-04-12,62.130001068115234,48.82194137573242
2016-04-13,62.20000076293945,48.876953125
2016-04-14,62.33000183105469,48.97911071777344
2016-04-15,62.40999984741211,49.041969299316406
2016-04-18,62.79999923706055,49.34843444824219
2016-04-19,63.619998931884766,49.99279022216797
2016-04-20,63.33000183105469,49.76490783691406
2016-04-21,62.400001525878906,49.03411865234375
2016-04-22,62.70000076293945,49.26985549926758
2016-04-25,62.36000061035156,49.00267028808594
2016-04-26,62.36000061035156,49.00267028808594
2016-04-27,62.869998931884766,49.403438568115234
2016-04-28,62.22999954223633,48.90052795410156
2016-04-29,62.18000030517578,48.86123275756836
2016-05-02,62.9900016784668,49.49774169921875
2016-05-03,62.2599983215332,48.924102783203125
2016-05-04,61.7599983215332,48.53119659423828
2016-05-05,61.65999984741211,48.45262145996094
2016-05-06,61.7400016784668,48.51548385620117
2016-05-09,61.59000015258789,48.397613525390625
2016-05-10,62.650001525878906,49.230567932128906
2016-05-11,62.40999984741211,49.041969299316406
2016-05-12,62.880001068115234,49.41130065917969
2016-05-13,62.060001373291016,48.766937255859375
2016-05-16,62.52000045776367,49.12841033935547
2016-05-17,62.040000915527344,48.751220703125
2016-05-18,61.540000915527344,48.35832595825195
2016-05-19,60.9900016784668,47.92612838745117
2016-05-20,61.279998779296875,48.15400695800781
2016-05-23,61.0,47.93398666381836
2016-05-24,61.54999923706055,48.36617660522461
2016-05-25,62.16999816894531,48.85337448120117
2016-05-26,62.29999923706055,48.95553207397461
2016-05-27,62.34000015258789,48.986968994140625
2016-05-31,62.220001220703125,48.89266586303711
2016-06-01,61.93000030517578,48.6647834777832
2016-06-02,62.04999923706055,48.75907516479492
2016-06-03,62.439998626708984,49.0655403137207
2016-06-06,62.61000061035156,49.19912338256836
2016-06-07,63.25,49.70204162597656
2016-06-08,63.20000076293945,49.662750244140625
2016-06-09,62.81999969482422,49.36415100097656
2016-06-10,62.09000015258789,48.7905158996582
2016-06-13,61.31999969482422,48.185447692871094
2016-06-14,61.130001068115234,48.03614044189453
2016-06-15,61.119998931884766,48.028282165527344
2016-06-16,61.5099983215332,48.33474349975586
2016-06-17,61.70000076293945,48.48405075073242
2016-06-20,62.58000183105469,49.17555618286133
2016-06-21,61.869998931884766,49.46980285644531
2016-06-22,62.06999969482422,49.62971878051758
2016-06-23,63.150001525878906,50.493255615234375
2016-06-24,60.279998779296875,48.1984748840332
2016-06-27,60.209999084472656,48.14250564575195
2016-06-28,61.22999954223633,48.958072662353516
2016-06-29,62.45000076293945,49.93354797363281
2016-06-30,63.189998626708984,50.525238037109375
2016-07-01,63.41999816894531,50.709136962890625
2016-07-05,62.83000183105469,50.237388610839844
2016-07-06,63.0099983215332,50.38131332397461
2016-07-07,62.45000076293945,49.93354797363281
2016-07-08,62.91999816894531,50.309349060058594
2016-07-11,63.22999954223633,50.55721664428711
2016-07-12,63.630001068115234,50.877044677734375
2016-07-13,63.470001220703125,50.74912643432617
2016-07-14,63.91999816894531,51.108924865722656
2016-07-15,63.689998626708984,50.925025939941406
2016-07-18,63.560001373291016,50.82108688354492
2016-07-19,62.959999084472656,50.34133529663086
2016-07-20,63.29999923706055,50.61319351196289
2016-07-21,62.97999954223633,50.357330322265625
2016-07-22,63.650001525878906,50.89304733276367
2016-07-25,63.400001525878906,50.69316101074219
2016-07-26,63.119998931884766,50.46926498413086
2016-07-27,63.189998626708984,50.525238037109375
2016-07-28,63.040000915527344,50.40530776977539
2016-07-29,63.70000076293945,50.93302917480469
2016-08-01,63.54999923706055,50.81308364868164
2016-08-02,63.38999938964844,50.685157775878906
2016-08-03,63.5,50.773109436035156
2016-08-04,63.349998474121094,50.653175354003906
2016-08-05,63.40999984741211,50.701141357421875
2016-08-08,63.209999084472656,50.54123306274414
2016-08-09,63.70000076293945,50.93302917480469
2016-08-10,63.97999954223633,51.156898498535156
2016-08-11,64.33000183105469,51.4367561340332
2016-08-12,64.12999725341797,51.2768440246582
2016-08-15,64.37999725341797,51.47673797607422
2016-08-16,63.66999816894531,50.909034729003906
2016-08-17,63.689998626708984,50.925025939941406
2016-08-18,63.45000076293945,50.733131408691406
2016-08-19,62.79999923706055,50.21340560913086
2016-08-22,62.790000915527344,50.205413818359375
2016-08-23,63.0099983215332,50.38131332397461
2016-08-24,62.84000015258789,50.245391845703125
2016-08-25,62.83000183105469,50.237388610839844
2016-08-26,62.34000015258789,49.84559631347656
2016-08-29,62.61000061035156,50.06148910522461
2016-08-30,62.16999816894531,49.70967102050781
2016-08-31,61.88999938964844,49.48579025268555
2016-09-01,62.08000183105469,49.63771438598633
2016-09-02,62.529998779296875,49.99752426147461
2016-09-06,63.15999984741211,50.50125503540039
2016-09-07,63.11000061035156,50.461273193359375
2016-09-08,63.08000183105469,50.437278747558594
2016-09-09,61.439998626708984,49.12598419189453
2016-09-12,62.279998779296875,49.79762649536133
2016-09-13,60.790000915527344,48.60625076293945
2016-09-14,60.540000915527344,48.40636444091797
2016-09-15,61.04999923706055,48.814144134521484
2016-09-16,60.63999938964844,48.48632049560547
2016-09-19,60.65999984741211,48.5023193359375
2016-09-20,60.81999969482422,48.6302490234375
2016-09-21,61.970001220703125,49.54975509643555
2016-09-22,62.63999938964844,50.08546829223633
2016-09-23,62.43000030517578,49.917564392089844
2016-09-26,62.02000045776367,49.58974075317383
2016-09-27,62.380001068115234,49.877586364746094
2016-09-28,62.310001373291016,49.82161331176758
2016-09-29,61.959999084472656,49.54175567626953
2016-09-30,61.849998474121094,49.45380401611328
2016-10-03,61.7599983215332,49.3818473815918
2016-10-04,61.2599983215332,48.982051849365234
2016-10-05,60.95000076293945,48.73419189453125
2016-10-06,60.400001525878906,48.2944221496582
2016-10-07,59.95000076293945,47.93461227416992
2016-10-10,60.18000030517578,48.118507385253906
2016-10-11,59.86000061035156,47.8626594543457
2016-10-12,59.880001068115234,47.87863540649414
2016-10-13,59.869998931884766,47.87065124511719
2016-10-14,60.04999923706055,48.01457214355469
2016-10-17,59.95000076293945,47.93461227416992
2016-10-18,60.29999923706055,48.21446228027344
2016-10-19,60.33000183105469,48.23845672607422
2016-10-20,59.7599983215332,47.782691955566406
2016-10-21,59.0,47.17502212524414
2016-10-24,58.849998474121094,47.05506896972656
2016-10-25,58.959999084472656,47.143028259277344
2016-10-26,58.81999969482422,47.031089782714844
2016-10-27,59.06999969482422,47.23099136352539
2016-10-28,58.97999954223633,47.15903091430664
2016-10-31,59.029998779296875,47.19900131225586
2016-11-01,58.65999984741211,46.90316390991211
2016-11-02,58.04999923706055,46.4154167175293
2016-11-03,58.09000015258789,46.44740295410156
2016-11-04,57.58000183105469,46.03962326049805
2016-11-07,58.0,46.37544250488281
2016-11-08,58.27000045776367,46.59132385253906
2016-11-09,58.04999923706055,46.4154167175293
2016-11-10,56.599998474121094,45.25602722167969
2016-11-11,56.099998474121094,44.85624313354492
2016-11-14,55.400001525878906,44.29654312133789
2016-11-15,56.0,44.77628707885742
2016-11-16,56.16999816894531,44.91221237182617
2016-11-17,56.5,45.17607498168945
2016-11-18,56.16999816894531,44.91221237182617
2016-11-21,56.54999923706055,45.2160530090332
2016-11-22,57.349998474121094,45.85572052001953
2016-11-23,57.310001373291016,45.823734283447266
2016-11-25,57.619998931884766,46.071598052978516
2016-11-28,57.7599983215332,46.18354034423828
2016-11-29,57.849998474121094,46.25550079345703
2016-11-30,57.2599983215332,45.78375244140625
2016-12-01,57.09000015258789,45.64781951904297
2016-12-02,57.119998931884766,45.671817779541016
2016-12-05,57.22999954223633,45.75975799560547
2016-12-06,57.7400016784668,46.167545318603516
2016-12-07,58.72999954223633,46.95913314819336
2016-12-08,58.900001525878906,47.09504699707031
2016-12-09,58.900001525878906,47.09504699707031
2016-12-12,59.16999816894531,47.31095504760742
2016-12-13,59.900001525878906,47.894630432128906
2016-12-14,59.18000030517578,47.31894302368164
2016-12-15,59.209999084472656,47.34292984008789
2016-12-16,59.22999954223633,47.35892868041992
2016-12-19,59.72999954223633,47.758705139160156
2016-12-20,59.88999938964844,47.886627197265625
2016-12-21,59.779998779296875,47.7986946105957
2016-12-22,58.63999938964844,47.914710998535156
2016-12-23,58.88999938964844,48.118988037109375
2016-12-27,58.66999816894531,47.93922424316406
2016-12-28,58.41999816894531,47.734947204589844
2016-12-29,58.83000183105469,48.06996154785156
2016-12-30,58.720001220703125,47.98007583618164
2017-01-03,59.349998474121094,48.49484634399414
2017-01-04,59.84000015258789,48.89522933959961
2017-01-05,60.560001373291016,49.483543395996094
2017-01-06,60.06999969482422,49.083168029785156
2017-01-09,59.650001525878906,48.739986419677734
2017-01-10,59.720001220703125,48.79718017578125
2017-01-11,59.939998626708984,48.97694396972656
2017-01-12,60.119998931884766,49.1240234375
2017-01-13,60.209999084472656,49.19755935668945
2017-01-17,60.209999084472656,49.19755935668945
2017-01-18,59.79999923706055,48.862545013427734
2017-01-19,59.849998474121094,48.903404235839844
2017-01-20,60.380001068115234,49.336463928222656
2017-01-23,60.439998626708984,49.3854866027832
2017-01-24,59.400001525878906,48.535701751708984
2017-01-25,59.41999816894531,48.55205154418945
2017-01-26,59.439998626708984,48.56839370727539
2017-01-27,59.5,48.61741638183594
2017-01-30,59.22999954223633,48.39680862426758
2017-01-31,59.459999084472656,48.58473205566406
2017-02-01,59.22999954223633,48.39680862426758
2017-02-02,58.869998931884766,48.10263442993164
2017-02-03,58.939998626708984,48.15983963012695
2017-02-06,58.59000015258789,47.873863220214844
2017-02-07,58.470001220703125,47.77580642700195
2017-02-08,58.790000915527344,48.03728103637695
2017-02-09,59.08000183105469,48.27424240112305
2017-02-10,59.130001068115234,48.315093994140625
2017-02-13,58.720001220703125,47.98007583618164
2017-02-14,58.43000030517578,47.74312210083008
2017-02-15,58.59000015258789,47.873863220214844
2017-02-16,58.720001220703125,47.98007583618164
2017-02-17,58.9900016784668,48.20069122314453
2017-02-21,59.2400016784668,48.404972076416016
2017-02-22,59.369998931884766,48.511192321777344
2017-02-23,59.63999938964844,48.731807708740234
2017-02-24,59.83000183105469,48.88705825805664
2017-02-27,59.38999938964844,48.52753448486328
2017-02-28,59.0,48.2088737487793
2017-03-01,59.369998931884766,48.511192321777344
2017-03-02,58.97999954223633,48.192527770996094
2017-03-03,59.189998626708984,48.36410903930664
2017-03-06,59.150001525878906,48.33142852783203
2017-03-07,58.869998931884766,48.10263442993164
2017-03-08,58.59000015258789,47.873863220214844
2017-03-09,58.86000061035156,48.09447479248047
2017-03-10,59.290000915527344,48.445831298828125
2017-03-13,59.349998474121094,48.49484634399414
2017-03-14,58.959999084472656,48.17617416381836
2017-03-15,59.86000061035156,48.91157531738281
2017-03-16,60.060001373291016,49.07500076293945
2017-03-17,60.5099983215332,49.44267654418945
2017-03-20,60.41999816894531,49.369136810302734
2017-03-21,60.0099983215332,49.03413391113281
2017-03-22,59.9900016784668,49.017791748046875
2017-03-23,59.90999984741211,48.95242691040039
2017-03-24,59.95000076293945,48.98511505126953
2017-03-27,59.90999984741211,48.95242691040039
2017-03-28,59.88999938964844,48.93608474731445
2017-03-29,59.84000015258789,48.89522933959961
2017-03-30,59.59000015258789,48.690956115722656
2017-03-31,59.47999954223633,48.60107421875
2017-04-03,59.5,48.61741638183594
2017-04-04,59.47999954223633,48.60107421875
2017-04-05,59.5,48.61741638183594
2017-04-06,59.380001068115234,48.51936340332031
2017-04-07,59.290000915527344,48.445831298828125
2017-04-10,59.2400016784668,48.404972076416016
2017-04-11,59.20000076293945,48.37228775024414
2017-04-12,59.31999969482422,48.47034454345703
2017-04-13,58.93000030517578,48.151668548583984
2017-04-17,59.18000030517578,48.3559455871582
2017-04-18,59.09000015258789,48.28240966796875
2017-04-19,58.939998626708984,48.15983963012695
2017-04-20,59.22999954223633,48.39680862426758
2017-04-21,58.81999969482422,48.06178665161133
2017-04-24,59.279998779296875,48.437652587890625
2017-04-25,59.31999969482422,48.47034454345703
2017-04-26,59.41999816894531,48.55205154418945
2017-04-27,58.93000030517578,48.151668548583984
2017-04-28,58.65999984741211,47.93104934692383
2017-05-01,58.66999816894531,47.93922424316406
2017-05-02,58.70000076293945,47.963741302490234
2017-05-03,58.38999938964844,47.71043014526367
2017-05-04,58.470001220703125,47.77580642700195
2017-05-05,59.27000045776367,48.42948532104492
2017-05-08,59.290000915527344,48.445831298828125
2017-05-09,59.040000915527344,48.241546630859375
2017-05-10,59.209999084472656,48.38045120239258
2017-05-11,58.86000061035156,48.09447479248047
2017-05-12,59.380001068115234,48.51936340332031
2017-05-15,59.40999984741211,48.54387283325195
2017-05-16,59.83000183105469,48.88705825805664
2017-05-17,59.20000076293945,48.37228775024414
2017-05-18,59.369998931884766,48.511192321777344
2017-05-19,60.02000045776367,49.04230499267578
2017-05-22,60.40999984741211,49.36098098754883
2017-05-23,60.369998931884766,49.32829284667969
2017-05-24,60.209999084472656,49.19755935668945
2017-05-25,60.47999954223633,49.418174743652344
2017-05-26,60.529998779296875,49.45903396606445
2017-05-30,60.79999923706055,49.67965316772461
2017-05-31,61.02000045776367,49.859405517578125
2017-06-01,61.13999938964844,49.95746612548828
2017-06-02,61.31999969482422,50.10454177856445
2017-06-05,61.400001525878906,50.16990661621094
2017-06-06,61.31999969482422,50.10454177856445
2017-06-07,61.27000045776367,50.063682556152344
2017-06-08,60.95000076293945,49.802215576171875
2017-06-09,60.95000076293945,49.802215576171875
2017-06-12,61.040000915527344,49.87575149536133
2017-06-13,61.02000045776367,49.859405517578125
2017-06-14,60.86000061035156,49.72867202758789
2017-06-15,60.4900016784668,49.42634201049805
2017-06-16,60.95000076293945,49.802215576171875
2017-06-19,60.93000030517578,49.78586959838867
2017-06-20,59.43000030517578,49.391929626464844
2017-06-21,59.029998779296875,49.05949783325195
2017-06-22,59.11000061035156,49.125980377197266
2017-06-23,59.0099983215332,49.04287338256836
2017-06-26,59.119998931884766,49.13429260253906
2017-06-27,58.7400016784668,48.818477630615234
2017-06-28,58.9900016784668,49.026248931884766
2017-06-29,58.43000030517578,48.56083297729492
2017-06-30,58.5,48.6190185546875
2017-07-03,58.689998626708984,48.776920318603516
2017-07-05,58.310001373291016,48.461097717285156
2017-07-06,58.04999923706055,48.245018005371094
2017-07-07,58.0,48.203460693359375
2017-07-10,57.790000915527344,48.0289306640625
2017-07-11,57.83000183105469,48.06217956542969
2017-07-12,58.150001525878906,48.328125
2017-07-13,58.220001220703125,48.38631057739258
2017-07-14,58.650001525878906,48.74367904663086
2017-07-17,58.61000061035156,48.71043014526367
2017-07-18,58.599998474121094,48.70212173461914
2017-07-19,58.91999816894531,48.96807098388672
2017-07-20,59.25,49.24232482910156
2017-07-21,59.45000076293945,49.4085578918457
2017-07-24,59.119998931884766,49.13429260253906
2017-07-25,59.0099983215332,49.04287338256836
2017-07-26,59.90999984741211,49.79085159301758
2017-07-27,61.119998931884766,50.79647445678711
2017-07-28,61.099998474121094,50.77985763549805
2017-07-31,61.11000061035156,50.78816223144531
2017-08-01,61.439998626708984,51.06242752075195
2017-08-02,61.0,50.696746826171875
2017-08-03,61.060001373291016,50.746612548828125
2017-08-04,61.13999938964844,50.81310272216797
2017-08-07,61.43000030517578,51.05412292480469
2017-08-08,61.099998474121094,50.77985763549805
2017-08-09,60.84000015258789,50.56377029418945
2017-08-10,60.45000076293945,50.23963928222656
2017-08-11,60.34000015258789,50.148223876953125
2017-08-14,60.869998931884766,50.588706970214844
2017-08-15,60.619998931884766,50.38093185424805
2017-08-16,60.790000915527344,50.522216796875
2017-08-17,59.7400016784668,49.64957046508789
2017-08-18,59.83000183105469,49.724369049072266
2017-08-21,60.13999938964844,49.98200225830078
2017-08-22,60.310001373291016,50.123287200927734
2017-08-23,60.31999969482422,50.131595611572266
2017-08-24,60.189998626708984,50.0235595703125
2017-08-25,60.45000076293945,50.23963928222656
2017-08-28,60.40999984741211,50.20640182495117
2017-08-29,60.22999954223633,50.05680465698242
2017-08-30,60.11000061035156,49.95707321166992
2017-08-31,60.40999984741211,50.20640182495117
2017-09-01,60.04999923706055,49.907203674316406
2017-09-05,59.380001068115234,49.35037612915039
2017-09-06,59.279998779296875,49.267269134521484
2017-09-07,59.0,49.03456497192383
2017-09-08,58.880001068115234,48.93483352661133
2017-09-11,59.119998931884766,49.13429260253906
2017-09-12,59.36000061035156,49.33374786376953
2017-09-13,59.2400016784668,49.23402404785156
2017-09-14,59.130001068115234,49.142601013183594
2017-09-15,59.470001220703125,49.42517852783203
2017-09-18,59.70000076293945,49.6163215637207
2017-09-19,60.59000015258789,50.35599899291992
2017-09-20,60.560001373291016,50.33106994628906
2017-09-21,60.130001068115234,49.973697662353516
2017-09-22,60.439998626708984,50.231327056884766
2017-09-25,60.41999816894531,50.21470260620117
2017-09-26,60.29999923706055,50.11497497558594
2017-09-27,60.25,50.073421478271484
2017-09-28,60.2599983215332,50.081729888916016
2017-09-29,60.380001068115234,50.18146896362305
2017-10-02,60.13999938964844,49.98200225830078
2017-10-03,60.369998931884766,50.17315673828125
2017-10-04,60.310001373291016,50.123287200927734
2017-10-05,60.29999923706055,50.11497497558594
2017-10-06,60.09000015258789,49.94044876098633
2017-10-09,60.0,49.86565399169922
2017-10-10,60.459999084472656,50.247955322265625
2017-10-11,60.439998626708984,50.231327056884766
2017-10-12,59.83000183105469,49.724369049072266
2017-10-13,59.900001525878906,49.78253936767578
2017-10-16,59.91999816894531,49.79916000366211
2017-10-17,59.91999816894531,49.79916000366211
2017-10-18,59.77000045776367,49.67449951171875
2017-10-19,59.959999084472656,49.8324089050293
2017-10-20,59.959999084472656,49.8324089050293
2017-10-23,59.84000015258789,49.7326774597168
2017-10-24,59.66999816894531,49.59138488769531
2017-10-25,58.90999984741211,48.95975875854492
2017-10-26,59.099998474121094,49.117671966552734
2017-10-27,59.119998931884766,49.13429260253906
2017-10-30,58.869998931884766,48.92650604248047
2017-10-31,58.95000076293945,48.99300765991211
2017-11-01,58.970001220703125,49.00962448120117
2017-11-02,58.77000045776367,48.843406677246094
2017-11-03,58.779998779296875,48.851722717285156
2017-11-06,58.18000030517578,48.35306167602539
2017-11-07,58.11000061035156,48.29487991333008
2017-11-08,58.33000183105469,48.477725982666016
2017-11-09,58.470001220703125,48.59408187866211
2017-11-10,58.41999816894531,48.552520751953125
2017-11-13,58.130001068115234,48.31150436401367
2017-11-14,58.029998779296875,48.2283935546875
2017-11-15,58.040000915527344,48.23670196533203
2017-11-16,58.4900016784668,48.61070251464844
2017-11-17,58.630001068115234,48.727046966552734
2017-11-20,58.849998474121094,48.909889221191406
2017-11-21,58.83000183105469,48.893272399902344
2017-11-22,59.41999816894531,49.38361740112305
2017-11-24,59.83000183105469,49.724369049072266
2017-11-27,59.7400016784668,49.64957046508789
2017-11-28,60.31999969482422,50.131595611572266
2017-11-29,60.86000061035156,50.58039474487305
2017-11-30,61.15999984741211,50.82971954345703
2017-12-01,61.0099983215332,50.705055236816406
2017-12-04,61.2599983215332,50.91282272338867
2017-12-05,60.939998626708984,50.64688491821289
2017-12-06,60.7400016784668,50.48065948486328
2017-12-07,60.869998931884766,50.588706970214844
2017-12-08,61.220001220703125,50.87959671020508
2017-12-11,61.41999816894531,51.045806884765625
2017-12-12,62.0,51.52783966064453
2017-12-13,62.04999923706055,51.56938934326172
2017-12-14,61.54999923706055,51.153839111328125
2017-12-15,61.22999954223633,50.887901306152344
2017-12-18,61.7400016784668,51.311771392822266
2017-12-19,61.2599983215332,50.91282272338867
2017-12-20,61.31999969482422,50.962703704833984
2017-12-21,60.56999969482422,51.2036247253418
2017-12-22,60.5,51.144447326660156
2017-12-26,60.61000061035156,51.23744201660156
2017-12-27,60.59000015258789,51.22053527832031
2017-12-28,60.72999954223633,51.33888244628906
2017-12-29,60.529998779296875,51.16980743408203
2018-01-02,60.95000076293945,51.52486038208008
2018-01-03,60.380001068115234,51.04300308227539
2018-01-04,60.7400016784668,51.34733200073242
2018-01-05,60.959999084472656,51.53330993652344
2018-01-08,61.08000183105469,51.634765625
2018-01-09,60.709999084472656,51.32197189331055
2018-01-10,60.2400016784668,50.92465591430664
2018-01-11,60.27000045776367,50.95001983642578
2018-01-12,60.41999816894531,51.07682418823242
2018-01-16,60.56999969482422,51.2036247253418
2018-01-17,60.61000061035156,51.23744201660156
2018-01-18,60.599998474121094,51.228981018066406
2018-01-19,60.7599983215332,51.36424255371094
2018-01-22,61.66999816894531,52.13352584838867
2018-01-23,61.58000183105469,52.05744552612305
2018-01-24,61.93000030517578,52.35331726074219
2018-01-25,61.970001220703125,52.38713455200195
2018-01-26,62.5099983215332,52.84362030029297
2018-01-29,61.91999816894531,52.34486770629883
2018-01-30,61.59000015258789,52.06590270996094
2018-01-31,61.779998779296875,52.22651290893555
2018-02-01,62.04999923706055,52.45476150512695
2018-02-02,60.709999084472656,51.32197189331055
2018-02-05,58.22999954223633,49.2254753112793
2018-02-06,58.88999938964844,49.78342056274414
2018-02-07,58.93000030517578,49.81723403930664
2018-02-08,57.0099983215332,48.19413757324219
2018-02-09,57.5099983215332,48.61680603027344
2018-02-12,58.02000045776367,49.047943115234375
2018-02-13,57.95000076293945,48.98877716064453
2018-02-14,58.04999923706055,49.073307037353516
2018-02-15,58.40999984741211,49.37764358520508
2018-02-16,58.72999954223633,49.648162841796875
2018-02-20,58.15999984741211,49.16630172729492
2018-02-21,57.709999084472656,48.785884857177734
2018-02-22,57.869998931884766,48.921138763427734
2018-02-23,58.59000015258789,49.52981185913086
2018-02-26,59.400001525878906,50.21455383300781
2018-02-27,58.31999969482422,49.30155944824219
2018-02-28,57.79999923706055,48.86196517944336
2018-03-01,57.27000045776367,48.41393280029297
2018-03-02,57.63999938964844,48.72671127319336
2018-03-05,58.27000045776367,49.2592887878418
2018-03-06,58.439998626708984,49.40299987792969
2018-03-07,58.5099983215332,49.46217346191406
2018-03-08,58.68000030517578,49.60589599609375
2018-03-09,59.0099983215332,49.88485336303711
2018-03-12,59.060001373291016,49.9271240234375
2018-03-13,58.59000015258789,49.52981185913086
2018-03-14,58.47999954223633,49.43680953979492
2018-03-15,58.310001373291016,49.29309844970703
2018-03-16,58.529998779296875,49.47907638549805
2018-03-19,58.040000915527344,49.06485366821289
2018-03-20,57.72999954223633,48.80278778076172
2018-03-21,57.59000015258789,48.684444427490234
2018-03-22,56.61000061035156,47.855987548828125
2018-03-23,56.0,47.34031677246094
2018-03-26,56.58000183105469,47.830631256103516
2018-03-27,56.540000915527344,47.796810150146484
2018-03-28,57.0099983215332,48.19413757324219
2018-03-29,57.33000183105469,48.46465301513672
2018-04-02,56.529998779296875,47.788352966308594
2018-04-03,56.84000015258789,48.0504150390625
2018-04-04,57.349998474121094,48.48155212402344
2018-04-05,57.88999938964844,48.938053131103516
2018-04-06,57.400001525878906,48.523826599121094
2018-04-09,57.83000183105469,48.8873291015625
2018-04-10,58.849998474121094,49.74959945678711
2018-04-11,58.31999969482422,49.30155944824219
2018-04-12,58.2400016784668,49.23392868041992
2018-04-13,58.11000061035156,49.124027252197266
2018-04-16,58.58000183105469,49.52135467529297
2018-04-17,58.75,49.66506576538086
2018-04-18,58.720001220703125,49.63970947265625
2018-04-19,58.470001220703125,49.42836380004883
2018-04-20,58.25,49.24238204956055
2018-04-23,58.599998474121094,49.53825759887695
2018-04-24,58.4900016784668,49.44527053833008
2018-04-25,58.63999938964844,49.57207489013672
2018-04-26,58.29999923706055,49.28465270996094
2018-04-27,58.810001373291016,49.715782165527344
2018-04-30,58.22999954223633,49.2254753112793
2018-05-01,57.900001525878906,48.946510314941406
2018-05-02,57.29999923706055,48.43928909301758
2018-05-03,57.02000045776367,48.20259094238281
2018-05-04,57.25,48.39702224731445
2018-05-07,57.220001220703125,48.37166213989258
2018-05-08,56.790000915527344,48.008155822753906
2018-05-09,56.619998931884766,47.864437103271484
2018-05-10,56.900001525878906,48.10114669799805
2018-05-11,57.47999954223633,48.59145736694336
2018-05-14,57.099998474121094,48.27021026611328
2018-05-15,56.310001373291016,47.60238265991211
2018-05-16,56.25,47.55166244506836
2018-05-17,56.0,47.34031677246094
2018-05-18,55.79999923706055,47.171241760253906
2018-05-21,56.099998474121094,47.42485809326172
2018-05-22,56.33000183105469,47.61928176879883
2018-05-23,56.06999969482422,47.39949035644531
2018-05-24,56.04999923706055,47.3825798034668
2018-05-25,55.630001068115234,47.027530670166016
2018-05-29,54.90999984741211,46.41886901855469
2018-05-30,55.56999969482422,46.976806640625
2018-05-31,55.06999969482422,46.55413055419922
2018-06-01,55.31999969482422,46.765472412109375
2018-06-04,55.47999954223633,46.900726318359375
2018-06-05,55.560001373291016,46.96835708618164
2018-06-06,56.29999923706055,47.593929290771484
2018-06-07,56.34000015258789,47.62773513793945
2018-06-08,56.29999923706055,47.593929290771484
2018-06-11,56.91999816894531,48.11804962158203
2018-06-12,56.59000015258789,47.839080810546875
2018-06-13,55.61000061035156,47.010623931884766
2018-06-14,55.79999923706055,47.171241760253906
2018-06-15,55.900001525878906,47.25579071044922
2018-06-18,55.279998779296875,46.73165512084961
2018-06-19,54.08000183105469,46.81388473510742
2018-06-20,53.84000015258789,46.606143951416016
2018-06-21,53.84000015258789,46.606143951416016
2018-06-22,54.439998626708984,47.12552261352539
2018-06-25,53.9900016784668,46.73598098754883
2018-06-26,53.880001068115234,46.64076232910156
2018-06-27,53.77000045776367,46.545536041259766
2018-06-28,54.09000015258789,46.822547912597656
2018-06-29,54.06999969482422,46.80523681640625
2018-07-02,53.84000015258789,46.606143951416016
2018-07-03,54.380001068115234,47.07358932495117
2018-07-05,55.04999923706055,47.653564453125
2018-07-06,55.61000061035156,48.1383171081543
2018-07-09,55.810001373291016,48.31145095825195
2018-07-10,55.939998626708984,48.423988342285156
2018-07-11,55.599998474121094,48.12966537475586
2018-07-12,55.779998779296875,48.28547668457031
2018-07-13,55.5,48.04310607910156
2018-07-16,55.66999816894531,48.19025802612305
2018-07-17,55.439998626708984,47.99116134643555
2018-07-18,55.189998626708984,47.774757385253906
2018-07-19,54.84000015258789,47.47178268432617
2018-07-20,54.91999816894531,47.54103469848633
2018-07-23,54.88999938964844,47.51505661010742
2018-07-24,55.43000030517578,47.98250961303711
2018-07-25,54.720001220703125,47.36790084838867
2018-07-26,54.810001373291016,47.4458122253418
2018-07-27,55.61000061035156,48.1383171081543
2018-07-30,56.18000030517578,48.63174819946289
2018-07-31,55.97999954223633,48.4586067199707
2018-08-01,55.939998626708984,48.423988342285156
2018-08-02,55.58000183105469,48.11235046386719
2018-08-03,56.040000915527344,48.51055145263672
2018-08-06,56.2599983215332,48.70098114013672
2018-08-07,56.59000015258789,48.986656188964844
2018-08-08,56.79999923706055,49.168434143066406
2018-08-09,56.959999084472656,49.30692672729492
2018-08-10,56.119998931884766,48.57979965209961
2018-08-13,55.939998626708984,48.423988342285156
2018-08-14,56.380001068115234,48.80487060546875
2018-08-15,56.09000015258789,48.553829193115234
2018-08-16,56.779998779296875,49.151123046875
2018-08-17,56.95000076293945,49.29828643798828
2018-08-20,57.0099983215332,49.3502197265625
2018-08-21,57.040000915527344,49.376197814941406
2018-08-22,56.66999816894531,49.05589294433594
2018-08-23,56.41999816894531,48.83948516845703
2018-08-24,56.7599983215332,49.13380432128906
2018-08-27,57.13999938964844,49.46275329589844
2018-08-28,56.939998626708984,49.28961944580078
2018-08-29,56.77000045776367,49.1424674987793
2018-08-30,56.2599983215332,48.70098114013672
2018-08-31,55.91999816894531,48.406673431396484
2018-09-04,55.369998931884766,47.930564880371094
2018-09-05,55.209999084472656,47.79206085205078
2018-09-06,55.459999084472656,48.00847244262695
2018-09-07,55.41999816894531,47.973846435546875
2018-09-10,55.72999954223633,48.2421989440918
2018-09-11,56.279998779296875,48.718299865722656
2018-09-12,56.83000183105469,49.19441604614258
2018-09-13,57.40999984741211,49.69647979736328
2018-09-14,57.209999084472656,49.523345947265625
2018-09-17,57.189998626708984,49.50603103637695
2018-09-18,57.630001068115234,49.88691711425781
2018-09-19,57.20000076293945,49.51470184326172
2018-09-20,57.45000076293945,49.73110580444336
2018-09-21,57.59000015258789,49.852298736572266
2018-09-24,57.599998474121094,49.8609504699707
2018-09-25,57.7599983215332,49.999446868896484
2018-09-26,57.970001220703125,50.18123245239258
2018-09-27,58.29999923706055,50.46689987182617
2018-09-28,57.880001068115234,50.10332489013672
2018-10-01,57.900001525878906,50.120643615722656
2018-10-02,57.75,49.99079513549805
2018-10-03,57.709999084472656,49.9561653137207
2018-10-04,56.88999938964844,49.246337890625
2018-10-05,56.72999954223633,49.10784149169922
2018-10-08,56.529998779296875,48.9347038269043
2018-10-09,56.47999954223633,48.89142608642578
2018-10-10,54.61000061035156,47.27268600463867
2018-10-11,54.119998931884766,46.848514556884766
2018-10-12,55.20000076293945,47.783409118652344
2018-10-15,54.86000061035156,47.48909378051758
2018-10-16,56.209999084472656,48.6577033996582
2018-10-17,56.0099983215332,48.48457717895508
2018-10-18,55.20000076293945,47.783409118652344
2018-10-19,55.2599983215332,47.83534622192383
2018-10-22,55.22999954223633,47.80937957763672
2018-10-23,55.13999938964844,47.731475830078125
2018-10-24,52.93000030517578,45.81840515136719
2018-10-25,53.9900016784668,46.73598098754883
2018-10-26,52.63999938964844,45.56736373901367
2018-10-29,51.90999984741211,44.93545150756836
2018-10-30,52.86000061035156,45.757808685302734
2018-10-31,53.95000076293945,46.70135498046875
2018-11-01,54.04999923706055,46.787925720214844
2018-11-02,53.86000061035156,46.623443603515625
2018-11-05,53.779998779296875,46.55419921875
2018-11-06,54.04999923706055,46.787925720214844
2018-11-07,55.0,47.61029052734375
2018-11-08,54.5,47.177459716796875
2018-11-09,53.61000061035156,46.40703582763672
2018-11-12,52.7400016784668,45.653934478759766
2018-11-13,52.970001220703125,45.85302734375
2018-11-14,53.40999984741211,46.233917236328125
2018-11-15,53.709999084472656,46.49360656738281
2018-11-16,53.54999923706055,46.3551025390625
2018-11-19,52.5099983215332,45.454830169677734
2018-11-20,51.7599983215332,44.805599212646484
2018-11-21,52.5,45.44617462158203
2018-11-23,51.97999954223633,44.99604034423828
2018-11-26,53.029998779296875,45.90496826171875
2018-11-27,53.279998779296875,46.12138366699219
2018-11-28,54.459999084472656,47.142826080322266
2018-11-29,54.45000076293945,47.134178161621094
2018-11-30,54.61000061035156,47.27268600463867
2018-12-03,54.869998931884766,47.497745513916016
2018-12-04,53.31999969482422,46.156005859375
2018-12-06,53.61000061035156,46.40703582763672
2018-12-07,52.75,45.66259002685547
2018-12-10,52.9900016784668,45.87034225463867
2018-12-11,53.09000015258789,45.9569091796875
2018-12-12,53.72999954223633,46.51091384887695
2018-12-13,53.369998931884766,46.199283599853516
2018-12-14,52.779998779296875,45.68855285644531
2018-12-17,52.09000015258789,45.09126281738281
2018-12-18,51.380001068115234,45.23300552368164
2018-12-19,50.58000183105469,44.528717041015625
2018-12-20,50.06999969482422,44.07971954345703
2018-12-21,48.900001525878906,43.049705505371094
2018-12-24,48.09000015258789,42.33661651611328
2018-12-26,49.91999816894531,43.94766616821289
2018-12-27,50.02000045776367,44.035709381103516
2018-12-28,50.150001525878906,44.15015411376953
2018-12-31,50.18000030517578,44.17657470703125
2019-01-02,50.59000015258789,44.537513732910156
2019-01-03,50.15999984741211,44.158958435058594
2019-01-04,51.93000030517578,45.71720886230469
2019-01-07,52.33000183105469,46.069339752197266
2019-01-08,52.93000030517578,46.59756851196289
2019-01-09,53.15999984741211,46.80004119873047
2019-01-10,53.2599983215332,46.88807678222656
2019-01-11,53.11000061035156,46.75603103637695
2019-01-14,52.75,46.43909454345703
2019-01-15,53.349998474121094,46.967308044433594
2019-01-16,53.310001373291016,46.932098388671875
2019-01-17,53.5,47.09937286376953
2019-01-18,53.939998626708984,47.48673629760742
2019-01-22,52.88999938964844,46.562347412109375
2019-01-23,53.04999923706055,46.703208923339844
2019-01-24,53.06999969482422,46.72080993652344
2019-01-25,53.58000183105469,47.169795989990234
2019-01-28,53.06999969482422,46.72080993652344
2019-01-29,52.90999984741211,46.5799560546875
2019-01-30,53.369998931884766,46.98492431640625
2019-01-31,54.72999954223633,48.182220458984375
2019-02-01,54.540000915527344,48.01495361328125
2019-02-04,54.849998474121094,48.287864685058594
2019-02-05,55.369998931884766,48.74563980102539
2019-02-06,54.689998626708984,48.14699935913086
2019-02-07,54.16999816894531,47.689212799072266
2019-02-08,54.33000183105469,47.830074310302734
2019-02-11,54.15999984741211,47.68041229248047
2019-02-12,54.630001068115234,48.09418487548828
2019-02-13,54.54999923706055,48.02375030517578
2019-02-14,54.52000045776367,47.997337341308594
2019-02-15,54.810001373291016,48.25263977050781
2019-02-19,54.900001525878906,48.33188247680664
2019-02-20,54.86000061035156,48.29666519165039
2019-02-21,54.65999984741211,48.12058639526367
2019-02-22,55.29999923706055,48.68402099609375
2019-02-25,55.27000045776367,48.65761184692383
2019-02-26,55.22999954223633,48.62239456176758
2019-02-27,54.97999954223633,48.40230178833008
2019-02-28,54.900001525878906,48.33188247680664
2019-03-01,55.130001068115234,48.534358978271484
2019-03-04,55.22999954223633,48.62239456176758
2019-03-05,55.709999084472656,49.04496765136719
2019-03-06,55.56999969482422,48.921714782714844
2019-03-07,55.189998626708984,48.587181091308594
2019-03-08,55.06999969482422,48.48154067993164
2019-03-11,56.06999969482422,49.36189651489258
2019-03-12,56.380001068115234,49.63481140136719
2019-03-13,56.540000915527344,49.77566909790039
2019-03-14,56.33000183105469,49.59079360961914
2019-03-15,56.650001525878906,49.87250900268555
2019-03-18,56.529998779296875,49.76686096191406
2019-03-19,56.5099983215332,49.74925994873047
2019-03-20,56.91999816894531,50.110206604003906
2019-03-21,57.13999938964844,50.30388641357422
2019-03-22,56.47999954223633,49.72284698486328
2019-03-25,56.2400016784668,49.511566162109375
2019-03-26,56.54999923706055,49.78447723388672
2019-03-27,56.209999084472656,49.485145568847656
2019-03-28,56.08000183105469,49.370704650878906
2019-03-29,56.279998779296875,49.54676818847656
2019-04-01,57.040000915527344,50.21585464477539
2019-04-02,57.040000915527344,50.21585464477539
2019-04-03,57.31999969482422,50.46235275268555
2019-04-04,57.66999816894531,50.77048110961914
2019-04-05,57.630001068115234,50.735267639160156
2019-04-08,57.59000015258789,50.700042724609375
2019-04-09,57.68000030517578,50.77928161621094
2019-04-10,58.06999969482422,51.12261962890625
2019-04-11,58.0,51.060997009277344
2019-04-12,58.52000045776367,51.51878356933594
2019-04-15,58.58000183105469,51.57160949707031
2019-04-16,58.97999954223633,51.92375564575195
2019-04-17,59.040000915527344,51.97657012939453
2019-04-18,59.040000915527344,51.97657012939453
2019-04-22,59.209999084472656,52.1262321472168
2019-04-23,59.560001373291016,52.434364318847656
2019-04-24,59.13999938964844,52.064613342285156
2019-04-25,59.369998931884766,52.267093658447266
2019-04-26,59.95000076293945,52.7777099609375
2019-04-29,60.349998474121094,53.12984848022461
2019-04-30,59.189998626708984,52.1086311340332
2019-05-01,58.84000015258789,51.800506591796875
2019-05-02,58.619998931884766,51.60681915283203
2019-05-03,59.279998779296875,52.1878662109375
2019-05-06,58.959999084472656,51.90614700317383
2019-05-07,58.22999954223633,51.26347732543945
2019-05-08,58.189998626708984,51.228267669677734
2019-05-09,58.0099983215332,51.069801330566406
2019-05-10,58.189998626708984,51.228267669677734
2019-05-13,56.66999816894531,49.890113830566406
2019-05-14,56.900001525878906,50.09260177612305
2019-05-15,57.72999954223633,50.823299407958984
2019-05-16,58.099998474121094,51.14902877807617
2019-05-17,57.68000030517578,50.77928161621094
2019-05-20,57.279998779296875,50.4271354675293
2019-05-21,57.779998779296875,50.867313385009766
2019-05-22,57.709999084472656,50.80569076538086
2019-05-23,56.880001068115234,50.07499313354492
2019-05-24,56.970001220703125,50.154232025146484
2019-05-28,57.02000045776367,50.19824981689453
2019-05-29,56.650001525878906,49.87250900268555
2019-05-30,56.59000015258789,49.8196907043457
2019-05-31,55.849998474121094,49.16822052001953
2019-06-03,54.84000015258789,48.279052734375
2019-06-04,55.599998474121094,48.9481315612793
2019-06-05,55.66999816894531,49.009761810302734
2019-06-06,55.880001068115234,49.19463348388672
2019-06-07,56.63999938964844,49.86370849609375
2019-06-10,56.61000061035156,49.83729553222656
2019-06-11,56.84000015258789,50.03977966308594
2019-06-12,56.470001220703125,49.71405029296875
2019-06-13,56.84000015258789,50.03977966308594
2019-06-14,56.790000915527344,49.995765686035156
2019-06-17,56.41999816894531,50.459930419921875
2019-06-18,56.84000015258789,50.83556365966797
2019-06-19,57.08000183105469,51.05021286010742
2019-06-20,57.52000045776367,51.44373321533203
2019-06-21,57.52000045776367,51.44373321533203
2019-06-24,57.599998474121094,51.51528549194336
2019-06-25,56.81999969482422,50.81767272949219
2019-06-26,56.650001525878906,50.6656379699707
2019-06-27,56.93000030517578,50.91605758666992
2019-06-28,57.2400016784668,51.193321228027344
2019-07-01,57.709999084472656,51.61366271972656
2019-07-02,57.959999084472656,51.83724594116211
2019-07-03,58.380001068115234,52.212886810302734
2019-07-05,58.47999954223633,52.30231857299805
2019-07-08,57.959999084472656,51.83724594116211
2019-07-09,58.18000030517578,52.03402328491211
2019-07-10,58.77000045776367,52.561683654785156
2019-07-11,58.83000183105469,52.6153564453125
2019-07-12,59.029998779296875,52.79422378540039
2019-07-15,59.119998931884766,52.87471008300781
2019-07-16,58.970001220703125,52.74055862426758
2019-07-17,58.59000015258789,52.40070724487305
2019-07-18,58.16999816894531,52.02507400512695
2019-07-19,57.66999816894531,51.57788848876953
2019-07-22,57.709999084472656,51.61366271972656
2019-07-23,57.91999816894531,51.801475524902344
2019-07-24,58.2599983215332,52.10556411743164
2019-07-25,58.13999938964844,51.99823760986328
2019-07-26,59.63999938964844,53.33978271484375
2019-07-29,59.59000015258789,53.29506301879883
2019-07-30,59.18000030517578,52.928375244140625
2019-07-31,58.66999816894531,52.47224426269531
2019-08-01,58.310001373291016,52.15027618408203
2019-08-02,57.869998931884766,51.75675582885742
2019-08-05,56.150001525878906,50.21845626831055
2019-08-06,56.77000045776367,50.7729606628418
2019-08-07,56.77000045776367,50.7729606628418
2019-08-08,57.650001525878906,51.559993743896484
2019-08-09,57.22999954223633,51.184364318847656
2019-08-12,56.65999984741211,50.674583435058594
2019-08-13,57.31999969482422,51.26485824584961
2019-08-14,55.72999954223633,49.84282684326172
2019-08-15,55.959999084472656,50.048526763916016
2019-08-16,56.45000076293945,50.48677062988281
2019-08-19,57.150001525878906,51.11281967163086
2019-08-20,56.65999984741211,50.674583435058594
2019-08-21,56.849998474121094,50.84450912475586
2019-08-22,56.7599983215332,50.764015197753906
2019-08-23,55.560001373291016,49.6907844543457
2019-08-26,56.060001373291016,50.137969970703125
2019-08-27,56.16999816894531,50.23634719848633
2019-08-28,56.36000061035156,50.406272888183594
2019-08-29,57.18000030517578,51.139652252197266
2019-08-30,57.13999938964844,51.10387420654297
2019-09-03,56.72999954223633,50.73719024658203
2019-09-04,57.650001525878906,51.559993743896484
2019-09-05,58.2400016784668,52.087669372558594
2019-09-06,58.119998931884766,51.980350494384766
2019-09-09,58.2400016784668,52.087669372558594
2019-09-10,58.150001525878906,52.00718307495117
2019-09-11,58.63999938964844,52.445411682128906
2019-09-12,58.97999954223633,52.74950408935547
2019-09-13,59.029998779296875,52.79422378540039
2019-09-16,58.619998931884766,52.42752456665039
2019-09-17,58.689998626708984,52.490135192871094
2019-09-18,58.599998474121094,52.409645080566406
2019-09-19,58.709999084472656,52.508026123046875
2019-09-20,58.41999816894531,52.248653411865234
2019-09-23,58.209999084472656,52.06084442138672
2019-09-24,57.58000183105469,51.497398376464844
2019-09-25,58.0,51.87302780151367
2019-09-26,57.650001525878906,51.559993743896484
2019-09-27,57.099998474121094,51.06809616088867
2019-09-30,57.279998779296875,51.22908020019531
2019-10-01,56.880001068115234,50.871341705322266
2019-10-02,56.189998626708984,50.25423049926758
2019-10-03,56.529998779296875,50.558311462402344
2019-10-04,57.310001373291016,51.25592041015625
2019-10-07,57.279998779296875,51.22908020019531
2019-10-08,56.66999816894531,50.68352127075195
2019-10-09,56.95000076293945,50.9339485168457
2019-10-10,57.310001373291016,51.25592041015625
2019-10-11,57.93000030517578,51.810420989990234
2019-10-14,57.79999923706055,51.69415283203125
2019-10-15,58.58000183105469,52.391761779785156
2019-10-16,58.61000061035156,52.4185905456543
2019-10-17,58.90999984741211,52.68690490722656
2019-10-18,58.5099983215332,52.32915115356445
2019-10-21,58.7599983215332,52.552734375
2019-10-22,58.41999816894531,52.248653411865234
2019-10-23,58.439998626708984,52.26654052734375
2019-10-24,57.95000076293945,51.828311920166016
2019-10-25,58.209999084472656,52.06084442138672
2019-10-28,58.810001373291016,52.59746170043945
2019-10-29,58.2599983215332,52.10556411743164
2019-10-30,58.47999954223633,52.30231857299805
2019-10-31,58.68000030517578,52.481201171875
2019-11-01,59.09000015258789,52.8478889465332
2019-11-04,59.52000045776367,53.23245620727539
2019-11-05,59.4900016784668,53.205631256103516
2019-11-06,59.2599983215332,52.99992370605469
2019-11-07,59.619998931884766,53.32189178466797
2019-11-08,59.68000030517578,53.37555694580078
2019-11-11,59.54999923706055,53.2592887878418
2019-11-12,59.720001220703125,53.411338806152344
2019-11-13,59.4900016784668,53.205631256103516
2019-11-14,59.689998626708984,53.38450241088867
2019-11-15,59.9900016784668,53.652809143066406
2019-11-18,60.25,53.885345458984375
2019-11-19,60.130001068115234,53.77802276611328
2019-11-20,59.75,53.43815994262695
2019-11-21,59.77000045776367,53.4560546875
2019-11-22,59.849998474121094,53.52759552001953
2019-11-25,60.2400016784668,53.87638854980469
2019-11-26,60.2400016784668,53.87638854980469
2019-11-27,60.61000061035156,54.207313537597656
2019-11-29,60.34000015258789,53.96584701538086
2019-12-02,59.88999938964844,53.56337356567383
2019-12-03,59.61000061035156,53.312950134277344
2019-12-04,60.060001373291016,53.71541976928711
2019-12-05,60.209999084472656,53.84956741333008
2019-12-06,60.68000030517578,54.26992416381836
2019-12-09,60.5,54.10892868041992
2019-12-10,60.36000061035156,53.98371887207031
2019-12-11,60.68000030517578,54.26992416381836
2019-12-12,60.779998779296875,54.35935592651367
2019-12-13,60.709999084472656,54.29676055908203
2019-12-16,60.900001525878906,54.87069320678711
2019-12-17,61.11000061035156,55.059898376464844
2019-12-18,61.2400016784668,55.17702865600586
2019-12-19,61.56999969482422,55.47434997558594
2019-12-20,61.72999954223633,55.61851501464844
2019-12-23,61.66999816894531,55.564453125
2019-12-24,61.56999969482422,55.47434997558594
2019-12-26,61.880001068115234,55.753662109375
2019-12-27,61.97999954223633,55.84376525878906
2019-12-30,61.38999938964844,55.312171936035156
2019-12-31,61.400001525878906,55.32118606567383
2020-01-02,62.16999816894531,56.014949798583984
2020-01-03,61.88999938964844,55.762672424316406
2020-01-06,62.47999954223633,56.29426574707031
2020-01-07,62.41999816894531,56.24020004272461
2020-01-08,62.65999984741211,56.45643997192383
2020-01-09,63.040000915527344,56.798828125
2020-01-10,63.06999969482422,56.82583999633789
2020-01-13,63.58000183105469,57.285362243652344
2020-01-14,63.310001373291016,57.042091369628906
2020-01-15,63.459999084472656,57.1772346496582
2020-01-16,63.81999969482422,57.50159454345703
2020-01-17,64.20999908447266,57.85297393798828
2020-01-21,64.04000091552734,57.69981384277344
2020-01-22,64.13999938964844,57.7899169921875
2020-01-23,63.88999938964844,57.564666748046875
2020-01-24,63.45000076293945,57.16823196411133
2020-01-27,62.380001068115234,56.204158782958984
2020-01-28,63.13999938964844,56.888919830322266
2020-01-29,62.88999938964844,56.66366958618164
2020-01-30,62.470001220703125,56.285255432128906
2020-01-31,61.58000183105469,55.483360290527344
2020-02-03,62.31999969482422,56.15009689331055
2020-02-04,62.689998626708984,56.483463287353516
2020-02-05,62.790000915527344,56.573570251464844
2020-02-06,63.59000015258789,57.294368743896484
2020-02-07,63.5,57.21327590942383
2020-02-10,63.959999084472656,57.62773132324219
2020-02-11,64.02999877929688,57.69080352783203
2020-02-12,64.63999938964844,58.24041748046875
2020-02-13,64.51000213623047,58.12328338623047
2020-02-14,64.5,58.11427688598633
2020-02-18,64.66999816894531,58.26744079589844
2020-02-19,64.94999694824219,58.519718170166016
2020-02-20,64.5199966430664,58.13228988647461
2020-02-21,63.7400016784668,57.42951965332031
2020-02-24,61.75,55.63652801513672
2020-02-25,60.58000183105469,54.582366943359375
2020-02-26,60.650001525878906,54.64543914794922
2020-02-27,58.29999923706055,52.52809524536133
2020-02-28,58.220001220703125,52.45602035522461
2020-03-02,59.81999969482422,53.897613525390625
2020-03-03,58.36000061035156,52.582157135009766
2020-03-04,60.459999084472656,54.474246978759766
2020-03-05,58.65999984741211,52.852455139160156
2020-03-06,57.81999969482422,52.095611572265625
2020-03-09,54.2400016784668,48.870052337646484
2020-03-10,56.209999084472656,50.645015716552734
2020-03-11,53.88999938964844,48.55469512939453
2020-03-12,48.939998626708984,44.09477233886719
2020-03-13,52.540000915527344,47.338356018066406
2020-03-16,47.41999816894531,42.72525405883789
2020-03-17,49.790000915527344,44.86061477661133
2020-03-18,47.95000076293945,43.202781677246094
2020-03-19,49.15999984741211,44.29298782348633
2020-03-20,47.34000015258789,42.653175354003906
2020-03-23,47.45000076293945,42.75228500366211
2020-03-24,49.880001068115234,44.94169998168945
2020-03-25,49.77000045776367,44.84260177612305
2020-03-26,52.29999923706055,47.12212371826172
2020-03-27,50.540000915527344,45.53636932373047
2020-03-30,52.060001373291016,46.90587615966797
2020-03-31,51.86000061035156,46.725677490234375
2020-04-01,49.900001525878906,44.9597282409668
2020-04-02,50.77000045776367,45.743595123291016
2020-04-03,49.779998779296875,44.85160446166992
2020-04-06,52.959999084472656,47.71677017211914
2020-04-07,53.08000183105469,47.82489013671875
2020-04-08,53.630001068115234,48.320438385009766
2020-04-09,54.04999923706055,48.6988639831543
2020-04-13,54.15999984741211,48.79796600341797
2020-04-14,55.59000015258789,50.086395263671875
2020-04-15,54.849998474121094,49.41966247558594
2020-04-16,55.36000061035156,49.87916564941406
2020-04-17,56.040000915527344,50.49184799194336
2020-04-20,55.4900016784668,49.99629592895508
2020-04-21,54.029998779296875,48.680843353271484
2020-04-22,55.279998779296875,49.80708312988281
2020-04-23,55.400001525878906,49.91521453857422
2020-04-24,55.97999954223633,50.43777847290039
2020-04-27,56.400001525878906,50.81620407104492
2020-04-28,55.63999938964844,50.13145065307617
2020-04-29,58.029998779296875,52.284828186035156
2020-04-30,57.45000076293945,51.762245178222656
2020-05-01,56.709999084472656,51.09550476074219
2020-05-04,56.849998474121094,51.22165298461914
2020-05-05,57.16999816894531,51.50996017456055
2020-05-06,57.099998474121094,51.446895599365234
2020-05-07,57.63999938964844,51.93343734741211
2020-05-08,58.619998931884766,52.81640625
2020-05-11,58.810001373291016,52.98760223388672
2020-05-12,57.9900016784668,52.2487907409668
2020-05-13,57.380001068115234,51.699180603027344
2020-05-14,57.52000045776367,51.825321197509766
2020-05-15,57.88999938964844,52.158695220947266
2020-05-18,59.380001068115234,53.50117111206055
2020-05-19,58.849998474121094,53.02363586425781
2020-05-20,60.040000915527344,54.095829010009766
2020-05-21,59.709999084472656,53.79849624633789
2020-05-22,59.630001068115234,53.72642135620117
2020-05-26,60.060001373291016,54.11384963989258
2020-05-27,60.279998779296875,54.31206512451172
2020-05-28,59.97999954223633,54.041770935058594
2020-05-29,60.38999938964844,54.41117858886719
2020-06-01,61.29999923706055,55.231082916259766
2020-06-02,61.63999938964844,55.53742980957031
2020-06-03,61.880001068115234,55.753662109375
2020-06-04,61.29999923706055,55.231082916259766
2020-06-05,62.349998474121094,56.17713165283203
2020-06-08,62.970001220703125,56.735748291015625
2020-06-09,63.0,56.762779235839844
2020-06-10,63.08000183105469,56.834861755371094
2020-06-11,60.310001373291016,54.33909606933594
2020-06-12,61.0,54.96078109741211
2020-06-15,61.099998474121094,55.320228576660156
2020-06-16,61.83000183105469,55.98118209838867
2020-06-17,62.060001373291016,56.18941879272461
2020-06-18,62.15999984741211,56.27995681762695
2020-06-19,61.970001220703125,56.107933044433594
2020-06-22,62.689998626708984,56.75981903076172
2020-06-23,63.150001525878906,57.176307678222656
2020-06-24,61.650001525878906,55.818206787109375
2020-06-25,62.0,56.135101318359375
2020-06-26,59.869998931884766,54.206581115722656
2020-06-29,60.95000076293945,55.18442916870117
2020-06-30,61.619998931884766,55.79104232788086
2020-07-01,62.75,56.81415557861328
2020-07-02,63.029998779296875,57.06766128540039
2020-07-06,64.2699966430664,58.19036865234375
2020-07-07,63.810001373291016,57.77388381958008
2020-07-08,64.7300033569336,58.60685729980469
2020-07-09,64.73999786376953,58.61589431762695
2020-07-10,65.7699966430664,59.54846954345703
2020-07-13,64.66999816894531,58.552528381347656
2020-07-14,65.04000091552734,58.88752365112305
2020-07-15,65.62999725341797,59.42171096801758
2020-07-16,65.30000305175781,59.12293243408203
2020-07-17,65.2699966430664,59.095760345458984
2020-07-20,65.95999908447266,59.72050857543945
2020-07-21,66.06999969482422,59.820106506347656
2020-07-22,65.91999816894531,59.684288024902344
2020-07-23,64.88999938964844,58.75171661376953
2020-07-24,64.66000366210938,58.543479919433594
2020-07-27,65.19999694824219,59.032386779785156
2020-07-28,64.76000213623047,58.63401412963867
2020-07-29,65.33000183105469,59.15009307861328
2020-07-30,65.23999786376953,59.06861114501953
2020-07-31,65.23999786376953,59.06861114501953
2020-08-03,65.69000244140625,59.476043701171875
2020-08-04,66.02999877929688,59.783878326416016
2020-08-05,66.19000244140625,59.92874526977539
2020-08-06,67.37000274658203,60.99711227416992
2020-08-07,66.7699966430664,60.45387268066406
2020-08-10,66.4000015258789,60.11887741088867
2020-08-11,65.91000366210938,59.67523193359375
2020-08-12,66.7699966430664,60.45387268066406
2020-08-13,66.70999908447266,60.39955520629883
2020-08-14,66.62000274658203,60.31807327270508
2020-08-17,66.7699966430664,60.45387268066406
2020-08-18,67.31999969482422,60.95185089111328
2020-08-19,67.08999633789062,60.74360275268555
2020-08-20,67.76000213623047,61.35021209716797
2020-08-21,67.77999877929688,61.36833953857422
2020-08-24,68.56999969482422,62.083614349365234
2020-08-25,69.1500015258789,62.60873794555664
2020-08-26,71.0,64.28372955322266
2020-08-27,70.38999938964844,63.731449127197266
2020-08-28,70.38999938964844,63.731449127197266
2020-08-31,69.86000061035156,63.25157928466797
2020-09-01,70.36000061035156,63.70428466796875
2020-09-02,71.69999694824219,64.91751861572266
2020-09-03,69.38999938964844,62.82604217529297
2020-09-04,68.30000305175781,61.839149475097656
2020-09-08,66.66000366210938,60.354278564453125
2020-09-09,67.44999694824219,61.069557189941406
2020-09-10,66.52999877929688,60.2365837097168
2020-09-11,66.43000030517578,60.14604187011719
2020-09-14,66.80000305175781,60.48103713989258
2020-09-15,67.9000015258789,61.47698211669922
2020-09-16,67.37999725341797,61.006168365478516
2020-09-17,66.33999633789062,60.06455612182617
2020-09-18,65.62000274658203,59.412662506103516
2020-09-21,64.6500015258789,58.534423828125
2020-09-22,65.44999694824219,59.25873565673828
2020-09-23,64.08000183105469,58.018341064453125
2020-09-24,64.26000213623047,58.181312561035156
2020-09-25,64.69000244140625,58.570640563964844
2020-09-28,65.56999969482422,59.367393493652344
2020-09-29,65.73999786376953,59.52131271362305
2020-09-30,65.95999908447266,59.72050857543945
2020-10-01,66.83999633789062,60.51724624633789
2020-10-02,65.72000122070312,59.503196716308594
2020-10-05,66.81999969482422,60.499149322509766
2020-10-06,65.94000244140625,59.702392578125
2020-10-07,66.41999816894531,60.13698959350586
2020-10-08,67.2300033569336,60.87035369873047
2020-10-09,67.7699966430664,61.35927200317383
2020-10-12,69.25,62.69928741455078
2020-10-13,69.27999877929688,62.72644805908203
2020-10-14,68.73999786376953,62.23752975463867
2020-10-15,68.05000305175781,61.612789154052734
2020-10-16,68.2300033569336,61.77576446533203
2020-10-19,67.12999725341797,60.779815673828125
2020-10-20,67.66000366210938,61.25968933105469
2020-10-21,68.37000274658203,61.90252685546875
2020-10-22,68.62999725341797,62.13792037963867
2020-10-23,69.33999633789062,62.78078079223633
2020-10-26,67.9800033569336,61.549415588378906
2020-10-27,68.69999694824219,62.20130157470703
2020-10-28,66.41000366210938,60.127925872802734
2020-10-29,68.02999877929688,61.59469223022461
2020-10-30,67.37000274658203,60.99711227416992
2020-11-02,67.33999633789062,60.96995162963867
2020-11-03,68.0,61.567527770996094
2020-11-04,70.41000366210938,63.749549865722656
2020-11-05,71.93000030517578,65.12576293945312
2020-11-06,71.61000061035156,64.83602142333984
2020-11-09,71.69999694824219,64.91751861572266
2020-11-10,70.98999786376953,64.2746810913086
2020-11-11,71.27999877929688,64.53724670410156
2020-11-12,70.94999694824219,64.23846435546875
2020-11-13,72.08000183105469,65.26158142089844
2020-11-16,72.44000244140625,65.5875244140625
2020-11-17,72.19000244140625,65.36116790771484
2020-11-18,71.6500015258789,64.87225341796875
2020-11-19,71.81999969482422,65.02616882324219
2020-11-20,71.87999725341797,65.08050537109375
2020-11-23,71.62000274658203,64.84510040283203
2020-11-24,72.98999786376953,66.08550262451172
2020-11-25,72.8499984741211,65.958740234375
2020-11-27,73.55000305175781,66.592529296875
2020-11-30,72.79000091552734,65.90440368652344
2020-12-01,74.0,66.99996948242188
2020-12-02,74.48999786376953,67.44359588623047
2020-12-03,74.4800033569336,67.43455505371094
2020-12-04,74.61000061035156,67.55226135253906
2020-12-07,74.75,67.67901611328125
2020-12-08,74.69000244140625,67.62469482421875
2020-12-09,74.12000274658203,67.10860443115234
2020-12-10,74.27999877929688,67.25346374511719
2020-12-11,74.58000183105469,67.52510070800781
2020-12-14,73.91999816894531,67.29657745361328
2020-12-15,74.30000305175781,67.64252471923828
2020-12-16,74.37999725341797,67.7153549194336
2020-12-17,74.5199966430664,67.84281158447266
2020-12-18,74.44999694824219,67.77908325195312
2020-12-21,73.7300033569336,67.12361907958984
2020-12-22,72.98999786376953,66.44991302490234
2020-12-23,73.38999938964844,66.8140640258789
2020-12-24,73.0999984741211,66.55005645751953
2020-12-28,73.81999969482422,67.20553588867188
2020-12-29,73.9800033569336,67.35120391845703
2020-12-30,73.80000305175781,67.18733978271484
2020-12-31,74.2300033569336,67.57881164550781
2021-01-04,73.62000274658203,67.02346801757812
2021-01-05,74.44000244140625,67.7699966430664
2021-01-06,73.87999725341797,67.26016235351562
2021-01-07,74.61000061035156,67.92476654052734
2021-01-08,75.16999816894531,68.4345703125
2021-01-11,74.01000213623047,67.37850952148438
2021-01-12,73.38999938964844,66.8140640258789
2021-01-13,73.87999725341797,67.26016235351562
2021-01-14,73.69000244140625,67.08719635009766
2021-01-15,73.75,67.14180755615234
2021-01-19,74.98999786376953,68.27069854736328
2021-01-20,77.30999755859375,70.38282012939453
2021-01-21,77.41999816894531,70.48297119140625
2021-01-22,77.79000091552734,70.81981658935547
2021-01-25,78.41000366210938,71.38426208496094
2021-01-26,78.66999816894531,71.62097930908203
2021-01-27,75.94000244140625,69.13558197021484
2021-01-28,76.75,69.87300109863281
2021-01-29,75.2699966430664,68.5256118774414
2021-02-01,76.87999725341797,69.99134826660156
2021-02-02,77.7699966430664,70.80159759521484
2021-02-03,79.19000244140625,72.0943832397461
2021-02-04,79.41000366210938,72.29467010498047
2021-02-05,80.25,73.05939483642578
2021-02-08,80.61000061035156,73.38713836669922
2021-02-09,80.9000015258789,73.6511459350586
2021-02-10,81.43000030517578,74.13365936279297
2021-02-11,81.5,74.1973876953125
2021-02-12,81.76000213623047,74.43408966064453
2021-02-16,82.12000274658203,74.76183319091797
2021-02-17,82.41999816894531,75.03496551513672
2021-02-18,81.73999786376953,74.4158935546875
2021-02-19,81.2699966430664,73.98799133300781
2021-02-22,80.3499984741211,73.15042877197266
2021-02-23,80.94000244140625,73.68758392333984
2021-02-24,80.97000122070312,73.71488952636719
2021-02-25,79.16999816894531,72.07615661621094
2021-02-26,78.8499984741211,71.78483581542969
2021-03-01,81.0,73.74220275878906
2021-03-02,80.31999969482422,73.12312316894531
2021-03-03,79.45999908447266,72.34017181396484
2021-03-04,78.7699966430664,71.71200561523438
2021-03-05,80.23999786376953,73.05029296875
2021-03-08,78.83000183105469,71.76663208007812
2021-03-09,80.02999877929688,72.85910034179688
2021-03-10,80.13999938964844,72.9592514038086
2021-03-11,81.88999938964844,74.55244445800781
2021-03-12,80.7300033569336,73.49638366699219
2021-03-15,81.29000091552734,74.00621032714844
2021-03-16,81.95999908447266,74.61616516113281
2021-03-17,82.13999938964844,74.78004455566406
2021-03-18,80.80000305175781,73.56012725830078
2021-03-19,81.12000274658203,73.8514404296875
2021-03-22,81.83000183105469,74.49783325195312
2021-03-23,81.44000244140625,74.14276885986328
2021-03-24,79.66999816894531,72.53136444091797
2021-03-25,79.47000122070312,72.34927368164062
2021-03-26,79.77999877929688,72.63151550292969
2021-03-29,80.22000122070312,73.0320816040039
2021-03-30,80.05999755859375,72.88642120361328
2021-03-31,80.37999725341797,73.17774963378906
2021-04-01,81.95999908447266,74.61616516113281
2021-04-05,83.66000366210938,76.16385650634766
2021-04-06,83.81999969482422,76.30950164794922
2021-04-07,83.5999984741211,76.10922241210938
2021-04-08,83.91999816894531,76.40054321289062
2021-04-09,83.7300033569336,76.22759246826172
2021-04-12,83.4000015258789,75.9271469116211
2021-04-13,83.72000122070312,76.21849060058594
2021-04-14,82.98999786376953,75.55387878417969
2021-04-15,84.12999725341797,76.59174346923828
2021-04-16,84.3499984741211,76.79202270507812
2021-04-19,83.88999938964844,76.37324523925781
2021-04-20,83.30000305175781,75.83612060546875
2021-04-21,83.31999969482422,75.85430145263672
2021-04-22,83.13999938964844,75.6904296875
2021-04-23,84.01000213623047,76.48248291015625
2021-04-26,83.9800033569336,76.45518493652344
2021-04-27,83.48999786376953,76.00908660888672
2021-04-28,84.52999877929688,76.95590209960938
2021-04-29,86.12999725341797,78.41253662109375
2021-04-30,85.02999877929688,77.41109466552734
2021-05-03,85.02999877929688,77.41109466552734
2021-05-04,84.1500015258789,76.60995483398438
2021-05-05,84.13999938964844,76.60083770751953
2021-05-06,85.02999877929688,77.41109466552734
2021-05-07,85.54000091552734,77.87540435791016
2021-05-10,83.9000015258789,76.3823471069336
2021-05-11,83.56999969482422,76.08191680908203
2021-05-12,81.80000305175781,74.47050476074219
2021-05-13,82.0,74.65259552001953
2021-05-14,83.81999969482422,76.30950164794922
2021-05-17,83.41999816894531,75.94535064697266
2021-05-18,82.73999786376953,75.32628631591797
2021-05-19,82.66000366210938,75.25346374511719
2021-05-20,83.80999755859375,76.30040740966797
2021-05-21,83.44000244140625,75.96356964111328
2021-05-24,84.80000305175781,77.20171356201172
2021-05-25,84.88999938964844,77.28363800048828
2021-05-26,85.2300033569336,77.59318542480469
2021-05-27,85.33999633789062,77.69332885742188
2021-05-28,85.22000122070312,77.58405303955078
2021-06-01,85.55999755859375,77.89360046386719
2021-06-02,85.56999969482422,77.9027099609375
2021-06-03,84.73999786376953,77.1470718383789
2021-06-04,85.6500015258789,77.97554779052734
2021-06-07,86.16000366210938,78.43986511230469
2021-06-08,85.75,78.06656646728516
2021-06-09,85.66000366210938,77.9846420288086
2021-06-10,86.0999984741211,78.67637634277344
2021-06-11,86.02999877929688,78.6124038696289
2021-06-14,86.47000122070312,79.01448059082031
2021-06-15,86.04000091552734,78.62154388427734
2021-06-16,85.41999816894531,78.05499267578125
2021-06-17,85.86000061035156,78.45706939697266
2021-06-18,84.98999786376953,77.66207122802734
2021-06-21,85.5199966430664,78.1463851928711
2021-06-22,85.88999938964844,78.48448181152344
2021-06-23,85.79000091552734,78.39310455322266
2021-06-24,86.3499984741211,78.90482330322266
2021-06-25,86.51000213623047,79.05103302001953
2021-06-28,87.04000091552734,79.53532409667969
2021-06-29,86.76000213623047,79.27947998046875
2021-06-30,86.56999969482422,79.10585021972656
2021-07-01,86.77999877929688,79.29773712158203
2021-07-02,87.51000213623047,79.96481323242188
2021-07-06,87.12000274658203,79.60842895507812
2021-07-07,86.87999725341797,79.38912200927734
2021-07-08,85.70999908447266,78.31999206542969
2021-07-09,86.87000274658203,79.37999725341797
2021-07-12,87.29000091552734,79.7637710571289
2021-07-13,87.4000015258789,79.86429595947266
2021-07-14,87.62000274658203,80.0653305053711
2021-07-15,87.12000274658203,79.60842895507812
2021-07-16,86.48999786376953,79.03274536132812
2021-07-19,84.9800033569336,77.65294647216797
2021-07-20,85.87999725341797,78.47534942626953
2021-07-21,86.3499984741211,78.90482330322266
2021-07-22,86.66999816894531,79.19722747802734
2021-07-23,88.12000274658203,80.522216796875
2021-07-26,87.87000274658203,80.29376983642578
2021-07-27,86.80000305175781,79.31602478027344
2021-07-28,87.55000305175781,80.0013656616211
2021-07-29,87.0,79.498779296875
2021-07-30,86.61000061035156,79.14240264892578
2021-08-02,86.41999816894531,78.96878051757812
2021-08-03,85.87000274658203,78.46620178222656
2021-08-04,86.33000183105469,78.88654327392578
2021-08-05,86.7699966430664,79.28861999511719
2021-08-06,86.58999633789062,79.1241226196289
2021-08-09,86.93000030517578,79.434814453125
2021-08-10,87.05999755859375,79.55360412597656
2021-08-11,87.26000213623047,79.73635864257812
2021-08-12,87.27999877929688,79.75463104248047
2021-08-13,87.66000366210938,80.10187530517578
2021-08-16,87.5,79.9556655883789
2021-08-17,86.41999816894531,78.96878051757812
2021-08-18,86.12999725341797,78.70378875732422
2021-08-19,85.69999694824219,78.31085205078125
2021-08-20,86.62000274658203,79.15155792236328
2021-08-23,87.83000183105469,80.2572250366211
2021-08-24,88.5199966430664,80.88771057128906
2021-08-25,88.61000061035156,80.96996307373047
2021-08-26,87.72000122070312,80.15670776367188
2021-08-27,88.86000061035156,81.19841003417969
2021-08-30,89.47000122070312,81.75580596923828
2021-08-31,90.01000213623047,82.24925231933594
2021-09-01,90.66999816894531,82.85234069824219
2021-09-02,90.20999908447266,82.43201446533203
2021-09-03,90.29000091552734,82.50511932373047
2021-09-07,90.88999938964844,83.0533676147461
2021-09-08,90.2699966430664,82.48682403564453
2021-09-09,89.83999633789062,82.09390258789062
2021-09-10,89.0,81.32633209228516
2021-09-13,89.19999694824219,81.50907897949219
2021-09-14,88.27999877929688,80.66841125488281
2021-09-15,88.80999755859375,81.15271759033203
2021-09-16,88.52999877929688,80.89685821533203
2021-09-17,87.44000244140625,79.90084838867188
2021-09-20,85.86000061035156,78.45706939697266
2021-09-21,85.87000274658203,78.46620178222656
2021-09-22,85.88999938964844,78.48448181152344
2021-09-23,86.81999969482422,79.33429718017578
2021-09-24,87.05000305175781,79.54447937011719
2021-09-27,86.93000030517578,79.434814453125
2021-09-28,84.80000305175781,77.48847198486328
2021-09-29,84.58999633789062,77.29655456542969
2021-09-30,84.5999984741211,77.30570220947266
2021-10-01,85.3499984741211,77.99104309082031
2021-10-04,83.8499984741211,76.62037658691406
2021-10-05,84.83999633789062,77.52501678466797
2021-10-06,84.95999908447266,77.63467407226562
2021-10-07,85.66000366210938,78.2743148803711
2021-10-08,85.44000244140625,78.07327270507812
2021-10-11,84.3499984741211,77.07726287841797
2021-10-12,83.55999755859375,76.35537719726562
2021-10-13,84.20999908447266,76.94933319091797
2021-10-14,85.20999908447266,77.86312103271484
2021-10-15,85.20999908447266,77.86312103271484
2021-10-18,85.66000366210938,78.2743148803711
2021-10-19,86.47000122070312,79.01448059082031
2021-10-20,86.48999786376953,79.03274536132812
2021-10-21,86.58999633789062,79.1241226196289
2021-10-22,85.16000366210938,77.81742858886719
2021-10-25,85.31999969482422,77.96363830566406
2021-10-26,84.77999877929688,77.47018432617188
2021-10-27,84.94999694824219,77.62553405761719
2021-10-28,85.22000122070312,77.87224578857422
2021-10-29,85.31999969482422,77.96363830566406
2021-11-01,85.44000244140625,78.07327270507812
2021-11-02,85.16999816894531,77.82656860351562
2021-11-03,85.72000122070312,78.32913970947266
2021-11-04,85.95999908447266,78.54844665527344
2021-11-05,86.61000061035156,79.14240264892578
2021-11-08,86.5,79.0418930053711
2021-11-09,86.56999969482422,79.10585021972656
2021-11-10,85.87999725341797,78.47534942626953
2021-11-11,85.68000030517578,78.2925796508789
2021-11-12,87.0199966430664,79.51705169677734
2021-11-15,87.01000213623047,79.50791931152344
2021-11-16,86.86000061035156,79.370849609375
2021-11-17,86.45999908447266,79.00533294677734
2021-11-18,86.02999877929688,78.6124038696289
2021-11-19,85.97000122070312,78.55758666992188
2021-11-22,85.25,77.899658203125
2021-11-23,84.87000274658203,77.55241394042969
2021-11-24,84.91999816894531,77.59811401367188
2021-11-26,83.52999877929688,76.32797241210938
2021-11-29,84.01000213623047,76.76657104492188
2021-11-30,81.9800033569336,74.91161346435547
2021-12-01,80.41999816894531,73.4861068725586
2021-12-02,81.58999633789062,74.55522918701172
2021-12-03,80.97000122070312,73.98868560791016
2021-12-06,82.26000213623047,75.16746520996094
2021-12-07,83.18000030517578,76.00813293457031
2021-12-08,83.5999984741211,76.39192199707031
2021-12-09,83.13999938964844,75.97158813476562
2021-12-10,83.04000091552734,75.88021850585938
2021-12-13,81.52999877929688,75.55862426757812
2021-12-14,81.33999633789062,75.3825454711914
2021-12-15,81.86000061035156,75.86445617675781
2021-12-16,81.6500015258789,75.66984558105469
2021-12-17,81.18000030517578,75.2342529296875
2021-12-20,80.31999969482422,74.437255859375
2021-12-21,81.83999633789062,75.84591674804688
2021-12-22,82.26000213623047,76.23515319824219
2021-12-23,82.87999725341797,76.80974578857422
2021-12-27,83.54000091552734,77.42141723632812
2021-12-28,83.22000122070312,77.1248550415039
2021-12-29,82.80000305175781,76.73561096191406
2021-12-30,83.38999938964844,77.28239440917969
2021-12-31,82.2300033569336,76.20735931396484
2022-01-03,82.80000305175781,76.73561096191406
2022-01-04,82.54000091552734,76.49464416503906
2022-01-05,80.41000366210938,74.52066040039062
2022-01-06,80.9000015258789,74.97476959228516
2022-01-07,81.06999969482422,75.13231658935547
2022-01-10,80.83000183105469,74.90989685058594
2022-01-11,81.98999786376953,75.98493957519531
2022-01-12,82.47000122070312,76.4297866821289
2022-01-13,81.27999877929688,75.3269271850586
2022-01-14,81.77999877929688,75.79032897949219
2022-01-18,80.31999969482422,74.437255859375
2022-01-19,80.37999725341797,74.49285888671875
2022-01-20,79.94000244140625,74.08509826660156
2022-01-21,77.73999786376953,72.04621124267578
2022-01-24,77.75,72.05548858642578
2022-01-25,76.66999816894531,71.05457305908203
2022-01-26,75.66999816894531,70.12782287597656
2022-01-27,75.91999816894531,70.35950469970703
2022-01-28,77.37000274658203,71.70331573486328
2022-01-31,79.5,73.67730712890625
2022-02-01,80.26000213623047,74.38164520263672
2022-02-02,81.6500015258789,75.66984558105469
2022-02-03,77.33000183105469,71.66624450683594
2022-02-04,77.55999755859375,71.87938690185547
2022-02-07,76.13999938964844,70.56340026855469
2022-02-08,76.33999633789062,70.74874877929688
2022-02-09,78.04000091552734,72.32424926757812
2022-02-10,77.01000213623047,71.36968994140625
2022-02-11,75.30999755859375,69.79418182373047
2022-02-14,75.44000244140625,69.9146728515625
2022-02-15,76.55000305175781,70.94337463378906
2022-02-16,76.4000015258789,70.80435943603516
2022-02-17,74.44000244140625,68.9879150390625
2022-02-18,73.94999694824219,68.53379821777344
2022-02-22,73.19000244140625,67.82945251464844
2022-02-23,72.2699966430664,66.97684478759766
2022-02-24,73.12000274658203,67.76458740234375
2022-02-25,74.33000183105469,68.88597869873047
2022-02-28,74.1500015258789,68.71915435791016
2022-03-01,73.30999755859375,67.94066619873047
2022-03-02,73.93000030517578,68.5152587890625
2022-03-03,73.0,67.65337371826172
2022-03-04,71.81999969482422,66.55979919433594
2022-03-07,69.3499984741211,64.27071380615234
2022-03-08,69.27999877929688,64.2058334350586
2022-03-09,71.4800033569336,66.24470520019531
2022-03-10,70.77999877929688,65.5959701538086
2022-03-11,69.61000061035156,64.51166534423828
2022-03-14,68.5199966430664,63.50149917602539
2022-03-15,69.55000305175781,64.45606231689453
2022-03-16,72.55999755859375,67.24559020996094
2022-03-17,72.77999877929688,67.4494857788086
2022-03-18,74.05999755859375,68.63573455810547
2022-03-21,72.9800033569336,67.63484954833984
2022-03-22,74.48999786376953,69.03424072265625
2022-03-23,73.45999908447266,68.07968139648438
2022-03-24,74.16000366210938,68.7284164428711
2022-03-25,74.26000213623047,68.82109832763672
2022-03-28,74.47000122070312,69.01571655273438
2022-03-29,75.80999755859375,70.25757598876953
2022-03-30,75.30999755859375,69.79418182373047
2022-03-31,73.93000030517578,68.5152587890625
2022-04-01,74.93000030517578,69.44203186035156
2022-04-04,76.41000366210938,70.81362915039062
2022-04-05,75.38999938964844,69.86832427978516
2022-04-06,74.16999816894531,68.73767852783203
2022-04-07,73.7699966430664,68.36697387695312
2022-04-08,73.44000244140625,68.0611572265625
2022-04-11,72.66000366210938,67.3382797241211
2022-04-12,72.16999816894531,66.8841552734375
2022-04-13,73.27999877929688,67.9128646850586
2022-04-14,72.29000091552734,66.9953842163086
2022-04-18,71.81999969482422,66.55979919433594
2022-04-19,72.81999969482422,67.4865493774414
2022-04-20,70.31999969482422,65.16966247558594
2022-04-21,68.70999908447266,63.677589416503906
2022-04-22,67.22000122070312,62.29671859741211
2022-04-25,67.81999969482422,62.852760314941406
2022-04-26,65.97000122070312,61.13825988769531
2022-04-27,64.95999908447266,60.202239990234375
2022-04-28,66.80999755859375,61.9167366027832
2022-04-29,65.36000061035156,60.57295227050781
2022-05-02,66.36000061035156,61.499698638916016
2022-05-03,67.08000183105469,62.16696548461914
2022-05-04,68.73999786376953,63.70538330078125
2022-05-05,66.26000213623047,61.40702438354492
2022-05-06,65.22000122070312,60.44319534301758
2022-05-09,63.5,58.84916687011719
2022-05-10,64.08000183105469,59.38669204711914
2022-05-11,63.119998931884766,58.49700164794922
2022-05-12,63.4900016784668,58.839900970458984
2022-05-13,65.12000274658203,60.35051345825195
2022-05-16,65.04000091552734,60.27638244628906
2022-05-17,66.33999633789062,61.48115539550781
2022-05-18,64.11000061035156,59.414493560791016
2022-05-19,64.4000015258789,59.683258056640625
2022-05-20,64.58000183105469,59.850074768066406
2022-05-23,65.47000122070312,60.67489242553711
2022-05-24,63.59000015258789,58.93257522583008
2022-05-25,64.20999908447266,59.50716781616211
2022-05-26,65.5999984741211,60.79536819458008
2022-05-27,66.62999725341797,61.74992752075195
2022-05-31,66.68000030517578,61.7962646484375
2022-06-01,66.18000030517578,61.332881927490234
2022-06-02,67.66999816894531,62.71375274658203
2022-06-03,66.20999908447266,61.360687255859375
2022-06-06,66.62999725341797,61.74992752075195
2022-06-07,67.0,62.09281539916992
2022-06-08,67.16000366210938,62.24110412597656
2022-06-09,64.94000244140625,60.716190338134766
2022-06-10,63.52000045776367,59.3885498046875
2022-06-13,60.709999084472656,56.76131057739258
2022-06-14,60.68000030517578,56.733272552490234
2022-06-15,61.849998474121094,57.82716751098633
2022-06-16,59.84000015258789,55.947906494140625
2022-06-17,60.47999954223633,56.54627990722656
2022-06-21,61.34000015258789,57.35033416748047
2022-06-22,61.40999984741211,57.41578674316406
2022-06-23,61.90999984741211,57.88326644897461
2022-06-24,63.880001068115234,59.725135803222656
2022-06-27,63.189998626708984,59.08000946044922
2022-06-28,61.779998779296875,57.761722564697266
2022-06-29,61.93000030517578,57.90196228027344
2022-06-30,61.18000030517578,57.20074462890625
2022-07-01,61.560001373291016,57.5560302734375
2022-07-05,62.41999816894531,58.36009979248047
2022-07-06,62.470001220703125,58.40684127807617
2022-07-07,63.470001220703125,59.3418083190918
2022-07-08,63.13999938964844,59.033260345458984
2022-07-11,61.4900016784668,57.49058151245117
2022-07-12,61.47999954223633,57.48123550415039
2022-07-13,61.27000045776367,57.28489303588867
2022-07-14,60.34000015258789,56.415382385253906
2022-07-15,61.29999923706055,57.31293869018555
2022-07-18,61.2599983215332,57.27554702758789
2022-07-19,63.0,58.902374267578125
2022-07-20,63.290000915527344,59.17350769042969
2022-07-21,63.349998474121094,59.2296028137207
2022-07-22,61.380001068115234,57.38773727416992
2022-07-25,61.380001068115234,57.38773727416992
2022-07-26,60.290000915527344,56.36863327026367
2022-07-27,62.45000076293945,58.38813781738281
2022-07-28,61.970001220703125,57.939361572265625
2022-07-29,61.869998931884766,57.84586715698242
2022-08-01,61.709999084472656,57.69627380371094
2022-08-02,61.5,57.49993133544922
2022-08-03,62.630001068115234,58.55644226074219
2022-08-04,62.77000045776367,58.68732833862305
2022-08-05,62.13999938964844,58.098304748535156
2022-08-08,62.2599983215332,58.21050262451172
2022-08-09,61.79999923706055,57.780418395996094
2022-08-10,63.36000061035156,59.238956451416016
2022-08-11,63.5099983215332,59.37919616699219
2022-08-12,64.36000061035156,60.17391586303711
2022-08-15,64.44000244140625,60.24870681762695
2022-08-16,64.55999755859375,60.36090087890625
2022-08-17,63.65999984741211,59.519439697265625
2022-08-18,63.40999984741211,59.28569793701172
2022-08-19,62.54999923706055,58.48163986206055
2022-08-22,61.130001068115234,57.153995513916016
2022-08-23,60.959999084472656,56.99505615234375
2022-08-24,61.119998931884766,57.14464569091797
2022-08-25,62.439998626708984,58.37879180908203
2022-08-26,60.4900016784668,56.55562973022461
2022-08-29,60.060001373291016,56.153594970703125
2022-08-30,59.560001373291016,55.68611145019531
2022-08-31,59.619998931884766,55.74221420288086
2022-09-01,59.970001220703125,56.06944274902344
2022-09-02,59.029998779296875,55.190582275390625
2022-09-06,58.20000076293945,54.41456985473633
2022-09-07,59.0099983215332,55.17188262939453
2022-09-08,58.66999816894531,54.85400390625
2022-09-09,60.119998931884766,56.209693908691406
2022-09-12,60.459999084472656,56.52758026123047
2022-09-13,57.68000030517578,53.92839431762695
2022-09-14,57.72999954223633,53.97514343261719
2022-09-15,57.369998931884766,53.63855743408203
2022-09-16,56.880001068115234,53.180423736572266
2022-09-19,56.97999954223633,53.273921966552734
2022-09-20,56.2599983215332,52.600746154785156
2022-09-21,55.150001525878906,51.562950134277344
2022-09-22,55.150001525878906,51.562950134277344
2022-09-23,53.959999084472656,50.450340270996094
2022-09-26,53.36000061035156,49.889373779296875
2022-09-27,52.880001068115234,49.44059753417969
2022-09-28,54.38999938964844,50.852378845214844
2022-09-29,53.119998931884766,49.664981842041016
2022-09-30,52.45000076293945,49.0385627746582
2022-10-03,53.66999816894531,50.1792106628418
2022-10-04,55.2599983215332,51.66579055786133
2022-10-05,54.709999084472656,51.15156936645508
2022-10-06,54.279998779296875,50.749534606933594
2022-10-07,52.86000061035156,49.421897888183594
2022-10-10,52.599998474121094,49.17879867553711
2022-10-11,51.650001525878906,48.29059982299805
2022-10-12,51.529998779296875,48.17839431762695
2022-10-13,52.52000045776367,49.10401153564453
2022-10-14,51.560001373291016,48.206451416015625
2022-10-17,53.11000061035156,49.65563201904297
2022-10-18,53.29999923706055,49.83327865600586
2022-10-19,53.0,49.55278778076172
2022-10-20,53.08000183105469,49.627586364746094
2022-10-21,53.47999954223633,50.00156784057617
2022-10-24,53.09000015258789,49.636932373046875
2022-10-25,54.38999938964844,50.852378845214844
2022-10-26,53.38999938964844,49.91742706298828
2022-10-27,51.529998779296875,48.17839431762695
2022-10-28,52.40999984741211,49.001163482666016
2022-10-31,51.93000030517578,48.55238342285156
2022-11-01,51.84000015258789,48.46823501586914
2022-11-02,50.689998626708984,47.39303207397461
2022-11-03,49.810001373291016,46.570274353027344
2022-11-04,50.880001068115234,47.5706787109375
2022-11-07,51.56999969482422,48.21579360961914
2022-11-08,51.970001220703125,48.589778900146484
2022-11-09,50.970001220703125,47.65483093261719
2022-11-10,53.81999969482422,50.319454193115234
2022-11-11,54.9900016784668,51.41335678100586
2022-11-14,54.7599983215332,51.19831848144531
2022-11-15,55.790000915527344,52.161319732666016
2022-11-16,55.63999938964844,52.02107620239258
2022-11-17,55.529998779296875,51.91823196411133
2022-11-18,55.02000045776367,51.441402435302734
2022-11-21,54.61000061035156,51.05807113647461
2022-11-22,55.20000076293945,51.60969924926758
2022-11-23,55.83000183105469,52.198726654052734
2022-11-25,55.470001220703125,51.86213684082031
2022-11-28,54.939998626708984,51.36660385131836
2022-11-29,54.880001068115234,51.310508728027344
2022-11-30,56.959999084472656,53.255218505859375
2022-12-01,57.34000015258789,53.61050796508789
2022-12-02,57.5,53.76009750366211
2022-12-05,56.81999969482422,53.124324798583984
2022-12-06,55.779998779296875,52.15196990966797
2022-12-07,55.43000030517578,51.82474136352539
2022-12-08,55.59000015258789,51.974327087402344
2022-12-09,55.7599983215332,52.13327407836914
2022-12-12,55.84000015258789,52.208065032958984
2022-12-13,56.540000915527344,53.043975830078125
2022-12-14,56.349998474121094,52.86572265625
2022-12-15,54.45000076293945,51.08320236206055
2022-12-16,54.31999969482422,50.96124267578125
2022-12-19,53.560001373291016,50.24824142456055
2022-12-20,53.709999084472656,50.38896179199219
2022-12-21,54.45000076293945,51.08320236206055
2022-12-22,54.02000045776367,50.6797981262207
2022-12-23,54.349998474121094,50.98938751220703
2022-12-27,54.16999816894531,50.820518493652344
2022-12-28,53.36000061035156,50.060604095458984
2022-12-29,54.79999923706055,51.411563873291016
2022-12-30,54.459999084472656,51.092586517333984
2023-01-03,55.31999969482422,51.899410247802734
2023-01-04,56.59000015258789,53.09088897705078
2023-01-05,56.290000915527344,52.8094367980957
2023-01-06,57.27000045776367,53.72883987426758
2023-01-09,57.5,53.94461441040039
2023-01-10,58.0,54.413700103759766
2023-01-11,58.63999938964844,55.01412582397461
2023-01-12,58.9900016784668,55.34248352050781
2023-01-13,59.40999984741211,55.736515045166016
2023-01-17,59.130001068115234,55.47383117675781
2023-01-18,58.65999984741211,55.03289031982422
2023-01-19,58.9900016784668,55.34248352050781
2023-01-20,60.790000915527344,57.031185150146484
2023-01-23,61.56999969482422,57.76295852661133
2023-01-24,61.36000061035156,57.56594467163086
2023-01-25,61.560001373291016,57.75357437133789
2023-01-26,62.2599983215332,58.4102897644043
2023-01-27,62.849998474121094,58.963809967041016
2023-01-30,61.56999969482422,57.76295852661133
2023-01-31,62.060001373291016,58.22265625
2023-02-01,62.900001525878906,59.01072311401367
2023-02-02,65.7300033569336,61.66573715209961
2023-02-03,64.44999694824219,60.46487045288086
2023-02-06,63.529998779296875,59.60176467895508
2023-02-07,64.62999725341797,60.63374710083008
2023-02-08,63.0,59.10453414916992
2023-02-09,62.130001068115234,58.288330078125
2023-02-10,61.40999984741211,57.612850189208984
2023-02-13,62.209999084472656,58.36338806152344
2023-02-14,62.11000061035156,58.26956558227539
2023-02-15,62.560001373291016,58.69174575805664
2023-02-16,61.86000061035156,58.0350227355957
2023-02-17,61.540000915527344,57.73480987548828
2023-02-21,60.400001525878906,56.66530227661133
2023-02-22,60.310001373291016,56.58086395263672
2023-02-23,59.939998626708984,56.23373794555664
2023-02-24,59.16999816894531,55.511356353759766
2023-02-27,59.439998626708984,55.76465606689453
2023-02-28,59.400001525878906,55.727134704589844
2023-03-01,59.4900016784668,55.81157302856445
2023-03-02,59.81999969482422,56.12116622924805
2023-03-03,61.029998779296875,57.25634765625
2023-03-06,61.040000915527344,57.26573181152344
2023-03-07,60.099998474121094,56.383846282958984
2023-03-08,60.20000076293945,56.477664947509766
2023-03-09,58.900001525878906,55.25804901123047
2023-03-10,58.36000061035156,54.751441955566406
2023-03-13,58.5099983215332,54.89216232299805
2023-03-14,59.61000061035156,55.92414855957031
2023-03-15,59.83000183105469,56.13054656982422
2023-03-16,61.060001373291016,57.28449630737305
2023-03-17,60.619998931884766,56.87169647216797
2023-03-20,61.150001525878906,57.368927001953125
2023-03-21,62.279998779296875,58.429054260253906
2023-03-22,61.63999938964844,57.82862854003906
2023-03-23,62.779998779296875,58.89813995361328
2023-03-24,62.939998626708984,59.04824447631836
2023-03-27,62.40999984741211,58.55101776123047
2023-03-28,62.439998626708984,58.57916259765625
2023-03-29,63.029998779296875,59.1326789855957
2023-03-30,63.349998474121094,59.43289566040039
2023-03-31,64.05999755859375,60.09899139404297
2023-04-03,64.36000061035156,60.38044357299805
2023-04-04,64.70999908447266,60.70880126953125
2023-04-05,64.44999694824219,60.46487045288086
2023-04-06,65.30000305175781,61.2623176574707
2023-04-10,64.94000244140625,60.924583435058594
2023-04-11,64.62999725341797,60.63374710083008
2023-04-12,64.01000213623047,60.052085876464844
2023-04-13,65.41999816894531,61.374900817871094
2023-04-14,65.33999633789062,61.299842834472656
2023-04-17,65.06999969482422,61.04654312133789
2023-04-18,64.76000213623047,60.75571060180664
2023-04-19,64.13999938964844,60.17404556274414
2023-04-20,63.58000183105469,59.648677825927734
2023-04-21,63.61000061035156,59.67681884765625
2023-04-24,63.5099983215332,59.58300018310547
2023-04-25,62.61000061035156,58.738651275634766
2023-04-26,62.77000045776367,58.88875961303711
2023-04-27,65.27999877929688,61.24355697631836
2023-04-28,65.45999908447266,61.41243362426758
2023-05-01,65.43000030517578,61.38428497314453
2023-05-02,64.4000015258789,60.417972564697266
2023-05-03,64.4000015258789,60.417972564697266
2023-05-04,63.77000045776367,59.826927185058594
2023-05-05,64.43000030517578,60.44611358642578
2023-05-08,64.76000213623047,60.75571060180664
2023-05-09,64.33000183105469,60.352298736572266
2023-05-10,64.93000030517578,60.91520309448242
2023-05-11,65.63999938964844,61.581302642822266
2023-05-12,65.41999816894531,61.374900817871094
2023-05-15,66.0199966430664,61.93779754638672
2023-05-16,65.95999908447266,61.88150405883789
2023-05-17,66.5999984741211,62.4819450378418
2023-05-18,67.12999725341797,62.979164123535156
2023-05-19,66.91999816894531,62.78215026855469
2023-05-22,67.55000305175781,63.37319564819336
2023-05-23,66.62999725341797,62.51008605957031
2023-05-24,66.0,61.91904067993164
2023-05-25,65.86000061035156,61.787696838378906
2023-05-26,66.97000122070312,62.829063415527344
2023-05-30,66.7300033569336,62.60390090942383
2023-05-31,66.58999633789062,62.47254943847656
2023-06-01,67.63999938964844,63.457637786865234
2023-06-02,67.76000213623047,63.57020950317383
2023-06-05,67.9000015258789,63.7015495300293
2023-06-06,68.37999725341797,64.1518783569336
2023-06-07,66.9000015258789,63.18567657470703
2023-06-08,67.23999786376953,63.50679016113281
2023-06-09,67.2699966430664,63.535133361816406
2023-06-12,67.87999725341797,64.11125946044922
2023-06-13,68.19999694824219,64.41348266601562
2023-06-14,68.56999969482422,64.76295471191406
2023-06-15,69.33999633789062,65.49020385742188
2023-06-16,68.83000183105469,65.0085220336914
2023-06-20,68.12999725341797,64.34738159179688
2023-06-21,67.68000030517578,63.92236328125
2023-06-22,67.91000366210938,64.13959503173828
2023-06-23,67.62999725341797,63.87514114379883
2023-06-26,66.9000015258789,63.18567657470703
2023-06-27,67.87000274658203,64.10183715820312
2023-06-28,68.13999938964844,64.3568344116211
2023-06-29,67.76000213623047,63.99793243408203
2023-06-30,68.37999725341797,64.58349609375
2023-07-03,68.51000213623047,64.70628356933594
2023-07-05,68.83999633789062,65.01795959472656
2023-07-06,68.16000366210938,64.37572479248047
2023-07-07,68.2699966430664,64.4796142578125
2023-07-10,67.91999816894531,64.14903259277344
2023-07-11,68.54000091552734,64.73462677001953
2023-07-12,69.94000244140625,66.056884765625
2023-07-13,71.12999725341797,67.18082427978516
2023-07-14,70.38999938964844,66.48191833496094
2023-07-17,70.05999755859375,66.17022705078125
2023-07-18,70.11000061035156,66.21746063232422
2023-07-19,70.3499984741211,66.44412994384766
2023-07-20,69.05000305175781,65.21630859375
2023-07-21,68.58999633789062,64.7818374633789
2023-07-24,69.01000213623047,65.17853546142578
2023-07-25,69.0999984741211,65.2635269165039
2023-07-26,70.19999694824219,66.30245208740234
2023-07-27,70.69999694824219,66.77468872070312
2023-07-28,72.30000305175781,68.28585815429688
2023-07-31,72.06999969482422,68.0686264038086
2023-08-01,71.91999816894531,67.92696380615234
2023-08-02,70.0999984741211,66.20801544189453
2023-08-03,70.23999786376953,66.3402328491211
2023-08-04,69.9800033569336,66.09466552734375
2023-08-07,70.93000030517578,66.99192810058594
2023-08-08,70.54000091552734,66.62357330322266
2023-08-09,70.06999969482422,66.17967224121094
2023-08-10,70.41999816894531,66.5102310180664
2023-08-11,69.80000305175781,65.92466735839844
2023-08-14,70.30999755859375,66.40634155273438
2023-08-15,69.61000061035156,65.7452163696289
2023-08-16,68.6500015258789,64.8385238647461
2023-08-17,68.33000183105469,64.53627014160156
2023-08-18,67.72000122070312,63.96015167236328
2023-08-21,68.22000122070312,64.43238067626953
2023-08-22,68.26000213623047,64.47016906738281
2023-08-23,69.3499984741211,65.49964904785156
2023-08-24,68.1500015258789,64.36627960205078
2023-08-25,68.13999938964844,64.3568344116211
2023-08-28,69.04000091552734,65.20685577392578
2023-08-29,70.5,66.58580017089844
2023-08-30,70.51000213623047,66.59525299072266
2023-08-31,70.58000183105469,66.66136169433594
2023-09-01,70.33000183105469,66.42523956298828
2023-09-05,70.05999755859375,66.17022705078125
2023-09-06,69.7300033569336,65.85855102539062
2023-09-07,69.62000274658203,65.7546615600586
2023-09-08,69.76000213623047,65.88688659667969
2023-09-11,70.80999755859375,66.87857818603516
2023-09-12,70.33000183105469,66.42523956298828
2023-09-13,70.43000030517578,66.5196762084961
2023-09-14,71.12000274658203,67.17137145996094
2023-09-15,70.4800033569336,66.5669174194336
2023-09-18,70.45999908447266,66.54801940917969
2023-09-19,70.51000213623047,66.59525299072266
2023-09-20,69.58999633789062,65.726318359375
2023-09-21,68.6500015258789,64.8385238647461
2023-09-22,68.86000061035156,65.03685760498047
2023-09-25,68.79000091552734,64.97073364257812
2023-09-26,67.8499984741211,64.08293914794922
2023-09-27,67.93000030517578,64.15847778320312
2023-09-28,68.62000274658203,64.8101806640625
2023-09-29,68.30999755859375,64.51737213134766
2023-10-02,68.62999725341797,64.81962585449219
2023-10-03,67.58999633789062,63.83736038208008
2023-10-04,68.12999725341797,64.34738159179688
2023-10-05,68.18000030517578,64.39460754394531
2023-10-06,69.44000244140625,65.58464813232422
2023-10-09,70.02999877929688,66.14189147949219
2023-10-10,70.54000091552734,66.62357330322266
2023-10-11,71.06999969482422,67.1241455078125
2023-10-12,70.1500015258789,66.25524139404297
2023-10-13,69.30999755859375,65.46186065673828
2023-10-16,70.27999877929688,66.37801361083984
2023-10-17,70.33000183105469,66.42523956298828
2023-10-18,69.16999816894531,65.32963562011719
2023-10-19,69.27999877929688,65.43354034423828
2023-10-20,68.48999786376953,64.68738555908203
2023-10-23,68.91999816894531,65.09352111816406
2023-10-24,69.66999816894531,65.80187225341797
2023-10-25,67.13999938964844,63.412349700927734
2023-10-26,65.70999908447266,62.06174087524414
2023-10-27,65.76000213623047,62.108970642089844
2023-10-30,67.04000091552734,63.317901611328125
2023-10-31,67.0999984741211,63.37456130981445
2023-11-01,68.11000061035156,64.3284912109375
2023-11-02,69.02999877929688,65.19742584228516
2023-11-03,70.11000061035156,66.21746063232422
2023-11-06,69.9000015258789,66.01911926269531
2023-11-07,70.16000366210938,66.26467895507812
2023-11-08,70.0199966430664,66.1324462890625
2023-11-09,70.01000213623047,66.12300872802734
2023-11-10,70.80000305175781,66.86914825439453
2023-11-13,70.94000244140625,67.00137329101562
2023-11-14,71.95999908447266,67.96473693847656
2023-11-15,72.41000366210938,68.38976287841797
2023-11-16,72.5,68.4747543334961
2023-11-17,72.5999984741211,68.56920623779297
2023-11-20,73.51000213623047,69.42868041992188
2023-11-21,73.11000061035156,69.0508804321289
2023-11-22,73.73999786376953,69.64591217041016
2023-11-24,73.58000183105469,69.49479675292969
2023-11-27,73.2699966430664,69.20201110839844
2023-11-28,73.41000366210938,69.33424377441406
2023-11-29,72.81999969482422,68.77698516845703
2023-11-30,72.5199966430664,68.49364471435547
2023-12-01,72.55999755859375,68.53142547607422
2023-12-04,71.72000122070312,67.73806762695312
2023-12-05,71.58000183105469,67.6058349609375
2023-12-06,71.48999786376953,67.52083587646484
2023-12-07,73.01000213623047,68.9564437866211
2023-12-08,72.9800033569336,68.92811584472656
2023-12-11,72.51000213623047,68.48421478271484
2023-12-12,72.73999786376953,68.70143127441406
2023-12-13,73.25,69.18312072753906
2023-12-14,73.4800033569336,69.40034484863281
2023-12-15,73.29000091552734,69.22090148925781
2023-12-18,74.04000091552734,69.92926025390625
2023-12-19,74.70999908447266,70.56204986572266
2023-12-20,73.87999725341797,70.21894073486328
2023-12-21,74.75,71.04583740234375
2023-12-22,74.41999816894531,70.73219299316406
2023-12-26,74.66999816894531,70.96979522705078
2023-12-27,74.66000366210938,70.9603042602539
2023-12-28,74.87999725341797,71.16939544677734
2023-12-29,74.62000274658203,70.92227935791016
2024-01-02,73.91000366210938,70.2474594116211
2024-01-03,74.05000305175781,70.38053131103516
2024-01-04,73.80000305175781,70.14291381835938
2024-01-05,74.01000213623047,70.3425064086914
2024-01-08,74.95999908447266,71.24542236328125
2024-01-09,74.83000183105469,71.12187957763672
2024-01-10,75.52999877929688,71.78718566894531
2024-01-11,75.63999938964844,71.89173126220703
2024-01-12,76.0,72.23389434814453
2024-01-16,75.45999908447266,71.72064971923828
2024-01-17,74.94999694824219,71.23592376708984
2024-01-18,75.83000183105469,72.07231140136719
2024-01-19,76.77999877929688,72.9752426147461
2024-01-22,76.83999633789062,73.03226470947266
2024-01-23,77.6500015258789,73.80213165283203
2024-01-24,78.29000091552734,74.4104232788086
2024-01-25,79.30000305175781,75.370361328125
2024-01-26,79.5,75.56045532226562
2024-01-29,80.1500015258789,76.1782455444336
2024-01-30,79.47000122070312,75.53194427490234
2024-01-31,77.54000091552734,73.69757843017578
2024-02-01,78.2300033569336,74.35338592529297
2024-02-02,81.19999694824219,77.17620849609375
2024-02-05,80.58000183105469,76.58692932128906
2024-02-06,80.62000274658203,76.62495422363281
2024-02-07,81.08999633789062,77.07166290283203
2024-02-08,81.26000213623047,77.23323822021484
2024-02-09,81.48999786376953,77.45184326171875
2024-02-12,81.7300033569336,77.6799545288086
2024-02-13,80.58999633789062,76.596435546875
2024-02-14,81.75,77.69895935058594
2024-02-15,82.0999984741211,78.03160858154297
2024-02-16,81.11000061035156,77.0906753540039
2024-02-20,80.95999908447266,76.9480972290039
2024-02-21,81.05999755859375,77.04315185546875
2024-02-22,82.22000122070312,78.14566802978516
2024-02-23,82.0999984741211,78.03160858154297
2024-02-26,81.0999984741211,77.08116912841797
2024-02-27,81.86000061035156,77.80351257324219
2024-02-28,80.94000244140625,76.9291000366211
2024-02-29,81.54000091552734,77.49935913085938
2024-03-01,82.27999877929688,78.20269012451172
2024-03-04,81.22000122070312,77.19522857666016
2024-03-05,80.75,76.7485122680664
2024-03-06,80.97000122070312,76.95761108398438
2024-03-07,82.22000122070312,78.14566802978516
2024-03-08,82.08999633789062,78.02210235595703
2024-03-11,81.62999725341797,77.58489990234375
2024-03-12,82.44999694824219,78.36426544189453
2024-03-13,82.4800033569336,78.39278411865234
2024-03-14,82.36000061035156,78.27872467041016
2024-03-15,81.81999969482422,77.76548767089844
2024-03-18,83.38999938964844,79.25768280029297
2024-03-19,83.25,79.12462615966797
2024-03-20,84.3499984741211,80.17010498046875
2024-03-21,84.11000061035156,79.94200897216797
2024-03-22,84.4800033569336,80.2936782836914
2024-03-25,84.12000274658203,79.95152282714844
2024-03-26,84.02999877929688,79.86597442626953
2024-03-27,84.3499984741211,80.17010498046875
2024-03-28,84.13999938964844,79.97052764892578
2024-04-01,84.9000015258789,80.69286346435547
2024-04-02,84.70999908447266,80.51226806640625
2024-04-03,85.33999633789062,81.11105346679688
2024-04-04,84.43000030517578,80.24614715576172
2024-04-05,85.37999725341797,81.1490707397461
2024-04-08,85.30000305175781,81.07303619384766
2024-04-09,85.16999816894531,80.94947052001953
2024-04-10,84.81999969482422,80.61682891845703
2024-04-11,85.5,81.26313018798828
2024-04-12,84.0999984741211,79.93250274658203
2024-04-15,82.79000091552734,78.68741607666016
2024-04-16,82.51000213623047,78.42129516601562
2024-04-17,82.45999908447266,78.373779296875
2024-04-18,82.93000030517578,78.82048034667969
2024-04-19,81.87000274658203,77.8130111694336
2024-04-22,82.69999694824219,78.60187530517578
2024-04-23,84.05000305175781,79.88497924804688
2024-04-24,84.11000061035156,79.94200897216797
2024-04-25,81.41000366210938,77.37580108642578
2024-04-26,83.95999908447266,79.7994384765625
2024-04-29,83.0,78.88702392578125
2024-04-30,81.76000213623047,77.70846557617188
2024-05-01,82.29000091552734,78.21219635009766
2024-05-02,83.37000274658203,79.23867797851562
2024-05-03,84.37999725341797,80.1986312866211
2024-05-06,85.54000091552734,81.3011474609375
2024-05-07,85.44000244140625,81.20610809326172
2024-05-08,85.13999938964844,80.92096710205078
2024-05-09,85.72000122070312,81.47223663330078
2024-05-10,85.76000213623047,81.51024627685547
2024-05-13,85.88999938964844,81.63379669189453
2024-05-14,86.51000213623047,82.22309112548828
2024-05-15,87.27999877929688,82.95492553710938
2024-05-16,87.2300033569336,82.90739440917969
2024-05-17,87.33999633789062,83.01194763183594
2024-05-20,87.36000061035156,83.03095245361328
2024-05-21,87.08999633789062,82.77433013916016
2024-05-22,86.79000091552734,82.48921203613281
2024-05-23,85.91000366210938,81.6528091430664
2024-05-24,86.69000244140625,82.39415740966797
2024-05-28,86.93000030517578,82.62227630615234
2024-05-29,86.2300033569336,81.95696258544922
2024-05-30,86.01000213623047,81.74786376953125
2024-05-31,86.5199966430664,82.23257446289062
2024-06-03,86.91999816894531,82.61276245117188
2024-06-04,87.36000061035156,83.03095245361328
2024-06-05,88.52999877929688,84.14299011230469
2024-06-06,88.56999969482422,84.18099975585938
2024-06-07,87.62999725341797,83.2875747680664
2024-06-10,88.05999755859375,83.69625854492188
2024-06-11,87.70999908447266,83.78797912597656
2024-06-12,87.94999694824219,84.01724243164062
2024-06-13,87.2300033569336,83.3294448852539
2024-06-14,87.4800033569336,83.56826782226562
2024-06-17,87.83999633789062,83.91215515136719
2024-06-18,87.43000030517578,83.52050018310547
2024-06-20,87.76000213623047,83.83575439453125
2024-06-21,87.93000030517578,83.99813842773438
2024-06-24,88.27999877929688,84.33248901367188
2024-06-25,89.31999969482422,85.32598114013672
2024-06-26,89.25,85.25911712646484
2024-06-27,89.55000305175781,85.54570007324219
2024-06-28,88.77999877929688,84.81012725830078
2024-07-01,88.79000091552734,84.8196792602539
2024-07-02,89.30999755859375,85.3164291381836
2024-07-03,89.7300033569336,85.71765899658203
2024-07-05,91.6500015258789,87.55180358886719
2024-07-08,90.88999938964844,86.8257827758789
2024-07-09,91.19999694824219,87.12191772460938
2024-07-10,91.9000015258789,87.79061889648438
2024-07-11,90.44000244140625,86.39590454101562
2024-07-12,90.1500015258789,86.1188735961914
2024-07-15,90.05999755859375,86.03289794921875
2024-07-16,89.94000244140625,85.91826629638672
2024-07-17,88.44000244140625,84.48534393310547
2024-07-18,88.16999816894531,84.2274169921875
2024-07-19,88.08000183105469,84.14143371582031
2024-07-22,88.62999725341797,84.66683197021484
2024-07-23,88.05999755859375,84.12232208251953
2024-07-24,85.81999969482422,81.98249053955078
2024-07-25,84.62000274658203,80.83615112304688
2024-07-26,85.5,81.67680358886719
2024-07-29,86.05999755859375,82.21176147460938
2024-07-30,86.05000305175781,82.20220947265625
2024-07-31,87.19000244140625,83.29122924804688
2024-08-01,87.43000030517578,83.52050018310547
2024-08-02,86.16999816894531,82.31684112548828
2024-08-05,83.94999694824219,80.19610595703125
2024-08-06,84.81999969482422,81.02720642089844
2024-08-07,84.61000061035156,80.82659912109375
2024-08-08,86.48999786376953,82.62252807617188
2024-08-09,87.0999984741211,83.20525360107422
2024-08-12,87.01000213623047,83.1192855834961
2024-08-13,88.12000274658203,84.17964935302734
2024-08-14,87.58000183105469,83.66378784179688
2024-08-15,88.22000122070312,84.27517700195312
2024-08-16,88.55999755859375,84.5999755859375
2024-08-19,89.58999633789062,85.58390808105469
2024-08-20,89.54000091552734,85.53614807128906
2024-08-21,89.91999816894531,85.89915466308594
2024-08-22,89.20999908447266,85.22090148925781
2024-08-23,89.94000244140625,85.91826629638672
2024-08-26,89.80000305175781,85.7845230102539
2024-08-27,89.73999786376953,85.72720336914062
2024-08-28,88.95999908447266,84.98208618164062
2024-08-29,88.8499984741211,84.87700653076172
2024-08-30,89.38999938964844,85.39286041259766
2024-09-03,88.06999969482422,84.13188171386719
2024-09-04,87.80000305175781,83.87395477294922
2024-09-05,88.30999755859375,84.36114501953125
2024-09-06,86.41000366210938,82.54610443115234
2024-09-09,86.83000183105469,82.94732666015625
2024-09-10,86.86000061035156,82.97599029541016
2024-09-11,87.54000091552734,83.62557983398438
2024-09-12,88.8499984741211,84.87700653076172
2024-09-13,89.45999908447266,85.45972442626953
2024-09-16,90.47000122070312,86.424560546875
2024-09-17,90.41000366210938,86.36724853515625
2024-09-18,90.33999633789062,86.30036926269531
2024-09-19,91.83999633789062,87.7332992553711
2024-09-20,91.9800033569336,87.86705017089844
2024-09-23,92.13999938964844,88.01988220214844
2024-09-24,92.87000274658203,88.71724700927734
2024-09-25,92.7300033569336,88.58351135253906
2024-09-26,93.70999908447266,89.51968383789062
2024-09-27,93.7699966430664,89.57698822021484
2024-09-30,94.12999725341797,89.9208984375
2024-10-01,94.41000366210938,90.18839263916016
2024-10-02,94.48999786376953,90.26480102539062
2024-10-03,94.23999786376953,90.02598571777344
2024-10-04,95.30000305175781,91.03858184814453
2024-10-07,94.0199966430664,89.8158187866211
2024-10-08,94.30000305175781,90.08329772949219
2024-10-09,93.97000122070312,89.76806640625
2024-10-10,93.51000213623047,89.32862854003906
2024-10-11,93.98999786376953,89.78716278076172
2024-10-14,94.37999725341797,90.15972137451172
2024-10-15,93.83000183105469,89.63432312011719
2024-10-16,93.76000213623047,89.56744384765625
2024-10-17,93.27999877929688,89.1089096069336
2024-10-18,94.20999908447266,89.997314453125
2024-10-21,93.58999633789062,89.4050521850586
2024-10-22,93.79000091552734,89.59609985351562
2024-10-23,92.70999908447266,88.56439971923828
2024-10-24,92.9800033569336,88.82232666015625
2024-10-25,93.26000213623047,89.08980560302734
2024-10-28,93.98999786376953,89.78716278076172
2024-10-29,94.80000305175781,90.56095123291016
2024-10-30,95.30000305175781,91.03858184814453
2024-10-31,94.18000030517578,89.96865844726562
2024-11-01,94.12999725341797,89.9208984375
2024-11-04,93.44000244140625,89.26176452636719
2024-11-05,94.54000091552734,90.31256866455078
2024-11-06,95.70999908447266,91.43024444580078
2024-11-07,97.48999786376953,93.13066101074219
2024-11-08,96.6500015258789,92.3282241821289
2024-11-11,96.79000091552734,92.46196746826172
2024-11-12,96.83000183105469,92.50016021728516
2024-11-13,96.30000305175781,91.9938735961914
2024-11-14,96.13999938964844,91.84101867675781
2024-11-15,94.86000061035156,90.61825561523438
2024-11-18,95.7300033569336,91.44935607910156
2024-11-19,96.30999755859375,92.00341796875
2024-11-20,96.5,92.18492889404297
2024-11-21,95.4000015258789,91.13411712646484
2024-11-22,95.0999984741211,90.84752655029297
2024-11-25,95.72000122070312,91.43980407714844
2024-11-26,96.2699966430664,91.96520233154297
2024-11-27,96.62000274658203,92.29956817626953
2024-11-29,97.18000030517578,92.83452606201172
2024-12-02,98.16000366210938,93.77069854736328
2024-12-03,99.11000061035156,94.67821502685547
2024-12-04,99.31999969482422,94.87882232666016
2024-12-05,99.13999938964844,94.7068862915039
2024-12-06,100.27999877929688,95.7958984375
2024-12-09,99.12999725341797,94.69732666015625
2024-12-10,100.37000274658203,95.88187408447266
2024-12-11,102.47000122070312,97.88797760009766
2024-12-12,101.94000244140625,97.38167572021484
2024-12-13,100.73999786376953,96.23533630371094
2024-12-16,101.29000091552734,96.76073455810547
2024-12-17,100.25,96.5834732055664
2024-12-18,97.41999816894531,93.85697174072266
2024-12-19,97.27999877929688,93.72209167480469
2024-12-20,97.6500015258789,94.07855224609375
2024-12-23,98.3499984741211,94.7529525756836
2024-12-24,99.08999633789062,95.46588897705078
2024-12-26,98.81999969482422,95.20576477050781
2024-12-27,97.9800033569336,94.39649200439453
2024-12-30,97.29000091552734,93.73172760009766
2024-12-31,96.66999816894531,93.13439178466797
2025-01-02,97.04000091552734,93.49087524414062
2025-01-03,97.70999908447266,94.13636016845703
2025-01-06,98.7300033569336,95.11906433105469
2025-01-07,97.66999816894531,94.09782409667969
2025-01-08,97.08999633789062,93.53903198242188
2025-01-10,96.26000213623047,92.73939514160156
2025-01-13,95.97000122070312,92.46000671386719
2025-01-14,95.4800033569336,91.98793029785156
2025-01-15,97.6500015258789,94.07855224609375
2025-01-16,97.06999969482422,93.519775390625
2025-01-17,97.80999755859375,94.23270416259766
2025-01-21,98.62999725341797,95.02271270751953
2025-01-22,99.51000213623047,95.87052917480469
2025-01-23,100.01000213623047,96.35224151611328
2025-01-24,101.12000274658203,97.42164611816406
2025-01-27,101.22000122070312,97.51799011230469
2025-01-28,102.55999755859375,98.8089828491211
2025-01-29,102.86000061035156,99.09800720214844
2025-01-30,103.66999816894531,99.87837982177734
2025-01-31,103.87000274658203,100.07107543945312
2025-02-03,104.0999984741211,100.29265594482422
2025-02-04,105.33999633789062,101.4873046875
2025-02-05,104.08000183105469,100.27338409423828
2025-02-06,104.58000183105469,100.7551040649414
2025-02-07,103.77999877929688,99.98435974121094
2025-02-10,104.44999694824219,100.62985229492188
2025-02-11,104.58000183105469,100.7551040649414
2025-02-12,104.9800033569336,101.1404800415039
2025-02-13,105.98999786376953,102.113525390625
2025-02-14,106.93000030517578,103.01915740966797
2025-02-18,106.27999877929688,102.3929214477539
2025-02-19,106.05000305175781,102.17134094238281
2025-02-20,105.79000091552734,101.92084503173828
2025-02-21,104.75,100.91888427734375
2025-02-24,103.80999755859375,100.01325988769531
2025-02-25,103.16999816894531,99.39666748046875
2025-02-26,103.08000183105469,99.3099594116211
2025-02-27,101.9000015258789,98.1731185913086
2025-02-28,102.62999725341797,98.87641906738281
2025-03-03,101.91999816894531,98.19239044189453
2025-03-04,101.30999755859375,97.60469055175781
2025-03-05,102.7699966430664,99.01129913330078
2025-03-06,101.58000183105469,97.86483001708984
2025-03-07,102.0999984741211,98.36579895019531
2025-03-10,99.41999816894531,95.78382110595703
2025-03-11,98.75,95.1383285522461
2025-03-12,99.48999786376953,95.85126495361328
2025-03-13,97.70999908447266,94.13636016845703
2025-03-14,99.38999938964844,95.75492095947266
2025-03-17,99.83000183105469,96.1788330078125
2025-03-18,98.41999816894531,94.82039642333984
2025-03-19,99.08000183105469,95.45626068115234
2025-03-20,98.51000213623047,94.90711212158203
2025-03-21,99.11000061035156,95.48516082763672
2025-03-24,100.41999816894531,96.74723815917969
2025-03-25,101.44000244140625,97.72994995117188
2025-03-26,100.12000274658203,96.4582290649414
2025-03-27,99.72000122070312,96.0728530883789
2025-03-28,97.05000305175781,93.5005111694336
2025-03-31,97.0199966430664,93.47159576416016
2025-04-01,97.70999908447266,94.13636016845703
2025-04-02,97.51000213623047,93.94367980957031
2025-04-03,94.27999877929688,90.8318099975586
2025-04-04,89.5199966430664,86.24590301513672
2025-04-07,89.12999725341797,85.87017059326172
2025-04-08,88.16999816894531,84.94528198242188
2025-04-09,95.66000366210938,92.16134643554688
2025-04-10,92.83999633789062,89.44447326660156
2025-04-11,94.08000183105469,90.63912963867188
2025-04-14,94.68000030517578,91.2171859741211
2025-04-15,94.54000091552734,91.08230590820312
2025-04-16,92.68000030517578,89.29032897949219
2025-04-17,92.87000274658203,89.473388671875
2025-04-21,91.41999816894531,88.07640838623047
2025-04-22,93.68000030517578,90.2537612915039
2025-04-23,95.2300033569336,91.7470703125
2025-04-24,96.87999725341797,93.33671569824219
2025-04-25,97.30000305175781,93.74136352539062
2025-04-28,97.63999938964844,94.06891632080078
2025-04-29,98.0199966430664,94.43502807617188
2025-04-30,97.83999633789062,94.26160430908203
2025-05-01,98.80999755859375,95.19612884521484
2025-05-02,100.87000274658203,97.18079376220703
2025-05-05,101.0199966430664,97.32530212402344
2025-05-06,101.05000305175781,97.35421752929688
2025-05-07,99.88999938964844,96.23662567138672
2025-05-08,99.93000030517578,96.27517700195312
2025-05-09,99.69999694824219,96.05358123779297
2025-05-12,102.04000091552734,98.30799865722656
2025-05-13,102.83000183105469,99.06910705566406
2025-05-14,103.7699966430664,99.97472381591797
2025-05-15,103.7699966430664,99.97472381591797
2025-05-16,104.30999755859375,100.4949722290039
2025-05-19,104.61000061035156,100.78400421142578
2025-05-20,104.30999755859375,100.4949722290039
2025-05-21,104.43000030517578,100.61058807373047
2025-05-22,104.52999877929688,100.7069320678711
2025-05-23,104.06999969482422,100.26375579833984
2025-05-27,105.69999694824219,101.8341293334961
2025-05-28,105.38999938964844,101.53548431396484
2025-05-29,105.20999908447266,101.362060546875
2025-05-30,105.2699966430664,101.41986846923828
2025-06-02,106.37999725341797,102.48926544189453
2025-06-03,105.80000305175781,101.93048858642578
2025-06-04,106.79000091552734,102.88427734375
2025-06-05,106.83000183105469,102.92280578613281
2025-06-06,108.38999938964844,104.42575073242188
2025-06-09,108.58000183105469,104.60881042480469
2025-06-10,109.33999633789062,105.34101104736328
2025-06-11,108.79000091552734,104.81112670898438
2025-06-12,108.44999694824219,104.48355865478516
2025-06-13,107.5,103.56830596923828
2025-06-16,108.54000091552734,105.05695343017578
2025-06-17,107.70999908447266,104.25357818603516
2025-06-18,107.45999908447266,104.01160430908203
2025-06-20,106.22000122070312,102.8114013671875
2025-06-23,107.33000183105469,103.88578033447266
2025-06-24,108.87000274658203,105.3763656616211
2025-06-25,108.77999877929688,105.28924560546875
2025-06-26,110.41999816894531,106.87661743164062
2025-06-27,111.6500015258789,108.06715393066406
2025-06-30,112.31999969482422,108.71565246582031
2025-07-01,111.55999755859375,107.98003387451172
2025-07-02,111.3499984741211,107.77677917480469
2025-07-03,111.63999938964844,108.05746459960938
2025-07-07,110.86000061035156,107.30249786376953
2025-07-08,110.55999755859375,107.01212310791016
2025-07-09,111.04000091552734,107.47673034667969
2025-07-10,110.5999984741211,107.05084228515625
2025-07-11,110.0,106.4700927734375
2025-07-14,110.44000244140625,106.89598083496094
2025-07-15,110.06999969482422,106.53785705566406
2025-07-16,109.97000122070312,106.4410629272461
2025-07-17,110.3499984741211,106.80886840820312
2025-07-18,110.30999755859375,106.77014923095703
2025-07-21,112.0999984741211,108.5027084350586
2025-07-22,112.23999786376953,108.63821411132812
2025-07-23,113.13999938964844,109.50933074951172
2025-07-24,113.68000030517578,110.0320053100586
2025-07-25,113.19000244140625,109.55773162841797
2025-07-28,112.29000091552734,108.68661499023438
2025-07-29,111.9000015258789,108.30912780761719
2025-07-30,111.77999877929688,108.19297790527344
2025-07-31,113.52999877929688,109.8868179321289
2025-08-01,112.2300033569336,108.6285400390625
2025-08-04,114.94999694824219,111.26124572753906
2025-08-05,114.30000305175781,110.63211822509766
2025-08-06,115.05999755859375,111.36772155761719
2025-08-07,114.66999816894531,110.990234375
2025-08-08,115.76000213623047,112.04525756835938
2025-08-11,115.61000061035156,111.90007019042969
2025-08-12,117.55999755859375,113.78749084472656
2025-08-13,117.95999908447266,114.1746597290039
2025-08-14,118.05999755859375,114.27144622802734
2025-08-15,118.91999816894531,115.10385131835938
2025-08-18,118.48999786376953,114.68765258789062
2025-08-19,117.37000274658203,113.60359191894531
2025-08-20,116.76000213623047,113.01316833496094
2025-08-21,116.66999816894531,112.92605590820312
2025-08-22,118.51000213623047,114.70701599121094
2025-08-25,118.6500015258789,114.84252166748047
2025-08-26,118.22000122070312,114.42632293701172
2025-08-27,118.08999633789062,114.30048370361328
2025-08-28,118.91000366210938,115.09417724609375
2025-08-29,118.63999938964844,114.83283996582031
2025-09-02,118.01000213623047,114.22306060791016
2025-09-03,120.36000061035156,116.49765014648438
2025-09-04,121.6500015258789,117.74624633789062
2025-09-05,122.41000366210938,118.48186492919922
2025-09-08,122.30999755859375,118.38507080078125
2025-09-09,123.70999908447266,119.74014282226562
2025-09-10,122.9800033569336,119.0335693359375
2025-09-11,124.05000305175781,120.0692367553711
2025-09-12,124.36000061035156,120.3692855834961
2025-09-15,126.2300033569336,122.17928314208984
2025-09-16,126.5,122.44061279296875
2025-09-17,126.55999755859375,122.49868774414062
2025-09-18,126.30999755859375,122.25670623779297
2025-09-19,126.33999633789062,122.2857437133789
2025-09-22,125.20999908447266,121.19200897216797
2025-09-23,124.72000122070312,120.71773529052734
2025-09-24,124.2300033569336,120.24346160888672
2025-09-25,123.66000366210938,119.6917495727539
2025-09-26,123.9000015258789,119.92404174804688
2025-09-29,123.98999786376953,120.01115417480469
2025-09-30,123.58999633789062,119.62399291992188
2025-10-01,122.91999816894531,118.97549438476562
2025-10-02,123.05999755859375,119.11100006103516
2025-10-03,122.72000122070312,118.78191375732422
2025-10-06,123.19000244140625,119.23683166503906
2025-10-07,122.13999938964844,118.22052764892578
2025-10-08,122.19000244140625,118.2689208984375
2025-10-09,122.19999694824219,118.27860260009766
2025-10-10,119.4000015258789,115.56845092773438
2025-10-13,120.94000244140625,117.05903625488281
2025-10-14,121.01000213623047,117.12678527832031
2025-10-15,122.20999908447266,118.28827667236328
2025-10-16,121.94999694824219,118.03662109375
2025-10-17,122.97000122070312,119.02389526367188
2025-10-20,124.66000366210938,120.65966033935547
2025-10-21,124.02999877929688,120.04987335205078
2025-10-22,122.8499984741211,118.9077377319336
2025-10-23,122.69000244140625,118.75287628173828
2025-10-24,123.7699966430664,119.7982177734375
2025-10-27,126.19000244140625,122.14056396484375
2025-10-28,126.1500015258789,122.10185241699219
2025-10-29,126.3499984741211,122.29542541503906
2025-10-30,123.06999969482422,119.12068176269531
2025-10-31,122.73999786376953,118.80126953125
2025-11-03,122.04000091552734,118.12373352050781
2025-11-04,120.3499984741211,116.48796081542969
2025-11-05,121.44999694824219,117.55266571044922
2025-11-06,120.72000122070312,116.8460922241211
2025-11-07,120.12999725341797,116.2750244140625
2025-11-10,122.08000183105469,118.1624526977539
2025-11-11,123.29000091552734,119.3336181640625
2025-11-12,121.94999694824219,118.03662109375
2025-11-13,119.8499984741211,116.00401306152344
2025-11-14,119.13999938964844,115.3167953491211
2025-11-17,119.62000274658203,115.7813949584961
2025-11-18,119.37000274658203,115.53941345214844
2025-11-19,119.4800033569336,115.64588165283203
2025-11-20,118.12000274658203,114.32952880859375
2025-11-21,120.11000061035156,116.25566864013672
2025-11-24,123.01000213623047,119.06260681152344
2025-11-25,124.19000244140625,120.20474243164062
2025-11-26,124.0199966430664,120.04019165039062
2025-11-28,124.62000274658203,120.6209487915039
2025-12-01,123.94000244140625,119.9627685546875
2025-12-02,123.87999725341797,119.9046859741211
2025-12-03,124.12000274658203,120.1369857788086
2025-12-04,124.93000030517578,120.92098999023438
2025-12-05,126.05000305175781,122.00505828857422
2025-12-08,124.19999694824219,120.21441650390625
2025-12-09,124.0999984741211,120.11762237548828
2025-12-10,124.05999755859375,120.07891082763672
2025-12-11,123.66999816894531,119.70143127441406
2025-12-12,122.66000366210938,118.72383880615234
2025-12-15,122.43000030517578,118.501220703125
2025-12-16,119.72000122070312,118.90445709228516
2025-12-17,118.16999816894531,117.3650131225586
2025-12-18,119.56999969482422,118.75547790527344
2025-12-19,119.75,118.93424987792969
2025-12-22,120.25,119.43084716796875
2025-12-23,120.86000061035156,120.03668975830078
2025-12-24,121.30999755859375,120.4836196899414
2025-12-26,121.2699966430664,120.44389343261719
2025-12-29,121.12000274658203,120.294921875
2025-12-30,121.7699966430664,120.94049072265625
2025-12-31,121.22000122070312,120.39424133300781
2026-01-02,120.87000274658203,120.04662322998047
