date,close,adj_close
2014-12-01,57.79999923706055,42.36048889160156
2014-12-02,57.869998931884766,42.41178894042969
2014-12-03,58.61000061035156,42.95411682128906
2014-12-04,58.38999938964844,42.792877197265625
2014-12-05,58.20000076293945,42.65363311767578
2014-12-08,57.52000045776367,42.155277252197266
2014-12-09,57.41999816894531,42.08198165893555
2014-12-10,56.380001068115234,41.319786071777344
2014-12-11,56.130001068115234,41.136573791503906
2014-12-12,54.66999816894531,40.06657409667969
2014-12-15,53.88999938964844,39.49491500854492
2014-12-16,54.09000015258789,39.64150619506836
2014-12-17,55.27000045776367,40.50629425048828
2014-12-18,56.349998474121094,41.29780960083008
2014-12-19,56.20000076293945,41.575965881347656
2014-12-22,56.06999969482422,41.47978591918945
2014-12-23,56.20000076293945,41.575965881347656
2014-12-24,56.43000030517578,41.746116638183594
2014-12-26,56.47999954223633,41.783103942871094
2014-12-29,56.43000030517578,41.746116638183594
2014-12-30,56.36000061035156,41.69434356689453
2014-12-31,55.90999984741211,41.36143112182617
2015-01-02,55.77000045776367,41.25786209106445
2015-01-05,54.29999923706055,40.170379638671875
2015-01-06,54.16999816894531,40.07419967651367
2015-01-07,54.61000061035156,40.399723052978516
2015-01-08,55.650001525878906,41.16908645629883
2015-01-09,55.599998474121094,41.13208770751953
2015-01-12,55.29999923706055,40.91015625
2015-01-13,54.81999969482422,40.5550651550293
2015-01-14,53.970001220703125,39.92625045776367
2015-01-15,54.209999084472656,40.10379409790039
2015-01-16,55.15999984741211,40.80659866333008
2015-01-20,55.40999984741211,40.991539001464844
2015-01-21,55.97999954223633,41.4132194519043
2015-01-22,56.439998626708984,41.75352478027344
2015-01-23,55.54999923706055,41.09510803222656
2015-01-26,56.040000915527344,41.45760726928711
2015-01-27,56.02000045776367,41.44279479980469
2015-01-28,55.22999954223633,40.85837173461914
2015-01-29,55.689998626708984,41.198673248291016
2015-01-30,55.33000183105469,40.9323616027832
2015-02-02,56.40999984741211,41.731327056884766
2015-02-03,57.56999969482422,42.589473724365234
2015-02-04,57.11000061035156,42.24917221069336
2015-02-05,58.25,43.092533111572266
2015-02-06,57.4900016784668,42.53028869628906
2015-02-09,57.61000061035156,42.61907196044922
2015-02-10,57.72999954223633,42.70783996582031
2015-02-11,57.5099983215332,42.54509735107422
2015-02-12,58.689998626708984,43.41804122924805
2015-02-13,59.439998626708984,43.972869873046875
2015-02-17,59.52000045776367,44.03205871582031
2015-02-18,59.869998931884766,44.290985107421875
2015-02-19,59.650001525878906,44.12823486328125
2015-02-20,60.130001068115234,44.48332595825195
2015-02-23,59.77000045776367,44.21700668334961
2015-02-24,60.43000030517578,44.70526123046875
2015-02-25,60.47999954223633,44.74224853515625
2015-02-26,60.18000030517578,44.52031707763672
2015-02-27,60.189998626708984,44.52770233154297
2015-03-02,60.16999816894531,44.51292037963867
2015-03-03,59.630001068115234,44.113426208496094
2015-03-04,59.13999938964844,43.750938415527344
2015-03-05,59.119998931884766,43.73613357543945
2015-03-06,58.06999969482422,42.95936584472656
2015-03-09,58.25,43.092533111572266
2015-03-10,56.90999984741211,42.10121536254883
2015-03-11,56.900001525878906,42.09381866455078
2015-03-12,57.4900016784668,42.53028869628906
2015-03-13,56.90999984741211,42.10121536254883
2015-03-16,57.150001525878906,42.27876281738281
2015-03-17,56.77000045776367,41.99764633178711
2015-03-18,57.9900016784668,42.900184631347656
2015-03-19,56.97999954223633,42.15299606323242
2015-03-20,58.099998474121094,42.981563568115234
2015-03-23,58.45000076293945,43.2404899597168
2015-03-24,58.34000015258789,43.15911102294922
2015-03-25,57.86000061035156,42.80402374267578
2015-03-26,57.5,42.53769302368164
2015-03-27,57.29999923706055,42.38974380493164
2015-03-30,57.599998474121094,42.611671447753906
2015-03-31,56.84000015258789,42.04943084716797
2015-04-01,56.970001220703125,42.145591735839844
2015-04-02,57.11000061035156,42.24917221069336
2015-04-06,57.7400016784668,42.715232849121094
2015-04-07,57.79999923706055,42.75962829589844
2015-04-08,57.900001525878906,42.83360290527344
2015-04-09,58.0099983215332,42.91498565673828
2015-04-10,58.02000045776367,42.92238235473633
2015-04-13,57.470001220703125,42.5154914855957
2015-04-14,58.11000061035156,42.98896408081055
2015-04-15,58.79999923706055,43.499412536621094
2015-04-16,58.630001068115234,43.37364959716797
2015-04-17,57.970001220703125,42.88539123535156
2015-04-20,58.34000015258789,43.15911102294922
2015-04-21,58.369998931884766,43.181304931640625
2015-04-22,58.5,43.27747344970703
2015-04-23,58.95000076293945,43.610374450683594
2015-04-24,59.65999984741211,44.1356315612793
2015-04-27,60.11000061035156,44.468536376953125
2015-04-28,60.38999938964844,44.67567443847656
2015-04-29,59.91999816894531,44.327972412109375
2015-04-30,59.33000183105469,43.89149475097656
2015-05-01,60.29999923706055,44.60908889770508
2015-05-04,60.529998779296875,44.77924346923828
2015-05-05,59.810001373291016,44.24658966064453
2015-05-06,59.79999923706055,44.239192962646484
2015-05-07,59.58000183105469,44.07645034790039
2015-05-08,60.709999084472656,44.91239929199219
2015-05-11,60.45000076293945,44.72005844116211
2015-05-12,60.38999938964844,44.67567443847656
2015-05-13,60.540000915527344,44.7866325378418
2015-05-14,61.029998779296875,45.14913558959961
2015-05-15,61.029998779296875,45.14913558959961
2015-05-18,60.810001373291016,44.98637390136719
2015-05-19,60.13999938964844,44.49072265625
2015-05-20,60.060001373291016,44.431541442871094
2015-05-21,60.369998931884766,44.66087341308594
2015-05-22,60.029998779296875,44.40934371948242
2015-05-26,59.060001373291016,43.6917610168457
2015-05-27,59.599998474121094,44.09122848510742
2015-05-28,59.470001220703125,43.99507141113281
2015-05-29,58.970001220703125,43.62517547607422
2015-06-01,58.68000030517578,43.41063690185547
2015-06-02,59.150001525878906,43.758338928222656
2015-06-03,59.369998931884766,43.92109680175781
2015-06-04,58.41999816894531,43.218284606933594
2015-06-05,57.84000015258789,42.789215087890625
2015-06-08,57.83000183105469,42.781822204589844
2015-06-09,57.599998474121094,42.611671447753906
2015-06-10,58.66999816894531,43.403236389160156
2015-06-11,58.689998626708984,43.41804122924805
2015-06-12,58.2599983215332,43.09992218017578
2015-06-15,57.84000015258789,42.789215087890625
2015-06-16,57.81999969482422,42.7744255065918
2015-06-17,58.02000045776367,42.92238235473633
2015-06-18,58.689998626708984,43.41804122924805
2015-06-19,58.310001373291016,43.136924743652344
2015-06-22,58.83000183105469,43.521610260009766
2015-06-23,58.849998474121094,43.53639221191406
2015-06-24,57.43000030517578,43.23003005981445
2015-06-25,57.11000061035156,42.989158630371094
2015-06-26,56.9900016784668,42.89881896972656
2015-06-29,55.599998474121094,41.852508544921875
2015-06-30,55.41999816894531,41.71701431274414
2015-07-01,55.16999816894531,41.52882766723633
2015-07-02,55.369998931884766,41.67937469482422
2015-07-06,54.40999984741211,40.95675277709961
2015-07-07,53.95000076293945,40.61048126220703
2015-07-08,52.66999816894531,39.646976470947266
2015-07-09,53.13999938964844,40.00076675415039
2015-07-10,54.43000030517578,40.9718017578125
2015-07-13,54.7599983215332,41.220211029052734
2015-07-14,55.029998779296875,41.4234504699707
2015-07-15,54.689998626708984,41.16751480102539
2015-07-16,54.7400016784668,41.205162048339844
2015-07-17,54.41999816894531,40.96427536010742
2015-07-20,53.91999816894531,40.58790588378906
2015-07-21,53.7400016784668,40.45241165161133
2015-07-22,53.06999969482422,39.94807434082031
2015-07-23,52.439998626708984,39.47383499145508
2015-07-24,51.41999816894531,38.706050872802734
2015-07-27,50.86000061035156,38.284507751464844
2015-07-28,51.68000030517578,38.901763916015625
2015-07-29,51.84000015258789,39.022193908691406
2015-07-30,51.90999984741211,39.07489013671875
2015-07-31,52.06999969482422,39.19532775878906
2015-08-03,51.529998779296875,38.78885269165039
2015-08-04,51.779998779296875,38.97703170776367
2015-08-05,52.220001220703125,39.30824661254883
2015-08-06,52.06999969482422,39.19532775878906
2015-08-07,51.81999969482422,39.00714111328125
2015-08-10,52.97999954223633,39.88032913208008
2015-08-11,51.72999954223633,38.93939971923828
2015-08-12,51.560001373291016,38.81143569946289
2015-08-13,51.27000045776367,38.593135833740234
2015-08-14,51.290000915527344,38.60818862915039
2015-08-17,51.36000061035156,38.660888671875
2015-08-18,50.959999084472656,38.359779357910156
2015-08-19,50.209999084472656,37.795223236083984
2015-08-20,49.310001373291016,37.117767333984375
2015-08-21,48.15999984741211,36.252105712890625
2015-08-24,46.2400016784668,34.80684280395508
2015-08-25,46.02000045776367,34.641239166259766
2015-08-26,46.779998779296875,35.213321685791016
2015-08-27,48.279998779296875,36.34243392944336
2015-08-28,48.63999938964844,36.6134147644043
2015-08-31,48.41999816894531,36.447811126708984
2015-09-01,46.65999984741211,35.12300109863281
2015-09-02,47.20000076293945,35.529476165771484
2015-09-03,47.380001068115234,35.66496658325195
2015-09-04,46.47999954223633,34.98749542236328
2015-09-08,47.880001068115234,36.04133605957031
2015-09-09,47.63999938964844,35.86067581176758
2015-09-10,47.790000915527344,35.973594665527344
2015-09-11,47.650001525878906,35.86821365356445
2015-09-14,47.33000183105469,35.6273307800293
2015-09-15,47.56999969482422,35.80799102783203
2015-09-16,48.38999938964844,36.425235748291016
2015-09-17,48.310001373291016,36.365013122558594
2015-09-18,47.04999923706055,35.416561126708984
2015-09-21,46.81999969482422,35.243431091308594
2015-09-22,45.4900016784668,34.242279052734375
2015-09-23,44.91999816894531,33.813209533691406
2015-09-24,44.91999816894531,33.813209533691406
2015-09-25,44.86000061035156,33.76804733276367
2015-09-28,43.29999923706055,32.593780517578125
2015-09-29,43.5099983215332,32.75185012817383
2015-09-30,44.439998626708984,33.451900482177734
2015-10-01,44.689998626708984,33.64009094238281
2015-10-02,45.880001068115234,34.535850524902344
2015-10-05,47.029998779296875,35.40150451660156
2015-10-06,47.5,35.75529861450195
2015-10-07,48.720001220703125,36.67364501953125
2015-10-08,49.2599983215332,37.08012008666992
2015-10-09,49.88999938964844,37.55434799194336
2015-10-12,49.33000183105469,37.132816314697266
2015-10-13,48.79999923706055,36.733856201171875
2015-10-14,49.18000030517578,37.019901275634766
2015-10-15,49.619998931884766,37.351112365722656
2015-10-16,49.27000045776367,37.087646484375
2015-10-19,48.61000061035156,36.59083557128906
2015-10-20,48.560001373291016,36.55320358276367
2015-10-21,48.560001373291016,36.55320358276367
2015-10-22,49.560001373291016,37.305938720703125
2015-10-23,50.060001373291016,37.682315826416016
2015-10-26,49.709999084472656,37.41884994506836
2015-10-27,48.97999954223633,36.869354248046875
2015-10-28,49.34000015258789,37.14033889770508
2015-10-29,48.93000030517578,36.83171463012695
2015-10-30,48.95000076293945,36.846771240234375
2015-11-02,49.380001068115234,37.17045974731445
2015-11-03,49.81999969482422,37.50166702270508
2015-11-04,49.45000076293945,37.22314453125
2015-11-05,49.040000915527344,36.91452407836914
2015-11-06,48.65999984741211,36.628475189208984
2015-11-09,48.209999084472656,36.289737701416016
2015-11-10,47.81999969482422,35.996177673339844
2015-11-11,47.880001068115234,36.04133605957031
2015-11-12,46.959999084472656,35.34880828857422
2015-11-13,47.029998779296875,35.40150451660156
2015-11-16,47.599998474121094,35.830570220947266
2015-11-17,47.529998779296875,35.77787780761719
2015-11-18,48.04999923706055,36.169307708740234
2015-11-19,48.38999938964844,36.425235748291016
2015-11-20,48.15999984741211,36.252105712890625
2015-11-23,47.90999984741211,36.06391906738281
2015-11-24,48.189998626708984,36.274688720703125
2015-11-25,48.029998779296875,36.15425109863281
2015-11-27,47.779998779296875,35.966064453125
2015-11-30,47.7599983215332,35.95100021362305
2015-12-01,48.060001373291016,36.17683410644531
2015-12-02,47.27000045776367,35.58216094970703
2015-12-03,46.93000030517578,35.326229095458984
2015-12-04,47.540000915527344,35.785400390625
2015-12-07,46.720001220703125,35.168155670166016
2015-12-08,45.650001525878906,34.36271667480469
2015-12-09,46.27000045776367,34.82941818237305
2015-12-10,46.220001220703125,34.79179763793945
2015-12-11,45.119998931884766,33.96376419067383
2015-12-14,44.70000076293945,33.64761734008789
2015-12-15,44.90999984741211,33.805694580078125
2015-12-16,45.72999954223633,34.42293930053711
2015-12-17,44.7599983215332,33.692779541015625
2015-12-18,44.400001525878906,33.42179489135742
2015-12-21,44.13999938964844,33.701229095458984
2015-12-22,44.689998626708984,34.12116622924805
2015-12-23,45.880001068115234,35.02973937988281
2015-12-24,45.939998626708984,35.0755500793457
2015-12-28,45.459999084472656,34.709068298339844
2015-12-29,45.900001525878906,35.045013427734375
2015-12-30,45.38999938964844,34.65562438964844
2015-12-31,45.0099983215332,34.3654899597168
2016-01-04,44.25,33.78522872924805
2016-01-05,44.130001068115234,33.693599700927734
2016-01-06,42.970001220703125,32.80793762207031
2016-01-07,41.91999816894531,32.006256103515625
2016-01-08,41.66999816894531,31.81536865234375
2016-01-11,41.0,31.303821563720703
2016-01-12,40.9900016784668,31.296186447143555
2016-01-13,40.29999923706055,30.769359588623047
2016-01-14,40.91999816894531,31.242738723754883
2016-01-15,39.79999923706055,30.38760757446289
2016-01-19,39.5099983215332,30.166194915771484
2016-01-20,39.0099983215332,29.78443717956543
2016-01-21,39.45000076293945,30.120380401611328
2016-01-22,40.2599983215332,30.73883056640625
2016-01-25,39.33000183105469,30.028764724731445
2016-01-26,40.22999954223633,30.715917587280273
2016-01-27,39.86000061035156,30.433429718017578
2016-01-28,40.08000183105469,30.601390838623047
2016-01-29,40.83000183105469,31.174022674560547
2016-02-01,40.810001373291016,31.158756256103516
2016-02-02,39.91999816894531,30.479230880737305
2016-02-03,41.20000076293945,31.456525802612305
2016-02-04,42.29999923706055,32.29638671875
2016-02-05,41.91999816894531,32.006256103515625
2016-02-08,41.279998779296875,31.517601013183594
2016-02-09,40.959999084472656,31.273283004760742
2016-02-10,40.88999938964844,31.219829559326172
2016-02-11,40.290000915527344,30.761730194091797
2016-02-12,41.220001220703125,31.471790313720703
2016-02-16,41.7599983215332,31.88408851623535
2016-02-17,42.939998626708984,32.7850227355957
2016-02-18,43.08000183105469,32.89191436767578
2016-02-19,42.72999954223633,32.624691009521484
2016-02-22,43.66999816894531,33.34238815307617
2016-02-23,42.849998474121094,32.716304779052734
2016-02-24,42.65999984741211,32.571250915527344
2016-02-25,42.970001220703125,32.80793762207031
2016-02-26,43.25,33.0217170715332
2016-02-29,43.150001525878906,32.94536590576172
2016-03-01,44.279998779296875,33.80812072753906
2016-03-02,44.720001220703125,34.14406967163086
2016-03-03,45.40999984741211,34.6708869934082
2016-03-04,46.31999969482422,35.36567687988281
2016-03-07,46.959999084472656,35.85432434082031
2016-03-08,45.689998626708984,34.884674072265625
2016-03-09,45.88999938964844,35.037376403808594
2016-03-10,45.810001373291016,34.976287841796875
2016-03-11,46.849998474121094,35.77033996582031
2016-03-14,46.790000915527344,35.724525451660156
2016-03-15,46.08000183105469,35.182437896728516
2016-03-16,46.9900016784668,35.87723159790039
2016-03-17,47.970001220703125,36.62547302246094
2016-03-18,47.939998626708984,36.602561950683594
2016-03-21,47.79999923706055,36.49567413330078
2016-03-22,47.720001220703125,36.43459701538086
2016-03-23,46.84000015258789,35.7627067565918
2016-03-24,46.7400016784668,35.68635940551758
2016-03-28,46.97999954223633,35.869590759277344
2016-03-29,47.439998626708984,36.2208137512207
2016-03-30,47.9900016784668,36.64075469970703
2016-03-31,47.529998779296875,36.289527893066406
2016-04-01,47.470001220703125,36.243717193603516
2016-04-04,46.95000076293945,35.84669876098633
2016-04-05,46.369998931884766,35.40386199951172
2016-04-06,46.72999954223633,35.67871856689453
2016-04-07,45.97999954223633,35.1060791015625
2016-04-08,47.0,35.88486862182617
2016-04-11,47.59000015258789,36.335330963134766
2016-04-12,48.529998779296875,37.05303192138672
2016-04-13,49.540000915527344,37.82418441772461
2016-04-14,49.59000015258789,37.862369537353516
2016-04-15,49.58000183105469,37.85471725463867
2016-04-18,50.130001068115234,38.27463912963867
2016-04-19,51.560001373291016,39.36647033691406
2016-04-20,51.709999084472656,39.480987548828125
2016-04-21,51.25,39.129783630371094
2016-04-22,51.16999816894531,39.068702697753906
2016-04-25,50.66999816894531,38.68694305419922
2016-04-26,50.95000076293945,38.900726318359375
2016-04-27,51.36000061035156,39.21376419067383
2016-04-28,51.150001525878906,39.053428649902344
2016-04-29,51.470001220703125,39.29774475097656
2016-05-02,51.7400016784668,39.50389099121094
2016-05-03,50.380001068115234,38.46553039550781
2016-05-04,49.36000061035156,37.68675231933594
2016-05-05,49.290000915527344,37.63330841064453
2016-05-06,49.65999984741211,37.91579055786133
2016-05-09,48.400001525878906,36.95377731323242
2016-05-10,49.29999923706055,37.640926361083984
2016-05-11,49.2400016784668,37.59512710571289
2016-05-12,49.029998779296875,37.43478012084961
2016-05-13,48.58000183105469,37.09121322631836
2016-05-16,49.400001525878906,37.717288970947266
2016-05-17,49.380001068115234,37.702022552490234
2016-05-18,48.59000015258789,37.09884262084961
2016-05-19,48.38999938964844,36.946144104003906
2016-05-20,48.70000076293945,37.18282699584961
2016-05-23,48.7599983215332,37.228641510009766
2016-05-24,49.02000045776367,37.427162170410156
2016-05-25,49.59000015258789,37.862369537353516
2016-05-26,49.630001068115234,37.89290237426758
2016-05-27,49.290000915527344,37.63330841064453
2016-05-31,49.18000030517578,37.549312591552734
2016-06-01,49.11000061035156,37.49586868286133
2016-06-02,49.11000061035156,37.49586868286133
2016-06-03,49.9900016784668,38.16775894165039
2016-06-06,50.709999084472656,38.71747970581055
2016-06-07,50.959999084472656,38.90835189819336
2016-06-08,51.349998474121094,39.20613479614258
2016-06-09,50.61000061035156,38.641136169433594
2016-06-10,49.52000045776367,37.80891036987305
2016-06-13,48.91999816894531,37.35080337524414
2016-06-14,48.31999969482422,36.8926887512207
2016-06-15,48.790000915527344,37.25154495239258
2016-06-16,48.72999954223633,37.20573425292969
2016-06-17,49.34000015258789,37.67147445678711
2016-06-20,50.09000015258789,38.24410629272461
2016-06-21,49.459999084472656,38.116947174072266
2016-06-22,49.47999954223633,38.13235855102539
2016-06-23,50.84000015258789,39.18046188354492
2016-06-24,47.84000015258789,36.86847686767578
2016-06-27,46.349998474121094,35.72018051147461
2016-06-28,47.25,36.413795471191406
2016-06-29,48.18000030517578,37.13050079345703
2016-06-30,49.04999923706055,37.80097198486328
2016-07-01,49.400001525878906,38.070709228515625
2016-07-05,48.59000015258789,37.446468353271484
2016-07-06,48.560001373291016,37.423362731933594
2016-07-07,48.380001068115234,37.28463363647461
2016-07-08,49.41999816894531,38.086124420166016
2016-07-11,50.27000045776367,38.741188049316406
2016-07-12,50.9900016784668,39.29605484008789
2016-07-13,51.209999084472656,39.46560287475586
2016-07-14,51.70000076293945,39.843231201171875
2016-07-15,51.68000030517578,39.827823638916016
2016-07-18,51.90999984741211,40.00506591796875
2016-07-19,51.150001525878906,39.419368743896484
2016-07-20,50.900001525878906,39.22670364379883
2016-07-21,50.97999954223633,39.28835678100586
2016-07-22,50.97999954223633,39.28835678100586
2016-07-25,50.65999984741211,39.0417366027832
2016-07-26,51.31999969482422,39.550384521484375
2016-07-27,51.84000015258789,39.95112228393555
2016-07-28,51.83000183105469,39.943424224853516
2016-07-29,52.060001373291016,40.12067413330078
2016-08-01,51.59000015258789,39.758460998535156
2016-08-02,51.59000015258789,39.758460998535156
2016-08-03,51.63999938964844,39.79698944091797
2016-08-04,51.90999984741211,40.00506591796875
2016-08-05,52.189998626708984,40.22086715698242
2016-08-08,52.65999984741211,40.583065032958984
2016-08-09,52.900001525878906,40.76802444458008
2016-08-10,53.11000061035156,40.92985916137695
2016-08-11,53.43000030517578,41.176475524902344
2016-08-12,52.91999816894531,40.783443450927734
2016-08-15,53.119998931884766,40.93756103515625
2016-08-16,53.459999084472656,41.19960403442383
2016-08-17,53.38999938964844,41.14564895629883
2016-08-18,53.79999923706055,41.46162033081055
2016-08-19,53.540000915527344,41.26124954223633
2016-08-22,53.47999954223633,41.21501541137695
2016-08-23,53.70000076293945,41.38456344604492
2016-08-24,52.95000076293945,40.80656433105469
2016-08-25,53.060001373291016,40.891334533691406
2016-08-26,52.650001525878906,40.57536697387695
2016-08-29,53.20000076293945,40.99922180175781
2016-08-30,52.83000183105469,40.71408462524414
2016-08-31,52.40999984741211,40.39039993286133
2016-09-01,52.86000061035156,40.7371940612793
2016-09-02,53.349998474121094,41.11482238769531
2016-09-06,53.84000015258789,41.49245071411133
2016-09-07,53.790000915527344,41.45391845703125
2016-09-08,53.31999969482422,41.091705322265625
2016-09-09,51.869998931884766,39.9742431640625
2016-09-12,52.22999954223633,40.251678466796875
2016-09-13,51.04999923706055,39.34230041503906
2016-09-14,51.08000183105469,39.36541748046875
2016-09-15,51.619998931884766,39.781578063964844
2016-09-16,51.0,39.30377197265625
2016-09-19,51.43000030517578,39.63515090942383
2016-09-20,51.43000030517578,39.63515090942383
2016-09-21,52.630001068115234,40.55995178222656
2016-09-22,53.189998626708984,40.991512298583984
2016-09-23,52.84000015258789,40.72178649902344
2016-09-26,52.5099983215332,40.467464447021484
2016-09-27,52.650001525878906,40.57536697387695
2016-09-28,53.45000076293945,41.19189453125
2016-09-29,53.18000030517578,40.98381042480469
2016-09-30,53.4900016784668,41.222713470458984
2016-10-03,53.349998474121094,41.11482238769531
2016-10-04,52.7599983215332,40.66012954711914
2016-10-05,53.150001525878906,40.960693359375
2016-10-06,53.11000061035156,40.92985916137695
2016-10-07,52.689998626708984,40.60618591308594
2016-10-10,53.040000915527344,40.87592315673828
2016-10-11,52.279998779296875,40.290218353271484
2016-10-12,52.34000015258789,40.336463928222656
2016-10-13,51.91999816894531,40.01277542114258
2016-10-14,51.900001525878906,39.997371673583984
2016-10-17,51.959999084472656,40.04359817504883
2016-10-18,52.79999923706055,40.69095230102539
2016-10-19,53.16999816894531,40.97610855102539
2016-10-20,53.119998931884766,40.93756103515625
2016-10-21,53.22999954223633,41.02234649658203
2016-10-24,53.119998931884766,40.93756103515625
2016-10-25,53.380001068115234,41.1379508972168
2016-10-26,53.060001373291016,40.891334533691406
2016-10-27,52.869998931884766,40.744911193847656
2016-10-28,53.11000061035156,40.92985916137695
2016-10-31,53.40999984741211,41.16106033325195
2016-11-01,53.22999954223633,41.02234649658203
2016-11-02,52.900001525878906,40.76802444458008
2016-11-03,52.849998474121094,40.729496002197266
2016-11-04,52.779998779296875,40.675537109375
2016-11-07,53.58000183105469,41.292076110839844
2016-11-08,54.060001373291016,41.661991119384766
2016-11-09,54.900001525878906,42.30935287475586
2016-11-10,55.16999816894531,42.517425537109375
2016-11-11,54.2599983215332,41.81612014770508
2016-11-14,54.38999938964844,41.91632080078125
2016-11-15,54.349998474121094,41.8854866027832
2016-11-16,53.81999969482422,41.4770393371582
2016-11-17,53.939998626708984,41.56951141357422
2016-11-18,53.380001068115234,41.1379508972168
2016-11-21,53.97999954223633,41.60033416748047
2016-11-22,54.939998626708984,42.340179443359375
2016-11-23,54.84000015258789,42.26310729980469
2016-11-25,55.11000061035156,42.471195220947266
2016-11-28,54.939998626708984,42.340179443359375
2016-11-29,54.849998474121094,42.27081298828125
2016-11-30,54.900001525878906,42.30935287475586
2016-12-01,55.0099983215332,42.39411163330078
2016-12-02,55.209999084472656,42.54825973510742
2016-12-05,55.9900016784668,43.14937210083008
2016-12-06,56.060001373291016,43.20332717895508
2016-12-07,57.119998931884766,44.02022171020508
2016-12-08,57.380001068115234,44.22060012817383
2016-12-09,57.15999984741211,44.051048278808594
2016-12-12,56.869998931884766,43.82754898071289
2016-12-13,56.61000061035156,43.62718200683594
2016-12-14,55.619998931884766,42.86423110961914
2016-12-15,55.349998474121094,42.65614700317383
2016-12-16,55.150001525878906,42.502017974853516
2016-12-19,54.90999984741211,42.31706619262695
2016-12-20,55.130001068115234,42.48660659790039
2016-12-21,55.209999084472656,42.54825973510742
2016-12-22,54.63999938964844,42.30436706542969
2016-12-23,54.7400016784668,42.38179016113281
2016-12-27,54.900001525878906,42.505672454833984
2016-12-28,54.869998931884766,42.48244094848633
2016-12-29,55.189998626708984,42.730201721191406
2016-12-30,54.83000183105469,42.45147705078125
2017-01-03,55.27000045776367,42.79214096069336
2017-01-04,55.939998626708984,43.310874938964844
2017-01-05,56.36000061035156,43.63606262207031
2017-01-06,55.97999954223633,43.34184646606445
2017-01-09,55.939998626708984,43.310874938964844
2017-01-10,56.52000045776367,43.75993728637695
2017-01-11,57.34000015258789,44.394813537597656
2017-01-12,57.54999923706055,44.55740737915039
2017-01-13,57.68000030517578,44.658058166503906
2017-01-17,57.599998474121094,44.59611892700195
2017-01-18,57.75,44.71226119995117
2017-01-19,57.619998931884766,44.611595153808594
2017-01-20,58.06999969482422,44.96000289916992
2017-01-23,58.61000061035156,45.37810134887695
2017-01-24,59.709999084472656,46.22975540161133
2017-01-25,60.20000076293945,46.6091423034668
2017-01-26,59.849998474121094,46.33815002441406
2017-01-27,59.72999954223633,46.245243072509766
2017-01-30,59.09000015258789,45.74972915649414
2017-01-31,59.16999816894531,45.81167221069336
2017-02-01,59.63999938964844,46.17555618286133
2017-02-02,59.4900016784668,46.05943298339844
2017-02-03,59.08000183105469,45.74198913574219
2017-02-06,58.77000045776367,45.50197219848633
2017-02-07,58.7599983215332,45.49423599243164
2017-02-08,58.70000076293945,45.447784423828125
2017-02-09,58.709999084472656,45.45552444458008
2017-02-10,59.5,46.06716537475586
2017-02-13,60.2400016784668,46.640106201171875
2017-02-14,60.0,46.454288482666016
2017-02-15,60.150001525878906,46.57042694091797
2017-02-16,60.040000915527344,46.48525619506836
2017-02-17,59.70000076293945,46.222015380859375
2017-02-21,60.029998779296875,46.477516174316406
2017-02-22,59.880001068115234,46.36137771606445
2017-02-23,59.45000076293945,46.02846145629883
2017-02-24,58.86000061035156,45.5716552734375
2017-02-27,58.790000915527344,45.51746368408203
2017-02-28,58.650001525878906,45.40907669067383
2017-03-01,59.70000076293945,46.222015380859375
2017-03-02,58.88999938964844,45.59488296508789
2017-03-03,59.130001068115234,45.780696868896484
2017-03-06,58.650001525878906,45.40907669067383
2017-03-07,58.27000045776367,45.11485290527344
2017-03-08,57.91999816894531,44.843868255615234
2017-03-09,57.65999984741211,44.6425666809082
2017-03-10,57.9900016784668,44.898067474365234
2017-03-13,58.36000061035156,45.184539794921875
2017-03-14,57.93000030517578,44.85161209106445
2017-03-15,59.349998474121094,45.95103073120117
2017-03-16,59.4900016784668,46.05943298339844
2017-03-17,59.630001068115234,46.16781997680664
2017-03-20,59.75,46.26072692871094
2017-03-21,58.900001525878906,45.60261917114258
2017-03-22,59.040000915527344,45.71101760864258
2017-03-23,59.04999923706055,45.71875
2017-03-24,58.869998931884766,45.57939529418945
2017-03-27,58.81999969482422,45.540687561035156
2017-03-28,59.2599983215332,45.88134765625
2017-03-29,59.41999816894531,46.00522994995117
2017-03-30,59.34000015258789,45.94328308105469
2017-03-31,59.209999084472656,45.842647552490234
2017-04-03,59.15999984741211,45.803932189941406
2017-04-04,59.41999816894531,46.00522994995117
2017-04-05,59.279998779296875,45.896827697753906
2017-04-06,59.380001068115234,45.9742546081543
2017-04-07,59.18000030517578,45.819419860839844
2017-04-10,59.349998474121094,45.95103073120117
2017-04-11,59.58000183105469,46.129112243652344
2017-04-12,58.869998931884766,45.57939529418945
2017-04-13,58.36000061035156,45.184539794921875
2017-04-17,58.70000076293945,45.447784423828125
2017-04-18,58.220001220703125,45.07614517211914
2017-04-19,58.0,44.90580749511719
2017-04-20,58.59000015258789,45.36260986328125
2017-04-21,58.619998931884766,45.38583755493164
2017-04-24,59.61000061035156,46.15233612060547
2017-04-25,60.08000183105469,46.5162239074707
2017-04-26,59.880001068115234,46.36137771606445
2017-04-27,59.43000030517578,46.01296615600586
2017-04-28,59.459999084472656,46.03619384765625
2017-05-01,59.560001373291016,46.11363220214844
2017-05-02,59.54999923706055,46.10588073730469
2017-05-03,58.939998626708984,45.63358688354492
2017-05-04,58.81999969482422,45.540687561035156
2017-05-05,59.59000015258789,46.13684844970703
2017-05-08,58.91999816894531,45.618106842041016
2017-05-09,58.83000183105469,45.54843521118164
2017-05-10,59.119998931884766,45.772953033447266
2017-05-11,58.9900016784668,45.67230224609375
2017-05-12,58.939998626708984,45.63358688354492
2017-05-15,59.400001525878906,45.98973846435547
2017-05-16,59.83000183105469,46.322669982910156
2017-05-17,58.880001068115234,45.587135314941406
2017-05-18,58.7599983215332,45.49423599243164
2017-05-19,59.66999816894531,46.19877243041992
2017-05-22,59.869998931884766,46.3536262512207
2017-05-23,59.81999969482422,46.3149299621582
2017-05-24,59.97999954223633,46.43879699707031
2017-05-25,59.869998931884766,46.3536262512207
2017-05-26,59.77000045776367,46.27621078491211
2017-05-30,59.779998779296875,46.28396224975586
2017-05-31,59.599998474121094,46.14459228515625
2017-06-01,60.029998779296875,46.477516174316406
2017-06-02,60.439998626708984,46.79494857788086
2017-06-05,60.11000061035156,46.53945541381836
2017-06-06,60.290000915527344,46.67881393432617
2017-06-07,60.150001525878906,46.57042694091797
2017-06-08,60.27000045776367,46.663330078125
2017-06-09,60.720001220703125,47.011741638183594
2017-06-12,60.52000045776367,46.85688400268555
2017-06-13,60.900001525878906,47.151100158691406
2017-06-14,60.349998474121094,46.72526931762695
2017-06-15,59.4900016784668,46.05943298339844
2017-06-16,59.7599983215332,46.268463134765625
2017-06-19,60.279998779296875,46.67107391357422
2017-06-20,58.810001373291016,46.114356994628906
2017-06-21,58.61000061035156,45.957515716552734
2017-06-22,58.83000183105469,46.13003158569336
2017-06-23,59.040000915527344,46.2946891784668
2017-06-26,59.0099983215332,46.27116775512695
2017-06-27,59.119998931884766,46.357418060302734
2017-06-28,60.0,47.04745101928711
2017-06-29,59.40999984741211,46.584815979003906
2017-06-30,59.83000183105469,46.91415786743164
2017-07-03,60.29999923706055,47.28269577026367
2017-07-05,60.369998931884766,47.33757019042969
2017-07-06,59.880001068115234,46.95335388183594
2017-07-07,60.04999923706055,47.0866584777832
2017-07-10,60.47999954223633,47.423831939697266
2017-07-11,60.869998931884766,47.729637145996094
2017-07-12,61.540000915527344,48.255001068115234
2017-07-13,61.65999984741211,48.34910202026367
2017-07-14,62.25,48.811737060546875
2017-07-17,62.40999984741211,48.93718719482422
2017-07-18,62.369998931884766,48.90583038330078
2017-07-19,62.650001525878906,49.12538528442383
2017-07-20,62.439998626708984,48.96070861816406
2017-07-21,62.13999938964844,48.72548294067383
2017-07-24,62.22999954223633,48.796043395996094
2017-07-25,62.90999984741211,49.329254150390625
2017-07-26,63.060001373291016,49.44687271118164
2017-07-27,62.779998779296875,49.2273063659668
2017-07-28,62.63999938964844,49.1175422668457
2017-07-31,63.02000045776367,49.41551208496094
2017-08-01,63.060001373291016,49.44687271118164
2017-08-02,63.04999923706055,49.439029693603516
2017-08-03,62.84000015258789,49.27436065673828
2017-08-04,63.060001373291016,49.44687271118164
2017-08-07,63.349998474121094,49.67427062988281
2017-08-08,62.95000076293945,49.36061477661133
2017-08-09,62.75,49.203800201416016
2017-08-10,61.95000076293945,48.57649612426758
2017-08-11,61.810001373291016,48.46672058105469
2017-08-14,62.27000045776367,48.827415466308594
2017-08-15,62.130001068115234,48.71763610839844
2017-08-16,62.880001068115234,49.30573272705078
2017-08-17,62.29999923706055,48.85093688964844
2017-08-18,62.2599983215332,48.81957244873047
2017-08-21,62.560001373291016,49.054805755615234
2017-08-22,63.209999084472656,49.56449508666992
2017-08-23,63.400001525878906,49.713478088378906
2017-08-24,63.470001220703125,49.76836013793945
2017-08-25,63.88999938964844,50.09769821166992
2017-08-28,63.91999816894531,50.121212005615234
2017-08-29,63.83000183105469,50.05065155029297
2017-08-30,63.880001068115234,50.08985137939453
2017-08-31,64.5,50.57600784301758
2017-09-01,65.0,50.96807098388672
2017-09-05,64.54000091552734,50.60737991333008
2017-09-06,64.81999969482422,50.826934814453125
2017-09-07,65.25,51.16410446166992
2017-09-08,64.98999786376953,50.960227966308594
2017-09-11,65.62999725341797,51.46207046508789
2017-09-12,66.01000213623047,51.76003646850586
2017-09-13,65.48999786376953,51.3522834777832
2017-09-14,65.51000213623047,51.367977142333984
2017-09-15,65.33999633789062,51.234676361083984
2017-09-18,65.55000305175781,51.39934158325195
2017-09-19,66.02999877929688,51.77572250366211
2017-09-20,65.7699966430664,51.57184600830078
2017-09-21,65.56999969482422,51.41502380371094
2017-09-22,65.62000274658203,51.45423126220703
2017-09-25,64.8499984741211,50.8504524230957
2017-09-26,64.9000015258789,50.88965606689453
2017-09-27,64.95999908447266,50.936710357666016
2017-09-28,65.08000183105469,51.03080749511719
2017-09-29,65.38999938964844,51.27387619018555
2017-10-02,65.73999786376953,51.548316955566406
2017-10-03,66.12000274658203,51.846290588378906
2017-10-04,66.31999969482422,52.003116607666016
2017-10-05,66.44000244140625,52.09720993041992
2017-10-06,66.30000305175781,51.987449645996094
2017-10-09,66.02999877929688,51.77572250366211
2017-10-10,66.41999816894531,52.08152389526367
2017-10-11,66.38999938964844,52.058006286621094
2017-10-12,66.37999725341797,52.05015182495117
2017-10-13,67.1500015258789,52.65394592285156
2017-10-16,67.08999633789062,52.60688400268555
2017-10-17,66.86000061035156,52.42654037475586
2017-10-18,66.51000213623047,52.152103424072266
2017-10-19,66.70999908447266,52.308921813964844
2017-10-20,66.95999908447266,52.50495529174805
2017-10-23,67.04000091552734,52.567691802978516
2017-10-24,67.55000305175781,52.967594146728516
2017-10-25,67.27999877929688,52.755863189697266
2017-10-26,67.44000244140625,52.8813362121582
2017-10-27,67.51000213623047,52.93622589111328
2017-10-30,67.19999694824219,52.69314193725586
2017-10-31,67.58000183105469,52.99111557006836
2017-11-01,68.01000213623047,53.32828903198242
2017-11-02,68.06999969482422,53.37533187866211
2017-11-03,67.91000366210938,53.2498779296875
2017-11-06,68.2300033569336,53.500797271728516
2017-11-07,67.91999816894531,53.25770950317383
2017-11-08,68.22000122070312,53.492950439453125
2017-11-09,67.62999725341797,53.030330657958984
2017-11-10,67.37999725341797,52.83428955078125
2017-11-13,67.33000183105469,52.79509353637695
2017-11-14,66.81999969482422,52.39518356323242
2017-11-15,66.19999694824219,51.909019470214844
2017-11-16,66.94999694824219,52.49710464477539
2017-11-17,67.0199966430664,52.552005767822266
2017-11-20,67.06999969482422,52.59120559692383
2017-11-21,67.62999725341797,53.030330657958984
2017-11-22,67.72000122070312,53.100894927978516
2017-11-24,68.41999816894531,53.64977264404297
2017-11-27,67.76000213623047,53.13226318359375
2017-11-28,67.88999938964844,53.234188079833984
2017-11-29,67.69000244140625,53.07736587524414
2017-11-30,67.80999755859375,53.171451568603516
2017-12-01,67.55000305175781,52.967594146728516
2017-12-04,67.77999877929688,53.147945404052734
2017-12-05,67.33999633789062,52.802921295166016
2017-12-06,66.9800033569336,52.5206413269043
2017-12-07,67.08000183105469,52.599056243896484
2017-12-08,67.38999938964844,52.84212875366211
2017-12-11,67.58999633789062,52.99894332885742
2017-12-12,67.66000366210938,53.0538444519043
2017-12-13,68.0999984741211,53.39885330200195
2017-12-14,67.76000213623047,53.13226318359375
2017-12-15,68.16000366210938,53.44591522216797
2017-12-18,69.08000183105469,54.16729736328125
2017-12-19,69.01000213623047,54.11240768432617
2017-12-20,69.16999816894531,54.23786544799805
2017-12-21,69.12000274658203,54.569454193115234
2017-12-22,69.22000122070312,54.64841079711914
2017-12-26,69.2699966430664,54.68788146972656
2017-12-27,69.72000122070312,55.043155670166016
2017-12-28,70.0,55.26420974731445
2017-12-29,70.08000183105469,55.32737350463867
2018-01-02,71.1500015258789,56.17211151123047
2018-01-03,71.62999725341797,56.55106735229492
2018-01-04,72.33999633789062,57.11160659790039
2018-01-05,72.77999877929688,57.45899963378906
2018-01-08,72.9800033569336,57.616886138916016
2018-01-09,73.12000274658203,57.727413177490234
2018-01-10,72.73999786376953,57.42741394042969
2018-01-11,73.58000183105469,58.090572357177734
2018-01-12,74.20999908447266,58.58794403076172
2018-01-16,73.68000030517578,58.16953659057617
2018-01-17,73.83999633789062,58.29585647583008
2018-01-18,73.76000213623047,58.23269271850586
2018-01-19,74.16999816894531,58.556358337402344
2018-01-22,74.20999908447266,58.58794403076172
2018-01-23,73.9800033569336,58.406375885009766
2018-01-24,74.41000366210938,58.745849609375
2018-01-25,74.47000122070312,58.79322052001953
2018-01-26,75.12000274658203,59.30638885498047
2018-01-29,74.54000091552734,58.848480224609375
2018-01-30,73.77999877929688,58.248470306396484
2018-01-31,73.77999877929688,58.248470306396484
2018-02-01,73.55999755859375,58.074771881103516
2018-02-02,71.05999755859375,56.1010627746582
2018-02-05,68.63999938964844,54.19050216674805
2018-02-06,70.38999938964844,55.57210159301758
2018-02-07,69.38999938964844,54.782615661621094
2018-02-08,67.05999755859375,52.94310760498047
2018-02-09,68.02999877929688,53.70890808105469
2018-02-12,69.19000244140625,54.624732971191406
2018-02-13,69.36000061035156,54.75893020629883
2018-02-14,70.83000183105469,55.91948318481445
2018-02-15,71.47000122070312,56.42476272583008
2018-02-16,71.23999786376953,56.243167877197266
2018-02-20,70.26000213623047,55.46946716308594
2018-02-21,70.08000183105469,55.32737350463867
2018-02-22,70.58999633789062,55.730010986328125
2018-02-23,71.54000091552734,56.48001480102539
2018-02-26,72.19000244140625,56.99319076538086
2018-02-27,70.9000015258789,55.97475814819336
2018-02-28,69.72000122070312,55.043155670166016
2018-03-01,68.5999984741211,54.1589241027832
2018-03-02,68.44999694824219,54.040496826171875
2018-03-05,69.0,54.47471237182617
2018-03-06,69.91999816894531,55.20104217529297
2018-03-07,69.69999694824219,55.0273551940918
2018-03-08,69.5,54.869449615478516
2018-03-09,70.33999633789062,55.53264236450195
2018-03-12,70.56999969482422,55.71421813964844
2018-03-13,70.0,55.26420974731445
2018-03-14,69.87999725341797,55.16946029663086
2018-03-15,69.56999969482422,54.92472839355469
2018-03-16,69.51000213623047,54.87736511230469
2018-03-19,68.44000244140625,54.0326042175293
2018-03-20,68.41999816894531,54.016807556152344
2018-03-21,69.36000061035156,54.75893020629883
2018-03-22,67.45999908447266,53.2589111328125
2018-03-23,66.55000305175781,52.54047775268555
2018-03-26,67.63999938964844,53.40101623535156
2018-03-27,67.12999725341797,52.99837875366211
2018-03-28,66.62000274658203,52.595733642578125
2018-03-29,67.61000061035156,53.37733840942383
2018-04-02,66.38999938964844,52.414161682128906
2018-04-03,67.08999633789062,52.966793060302734
2018-04-04,67.04000091552734,52.92730712890625
2018-04-05,67.91000366210938,53.61417770385742
2018-04-06,66.83000183105469,52.76152420043945
2018-04-09,67.05000305175781,52.93522644042969
2018-04-10,68.43000030517578,54.02470397949219
2018-04-11,68.19000244140625,53.83523941040039
2018-04-12,68.70999908447266,54.24577331542969
2018-04-13,68.80000305175781,54.31682205200195
2018-04-16,69.11000061035156,54.56156539916992
2018-04-17,69.91999816894531,55.20104217529297
2018-04-18,70.9000015258789,55.97475814819336
2018-04-19,70.77999877929688,55.880008697509766
2018-04-20,70.22000122070312,55.437896728515625
2018-04-23,69.79000091552734,55.098419189453125
2018-04-24,69.11000061035156,54.56156539916992
2018-04-25,68.9800033569336,54.45893859863281
2018-04-26,69.4800033569336,54.85367965698242
2018-04-27,69.16000366210938,54.60102844238281
2018-04-30,68.61000061035156,54.16681671142578
2018-05-01,68.16000366210938,53.81154251098633
2018-05-02,68.31999969482422,53.9378662109375
2018-05-03,68.7300033569336,54.261558532714844
2018-05-04,69.20999908447266,54.64051055908203
2018-05-07,69.11000061035156,54.56156539916992
2018-05-08,69.02999877929688,54.4984016418457
2018-05-09,69.66000366210938,54.99577713012695
2018-05-10,70.55000305175781,55.69843673706055
2018-05-11,70.87000274658203,55.951072692871094
2018-05-14,71.16000366210938,56.18000793457031
2018-05-15,70.66000366210938,55.785274505615234
2018-05-16,71.61000061035156,56.5352897644043
2018-05-17,71.52999877929688,56.472129821777344
2018-05-18,71.47000122070312,56.42476272583008
2018-05-21,71.72000122070312,56.62213134765625
2018-05-22,71.54000091552734,56.48001480102539
2018-05-23,70.62000274658203,55.753692626953125
2018-05-24,70.62000274658203,55.753692626953125
2018-05-25,70.01000213623047,55.27210235595703
2018-05-29,68.48999786376953,54.07208251953125
2018-05-30,69.68000030517578,55.01157760620117
2018-05-31,69.33999633789062,54.743141174316406
2018-06-01,70.33000183105469,55.524742126464844
2018-06-04,70.47000122070312,55.6352653503418
2018-06-05,70.8499984741211,55.93527603149414
2018-06-06,72.08000183105469,56.90635681152344
2018-06-07,71.88999938964844,56.756343841552734
2018-06-08,71.87000274658203,56.74055862426758
2018-06-11,72.05000305175781,56.882659912109375
2018-06-12,71.66999816894531,56.582645416259766
2018-06-13,71.44000244140625,56.40107727050781
2018-06-14,71.33000183105469,56.31422805786133
2018-06-15,70.18000030517578,55.40631866455078
2018-06-18,69.80000305175781,55.1063117980957
2018-06-19,67.5999984741211,54.0328483581543
2018-06-20,67.52999877929688,53.97690200805664
2018-06-21,67.05999755859375,53.60122299194336
2018-06-22,67.94000244140625,54.30461883544922
2018-06-25,66.66000366210938,53.28150177001953
2018-06-26,67.08999633789062,53.62520217895508
2018-06-27,66.58999633789062,53.225547790527344
2018-06-28,66.6500015258789,53.27351760864258
2018-06-29,67.23999786376953,53.745094299316406
2018-07-02,66.56999969482422,53.20956802368164
2018-07-03,66.72000122070312,53.32946014404297
2018-07-05,66.91000366210938,53.481327056884766
2018-07-06,67.62999725341797,54.056819915771484
2018-07-09,68.08000183105469,54.416507720947266
2018-07-10,68.38999938964844,54.6642951965332
2018-07-11,66.79000091552734,53.385414123535156
2018-07-12,67.0,53.55326461791992
2018-07-13,67.01000213623047,53.56126022338867
2018-07-16,66.87000274658203,53.44935607910156
2018-07-17,67.33999633789062,53.82503128051758
2018-07-18,67.7699966430664,54.16872024536133
2018-07-19,66.94999694824219,53.51329803466797
2018-07-20,66.7300033569336,53.33746337890625
2018-07-23,66.5999984741211,53.233551025390625
2018-07-24,67.9000015258789,54.27264404296875
2018-07-25,68.27999877929688,54.576377868652344
2018-07-26,68.27999877929688,54.576377868652344
2018-07-27,68.4800033569336,54.736228942871094
2018-07-30,68.33000183105469,54.61634063720703
2018-07-31,68.88999938964844,55.06393814086914
2018-08-01,68.33000183105469,54.61634063720703
2018-08-02,67.5199966430664,53.968894958496094
2018-08-03,68.13999938964844,54.464473724365234
2018-08-06,67.5999984741211,54.0328483581543
2018-08-07,68.05000305175781,54.39253616333008
2018-08-08,68.06999969482422,54.40852355957031
2018-08-09,67.87999725341797,54.256649017333984
2018-08-10,66.58999633789062,53.225547790527344
2018-08-13,66.04000091552734,52.78593826293945
2018-08-14,66.06999969482422,52.80992889404297
2018-08-15,64.44000244140625,51.50705337524414
2018-08-16,64.70999908447266,51.722862243652344
2018-08-17,65.37000274658203,52.25041198730469
2018-08-20,65.86000061035156,52.64206314086914
2018-08-21,66.0199966430664,52.76994705200195
2018-08-22,66.20999908447266,52.92180633544922
2018-08-23,65.55999755859375,52.40227127075195
2018-08-24,66.5,53.15361785888672
2018-08-27,67.58999633789062,54.02485656738281
2018-08-28,67.54000091552734,53.984886169433594
2018-08-29,68.0199966430664,54.36854934692383
2018-08-30,67.20999908447266,53.72111892700195
2018-08-31,66.68000030517578,53.297489166259766
2018-09-04,65.62999725341797,52.458213806152344
2018-09-05,65.41999816894531,52.29037094116211
2018-09-06,65.44000244140625,52.306358337402344
2018-09-07,64.94000244140625,51.906707763671875
2018-09-10,64.75,51.75482940673828
2018-09-11,64.87000274658203,51.85075378417969
2018-09-12,65.05000305175781,51.994632720947266
2018-09-13,65.7699966430664,52.57011795043945
2018-09-14,65.79000091552734,52.58610534667969
2018-09-17,66.06999969482422,52.80992889404297
2018-09-18,66.75,53.35344314575195
2018-09-19,67.91000366210938,54.280635833740234
2018-09-20,68.52999877929688,54.77621078491211
2018-09-21,68.91999816894531,55.087928771972656
2018-09-24,68.31999969482422,54.608341217041016
2018-09-25,68.66999816894531,54.888084411621094
2018-09-26,68.25,54.552391052246094
2018-09-27,67.98999786376953,54.344566345214844
2018-09-28,67.30999755859375,53.80105209350586
2018-10-01,67.80000305175781,54.19270324707031
2018-10-02,68.0199966430664,54.36854934692383
2018-10-03,67.69999694824219,54.11278533935547
2018-10-04,66.94999694824219,53.51329803466797
2018-10-05,66.11000061035156,52.84188461303711
2018-10-08,65.9800033569336,52.73798751831055
2018-10-09,65.08999633789062,52.02659225463867
2018-10-10,63.0,50.35605239868164
2018-10-11,62.560001373291016,50.00436782836914
2018-10-12,62.9900016784668,50.348060607910156
2018-10-15,63.0099983215332,50.36404800415039
2018-10-16,63.90999984741211,51.08341979980469
2018-10-17,63.5099983215332,50.76369857788086
2018-10-18,62.119998931884766,49.65266799926758
2018-10-19,61.93000030517578,49.50080108642578
2018-10-22,61.9900016784668,49.54876708984375
2018-10-23,60.83000183105469,48.62156677246094
2018-10-24,58.7400016784668,46.95103073120117
2018-10-25,59.68000030517578,47.702369689941406
2018-10-26,59.54999923706055,47.59846115112305
2018-10-29,59.2400016784668,47.350685119628906
2018-10-30,60.220001220703125,48.13399887084961
2018-10-31,61.11000061035156,48.84537887573242
2018-11-01,62.81999969482422,50.212181091308594
2018-11-02,62.790000915527344,50.18821334838867
2018-11-05,62.869998931884766,50.25214767456055
2018-11-06,63.119998931884766,50.45197296142578
2018-11-07,64.02999877929688,51.1793327331543
2018-11-08,63.220001220703125,50.53190612792969
2018-11-09,62.22999954223633,49.74059295654297
2018-11-12,61.470001220703125,49.13313674926758
2018-11-13,61.380001068115234,49.06119155883789
2018-11-14,61.13999938964844,48.869354248046875
2018-11-15,61.9900016784668,49.54876708984375
2018-11-16,62.22999954223633,49.74059295654297
2018-11-19,61.52000045776367,49.17308807373047
2018-11-20,60.04999923706055,47.99811935424805
2018-11-21,60.900001525878906,48.677520751953125
2018-11-23,59.619998931884766,47.654415130615234
2018-11-26,60.02000045776367,47.97413635253906
2018-11-27,59.2599983215332,47.366661071777344
2018-11-28,60.380001068115234,48.261878967285156
2018-11-29,60.540000915527344,48.389766693115234
2018-11-30,60.34000015258789,48.22991180419922
2018-12-03,61.88999938964844,49.46883010864258
2018-12-04,59.91999816894531,47.89419937133789
2018-12-06,59.060001373291016,47.20680236816406
2018-12-07,58.27000045776367,46.57536315917969
2018-12-10,57.939998626708984,46.31157684326172
2018-12-11,58.08000183105469,46.42348861694336
2018-12-12,58.84000015258789,47.03096389770508
2018-12-13,58.83000183105469,47.02296829223633
2018-12-14,58.029998779296875,46.383522033691406
2018-12-17,57.54999923706055,45.99986267089844
2018-12-18,57.20000076293945,46.3074951171875
2018-12-19,56.709999084472656,45.91080856323242
2018-12-20,56.2400016784668,45.530311584472656
2018-12-21,55.70000076293945,45.093143463134766
2018-12-24,54.93000030517578,44.46976852416992
2018-12-26,57.0099983215332,46.1536750793457
2018-12-27,56.97999954223633,46.129390716552734
2018-12-28,57.040000915527344,46.1779670715332
2018-12-31,57.369998931884766,46.44512176513672
2019-01-02,57.310001373291016,46.396549224853516
2019-01-03,55.939998626708984,45.28742980957031
2019-01-04,58.310001373291016,47.206119537353516
2019-01-07,58.7400016784668,47.554237365722656
2019-01-08,59.15999984741211,47.894248962402344
2019-01-09,59.72999954223633,48.355709075927734
2019-01-10,59.90999984741211,48.501434326171875
2019-01-11,59.599998474121094,48.25046920776367
2019-01-14,59.310001373291016,48.01568603515625
2019-01-15,59.31999969482422,48.02378463745117
2019-01-16,59.41999816894531,48.10474395751953
2019-01-17,60.060001373291016,48.62287139892578
2019-01-18,60.93000030517578,49.32720184326172
2019-01-22,59.79999923706055,48.412384033203125
2019-01-23,59.7400016784668,48.36380386352539
2019-01-24,59.66999816894531,48.30713653564453
2019-01-25,60.869998931884766,49.278629302978516
2019-01-28,60.4900016784668,48.97099304199219
2019-01-29,61.09000015258789,49.456729888916016
2019-01-30,62.13999938964844,50.30677795410156
2019-01-31,61.83000183105469,50.055816650390625
2019-02-01,62.029998779296875,50.21772384643555
2019-02-04,61.97999954223633,50.17725372314453
2019-02-05,62.38999938964844,50.5091667175293
2019-02-06,61.939998626708984,50.14486312866211
2019-02-07,61.06999969482422,49.4405403137207
2019-02-08,60.650001525878906,49.10051727294922
2019-02-11,60.61000061035156,49.06813049316406
2019-02-12,61.54999923706055,49.82913589477539
2019-02-13,61.79999923706055,50.03152847290039
2019-02-14,61.630001068115234,49.89390182495117
2019-02-15,62.529998779296875,50.62250900268555
2019-02-19,63.029998779296875,51.02729797363281
2019-02-20,63.880001068115234,51.7154426574707
2019-02-21,63.38999938964844,51.31874465942383
2019-02-22,63.91999816894531,51.74782180786133
2019-02-25,64.04000091552734,51.844966888427734
2019-02-26,64.26000213623047,52.02307891845703
2019-02-27,63.970001220703125,51.788299560546875
2019-02-28,63.31999969482422,51.2620735168457
2019-03-01,63.31999969482422,51.2620735168457
2019-03-04,63.47999954223633,51.391597747802734
2019-03-05,63.41999816894531,51.3430290222168
2019-03-06,63.310001373291016,51.25398254394531
2019-03-07,62.4900016784668,50.59012985229492
2019-03-08,62.459999084472656,50.56584548950195
2019-03-11,63.349998474121094,51.28635787963867
2019-03-12,63.5,51.40779495239258
2019-03-13,64.08000183105469,51.87735366821289
2019-03-14,63.56999969482422,51.46446228027344
2019-03-15,63.810001373291016,51.65876007080078
2019-03-18,64.30000305175781,52.055458068847656
2019-03-19,64.3499984741211,52.09592819213867
2019-03-20,64.5199966430664,52.23355484008789
2019-03-21,64.83999633789062,52.492618560791016
2019-03-22,63.130001068115234,51.108253479003906
2019-03-25,63.279998779296875,51.22969055175781
2019-03-26,63.619998931884766,51.50494384765625
2019-03-27,63.43000030517578,51.351131439208984
2019-03-28,63.66999816894531,51.54542541503906
2019-03-29,64.16000366210938,51.94211196899414
2019-04-01,65.38999938964844,52.93788528442383
2019-04-02,65.56999969482422,53.0836067199707
2019-04-03,66.33999633789062,53.706974029541016
2019-04-04,66.55999755859375,53.88507843017578
2019-04-05,66.80000305175781,54.07938003540039
2019-04-08,67.0,54.24129867553711
2019-04-09,66.58999633789062,53.90936279296875
2019-04-10,66.87999725341797,54.14414596557617
2019-04-11,66.5,53.836509704589844
2019-04-12,67.22000122070312,54.419410705566406
2019-04-15,67.08000183105469,54.30606460571289
2019-04-16,67.08000183105469,54.30606460571289
2019-04-17,66.94999694824219,54.20081329345703
2019-04-18,66.86000061035156,54.127960205078125
2019-04-22,66.76000213623047,54.0469970703125
2019-04-23,66.70999908447266,54.00651550292969
2019-04-24,65.7300033569336,53.21314239501953
2019-04-25,65.33000183105469,52.889312744140625
2019-04-26,65.62000274658203,53.124088287353516
2019-04-29,65.5,53.026947021484375
2019-04-30,65.69999694824219,53.188846588134766
2019-05-01,64.69999694824219,52.37928009033203
2019-05-02,64.43000030517578,52.16070556640625
2019-05-03,65.19999694824219,52.78406524658203
2019-05-06,64.5,52.21737289428711
2019-05-07,63.04999923706055,51.04348373413086
2019-05-08,62.9900016784668,50.99491500854492
2019-05-09,62.41999816894531,50.53345489501953
2019-05-10,63.209999084472656,51.17301559448242
2019-05-13,61.45000076293945,49.74817657470703
2019-05-14,62.189998626708984,50.34725570678711
2019-05-15,62.209999084472656,50.36344528198242
2019-05-16,62.86000061035156,50.88966751098633
2019-05-17,62.4900016784668,50.59012985229492
2019-05-20,61.68000030517578,49.93437194824219
2019-05-21,62.27000045776367,50.41202163696289
2019-05-22,61.97999954223633,50.17725372314453
2019-05-23,61.119998931884766,49.48101806640625
2019-05-24,61.56999969482422,49.84532928466797
2019-05-28,61.2400016784668,49.578163146972656
2019-05-29,60.90999984741211,49.31100845336914
2019-05-30,61.130001068115234,49.489112854003906
2019-05-31,60.650001525878906,49.10051727294922
2019-06-03,61.709999084472656,49.95866012573242
2019-06-04,63.099998474121094,51.08396911621094
2019-06-05,62.939998626708984,50.95442581176758
2019-06-06,63.36000061035156,51.294456481933594
2019-06-07,63.91999816894531,51.74782180786133
2019-06-10,64.06999969482422,51.869258880615234
2019-06-11,64.8499984741211,52.50072479248047
2019-06-12,64.63999938964844,52.330711364746094
2019-06-13,65.16000366210938,52.75168228149414
2019-06-14,64.72000122070312,52.395477294921875
2019-06-17,62.650001525878906,52.07216262817383
2019-06-18,63.599998474121094,52.861751556396484
2019-06-19,63.689998626708984,52.936561584472656
2019-06-20,64.44999694824219,53.5682258605957
2019-06-21,64.37000274658203,53.50175476074219
2019-06-24,64.62999725341797,53.71784591674805
2019-06-25,64.54000091552734,53.643043518066406
2019-06-26,64.58000183105469,53.67629623413086
2019-06-27,64.8499984741211,53.90070724487305
2019-06-28,65.18000030517578,54.17498779296875
2019-07-01,65.5199966430664,54.45757293701172
2019-07-02,65.36000061035156,54.3245964050293
2019-07-03,65.45999908447266,54.40770721435547
2019-07-05,64.47000122070312,53.584861755371094
2019-07-08,64.12999725341797,53.30226516723633
2019-07-09,63.47999954223633,52.76201248168945
2019-07-10,63.75,52.98643493652344
2019-07-11,63.59000015258789,52.85343933105469
2019-07-12,64.16999816894531,53.335514068603516
2019-07-15,64.33999633789062,53.476806640625
2019-07-16,64.30000305175781,53.443565368652344
2019-07-17,64.19000244140625,53.352142333984375
2019-07-18,64.2300033569336,53.38538360595703
2019-07-19,64.41000366210938,53.53499984741211
2019-07-22,64.43000030517578,53.55162048339844
2019-07-23,65.26000213623047,54.24149703979492
2019-07-24,65.0,54.0253791809082
2019-07-25,64.30000305175781,53.443565368652344
2019-07-26,64.20999908447266,53.36876678466797
2019-07-29,64.19000244140625,53.352142333984375
2019-07-30,64.04000091552734,53.22747039794922
2019-07-31,63.34000015258789,52.645652770996094
2019-08-01,62.400001525878906,51.86436462402344
2019-08-02,61.459999084472656,51.08306884765625
2019-08-05,60.08000183105469,49.93607711791992
2019-08-06,60.20000076293945,50.03581619262695
2019-08-07,60.5,50.2851676940918
2019-08-08,61.65999984741211,51.24930191040039
2019-08-09,61.029998779296875,50.72567367553711
2019-08-12,60.209999084472656,50.04412078857422
2019-08-13,61.02000045776367,50.71735763549805
2019-08-14,59.22999954223633,49.22957992553711
2019-08-15,59.22999954223633,49.22957992553711
2019-08-16,59.810001373291016,49.711666107177734
2019-08-19,60.209999084472656,50.04412078857422
2019-08-20,59.70000076293945,49.620235443115234
2019-08-21,60.09000015258789,49.94438552856445
2019-08-22,59.81999969482422,49.719970703125
2019-08-23,58.70000076293945,48.7890739440918
2019-08-26,59.060001373291016,49.08829116821289
2019-08-27,59.209999084472656,49.21296691894531
2019-08-28,59.540000915527344,49.48724365234375
2019-08-29,60.279998779296875,50.102298736572266
2019-08-30,61.0099983215332,50.709049224853516
2019-09-03,60.52000045776367,50.301788330078125
2019-09-04,61.68000030517578,51.26592254638672
2019-09-05,61.88999938964844,51.440467834472656
2019-09-06,62.119998931884766,51.63163757324219
2019-09-09,62.130001068115234,51.63995361328125
2019-09-10,62.70000076293945,52.113704681396484
2019-09-11,63.369998931884766,52.67059326171875
2019-09-12,63.810001373291016,53.036293029785156
2019-09-13,64.47000122070312,53.584861755371094
2019-09-16,63.7400016784668,52.978118896484375
2019-09-17,63.84000015258789,53.06122970581055
2019-09-18,63.65999984741211,52.91162109375
2019-09-19,63.790000915527344,53.01967239379883
2019-09-20,63.540000915527344,52.811893463134766
2019-09-23,63.369998931884766,52.67059326171875
2019-09-24,62.779998779296875,52.180206298828125
2019-09-25,62.720001220703125,52.130340576171875
2019-09-26,62.689998626708984,52.10539627075195
2019-09-27,62.540000915527344,51.98072052001953
2019-09-30,62.720001220703125,52.130340576171875
2019-10-01,61.869998931884766,51.423851013183594
2019-10-02,60.599998474121094,50.3682746887207
2019-10-03,60.810001373291016,50.54281997680664
2019-10-04,61.349998474121094,50.99164581298828
2019-10-07,61.2599983215332,50.91683578491211
2019-10-08,60.54999923706055,50.32671356201172
2019-10-09,60.9900016784668,50.69242477416992
2019-10-10,61.810001373291016,51.37398147583008
2019-10-11,63.119998931884766,52.462799072265625
2019-10-14,62.650001525878906,52.07216262817383
2019-10-15,62.959999084472656,52.32981872558594
2019-10-16,62.939998626708984,52.31318664550781
2019-10-17,62.9900016784668,52.3547477722168
2019-10-18,63.150001525878906,52.487735748291016
2019-10-21,63.27000045776367,52.58747100830078
2019-10-22,63.04999923706055,52.40461730957031
2019-10-23,63.5,52.77864074707031
2019-10-24,63.75,52.98643493652344
2019-10-25,64.26000213623047,53.41032409667969
2019-10-28,64.48999786376953,53.60148620605469
2019-10-29,64.68000030517578,53.7594108581543
2019-10-30,64.58000183105469,53.67629623413086
2019-10-31,64.06999969482422,53.25240707397461
2019-11-01,65.0199966430664,54.0419921875
2019-11-04,65.73999786376953,54.64043045043945
2019-11-05,66.05999755859375,54.906402587890625
2019-11-06,65.94999694824219,54.814979553222656
2019-11-07,66.12000274658203,54.9562873840332
2019-11-08,65.95999908447266,54.82329177856445
2019-11-11,65.5999984741211,54.524070739746094
2019-11-12,65.66000366210938,54.57395553588867
2019-11-13,65.31999969482422,54.291351318359375
2019-11-14,65.33999633789062,54.30796432495117
2019-11-15,65.77999877929688,54.673675537109375
2019-11-18,65.66000366210938,54.57395553588867
2019-11-19,65.5999984741211,54.524070739746094
2019-11-20,65.0,54.0253791809082
2019-11-21,64.76000213623047,53.82591247558594
2019-11-22,65.05999755859375,54.075252532958984
2019-11-25,65.51000213623047,54.449275970458984
2019-11-26,65.80000305175781,54.6903076171875
2019-11-27,65.83999633789062,54.72355270385742
2019-11-29,65.44000244140625,54.391090393066406
2019-12-02,65.27999877929688,54.25810623168945
2019-12-03,64.87999725341797,53.92564010620117
2019-12-04,65.33000183105469,54.299659729003906
2019-12-05,65.20999908447266,54.19992446899414
2019-12-06,65.83999633789062,54.72355270385742
2019-12-09,65.83000183105469,54.715240478515625
2019-12-10,65.73999786376953,54.64043045043945
2019-12-11,66.33000183105469,55.13082504272461
2019-12-12,67.12999725341797,55.795745849609375
2019-12-13,67.33999633789062,55.97028350830078
2019-12-16,67.06999969482422,56.342430114746094
2019-12-17,66.86000061035156,56.16603088378906
2019-12-18,66.7300033569336,56.05681228637695
2019-12-19,66.80999755859375,56.1240234375
2019-12-20,66.83000183105469,56.14082717895508
2019-12-23,67.16000366210938,56.41804122924805
2019-12-24,67.18000030517578,56.434837341308594
2019-12-26,67.52999877929688,56.728851318359375
2019-12-27,67.48999786376953,56.69525909423828
2019-12-30,67.19000244140625,56.4959831237793
2019-12-31,67.48999786376953,56.74822998046875
2020-01-02,67.62000274658203,56.8575439453125
2020-01-03,66.55999755859375,55.966243743896484
2020-01-06,66.4000015258789,55.83171844482422
2020-01-07,66.26000213623047,55.71400451660156
2020-01-08,66.29000091552734,55.73922348022461
2020-01-09,66.12000274658203,55.59628677368164
2020-01-10,65.88999938964844,55.40289306640625
2020-01-13,66.44999694824219,55.873748779296875
2020-01-14,66.48999786376953,55.90739440917969
2020-01-15,66.44999694824219,55.873748779296875
2020-01-16,66.69999694824219,56.08395767211914
2020-01-17,67.2300033569336,56.529624938964844
2020-01-21,66.70999908447266,56.092369079589844
2020-01-22,66.79000091552734,56.159637451171875
2020-01-23,66.41000366210938,55.84011459350586
2020-01-24,65.9800033569336,55.47856903076172
2020-01-27,64.26000213623047,54.03232955932617
2020-01-28,64.7699966430664,54.46114730834961
2020-01-29,64.88999938964844,54.56204605102539
2020-01-30,64.69999694824219,54.40229034423828
2020-01-31,63.41999816894531,53.32601547241211
2020-02-03,63.90999984741211,53.73802185058594
2020-02-04,65.25,54.86475372314453
2020-02-05,66.25,55.70559310913086
2020-02-06,66.16000366210938,55.62991714477539
2020-02-07,64.98999786376953,54.6461296081543
2020-02-10,65.01000213623047,54.66295623779297
2020-02-11,65.69000244140625,55.234718322753906
2020-02-12,66.11000061035156,55.58787155151367
2020-02-13,65.72000122070312,55.259944915771484
2020-02-14,65.41000366210938,54.99928665161133
2020-02-18,65.06999969482422,54.713401794433594
2020-02-19,65.29000091552734,54.89838790893555
2020-02-20,65.12999725341797,54.76384735107422
2020-02-21,64.8499984741211,54.52841567993164
2020-02-24,62.52000045776367,52.56925964355469
2020-02-25,60.849998474121094,51.16505813598633
2020-02-26,60.7400016784668,51.072566986083984
2020-02-27,58.56999969482422,49.24794387817383
2020-02-28,57.4900016784668,48.33984375
2020-03-02,59.099998474121094,49.69358825683594
2020-03-03,59.060001373291016,49.65995788574219
2020-03-04,61.20000076293945,51.459354400634766
2020-03-05,59.45000076293945,49.98788833618164
2020-03-06,58.20000076293945,48.93684005737305
2020-03-09,52.83000183105469,44.42153549194336
2020-03-10,55.06999969482422,46.30501174926758
2020-03-11,52.2599983215332,43.94224548339844
2020-03-12,46.38999938964844,39.006526947021484
2020-03-13,49.66999816894531,41.76447296142578
2020-03-16,44.369998931884766,37.30803298950195
2020-03-17,47.15999984741211,39.65396499633789
2020-03-18,43.77000045776367,36.80352783203125
2020-03-19,44.380001068115234,37.31644058227539
2020-03-20,43.380001068115234,36.47560501098633
2020-03-23,42.65999984741211,35.87019348144531
2020-03-24,47.310001373291016,39.78009796142578
2020-03-25,48.59000015258789,40.85637664794922
2020-03-26,50.38999938964844,42.36988067626953
2020-03-27,48.5099983215332,40.78910446166992
2020-03-30,49.77000045776367,41.84856414794922
2020-03-31,49.529998779296875,41.64676284790039
2020-04-01,47.61000061035156,40.03235626220703
2020-04-02,48.77000045776367,41.007720947265625
2020-04-03,47.689998626708984,40.099613189697266
2020-04-06,50.81999969482422,42.7314453125
2020-04-07,51.61000061035156,43.39569854736328
2020-04-08,52.70000076293945,44.312217712402344
2020-04-09,54.61000061035156,45.9182243347168
2020-04-13,54.189998626708984,45.565067291259766
2020-04-14,55.09000015258789,46.32182693481445
2020-04-15,52.7599983215332,44.362667083740234
2020-04-16,52.79999923706055,44.39630889892578
2020-04-17,54.5099983215332,45.83413314819336
2020-04-20,53.540000915527344,45.018524169921875
2020-04-21,52.15999984741211,43.85816955566406
2020-04-22,53.400001525878906,44.90081024169922
2020-04-23,53.7599983215332,45.2035026550293
2020-04-24,54.27000045776367,45.6323356628418
2020-04-27,55.33000183105469,46.523624420166016
2020-04-28,56.029998779296875,47.112220764160156
2020-04-29,57.77000045776367,48.57527160644531
2020-04-30,56.220001220703125,47.271976470947266
2020-05-01,54.959999084472656,46.2125129699707
2020-05-04,55.189998626708984,46.40591049194336
2020-05-05,55.36000061035156,46.54886245727539
2020-05-06,54.599998474121094,45.90980911254883
2020-05-07,55.84000015258789,46.952449798583984
2020-05-08,56.93000030517578,47.86896896362305
2020-05-11,56.13999938964844,47.20470428466797
2020-05-12,55.20000076293945,46.4143180847168
2020-05-13,54.540000915527344,45.85935592651367
2020-05-14,54.84000015258789,46.111610412597656
2020-05-15,55.45000076293945,46.62453079223633
2020-05-18,58.06999969482422,48.82752990722656
2020-05-19,57.75,48.55845642089844
2020-05-20,58.599998474121094,49.273170471191406
2020-05-21,58.040000915527344,48.802303314208984
2020-05-22,57.95000076293945,48.72663116455078
2020-05-26,59.029998779296875,49.63473129272461
2020-05-27,59.689998626708984,50.18968200683594
2020-05-28,60.13999938964844,50.568058013916016
2020-05-29,60.279998779296875,50.68577194213867
2020-06-01,61.209999084472656,51.467769622802734
2020-06-02,62.060001373291016,52.18246841430664
2020-06-03,63.34000015258789,53.25874710083008
2020-06-04,63.25,53.18307113647461
2020-06-05,64.45999908447266,54.20048904418945
2020-06-08,65.08999633789062,54.73020935058594
2020-06-09,64.55000305175781,54.27616500854492
2020-06-10,64.5,54.234127044677734
2020-06-11,60.40999984741211,50.79508972167969
2020-06-12,61.630001068115234,51.8209114074707
2020-06-15,61.439998626708984,51.9969367980957
2020-06-16,62.36000061035156,52.77554702758789
2020-06-17,62.20000076293945,52.640132904052734
2020-06-18,61.88999938964844,52.37778091430664
2020-06-19,61.790000915527344,52.29315185546875
2020-06-22,62.47999954223633,52.87710189819336
2020-06-23,62.81999969482422,53.16484451293945
2020-06-24,61.189998626708984,51.785369873046875
2020-06-25,61.900001525878906,52.38624572753906
2020-06-26,61.0,51.62456512451172
2020-06-29,61.86000061035156,52.35239028930664
2020-06-30,62.61000061035156,52.98712158203125
2020-07-01,62.540000915527344,52.92787551879883
2020-07-02,63.220001220703125,53.50336456298828
2020-07-06,64.08000183105469,54.23118591308594
2020-07-07,63.90999984741211,54.08731460571289
2020-07-08,64.12999725341797,54.27350616455078
2020-07-09,63.68000030517578,53.892662048339844
2020-07-10,64.44000244140625,54.53585433959961
2020-07-13,64.30999755859375,54.42583084106445
2020-07-14,65.9000015258789,55.77145767211914
2020-07-15,66.66999816894531,56.42312240600586
2020-07-16,66.5,56.279239654541016
2020-07-17,67.08000183105469,56.77009963989258
2020-07-20,67.29000091552734,56.94782257080078
2020-07-21,67.37999725341797,57.023990631103516
2020-07-22,68.12000274658203,57.6502571105957
2020-07-23,67.63999938964844,57.24403381347656
2020-07-24,67.61000061035156,57.218650817871094
2020-07-27,69.05000305175781,58.437320709228516
2020-07-28,68.16999816894531,57.69256591796875
2020-07-29,68.48999786376953,57.96338653564453
2020-07-30,67.4000015258789,57.040916442871094
2020-07-31,66.73999786376953,56.48234939575195
2020-08-03,67.37000274658203,57.01552963256836
2020-08-04,67.97000122070312,57.523311614990234
2020-08-05,69.33999633789062,58.68274688720703
2020-08-06,69.2300033569336,58.589664459228516
2020-08-07,68.68000030517578,58.12418746948242
2020-08-10,69.2300033569336,58.589664459228516
2020-08-11,68.97000122070312,58.36961364746094
2020-08-12,69.83999633789062,59.10590362548828
2020-08-13,69.69999694824219,58.98741149902344
2020-08-14,69.4000015258789,58.733524322509766
2020-08-17,70.33999633789062,59.529052734375
2020-08-18,70.29000091552734,59.486732482910156
2020-08-19,69.66999816894531,58.96202850341797
2020-08-20,69.38999938964844,58.72506332397461
2020-08-21,68.87000274658203,58.28498840332031
2020-08-24,69.9000015258789,59.156681060791016
2020-08-25,69.68000030517578,58.970497131347656
2020-08-26,70.44999694824219,59.62214660644531
2020-08-27,69.87999725341797,59.13975524902344
2020-08-28,70.58999633789062,59.74061965942383
2020-08-31,69.93000030517578,59.182064056396484
2020-09-01,70.94000244140625,60.03683853149414
2020-09-02,72.1500015258789,61.060874938964844
2020-09-03,70.22000122070312,59.427494049072266
2020-09-04,70.76000213623047,59.8845100402832
2020-09-08,69.83999633789062,59.10590362548828
2020-09-09,71.56999969482422,60.57000732421875
2020-09-10,70.76000213623047,59.8845100402832
2020-09-11,71.69999694824219,60.68001937866211
2020-09-14,72.62999725341797,61.46708297729492
2020-09-15,73.12999725341797,61.89023971557617
2020-09-16,73.0999984741211,61.86484909057617
2020-09-17,73.12999725341797,61.89023971557617
2020-09-18,72.5199966430664,61.37400436401367
2020-09-21,70.0199966430664,59.25822830200195
2020-09-22,69.94000244140625,59.190528869628906
2020-09-23,68.44000244140625,57.921085357666016
2020-09-24,68.63999938964844,58.090335845947266
2020-09-25,68.87999725341797,58.29344940185547
2020-09-28,69.70999908447266,58.995880126953125
2020-09-29,69.70999908447266,58.995880126953125
2020-09-30,69.86000061035156,59.122833251953125
2020-10-01,69.55999755859375,58.86893081665039
2020-10-02,69.87999725341797,59.13975524902344
2020-10-05,71.0,60.087615966796875
2020-10-06,69.66999816894531,58.96202850341797
2020-10-07,71.30999755859375,60.349971771240234
2020-10-08,71.80999755859375,60.77311706542969
2020-10-09,72.52999877929688,61.3824577331543
2020-10-12,72.51000213623047,61.36553192138672
2020-10-13,71.7699966430664,60.739261627197266
2020-10-14,71.7300033569336,60.70541763305664
2020-10-15,71.30000305175781,60.34150314331055
2020-10-16,71.63999938964844,60.629249572753906
2020-10-19,70.83000183105469,59.94374465942383
2020-10-20,71.19999694824219,60.25687789916992
2020-10-21,71.25,60.2991943359375
2020-10-22,71.36000061035156,60.39228439331055
2020-10-23,71.58999633789062,60.58692932128906
2020-10-26,70.11000061035156,59.334407806396484
2020-10-27,69.63999938964844,58.93663787841797
2020-10-28,67.16000366210938,56.83781051635742
2020-10-29,68.02999877929688,57.57408905029297
2020-10-30,67.95999908447266,57.51484680175781
2020-11-02,69.31999969482422,58.665828704833984
2020-11-03,70.97000122070312,60.062217712402344
2020-11-04,70.43000030517578,59.605224609375
2020-11-05,72.69999694824219,61.52633285522461
2020-11-06,73.27999877929688,62.017189025878906
2020-11-09,74.37000274658203,62.93966293334961
2020-11-10,74.88999938964844,63.37973403930664
2020-11-11,74.58999633789062,63.1258430480957
2020-11-12,73.31999969482422,62.051048278808594
2020-11-13,74.44000244140625,62.99889373779297
2020-11-16,75.31999969482422,63.74364471435547
2020-11-17,75.27999877929688,63.709800720214844
2020-11-18,74.91000366210938,63.39665985107422
2020-11-19,75.12000274658203,63.574378967285156
2020-11-20,75.37000274658203,63.78596496582031
2020-11-23,75.76000213623047,64.11602783203125
2020-11-24,77.75,65.8001708984375
2020-11-25,77.41000366210938,65.51243591308594
2020-11-27,77.97000122070312,65.9863510131836
2020-11-30,76.94999694824219,65.12312316894531
2020-12-01,78.80000305175781,66.68878173828125
2020-12-02,78.69999694824219,66.60416412353516
2020-12-03,79.1500015258789,66.98500061035156
2020-12-04,80.30000305175781,67.95824432373047
2020-12-07,79.9800033569336,67.68743133544922
2020-12-08,80.37999725341797,68.02595520019531
2020-12-09,80.22000122070312,67.89053344726562
2020-12-10,80.43000030517578,68.06826782226562
2020-12-11,80.08000183105469,67.77204895019531
2020-12-14,78.87000274658203,67.24092864990234
2020-12-15,80.19999694824219,68.37481689453125
2020-12-16,80.37999725341797,68.52826690673828
2020-12-17,81.20999908447266,69.23590087890625
2020-12-18,81.26000213623047,69.2785415649414
2020-12-21,80.66000366210938,68.7669906616211
2020-12-22,80.19000244140625,68.36628723144531
2020-12-23,80.73999786376953,68.8351821899414
2020-12-24,80.83999633789062,68.92045593261719
2020-12-28,81.0199966430664,69.07391357421875
2020-12-29,81.16999816894531,69.20178985595703
2020-12-30,81.73999786376953,69.687744140625
2020-12-31,81.41000366210938,69.40641021728516
2021-01-04,82.43000030517578,70.27600860595703
2021-01-05,83.80000305175781,71.44400787353516
2021-01-06,86.16999816894531,73.46454620361328
2021-01-07,87.44000244140625,74.54730987548828
2021-01-08,87.33000183105469,74.45352172851562
2021-01-11,86.26000213623047,73.54129028320312
2021-01-12,87.08999633789062,74.2489013671875
2021-01-13,86.13999938964844,73.43898010253906
2021-01-14,86.68000030517578,73.89936065673828
2021-01-15,84.66999816894531,72.18571472167969
2021-01-19,85.05999755859375,72.51822662353516
2021-01-20,85.80000305175781,73.14913177490234
2021-01-21,85.31999969482422,72.73987579345703
2021-01-22,84.63999938964844,72.16015625
2021-01-25,84.16000366210938,71.75093078613281
2021-01-26,83.88999938964844,71.52072143554688
2021-01-27,81.01000213623047,69.06537628173828
2021-01-28,82.30000305175781,70.1651840209961
2021-01-29,80.48999786376953,68.62205505371094
2021-02-01,81.93000030517578,69.84974670410156
2021-02-02,82.23999786376953,70.11402130126953
2021-02-03,82.44000244140625,70.2845458984375
2021-02-04,82.08999633789062,69.98615264892578
2021-02-05,83.19000244140625,70.92395782470703
2021-02-08,84.16000366210938,71.75093078613281
2021-02-09,84.16000366210938,71.75093078613281
2021-02-10,84.08000183105469,71.68273162841797
2021-02-11,84.37000274658203,71.92996215820312
2021-02-12,84.87000274658203,72.35624694824219
2021-02-16,85.7300033569336,73.08943939208984
2021-02-17,85.33000183105469,72.74840545654297
2021-02-18,84.87000274658203,72.35624694824219
2021-02-19,85.88999938964844,73.2258529663086
2021-02-22,86.4000015258789,73.6606674194336
2021-02-23,86.33999633789062,73.60948944091797
2021-02-24,87.31999969482422,74.44499969482422
2021-02-25,85.37999725341797,72.7910385131836
2021-02-26,83.56999969482422,71.24791717529297
2021-03-01,85.58999633789062,72.97008514404297
2021-03-02,86.33000183105469,73.60096740722656
2021-03-03,85.98999786376953,73.31109619140625
2021-03-04,84.0199966430664,71.6315689086914
2021-03-05,85.5199966430664,72.91039276123047
2021-03-08,85.83000183105469,73.17469787597656
2021-03-09,86.25,73.53276062011719
2021-03-10,86.70999908447266,73.92493438720703
2021-03-11,87.9000015258789,74.9394760131836
2021-03-12,88.12999725341797,75.13555908203125
2021-03-15,87.69999694824219,74.76897430419922
2021-03-16,86.9000015258789,74.08692169189453
2021-03-17,87.43000030517578,74.53878784179688
2021-03-18,86.75,73.95903778076172
2021-03-19,86.30999755859375,73.58391571044922
2021-03-22,86.16999816894531,73.46454620361328
2021-03-23,84.4800033569336,72.02375030517578
2021-03-24,84.76000213623047,72.26246643066406
2021-03-25,85.23999786376953,72.67167663574219
2021-03-26,87.16000366210938,74.30859375
2021-03-29,87.02999877929688,74.19776153564453
2021-03-30,86.86000061035156,74.0528335571289
2021-03-31,86.7699966430664,73.97608947753906
2021-04-01,87.6500015258789,74.7263412475586
2021-04-05,89.13999938964844,75.99664306640625
2021-04-06,88.83000183105469,75.73235321044922
2021-04-07,88.51000213623047,75.45952606201172
2021-04-08,88.94000244140625,75.82614135742188
2021-04-09,89.25,76.09042358398438
2021-04-12,88.77999877929688,75.68972778320312
2021-04-13,89.01000213623047,75.88581848144531
2021-04-14,89.91000366210938,76.65311431884766
2021-04-15,91.33999633789062,77.87226104736328
2021-04-16,92.2300033569336,78.63103485107422
2021-04-19,92.12999725341797,78.54578399658203
2021-04-20,90.9800033569336,77.56534576416016
2021-04-21,92.18000030517578,78.58842468261719
2021-04-22,91.11000061035156,77.6761703491211
2021-04-23,92.44999694824219,78.81859588623047
2021-04-26,93.19000244140625,79.44949340820312
2021-04-27,92.80999755859375,79.12551879882812
2021-04-28,93.0199966430664,79.30455017089844
2021-04-29,93.02999877929688,79.3130874633789
2021-04-30,91.4800033569336,77.99163055419922
2021-05-03,92.79000091552734,79.10847473144531
2021-05-04,92.91000366210938,79.21078491210938
2021-05-05,94.73999786376953,80.77093505859375
2021-05-06,96.25,82.05829620361328
2021-05-07,97.4000015258789,83.03874206542969
2021-05-10,97.38999938964844,83.03022003173828
2021-05-11,97.2699966430664,82.92790222167969
2021-05-12,94.80999755859375,80.83062744140625
2021-05-13,95.30000305175781,81.24838256835938
2021-05-14,96.01000213623047,81.85369110107422
2021-05-17,96.79000091552734,82.51869201660156
2021-05-18,96.47000122070312,82.24586486816406
2021-05-19,94.41999816894531,80.49813842773438
2021-05-20,94.75,80.77947998046875
2021-05-21,94.5999984741211,80.6515884399414
2021-05-24,95.12000274658203,81.09491729736328
2021-05-25,94.44999694824219,80.52372741699219
2021-05-26,94.47000122070312,80.54076385498047
2021-05-27,95.20999908447266,81.17166137695312
2021-05-28,95.4800033569336,81.40184020996094
2021-06-01,96.77999877929688,82.51014709472656
2021-06-02,96.75,82.48456573486328
2021-06-03,95.80000305175781,81.67465209960938
2021-06-04,96.66999816894531,82.41638946533203
2021-06-07,95.8499984741211,81.71727752685547
2021-06-08,95.76000213623047,81.64054870605469
2021-06-09,94.87000274658203,80.88178253173828
2021-06-10,94.11000061035156,81.18110656738281
2021-06-11,94.31999969482422,81.36225891113281
2021-06-14,93.72000122070312,80.84468841552734
2021-06-15,93.44999694824219,80.6117935180664
2021-06-16,92.26000213623047,79.58526611328125
2021-06-17,90.0999984741211,77.72200775146484
2021-06-18,88.4800033569336,76.3245620727539
2021-06-21,90.23999786376953,77.8427734375
2021-06-22,90.69000244140625,78.23096466064453
2021-06-23,90.4800033569336,78.04979705810547
2021-06-24,91.26000213623047,78.72264099121094
2021-06-25,91.56999969482422,78.99006652832031
2021-06-28,91.02999877929688,78.52423858642578
2021-06-29,91.16000366210938,78.63638305664062
2021-06-30,90.93000030517578,78.43798065185547
2021-07-01,91.01000213623047,78.5069808959961
2021-07-02,91.4800033569336,78.91242218017578
2021-07-06,90.41999816894531,77.99803161621094
2021-07-07,91.30000305175781,78.75714111328125
2021-07-08,89.62999725341797,77.31658172607422
2021-07-09,91.93000030517578,79.30059051513672
2021-07-12,92.08000183105469,79.42999267578125
2021-07-13,91.3499984741211,78.80027770996094
2021-07-14,91.69000244140625,79.09357452392578
2021-07-15,91.58999633789062,79.0073013305664
2021-07-16,90.11000061035156,77.73063659667969
2021-07-19,88.05000305175781,75.95365142822266
2021-07-20,89.05999755859375,76.82486724853516
2021-07-21,90.3499984741211,77.9376449584961
2021-07-22,90.33000183105469,77.92039489746094
2021-07-23,90.91999816894531,78.42935943603516
2021-07-26,91.93000030517578,79.30059051513672
2021-07-27,91.79000091552734,79.17984008789062
2021-07-28,92.5199966430664,79.8095474243164
2021-07-29,93.61000061035156,80.74979400634766
2021-07-30,93.04000091552734,80.25811004638672
2021-08-02,92.70999908447266,79.97344207763672
2021-08-03,93.75,80.87056732177734
2021-08-04,93.16999816894531,80.3702392578125
2021-08-05,92.69000244140625,79.9561996459961
2021-08-06,92.69000244140625,79.9561996459961
2021-08-09,92.44999694824219,79.74915313720703
2021-08-10,93.51000213623047,80.66354370117188
2021-08-11,94.37999725341797,81.41402435302734
2021-08-12,94.2300033569336,81.28462219238281
2021-08-13,94.62000274658203,81.62104797363281
2021-08-16,93.66999816894531,80.80155181884766
2021-08-17,92.26000213623047,79.58526611328125
2021-08-18,91.06999969482422,78.5587387084961
2021-08-19,89.30000305175781,77.03191375732422
2021-08-20,89.69000244140625,77.36832427978516
2021-08-23,90.5999984741211,78.1533203125
2021-08-24,91.33000183105469,78.78302764892578
2021-08-25,91.62999725341797,79.04181671142578
2021-08-26,90.79000091552734,78.31721496582031
2021-08-27,92.4000015258789,79.70602416992188
2021-08-30,92.66000366210938,79.93031311035156
2021-08-31,92.22000122070312,79.55076599121094
2021-09-01,92.0199966430664,79.37824249267578
2021-09-02,92.4000015258789,79.70602416992188
2021-09-03,92.9000015258789,80.1373291015625
2021-09-07,92.3499984741211,79.66289520263672
2021-09-08,91.25,78.71401977539062
2021-09-09,91.23999786376953,78.70538330078125
2021-09-10,91.19000244140625,78.66226196289062
2021-09-13,91.62999725341797,79.04181671142578
2021-09-14,90.80000305175781,78.32584381103516
2021-09-15,91.54000091552734,78.96417236328125
2021-09-16,90.26000213623047,77.86001586914062
2021-09-17,87.83000183105469,75.76385498046875
2021-09-20,85.80000305175781,74.01275634765625
2021-09-21,86.18000030517578,74.34053802490234
2021-09-22,86.75,74.83222198486328
2021-09-23,87.83999633789062,75.7724838256836
2021-09-24,87.13999938964844,75.16864776611328
2021-09-27,87.36000061035156,75.35842895507812
2021-09-28,85.69999694824219,73.92648315429688
2021-09-29,85.4000015258789,73.66769409179688
2021-09-30,85.18000030517578,73.47792053222656
2021-10-01,85.7699966430664,73.98686981201172
2021-10-04,85.20999908447266,73.50379180908203
2021-10-05,85.55999755859375,73.80570983886719
2021-10-06,85.37000274658203,73.64180755615234
2021-10-07,86.47000122070312,74.5906982421875
2021-10-08,86.37000274658203,74.50444793701172
2021-10-11,86.69999694824219,74.78909301757812
2021-10-12,86.94000244140625,74.99612426757812
2021-10-13,87.55000305175781,75.52232360839844
2021-10-14,89.4000015258789,77.11817169189453
2021-10-15,89.61000061035156,77.29933166503906
2021-10-18,89.4000015258789,77.11817169189453
2021-10-19,89.77999877929688,77.44597625732422
2021-10-20,89.93000030517578,77.57535552978516
2021-10-21,88.91999816894531,76.70411682128906
2021-10-22,89.22000122070312,76.96290588378906
2021-10-25,89.9000015258789,77.54947662353516
2021-10-26,89.94999694824219,77.59261322021484
2021-10-27,89.08999633789062,76.85075378417969
2021-10-28,89.61000061035156,77.29933166503906
2021-10-29,88.80999755859375,76.6092300415039
2021-11-01,89.36000061035156,77.08367156982422
2021-11-02,88.91999816894531,76.70411682128906
2021-11-03,89.72000122070312,77.39420318603516
2021-11-04,89.1500015258789,76.90251922607422
2021-11-05,89.5,77.20443725585938
2021-11-08,90.44999694824219,78.02392578125
2021-11-09,90.44000244140625,78.01529693603516
2021-11-10,89.52999877929688,77.23031616210938
2021-11-11,91.19000244140625,78.66226196289062
2021-11-12,91.63999938964844,79.0504379272461
2021-11-15,90.83000183105469,78.35173034667969
2021-11-16,90.36000061035156,77.94628143310547
2021-11-17,90.22000122070312,77.82552337646484
2021-11-18,89.87999725341797,77.53223419189453
2021-11-19,89.66000366210938,77.34245300292969
2021-11-22,89.88999938964844,77.54085540771484
2021-11-23,90.31999969482422,77.91177368164062
2021-11-24,89.58000183105469,77.27344512939453
2021-11-26,87.5,75.47917938232422
2021-11-29,88.19000244140625,76.07440948486328
2021-11-30,86.9000015258789,74.96162414550781
2021-12-01,86.25,74.40090942382812
2021-12-02,87.7300033569336,75.67759704589844
2021-12-03,87.04000091552734,75.0823974609375
2021-12-06,88.43000030517578,76.28141784667969
2021-12-07,90.3499984741211,77.9376449584961
2021-12-08,90.76000213623047,78.29132843017578
2021-12-09,89.91000366210938,77.55810546875
2021-12-10,90.22000122070312,77.82552337646484
2021-12-13,87.56999969482422,77.30992889404297
2021-12-14,87.44000244140625,77.19517517089844
2021-12-15,87.80000305175781,77.51299285888672
2021-12-16,88.83999633789062,78.43114471435547
2021-12-17,87.83999633789062,77.54830932617188
2021-12-20,86.56999969482422,76.42711639404297
2021-12-21,87.81999969482422,77.53065490722656
2021-12-22,88.47000122070312,78.10449981689453
2021-12-23,89.16999816894531,78.72246551513672
2021-12-27,90.0,79.45524597167969
2021-12-28,90.04000091552734,79.49056243896484
2021-12-29,90.47000122070312,79.87016296386719
2021-12-30,90.19000244140625,79.62298583984375
2021-12-31,90.45999908447266,79.86133575439453
2022-01-03,90.0199966430664,79.47289276123047
2022-01-04,91.12999725341797,80.45283508300781
2022-01-05,91.13999938964844,80.46166229248047
2022-01-06,90.19999694824219,79.63180541992188
2022-01-07,91.16999816894531,80.48815155029297
2022-01-10,90.13999938964844,79.5788345336914
2022-01-11,91.62000274658203,80.88543701171875
2022-01-12,93.30000305175781,82.36859130859375
2022-01-13,92.55999755859375,81.71528625488281
2022-01-14,91.9800033569336,81.20325469970703
2022-01-18,90.73999786376953,80.10853576660156
2022-01-19,91.7300033569336,80.98253631591797
2022-01-20,90.72000122070312,80.09087371826172
2022-01-21,88.52999877929688,78.15746307373047
2022-01-24,87.5199966430664,77.26580047607422
2022-01-25,87.26000213623047,77.03627014160156
2022-01-26,86.80999755859375,76.63898468017578
2022-01-27,86.61000061035156,76.4624252319336
2022-01-28,86.62000274658203,76.47125244140625
2022-01-31,87.55999755859375,77.30110931396484
2022-02-01,88.88999938964844,78.47528076171875
2022-02-02,89.43000030517578,78.95201110839844
2022-02-03,88.2300033569336,77.89261627197266
2022-02-04,87.86000061035156,77.56597137451172
2022-02-07,88.08000183105469,77.76018524169922
2022-02-08,89.19999694824219,78.74897003173828
2022-02-09,90.31999969482422,79.73772430419922
2022-02-10,90.25,79.67593383789062
2022-02-11,89.19000244140625,78.7401351928711
2022-02-14,88.77999877929688,78.37818145751953
2022-02-15,89.73999786376953,79.22569274902344
2022-02-16,90.7699966430664,80.13501739501953
2022-02-17,89.48999786376953,79.00498962402344
2022-02-18,89.0999984741211,78.66067504882812
2022-02-22,88.11000061035156,77.78667449951172
2022-02-23,87.58000183105469,77.31877899169922
2022-02-24,86.63999938964844,76.48890686035156
2022-02-25,89.5999984741211,79.10210418701172
2022-02-28,88.94999694824219,78.52825927734375
2022-03-01,88.19999694824219,77.86612701416016
2022-03-02,90.05999755859375,79.50820922851562
2022-03-03,90.25,79.67593383789062
2022-03-04,89.2699966430664,78.8107681274414
2022-03-07,86.88999938964844,76.7096176147461
2022-03-08,86.06999969482422,75.98568725585938
2022-03-09,88.30000305175781,77.95441436767578
2022-03-10,88.45999908447266,78.09566497802734
2022-03-11,87.69000244140625,77.41590118408203
2022-03-14,86.81999969482422,76.64781188964844
2022-03-15,86.83999633789062,76.66546630859375
2022-03-16,89.0,78.57240295410156
2022-03-17,90.62000274658203,80.00259399414062
2022-03-18,91.51000213623047,80.7883071899414
2022-03-21,92.44999694824219,81.61817169189453
2022-03-22,92.8499984741211,81.97132110595703
2022-03-23,92.68000030517578,81.82123565673828
2022-03-24,93.88999938964844,82.88947296142578
2022-03-25,94.54000091552734,83.46331787109375
2022-03-28,93.83999633789062,82.8453140258789
2022-03-29,94.48999786376953,83.4191665649414
2022-03-30,94.70999908447266,83.61338806152344
2022-03-31,93.9800033569336,82.96893310546875
2022-04-01,95.41000366210938,84.23138427734375
2022-04-04,95.30000305175781,84.13426208496094
2022-04-05,94.12999725341797,83.10134887695312
2022-04-06,93.25,82.32444763183594
2022-04-07,93.75,82.765869140625
2022-04-08,94.16000366210938,83.1278305053711
2022-04-11,93.30999755859375,82.3774185180664
2022-04-12,93.4000015258789,82.45687866210938
2022-04-13,94.75,83.6487045288086
2022-04-14,94.54000091552734,83.46331787109375
2022-04-18,94.27999877929688,83.23377990722656
2022-04-19,94.68000030517578,83.58690643310547
2022-04-20,94.75,83.6487045288086
2022-04-21,92.20999908447266,81.40630340576172
2022-04-22,89.22000122070312,78.7666244506836
2022-04-25,87.93000030517578,77.62776947021484
2022-04-26,86.01000213623047,75.9327163696289
2022-04-27,87.80000305175781,77.51299285888672
2022-04-28,88.95999908447266,78.53707885742188
2022-04-29,87.88999938964844,77.59245300292969
2022-05-02,87.5199966430664,77.26580047607422
2022-05-03,88.33000183105469,77.98089599609375
2022-05-04,90.45999908447266,79.86133575439453
2022-05-05,87.5999984741211,77.33643341064453
2022-05-06,86.2699966430664,76.16226196289062
2022-05-09,82.9800033569336,73.25772857666016
2022-05-10,82.8499984741211,73.14295959472656
2022-05-11,82.97000122070312,73.24889373779297
2022-05-12,82.0199966430664,72.41020202636719
2022-05-13,83.97000122070312,74.13172912597656
2022-05-16,84.08000183105469,74.22885131835938
2022-05-17,86.5,76.36531066894531
2022-05-18,84.16999816894531,74.30829620361328
2022-05-19,85.37000274658203,75.3676986694336
2022-05-20,85.69000244140625,75.65021514892578
2022-05-23,87.44999694824219,77.2040023803711
2022-05-24,87.30000305175781,77.07157135009766
2022-05-25,87.47000122070312,77.2216567993164
2022-05-26,88.29000091552734,77.94559478759766
2022-05-27,90.06999969482422,79.51704406738281
2022-05-31,89.4000015258789,78.925537109375
2022-06-01,88.75,78.3516845703125
2022-06-02,91.38999938964844,80.68238067626953
2022-06-03,90.30000305175781,79.7200927734375
2022-06-06,90.70999908447266,80.0820541381836
2022-06-07,91.36000061035156,80.65589141845703
2022-06-08,89.66999816894531,79.16388702392578
2022-06-09,85.0999984741211,77.0753402709961
2022-06-10,82.87999725341797,75.06468200683594
2022-06-13,79.55999755859375,72.05774688720703
2022-06-14,78.45999908447266,71.06147003173828
2022-06-15,79.69999694824219,72.1845474243164
2022-06-16,77.23999786376953,69.95651245117188
2022-06-17,76.19999694824219,69.01458740234375
2022-06-21,77.04000091552734,69.77537536621094
2022-06-22,75.43000030517578,68.31719970703125
2022-06-23,73.7300033569336,66.77749633789062
2022-06-24,76.33000183105469,69.13233184814453
2022-06-27,76.33999633789062,69.14137268066406
2022-06-28,75.83000183105469,68.67947387695312
2022-06-29,75.16000366210938,68.0726547241211
2022-06-30,73.9000015258789,66.93146514892578
2022-07-01,73.7300033569336,66.77749633789062
2022-07-05,71.66999816894531,64.9117431640625
2022-07-06,71.70999908447266,64.94798278808594
2022-07-07,73.16000366210938,66.26124572753906
2022-07-08,72.7699966430664,65.90802001953125
2022-07-11,71.44000244140625,64.70344543457031
2022-07-12,71.12000274658203,64.41361999511719
2022-07-13,70.97000122070312,64.27774810791016
2022-07-14,69.16999816894531,62.64748764038086
2022-07-15,70.16999816894531,63.553192138671875
2022-07-18,70.87000274658203,64.18720245361328
2022-07-19,72.72000122070312,65.86273956298828
2022-07-20,72.44000244140625,65.60914611816406
2022-07-21,73.16999816894531,66.27030944824219
2022-07-22,72.6500015258789,65.79933166503906
2022-07-25,73.41999816894531,66.49673461914062
2022-07-26,72.83000183105469,65.96236419677734
2022-07-27,74.16999816894531,67.17601013183594
2022-07-28,75.33000183105469,68.22662353515625
2022-07-29,76.62000274658203,69.39498901367188
2022-08-01,76.01000213623047,68.84249877929688
2022-08-02,74.9800033569336,67.90962219238281
2022-08-03,75.05000305175781,67.97303771972656
2022-08-04,75.41000366210938,68.29908752441406
2022-08-05,75.62999725341797,68.49833679199219
2022-08-08,76.38999938964844,69.18667602539062
2022-08-09,76.0999984741211,68.92401123046875
2022-08-10,78.11000061035156,70.74446868896484
2022-08-11,78.33999633789062,70.9527816772461
2022-08-12,79.4000015258789,71.912841796875
2022-08-15,78.80999755859375,71.37847137451172
2022-08-16,79.63999938964844,72.13021087646484
2022-08-17,78.38999938964844,70.99807739257812
2022-08-18,78.48999786376953,71.0886459350586
2022-08-19,77.12000274658203,69.84783935546875
2022-08-22,76.08000183105469,68.9059066772461
2022-08-23,77.19000244140625,69.91123962402344
2022-08-24,76.98999786376953,69.73008728027344
2022-08-25,78.45999908447266,71.06147003173828
2022-08-26,76.3499984741211,69.15043640136719
2022-08-29,75.91000366210938,68.75193786621094
2022-08-30,74.4000015258789,67.38432312011719
2022-08-31,73.62000274658203,66.67787170410156
2022-09-01,72.16000366210938,65.35553741455078
2022-09-02,72.36000061035156,65.53668212890625
2022-09-06,72.16000366210938,65.35553741455078
2022-09-07,73.30999755859375,66.39710998535156
2022-09-08,73.93000030517578,66.95863342285156
2022-09-09,76.08000183105469,68.9059066772461
2022-09-12,77.05000305175781,69.78443908691406
2022-09-13,74.19000244140625,67.19412231445312
2022-09-14,73.7300033569336,66.77749633789062
2022-09-15,72.62999725341797,65.78121948242188
2022-09-16,71.88999938964844,65.11100769042969
2022-09-19,72.91999816894531,66.04387664794922
2022-09-20,71.44000244140625,64.70344543457031
2022-09-21,70.30999755859375,63.679988861083984
2022-09-22,70.04000091552734,63.43545913696289
2022-09-23,67.58999633789062,61.21647262573242
2022-09-26,66.25,60.00283432006836
2022-09-27,66.54000091552734,60.26549530029297
2022-09-28,68.48999786376953,62.03160858154297
2022-09-29,67.81999969482422,61.4247932434082
2022-09-30,67.86000061035156,61.46102523803711
2022-10-03,70.08000183105469,63.471683502197266
2022-10-04,72.72000122070312,65.86273956298828
2022-10-05,71.86000061035156,65.08383178710938
2022-10-06,70.83999633789062,64.16001892089844
2022-10-07,69.26000213623047,62.72901153564453
2022-10-10,69.5,62.94637680053711
2022-10-11,68.44000244140625,61.98634338378906
2022-10-12,68.13999938964844,61.71461868286133
2022-10-13,69.83999633789062,63.25431442260742
2022-10-14,67.45999908447266,61.09874725341797
2022-10-17,69.31999969482422,62.78334426879883
2022-10-18,70.18000030517578,63.562255859375
2022-10-19,69.19999694824219,62.67466735839844
2022-10-20,69.0999984741211,62.58409118652344
2022-10-21,71.26000213623047,64.54041290283203
2022-10-24,70.61000061035156,63.95170974731445
2022-10-25,72.16000366210938,65.35553741455078
2022-10-26,73.26000213623047,66.3518295288086
2022-10-27,72.55000305175781,65.70877075195312
2022-10-28,72.37000274658203,65.54573822021484
2022-10-31,71.69999694824219,64.93891906738281
2022-11-01,72.66000366210938,65.80841064453125
2022-11-02,70.5999984741211,63.94264602661133
2022-11-03,70.23999786376953,63.616600036621094
2022-11-04,74.27999877929688,67.27564239501953
2022-11-07,74.58999633789062,67.556396484375
2022-11-08,76.20999908447266,69.02364349365234
2022-11-09,74.87999725341797,67.81905364990234
2022-11-10,78.91000366210938,71.46903991699219
2022-11-11,81.30000305175781,73.63368225097656
2022-11-14,80.98999786376953,73.35289764404297
2022-11-15,81.0,73.36196899414062
2022-11-16,80.18000030517578,72.6192855834961
2022-11-17,79.41999816894531,71.93094635009766
2022-11-18,79.75,72.22984313964844
2022-11-21,79.36000061035156,71.8766098022461
2022-11-22,80.80000305175781,73.18081665039062
2022-11-23,81.8499984741211,74.13180541992188
2022-11-25,81.93000030517578,74.20426177978516
2022-11-28,80.33000183105469,72.7551498413086
2022-11-29,81.25,73.58838653564453
2022-11-30,83.25,75.3998031616211
2022-12-01,83.7699966430664,75.87075805664062
2022-12-02,84.29000091552734,76.34172821044922
2022-12-05,82.87999725341797,75.06468200683594
2022-12-06,82.23999786376953,74.48503112792969
2022-12-07,82.2300033569336,74.4759750366211
2022-12-08,82.69000244140625,74.89260864257812
2022-12-09,82.51000213623047,74.72957611083984
2022-12-12,82.36000061035156,74.59371948242188
2022-12-13,82.05000305175781,75.72895812988281
2022-12-14,81.45999908447266,75.18441009521484
2022-12-15,79.29000091552734,73.18158721923828
2022-12-16,78.77999877929688,72.71087646484375
2022-12-19,78.19000244140625,72.16634368896484
2022-12-20,78.77999877929688,72.71087646484375
2022-12-21,79.6500015258789,73.51385498046875
2022-12-22,78.72000122070312,72.65550231933594
2022-12-23,79.25,73.14466857910156
2022-12-27,79.68000030517578,73.54154205322266
2022-12-28,78.5999984741211,72.54473876953125
2022-12-29,79.33000183105469,73.21849822998047
2022-12-30,78.66000366210938,72.60012817382812
2023-01-03,78.66999816894531,72.60934448242188
2023-01-04,79.97000122070312,73.80919647216797
2023-01-05,79.4000015258789,73.28311920166016
2023-01-06,82.37000274658203,76.0243148803711
2023-01-09,83.0,76.60578155517578
2023-01-10,83.58999633789062,77.15031433105469
2023-01-11,84.55999755859375,78.04558563232422
2023-01-12,85.45999908447266,78.8762435913086
2023-01-13,85.91999816894531,79.30081939697266
2023-01-17,85.16000366210938,78.599365234375
2023-01-18,84.87000274658203,78.33171844482422
2023-01-19,84.73999786376953,78.21172332763672
2023-01-20,86.04000091552734,79.41157531738281
2023-01-23,86.19000244140625,79.5500259399414
2023-01-24,86.41000366210938,79.7530746459961
2023-01-25,86.88999938964844,80.19609069824219
2023-01-26,87.48999786376953,80.74986267089844
2023-01-27,86.91000366210938,80.21455383300781
2023-01-30,86.45999908447266,79.7992172241211
2023-01-31,87.31999969482422,80.59296417236328
2023-02-01,88.25,81.4513168334961
2023-02-02,87.29000091552734,80.56526947021484
2023-02-03,85.9000015258789,79.28236389160156
2023-02-06,84.73999786376953,78.21172332763672
2023-02-07,85.73999786376953,79.13468170166016
2023-02-08,84.97000122070312,78.42401123046875
2023-02-09,84.31999969482422,77.82408142089844
2023-02-10,83.7699966430664,77.31644439697266
2023-02-13,84.44999694824219,77.94406127929688
2023-02-14,84.55000305175781,78.03636932373047
2023-02-15,84.45999908447266,77.95330810546875
2023-02-16,84.30999755859375,77.81484985351562
2023-02-17,83.79000091552734,77.33490753173828
2023-02-21,83.0199966430664,76.62423706054688
2023-02-22,82.54000091552734,76.18120574951172
2023-02-23,82.3499984741211,76.00584411621094
2023-02-24,81.22000122070312,74.96290588378906
2023-02-27,81.87999725341797,75.57205200195312
2023-02-28,82.04000091552734,75.71974182128906
2023-03-01,83.41999816894531,76.993408203125
2023-03-02,84.27999877929688,77.78715515136719
2023-03-03,85.63999938964844,79.04238891601562
2023-03-06,84.05999755859375,77.5841064453125
2023-03-07,82.08000183105469,75.75665283203125
2023-03-08,82.69999694824219,76.3288803100586
2023-03-09,81.16000366210938,74.90752410888672
2023-03-10,80.05000305175781,73.88304138183594
2023-03-13,80.05000305175781,73.88304138183594
2023-03-14,80.88999938964844,74.6583251953125
2023-03-15,77.86000061035156,71.86174774169922
2023-03-16,78.81999969482422,72.747802734375
2023-03-17,78.2300033569336,72.20325469970703
2023-03-20,79.87000274658203,73.7169189453125
2023-03-21,80.33000183105469,74.14147186279297
2023-03-22,79.76000213623047,73.61537170410156
2023-03-23,79.72000122070312,73.57846069335938
2023-03-24,79.66000366210938,73.5230941772461
2023-03-27,80.26000213623047,74.07686614990234
2023-03-28,80.91000366210938,74.67680358886719
2023-03-29,81.97000122070312,75.65512084960938
2023-03-30,82.81999969482422,76.43964385986328
2023-03-31,83.66999816894531,77.22415924072266
2023-04-03,83.98999786376953,77.5195083618164
2023-04-04,83.2699966430664,76.85497283935547
2023-04-05,82.4000015258789,76.052001953125
2023-04-06,82.26000213623047,75.92277526855469
2023-04-10,82.61000061035156,76.24581909179688
2023-04-11,84.05000305175781,77.57488250732422
2023-04-12,84.23999786376953,77.750244140625
2023-04-13,85.23999786376953,78.67321014404297
2023-04-14,84.72000122070312,78.1932601928711
2023-04-17,85.01000213623047,78.46092987060547
2023-04-18,85.70999908447266,79.10700225830078
2023-04-19,85.06999969482422,78.51629638671875
2023-04-20,84.63999938964844,78.11943817138672
2023-04-21,83.55999755859375,77.12261962890625
2023-04-24,83.94999694824219,77.48258209228516
2023-04-25,81.97000122070312,75.65512084960938
2023-04-26,81.69000244140625,75.39669799804688
2023-04-27,82.58000183105469,76.21812438964844
2023-04-28,83.05999755859375,76.66114807128906
2023-05-01,82.94999694824219,76.55963134765625
2023-05-02,82.16999816894531,75.83970642089844
2023-05-03,81.94000244140625,75.62742614746094
2023-05-04,81.58999633789062,75.30439758300781
2023-05-05,83.30999755859375,76.89189147949219
2023-05-08,83.29000091552734,76.8734359741211
2023-05-09,82.88999938964844,76.50424194335938
2023-05-10,82.44000244140625,76.08892059326172
2023-05-11,81.31999969482422,75.0551986694336
2023-05-12,81.23999786376953,74.98136138916016
2023-05-15,82.13999938964844,75.81202697753906
2023-05-16,80.8499984741211,74.62140655517578
2023-05-17,81.36000061035156,75.09210968017578
2023-05-18,81.38999938964844,75.11981201171875
2023-05-19,81.56999969482422,75.28594207763672
2023-05-22,81.19999694824219,74.94444274902344
2023-05-23,79.98999786376953,73.8276596069336
2023-05-24,78.63999938964844,72.58167266845703
2023-05-25,78.2300033569336,72.20325469970703
2023-05-26,79.08999633789062,72.99698638916016
2023-05-30,78.20999908447266,72.1847915649414
2023-05-31,77.30000305175781,71.34489440917969
2023-06-01,78.7300033569336,72.66473388671875
2023-06-02,81.05000305175781,74.80599975585938
2023-06-05,80.5199966430664,74.31683349609375
2023-06-06,81.41999816894531,75.14749908447266
2023-06-07,80.06999969482422,75.18223571777344
2023-06-08,80.61000061035156,75.68928527832031
2023-06-09,79.98999786376953,75.10712432861328
2023-06-12,80.18000030517578,75.2855224609375
2023-06-13,81.80000305175781,76.80663299560547
2023-06-14,82.27999877929688,77.25733184814453
2023-06-15,83.01000213623047,77.9427719116211
2023-06-16,82.95999908447266,77.89581298828125
2023-06-20,81.08000183105469,76.13058471679688
2023-06-21,81.19000244140625,76.23387145996094
2023-06-22,80.68000030517578,75.7550048828125
2023-06-23,79.58999633789062,74.7315444946289
2023-06-26,80.30999755859375,75.40757751464844
2023-06-27,81.11000061035156,76.15874481201172
2023-06-28,80.47000122070312,75.55782318115234
2023-06-29,80.93000030517578,75.98973846435547
2023-06-30,81.8499984741211,76.85357666015625
2023-07-03,82.58000183105469,77.53901672363281
2023-07-05,80.97000122070312,76.02729797363281
2023-07-06,79.38999938964844,74.54374694824219
2023-07-07,80.43000030517578,75.520263671875
2023-07-10,80.44000244140625,75.52965545654297
2023-07-11,81.62000274658203,76.63762664794922
2023-07-12,83.23999786376953,78.15872192382812
2023-07-13,84.75,79.57654571533203
2023-07-14,84.19999694824219,79.06013488769531
2023-07-17,83.8499984741211,78.73149108886719
2023-07-18,84.62999725341797,79.46387481689453
2023-07-19,84.13999938964844,79.0037841796875
2023-07-20,84.19000244140625,79.05073547363281
2023-07-21,84.02999877929688,78.90050506591797
2023-07-24,84.45999908447266,79.30426025390625
2023-07-25,86.30999755859375,81.04132080078125
2023-07-26,85.81999969482422,80.58123779296875
2023-07-27,84.91999816894531,79.73616790771484
2023-07-28,85.41999816894531,80.20565032958984
2023-07-31,85.87999725341797,80.63756561279297
2023-08-01,84.83999633789062,79.66104888916016
2023-08-02,83.23999786376953,78.15872192382812
2023-08-03,82.97000122070312,77.90519714355469
2023-08-04,82.9800033569336,77.91460418701172
2023-08-07,83.4000015258789,78.3089599609375
2023-08-08,82.6500015258789,77.60474395751953
2023-08-09,82.52999877929688,77.49205780029297
2023-08-10,82.54000091552734,77.50145721435547
2023-08-11,82.02999877929688,77.02259063720703
2023-08-14,81.47000122070312,76.49678039550781
2023-08-15,79.95999908447266,75.07894897460938
2023-08-16,79.2300033569336,74.39351654052734
2023-08-17,79.29000091552734,74.4498519897461
2023-08-18,79.08000183105469,74.25267791748047
2023-08-21,79.30999755859375,74.46863555908203
2023-08-22,79.30999755859375,74.46863555908203
2023-08-23,80.0,75.11650848388672
2023-08-24,79.26000213623047,74.42168426513672
2023-08-25,79.45999908447266,74.60946655273438
2023-08-28,80.2300033569336,75.33247375488281
2023-08-29,81.80999755859375,76.81602478027344
2023-08-30,81.83999633789062,76.84418487548828
2023-08-31,81.75,76.75968170166016
2023-09-01,82.4800033569336,77.44512939453125
2023-09-05,81.30000305175781,76.337158203125
2023-09-06,80.94000244140625,75.9991226196289
2023-09-07,80.22000122070312,75.32308197021484
2023-09-08,79.95999908447266,75.07894897460938
2023-09-11,80.91999816894531,75.98033905029297
2023-09-12,80.41999816894531,75.51087188720703
2023-09-13,80.01000213623047,75.12590026855469
2023-09-14,81.7300033569336,76.74090576171875
2023-09-15,81.54000091552734,76.5625
2023-09-18,81.06999969482422,76.1211929321289
2023-09-19,80.95999908447266,76.01789855957031
2023-09-20,80.61000061035156,75.68928527832031
2023-09-21,78.87000274658203,74.05548858642578
2023-09-22,78.9000015258789,74.08365631103516
2023-09-25,78.76000213623047,73.95219421386719
2023-09-26,77.55999755859375,72.82545471191406
2023-09-27,77.38999938964844,72.66584014892578
2023-09-28,78.47000122070312,73.67990112304688
2023-09-29,78.5,73.70807647705078
2023-10-02,76.93000030517578,72.23390197753906
2023-10-03,76.05000305175781,71.40763854980469
2023-10-04,76.47000122070312,71.802001953125
2023-10-05,76.4000015258789,71.73626708984375
2023-10-06,77.30999755859375,72.59071350097656
2023-10-09,77.37000274658203,72.64704895019531
2023-10-10,78.48999786376953,73.69867706298828
2023-10-11,78.97000122070312,74.14937591552734
2023-10-12,77.80000305175781,73.05081176757812
2023-10-13,77.63999938964844,72.90057373046875
2023-10-16,78.58000183105469,73.78318786621094
2023-10-17,78.80999755859375,73.99915313720703
2023-10-18,77.01000213623047,72.30903625488281
2023-10-19,76.30999755859375,71.6517562866211
2023-10-20,75.20999908447266,70.61891174316406
2023-10-23,74.58999633789062,70.0367431640625
2023-10-24,75.47000122070312,70.86302947998047
2023-10-25,74.73999786376953,70.1775894165039
2023-10-26,75.13999938964844,70.55318450927734
2023-10-27,75.30000305175781,70.70342254638672
2023-10-30,76.12999725341797,71.48274230957031
2023-10-31,76.01000213623047,71.37007904052734
2023-11-01,76.44999694824219,71.78321075439453
2023-11-02,78.13999938964844,73.37004852294922
2023-11-03,79.16000366210938,74.32778930664062
2023-11-06,78.98999786376953,74.16816711425781
2023-11-07,77.69999694824219,72.95690155029297
2023-11-08,77.56999969482422,72.83484649658203
2023-11-09,77.41000366210938,72.68462371826172
2023-11-10,78.05999755859375,73.29493713378906
2023-11-13,78.12000274658203,73.35127258300781
2023-11-14,80.69999694824219,75.7737808227539
2023-11-15,80.95999908447266,76.01789855957031
2023-11-16,80.94000244140625,75.9991226196289
2023-11-17,81.62000274658203,76.63762664794922
2023-11-20,81.91000366210938,76.90991973876953
2023-11-21,82.23999786376953,77.21977233886719
2023-11-22,82.06999969482422,77.06015014648438
2023-11-24,82.47000122070312,77.43572998046875
2023-11-27,82.06999969482422,77.06015014648438
2023-11-28,82.51000213623047,77.47329711914062
2023-11-29,82.55000305175781,77.51084899902344
2023-11-30,82.87000274658203,77.81131744384766
2023-12-01,84.19999694824219,79.06013488769531
2023-12-04,82.87999725341797,77.8207015991211
2023-12-05,81.9800033569336,76.97564697265625
2023-12-06,82.04000091552734,77.03199005126953
2023-12-07,82.94999694824219,77.88642883300781
2023-12-08,82.80000305175781,77.74559020996094
2023-12-11,82.83999633789062,77.78314208984375
2023-12-12,82.94000244140625,77.87704467773438
2023-12-13,84.61000061035156,79.44509887695312
2023-12-14,86.22000122070312,80.95682525634766
2023-12-15,86.18000030517578,80.91926574707031
2023-12-18,86.5,81.2197265625
2023-12-19,87.62999725341797,82.28075408935547
2023-12-20,85.20999908447266,81.08367156982422
2023-12-21,86.5,82.31120300292969
2023-12-22,86.93000030517578,82.72037506103516
2023-12-26,87.25,83.0248794555664
2023-12-27,87.98999786376953,83.72904205322266
2023-12-28,87.55000305175781,83.31034851074219
2023-12-29,87.26000213623047,83.0344009399414
2024-01-02,86.55000305175781,82.35877227783203
2024-01-03,85.31999969482422,81.18833923339844
2024-01-04,84.98999786376953,80.87432098388672
2024-01-05,84.97000122070312,80.85529327392578
2024-01-08,85.3499984741211,81.21688842773438
2024-01-09,84.05000305175781,79.97985076904297
2024-01-10,83.75,79.69436645507812
2024-01-11,83.61000061035156,79.56114959716797
2024-01-12,83.86000061035156,79.79903411865234
2024-01-16,82.16000366210938,78.18136596679688
2024-01-17,81.01000213623047,77.0870590209961
2024-01-18,81.47000122070312,77.52478790283203
2024-01-19,81.3499984741211,77.41059112548828
2024-01-22,81.18000030517578,77.24881744384766
2024-01-23,81.5199966430664,77.57234954833984
2024-01-24,81.68000030517578,77.72460174560547
2024-01-25,82.2699966430664,78.2860336303711
2024-01-26,82.56999969482422,78.5715103149414
2024-01-29,83.11000061035156,79.08535766601562
2024-01-30,83.0999984741211,79.07584381103516
2024-01-31,82.41000366210938,78.41925811767578
2024-02-01,83.51000213623047,79.46598815917969
2024-02-02,82.5,78.50489807128906
2024-02-05,80.81999969482422,76.90626525878906
2024-02-06,81.87999725341797,77.91492462158203
2024-02-07,82.26000213623047,78.27651977539062
2024-02-08,81.69999694824219,77.74363708496094
2024-02-09,81.63999938964844,77.68653869628906
2024-02-12,82.08999633789062,78.11475372314453
2024-02-13,80.44999694824219,76.5541763305664
2024-02-14,81.2699966430664,77.33445739746094
2024-02-15,82.61000061035156,78.60956573486328
2024-02-16,83.2300033569336,79.19955444335938
2024-02-20,82.94000244140625,78.92359161376953
2024-02-21,83.08999633789062,79.06632232666016
2024-02-22,83.79000091552734,79.73242950439453
2024-02-23,84.16999816894531,80.09402465820312
2024-02-26,83.55999755859375,79.51355743408203
2024-02-27,83.91000366210938,79.84662628173828
2024-02-28,83.56999969482422,79.52307891845703
2024-02-29,84.31999969482422,80.23676300048828
2024-03-01,85.01000213623047,80.89335632324219
2024-03-04,85.26000213623047,81.13125610351562
2024-03-05,84.69000244140625,80.5888442993164
2024-03-06,85.6500015258789,81.50235748291016
2024-03-07,87.08000183105469,82.86311340332031
2024-03-08,86.55000305175781,82.35877227783203
2024-03-11,86.68000030517578,82.48248291015625
2024-03-12,86.87999725341797,82.67279052734375
2024-03-13,87.91999816894531,83.66242218017578
2024-03-14,87.11000061035156,82.89165496826172
2024-03-15,87.19999694824219,82.977294921875
2024-03-18,87.33000183105469,83.10100555419922
2024-03-19,87.54000091552734,83.30082702636719
2024-03-20,88.72000122070312,84.42369079589844
2024-03-21,88.88999938964844,84.58544921875
2024-03-22,88.33999633789062,84.06208801269531
2024-03-25,88.3499984741211,84.07160949707031
2024-03-26,88.19999694824219,83.92887115478516
2024-03-27,89.2300033569336,84.90900421142578
2024-03-28,89.43000030517578,85.09931182861328
2024-04-01,89.33000183105469,85.004150390625
2024-04-02,89.13999938964844,84.82334899902344
2024-04-03,89.88999938964844,85.53703308105469
2024-04-04,88.97000122070312,84.66158294677734
2024-04-05,89.52999877929688,85.19446563720703
2024-04-08,90.08999633789062,85.72734832763672
2024-04-09,90.69999694824219,86.30780792236328
2024-04-10,89.29000091552734,84.96609497070312
2024-04-11,89.4800033569336,85.14688873291016
2024-04-12,87.7699966430664,83.51969146728516
2024-04-15,87.63999938964844,83.39598846435547
2024-04-16,86.30999755859375,82.13040161132812
2024-04-17,86.94999694824219,82.7394027709961
2024-04-18,86.91999816894531,82.71085357666016
2024-04-19,86.9000015258789,82.69182586669922
2024-04-22,87.0,82.78697967529297
2024-04-23,86.80999755859375,82.60618591308594
2024-04-24,86.76000213623047,82.55860137939453
2024-04-25,86.97000122070312,82.75843048095703
2024-04-26,87.63999938964844,83.39598846435547
2024-04-29,88.41999816894531,84.13822174072266
2024-04-30,86.79000091552734,82.587158203125
2024-05-01,86.81999969482422,82.61570739746094
2024-05-02,87.22000122070312,82.99633026123047
2024-05-03,88.25,83.97645568847656
2024-05-06,88.88999938964844,84.58544921875
2024-05-07,89.37999725341797,85.0517349243164
2024-05-08,88.93000030517578,84.62351989746094
2024-05-09,89.93000030517578,85.5750961303711
2024-05-10,89.9000015258789,85.54654693603516
2024-05-13,89.73999786376953,85.39430236816406
2024-05-14,90.3499984741211,85.97474670410156
2024-05-15,90.86000061035156,86.4600601196289
2024-05-16,90.5,86.11749267578125
2024-05-17,91.61000061035156,87.17374420166016
2024-05-20,91.93000030517578,87.47824096679688
2024-05-21,91.63999938964844,87.2022933959961
2024-05-22,89.94999694824219,85.59412384033203
2024-05-23,89.30000305175781,84.9756088256836
2024-05-24,90.08999633789062,85.72734832763672
2024-05-28,89.94999694824219,85.59412384033203
2024-05-29,88.38999938964844,84.10968017578125
2024-05-30,89.02999877929688,84.71867370605469
2024-05-31,89.68000030517578,85.33720397949219
2024-06-03,89.25,84.92802429199219
2024-06-04,88.04000091552734,83.77661895751953
2024-06-05,88.5199966430664,84.23336791992188
2024-06-06,88.95999908447266,84.65206146240234
2024-06-07,87.6500015258789,83.40550994873047
2024-06-10,87.80000305175781,83.54824829101562
2024-06-11,85.91999816894531,82.8568115234375
2024-06-12,86.41999816894531,83.33898162841797
2024-06-13,85.77999877929688,82.7218017578125
2024-06-14,84.77999877929688,81.7574462890625
2024-06-17,84.9800033569336,81.9503173828125
2024-06-18,85.30000305175781,82.2589111328125
2024-06-20,85.8499984741211,82.78929901123047
2024-06-21,85.16999816894531,82.133544921875
2024-06-24,85.75,82.69286346435547
2024-06-25,85.2699966430664,82.22997283935547
2024-06-26,85.19999694824219,82.1624755859375
2024-06-27,85.12000274658203,82.08533477783203
2024-06-28,84.93000030517578,81.90209197998047
2024-07-01,84.37999725341797,81.3717041015625
2024-07-02,84.48999786376953,81.477783203125
2024-07-03,86.08000183105469,83.01110076904297
2024-07-05,86.3499984741211,83.27146911621094
2024-07-08,86.0199966430664,82.95323181152344
2024-07-09,85.55999755859375,82.5096435546875
2024-07-10,86.44999694824219,83.36791229248047
2024-07-11,87.38999938964844,84.2743911743164
2024-07-12,88.33999633789062,85.19051361083984
2024-07-15,87.55000305175781,84.42869567871094
2024-07-16,88.4000015258789,85.2483901977539
2024-07-17,88.16000366210938,85.0169448852539
2024-07-18,87.01000213623047,83.907958984375
2024-07-19,86.23999786376953,83.16539764404297
2024-07-22,86.72000122070312,83.62828063964844
2024-07-23,86.26000213623047,83.18468475341797
2024-07-24,85.37999725341797,82.3360595703125
2024-07-25,85.48999786376953,82.44213104248047
2024-07-26,86.62999725341797,83.54149627685547
2024-07-29,86.55000305175781,83.46434020996094
2024-07-30,86.26000213623047,83.18468475341797
2024-07-31,87.52999877929688,84.4094009399414
2024-08-01,85.97000122070312,82.90501403808594
2024-08-02,84.43000030517578,81.41992950439453
2024-08-05,82.68000030517578,79.73230743408203
2024-08-06,83.08999633789062,80.12769317626953
2024-08-07,82.55000305175781,79.6069564819336
2024-08-08,83.5199966430664,80.54236602783203
2024-08-09,83.7699966430664,80.78345489501953
2024-08-12,83.69999694824219,80.7159423828125
2024-08-13,84.62999725341797,81.61279296875
2024-08-14,84.13999938964844,81.14026641845703
2024-08-15,85.06999969482422,82.037109375
2024-08-16,85.5999984741211,82.54821014404297
2024-08-19,86.41000366210938,83.32933807373047
2024-08-20,86.29000091552734,83.21361541748047
2024-08-21,87.48999786376953,84.37083435058594
2024-08-22,86.73999786376953,83.64756774902344
2024-08-23,88.3499984741211,85.20018005371094
2024-08-26,88.52999877929688,85.3737564086914
2024-08-27,88.81999969482422,85.65341186523438
2024-08-28,87.97000122070312,84.8337173461914
2024-08-29,88.41000366210938,85.25804138183594
2024-08-30,88.93000030517578,85.75949096679688
2024-09-03,86.33000183105469,83.25218963623047
2024-09-04,86.11000061035156,83.04002380371094
2024-09-05,85.69000244140625,82.63500213623047
2024-09-06,84.2300033569336,81.22705841064453
2024-09-09,85.20999908447266,82.17211151123047
2024-09-10,85.02999877929688,81.99853515625
2024-09-11,85.76000213623047,82.70250701904297
2024-09-12,86.93000030517578,83.83079528808594
2024-09-13,87.72000122070312,84.59263610839844
2024-09-16,88.38999938964844,85.23873901367188
2024-09-17,88.2300033569336,85.0844497680664
2024-09-18,87.95999908447266,84.82408142089844
2024-09-19,89.81999969482422,86.61775970458984
2024-09-20,88.91999816894531,85.74984741210938
2024-09-23,89.68000030517578,86.48274993896484
2024-09-24,91.44000244140625,88.18000793457031
2024-09-25,91.05000305175781,87.80391693115234
2024-09-26,93.68000030517578,90.34014892578125
2024-09-27,93.56999969482422,90.23406982421875
2024-09-30,93.25,89.92546844482422
2024-10-01,92.88999938964844,89.57831573486328
2024-10-02,92.66999816894531,89.36615753173828
2024-10-03,91.1500015258789,87.90034484863281
2024-10-04,91.52999877929688,88.26679992675781
2024-10-07,91.23999786376953,87.98712921142578
2024-10-08,90.19000244140625,86.97457885742188
2024-10-09,90.41000366210938,87.18673706054688
2024-10-10,90.7699966430664,87.53388214111328
2024-10-11,91.16000366210938,87.90999603271484
2024-10-14,91.33000183105469,88.07392883300781
2024-10-15,90.41000366210938,87.18673706054688
2024-10-16,90.80000305175781,87.56282806396484
2024-10-17,90.44999694824219,87.22529602050781
2024-10-18,91.2300033569336,87.97749328613281
2024-10-21,90.26000213623047,87.04207611083984
2024-10-22,90.08999633789062,86.87814331054688
2024-10-23,89.26000213623047,86.07772827148438
2024-10-24,88.66000366210938,85.49911499023438
2024-10-25,88.48999786376953,85.3351821899414
2024-10-28,89.22000122070312,86.03915405273438
2024-10-29,88.83999633789062,85.67269897460938
2024-10-30,88.6500015258789,85.4894790649414
2024-10-31,87.69000244140625,84.56370544433594
2024-11-01,87.63999938964844,84.5154800415039
2024-11-04,87.87999725341797,84.7469253540039
2024-11-05,88.55999755859375,85.40267944335938
2024-11-06,88.22000122070312,85.07479858398438
2024-11-07,89.69999694824219,86.50204467773438
2024-11-08,87.72000122070312,84.59263610839844
2024-11-11,86.76000213623047,83.66685485839844
2024-11-12,84.91999816894531,81.8924560546875
2024-11-13,84.7300033569336,81.70923614501953
2024-11-14,84.37999725341797,81.3717041015625
2024-11-15,83.95999908447266,80.96668243408203
2024-11-18,84.81999969482422,81.7960205078125
2024-11-19,84.7699966430664,81.74779510498047
2024-11-20,85.08999633789062,82.05638885498047
2024-11-21,85.68000030517578,82.6253662109375
2024-11-22,85.94999694824219,82.88573455810547
2024-11-25,86.38999938964844,83.31004333496094
2024-11-26,85.5199966430664,82.47106170654297
2024-11-27,85.62999725341797,82.57714080810547
2024-11-29,86.30999755859375,83.23290252685547
2024-12-02,86.30000305175781,83.2232666015625
2024-12-03,86.55000305175781,83.46434020996094
2024-12-04,86.02999877929688,82.962890625
2024-12-05,85.41000366210938,82.36499786376953
2024-12-06,85.0199966430664,81.98888397216797
2024-12-09,85.62999725341797,82.57714080810547
2024-12-10,85.16000366210938,82.12389373779297
2024-12-11,85.29000091552734,82.24927520751953
2024-12-12,84.08000183105469,81.08240509033203
2024-12-13,83.22000122070312,80.25306701660156
2024-12-16,82.31999969482422,79.3851547241211
2024-12-17,80.69000244140625,79.11649322509766
2024-12-18,78.06999969482422,76.54759216308594
2024-12-19,77.5999984741211,76.08674621582031
2024-12-20,78.16000366210938,76.63583374023438
2024-12-23,78.43000030517578,76.90055847167969
2024-12-24,78.72000122070312,77.1849136352539
2024-12-26,78.86000061035156,77.32218170166016
2024-12-27,78.47000122070312,76.93978118896484
2024-12-30,77.80000305175781,76.28285217285156
2024-12-31,77.69999694824219,76.18479919433594
2025-01-02,77.55999755859375,76.04753112792969
2025-01-03,77.5199966430664,76.00830078125
2025-01-06,77.95999908447266,76.43972778320312
2025-01-07,77.70999908447266,76.19461059570312
2025-01-08,78.0999984741211,76.57699584960938
2025-01-10,77.38999938964844,75.88085174560547
2025-01-13,78.30000305175781,76.77310943603516
2025-01-14,79.06999969482422,77.52809143066406
2025-01-15,79.80000305175781,78.24384307861328
2025-01-16,80.11000061035156,78.54780578613281
2025-01-17,80.81999969482422,79.24395751953125
2025-01-21,82.12000274658203,80.51861572265625
2025-01-22,81.36000061035156,79.77342987060547
2025-01-23,81.7699966430664,80.17543029785156
2025-01-24,82.12999725341797,80.52841186523438
2025-01-27,82.06999969482422,80.4695816040039
2025-01-28,81.61000061035156,80.01854705810547
2025-01-29,81.30999755859375,79.72439575195312
2025-01-30,82.30999755859375,80.70490264892578
2025-01-31,81.47000122070312,79.88128662109375
2025-02-03,81.08999633789062,79.5086898803711
2025-02-04,81.77999877929688,80.18524169921875
2025-02-05,82.08000183105469,80.47938537597656
2025-02-06,82.95999908447266,81.34222412109375
2025-02-07,82.19000244140625,80.58724212646484
2025-02-10,82.75,81.13632202148438
2025-02-11,82.66000366210938,81.04808044433594
2025-02-12,82.6500015258789,81.03826904296875
2025-02-13,84.33999633789062,82.69530487060547
2025-02-14,84.18000030517578,82.53843688964844
2025-02-18,84.63999938964844,82.98946380615234
2025-02-19,83.37999725341797,81.75403594970703
2025-02-20,83.94999694824219,82.31291198730469
2025-02-21,82.97000122070312,81.3520278930664
2025-02-24,82.69999694824219,81.08729553222656
2025-02-25,83.12000274658203,81.49910736083984
2025-02-26,83.0199966430664,81.40105438232422
2025-02-27,81.97000122070312,80.37152862548828
2025-02-28,82.22000122070312,80.61665344238281
2025-03-03,81.69000244140625,80.09699249267578
2025-03-04,81.3499984741211,79.76362609863281
2025-03-05,84.20999908447266,82.5678482055664
2025-03-06,83.76000213623047,82.12663269042969
2025-03-07,84.5199966430664,82.87181091308594
2025-03-10,82.73999786376953,81.12651062011719
2025-03-11,82.51000213623047,80.9010009765625
2025-03-12,82.41999816894531,80.81275939941406
2025-03-13,82.45999908447266,80.85197448730469
2025-03-14,83.87999725341797,82.24427795410156
2025-03-17,84.88999938964844,83.23458862304688
2025-03-18,84.75,83.09732055664062
2025-03-19,84.9800033569336,83.32283782958984
2025-03-20,84.19999694824219,82.55804443359375
2025-03-21,83.04000091552734,81.42066955566406
2025-03-24,83.56999969482422,81.94032287597656
2025-03-25,83.87000274658203,82.23448181152344
2025-03-26,83.27999877929688,81.6559829711914
2025-03-27,83.11000061035156,81.48930358886719
2025-03-28,81.9000015258789,80.30289459228516
2025-03-31,81.7300033569336,80.13621520996094
2025-04-01,81.98999786376953,80.3911361694336
2025-04-02,82.30999755859375,80.70490264892578
2025-04-03,79.69000244140625,78.13600158691406
2025-04-04,74.18000030517578,72.73344421386719
2025-04-07,73.0199966430664,71.59605407714844
2025-04-08,71.62999725341797,70.23316955566406
2025-04-09,77.31999969482422,75.81221771240234
2025-04-10,76.01000213623047,74.52775573730469
2025-04-11,78.94999694824219,77.4104232788086
2025-04-14,79.58999633789062,78.0379409790039
2025-04-15,79.33999633789062,77.79281616210938
2025-04-16,79.16999816894531,77.62612915039062
2025-04-17,79.70999908447266,78.15560150146484
2025-04-21,79.11000061035156,77.56729888916016
2025-04-22,80.47000122070312,78.9007797241211
2025-04-23,80.33999633789062,78.7733154296875
2025-04-24,82.13999938964844,80.53821563720703
2025-04-25,81.76000213623047,80.1656265258789
2025-04-28,82.38999938964844,80.7833480834961
2025-04-29,82.5,80.89119720458984
2025-04-30,82.08999633789062,80.48919677734375
2025-05-01,81.62000274658203,80.02835845947266
2025-05-02,82.93000030517578,81.31281280517578
2025-05-05,82.94999694824219,81.3324203491211
2025-05-06,83.1500015258789,81.52852630615234
2025-05-07,82.33000183105469,80.72451782226562
2025-05-08,82.41000366210938,80.8029556274414
2025-05-09,82.97000122070312,81.3520278930664
2025-05-12,83.66000366210938,82.02857971191406
2025-05-13,84.16999816894531,82.52863311767578
2025-05-14,83.37999725341797,81.75403594970703
2025-05-15,84.23999786376953,82.59725952148438
2025-05-16,84.44999694824219,82.80316925048828
2025-05-19,84.88999938964844,83.23458862304688
2025-05-20,85.11000061035156,83.4502944946289
2025-05-21,84.55999755859375,82.91101837158203
2025-05-22,84.41000366210938,82.76395416259766
2025-05-23,84.7699966430664,83.11692810058594
2025-05-27,85.72000122070312,84.04840850830078
2025-05-28,84.62999725341797,82.97965240478516
2025-05-29,84.97000122070312,83.31303405761719
2025-05-30,84.97000122070312,83.31303405761719
2025-06-02,85.83999633789062,84.16606140136719
2025-06-03,85.63999938964844,83.96995544433594
2025-06-04,86.30000305175781,84.61709594726562
2025-06-05,86.25,84.56806945800781
2025-06-06,86.0,84.32293701171875
2025-06-09,86.4800033569336,84.79359436035156
2025-06-10,86.87000274658203,85.17598724365234
2025-06-11,86.47000122070312,84.78377532958984
2025-06-12,86.80000305175781,85.10734558105469
2025-06-13,85.73999786376953,84.0680160522461
2025-06-16,85.08999633789062,83.61500549316406
2025-06-17,84.11000061035156,82.6520004272461
2025-06-18,83.88999938964844,82.43580627441406
2025-06-20,82.79000091552734,81.35487365722656
2025-06-23,83.72000122070312,82.26876068115234
2025-06-24,84.62999725341797,83.16297912597656
2025-06-25,83.69999694824219,82.24909973144531
2025-06-26,85.37000274658203,83.89015197753906
2025-06-27,85.4000015258789,83.91963195800781
2025-06-30,85.47000122070312,83.9884262084961
2025-07-01,86.37000274658203,84.8728256225586
2025-07-02,87.81999969482422,86.29768371582031
2025-07-03,87.66999816894531,86.15028381347656
2025-07-07,86.62999725341797,85.12831115722656
2025-07-08,87.05000305175781,85.5410385131836
2025-07-09,87.31999969482422,85.80635070800781
2025-07-10,87.91999816894531,86.39595031738281
2025-07-11,87.48999786376953,85.97340393066406
2025-07-14,87.04000091552734,85.53121185302734
2025-07-15,85.62000274658203,84.13582611083984
2025-07-16,85.75,84.26356506347656
2025-07-17,86.05000305175781,84.55836486816406
2025-07-18,86.01000213623047,84.5190658569336
2025-07-21,87.13999938964844,85.62947082519531
2025-07-22,88.63999938964844,87.10346984863281
2025-07-23,89.43000030517578,87.87977600097656
2025-07-24,88.41999816894531,86.88728332519531
2025-07-25,88.55000305175781,87.0150375366211
2025-07-28,86.98999786376953,85.48207092285156
2025-07-29,86.73999786376953,85.23639678955078
2025-07-30,84.88999938964844,83.41847229003906
2025-07-31,84.25,82.78956604003906
2025-08-01,83.91000366210938,82.4554672241211
2025-08-04,85.22000122070312,83.74275207519531
2025-08-05,85.77999877929688,84.29304504394531
2025-08-06,85.87000274658203,84.38148498535156
2025-08-07,86.54000091552734,85.03987884521484
2025-08-08,87.25,85.73756408691406
2025-08-11,86.86000061035156,85.35433197021484
2025-08-12,87.87000274658203,86.3468246459961
2025-08-13,88.76000213623047,87.22139739990234
2025-08-14,88.11000061035156,86.58265686035156
2025-08-15,88.54000091552734,87.00520324707031
2025-08-18,88.0199966430664,86.49421691894531
2025-08-19,88.27999877929688,86.74970245361328
2025-08-20,88.43000030517578,86.8971176147461
2025-08-21,88.5199966430664,86.98554992675781
2025-08-22,90.11000061035156,88.54798889160156
2025-08-25,89.51000213623047,87.95838928222656
2025-08-26,89.79000091552734,88.23353576660156
2025-08-27,89.80999755859375,88.25318908691406
2025-08-28,90.12000274658203,88.55782318115234
2025-08-29,90.08999633789062,88.52833557128906
2025-09-02,89.63999938964844,88.08612823486328
2025-09-03,89.6500015258789,88.09596252441406
2025-09-04,89.94999694824219,88.39076232910156
2025-09-05,90.62000274658203,89.04914855957031
2025-09-08,91.23999786376953,89.65839385986328
2025-09-09,90.37000274658203,88.80348205566406
2025-09-10,90.4000015258789,88.83296203613281
2025-09-11,92.0199966430664,90.42488098144531
2025-09-12,91.5199966430664,89.93354797363281
2025-09-15,91.54000091552734,89.95319366455078
2025-09-16,91.20999908447266,89.62891387939453
2025-09-17,90.98999786376953,89.41273498535156
2025-09-18,90.69000244140625,89.11793518066406
2025-09-19,90.9000015258789,89.32429504394531
2025-09-22,91.51000213623047,89.92372131347656
2025-09-23,91.48999786376953,89.90406799316406
2025-09-24,90.62999725341797,89.05897521972656
2025-09-25,90.47000122070312,88.90174865722656
2025-09-26,91.19000244140625,89.60926818847656
2025-09-29,91.95999908447266,90.36592102050781
2025-09-30,92.47000122070312,90.86708068847656
2025-10-01,92.25,90.65088653564453
2025-10-02,92.55000305175781,90.9457015991211
2025-10-03,92.94999694824219,91.33875274658203
2025-10-06,92.93000030517578,91.31909942626953
2025-10-07,92.29000091552734,90.69020080566406
2025-10-08,92.7300033569336,91.1225814819336
2025-10-09,91.73999786376953,90.14972686767578
2025-10-10,89.94999694824219,88.39076232910156
2025-10-13,91.88999938964844,90.29712677001953
2025-10-14,92.2300033569336,90.63124084472656
2025-10-15,92.70999908447266,91.10292053222656
2025-10-16,93.05999755859375,91.44685363769531
2025-10-17,92.04000091552734,90.44453430175781
2025-10-20,93.13999938964844,91.52545928955078
2025-10-21,91.41000366210938,89.82545471191406
2025-10-22,91.20999908447266,89.62891387939453
2025-10-23,92.08000183105469,90.48384094238281
2025-10-24,91.94999694824219,90.35608673095703
2025-10-27,91.4800033569336,89.89424133300781
2025-10-28,91.72000122070312,90.13008117675781
2025-10-29,91.06999969482422,89.49134826660156
2025-10-30,90.69000244140625,89.11793518066406
2025-10-31,90.16999816894531,88.60694122314453
2025-11-03,89.2300033569336,87.6832504272461
2025-11-04,87.95999908447266,86.43525695800781
2025-11-05,89.18000030517578,87.63410949707031
2025-11-06,88.91000366210938,87.3687973022461
2025-11-07,89.7300033569336,88.17457580566406
2025-11-10,91.20999908447266,89.62891387939453
2025-11-11,91.83999633789062,90.24800109863281
2025-11-12,93.19000244140625,91.57460021972656
2025-11-13,92.19000244140625,90.59193420410156
2025-11-14,91.61000061035156,90.02198791503906
2025-11-17,90.36000061035156,88.79365539550781
2025-11-18,89.66999816894531,88.11560821533203
2025-11-19,90.02999877929688,88.46937561035156
2025-11-20,88.12000274658203,86.59248352050781
2025-11-21,89.45999908447266,87.90925598144531
2025-11-24,90.43000030517578,88.86244201660156
2025-11-25,91.63999938964844,90.05146789550781
2025-11-26,93.02999877929688,91.41737365722656
2025-11-28,93.75,92.12489318847656
2025-12-01,93.73999786376953,92.11506652832031
2025-12-02,93.37000274658203,91.75148010253906
2025-12-03,94.16999816894531,92.53760528564453
2025-12-04,94.33000183105469,92.69483947753906
2025-12-05,94.16999816894531,92.53760528564453
2025-12-08,92.93000030517578,91.31909942626953
2025-12-09,93.05999755859375,91.44685363769531
2025-12-10,94.5199966430664,92.88153839111328
2025-12-11,96.19999694824219,94.53241729736328
2025-12-12,95.93000030517578,94.26710510253906
2025-12-15,96.04000091552734,94.37519073486328
2025-12-16,95.0999984741211,94.14551544189453
2025-12-17,95.13999938964844,94.18511962890625
2025-12-18,95.4000015258789,94.44251251220703
2025-12-19,95.87999725341797,94.91768646240234
2025-12-22,97.41999816894531,96.44223022460938
2025-12-23,98.01000213623047,97.02631378173828
2025-12-24,98.0,97.01641082763672
2025-12-26,98.8499984741211,97.85787963867188
2025-12-29,97.22000122070312,96.24424743652344
2025-12-30,97.4800033569336,96.50164031982422
2025-12-31,96.63999938964844,95.6700668334961
2026-01-02,97.9000015258789,96.91741943359375
