date,close,adj_close
2014-12-01,7.0542402267456055,7.0542402267456055
2014-12-02,6.941299915313721,6.941299915313721
2014-12-03,7.02446985244751,7.02446985244751
2014-12-04,7.025179862976074,7.025179862976074
2014-12-05,7.05709981918335,7.05709981918335
2014-12-08,7.136940002441406,7.136940002441406
2014-12-09,7.1682000160217285,7.1682000160217285
2014-12-10,7.103559970855713,7.103559970855713
2014-12-11,7.140520095825195,7.140520095825195
2014-12-12,7.31102991104126,7.31102991104126
2014-12-15,7.357439994812012,7.357439994812012
2014-12-16,7.4527201652526855,7.4527201652526855
2014-12-17,7.443470001220703,7.443470001220703
2014-12-18,7.4342498779296875,7.4342498779296875
2014-12-19,7.374100208282471,7.374100208282471
2014-12-22,7.365379810333252,7.365379810333252
2014-12-23,7.4280900955200195,7.4280900955200195
2014-12-24,7.421299934387207,7.421299934387207
2014-12-25,7.443220138549805,7.443220138549805
2014-12-26,7.435100078582764,7.435100078582764
2014-12-29,7.464950084686279,7.464950084686279
2014-12-30,7.4497199058532715,7.4497199058532715
2014-12-31,7.416319847106934,7.416319847106934
2015-01-01,7.452700138092041,7.452700138092041
2015-01-02,7.455780029296875,7.455780029296875
2015-01-05,7.603640079498291,7.603640079498291
2015-01-06,7.633800029754639,7.633800029754639
2015-01-07,7.7436699867248535,7.7436699867248535
2015-01-08,7.697500228881836,7.697500228881836
2015-01-09,7.619900226593018,7.619900226593018
2015-01-12,7.644229888916016,7.644229888916016
2015-01-13,7.739799976348877,7.739799976348877
2015-01-14,7.736569881439209,7.736569881439209
2015-01-15,7.619900226593018,7.619900226593018
2015-01-16,7.599520206451416,7.599520206451416
2015-01-19,7.553199768066406,7.553199768066406
2015-01-20,7.637619972229004,7.637619972229004
2015-01-21,7.682499885559082,7.682499885559082
2015-01-22,7.574699878692627,7.574699878692627
2015-01-23,7.654369831085205,7.654369831085205
2015-01-26,7.787199974060059,7.787199974060059
2015-01-27,7.785439968109131,7.785439968109131
2015-01-28,7.731900215148926,7.731900215148926
2015-01-29,7.8180999755859375,7.8180999755859375
2015-01-30,7.814300060272217,7.814300060272217
2015-02-02,7.717010021209717,7.717010021209717
2015-02-03,7.647449970245361,7.647449970245361
2015-02-04,7.530980110168457,7.530980110168457
2015-02-05,7.625800132751465,7.625800132751465
2015-02-06,7.510819911956787,7.510819911956787
2015-02-09,7.6072998046875,7.6072998046875
2015-02-10,7.594940185546875,7.594940185546875
2015-02-11,7.571700096130371,7.571700096130371
2015-02-12,7.672220230102539,7.672220230102539
2015-02-13,7.638840198516846,7.638840198516846
2015-02-16,7.5696001052856445,7.5696001052856445
2015-02-17,7.579850196838379,7.579850196838379
2015-02-18,7.518700122833252,7.518700122833252
2015-02-19,7.5243000984191895,7.5243000984191895
2015-02-20,7.584390163421631,7.584390163421631
2015-02-23,7.5387701988220215,7.5387701988220215
2015-02-24,7.619900226593018,7.619900226593018
2015-02-25,7.5833001136779785,7.5833001136779785
2015-02-26,7.537720203399658,7.537720203399658
2015-02-27,7.650310039520264,7.650310039520264
2015-03-02,7.674180030822754,7.674180030822754
2015-03-03,7.691100120544434,7.691100120544434
2015-03-04,7.700900077819824,7.700900077819824
2015-03-05,7.768089771270752,7.768089771270752
2015-03-06,7.7192702293396,7.7192702293396
2015-03-09,7.889200210571289,7.889200210571289
2015-03-10,7.941539764404297,7.941539764404297
2015-03-11,8.088319778442383,8.088319778442383
2015-03-12,8.200980186462402,8.200980186462402
2015-03-13,8.112319946289062,8.112319946289062
2015-03-16,8.207500457763672,8.207500457763672
2015-03-17,8.261199951171875,8.261199951171875
2015-03-18,8.310959815979004,8.310959815979004
2015-03-19,8.187620162963867,8.187620162963867
2015-03-20,8.083999633789062,8.083999633789062
2015-03-23,8.020649909973145,8.020649909973145
2015-03-24,7.882599830627441,7.882599830627441
2015-03-25,7.870460033416748,7.870460033416748
2015-03-26,7.842490196228027,7.842490196228027
2015-03-27,7.905300140380859,7.905300140380859
2015-03-30,7.969019889831543,7.969019889831543
2015-03-31,8.007699966430664,8.007699966430664
2015-04-01,8.06013011932373,8.06013011932373
2015-04-02,8.01941967010498,8.01941967010498
2015-04-03,7.990019798278809,7.990019798278809
2015-04-06,7.912519931793213,7.912519931793213
2015-04-07,7.938320159912109,7.938320159912109
2015-04-08,8.066100120544434,8.066100120544434
2015-04-09,8.05502986907959,8.05502986907959
2015-04-10,8.086299896240234,8.086299896240234
2015-04-13,8.1074800491333,8.1074800491333
2015-04-14,8.082799911499023,8.082799911499023
2015-04-15,7.952899932861328,7.952899932861328
2015-04-16,7.809820175170898,7.809820175170898
2015-04-17,7.750909805297852,7.750909805297852
2015-04-20,7.828100204467773,7.828100204467773
2015-04-21,7.877019882202148,7.877019882202148
2015-04-22,7.875639915466309,7.875639915466309
2015-04-23,7.895989894866943,7.895989894866943
2015-04-24,7.837850093841553,7.837850093841553
2015-04-27,7.7813801765441895,7.7813801765441895
2015-04-28,7.731420040130615,7.731420040130615
2015-04-29,7.647600173950195,7.647600173950195
2015-04-30,7.523240089416504,7.523240089416504
2015-05-01,7.538269996643066,7.538269996643066
2015-05-04,7.603899955749512,7.603899955749512
2015-05-05,7.583640098571777,7.583640098571777
2015-05-06,7.579740047454834,7.579740047454834
2015-05-07,7.427700042724609,7.427700042724609
2015-05-08,7.4609198570251465,7.4609198570251465
2015-05-11,7.4894700050354,7.4894700050354
2015-05-12,7.565430164337158,7.565430164337158
2015-05-13,7.477059841156006,7.477059841156006
2015-05-14,7.387549877166748,7.387549877166748
2015-05-15,7.3719000816345215,7.3719000816345215
2015-05-18,7.316699981689453,7.316699981689453
2015-05-19,7.400629997253418,7.400629997253418
2015-05-20,7.532760143280029,7.532760143280029
2015-05-21,7.5706000328063965,7.5706000328063965
2015-05-22,7.557030200958252,7.557030200958252
2015-05-25,7.651820182800293,7.651820182800293
2015-05-26,7.649199962615967,7.649199962615967
2015-05-27,7.747900009155273,7.747900009155273
2015-05-28,7.776800155639648,7.776800155639648
2015-05-29,7.791609764099121,7.791609764099121
2015-06-01,7.780109882354736,7.780109882354736
2015-06-02,7.957300186157227,7.957300186157227
2015-06-03,7.831299781799316,7.831299781799316
2015-06-04,7.766469955444336,7.766469955444336
2015-06-05,7.77209997177124,7.77209997177124
2015-06-08,7.9621500968933105,7.9621500968933105
2015-06-09,7.8179497718811035,7.8179497718811035
2015-06-10,7.765890121459961,7.765890121459961
2015-06-11,7.773399829864502,7.773399829864502
2015-06-12,7.851359844207764,7.851359844207764
2015-06-15,7.766739845275879,7.766739845275879
2015-06-16,7.7548298835754395,7.7548298835754395
2015-06-17,7.762730121612549,7.762730121612549
2015-06-18,7.646299839019775,7.646299839019775
2015-06-19,7.775899887084961,7.775899887084961
2015-06-22,7.724999904632568,7.724999904632568
2015-06-23,7.7336201667785645,7.7336201667785645
2015-06-24,7.822000026702881,7.822000026702881
2015-06-25,7.8343400955200195,7.8343400955200195
2015-06-26,7.807559967041016,7.807559967041016
2015-06-29,7.9253997802734375,7.9253997802734375
2015-06-30,7.871230125427246,7.871230125427246
2015-07-01,7.8526201248168945,7.8526201248168945
2015-07-02,7.928040027618408,7.928040027618408
2015-07-03,7.954909801483154,7.954909801483154
2015-07-06,8.065019607543945,8.065019607543945
2015-07-07,8.083000183105469,8.083000183105469
2015-07-08,8.171259880065918,8.171259880065918
2015-07-09,8.22659969329834,8.22659969329834
2015-07-10,8.12279987335205,8.12279987335205
2015-07-13,8.012370109558105,8.012370109558105
2015-07-14,8.09060001373291,8.09060001373291
2015-07-15,8.118300437927246,8.118300437927246
2015-07-16,8.159729957580566,8.159729957580566
2015-07-17,8.160690307617188,8.160690307617188
2015-07-20,8.171529769897461,8.171529769897461
2015-07-21,8.219099998474121,8.219099998474121
2015-07-22,8.10420036315918,8.10420036315918
2015-07-23,8.15188980102539,8.15188980102539
2015-07-24,8.167380332946777,8.167380332946777
2015-07-27,8.206729888916016,8.206729888916016
2015-07-28,8.170929908752441,8.170929908752441
2015-07-29,8.155989646911621,8.155989646911621
2015-07-30,8.151280403137207,8.151280403137207
2015-07-31,8.157010078430176,8.157010078430176
2015-08-03,8.18019962310791,8.18019962310791
2015-08-04,8.242199897766113,8.242199897766113
2015-08-05,8.285619735717773,8.285619735717773
2015-08-06,8.250089645385742,8.250089645385742
2015-08-07,8.26846981048584,8.26846981048584
2015-08-10,8.264860153198242,8.264860153198242
2015-08-11,8.196100234985352,8.196100234985352
2015-08-12,8.269700050354004,8.269700050354004
2015-08-13,8.14877986907959,8.14877986907959
2015-08-14,8.20359992980957,8.20359992980957
2015-08-17,8.234399795532227,8.234399795532227
2015-08-18,8.206100463867188,8.206100463867188
2015-08-19,8.27715015411377,8.27715015411377
2015-08-20,8.291899681091309,8.291899681091309
2015-08-21,8.232049942016602,8.232049942016602
2015-08-24,8.213520050048828,8.213520050048828
2015-08-25,8.232009887695312,8.232009887695312
2015-08-26,8.1976900100708,8.1976900100708
2015-08-27,8.358070373535156,8.358070373535156
2015-08-28,8.299771308898926,8.299771308898926
2015-08-31,8.274359703063965,8.274359703063965
2015-09-01,8.258270263671875,8.258270263671875
2015-09-02,8.295929908752441,8.295929908752441
2015-09-03,8.243619918823242,8.243619918823242
2015-09-04,8.261409759521484,8.261409759521484
2015-09-07,8.304731369018555,8.304731369018555
2015-09-08,8.323969841003418,8.323969841003418
2015-09-09,8.228019714355469,8.228019714355469
2015-09-10,8.215129852294922,8.215129852294922
2015-09-11,8.166170120239258,8.166170120239258
2015-09-14,8.13263988494873,8.13263988494873
2015-09-15,8.18960952758789,8.18960952758789
2015-09-16,8.18416976928711,8.18416976928711
2015-09-17,8.144261360168457,8.144261360168457
2015-09-18,8.107600212097168,8.107600212097168
2015-09-21,8.163000106811523,8.163000106811523
2015-09-22,8.218230247497559,8.218230247497559
2015-09-23,8.293149948120117,8.293149948120117
2015-09-24,8.279990196228027,8.279990196228027
2015-09-25,8.470239639282227,8.470239639282227
2015-09-28,8.505889892578125,8.505889892578125
2015-09-29,8.53794002532959,8.53794002532959
2015-09-30,8.466170310974121,8.466170310974121
2015-10-01,8.51990032196045,8.51990032196045
2015-10-02,8.43416976928711,8.43416976928711
2015-10-05,8.379199981689453,8.379199981689453
2015-10-06,8.401800155639648,8.401800155639648
2015-10-07,8.279041290283203,8.279041290283203
2015-10-08,8.201910018920898,8.201910018920898
2015-10-09,8.1414213180542,8.1414213180542
2015-10-12,8.073860168457031,8.073860168457031
2015-10-13,8.096420288085938,8.096420288085938
2015-10-14,8.1427001953125,8.1427001953125
2015-10-15,8.081119537353516,8.081119537353516
2015-10-16,8.100179672241211,8.100179672241211
2015-10-19,8.115019798278809,8.115019798278809
2015-10-20,8.124850273132324,8.124850273132324
2015-10-21,8.122610092163086,8.122610092163086
2015-10-22,8.181599617004395,8.181599617004395
2015-10-23,8.296110153198242,8.296110153198242
2015-10-26,8.393500328063965,8.393500328063965
2015-10-27,8.323639869689941,8.323639869689941
2015-10-28,8.463459968566895,8.463459968566895
2015-10-29,8.571100234985352,8.571100234985352
2015-10-30,8.553190231323242,8.553190231323242
2015-11-02,8.46737003326416,8.46737003326416
2015-11-03,8.488129615783691,8.488129615783691
2015-11-04,8.502599716186523,8.502599716186523
2015-11-05,8.647500038146973,8.647500038146973
2015-11-06,8.55111026763916,8.55111026763916
2015-11-09,8.653300285339355,8.653300285339355
2015-11-10,8.650679588317871,8.650679588317871
2015-11-11,8.601070404052734,8.601070404052734
2015-11-12,8.604419708251953,8.604419708251953
2015-11-13,8.664999961853027,8.664999961853027
2015-11-16,8.72305965423584,8.72305965423584
2015-11-17,8.69968032836914,8.69968032836914
2015-11-18,8.678999900817871,8.678999900817871
2015-11-19,8.658960342407227,8.658960342407227
2015-11-20,8.602299690246582,8.602299690246582
2015-11-23,8.635669708251953,8.635669708251953
2015-11-24,8.645330429077148,8.645330429077148
2015-11-25,8.641500473022461,8.641500473022461
2015-11-26,8.64404010772705,8.64404010772705
2015-11-27,8.662220001220703,8.662220001220703
2015-11-30,8.704299926757812,8.704299926757812
2015-12-01,8.68556022644043,8.68556022644043
2015-12-02,8.62594985961914,8.62594985961914
2015-12-03,8.64663028717041,8.64663028717041
2015-12-04,8.499529838562012,8.499529838562012
2015-12-07,8.519869804382324,8.519869804382324
2015-12-08,8.663599967956543,8.663599967956543
2015-12-09,8.757829666137695,8.757829666137695
2015-12-10,8.672419548034668,8.672419548034668
2015-12-11,8.641759872436523,8.641759872436523
2015-12-14,8.68336009979248,8.68336009979248
2015-12-15,8.654800415039062,8.654800415039062
2015-12-16,8.68770980834961,8.68770980834961
2015-12-17,8.775489807128906,8.775489807128906
2015-12-18,8.759679794311523,8.759679794311523
2015-12-21,8.748530387878418,8.748530387878418
2015-12-22,8.77239990234375,8.77239990234375
2015-12-23,8.718600273132324,8.718600273132324
2015-12-24,8.713709831237793,8.713709831237793
2015-12-25,8.70833969116211,8.70833969116211
2015-12-28,8.65762996673584,8.65762996673584
2015-12-29,8.688300132751465,8.688300132751465
2015-12-30,8.694540023803711,8.694540023803711
2015-12-31,8.782259941101074,8.782259941101074
2016-01-01,8.858480453491211,8.858480453491211
2016-01-04,8.82863998413086,8.82863998413086
2016-01-05,8.878450393676758,8.878450393676758
2016-01-06,8.905850410461426,8.905850410461426
2016-01-07,8.946049690246582,8.946049690246582
2016-01-08,8.88578987121582,8.88578987121582
2016-01-11,8.871060371398926,8.871060371398926
2016-01-12,8.940299987792969,8.940299987792969
2016-01-13,8.874990463256836,8.874990463256836
2016-01-14,8.820059776306152,8.820059776306152
2016-01-15,8.76278018951416,8.76278018951416
2016-01-18,8.849349975585938,8.849349975585938
2016-01-19,8.893969535827637,8.893969535827637
2016-01-20,8.810580253601074,8.810580253601074
2016-01-21,8.877479553222656,8.877479553222656
2016-01-22,8.7808198928833,8.7808198928833
2016-01-25,8.734600067138672,8.734600067138672
2016-01-26,8.757699966430664,8.757699966430664
2016-01-27,8.705100059509277,8.705100059509277
2016-01-28,8.65287971496582,8.65287971496582
2016-01-29,8.614649772644043,8.614649772644043
2016-02-01,8.685449600219727,8.685449600219727
2016-02-02,8.680450439453125,8.680450439453125
2016-02-03,8.719679832458496,8.719679832458496
2016-02-04,8.563610076904297,8.563610076904297
2016-02-05,8.496109962463379,8.496109962463379
2016-02-08,8.56177043914795,8.56177043914795
2016-02-09,8.583160400390625,8.583160400390625
2016-02-10,8.581000328063965,8.581000328063965
2016-02-11,8.514100074768066,8.514100074768066
2016-02-12,8.554200172424316,8.554200172424316
2016-02-15,8.591329574584961,8.591329574584961
2016-02-16,8.60949993133545,8.60949993133545
2016-02-17,8.6274995803833,8.6274995803833
2016-02-18,8.54833984375,8.54833984375
2016-02-19,8.589400291442871,8.589400291442871
2016-02-22,8.56410026550293,8.56410026550293
2016-02-23,8.60696029663086,8.60696029663086
2016-02-24,8.599780082702637,8.599780082702637
2016-02-25,8.666279792785645,8.666279792785645
2016-02-26,8.623220443725586,8.623220443725586
2016-02-29,8.691109657287598,8.691109657287598
2016-03-01,8.685839653015137,8.685839653015137
2016-03-02,8.640210151672363,8.640210151672363
2016-03-03,8.661239624023438,8.661239624023438
2016-03-04,8.58329963684082,8.58329963684082
2016-03-07,8.491080284118652,8.491080284118652
2016-03-08,8.503700256347656,8.503700256347656
2016-03-09,8.565600395202637,8.565600395202637
2016-03-10,8.529680252075195,8.529680252075195
2016-03-11,8.507340431213379,8.507340431213379
2016-03-14,8.410449981689453,8.410449981689453
2016-03-15,8.469690322875977,8.469690322875977
2016-03-16,8.551440238952637,8.551440238952637
2016-03-17,8.4476900100708,8.4476900100708
2016-03-18,8.319849967956543,8.319849967956543
2016-03-21,8.37697982788086,8.37697982788086
2016-03-22,8.406089782714844,8.406089782714844
2016-03-23,8.399299621582031,8.399299621582031
2016-03-24,8.479080200195312,8.479080200195312
2016-03-25,8.48501968383789,8.48501968383789
2016-03-28,8.485980033874512,8.485980033874512
2016-03-29,8.427470207214355,8.427470207214355
2016-03-30,8.39229965209961,8.39229965209961
2016-03-31,8.30862045288086,8.30862045288086
2016-04-01,8.272970199584961,8.272970199584961
2016-04-04,8.309470176696777,8.309470176696777
2016-04-05,8.331500053405762,8.331500053405762
2016-04-06,8.331399917602539,8.331399917602539
2016-04-07,8.316459655761719,8.316459655761719
2016-04-08,8.329440116882324,8.329440116882324
2016-04-11,8.223581314086914,8.223581314086914
2016-04-12,8.196040153503418,8.196040153503418
2016-04-13,8.170599937438965,8.170599937438965
2016-04-14,8.230231285095215,8.230231285095215
2016-04-15,8.231619834899902,8.231619834899902
2016-04-18,8.312100410461426,8.312100410461426
2016-04-19,8.215749740600586,8.215749740600586
2016-04-20,8.132530212402344,8.132530212402344
2016-04-21,8.107250213623047,8.107250213623047
2016-04-22,8.200369834899902,8.200369834899902
2016-04-25,8.234199523925781,8.234199523925781
2016-04-26,8.202449798583984,8.202449798583984
2016-04-27,8.158300399780273,8.158300399780273
2016-04-28,8.146260261535645,8.146260261535645
2016-04-29,8.134381294250488,8.134381294250488
2016-05-02,8.049469947814941,8.049469947814941
2016-05-03,8.022749900817871,8.022749900817871
2016-05-04,8.114899635314941,8.114899635314941
2016-05-05,8.153289794921875,8.153289794921875
2016-05-06,8.171730041503906,8.171730041503906
2016-05-09,8.20557975769043,8.20557975769043
2016-05-10,8.210410118103027,8.210410118103027
2016-05-11,8.2012300491333,8.2012300491333
2016-05-12,8.153329849243164,8.153329849243164
2016-05-13,8.125670433044434,8.125670433044434
2016-05-16,8.193811416625977,8.193811416625977
2016-05-17,8.16100025177002,8.16100025177002
2016-05-18,8.183199882507324,8.183199882507324
2016-05-19,8.307640075683594,8.307640075683594
2016-05-20,8.348799705505371,8.348799705505371
2016-05-23,8.323590278625488,8.323590278625488
2016-05-24,8.355449676513672,8.355449676513672
2016-05-25,8.355520248413086,8.355520248413086
2016-05-26,8.317770004272461,8.317770004272461
2016-05-27,8.27122974395752,8.27122974395752
2016-05-30,8.340100288391113,8.340100288391113
2016-05-31,8.329350471496582,8.329350471496582
2016-06-01,8.370711326599121,8.370711326599121
2016-06-02,8.30150032043457,8.30150032043457
2016-06-03,8.330699920654297,8.330699920654297
2016-06-06,8.176480293273926,8.176480293273926
2016-06-07,8.170490264892578,8.170490264892578
2016-06-08,8.122170448303223,8.122170448303223
2016-06-09,8.0908203125,8.0908203125
2016-06-10,8.153800010681152,8.153800010681152
2016-06-13,8.272040367126465,8.272040367126465
2016-06-14,8.273969650268555,8.273969650268555
2016-06-15,8.35004997253418,8.35004997253418
2016-06-16,8.30700969696045,8.30700969696045
2016-06-17,8.36283016204834,8.36283016204834
2016-06-20,8.2849702835083,8.2849702835083
2016-06-21,8.275871276855469,8.275871276855469
2016-06-22,8.30636978149414,8.30636978149414
2016-06-23,8.23861026763916,8.23861026763916
2016-06-24,8.220959663391113,8.220959663391113
2016-06-27,8.53361988067627,8.53361988067627
2016-06-28,8.5658597946167,8.5658597946167
2016-06-29,8.46969985961914,8.46969985961914
2016-06-30,8.383041381835938,8.383041381835938
2016-07-01,8.352089881896973,8.352089881896973
2016-07-04,8.333869934082031,8.333869934082031
2016-07-05,8.29358959197998,8.29358959197998
2016-07-06,8.411029815673828,8.411029815673828
2016-07-07,8.433500289916992,8.433500289916992
2016-07-08,8.498820304870605,8.498820304870605
2016-07-11,8.527839660644531,8.527839660644531
2016-07-12,8.502019882202148,8.502019882202148
2016-07-13,8.439399719238281,8.439399719238281
2016-07-14,8.422240257263184,8.422240257263184
2016-07-15,8.37843132019043,8.37843132019043
2016-07-18,8.468029975891113,8.468029975891113
2016-07-19,8.434160232543945,8.434160232543945
2016-07-20,8.508399963378906,8.508399963378906
2016-07-21,8.49804973602295,8.49804973602295
2016-07-22,8.477879524230957,8.477879524230957
2016-07-25,8.55226993560791,8.55226993560791
2016-07-26,8.583250045776367,8.583250045776367
2016-07-27,8.572380065917969,8.572380065917969
2016-07-28,8.529080390930176,8.529080390930176
2016-07-29,8.553059577941895,8.553059577941895
2016-08-01,8.43982982635498,8.43982982635498
2016-08-02,8.495389938354492,8.495389938354492
2016-08-03,8.432000160217285,8.432000160217285
2016-08-04,8.453550338745117,8.453550338745117
2016-08-05,8.418780326843262,8.418780326843262
2016-08-08,8.50940990447998,8.50940990447998
2016-08-09,8.466819763183594,8.466819763183594
2016-08-10,8.405799865722656,8.405799865722656
2016-08-11,8.259400367736816,8.259400367736816
2016-08-12,8.237310409545898,8.237310409545898
2016-08-15,8.208900451660156,8.208900451660156
2016-08-16,8.217260360717773,8.217260360717773
2016-08-17,8.191559791564941,8.191559791564941
2016-08-18,8.196511268615723,8.196511268615723
2016-08-19,8.152899742126465,8.152899742126465
2016-08-22,8.240900039672852,8.240900039672852
2016-08-23,8.20680046081543,8.20680046081543
2016-08-24,8.21045970916748,8.21045970916748
2016-08-25,8.21399974822998,8.21399974822998
2016-08-26,8.21992015838623,8.21992015838623
2016-08-29,8.28320026397705,8.28320026397705
2016-08-30,8.269599914550781,8.269599914550781
2016-08-31,8.33899974822998,8.33899974822998
2016-09-01,8.333270072937012,8.333270072937012
2016-09-02,8.327659606933594,8.327659606933594
2016-09-05,8.306659698486328,8.306659698486328
2016-09-06,8.293000221252441,8.293000221252441
2016-09-07,8.176300048828125,8.176300048828125
2016-09-08,8.178730010986328,8.178730010986328
2016-09-09,8.182821273803711,8.182821273803711
2016-09-12,8.245800018310547,8.245800018310547
2016-09-13,8.221750259399414,8.221750259399414
2016-09-14,8.274700164794922,8.274700164794922
2016-09-15,8.233869552612305,8.233869552612305
2016-09-16,8.233169555664062,8.233169555664062
2016-09-19,8.31503963470459,8.31503963470459
2016-09-20,8.28557014465332,8.28557014465332
2016-09-21,8.29800033569336,8.29800033569336
2016-09-22,8.248419761657715,8.248419761657715
2016-09-23,8.128190040588379,8.128190040588379
2016-09-26,8.104869842529297,8.104869842529297
2016-09-27,8.108400344848633,8.108400344848633
2016-09-28,8.10552978515625,8.10552978515625
2016-09-29,8.024160385131836,8.024160385131836
2016-09-30,8.050000190734863,8.050000190734863
2016-10-03,7.994420051574707,7.994420051574707
2016-10-04,7.975979804992676,7.975979804992676
2016-10-05,8.008681297302246,8.008681297302246
2016-10-06,8.022741317749023,8.022741317749023
2016-10-07,8.060529708862305,8.060529708862305
2016-10-10,8.094539642333984,8.094539642333984
2016-10-11,8.079939842224121,8.079939842224121
2016-10-12,8.175620079040527,8.175620079040527
2016-10-13,8.217619895935059,8.217619895935059
2016-10-14,8.160320281982422,8.160320281982422
2016-10-17,8.231619834899902,8.231619834899902
2016-10-18,8.163599967956543,8.163599967956543
2016-10-19,8.15783977508545,8.15783977508545
2016-10-20,8.13129997253418,8.13129997253418
2016-10-21,8.183199882507324,8.183199882507324
2016-10-24,8.257519721984863,8.257519721984863
2016-10-25,8.258609771728516,8.258609771728516
2016-10-26,8.283329963684082,8.283329963684082
2016-10-27,8.267749786376953,8.267749786376953
2016-10-28,8.269269943237305,8.269269943237305
2016-10-31,8.25879955291748,8.25879955291748
2016-11-01,8.264530181884766,8.264530181884766
2016-11-02,8.216950416564941,8.216950416564941
2016-11-03,8.188920021057129,8.188920021057129
2016-11-04,8.190329551696777,8.190329551696777
2016-11-07,8.153539657592773,8.153539657592773
2016-11-08,8.233220100402832,8.233220100402832
2016-11-09,8.215950012207031,8.215950012207031
2016-11-10,8.318249702453613,8.318249702453613
2016-11-11,8.366399765014648,8.366399765014648
2016-11-14,8.426819801330566,8.426819801330566
2016-11-15,8.463210105895996,8.463210105895996
2016-11-16,8.43529987335205,8.43529987335205
2016-11-17,8.463239669799805,8.463239669799805
2016-11-18,8.54850959777832,8.54850959777832
2016-11-21,8.597399711608887,8.597399711608887
2016-11-22,8.533780097961426,8.533780097961426
2016-11-23,8.516630172729492,8.516630172729492
2016-11-24,8.621000289916992,8.621000289916992
2016-11-25,8.591099739074707,8.591099739074707
2016-11-28,8.572070121765137,8.572070121765137
2016-11-29,8.541000366210938,8.541000366210938
2016-11-30,8.527029991149902,8.527029991149902
2016-12-01,8.521180152893066,8.521180152893066
2016-12-02,8.408510208129883,8.408510208129883
2016-12-05,8.46654987335205,8.46654987335205
2016-12-06,8.380249977111816,8.380249977111816
2016-12-07,8.396510124206543,8.396510124206543
2016-12-08,8.353509902954102,8.353509902954102
2016-12-09,8.42609977722168,8.42609977722168
2016-12-12,8.478639602661133,8.478639602661133
2016-12-13,8.430100440979004,8.430100440979004
2016-12-14,8.428750038146973,8.428750038146973
2016-12-15,8.592570304870605,8.592570304870605
2016-12-16,8.658300399780273,8.658300399780273
2016-12-19,8.67770004272461,8.67770004272461
2016-12-20,8.681819915771484,8.681819915771484
2016-12-21,8.705710411071777,8.705710411071777
2016-12-22,8.678400039672852,8.678400039672852
2016-12-23,8.71127986907959,8.71127986907959
2016-12-26,8.691100120544434,8.691100120544434
2016-12-27,8.684100151062012,8.684100151062012
2016-12-28,8.704119682312012,8.704119682312012
2016-12-29,8.711179733276367,8.711179733276367
2016-12-30,8.588680267333984,8.588680267333984
2017-01-02,8.632200241088867,8.632200241088867
2017-01-03,8.654470443725586,8.654470443725586
2017-01-04,8.640250205993652,8.640250205993652
2017-01-05,8.581939697265625,8.581939697265625
2017-01-06,8.479809761047363,8.479809761047363
2017-01-09,8.535340309143066,8.535340309143066
2017-01-10,8.52791976928711,8.52791976928711
2017-01-11,8.600119590759277,8.600119590759277
2017-01-12,8.537599563598633,8.537599563598633
2017-01-13,8.522589683532715,8.522589683532715
2017-01-16,8.508779525756836,8.508779525756836
2017-01-17,8.528220176696777,8.528220176696777
2017-01-18,8.45775032043457,8.45775032043457
2017-01-19,8.49489974975586,8.49489974975586
2017-01-20,8.44435977935791,8.44435977935791
2017-01-23,8.38949966430664,8.38949966430664
2017-01-24,8.350350379943848,8.350350379943848
2017-01-25,8.351530075073242,8.351530075073242
2017-01-26,8.306699752807617,8.306699752807617
2017-01-27,8.337599754333496,8.337599754333496
2017-01-30,8.325429916381836,8.325429916381836
2017-01-31,8.304400444030762,8.304400444030762
2017-02-01,8.24402141571045,8.24402141571045
2017-02-02,8.232000350952148,8.232000350952148
2017-02-03,8.249130249023438,8.249130249023438
2017-02-06,8.206119537353516,8.206119537353516
2017-02-07,8.257200241088867,8.257200241088867
2017-02-08,8.323749542236328,8.323749542236328
2017-02-09,8.318619728088379,8.318619728088379
2017-02-10,8.33240032196045,8.33240032196045
2017-02-13,8.39430046081543,8.39430046081543
2017-02-14,8.389300346374512,8.389300346374512
2017-02-15,8.39739990234375,8.39739990234375
2017-02-16,8.33629035949707,8.33629035949707
2017-02-17,8.282999992370605,8.282999992370605
2017-02-20,8.339550018310547,8.339550018310547
2017-02-21,8.339300155639648,8.339300155639648
2017-02-22,8.350299835205078,8.350299835205078
2017-02-23,8.36970043182373,8.36970043182373
2017-02-24,8.335800170898438,8.335800170898438
2017-02-27,8.381999969482422,8.381999969482422
2017-02-28,8.371520042419434,8.371520042419434
2017-03-01,8.39661979675293,8.39661979675293
2017-03-02,8.422300338745117,8.422300338745117
2017-03-03,8.48157024383545,8.48157024383545
2017-03-06,8.422889709472656,8.422889709472656
2017-03-07,8.492600440979004,8.492600440979004
2017-03-08,8.449740409851074,8.449740409851074
2017-03-09,8.533100128173828,8.533100128173828
2017-03-10,8.588789939880371,8.588789939880371
2017-03-13,8.593299865722656,8.593299865722656
2017-03-14,8.564800262451172,8.564800262451172
2017-03-15,8.609219551086426,8.609219551086426
2017-03-16,8.498279571533203,8.498279571533203
2017-03-17,8.500300407409668,8.500300407409668
2017-03-20,8.460399627685547,8.460399627685547
2017-03-21,8.480090141296387,8.480090141296387
2017-03-22,8.467020034790039,8.467020034790039
2017-03-23,8.46304988861084,8.46304988861084
2017-03-24,8.487130165100098,8.487130165100098
2017-03-27,8.457189559936523,8.457189559936523
2017-03-28,8.488550186157227,8.488550186157227
2017-03-29,8.519499778747559,8.519499778747559
2017-03-30,8.503800392150879,8.503800392150879
2017-03-31,8.560489654541016,8.560489654541016
2017-04-03,8.581589698791504,8.581589698791504
2017-04-04,8.578100204467773,8.578100204467773
2017-04-05,8.592320442199707,8.592320442199707
2017-04-06,8.602160453796387,8.602160453796387
2017-04-07,8.620989799499512,8.620989799499512
2017-04-10,8.661520004272461,8.661520004272461
2017-04-11,8.618619918823242,8.618619918823242
2017-04-12,8.59391975402832,8.59391975402832
2017-04-13,8.540940284729004,8.540940284729004
2017-04-14,8.577300071716309,8.577300071716309
2017-04-17,8.585989952087402,8.585989952087402
2017-04-18,8.556289672851562,8.556289672851562
2017-04-19,8.50691032409668,8.50691032409668
2017-04-20,8.575750350952148,8.575750350952148
2017-04-21,8.622790336608887,8.622790336608887
2017-04-24,8.525070190429688,8.525070190429688
2017-04-25,8.5556001663208,8.5556001663208
2017-04-26,8.56820011138916,8.56820011138916
2017-04-27,8.57903003692627,8.57903003692627
2017-04-28,8.565890312194824,8.565890312194824
2017-05-01,8.565770149230957,8.565770149230957
2017-05-02,8.58141040802002,8.58141040802002
2017-05-03,8.58549976348877,8.58549976348877
2017-05-04,8.654239654541016,8.654239654541016
2017-05-05,8.678359985351562,8.678359985351562
2017-05-08,8.609589576721191,8.609589576721191
2017-05-09,8.63502025604248,8.63502025604248
2017-05-10,8.678030014038086,8.678030014038086
2017-05-11,8.632349967956543,8.632349967956543
2017-05-12,8.599579811096191,8.599579811096191
2017-05-15,8.56482982635498,8.56482982635498
2017-05-16,8.54384994506836,8.54384994506836
2017-05-17,8.463500022888184,8.463500022888184
2017-05-18,8.409500122070312,8.409500122070312
2017-05-19,8.474300384521484,8.474300384521484
2017-05-22,8.376070022583008,8.376070022583008
2017-05-23,8.346819877624512,8.346819877624512
2017-05-24,8.377699851989746,8.377699851989746
2017-05-25,8.331391334533691,8.331391334533691
2017-05-26,8.39680004119873,8.39680004119873
2017-05-29,8.38759994506836,8.38759994506836
2017-05-30,8.437520027160645,8.437520027160645
2017-05-31,8.449299812316895,8.449299812316895
2017-06-01,8.435830116271973,8.435830116271973
2017-06-02,8.452159881591797,8.452159881591797
2017-06-05,8.423399925231934,8.423399925231934
2017-06-06,8.442399978637695,8.442399978637695
2017-06-07,8.459589958190918,8.459589958190918
2017-06-08,8.497550010681152,8.497550010681152
2017-06-09,8.513839721679688,8.513839721679688
2017-06-12,8.498600006103516,8.498600006103516
2017-06-13,8.474169731140137,8.474169731140137
2017-06-14,8.434550285339355,8.434550285339355
2017-06-15,8.427359580993652,8.427359580993652
2017-06-16,8.500399589538574,8.500399589538574
2017-06-19,8.443400382995605,8.443400382995605
2017-06-20,8.507599830627441,8.507599830627441
2017-06-21,8.54520034790039,8.54520034790039
2017-06-22,8.527299880981445,8.527299880981445
2017-06-23,8.488499641418457,8.488499641418457
2017-06-26,8.441510200500488,8.441510200500488
2017-06-27,8.483710289001465,8.483710289001465
2017-06-28,8.417499542236328,8.417499542236328
2017-06-29,8.425700187683105,8.425700187683105
2017-06-30,8.375100135803223,8.375100135803223
2017-07-03,8.33899974822998,8.33899974822998
2017-07-04,8.349639892578125,8.349639892578125
2017-07-05,8.339599609375,8.339599609375
2017-07-06,8.396439552307129,8.396439552307129
2017-07-07,8.351400375366211,8.351400375366211
2017-07-10,8.353989601135254,8.353989601135254
2017-07-12,8.274029731750488,8.274029731750488
2017-07-13,8.279041290283203,8.279041290283203
2017-07-14,8.25160026550293,8.25160026550293
2017-07-17,8.180939674377441,8.180939674377441
2017-07-18,8.159279823303223,8.159279823303223
2017-07-19,8.085749626159668,8.085749626159668
2017-07-20,8.049429893493652,8.049429893493652
2017-07-21,8.043499946594238,8.043499946594238
2017-07-24,8.02869987487793,8.02869987487793
2017-07-25,8.012700080871582,8.012700080871582
2017-07-26,7.973780155181885,7.973780155181885
2017-07-27,7.89408016204834,7.89408016204834
2017-07-28,7.94635009765625,7.94635009765625
2017-07-31,7.914999961853027,7.914999961853027
2017-08-01,7.8786702156066895,7.8786702156066895
2017-08-02,7.921339988708496,7.921339988708496
2017-08-03,7.898849964141846,7.898849964141846
2017-08-04,7.894700050354004,7.894700050354004
2017-08-07,7.94297981262207,7.94297981262207
2017-08-08,7.919589996337891,7.919589996337891
2017-08-09,7.953149795532227,7.953149795532227
2017-08-10,7.947189807891846,7.947189807891846
2017-08-11,7.949699878692627,7.949699878692627
2017-08-14,7.927519798278809,7.927519798278809
2017-08-15,7.956099987030029,7.956099987030029
2017-08-16,7.949699878692627,7.949699878692627
2017-08-17,7.919300079345703,7.919300079345703
2017-08-18,7.9766998291015625,7.9766998291015625
2017-08-21,7.91402006149292,7.91402006149292
2017-08-22,7.901519775390625,7.901519775390625
2017-08-23,7.90880012512207,7.90880012512207
2017-08-24,7.860610008239746,7.860610008239746
2017-08-25,7.842510223388672,7.842510223388672
2017-08-28,7.732600212097168,7.732600212097168
2017-08-29,7.775360107421875,7.775360107421875
2017-08-30,7.754590034484863,7.754590034484863
2017-08-31,7.802000045776367,7.802000045776367
2017-09-01,7.754469871520996,7.754469871520996
2017-09-04,7.786099910736084,7.786099910736084
2017-09-05,7.813049793243408,7.813049793243408
2017-09-06,7.768400192260742,7.768400192260742
2017-09-07,7.79472017288208,7.79472017288208
2017-09-08,7.729000091552734,7.729000091552734
2017-09-11,7.749300003051758,7.749300003051758
2017-09-12,7.833199977874756,7.833199977874756
2017-09-13,7.832900047302246,7.832900047302246
2017-09-14,7.878200054168701,7.878200054168701
2017-09-15,7.872759819030762,7.872759819030762
2017-09-18,7.856289863586426,7.856289863586426
2017-09-19,7.82420015335083,7.82420015335083
2017-09-20,7.802390098571777,7.802390098571777
2017-09-21,7.874770164489746,7.874770164489746
2017-09-22,7.7964301109313965,7.7964301109313965
2017-09-25,7.815199851989746,7.815199851989746
2017-09-26,7.815899848937988,7.815899848937988
2017-09-27,7.8961100578308105,7.8961100578308105
2017-09-28,7.947700023651123,7.947700023651123
2017-09-29,7.940299987792969,7.940299987792969
2017-10-02,7.965390205383301,7.965390205383301
2017-10-03,8.003580093383789,8.003580093383789
2017-10-04,7.975729942321777,7.975729942321777
2017-10-05,7.955999851226807,7.955999851226807
2017-10-06,8.00469970703125,8.00469970703125
2017-10-09,7.987500190734863,7.987500190734863
2017-10-10,7.980400085449219,7.980400085449219
2017-10-11,7.944699764251709,7.944699764251709
2017-10-12,7.913640022277832,7.913640022277832
2017-10-13,7.904399871826172,7.904399871826172
2017-10-16,7.889019966125488,7.889019966125488
2017-10-17,7.896900177001953,7.896900177001953
2017-10-18,7.934899806976318,7.934899806976318
2017-10-19,7.953519821166992,7.953519821166992
2017-10-20,7.92710018157959,7.92710018157959
2017-10-23,7.997129917144775,7.997129917144775
2017-10-24,7.9998297691345215,7.9998297691345215
2017-10-25,8.006999969482422,8.006999969482422
2017-10-26,8.010109901428223,8.010109901428223
2017-10-27,8.183349609375,8.183349609375
2017-10-30,8.159910202026367,8.159910202026367
2017-10-31,8.149189949035645,8.149189949035645
2017-11-01,8.163949966430664,8.163949966430664
2017-11-02,8.14109992980957,8.14109992980957
2017-11-03,8.131699562072754,8.131699562072754
2017-11-06,8.164509773254395,8.164509773254395
2017-11-07,8.13029956817627,8.13029956817627
2017-11-08,8.15820026397705,8.15820026397705
2017-11-09,8.15839958190918,8.15839958190918
2017-11-10,8.127449989318848,8.127449989318848
2017-11-13,8.136750221252441,8.136750221252441
2017-11-14,8.17020034790039,8.17020034790039
2017-11-15,8.18241024017334,8.18241024017334
2017-11-17,8.206740379333496,8.206740379333496
2017-11-20,8.267550468444824,8.267550468444824
2017-11-21,8.290399551391602,8.290399551391602
2017-11-22,8.215680122375488,8.215680122375488
2017-11-23,8.155489921569824,8.155489921569824
2017-11-24,8.132499694824219,8.132499694824219
2017-11-27,8.134499549865723,8.134499549865723
2017-11-28,8.146499633789062,8.146499633789062
2017-11-29,8.238800048828125,8.238800048828125
2017-11-30,8.25028133392334,8.25028133392334
2017-12-01,8.319169998168945,8.319169998168945
2017-12-04,8.304490089416504,8.304490089416504
2017-12-05,8.320079803466797,8.320079803466797
2017-12-06,8.260299682617188,8.260299682617188
2017-12-07,8.265740394592285,8.265740394592285
2017-12-08,8.315790176391602,8.315790176391602
2017-12-11,8.297200202941895,8.297200202941895
2017-12-12,8.377249717712402,8.377249717712402
2017-12-13,8.339790344238281,8.339790344238281
2017-12-14,8.317689895629883,8.317689895629883
2017-12-15,8.29662036895752,8.29662036895752
2017-12-18,8.39430046081543,8.39430046081543
2017-12-19,8.356399536132812,8.356399536132812
2017-12-20,8.353599548339844,8.353599548339844
2017-12-21,8.405170440673828,8.405170440673828
2017-12-22,8.369331359863281,8.369331359863281
2017-12-25,8.320799827575684,8.320799827575684
2017-12-26,8.313699722290039,8.313699722290039
2017-12-27,8.308521270751953,8.308521270751953
2017-12-28,8.262080192565918,8.262080192565918
2017-12-29,8.248430252075195,8.248430252075195
2018-01-01,8.20460033416748,8.20460033416748
2018-01-02,8.194470405578613,8.194470405578613
2018-01-03,8.119939804077148,8.119939804077148
2018-01-04,8.104900360107422,8.104900360107422
2018-01-05,8.065930366516113,8.065930366516113
2018-01-08,8.042031288146973,8.042031288146973
2018-01-09,8.073639869689941,8.073639869689941
2018-01-10,8.11244010925293,8.11244010925293
2018-01-11,8.068010330200195,8.068010330200195
2018-01-12,8.006959915161133,8.006959915161133
2018-01-15,7.925970077514648,7.925970077514648
2018-01-16,7.877399921417236,7.877399921417236
2018-01-17,7.866499900817871,7.866499900817871
2018-01-18,7.882019996643066,7.882019996643066
2018-01-19,7.843100070953369,7.843100070953369
2018-01-22,7.848599910736084,7.848599910736084
2018-01-23,7.855999946594238,7.855999946594238
2018-01-24,7.818329811096191,7.818329811096191
2018-01-25,7.759749889373779,7.759749889373779
2018-01-26,7.745999813079834,7.745999813079834
2018-01-29,7.685359954833984,7.685359954833984
2018-01-30,7.709000110626221,7.709000110626221
2018-01-31,7.718299865722656,7.718299865722656
2018-02-01,7.705900192260742,7.705900192260742
2018-02-02,7.640850067138672,7.640850067138672
2018-02-05,7.734769821166992,7.734769821166992
2018-02-06,7.840109825134277,7.840109825134277
2018-02-07,7.8112101554870605,7.8112101554870605
2018-02-08,7.903029918670654,7.903029918670654
2018-02-09,7.9140801429748535,7.9140801429748535
2018-02-12,7.973499774932861,7.973499774932861
2018-02-13,7.90723991394043,7.90723991394043
2018-02-14,7.867980003356934,7.867980003356934
2018-02-15,7.781990051269531,7.781990051269531
2018-02-16,7.765210151672363,7.765210151672363
2018-02-19,7.771389961242676,7.771389961242676
2018-02-20,7.782430171966553,7.782430171966553
2018-02-21,7.842020034790039,7.842020034790039
2018-02-22,7.864980220794678,7.864980220794678
2018-02-23,7.852980136871338,7.852980136871338
2018-02-26,7.850769996643066,7.850769996643066
2018-02-27,7.820700168609619,7.820700168609619
2018-02-28,7.869999885559082,7.869999885559082
2018-03-01,7.898220062255859,7.898220062255859
2018-03-02,7.839940071105957,7.839940071105957
2018-03-05,7.7843098640441895,7.7843098640441895
2018-03-06,7.815700054168701,7.815700054168701
2018-03-07,7.776559829711914,7.776559829711914
2018-03-08,7.80994987487793,7.80994987487793
2018-03-09,7.839600086212158,7.839600086212158
2018-03-12,7.776599884033203,7.776599884033203
2018-03-13,7.743000030517578,7.743000030517578
2018-03-14,7.733500003814697,7.733500003814697
2018-03-15,7.724530220031738,7.724530220031738
2018-03-16,7.712699890136719,7.712699890136719
2018-03-19,7.7230000495910645,7.7230000495910645
2018-03-20,7.722330093383789,7.722330093383789
2018-03-21,7.741209983825684,7.741209983825684
2018-03-22,7.687600135803223,7.687600135803223
2018-03-23,7.739590167999268,7.739590167999268
2018-03-26,7.756999969482422,7.756999969482422
2018-03-27,7.671899795532227,7.671899795532227
2018-03-28,7.709000110626221,7.709000110626221
2018-03-29,7.861410140991211,7.861410140991211
2018-03-30,7.838500022888184,7.838500022888184
2018-04-02,7.853509902954102,7.853509902954102
2018-04-03,7.894989967346191,7.894989967346191
2018-04-04,7.832119941711426,7.832119941711426
2018-04-05,7.81728982925415,7.81728982925415
2018-04-06,7.833010196685791,7.833010196685791
2018-04-09,7.83512020111084,7.83512020111084
2018-04-10,7.784299850463867,7.784299850463867
2018-04-11,7.793859958648682,7.793859958648682
2018-04-12,7.758590221405029,7.758590221405029
2018-04-13,7.765160083770752,7.765160083770752
2018-04-16,7.770140171051025,7.770140171051025
2018-04-17,7.767809867858887,7.767809867858887
2018-04-18,7.760270118713379,7.760270118713379
2018-04-19,7.759300231933594,7.759300231933594
2018-04-20,7.791200160980225,7.791200160980225
2018-04-23,7.829500198364258,7.829500198364258
2018-04-24,7.891180038452148,7.891180038452148
2018-04-25,7.894100189208984,7.894100189208984
2018-04-26,7.964469909667969,7.964469909667969
2018-04-27,7.985799789428711,7.985799789428711
2018-04-30,7.96835994720459,7.96835994720459
2018-05-01,8.010589599609375,8.010589599609375
2018-05-02,8.086529731750488,8.086529731750488
2018-05-03,8.120539665222168,8.120539665222168
2018-05-04,8.04539966583252,8.04539966583252
2018-05-07,8.054900169372559,8.054900169372559
2018-05-08,8.05780029296875,8.05780029296875
2018-05-09,8.129429817199707,8.129429817199707
2018-05-10,8.077199935913086,8.077199935913086
2018-05-11,7.998730182647705,7.998730182647705
2018-05-14,7.989419937133789,7.989419937133789
2018-05-15,8.033209800720215,8.033209800720215
2018-05-16,8.125160217285156,8.125160217285156
2018-05-17,8.065699577331543,8.065699577331543
2018-05-18,8.130229949951172,8.130229949951172
2018-05-21,8.116069793701172,8.116069793701172
2018-05-22,8.047100067138672,8.047100067138672
2018-05-23,8.049019813537598,8.049019813537598
2018-05-24,8.079649925231934,8.079649925231934
2018-05-25,8.098250389099121,8.098250389099121
2018-05-28,8.153300285339355,8.153300285339355
2018-05-29,8.188739776611328,8.188739776611328
2018-05-30,8.291210174560547,8.291210174560547
2018-05-31,8.184100151062012,8.184100151062012
2018-06-01,8.17743968963623,8.17743968963623
2018-06-04,8.179579734802246,8.179579734802246
2018-06-05,8.11851978302002,8.11851978302002
2018-06-06,8.102899551391602,8.102899551391602
2018-06-07,8.072010040283203,8.072010040283203
2018-06-08,8.06101131439209,8.06101131439209
2018-06-11,8.050149917602539,8.050149917602539
2018-06-12,8.047100067138672,8.047100067138672
2018-06-13,8.048580169677734,8.048580169677734
2018-06-14,8.008549690246582,8.008549690246582
2018-06-15,8.134200096130371,8.134200096130371
2018-06-18,8.149700164794922,8.149700164794922
2018-06-19,8.122220039367676,8.122220039367676
2018-06-20,8.18179988861084,8.18179988861084
2018-06-21,8.175840377807617,8.175840377807617
2018-06-22,8.123800277709961,8.123800277709961
2018-06-25,8.088399887084961,8.088399887084961
2018-06-26,8.107000350952148,8.107000350952148
2018-06-27,8.128629684448242,8.128629684448242
2018-06-28,8.184320449829102,8.184320449829102
2018-06-29,8.190469741821289,8.190469741821289
2018-07-02,8.152700424194336,8.152700424194336
2018-07-03,8.166810035705566,8.166810035705566
2018-07-04,8.137260437011719,8.137260437011719
2018-07-05,8.112059593200684,8.112059593200684
2018-07-06,8.060799598693848,8.060799598693848
2018-07-09,8.025899887084961,8.025899887084961
2018-07-10,8.017379760742188,8.017379760742188
2018-07-11,8.027799606323242,8.027799606323242
2018-07-12,8.106399536132812,8.106399536132812
2018-07-13,8.10949993133545,8.10949993133545
2018-07-16,8.116299629211426,8.116299629211426
2018-07-17,8.102470397949219,8.102470397949219
2018-07-18,8.152899742126465,8.152899742126465
2018-07-19,8.17024040222168,8.17024040222168
2018-07-20,8.222990036010742,8.222990036010742
2018-07-23,8.158499717712402,8.158499717712402
2018-07-24,8.19279956817627,8.19279956817627
2018-07-25,8.175299644470215,8.175299644470215
2018-07-26,8.126099586486816,8.126099586486816
2018-07-27,8.186019897460938,8.186019897460938
2018-07-30,8.18789005279541,8.18789005279541
2018-07-31,8.1316499710083,8.1316499710083
2018-08-01,8.156999588012695,8.156999588012695
2018-08-02,8.171270370483398,8.171270370483398
2018-08-03,8.238289833068848,8.238289833068848
2018-08-06,8.260180473327637,8.260180473327637
2018-08-07,8.249799728393555,8.249799728393555
2018-08-08,8.196900367736816,8.196900367736816
2018-08-09,8.21660041809082,8.21660041809082
2018-08-10,8.319230079650879,8.319230079650879
2018-08-13,8.370400428771973,8.370400428771973
2018-08-14,8.369290351867676,8.369290351867676
2018-08-15,8.415399551391602,8.415399551391602
2018-08-16,8.458279609680176,8.458279609680176
2018-08-17,8.478799819946289,8.478799819946289
2018-08-20,8.451899528503418,8.451899528503418
2018-08-21,8.437259674072266,8.437259674072266
2018-08-22,8.401220321655273,8.401220321655273
2018-08-23,8.350390434265137,8.350390434265137
2018-08-24,8.386549949645996,8.386549949645996
2018-08-27,8.311019897460938,8.311019897460938
2018-08-28,8.323089599609375,8.323089599609375
2018-08-29,8.341670036315918,8.341670036315918
2018-08-30,8.32759952545166,8.32759952545166
2018-08-31,8.346719741821289,8.346719741821289
2018-09-03,8.390899658203125,8.390899658203125
2018-09-04,8.35531997680664,8.35531997680664
2018-09-05,8.391940116882324,8.391940116882324
2018-09-06,8.398810386657715,8.398810386657715
2018-09-07,8.421199798583984,8.421199798583984
2018-09-10,8.436300277709961,8.436300277709961
2018-09-11,8.38757038116455,8.38757038116455
2018-09-12,8.32450008392334,8.32450008392334
2018-09-13,8.255999565124512,8.255999565124512
2018-09-14,8.214799880981445,8.214799880981445
2018-09-17,8.250709533691406,8.250709533691406
2018-09-18,8.182660102844238,8.182660102844238
2018-09-19,8.150930404663086,8.150930404663086
2018-09-20,8.147600173950195,8.147600173950195
2018-09-21,8.145400047302246,8.145400047302246
2018-09-24,8.140580177307129,8.140580177307129
2018-09-25,8.137299537658691,8.137299537658691
2018-09-26,8.130800247192383,8.130800247192383
2018-09-27,8.103019714355469,8.103019714355469
2018-09-28,8.155599594116211,8.155599594116211
2018-10-01,8.14363956451416,8.14363956451416
2018-10-02,8.150230407714844,8.150230407714844
2018-10-03,8.169449806213379,8.169449806213379
2018-10-04,8.2298002243042,8.2298002243042
2018-10-05,8.244669914245605,8.244669914245605
2018-10-08,8.259340286254883,8.259340286254883
2018-10-09,8.274299621582031,8.274299621582031
2018-10-10,8.257499694824219,8.257499694824219
2018-10-11,8.219389915466309,8.219389915466309
2018-10-12,8.21321964263916,8.21321964263916
2018-10-15,8.1697998046875,8.1697998046875
2018-10-16,8.146300315856934,8.146300315856934
2018-10-17,8.143199920654297,8.143199920654297
2018-10-18,8.213910102844238,8.213910102844238
2018-10-19,8.272100448608398,8.272100448608398
2018-10-22,8.224100112915039,8.224100112915039
2018-10-23,8.251799583435059,8.251799583435059
2018-10-24,8.285699844360352,8.285699844360352
2018-10-25,8.342949867248535,8.342949867248535
2018-10-26,8.344420433044434,8.344420433044434
2018-10-29,8.355899810791016,8.355899810791016
2018-10-30,8.38761043548584,8.38761043548584
2018-10-31,8.406399726867676,8.406399726867676
2018-11-01,8.431180000305176,8.431180000305176
2018-11-02,8.355400085449219,8.355400085449219
2018-11-05,8.355600357055664,8.355600357055664
2018-11-06,8.35319995880127,8.35319995880127
2018-11-07,8.354249954223633,8.354249954223633
2018-11-08,8.341150283813477,8.341150283813477
2018-11-09,8.379440307617188,8.379440307617188
2018-11-12,8.430700302124023,8.430700302124023
2018-11-13,8.51869010925293,8.51869010925293
2018-11-14,8.478599548339844,8.478599548339844
2018-11-15,8.506629943847656,8.506629943847656
2018-11-16,8.485589981079102,8.485589981079102
2018-11-19,8.431699752807617,8.431699752807617
2018-11-20,8.474100112915039,8.474100112915039
2018-11-21,8.581899642944336,8.581899642944336
2018-11-22,8.520730018615723,8.520730018615723
2018-11-23,8.52910041809082,8.52910041809082
2018-11-26,8.589790344238281,8.589790344238281
2018-11-27,8.581060409545898,8.581060409545898
2018-11-28,8.594249725341797,8.594249725341797
2018-11-29,8.55210018157959,8.55210018157959
2018-11-30,8.53009033203125,8.53009033203125
2018-12-03,8.553389549255371,8.553389549255371
2018-12-04,8.523039817810059,8.523039817810059
2018-12-05,8.508819580078125,8.508819580078125
2018-12-06,8.503199577331543,8.503199577331543
2018-12-07,8.51669979095459,8.51669979095459
2018-12-10,8.497200012207031,8.497200012207031
2018-12-11,8.557600021362305,8.557600021362305
2018-12-12,8.574569702148438,8.574569702148438
2018-12-13,8.570429801940918,8.570429801940918
2018-12-14,8.551600456237793,8.551600456237793
2018-12-17,8.616600036621094,8.616600036621094
2018-12-18,8.640279769897461,8.640279769897461
2018-12-19,8.72523021697998,8.72523021697998
2018-12-20,8.715539932250977,8.715539932250977
2018-12-21,8.670760154724121,8.670760154724121
2018-12-24,8.76990032196045,8.76990032196045
2018-12-25,8.7475004196167,8.7475004196167
2018-12-26,8.748970031738281,8.748970031738281
2018-12-27,8.748029708862305,8.748029708862305
2018-12-28,8.761980056762695,8.761980056762695
2018-12-31,8.707500457763672,8.707500457763672
2019-01-01,8.360580444335938,8.360580444335938
2019-01-02,8.64645004272461,8.64645004272461
2019-01-03,8.779809951782227,8.779809951782227
2019-01-04,8.69064998626709,8.69064998626709
2019-01-07,8.605770111083984,8.605770111083984
2019-01-08,8.526459693908691,8.526459693908691
2019-01-09,8.532400131225586,8.532400131225586
2019-01-10,8.459349632263184,8.459349632263184
2019-01-11,8.472599983215332,8.472599983215332
2019-01-14,8.538299560546875,8.538299560546875
2019-01-15,8.544099807739258,8.544099807739258
2019-01-16,8.536600112915039,8.536600112915039
2019-01-17,8.536319732666016,8.536319732666016
2019-01-18,8.54578971862793,8.54578971862793
2019-01-21,8.559000015258789,8.559000015258789
2019-01-22,8.555299758911133,8.555299758911133
2019-01-23,8.600000381469727,8.600000381469727
2019-01-24,8.562780380249023,8.562780380249023
2019-01-25,8.577400207519531,8.577400207519531
2019-01-28,8.50961971282959,8.50961971282959
2019-01-29,8.50570011138916,8.50570011138916
2019-01-30,8.4931001663208,8.4931001663208
2019-01-31,8.417499542236328,8.417499542236328
2019-02-01,8.430100440979004,8.430100440979004
2019-02-04,8.433199882507324,8.433199882507324
2019-02-05,8.45989990234375,8.45989990234375
2019-02-06,8.479740142822266,8.479740142822266
2019-02-07,8.54069995880127,8.54069995880127
2019-02-08,8.593799591064453,8.593799591064453
2019-02-11,8.640390396118164,8.640390396118164
2019-02-12,8.710479736328125,8.710479736328125
2019-02-13,8.641039848327637,8.641039848327637
2019-02-14,8.65719985961914,8.65719985961914
2019-02-15,8.648799896240234,8.648799896240234
2019-02-18,8.635149955749512,8.635149955749512
2019-02-19,8.606249809265137,8.606249809265137
2019-02-20,8.56941032409668,8.56941032409668
2019-02-21,8.587030410766602,8.587030410766602
2019-02-22,8.624199867248535,8.624199867248535
2019-02-25,8.59529972076416,8.59529972076416
2019-02-26,8.590259552001953,8.590259552001953
2019-02-27,8.557390213012695,8.557390213012695
2019-02-28,8.542900085449219,8.542900085449219
2019-03-01,8.558300018310547,8.558300018310547
2019-03-04,8.560600280761719,8.560600280761719
2019-03-05,8.654170036315918,8.654170036315918
2019-03-06,8.664290428161621,8.664290428161621
2019-03-07,8.658699989318848,8.658699989318848
2019-03-08,8.774100303649902,8.774100303649902
2019-03-11,8.740389823913574,8.740389823913574
2019-03-12,8.651320457458496,8.651320457458496
2019-03-13,8.635359764099121,8.635359764099121
2019-03-14,8.563750267028809,8.563750267028809
2019-03-15,8.567839622497559,8.567839622497559
2019-03-18,8.534299850463867,8.534299850463867
2019-03-19,8.546699523925781,8.546699523925781
2019-03-20,8.524900436401367,8.524900436401367
2019-03-21,8.49116039276123,8.49116039276123
2019-03-22,8.447500228881836,8.447500228881836
2019-03-25,8.559000015258789,8.559000015258789
2019-03-26,8.530200004577637,8.530200004577637
2019-03-27,8.5378999710083,8.5378999710083
2019-03-28,8.630419731140137,8.630419731140137
2019-03-29,8.63379955291748,8.63379955291748
2019-04-01,8.606900215148926,8.606900215148926
2019-04-02,8.588800430297852,8.588800430297852
2019-04-03,8.600500106811523,8.600500106811523
2019-04-04,8.562999725341797,8.562999725341797
2019-04-05,8.59570026397705,8.59570026397705
2019-04-08,8.606499671936035,8.606499671936035
2019-04-09,8.554730415344238,8.554730415344238
2019-04-10,8.553999900817871,8.553999900817871
2019-04-11,8.49370002746582,8.49370002746582
2019-04-12,8.530710220336914,8.530710220336914
2019-04-15,8.488300323486328,8.488300323486328
2019-04-16,8.487500190734863,8.487500190734863
2019-04-17,8.489100456237793,8.489100456237793
2019-04-18,8.492659568786621,8.492659568786621
2019-04-19,8.50979995727539,8.50979995727539
2019-04-22,8.5178804397583,8.5178804397583
2019-04-23,8.494170188903809,8.494170188903809
2019-04-24,8.5520601272583,8.5520601272583
2019-04-25,8.640000343322754,8.640000343322754
2019-04-26,8.66685962677002,8.66685962677002
2019-04-29,8.684499740600586,8.684499740600586
2019-04-30,8.652990341186523,8.652990341186523
2019-05-01,8.630419731140137,8.630419731140137
2019-05-02,8.667289733886719,8.667289733886719
2019-05-03,8.755220413208008,8.755220413208008
2019-05-06,8.744930267333984,8.744930267333984
2019-05-07,8.722999572753906,8.722999572753906
2019-05-08,8.746600151062012,8.746600151062012
2019-05-09,8.761199951171875,8.761199951171875
2019-05-10,8.78279972076416,8.78279972076416
2019-05-13,8.722399711608887,8.722399711608887
2019-05-14,8.756999969482422,8.756999969482422
2019-05-15,8.743399620056152,8.743399620056152
2019-05-16,8.714960098266602,8.714960098266602
2019-05-17,8.753000259399414,8.753000259399414
2019-05-20,8.779399871826172,8.779399871826172
2019-05-21,8.78380012512207,8.78380012512207
2019-05-23,8.756500244140625,8.756500244140625
2019-05-24,8.747300148010254,8.747300148010254
2019-05-27,8.682299613952637,8.682299613952637
2019-05-28,8.700300216674805,8.700300216674805
2019-05-29,8.712599754333496,8.712599754333496
2019-05-30,8.739689826965332,8.739689826965332
2019-05-31,8.77554988861084,8.77554988861084
2019-06-03,8.758399963378906,8.758399963378906
2019-06-04,8.698100090026855,8.698100090026855
2019-06-05,8.695280075073242,8.695280075073242
2019-06-06,8.731900215148926,8.731900215148926
2019-06-07,8.694109916687012,8.694109916687012
2019-06-10,8.616999626159668,8.616999626159668
2019-06-11,8.647899627685547,8.647899627685547
2019-06-12,8.627440452575684,8.627440452575684
2019-06-13,8.658539772033691,8.658539772033691
2019-06-14,8.674099922180176,8.674099922180176
2019-06-17,8.70559024810791,8.70559024810791
2019-06-18,8.726400375366211,8.726400375366211
2019-06-19,8.737569808959961,8.737569808959961
2019-06-20,8.691080093383789,8.691080093383789
2019-06-21,8.549980163574219,8.549980163574219
2019-06-24,8.491920471191406,8.491920471191406
2019-06-25,8.479780197143555,8.479780197143555
2019-06-26,8.541629791259766,8.541629791259766
2019-06-27,8.490870475769043,8.490870475769043
2019-06-28,8.508000373840332,8.508000373840332
2019-07-01,8.519700050354004,8.519700050354004
2019-07-02,8.583239555358887,8.583239555358887
2019-07-03,8.567540168762207,8.567540168762207
2019-07-04,8.524900436401367,8.524900436401367
2019-07-05,8.527600288391113,8.527600288391113
2019-07-08,8.61240005493164,8.61240005493164
2019-07-09,8.637900352478027,8.637900352478027
2019-07-10,8.648200035095215,8.648200035095215
2019-07-11,8.575400352478027,8.575400352478027
2019-07-12,8.541099548339844,8.541099548339844
2019-07-15,8.534290313720703,8.534290313720703
2019-07-16,8.535889625549316,8.535889625549316
2019-07-17,8.571800231933594,8.571800231933594
2019-07-18,8.583499908447266,8.583499908447266
2019-07-19,8.547809600830078,8.547809600830078
2019-07-22,8.570899963378906,8.570899963378906
2019-07-23,8.615799903869629,8.615799903869629
2019-07-24,8.682950019836426,8.682950019836426
2019-07-25,8.639599800109863,8.639599800109863
2019-07-26,8.673500061035156,8.673500061035156
2019-07-29,8.713939666748047,8.713939666748047
2019-07-30,8.697600364685059,8.697600364685059
2019-07-31,8.753769874572754,8.753769874572754
2019-08-01,8.858699798583984,8.858699798583984
2019-08-02,8.895039558410645,8.895039558410645
2019-08-05,8.913180351257324,8.913180351257324
2019-08-06,8.909500122070312,8.909500122070312
2019-08-07,8.89995002746582,8.89995002746582
2019-08-08,8.947600364685059,8.947600364685059
2019-08-09,8.923359870910645,8.923359870910645
2019-08-12,8.870200157165527,8.870200157165527
2019-08-13,8.907910346984863,8.907910346984863
2019-08-14,8.86596965789795,8.86596965789795
2019-08-15,8.977250099182129,8.977250099182129
2019-08-16,9.016500473022461,9.016500473022461
2019-08-19,9.001700401306152,9.001700401306152
2019-08-20,8.980199813842773,8.980199813842773
2019-08-21,8.985799789428711,8.985799789428711
2019-08-22,8.934430122375488,8.934430122375488
2019-08-23,8.976499557495117,8.976499557495117
2019-08-26,8.993499755859375,8.993499755859375
2019-08-27,9.002570152282715,9.002570152282715
2019-08-28,9.006999969482422,9.006999969482422
2019-08-29,9.038829803466797,9.038829803466797
2019-08-30,9.092659950256348,9.092659950256348
2019-09-02,9.111200332641602,9.111200332641602
2019-09-03,9.109089851379395,9.109089851379395
2019-09-04,9.103289604187012,9.103289604187012
2019-09-05,9.027000427246094,9.027000427246094
2019-09-06,9.007399559020996,9.007399559020996
2019-09-09,8.980230331420898,8.980230331420898
2019-09-10,8.922750473022461,8.922750473022461
2019-09-11,8.94948959350586,8.94948959350586
2019-09-12,8.951519966125488,8.951519966125488
2019-09-13,8.975179672241211,8.975179672241211
2019-09-16,8.924599647521973,8.924599647521973
2019-09-17,8.956199645996094,8.956199645996094
2019-09-18,8.92199993133545,8.92199993133545
2019-09-19,8.945300102233887,8.945300102233887
2019-09-20,8.972000122070312,8.972000122070312
2019-09-23,9.060700416564941,9.060700416564941
2019-09-24,9.040599822998047,9.040599822998047
2019-09-25,9.008299827575684,9.008299827575684
2019-09-26,9.044699668884277,9.044699668884277
2019-09-27,9.07960033416748,9.07960033416748
2019-09-30,9.06879997253418,9.06879997253418
2019-10-01,9.098039627075195,9.098039627075195
2019-10-02,9.123470306396484,9.123470306396484
2019-10-03,9.125,9.125
2019-10-04,9.115579605102539,9.115579605102539
2019-10-07,9.093799591064453,9.093799591064453
2019-10-08,9.134300231933594,9.134300231933594
2019-10-09,9.16012954711914,9.16012954711914
2019-10-10,9.17300033569336,9.17300033569336
2019-10-11,9.117500305175781,9.117500305175781
2019-10-14,9.08240032196045,9.08240032196045
2019-10-15,9.107720375061035,9.107720375061035
2019-10-16,9.127679824829102,9.127679824829102
2019-10-17,9.175589561462402,9.175589561462402
2019-10-18,9.180310249328613,9.180310249328613
2019-10-21,9.162139892578125,9.162139892578125
2019-10-22,9.133870124816895,9.133870124816895
2019-10-23,9.144160270690918,9.144160270690918
2019-10-24,9.12405014038086,9.12405014038086
2019-10-25,9.142200469970703,9.142200469970703
2019-10-28,9.193790435791016,9.193790435791016
2019-10-29,9.218999862670898,9.218999862670898
2019-10-30,9.226699829101562,9.226699829101562
2019-10-31,9.17372989654541,9.17372989654541
2019-11-01,9.190699577331543,9.190699577331543
2019-11-04,9.089699745178223,9.089699745178223
2019-11-05,9.135880470275879,9.135880470275879
2019-11-06,9.172380447387695,9.172380447387695
2019-11-07,9.167180061340332,9.167180061340332
2019-11-08,9.10509967803955,9.10509967803955
2019-11-11,9.135580062866211,9.135580062866211
2019-11-12,9.128629684448242,9.128629684448242
2019-11-13,9.162690162658691,9.162690162658691
2019-11-14,9.18278980255127,9.18278980255127
2019-11-15,9.166099548339844,9.166099548339844
2019-11-18,9.084400177001953,9.084400177001953
2019-11-19,9.112000465393066,9.112000465393066
2019-11-20,9.128000259399414,9.128000259399414
2019-11-21,9.128000259399414,9.128000259399414
2019-11-22,9.14050006866455,9.14050006866455
2019-11-25,9.156689643859863,9.156689643859863
2019-11-26,9.181400299072266,9.181400299072266
2019-11-27,9.164799690246582,9.164799690246582
2019-11-28,9.166299819946289,9.166299819946289
2019-11-29,9.163900375366211,9.163900375366211
2019-12-02,9.206729888916016,9.206729888916016
2019-12-03,9.168510437011719,9.168510437011719
2019-12-04,9.182600021362305,9.182600021362305
2019-12-05,9.15880012512207,9.15880012512207
2019-12-06,9.137499809265137,9.137499809265137
2019-12-09,9.127090454101562,9.127090454101562
2019-12-10,9.145500183105469,9.145500183105469
2019-12-11,9.175140380859375,9.175140380859375
2019-12-12,9.106900215148926,9.106900215148926
2019-12-13,9.038470268249512,9.038470268249512
2019-12-16,9.025739669799805,9.025739669799805
2019-12-17,9.01259994506836,9.01259994506836
2019-12-18,9.025569915771484,9.025569915771484
2019-12-19,9.00730037689209,9.00730037689209
2019-12-20,8.963500022888184,8.963500022888184
2019-12-23,8.967729568481445,8.967729568481445
2019-12-24,8.955039978027344,8.955039978027344
2019-12-25,8.914600372314453,8.914600372314453
2019-12-26,8.908889770507812,8.908889770507812
2019-12-27,8.879199981689453,8.879199981689453
2019-12-30,8.805800437927246,8.805800437927246
2019-12-31,8.816180229187012,8.816180229187012
2020-01-01,8.357110023498535,8.357110023498535
2020-01-02,8.769969940185547,8.769969940185547
2020-01-03,8.790900230407715,8.790900230407715
2020-01-06,8.834199905395508,8.834199905395508
2020-01-07,8.791500091552734,8.791500091552734
2020-01-08,8.858610153198242,8.858610153198242
2020-01-09,8.86536979675293,8.86536979675293
2020-01-10,8.877400398254395,8.877400398254395
2020-01-13,8.890899658203125,8.890899658203125
2020-01-14,8.888299942016602,8.888299942016602
2020-01-15,8.873100280761719,8.873100280761719
2020-01-16,8.855400085449219,8.855400085449219
2020-01-17,8.886199951171875,8.886199951171875
2020-01-20,8.908499717712402,8.908499717712402
2020-01-21,8.926600456237793,8.926600456237793
2020-01-22,8.983200073242188,8.983200073242188
2020-01-23,8.976900100708008,8.976900100708008
2020-01-24,8.992799758911133,8.992799758911133
2020-01-27,9.061400413513184,9.061400413513184
2020-01-28,9.141200065612793,9.141200065612793
2020-01-29,9.111390113830566,9.111390113830566
2020-01-30,9.160300254821777,9.160300254821777
2020-01-31,9.189499855041504,9.189499855041504
2020-02-03,9.206609725952148,9.206609725952148
2020-02-04,9.284070014953613,9.284070014953613
2020-02-05,9.21150016784668,9.21150016784668
2020-02-06,9.207300186157227,9.207300186157227
2020-02-07,9.218899726867676,9.218899726867676
2020-02-10,9.298689842224121,9.298689842224121
2020-02-11,9.285619735717773,9.285619735717773
2020-02-12,9.242890357971191,9.242890357971191
2020-02-13,9.239150047302246,9.239150047302246
2020-02-14,9.251299858093262,9.251299858093262
2020-02-17,9.239700317382812,9.239700317382812
2020-02-18,9.255160331726074,9.255160331726074
2020-02-19,9.326729774475098,9.326729774475098
2020-02-20,9.263400077819824,9.263400077819824
2020-02-21,9.320710182189941,9.320710182189941
2020-02-24,9.329110145568848,9.329110145568848
2020-02-25,9.34926986694336,9.34926986694336
2020-02-26,9.359789848327637,9.359789848327637
2020-02-27,9.399689674377441,9.399689674377441
2020-02-28,9.386910438537598,9.386910438537598
2020-03-02,9.414790153503418,9.414790153503418
2020-03-03,9.282489776611328,9.282489776611328
2020-03-04,9.272379875183105,9.272379875183105
2020-03-05,9.253580093383789,9.253580093383789
2020-03-06,9.288579940795898,9.288579940795898
2020-03-09,9.479000091552734,9.479000091552734
2020-03-10,9.542229652404785,9.542229652404785
2020-03-11,9.590129852294922,9.590129852294922
2020-03-12,9.69729995727539,9.69729995727539
2020-03-13,10.098719596862793,10.098719596862793
2020-03-16,10.131819725036621,10.131819725036621
2020-03-17,10.268719673156738,10.268719673156738
2020-03-18,10.370149612426758,10.370149612426758
2020-03-19,10.779120445251465,10.779120445251465
2020-03-20,7.735320091247559,7.735320091247559
2020-03-23,11.759900093078613,11.759900093078613
2020-03-24,11.47665023803711,11.47665023803711
2020-03-25,11.02455997467041,11.02455997467041
2020-03-26,10.711730003356934,10.711730003356934
2020-03-27,10.398730278015137,10.398730278015137
2020-03-30,10.48859977722168,10.48859977722168
2020-03-31,10.532620429992676,10.532620429992676
2020-04-01,10.409890174865723,10.409890174865723
2020-04-02,10.454299926757812,10.454299926757812
2020-04-03,10.38008975982666,10.38008975982666
2020-04-06,10.568699836730957,10.568699836730957
2020-04-07,10.404950141906738,10.404950141906738
2020-04-08,10.242630004882812,10.242630004882812
2020-04-09,10.224300384521484,10.224300384521484
2020-04-10,10.173100471496582,10.173100471496582
2020-04-13,10.225099563598633,10.225099563598633
2020-04-14,10.27655029296875,10.27655029296875
2020-04-15,10.295960426330566,10.295960426330566
2020-04-16,10.516400337219238,10.516400337219238
2020-04-17,10.360919952392578,10.360919952392578
2020-04-20,10.333900451660156,10.333900451660156
2020-04-21,10.426219940185547,10.426219940185547
2020-04-22,10.587929725646973,10.587929725646973
2020-04-23,10.786600112915039,10.786600112915039
2020-04-24,10.633999824523926,10.633999824523926
2020-04-27,10.62600040435791,10.62600040435791
2020-04-28,10.489299774169922,10.489299774169922
2020-04-29,10.406880378723145,10.406880378723145
2020-04-30,10.305100440979004,10.305100440979004
2020-05-01,10.245759963989258,10.245759963989258
2020-05-04,10.430649757385254,10.430649757385254
2020-05-05,10.317429542541504,10.317429542541504
2020-05-06,10.252099990844727,10.252099990844727
2020-05-07,10.271240234375,10.271240234375
2020-05-08,10.232580184936523,10.232580184936523
2020-05-11,10.213600158691406,10.213600158691406
2020-05-12,10.287389755249023,10.287389755249023
2020-05-13,10.16349983215332,10.16349983215332
2020-05-14,10.154899597167969,10.154899597167969
2020-05-15,10.143400192260742,10.143400192260742
2020-05-18,10.23523998260498,10.23523998260498
2020-05-19,10.0181303024292,10.0181303024292
2020-05-20,9.971199989318848,9.971199989318848
2020-05-21,9.8985595703125,9.8985595703125
2020-05-22,9.94219970703125,9.94219970703125
2020-05-25,9.993020057678223,9.993020057678223
2020-05-26,10.053500175476074,10.053500175476074
2020-05-27,9.886899948120117,9.886899948120117
2020-05-28,9.85044002532959,9.85044002532959
2020-05-29,9.776000022888184,9.776000022888184
2020-06-01,9.726799964904785,9.726799964904785
2020-06-02,9.634320259094238,9.634320259094238
2020-06-03,9.520609855651855,9.520609855651855
2020-06-04,9.449600219726562,9.449600219726562
2020-06-05,9.347450256347656,9.347450256347656
2020-06-08,9.26140022277832,9.26140022277832
2020-06-09,9.240400314331055,9.240400314331055
2020-06-10,9.278599739074707,9.278599739074707
2020-06-11,9.331999778747559,9.331999778747559
2020-06-12,9.633500099182129,9.633500099182129
2020-06-15,9.685500144958496,9.685500144958496
2020-06-16,9.506609916687012,9.506609916687012
2020-06-17,9.555219650268555,9.555219650268555
2020-06-18,9.53225040435791,9.53225040435791
2020-06-19,9.525239944458008,9.525239944458008
2020-06-22,9.66569995880127,9.66569995880127
2020-06-23,9.555800437927246,9.555800437927246
2020-06-24,9.51377010345459,9.51377010345459
2020-06-25,9.672900199890137,9.672900199890137
2020-06-26,9.654540061950684,9.654540061950684
2020-06-29,9.70635986328125,9.70635986328125
2020-06-30,9.665650367736816,9.665650367736816
2020-07-01,9.621500015258789,9.621500015258789
2020-07-02,9.513819694519043,9.513819694519043
2020-07-03,9.525899887084961,9.525899887084961
2020-07-06,9.475299835205078,9.475299835205078
2020-07-07,9.385319709777832,9.385319709777832
2020-07-08,9.486519813537598,9.486519813537598
2020-07-09,9.36732006072998,9.36732006072998
2020-07-10,9.464599609375,9.464599609375
2020-07-13,9.432880401611328,9.432880401611328
2020-07-14,9.44906997680664,9.44906997680664
2020-07-15,9.361599922180176,9.361599922180176
2020-07-16,9.275019645690918,9.275019645690918
2020-07-17,9.297030448913574,9.297030448913574
2020-07-20,9.274749755859375,9.274749755859375
2020-07-21,9.21660041809082,9.21660041809082
2020-07-22,9.093899726867676,9.093899726867676
2020-07-23,9.15880012512207,9.15880012512207
2020-07-24,9.214799880981445,9.214799880981445
2020-07-27,9.156929969787598,9.156929969787598
2020-07-28,9.066450119018555,9.066450119018555
2020-07-29,9.112910270690918,9.112910270690918
2020-07-30,9.031599998474121,9.031599998474121
2020-07-31,9.04990005493164,9.04990005493164
2020-08-03,9.06719970703125,9.06719970703125
2020-08-04,9.127900123596191,9.127900123596191
2020-08-05,9.084970474243164,9.084970474243164
2020-08-06,8.939900398254395,8.939900398254395
2020-08-07,8.971090316772461,8.971090316772461
2020-08-10,9.050399780273438,9.050399780273438
2020-08-11,9.013899803161621,9.013899803161621
2020-08-12,9.010600090026855,9.010600090026855
2020-08-13,8.933270454406738,8.933270454406738
2020-08-14,8.878899574279785,8.878899574279785
2020-08-17,8.875900268554688,8.875900268554688
2020-08-18,8.839119911193848,8.839119911193848
2020-08-19,8.818140029907227,8.818140029907227
2020-08-20,8.901280403137207,8.901280403137207
2020-08-21,8.902099609375,8.902099609375
2020-08-24,9.022669792175293,9.022669792175293
2020-08-25,8.989259719848633,8.989259719848633
2020-08-26,8.953020095825195,8.953020095825195
2020-08-27,8.85420036315918,8.85420036315918
2020-08-28,8.90764045715332,8.90764045715332
2020-08-31,8.771200180053711,8.771200180053711
2020-09-01,8.724599838256836,8.724599838256836
2020-09-02,8.75059986114502,8.75059986114502
2020-09-03,8.84689998626709,8.84689998626709
2020-09-04,8.937020301818848,8.937020301818848
2020-09-07,8.925909996032715,8.925909996032715
2020-09-08,8.942500114440918,8.942500114440918
2020-09-09,9.157099723815918,9.157099723815918
2020-09-10,9.00691032409668,9.00691032409668
2020-09-11,9.064080238342285,9.064080238342285
2020-09-14,9.03279972076416,9.03279972076416
2020-09-15,9.033699989318848,9.033699989318848
2020-09-16,9.0314302444458,9.0314302444458
2020-09-17,9.036100387573242,9.036100387573242
2020-09-18,9.03950023651123,9.03950023651123
2020-09-21,9.098380088806152,9.098380088806152
2020-09-22,9.279919624328613,9.279919624328613
2020-09-23,9.33965015411377,9.33965015411377
2020-09-24,9.485699653625488,9.485699653625488
2020-09-25,9.485560417175293,9.485560417175293
2020-09-28,9.565890312194824,9.565890312194824
2020-09-29,9.462340354919434,9.462340354919434
2020-09-30,9.405960083007812,9.405960083007812
2020-10-01,9.325200080871582,9.325200080871582
2020-10-02,9.309100151062012,9.309100151062012
2020-10-05,9.30519962310791,9.30519962310791
2020-10-06,9.195899963378906,9.195899963378906
2020-10-07,9.34745979309082,9.34745979309082
2020-10-08,9.289649963378906,9.289649963378906
2020-10-09,9.25,9.25
2020-10-12,9.142499923706055,9.142499923706055
2020-10-13,9.132499694824219,9.132499694824219
2020-10-14,9.23324966430664,9.23324966430664
2020-10-15,9.2529296875,9.2529296875
2020-10-16,9.33998966217041,9.33998966217041
2020-10-19,9.320899963378906,9.320899963378906
2020-10-20,9.337980270385742,9.337980270385742
2020-10-21,9.271309852600098,9.271309852600098
2020-10-22,9.234299659729004,9.234299659729004
2020-10-23,9.247679710388184,9.247679710388184
2020-10-26,9.255180358886719,9.255180358886719
2020-10-27,9.241239547729492,9.241239547729492
2020-10-28,9.197199821472168,9.197199821472168
2020-10-29,9.358139991760254,9.358139991760254
2020-10-30,9.522879600524902,9.522879600524902
2020-11-02,9.566399574279785,9.566399574279785
2020-11-03,9.555399894714355,9.555399894714355
2020-11-04,9.321599960327148,9.321599960327148
2020-11-05,9.311639785766602,9.311639785766602
2020-11-06,9.172750473022461,9.172750473022461
2020-11-09,9.129199981689453,9.129199981689453
2020-11-10,9.031359672546387,9.031359672546387
2020-11-11,8.998729705810547,8.998729705810547
2020-11-12,9.074299812316895,9.074299812316895
2020-11-13,9.169599533081055,9.169599533081055
2020-11-16,9.130419731140137,9.130419731140137
2020-11-17,9.05165958404541,9.05165958404541
2020-11-18,9.067020416259766,9.067020416259766
2020-11-19,9.018199920654297,9.018199920654297
2020-11-20,9.014300346374512,9.014300346374512
2020-11-23,8.994979858398438,8.994979858398438
2020-11-24,9.017359733581543,9.017359733581543
2020-11-25,8.89391040802002,8.89391040802002
2020-11-26,8.824179649353027,8.824179649353027
2020-11-27,8.878100395202637,8.878100395202637
2020-11-30,8.820329666137695,8.820329666137695
2020-12-01,8.882980346679688,8.882980346679688
2020-12-02,8.811400413513184,8.811400413513184
2020-12-03,8.793100357055664,8.793100357055664
2020-12-04,8.75430965423584,8.75430965423584
2020-12-07,8.797369956970215,8.797369956970215
2020-12-08,8.733209609985352,8.733209609985352
2020-12-09,8.755669593811035,8.755669593811035
2020-12-10,8.818619728088379,8.818619728088379
2020-12-11,8.763589859008789,8.763589859008789
2020-12-14,8.773690223693848,8.773690223693848
2020-12-15,8.728899955749512,8.728899955749512
2020-12-16,8.717869758605957,8.717869758605957
2020-12-17,8.666500091552734,8.666500091552734
2020-12-18,8.565710067749023,8.565710067749023
2020-12-21,8.63029956817627,8.63029956817627
2020-12-22,8.635080337524414,8.635080337524414
2020-12-23,8.726799964904785,8.726799964904785
2020-12-24,8.633899688720703,8.633899688720703
2020-12-25,8.568519592285156,8.568519592285156
2020-12-28,8.6154203414917,8.6154203414917
2020-12-29,8.628140449523926,8.628140449523926
2020-12-30,8.615400314331055,8.615400314331055
2020-12-31,8.530500411987305,8.530500411987305
2021-01-01,7.649779796600342,7.649779796600342
2021-01-04,8.548500061035156,8.548500061035156
2021-01-05,8.553899765014648,8.553899765014648
2021-01-06,8.4610595703125,8.4610595703125
2021-01-07,8.39739990234375,8.39739990234375
2021-01-08,8.4266996383667,8.4266996383667
2021-01-11,8.460599899291992,8.460599899291992
2021-01-12,8.524049758911133,8.524049758911133
2021-01-13,8.445079803466797,8.445079803466797
2021-01-14,8.46129035949707,8.46129035949707
2021-01-15,8.466300010681152,8.466300010681152
2021-01-18,8.571000099182129,8.571000099182129
2021-01-19,8.591540336608887,8.591540336608887
2021-01-20,8.51492977142334,8.51492977142334
2021-01-21,8.477499961853027,8.477499961853027
2021-01-22,8.406579971313477,8.406579971313477
2021-01-25,8.465700149536133,8.465700149536133
2021-01-26,8.529589653015137,8.529589653015137
2021-01-27,8.54601001739502,8.54601001739502
2021-01-28,8.661020278930664,8.661020278930664
2021-01-29,8.597900390625,8.597900390625
2021-02-01,8.602299690246582,8.602299690246582
2021-02-02,8.585249900817871,8.585249900817871
2021-02-03,8.600600242614746,8.600600242614746
2021-02-04,8.5770902633667,8.5770902633667
2021-02-05,8.631210327148438,8.631210327148438
2021-02-08,8.525979995727539,8.525979995727539
2021-02-09,8.492349624633789,8.492349624633789
2021-02-10,8.446080207824707,8.446080207824707
2021-02-11,8.45989990234375,8.45989990234375
2021-02-12,8.471269607543945,8.471269607543945
2021-02-15,8.450300216674805,8.450300216674805
2021-02-16,8.386710166931152,8.386710166931152
2021-02-17,8.458900451660156,8.458900451660156
2021-02-18,8.492799758911133,8.492799758911133
2021-02-19,8.463199615478516,8.463199615478516
2021-02-22,8.44828987121582,8.44828987121582
2021-02-23,8.485779762268066,8.485779762268066
2021-02-24,8.466569900512695,8.466569900512695
2021-02-25,8.36771011352539,8.36771011352539
2021-02-26,8.500900268554688,8.500900268554688
2021-03-01,8.630200386047363,8.630200386047363
2021-03-02,8.5520601272583,8.5520601272583
2021-03-03,8.47599983215332,8.47599983215332
2021-03-04,8.51710033416748,8.51710033416748
2021-03-05,8.57964038848877,8.57964038848877
2021-03-08,8.51941967010498,8.51941967010498
2021-03-09,8.533040046691895,8.533040046691895
2021-03-10,8.467599868774414,8.467599868774414
2021-03-11,8.432999610900879,8.432999610900879
2021-03-12,8.409899711608887,8.409899711608887
2021-03-15,8.419349670410156,8.419349670410156
2021-03-16,8.449729919433594,8.449729919433594
2021-03-17,8.477999687194824,8.477999687194824
2021-03-18,8.39840030670166,8.39840030670166
2021-03-19,8.508580207824707,8.508580207824707
2021-03-22,8.556650161743164,8.556650161743164
2021-03-23,8.496479988098145,8.496479988098145
2021-03-24,8.660479545593262,8.660479545593262
2021-03-25,8.572959899902344,8.572959899902344
2021-03-26,8.627099990844727,8.627099990844727
2021-03-29,8.580499649047852,8.580499649047852
2021-03-30,8.544899940490723,8.544899940490723
2021-03-31,8.544309616088867,8.544309616088867
2021-04-01,8.544750213623047,8.544750213623047
2021-04-02,8.524209976196289,8.524209976196289
2021-04-05,8.525199890136719,8.525199890136719
2021-04-06,8.494400024414062,8.494400024414062
2021-04-07,8.477470397949219,8.477470397949219
2021-04-08,8.471779823303223,8.471779823303223
2021-04-09,8.456270217895508,8.456270217895508
2021-04-12,8.503299713134766,8.503299713134766
2021-04-13,8.47819995880127,8.47819995880127
2021-04-14,8.46438980102539,8.46438980102539
2021-04-15,8.38659954071045,8.38659954071045
2021-04-16,8.377670288085938,8.377670288085938
2021-04-19,8.383319854736328,8.383319854736328
2021-04-20,8.284589767456055,8.284589767456055
2021-04-21,8.359649658203125,8.359649658203125
2021-04-22,8.335100173950195,8.335100173950195
2021-04-23,8.355380058288574,8.355380058288574
2021-04-26,8.302900314331055,8.302900314331055
2021-04-27,8.291879653930664,8.291879653930664
2021-04-28,8.269949913024902,8.269949913024902
2021-04-29,8.169139862060547,8.169139862060547
2021-04-30,8.179309844970703,8.179309844970703
2021-05-03,8.314189910888672,8.314189910888672
2021-05-04,8.286589622497559,8.286589622497559
2021-05-05,8.32444953918457,8.32444953918457
2021-05-06,8.341890335083008,8.341890335083008
2021-05-07,8.300450325012207,8.300450325012207
2021-05-10,8.204910278320312,8.204910278320312
2021-05-11,8.251310348510742,8.251310348510742
2021-05-12,8.252429962158203,8.252429962158203
2021-05-13,8.340539932250977,8.340539932250977
2021-05-14,8.353560447692871,8.353560447692871
2021-05-17,8.218299865722656,8.218299865722656
2021-05-18,8.25409984588623,8.25409984588623
2021-05-19,8.230469703674316,8.230469703674316
2021-05-20,8.32446002960205,8.32446002960205
2021-05-21,8.30420970916748,8.30420970916748
2021-05-24,8.378299713134766,8.378299713134766
2021-05-25,8.33036994934082,8.33036994934082
2021-05-26,8.305500030517578,8.305500030517578
2021-05-27,8.367170333862305,8.367170333862305
2021-05-28,8.346449851989746,8.346449851989746
2021-05-31,8.360400199890137,8.360400199890137
2021-06-01,8.307100296020508,8.307100296020508
2021-06-02,8.313779830932617,8.313779830932617
2021-06-03,8.29740047454834,8.29740047454834
2021-06-04,8.375800132751465,8.375800132751465
2021-06-07,8.303799629211426,8.303799629211426
2021-06-08,8.262800216674805,8.262800216674805
2021-06-09,8.265569686889648,8.265569686889648
2021-06-10,8.272629737854004,8.272629737854004
2021-06-11,8.27196979522705,8.27196979522705
2021-06-14,8.348099708557129,8.348099708557129
2021-06-15,8.31029987335205,8.31029987335205
2021-06-16,8.315560340881348,8.315560340881348
2021-06-17,8.472399711608887,8.472399711608887
2021-06-18,8.538999557495117,8.538999557495117
2021-06-21,8.663599967956543,8.663599967956543
2021-06-22,8.577899932861328,8.577899932861328
2021-06-23,8.537400245666504,8.537400245666504
2021-06-24,8.534979820251465,8.534979820251465
2021-06-25,8.501629829406738,8.501629829406738
2021-06-28,8.486809730529785,8.486809730529785
2021-06-29,8.518600463867188,8.518600463867188
2021-06-30,8.55640983581543,8.55640983581543
2021-07-01,8.606800079345703,8.606800079345703
2021-07-02,8.626500129699707,8.626500129699707
2021-07-05,8.60830020904541,8.60830020904541
2021-07-06,8.558839797973633,8.558839797973633
2021-07-07,8.700699806213379,8.700699806213379
2021-07-08,8.731499671936035,8.731499671936035
2021-07-09,8.782819747924805,8.782819747924805
2021-07-12,8.677570343017578,8.677570343017578
2021-07-13,8.684120178222656,8.684120178222656
2021-07-14,8.772299766540527,8.772299766540527
2021-07-15,8.736319541931152,8.736319541931152
2021-07-16,8.823599815368652,8.823599815368652
2021-07-19,8.845800399780273,8.845800399780273
2021-07-20,8.952170372009277,8.952170372009277
2021-07-21,8.999460220336914,8.999460220336914
2021-07-22,8.88129997253418,8.88129997253418
2021-07-23,8.849679946899414,8.849679946899414
2021-07-26,8.852700233459473,8.852700233459473
2021-07-27,8.815999984741211,8.815999984741211
2021-07-28,8.873740196228027,8.873740196228027
2021-07-29,8.793499946594238,8.793499946594238
2021-07-30,8.72838020324707,8.72838020324707
2021-08-02,8.826290130615234,8.826290130615234
2021-08-03,8.827939987182617,8.827939987182617
2021-08-04,8.813400268554688,8.813400268554688
2021-08-05,8.841099739074707,8.841099739074707
2021-08-06,8.807900428771973,8.807900428771973
2021-08-09,8.92199993133545,8.92199993133545
2021-08-10,8.943070411682129,8.943070411682129
2021-08-11,8.924650192260742,8.924650192260742
2021-08-12,8.8503999710083,8.8503999710083
2021-08-13,8.846799850463867,8.846799850463867
2021-08-16,8.799860000610352,8.799860000610352
2021-08-17,8.822970390319824,8.822970390319824
2021-08-18,8.91450023651123,8.91450023651123
2021-08-19,8.910120010375977,8.910120010375977
2021-08-20,9.038769721984863,9.038769721984863
2021-08-23,9.027219772338867,9.027219772338867
2021-08-24,8.915499687194824,8.915499687194824
2021-08-25,8.830900192260742,8.830900192260742
2021-08-26,8.810090065002441,8.810090065002441
2021-08-27,8.828200340270996,8.828200340270996
2021-08-30,8.709710121154785,8.709710121154785
2021-08-31,8.668319702148438,8.668319702148438
2021-09-01,8.68610954284668,8.68610954284668
2021-09-02,8.690369606018066,8.690369606018066
2021-09-03,8.641969680786133,8.641969680786133
2021-09-06,8.670249938964844,8.670249938964844
2021-09-07,8.654600143432617,8.654600143432617
2021-09-08,8.680700302124023,8.680700302124023
2021-09-09,8.706299781799316,8.706299781799316
2021-09-10,8.675169944763184,8.675169944763184
2021-09-13,8.659870147705078,8.659870147705078
2021-09-14,8.640549659729004,8.640549659729004
2021-09-15,8.642720222473145,8.642720222473145
2021-09-16,8.56509017944336,8.56509017944336
2021-09-17,8.63051986694336,8.63051986694336
2021-09-20,8.697790145874023,8.697790145874023
2021-09-21,8.709659576416016,8.709659576416016
2021-09-22,8.678799629211426,8.678799629211426
2021-09-23,8.659090042114258,8.659090042114258
2021-09-24,8.572230339050293,8.572230339050293
2021-09-27,8.563799858093262,8.563799858093262
2021-09-28,8.59939956665039,8.59939956665039
2021-09-29,8.655590057373047,8.655590057373047
2021-09-30,8.767210006713867,8.767210006713867
2021-10-01,8.747289657592773,8.747289657592773
2021-10-04,8.610899925231934,8.610899925231934
2021-10-05,8.571809768676758,8.571809768676758
2021-10-06,8.52910041809082,8.52910041809082
2021-10-07,8.576399803161621,8.576399803161621
2021-10-08,8.57229995727539,8.57229995727539
2021-10-11,8.549579620361328,8.549579620361328
2021-10-12,8.580519676208496,8.580519676208496
2021-10-13,8.55720043182373,8.55720043182373
2021-10-14,8.487099647521973,8.487099647521973
2021-10-15,8.449790000915527,8.449790000915527
2021-10-18,8.429550170898438,8.429550170898438
2021-10-19,8.413419723510742,8.413419723510742
2021-10-20,8.349800109863281,8.349800109863281
2021-10-21,8.314399719238281,8.314399719238281
2021-10-22,8.363100051879883,8.363100051879883
2021-10-25,8.354399681091309,8.354399681091309
2021-10-26,8.347060203552246,8.347060203552246
2021-10-27,8.360340118408203,8.360340118408203
2021-10-28,8.41903018951416,8.41903018951416
2021-10-29,8.329259872436523,8.329259872436523
2021-11-01,8.453900337219238,8.453900337219238
2021-11-02,8.419500350952148,8.419500350952148
2021-11-03,8.52299976348877,8.52299976348877
2021-11-04,8.488459587097168,8.488459587097168
2021-11-05,8.546879768371582,8.546879768371582
2021-11-08,8.543880462646484,8.543880462646484
2021-11-09,8.499300003051758,8.499300003051758
2021-11-10,8.504130363464355,8.504130363464355
2021-11-11,8.636249542236328,8.636249542236328
2021-11-12,8.679450035095215,8.679450035095215
2021-11-15,8.68970012664795,8.68970012664795
2021-11-16,8.718400001525879,8.718400001525879
2021-11-17,8.746990203857422,8.746990203857422
2021-11-18,8.73701000213623,8.73701000213623
2021-11-19,8.81089973449707,8.81089973449707
2021-11-22,8.932100296020508,8.932100296020508
2021-11-23,8.92959976196289,8.92959976196289
2021-11-24,8.898799896240234,8.898799896240234
2021-11-25,8.956049919128418,8.956049919128418
2021-11-26,8.977519989013672,8.977519989013672
2021-11-29,9.057999610900879,9.057999610900879
2021-11-30,9.011099815368652,9.011099815368652
2021-12-01,9.0518798828125,9.0518798828125
2021-12-02,9.097900390625,9.097900390625
2021-12-03,9.091870307922363,9.091870307922363
2021-12-06,9.15857982635498,9.15857982635498
2021-12-07,9.093199729919434,9.093199729919434
2021-12-08,9.009400367736816,9.009400367736816
2021-12-09,8.871000289916992,8.871000289916992
2021-12-10,8.994400024414062,8.994400024414062
2021-12-13,8.942230224609375,8.942230224609375
2021-12-14,9.046099662780762,9.046099662780762
2021-12-15,9.096599578857422,9.096599578857422
2021-12-16,8.99374008178711,8.99374008178711
2021-12-17,8.983830451965332,8.983830451965332
2021-12-20,9.042309761047363,9.042309761047363
2021-12-21,9.05270004272461,9.05270004272461
2021-12-22,8.933509826660156,8.933509826660156
2021-12-23,8.868820190429688,8.868820190429688
2021-12-24,8.82411003112793,8.82411003112793
2021-12-27,7.999100208282471,7.999100208282471
2021-12-28,8.829719543457031,8.829719543457031
2021-12-29,8.798100471496582,8.798100471496582
2021-12-30,8.772359848022461,8.772359848022461
2021-12-31,8.801630020141602,8.801630020141602
2022-01-03,8.794050216674805,8.794050216674805
2022-01-04,8.863570213317871,8.863570213317871
2022-01-05,8.851799964904785,8.851799964904785
2022-01-06,8.8503999710083,8.8503999710083
2022-01-07,8.88722038269043,8.88722038269043
2022-01-10,8.836950302124023,8.836950302124023
2022-01-11,8.853340148925781,8.853340148925781
2022-01-12,8.767990112304688,8.767990112304688
2022-01-13,8.651579856872559,8.651579856872559
2022-01-14,8.704560279846191,8.704560279846191
2022-01-17,8.774200439453125,8.774200439453125
2022-01-18,8.712800025939941,8.712800025939941
2022-01-19,8.805410385131836,8.805410385131836
2022-01-20,8.775799751281738,8.775799751281738
2022-01-21,8.8341703414917,8.8341703414917
2022-01-24,8.898099899291992,8.898099899291992
2022-01-25,8.960909843444824,8.960909843444824
2022-01-26,8.915619850158691,8.915619850158691
2022-01-27,8.938699722290039,8.938699722290039
2022-01-28,8.935990333557129,8.935990333557129
2022-01-31,8.989999771118164,8.989999771118164
2022-02-01,8.903300285339355,8.903300285339355
2022-02-02,8.827010154724121,8.827010154724121
2022-02-03,8.815790176391602,8.815790176391602
2022-02-04,8.717479705810547,8.717479705810547
2022-02-07,8.780579566955566,8.780579566955566
2022-02-08,8.770569801330566,8.770569801330566
2022-02-09,8.81840991973877,8.81840991973877
2022-02-10,8.812219619750977,8.812219619750977
2022-02-11,8.825200080871582,8.825200080871582
2022-02-14,8.858799934387207,8.858799934387207
2022-02-15,8.883139610290527,8.883139610290527
2022-02-16,8.900239944458008,8.900239944458008
2022-02-17,8.89579963684082,8.89579963684082
2022-02-18,8.914999961853027,8.914999961853027
2022-02-21,8.975899696350098,8.975899696350098
2022-02-22,9.00236988067627,9.00236988067627
2022-02-23,8.88976001739502,8.88976001739502
2022-02-24,8.89225959777832,8.89225959777832
2022-02-25,8.959759712219238,8.959759712219238
2022-02-28,8.925189971923828,8.925189971923828
2022-03-01,8.80601978302002,8.80601978302002
2022-03-02,8.8720703125,8.8720703125
2022-03-03,8.849780082702637,8.849780082702637
2022-03-04,8.905240058898926,8.905240058898926
2022-03-07,8.968689918518066,8.968689918518066
2022-03-08,9.042280197143555,9.042280197143555
2022-03-09,8.97661018371582,8.97661018371582
2022-03-10,8.908610343933105,8.908610343933105
2022-03-11,8.925880432128906,8.925880432128906
2022-03-14,8.99155044555664,8.99155044555664
2022-03-15,9.037400245666504,9.037400245666504
2022-03-16,8.99407958984375,8.99407958984375
2022-03-17,8.895139694213867,8.895139694213867
2022-03-18,8.782699584960938,8.782699584960938
2022-03-21,8.750929832458496,8.750929832458496
2022-03-22,8.733400344848633,8.733400344848633
2022-03-23,8.753800392150879,8.753800392150879
2022-03-24,8.670849800109863,8.670849800109863
2022-03-25,8.661109924316406,8.661109924316406
2022-03-28,8.623970031738281,8.623970031738281
2022-03-29,8.701899528503418,8.701899528503418
2022-03-30,8.662579536437988,8.662579536437988
2022-03-31,8.560290336608887,8.560290336608887
2022-04-01,8.782520294189453,8.782520294189453
2022-04-04,8.754850387573242,8.754850387573242
2022-04-05,8.709989547729492,8.709989547729492
2022-04-06,8.763899803161621,8.763899803161621
2022-04-07,8.802000045776367,8.802000045776367
2022-04-08,8.809720039367676,8.809720039367676
2022-04-11,8.70580005645752,8.70580005645752
2022-04-12,8.813220024108887,8.813220024108887
2022-04-13,8.763019561767578,8.763019561767578
2022-04-14,8.744400024414062,8.744400024414062
2022-04-15,8.76099967956543,8.76099967956543
2022-04-18,8.799200057983398,8.799200057983398
2022-04-19,8.837050437927246,8.837050437927246
2022-04-20,8.825039863586426,8.825039863586426
2022-04-21,8.804169654846191,8.804169654846191
2022-04-22,8.89175033569336,8.89175033569336
2022-04-25,8.94279956817627,8.94279956817627
2022-04-26,9.118419647216797,9.118419647216797
2022-04-27,9.230779647827148,9.230779647827148
2022-04-28,9.320980072021484,9.320980072021484
2022-04-29,9.411499977111816,9.411499977111816
2022-05-02,9.390199661254883,9.390199661254883
2022-05-03,9.428689956665039,9.428689956665039
2022-05-04,9.393400192260742,9.393400192260742
2022-05-05,9.228050231933594,9.228050231933594
2022-05-06,9.482999801635742,9.482999801635742
2022-05-09,9.523300170898438,9.523300170898438
2022-05-10,9.655380249023438,9.655380249023438
2022-05-11,9.730500221252441,9.730500221252441
2022-05-12,9.748800277709961,9.748800277709961
2022-05-13,9.862449645996094,9.862449645996094
2022-05-16,9.765049934387207,9.765049934387207
2022-05-17,9.763799667358398,9.763799667358398
2022-05-18,9.656740188598633,9.656740188598633
2022-05-19,9.878620147705078,9.878620147705078
2022-05-20,9.694000244140625,9.694000244140625
2022-05-23,9.72439956665039,9.72439956665039
2022-05-24,9.60785961151123,9.60785961151123
2022-05-25,9.558300018310547,9.558300018310547
2022-05-26,9.565950393676758,9.565950393676758
2022-05-27,9.518269538879395,9.518269538879395
2022-05-30,9.455400466918945,9.455400466918945
2022-05-31,9.403169631958008,9.403169631958008
2022-06-01,9.350799560546875,9.350799560546875
2022-06-02,9.48069953918457,9.48069953918457
2022-06-03,9.362299919128418,9.362299919128418
2022-06-06,9.428580284118652,9.428580284118652
2022-06-07,9.42553997039795,9.42553997039795
2022-06-08,9.457859992980957,9.457859992980957
2022-06-09,9.474800109863281,9.474800109863281
2022-06-10,9.581259727478027,9.581259727478027
2022-06-13,9.779589653015137,9.779589653015137
2022-06-14,9.903209686279297,9.903209686279297
2022-06-15,9.989729881286621,9.989729881286621
2022-06-16,9.92549991607666,9.92549991607666
2022-06-17,9.956990242004395,9.956990242004395
2022-06-20,9.987890243530273,9.987890243530273
2022-06-21,9.884360313415527,9.884360313415527
2022-06-22,9.844900131225586,9.844900131225586
2022-06-23,9.911149978637695,9.911149978637695
2022-06-24,9.974869728088379,9.974869728088379
2022-06-27,9.83899974822998,9.83899974822998
2022-06-28,9.792460441589355,9.792460441589355
2022-06-29,9.815380096435547,9.815380096435547
2022-06-30,9.88539981842041,9.88539981842041
2022-07-01,9.840239524841309,9.840239524841309
2022-07-04,9.966699600219727,9.966699600219727
2022-07-05,9.816929817199707,9.816929817199707
2022-07-06,10.063340187072754,10.063340187072754
2022-07-07,10.131400108337402,10.131400108337402
2022-07-08,10.070329666137695,10.070329666137695
2022-07-11,10.038100242614746,10.038100242614746
2022-07-12,10.195300102233887,10.195300102233887
2022-07-13,10.257909774780273,10.257909774780273
2022-07-14,10.228919982910156,10.228919982910156
2022-07-15,10.225000381469727,10.225000381469727
2022-07-18,10.168120384216309,10.168120384216309
2022-07-19,10.079839706420898,10.079839706420898
2022-07-20,9.901029586791992,9.901029586791992
2022-07-21,9.969200134277344,9.969200134277344
2022-07-22,9.9447603225708,9.9447603225708
2022-07-25,9.90999984741211,9.90999984741211
2022-07-26,9.832900047302246,9.832900047302246
2022-07-27,9.886679649353027,9.886679649353027
2022-07-28,9.727250099182129,9.727250099182129
2022-07-29,9.730389595031738,9.730389595031738
2022-08-01,9.685529708862305,9.685529708862305
2022-08-02,9.635430335998535,9.635430335998535
2022-08-03,9.780389785766602,9.780389785766602
2022-08-04,9.716690063476562,9.716690063476562
2022-08-05,9.721309661865234,9.721309661865234
2022-08-08,9.831299781799316,9.831299781799316
2022-08-09,9.718040466308594,9.718040466308594
2022-08-10,9.722990036010742,9.722990036010742
2022-08-11,9.513899803161621,9.513899803161621
2022-08-12,9.51990032196045,9.51990032196045
2022-08-15,9.588170051574707,9.588170051574707
2022-08-16,9.701000213623047,9.701000213623047
2022-08-17,9.663649559020996,9.663649559020996
2022-08-18,9.708200454711914,9.708200454711914
2022-08-19,9.72976016998291,9.72976016998291
2022-08-22,9.815799713134766,9.815799713134766
2022-08-23,9.81935977935791,9.81935977935791
2022-08-24,9.700940132141113,9.700940132141113
2022-08-25,9.699999809265137,9.699999809265137
2022-08-26,9.662449836730957,9.662449836730957
2022-08-29,9.791290283203125,9.791290283203125
2022-08-30,9.732999801635742,9.732999801635742
2022-08-31,9.807609558105469,9.807609558105469
2022-09-01,9.950130462646484,9.950130462646484
2022-09-02,10.045129776000977,10.045129776000977
2022-09-05,10.060859680175781,10.060859680175781
2022-09-06,9.94102954864502,9.94102954864502
2022-09-07,10.032119750976562,10.032119750976562
2022-09-08,10.013299942016602,10.013299942016602
2022-09-09,10.026260375976562,10.026260375976562
2022-09-12,9.865400314331055,9.865400314331055
2022-09-13,9.8371000289917,9.8371000289917
2022-09-14,10.093310356140137,10.093310356140137
2022-09-15,10.08584976196289,10.08584976196289
2022-09-16,10.184020042419434,10.184020042419434
2022-09-19,10.179900169372559,10.179900169372559
2022-09-20,10.203700065612793,10.203700065612793
2022-09-21,10.332090377807617,10.332090377807617
2022-09-22,10.365050315856934,10.365050315856934
2022-09-23,10.397600173950195,10.397600173950195
2022-09-26,10.588910102844238,10.588910102844238
2022-09-27,10.784899711608887,10.784899711608887
2022-09-28,10.791449546813965,10.791449546813965
2022-09-29,10.696599960327148,10.696599960327148
2022-09-30,10.67590045928955,10.67590045928955
2022-10-03,10.87339973449707,10.87339973449707
2022-10-04,10.638299942016602,10.638299942016602
2022-10-05,10.440400123596191,10.440400123596191
2022-10-06,10.482830047607422,10.482830047607422
2022-10-07,10.72208023071289,10.72208023071289
2022-10-10,10.703849792480469,10.703849792480469
2022-10-11,10.674200057983398,10.674200057983398
2022-10-12,10.753910064697266,10.753910064697266
2022-10-13,10.762619972229004,10.762619972229004
2022-10-14,10.579110145568848,10.579110145568848
2022-10-17,10.640299797058105,10.640299797058105
2022-10-18,10.51550006866455,10.51550006866455
2022-10-19,10.53672981262207,10.53672981262207
2022-10-20,10.623530387878418,10.623530387878418
2022-10-21,10.6664400100708,10.6664400100708
2022-10-24,10.497249603271484,10.497249603271484
2022-10-25,10.496760368347168,10.496760368347168
2022-10-26,10.3996000289917,10.3996000289917
2022-10-27,10.23114013671875,10.23114013671875
2022-10-28,10.270159721374512,10.270159721374512
2022-10-31,10.316120147705078,10.316120147705078
2022-11-01,10.381420135498047,10.381420135498047
2022-11-02,10.345990180969238,10.345990180969238
2022-11-03,10.461629867553711,10.461629867553711
2022-11-04,10.57841968536377,10.57841968536377
2022-11-07,10.256369590759277,10.256369590759277
2022-11-08,10.220800399780273,10.220800399780273
2022-11-09,10.227999687194824,10.227999687194824
2022-11-10,10.36989974975586,10.36989974975586
2022-11-11,10.099969863891602,10.099969863891602
2022-11-14,9.925299644470215,9.925299644470215
2022-11-15,10.036860466003418,10.036860466003418
2022-11-16,9.97931957244873,9.97931957244873
2022-11-17,9.999750137329102,9.999750137329102
2022-11-18,10.118229866027832,10.118229866027832
2022-11-21,10.150050163269043,10.150050163269043
2022-11-22,10.249320030212402,10.249320030212402
2022-11-23,10.096540451049805,10.096540451049805
2022-11-24,9.931320190429688,9.931320190429688
2022-11-25,9.90719985961914,9.90719985961914
2022-11-28,9.90880012512207,9.90880012512207
2022-11-29,10.011560440063477,10.011560440063477
2022-11-30,10.007550239562988,10.007550239562988
2022-12-01,9.822739601135254,9.822739601135254
2022-12-02,9.71481990814209,9.71481990814209
2022-12-05,9.753239631652832,9.753239631652832
2022-12-06,9.942689895629883,9.942689895629883
2022-12-07,10.007940292358398,10.007940292358398
2022-12-08,10.014599800109863,10.014599800109863
2022-12-09,9.960399627685547,9.960399627685547
2022-12-12,9.968649864196777,9.968649864196777
2022-12-13,9.98069953918457,9.98069953918457
2022-12-14,9.777190208435059,9.777190208435059
2022-12-15,9.717720031738281,9.717720031738281
2022-12-16,9.853099822998047,9.853099822998047
2022-12-19,9.827099800109863,9.827099800109863
2022-12-20,9.892459869384766,9.892459869384766
2022-12-21,9.879500389099121,9.879500389099121
2022-12-22,9.831310272216797,9.831310272216797
2022-12-23,9.862540245056152,9.862540245056152
2022-12-26,9.832779884338379,9.832779884338379
2022-12-27,9.813030242919922,9.813030242919922
2022-12-28,9.819430351257324,9.819430351257324
2022-12-29,9.87594985961914,9.87594985961914
2022-12-30,9.879690170288086,9.879690170288086
2023-01-02,9.768489837646484,9.768489837646484
2023-01-03,9.842809677124023,9.842809677124023
2023-01-04,10.089249610900879,10.089249610900879
2023-01-05,10.08178997039795,10.08178997039795
2023-01-06,10.245659828186035,10.245659828186035
2023-01-09,9.985950469970703,9.985950469970703
2023-01-10,9.875020027160645,9.875020027160645
2023-01-11,9.98270034790039,9.98270034790039
2023-01-12,9.988069534301758,9.988069534301758
2023-01-13,9.88290023803711,9.88290023803711
2023-01-16,9.899900436401367,9.899900436401367
2023-01-17,9.857629776000977,9.857629776000977
2023-01-18,9.877010345458984,9.877010345458984
2023-01-19,9.913100242614746,9.913100242614746
2023-01-20,9.896849632263184,9.896849632263184
2023-01-23,9.845450401306152,9.845450401306152
2023-01-24,9.817520141601562,9.817520141601562
2023-01-25,9.860340118408203,9.860340118408203
2023-01-26,9.888299942016602,9.888299942016602
2023-01-27,9.852580070495605,9.852580070495605
2023-01-30,9.888699531555176,9.888699531555176
2023-01-31,9.977060317993164,9.977060317993164
2023-02-01,9.98052978515625,9.98052978515625
2023-02-02,9.88029956817627,9.88029956817627
2023-02-03,10.043840408325195,10.043840408325195
2023-02-06,10.22249984741211,10.22249984741211
2023-02-07,10.336819648742676,10.336819648742676
2023-02-08,10.314399719238281,10.314399719238281
2023-02-09,10.311079978942871,10.311079978942871
2023-02-10,10.177029609680176,10.177029609680176
2023-02-13,10.130180358886719,10.130180358886719
2023-02-14,10.08806037902832,10.08806037902832
2023-02-15,10.135869979858398,10.135869979858398
2023-02-16,10.20680046081543,10.20680046081543
2023-02-17,10.25492000579834,10.25492000579834
2023-02-20,10.287810325622559,10.287810325622559
2023-02-21,10.234720230102539,10.234720230102539
2023-02-22,10.2946195602417,10.2946195602417
2023-02-23,10.351499557495117,10.351499557495117
2023-02-24,10.302940368652344,10.302940368652344
2023-02-27,10.351200103759766,10.351200103759766
2023-02-28,10.334600448608398,10.334600448608398
2023-03-01,10.382329940795898,10.382329940795898
2023-03-02,10.37732982635498,10.37732982635498
2023-03-03,10.442760467529297,10.442760467529297
2023-03-06,10.388500213623047,10.388500213623047
2023-03-07,10.41331958770752,10.41331958770752
2023-03-08,10.686380386352539,10.686380386352539
2023-03-09,10.673199653625488,10.673199653625488
2023-03-10,10.660209655761719,10.660209655761719
2023-03-13,10.622400283813477,10.622400283813477
2023-03-14,10.557330131530762,10.557330131530762
2023-03-15,10.548410415649414,10.548410415649414
2023-03-16,10.75016975402832,10.75016975402832
2023-03-17,10.746700286865234,10.746700286865234
2023-03-20,10.659390449523926,10.659390449523926
2023-03-21,10.646289825439453,10.646289825439453
2023-03-22,10.53201961517334,10.53201961517334
2023-03-23,10.441200256347656,10.441200256347656
2023-03-24,10.398110389709473,10.398110389709473
2023-03-27,10.458109855651855,10.458109855651855
2023-03-28,10.455499649047852,10.455499649047852
2023-03-29,10.354559898376465,10.354559898376465
2023-03-30,10.41720962524414,10.41720962524414
2023-03-31,10.394519805908203,10.394519805908203
2023-04-03,10.449870109558105,10.449870109558105
2023-04-04,10.274999618530273,10.274999618530273
2023-04-05,10.30150032043457,10.30150032043457
2023-04-06,10.44983959197998,10.44983959197998
2023-04-07,10.441069602966309,10.441069602966309
2023-04-10,10.491299629211426,10.491299629211426
2023-04-11,10.51533031463623,10.51533031463623
2023-04-12,10.555740356445312,10.555740356445312
2023-04-13,10.433159828186035,10.433159828186035
2023-04-14,10.30348014831543,10.30348014831543
2023-04-17,10.383399963378906,10.383399963378906
2023-04-18,10.478170394897461,10.478170394897461
2023-04-19,10.462340354919434,10.462340354919434
2023-04-20,10.583620071411133,10.583620071411133
2023-04-21,10.58117961883545,10.58117961883545
2023-04-24,10.584500312805176,10.584500312805176
2023-04-25,10.522700309753418,10.522700309753418
2023-04-26,10.665410041809082,10.665410041809082
2023-04-27,10.624699592590332,10.624699592590332
2023-04-28,10.607919692993164,10.607919692993164
2023-05-01,10.672539710998535,10.672539710998535
2023-05-02,10.737640380859375,10.737640380859375
2023-05-03,10.803199768066406,10.803199768066406
2023-05-04,10.762680053710938,10.762680053710938
2023-05-05,10.678000450134277,10.678000450134277
2023-05-08,10.570899963378906,10.570899963378906
2023-05-09,10.500419616699219,10.500419616699219
2023-05-10,10.565779685974121,10.565779685974121
2023-05-11,10.49899959564209,10.49899959564209
2023-05-12,10.671839714050293,10.671839714050293
2023-05-15,10.674799919128418,10.674799919128418
2023-05-16,10.593689918518066,10.593689918518066
2023-05-17,10.719670295715332,10.719670295715332
2023-05-18,10.771100044250488,10.771100044250488
2023-05-19,10.914299964904785,10.914299964904785
2023-05-22,10.868800163269043,10.868800163269043
2023-05-23,10.902939796447754,10.902939796447754
2023-05-24,10.955499649047852,10.955499649047852
2023-05-25,10.950650215148926,10.950650215148926
2023-05-26,11.053509712219238,11.053509712219238
2023-05-29,11.076800346374512,11.076800346374512
2023-05-30,11.114500045776367,11.114500045776367
2023-05-31,11.181699752807617,11.181699752807617
2023-06-01,11.063199996948242,11.063199996948242
2023-06-02,11.05208969116211,11.05208969116211
2023-06-05,10.996500015258789,10.996500015258789
2023-06-06,11.03197956085205,11.03197956085205
2023-06-07,11.091400146484375,11.091400146484375
2023-06-08,11.043290138244629,11.043290138244629
2023-06-09,10.899399757385254,10.899399757385254
2023-06-12,10.752599716186523,10.752599716186523
2023-06-13,10.788820266723633,10.788820266723633
2023-06-14,10.642580032348633,10.642580032348633
2023-06-15,10.635499954223633,10.635499954223633
2023-06-16,10.49779987335205,10.49779987335205
2023-06-19,10.5649995803833,10.5649995803833
2023-06-20,10.68632984161377,10.68632984161377
2023-06-21,10.7221097946167,10.7221097946167
2023-06-22,10.64330005645752,10.64330005645752
2023-06-23,10.64540958404541,10.64540958404541
2023-06-26,10.81151008605957,10.81151008605957
2023-06-27,10.726590156555176,10.726590156555176
2023-06-28,10.790160179138184,10.790160179138184
2023-06-29,10.763199806213379,10.763199806213379
2023-06-30,10.798620223999023,10.798620223999023
2023-07-03,10.746199607849121,10.746199607849121
2023-07-04,10.685330390930176,10.685330390930176
2023-07-05,10.640910148620605,10.640910148620605
2023-07-06,10.678099632263184,10.678099632263184
2023-07-07,10.757450103759766,10.757450103759766
2023-07-10,10.631640434265137,10.631640434265137
2023-07-11,10.474510192871094,10.474510192871094
2023-07-12,10.340510368347168,10.340510368347168
2023-07-13,10.107430458068848,10.107430458068848
2023-07-14,9.943519592285156,9.943519592285156
2023-07-17,10.050800323486328,10.050800323486328
2023-07-18,10.062600135803223,10.062600135803223
2023-07-19,10.05027961730957,10.05027961730957
2023-07-20,10.037969589233398,10.037969589233398
2023-07-21,10.068460464477539,10.068460464477539
2023-07-24,10.090499877929688,10.090499877929688
2023-07-25,10.05465030670166,10.05465030670166
2023-07-26,10.062859535217285,10.062859535217285
2023-07-27,10.12362003326416,10.12362003326416
2023-07-28,10.171199798583984,10.171199798583984
2023-07-31,10.189200401306152,10.189200401306152
2023-08-01,10.112890243530273,10.112890243530273
2023-08-02,10.156590461730957,10.156590461730957
2023-08-03,10.287300109863281,10.287300109863281
2023-08-04,10.226719856262207,10.226719856262207
2023-08-07,10.136730194091797,10.136730194091797
2023-08-08,10.146730422973633,10.146730422973633
2023-08-09,10.264860153198242,10.264860153198242
2023-08-10,10.196149826049805,10.196149826049805
2023-08-11,10.313949584960938,10.313949584960938
2023-08-14,10.430500030517578,10.430500030517578
2023-08-15,10.47642993927002,10.47642993927002
2023-08-16,10.527179718017578,10.527179718017578
2023-08-17,10.614950180053711,10.614950180053711
2023-08-18,10.583580017089844,10.583580017089844
2023-08-21,10.642009735107422,10.642009735107422
2023-08-22,10.617679595947266,10.617679595947266
2023-08-23,10.6243896484375,10.6243896484375
2023-08-24,10.590200424194336,10.590200424194336
2023-08-25,10.725600242614746,10.725600242614746
2023-08-28,10.679499626159668,10.679499626159668
2023-08-29,10.703049659729004,10.703049659729004
2023-08-30,10.580269813537598,10.580269813537598
2023-08-31,10.596570014953613,10.596570014953613
2023-09-01,10.625280380249023,10.625280380249023
2023-09-04,10.666399955749512,10.666399955749512
2023-09-05,10.641050338745117,10.641050338745117
2023-09-06,10.717399597167969,10.717399597167969
2023-09-07,10.711810111999512,10.711810111999512
2023-09-08,10.704110145568848,10.704110145568848
2023-09-11,10.650670051574707,10.650670051574707
2023-09-12,10.642550468444824,10.642550468444824
2023-09-13,10.674360275268555,10.674360275268555
2023-09-14,10.711529731750488,10.711529731750488
2023-09-15,10.744819641113281,10.744819641113281
2023-09-18,10.765700340270996,10.765700340270996
2023-09-19,10.808759689331055,10.808759689331055
2023-09-20,10.767160415649414,10.767160415649414
2023-09-21,10.782959938049316,10.782959938049316
2023-09-22,10.76688003540039,10.76688003540039
2023-09-25,10.75059986114502,10.75059986114502
2023-09-26,10.805060386657715,10.805060386657715
2023-09-27,10.82371997833252,10.82371997833252
2023-09-28,10.756170272827148,10.756170272827148
2023-09-29,10.72467041015625,10.72467041015625
2023-10-02,10.682900428771973,10.682900428771973
2023-10-03,10.855690002441406,10.855690002441406
2023-10-04,10.95425033569336,10.95425033569336
2023-10-05,11.004899978637695,11.004899978637695
2023-10-06,10.953630447387695,10.953630447387695
2023-10-09,10.884300231933594,10.884300231933594
2023-10-10,10.772330284118652,10.772330284118652
2023-10-11,10.80286979675293,10.80286979675293
2023-10-12,10.848420143127441,10.848420143127441
2023-10-13,10.96243953704834,10.96243953704834
2023-10-16,10.918299674987793,10.918299674987793
2023-10-17,10.925919532775879,10.925919532775879
2023-10-18,10.951430320739746,10.951430320739746
2023-10-19,11.056839942932129,11.056839942932129
2023-10-20,10.992899894714355,10.992899894714355
2023-10-23,11.063790321350098,11.063790321350098
2023-10-24,11.074029922485352,11.074029922485352
2023-10-25,11.157130241394043,11.157130241394043
2023-10-26,11.201809883117676,11.201809883117676
2023-10-27,11.182720184326172,11.182720184326172
2023-10-30,11.176480293273926,11.176480293273926
2023-10-31,11.137319564819336,11.137319564819336
2023-11-01,11.163200378417969,11.163200378417969
2023-11-02,11.13644027709961,11.13644027709961
2023-11-03,11.152790069580078,11.152790069580078
2023-11-06,11.022709846496582,11.022709846496582
2023-11-07,11.054980278015137,11.054980278015137
2023-11-08,11.185819625854492,11.185819625854492
2023-11-09,11.17434024810791,11.17434024810791
2023-11-10,11.216699600219727,11.216699600219727
2023-11-13,11.096650123596191,11.096650123596191
2023-11-14,11.073780059814453,11.073780059814453
2023-11-15,10.871700286865234,10.871700286865234
2023-11-16,10.800359725952148,10.800359725952148
2023-11-17,10.933650016784668,10.933650016784668
2023-11-20,10.815899848937988,10.815899848937988
2023-11-21,10.694869995117188,10.694869995117188
2023-11-22,10.655440330505371,10.655440330505371
2023-11-23,10.75,10.75
2023-11-24,10.772089958190918,10.772089958190918
2023-11-27,10.703760147094727,10.703760147094727
2023-11-28,10.630279541015625,10.630279541015625
2023-11-29,10.605509757995605,10.605509757995605
2023-11-30,10.652230262756348,10.652230262756348
2023-12-01,10.805120468139648,10.805120468139648
2023-12-04,10.67300033569336,10.67300033569336
2023-12-05,10.837599754333496,10.837599754333496
2023-12-06,10.92549991607666,10.92549991607666
2023-12-07,10.971400260925293,10.971400260925293
2023-12-08,10.866669654846191,10.866669654846191
2023-12-11,10.897000312805176,10.897000312805176
2023-12-12,10.954440116882324,10.954440116882324
2023-12-13,10.954879760742188,10.954879760742188
2023-12-14,10.772390365600586,10.772390365600586
2023-12-15,10.498900413513184,10.498900413513184
2023-12-18,10.46560001373291,10.46560001373291
2023-12-19,10.393199920654297,10.393199920654297
2023-12-20,10.259249687194824,10.259249687194824
2023-12-21,10.342700004577637,10.342700004577637
2023-12-22,10.27001953125,10.27001953125
2023-12-25,10.173999786376953,10.173999786376953
2023-12-26,10.171199798583984,10.171199798583984
2023-12-27,10.136549949645996,10.136549949645996
2023-12-28,10.098340034484863,10.098340034484863
2023-12-29,10.180330276489258,10.180330276489258
2024-01-01,10.162910461425781,10.162910461425781
2024-01-02,10.13821029663086,10.13821029663086
2024-01-03,10.343620300292969,10.343620300292969
2024-01-04,10.330769538879395,10.330769538879395
2024-01-05,10.291399955749512,10.291399955749512
2024-01-08,10.300000190734863,10.300000190734863
2024-01-09,10.359020233154297,10.359020233154297
2024-01-10,10.359199523925781,10.359199523925781
2024-01-11,10.344969749450684,10.344969749450684
2024-01-12,10.289790153503418,10.289790153503418
2024-01-15,10.28711986541748,10.28711986541748
2024-01-16,10.350090026855469,10.350090026855469
2024-01-17,10.461159706115723,10.461159706115723
2024-01-18,10.503210067749023,10.503210067749023
2024-01-19,10.524459838867188,10.524459838867188
2024-01-22,10.480279922485352,10.480279922485352
2024-01-23,10.518950462341309,10.518950462341309
2024-01-24,10.497770309448242,10.497770309448242
2024-01-25,10.465239524841309,10.465239524841309
2024-01-26,10.433159828186035,10.433159828186035
2024-01-29,10.42471981048584,10.42471981048584
2024-01-30,10.416589736938477,10.416589736938477
2024-01-31,10.437270164489746,10.437270164489746
2024-02-01,10.51393985748291,10.51393985748291
2024-02-02,10.429129600524902,10.429129600524902
2024-02-05,10.617500305175781,10.617500305175781
2024-02-06,10.688579559326172,10.688579559326172
2024-02-07,10.58810043334961,10.58810043334961
2024-02-08,10.581700325012207,10.581700325012207
2024-02-09,10.612839698791504,10.612839698791504
2024-02-12,10.53242015838623,10.53242015838623
2024-02-13,10.497750282287598,10.497750282287598
2024-02-14,10.669059753417969,10.669059753417969
2024-02-15,10.577300071716309,10.577300071716309
2024-02-16,10.523260116577148,10.523260116577148
2024-02-19,10.495200157165527,10.495200157165527
2024-02-20,10.48904037475586,10.48904037475586
2024-02-21,10.484450340270996,10.484450340270996
2024-02-22,10.474610328674316,10.474610328674316
2024-02-23,10.496310234069824,10.496310234069824
2024-02-26,10.531720161437988,10.531720161437988
2024-02-27,10.498270034790039,10.498270034790039
2024-02-28,10.525270462036133,10.525270462036133
2024-02-29,10.590479850769043,10.590479850769043
2024-03-01,10.618359565734863,10.618359565734863
2024-03-04,10.512900352478027,10.512900352478027
2024-03-05,10.567540168762207,10.567540168762207
2024-03-06,10.569299697875977,10.569299697875977
2024-03-07,10.479049682617188,10.479049682617188
2024-03-08,10.396010398864746,10.396010398864746
2024-03-11,10.422829627990723,10.422829627990723
2024-03-12,10.440799713134766,10.440799713134766
2024-03-13,10.509550094604492,10.509550094604492
2024-03-14,10.46854019165039,10.46854019165039
2024-03-15,10.56527042388916,10.56527042388916
2024-03-18,10.62279987335205,10.62279987335205
2024-03-19,10.641169548034668,10.641169548034668
2024-03-20,10.638669967651367,10.638669967651367
2024-03-21,10.546380043029785,10.546380043029785
2024-03-22,10.660940170288086,10.660940170288086
2024-03-25,10.750539779663086,10.750539779663086
2024-03-26,10.71306037902832,10.71306037902832
2024-03-27,10.754599571228027,10.754599571228027
2024-03-28,10.797900199890137,10.797900199890137
2024-03-29,10.84060001373291,10.84060001373291
2024-04-01,10.845000267028809,10.845000267028809
2024-04-02,10.962949752807617,10.962949752807617
2024-04-03,10.831520080566406,10.831520080566406
2024-04-04,10.708490371704102,10.708490371704102
2024-04-05,10.729530334472656,10.729530334472656
2024-04-08,10.750900268554688,10.750900268554688
2024-04-09,10.674420356750488,10.674420356750488
2024-04-10,10.664899826049805,10.664899826049805
2024-04-11,10.836580276489258,10.836580276489258
2024-04-12,10.820159912109375,10.820159912109375
2024-04-15,10.865699768066406,10.865699768066406
2024-04-16,10.931400299072266,10.931400299072266
2024-04-17,10.968589782714844,10.968589782714844
2024-04-18,11.003299713134766,11.003299713134766
2024-04-19,11.05303955078125,11.05303955078125
2024-04-22,11.012999534606934,11.012999534606934
2024-04-23,10.979880332946777,10.979880332946777
2024-04-24,10.90386962890625,10.90386962890625
2024-04-25,10.99020004272461,10.99020004272461
2024-04-26,10.955780029296875,10.955780029296875
2024-04-29,11.015390396118164,11.015390396118164
2024-04-30,10.987279891967773,10.987279891967773
2024-05-01,11.11497974395752,11.11497974395752
2024-05-02,11.017459869384766,11.017459869384766
2024-05-03,10.974140167236328,10.974140167236328
2024-05-06,10.862799644470215,10.862799644470215
2024-05-07,10.8300199508667,10.8300199508667
2024-05-08,10.919300079345703,10.919300079345703
2024-05-09,10.901729583740234,10.901729583740234
2024-05-10,10.834759712219238,10.834759712219238
2024-05-13,10.84945011138916,10.84945011138916
2024-05-14,10.808500289916992,10.808500289916992
2024-05-15,10.800169944763184,10.800169944763184
2024-05-16,10.648280143737793,10.648280143737793
2024-05-17,10.688559532165527,10.688559532165527
2024-05-20,10.6670503616333,10.6670503616333
2024-05-21,10.692500114440918,10.692500114440918
2024-05-22,10.663800239562988,10.663800239562988
2024-05-23,10.704489707946777,10.704489707946777
2024-05-24,10.667900085449219,10.667900085449219
2024-05-27,10.588899612426758,10.588899612426758
2024-05-28,10.476900100708008,10.476900100708008
2024-05-29,10.514519691467285,10.514519691467285
2024-05-30,10.58584976196289,10.58584976196289
2024-05-31,10.551300048828125,10.551300048828125
2024-06-03,10.492500305175781,10.492500305175781
2024-06-04,10.446999549865723,10.446999549865723
2024-06-05,10.550939559936523,10.550939559936523
2024-06-06,10.567279815673828,10.567279815673828
2024-06-07,10.550239562988281,10.550239562988281
2024-06-10,10.71500015258789,10.71500015258789
2024-06-11,10.643850326538086,10.643850326538086
2024-06-12,10.690159797668457,10.690159797668457
2024-06-13,10.579500198364258,10.579500198364258
2024-06-14,10.648750305175781,10.648750305175781
2024-06-17,10.675200462341309,10.675200462341309
2024-06-18,10.648209571838379,10.648209571838379
2024-06-19,10.574250221252441,10.574250221252441
2024-06-20,10.5625,10.5625
2024-06-21,10.54010009765625,10.54010009765625
2024-06-24,10.579970359802246,10.579970359802246
2024-06-25,10.532400131225586,10.532400131225586
2024-06-26,10.614899635314941,10.614899635314941
2024-06-27,10.683819770812988,10.683819770812988
2024-06-28,10.65526008605957,10.65526008605957
2024-07-01,10.661399841308594,10.661399841308594
2024-07-02,10.658470153808594,10.658470153808594
2024-07-03,10.66586971282959,10.66586971282959
2024-07-04,10.547430038452148,10.547430038452148
2024-07-05,10.566100120544434,10.566100120544434
2024-07-08,10.563400268554688,10.563400268554688
2024-07-09,10.60116958618164,10.60116958618164
2024-07-10,10.602519989013672,10.602519989013672
2024-07-11,10.711739540100098,10.711739540100098
2024-07-12,10.713029861450195,10.713029861450195
2024-07-15,10.739100456237793,10.739100456237793
2024-07-16,10.804699897766113,10.804699897766113
2024-07-17,10.771820068359375,10.771820068359375
2024-07-18,10.714460372924805,10.714460372924805
2024-07-19,10.808150291442871,10.808150291442871
2024-07-22,10.878780364990234,10.878780364990234
2024-07-23,10.957229614257812,10.957229614257812
2024-07-24,11.017060279846191,11.017060279846191
2024-07-25,11.025799751281738,11.025799751281738
2024-07-26,11.024749755859375,11.024749755859375
2024-07-29,11.004599571228027,11.004599571228027
2024-07-30,10.99841022491455,10.99841022491455
2024-07-31,10.945549964904785,10.945549964904785
2024-08-01,10.89783000946045,10.89783000946045
2024-08-02,10.951979637145996,10.951979637145996
2024-08-05,10.956219673156738,10.956219673156738
2024-08-06,10.996700286865234,10.996700286865234
2024-08-07,10.896430015563965,10.896430015563965
2024-08-08,10.820670127868652,10.820670127868652
2024-08-09,10.83506965637207,10.83506965637207
2024-08-12,10.811630249023438,10.811630249023438
2024-08-13,10.799969673156738,10.799969673156738
2024-08-14,10.723219871520996,10.723219871520996
2024-08-15,10.714489936828613,10.714489936828613
2024-08-16,10.740739822387695,10.740739822387695
2024-08-19,10.680899620056152,10.680899620056152
2024-08-20,10.529939651489258,10.529939651489258
2024-08-21,10.491640090942383,10.491640090942383
2024-08-22,10.500499725341797,10.500499725341797
2024-08-23,10.580479621887207,10.580479621887207
2024-08-26,10.465299606323242,10.465299606323242
2024-08-27,10.536479949951172,10.536479949951172
2024-08-28,10.460419654846191,10.460419654846191
2024-08-29,10.503600120544434,10.503600120544434
2024-08-30,10.5001802444458,10.5001802444458
2024-09-02,10.605629920959473,10.605629920959473
2024-09-03,10.590559959411621,10.590559959411621
2024-09-04,10.676190376281738,10.676190376281738
2024-09-05,10.632360458374023,10.632360458374023
2024-09-06,10.627809524536133,10.627809524536133
2024-09-09,10.70779037475586,10.70779037475586
2024-09-10,10.840189933776855,10.840189933776855
2024-09-11,10.811059951782227,10.811059951782227
2024-09-12,10.856120109558105,10.856120109558105
2024-09-13,10.707429885864258,10.707429885864258
2024-09-16,10.618840217590332,10.618840217590332
2024-09-17,10.590299606323242,10.590299606323242
2024-09-18,10.579090118408203,10.579090118408203
2024-09-19,10.587039947509766,10.587039947509766
2024-09-20,10.50100040435791,10.50100040435791
2024-09-23,10.472800254821777,10.472800254821777
2024-09-24,10.48069953918457,10.48069953918457
2024-09-25,10.39054012298584,10.39054012298584
2024-09-26,10.574299812316895,10.574299812316895
2024-09-27,10.529399871826172,10.529399871826172
2024-09-30,10.484600067138672,10.484600067138672
2024-10-01,10.535479545593262,10.535479545593262
2024-10-02,10.607580184936523,10.607580184936523
2024-10-03,10.57190990447998,10.57190990447998
2024-10-04,10.598259925842285,10.598259925842285
2024-10-07,10.669699668884277,10.669699668884277
2024-10-08,10.640999794006348,10.640999794006348
2024-10-09,10.705920219421387,10.705920219421387
2024-10-10,10.774299621582031,10.774299621582031
2024-10-11,10.729439735412598,10.729439735412598
2024-10-14,10.731639862060547,10.731639862060547
2024-10-15,10.801799774169922,10.801799774169922
2024-10-16,10.826189994812012,10.826189994812012
2024-10-17,10.91234016418457,10.91234016418457
2024-10-18,10.916399955749512,10.916399955749512
2024-10-21,10.918600082397461,10.918600082397461
2024-10-22,10.94849967956543,10.94849967956543
2024-10-23,10.921699523925781,10.921699523925781
2024-10-24,10.986200332641602,10.986200332641602
2024-10-25,10.936180114746094,10.936180114746094
2024-10-28,10.985199928283691,10.985199928283691
2024-10-29,10.983920097351074,10.983920097351074
2024-10-30,10.953709602355957,10.953709602355957
2024-10-31,10.961199760437012,10.961199760437012
2024-11-01,10.993339538574219,10.993339538574219
2024-11-04,11.00885009765625,11.00885009765625
2024-11-05,11.004110336303711,11.004110336303711
2024-11-06,10.939499855041504,10.939499855041504
2024-11-07,11.076499938964844,11.076499938964844
2024-11-08,10.871199607849121,10.871199607849121
2024-11-11,10.993570327758789,10.993570327758789
2024-11-12,11.020279884338379,11.020279884338379
2024-11-13,11.079950332641602,11.079950332641602
2024-11-14,11.133099555969238,11.133099555969238
2024-11-15,11.1496000289917,11.1496000289917
2024-11-18,11.081950187683105,11.081950187683105
2024-11-19,10.998769760131836,10.998769760131836
2024-11-20,10.955080032348633,10.955080032348633
2024-11-21,11.061079978942871,11.061079978942871
2024-11-22,11.072649955749512,11.072649955749512
2024-11-25,11.01338005065918,11.01338005065918
2024-11-26,11.108790397644043,11.108790397644043
2024-11-27,11.142849922180176,11.142849922180176
2024-11-28,11.067700386047363,11.067700386047363
2024-11-29,11.037599563598633,11.037599563598633
2024-12-02,11.055520057678223,11.055520057678223
2024-12-03,11.092229843139648,11.092229843139648
2024-12-04,11.055919647216797,11.055919647216797
2024-12-05,11.053019523620605,11.053019523620605
2024-12-06,11.034520149230957,11.034520149230957
2024-12-09,11.151630401611328,11.151630401611328
2024-12-10,11.121230125427246,11.121230125427246
2024-12-11,11.144700050354004,11.144700050354004
2024-12-12,11.134570121765137,11.134570121765137
2024-12-13,11.149169921875,11.149169921875
2024-12-16,11.133399963378906,11.133399963378906
2024-12-17,11.14330005645752,11.14330005645752
2024-12-18,11.188420295715332,11.188420295715332
2024-12-19,11.386099815368652,11.386099815368652
2024-12-20,11.433629989624023,11.433629989624023
2024-12-23,11.314760208129883,11.314760208129883
2024-12-24,11.351180076599121,11.351180076599121
2024-12-25,11.35669994354248,11.35669994354248
2024-12-26,11.34214973449707,11.34214973449707
2024-12-27,11.38815975189209,11.38815975189209
2024-12-30,11.344900131225586,11.344900131225586
2024-12-31,11.327619552612305,11.327619552612305
2025-01-02,11.387040138244629,11.387040138244629
2025-01-03,11.382180213928223,11.382180213928223
2025-01-06,11.353050231933594,11.353050231933594
2025-01-07,11.297699928283691,11.297699928283691
2025-01-08,11.268219947814941,11.268219947814941
2025-01-09,11.404789924621582,11.404789924621582
2025-01-10,11.401599884033203,11.401599884033203
2025-01-13,11.4483003616333,11.4483003616333
2025-01-14,11.394000053405762,11.394000053405762
2025-01-15,11.374679565429688,11.374679565429688
2025-01-16,11.305899620056152,11.305899620056152
2025-01-17,11.354789733886719,11.354789733886719
2025-01-20,11.42080020904541,11.42080020904541
2025-01-21,11.261460304260254,11.261460304260254
2025-01-22,11.2846097946167,11.2846097946167
2025-01-23,11.264320373535156,11.264320373535156
2025-01-24,11.265970230102539,11.265970230102539
2025-01-27,11.216890335083008,11.216890335083008
2025-01-28,11.249919891357422,11.249919891357422
2025-01-29,11.28341007232666,11.28341007232666
2025-01-30,11.286890029907227,11.286890029907227
2025-01-31,11.316539764404297,11.316539764404297
2025-02-03,11.451499938964844,11.451499938964844
2025-02-04,11.342499732971191,11.342499732971191
2025-02-05,11.248700141906738,11.248700141906738
2025-02-06,11.22311019897461,11.22311019897461
2025-02-07,11.207850456237793,11.207850456237793
2025-02-10,11.26321029663086,11.26321029663086
2025-02-11,11.220060348510742,11.220060348510742
2025-02-12,11.197870254516602,11.197870254516602
2025-02-13,11.25802993774414,11.25802993774414
2025-02-14,11.149259567260742,11.149259567260742
2025-02-17,11.117340087890625,11.117340087890625
2025-02-18,11.105799674987793,11.105799674987793
2025-02-19,11.151399612426758,11.151399612426758
2025-02-20,11.13047981262207,11.13047981262207
2025-02-21,11.093299865722656,11.093299865722656
2025-02-24,11.113659858703613,11.113659858703613
2025-02-25,11.128310203552246,11.128310203552246
2025-02-26,11.101340293884277,11.101340293884277
2025-02-27,11.152250289916992,11.152250289916992
2025-02-28,11.245220184326172,11.245220184326172
2025-03-03,11.225150108337402,11.225150108337402
2025-03-04,11.1951904296875,11.1951904296875
2025-03-05,11.089400291442871,11.089400291442871
2025-03-06,10.907739639282227,10.907739639282227
2025-03-07,10.883549690246582,10.883549690246582
2025-03-10,10.823840141296387,10.823840141296387
2025-03-11,10.75979995727539,10.75979995727539
2025-03-12,10.657540321350098,10.657540321350098
2025-03-13,10.631699562072754,10.631699562072754
2025-03-14,10.681180000305176,10.681180000305176
2025-03-17,10.631400108337402,10.631400108337402
2025-03-18,10.54010009765625,10.54010009765625
2025-03-19,10.560830116271973,10.560830116271973
2025-03-20,10.552499771118164,10.552499771118164
2025-03-21,10.545999526977539,10.545999526977539
2025-03-24,10.527640342712402,10.527640342712402
2025-03-25,10.518400192260742,10.518400192260742
2025-03-26,10.519399642944336,10.519399642944336
2025-03-27,10.57349967956543,10.57349967956543
2025-03-28,10.483050346374512,10.483050346374512
2025-03-31,10.484210014343262,10.484210014343262
2025-04-01,10.509929656982422,10.509929656982422
2025-04-02,10.463709831237793,10.463709831237793
2025-04-03,10.380599975585938,10.380599975585938
2025-04-04,10.329059600830078,10.329059600830078
2025-04-07,10.76159954071045,10.76159954071045
2025-04-08,10.965439796447754,10.965439796447754
2025-04-09,10.936479568481445,10.936479568481445
2025-04-10,10.764240264892578,10.764240264892578
2025-04-11,10.774270057678223,10.774270057678223
2025-04-14,10.647480010986328,10.647480010986328
2025-04-15,10.568699836730957,10.568699836730957
2025-04-16,10.643770217895508,10.643770217895508
2025-04-17,10.56410026550293,10.56410026550293
2025-04-22,10.361100196838379,10.361100196838379
2025-04-23,10.433799743652344,10.433799743652344
2025-04-24,10.515569686889648,10.515569686889648
2025-04-25,10.418800354003906,10.418800354003906
2025-04-28,10.451299667358398,10.451299667358398
2025-04-29,10.33590030670166,10.33590030670166
2025-04-30,10.371000289916992,10.371000289916992
2025-05-01,10.40149974822998,10.40149974822998
2025-05-02,10.410750389099121,10.410750389099121
2025-05-05,10.404899597167969,10.404899597167969
2025-05-06,10.394100189208984,10.394100189208984
2025-05-07,10.26259994506836,10.26259994506836
2025-05-08,10.3574800491333,10.3574800491333
2025-05-09,10.432999610900879,10.432999610900879
2025-05-12,10.365400314331055,10.365400314331055
2025-05-13,10.447150230407715,10.447150230407715
2025-05-14,10.362799644470215,10.362799644470215
2025-05-15,10.381400108337402,10.381400108337402
2025-05-16,10.412240028381348,10.412240028381348
2025-05-19,10.373499870300293,10.373499870300293
2025-05-20,10.30659008026123,10.30659008026123
2025-05-21,10.245980262756348,10.245980262756348
2025-05-22,10.17199993133545,10.17199993133545
2025-05-23,10.202699661254883,10.202699661254883
2025-05-26,10.106780052185059,10.106780052185059
2025-05-27,10.09179973602295,10.09179973602295
2025-05-28,10.14999008178711,10.14999008178711
2025-05-29,10.218099594116211,10.218099594116211
2025-05-30,10.118800163269043,10.118800163269043
2025-06-02,10.208900451660156,10.208900451660156
2025-06-03,10.061249732971191,10.061249732971191
2025-06-04,10.128800392150879,10.128800392150879
2025-06-05,10.106300354003906,10.106300354003906
2025-06-06,10.06760025024414,10.06760025024414
2025-06-09,10.09451961517334,10.09451961517334
2025-06-10,10.059599876403809,10.059599876403809
2025-06-11,10.097570419311523,10.097570419311523
2025-06-12,10.044500350952148,10.044500350952148
2025-06-13,9.917400360107422,9.917400360107422
2025-06-16,9.914999961853027,9.914999961853027
2025-06-17,9.870710372924805,9.870710372924805
2025-06-18,9.935999870300293,9.935999870300293
2025-06-19,9.973299980163574,9.973299980163574
2025-06-20,10.029899597167969,10.029899597167969
2025-06-23,10.100899696350098,10.100899696350098
2025-06-24,10.055310249328613,10.055310249328613
2025-06-25,10.11382007598877,10.11382007598877
2025-06-26,10.111249923706055,10.111249923706055
2025-06-27,10.056489944458008,10.056489944458008
2025-06-30,10.06879997253418,10.06879997253418
2025-07-01,10.079299926757812,10.079299926757812
2025-07-02,10.063650131225586,10.063650131225586
2025-07-03,10.053199768066406,10.053199768066406
2025-07-04,10.050700187683105,10.050700187683105
2025-07-07,10.070369720458984,10.070369720458984
2025-07-08,10.107099533081055,10.107099533081055
2025-07-09,10.092100143432617,10.092100143432617
2025-07-10,10.086700439453125,10.086700439453125
2025-07-11,10.07390022277832,10.07390022277832
2025-07-14,10.13798999786377,10.13798999786377
2025-07-15,10.1358003616333,10.1358003616333
2025-07-16,10.245070457458496,10.245070457458496
2025-07-17,10.251179695129395,10.251179695129395
2025-07-18,10.280770301818848,10.280770301818848
2025-07-21,10.173480033874512,10.173480033874512
2025-07-22,10.159799575805664,10.159799575805664
2025-07-23,10.069600105285645,10.069600105285645
2025-07-24,10.097450256347656,10.097450256347656
2025-07-25,10.119440078735352,10.119440078735352
2025-07-28,10.133779525756836,10.133779525756836
2025-07-29,10.183699607849121,10.183699607849121
2025-07-30,10.201000213623047,10.201000213623047
2025-07-31,10.296099662780762,10.296099662780762
2025-08-01,10.32409954071045,10.32409954071045
2025-08-04,10.248900413513184,10.248900413513184
2025-08-05,10.252849578857422,10.252849578857422
2025-08-06,10.254409790039062,10.254409790039062
2025-08-07,10.17926025390625,10.17926025390625
2025-08-08,10.209309577941895,10.209309577941895
2025-08-11,10.281900405883789,10.281900405883789
2025-08-12,10.221039772033691,10.221039772033691
2025-08-13,10.210860252380371,10.210860252380371
2025-08-14,10.18220043182373,10.18220043182373
2025-08-15,10.215609550476074,10.215609550476074
2025-08-18,10.172769546508789,10.172769546508789
2025-08-19,10.202400207519531,10.202400207519531
2025-08-20,10.283610343933105,10.283610343933105
2025-08-21,10.231599807739258,10.231599807739258
2025-08-22,10.175800323486328,10.175800323486328
2025-08-25,10.06663990020752,10.06663990020752
2025-08-26,10.13010025024414,10.13010025024414
2025-08-27,10.126999855041504,10.126999855041504
2025-08-28,10.073249816894531,10.073249816894531
2025-08-29,10.064000129699707,10.064000129699707
2025-09-01,10.058489799499512,10.058489799499512
2025-09-02,9.987119674682617,9.987119674682617
2025-09-03,10.035980224609375,10.035980224609375
2025-09-04,10.036089897155762,10.036089897155762
2025-09-05,10.071649551391602,10.071649551391602
2025-09-08,10.019200325012207,10.019200325012207
2025-09-09,9.97350025177002,9.97350025177002
2025-09-10,9.976099967956543,9.976099967956543
2025-09-11,9.923800468444824,9.923800468444824
2025-09-12,9.854299545288086,9.854299545288086
2025-09-15,9.860400199890137,9.860400199890137
2025-09-16,9.820890426635742,9.820890426635742
2025-09-17,9.754630088806152,9.754630088806152
2025-09-18,9.808440208435059,9.808440208435059
2025-09-19,9.868880271911621,9.868880271911621
2025-09-22,9.921380043029785,9.921380043029785
2025-09-23,9.910900115966797,9.910900115966797
2025-09-24,9.880550384521484,9.880550384521484
2025-09-25,9.936070442199707,9.936070442199707
2025-09-26,10.030269622802734,10.030269622802734
2025-09-29,9.959369659423828,9.959369659423828
2025-09-30,9.983599662780762,9.983599662780762
2025-10-01,9.988140106201172,9.988140106201172
2025-10-02,9.913969993591309,9.913969993591309
2025-10-03,9.975099563598633,9.975099563598633
2025-10-06,9.961660385131836,9.961660385131836
2025-10-07,9.922679901123047,9.922679901123047
2025-10-08,9.964349746704102,9.964349746704102
2025-10-09,9.972909927368164,9.972909927368164
2025-10-10,10.064909934997559,10.064909934997559
2025-10-13,10.103679656982422,10.103679656982422
2025-10-14,10.086009979248047,10.086009979248047
2025-10-15,10.156399726867676,10.156399726867676
2025-10-16,10.095789909362793,10.095789909362793
2025-10-17,10.058300018310547,10.058300018310547
2025-10-20,10.056619644165039,10.056619644165039
2025-10-21,10.045510292053223,10.045510292053223
2025-10-22,10.05935001373291,10.05935001373291
2025-10-23,10.022339820861816,10.022339820861816
2025-10-24,9.96677017211914,9.96677017211914
2025-10-27,9.986749649047852,9.986749649047852
2025-10-28,9.986729621887207,9.986729621887207
2025-10-29,9.97562026977539,9.97562026977539
2025-10-30,10.012800216674805,10.012800216674805
2025-10-31,10.050009727478027,10.050009727478027
2025-11-03,10.115280151367188,10.115280151367188
2025-11-04,10.124879837036133,10.124879837036133
2025-11-05,10.224749565124512,10.224749565124512
2025-11-06,10.207300186157227,10.207300186157227
2025-11-07,10.193779945373535,10.193779945373535
2025-11-10,10.167949676513672,10.167949676513672
2025-11-11,10.128549575805664,10.128549575805664
2025-11-12,10.046480178833008,10.046480178833008
2025-11-13,10.073180198669434,10.073180198669434
2025-11-14,10.022379875183105,10.022379875183105
2025-11-17,10.079259872436523,10.079259872436523
2025-11-18,10.102160453796387,10.102160453796387
2025-11-19,10.106499671936035,10.106499671936035
2025-11-20,10.170339584350586,10.170339584350586
2025-11-21,10.203100204467773,10.203100204467773
2025-11-24,10.238490104675293,10.238490104675293
2025-11-25,10.225509643554688,10.225509643554688
2025-11-26,10.226380348205566,10.226380348205566
2025-11-27,10.195500373840332,10.195500373840332
2025-11-28,10.16018009185791,10.16018009185791
2025-12-01,10.11890983581543,10.11890983581543
2025-12-02,10.128470420837402,10.128470420837402
2025-12-03,10.124919891357422,10.124919891357422
2025-12-04,10.06171989440918,10.06171989440918
2025-12-05,10.11460018157959,10.11460018157959
2025-12-08,10.109219551086426,10.109219551086426
2025-12-09,10.122469902038574,10.122469902038574
2025-12-10,10.146300315856934,10.146300315856934
2025-12-11,10.080789566040039,10.080789566040039
2025-12-12,10.064900398254395,10.064900398254395
2025-12-15,10.113570213317871,10.113570213317871
2025-12-16,10.139430046081543,10.139430046081543
2025-12-17,10.183659553527832,10.183659553527832
2025-12-18,10.196749687194824,10.196749687194824
2025-12-19,10.151049613952637,10.151049613952637
2025-12-22,10.131509780883789,10.131509780883789
2025-12-23,10.102310180664062,10.102310180664062
2025-12-24,10.02649974822998,10.02649974822998
2025-12-26,9.989029884338379,9.989029884338379
2025-12-29,10.007610321044922,10.007610321044922
2025-12-30,10.038450241088867,10.038450241088867
2025-12-31,10.051210403442383,10.051210403442383
2026-01-02,10.051090240478516,10.051090240478516
