date,close,adj_close
2014-12-01,0.7792409658432007,0.7792409658432007
2014-12-02,0.7864108085632324,0.7864108085632324
2014-12-03,0.7801529169082642,0.7801529169082642
2014-12-04,0.775494396686554,0.775494396686554
2014-12-05,0.7779073715209961,0.7779073715209961
2014-12-08,0.767990231513977,0.767990231513977
2014-12-09,0.7653451561927795,0.7653451561927795
2014-12-10,0.7700007557868958,0.7700007557868958
2014-12-11,0.781921923160553,0.781921923160553
2014-12-12,0.7790589332580566,0.7790589332580566
2014-12-15,0.7763975262641907,0.7763975262641907
2014-12-16,0.7744133472442627,0.7744133472442627
2014-12-17,0.7791802883148193,0.7791802883148193
2014-12-18,0.7697044014930725,0.7697044014930725
2014-12-19,0.7777259349822998,0.7777259349822998
2014-12-22,0.7750135660171509,0.7750135660171509
2014-12-23,0.7723796963691711,0.7723796963691711
2014-12-24,0.7714858651161194,0.7714858651161194
2014-12-25,0.77327561378479,0.77327561378479
2014-12-26,0.7736943960189819,0.7736943960189819
2014-12-29,0.7749534845352173,0.7749534845352173
2014-12-30,0.7783918380737305,0.7783918380737305
2014-12-31,0.7835148572921753,0.7835148572921753
2015-01-01,0.7800920009613037,0.7800920009613037
2015-01-02,0.7791802883148193,0.7791802883148193
2015-01-05,0.7665772438049316,0.7665772438049316
2015-01-06,0.7700007557868958,0.7700007557868958
2015-01-07,0.7747734189033508,0.7747734189033508
2015-01-08,0.7770611047744751,0.7770611047744751
2015-01-09,0.7813110947608948,0.7813110947608948
2015-01-12,0.7846829891204834,0.7846829891204834
2015-01-13,0.7765181064605713,0.7765181064605713
2015-01-14,0.7744133472442627,0.7744133472442627
2015-01-15,0.7713668942451477,0.7713668942451477
2015-01-16,0.784067690372467,0.784067690372467
2015-01-19,0.7794232368469238,0.7794232368469238
2015-01-20,0.7758553624153137,0.7758553624153137
2015-01-21,0.7647013664245605,0.7647013664245605
2015-01-22,0.7572888731956482,0.7572888731956482
2015-01-23,0.750750720500946,0.750750720500946
2015-01-26,0.7418947815895081,0.7418947815895081
2015-01-27,0.7437156438827515,0.7437156438827515
2015-01-28,0.7454341650009155,0.7454341650009155
2015-01-29,0.7324396967887878,0.7324396967887878
2015-01-30,0.7282790541648865,0.7282790541648865
2015-02-02,0.726005494594574,0.726005494594574
2015-02-03,0.7301934957504272,0.7301934957504272
2015-02-04,0.7328691482543945,0.7328691482543945
2015-02-05,0.7359976172447205,0.7359976172447205
2015-02-06,0.7406858801841736,0.7406858801841736
2015-02-09,0.7350239157676697,0.7350239157676697
2015-02-10,0.7401924729347229,0.7401924729347229
2015-02-11,0.7418947815895081,0.7418947815895081
2015-02-12,0.7375718951225281,0.7375718951225281
2015-02-13,0.7433286309242249,0.7433286309242249
2015-02-16,0.7479431629180908,0.7479431629180908
2015-02-17,0.7485030293464661,0.7485030293464661
2015-02-18,0.7539203763008118,0.7539203763008118
2015-02-19,0.7551158666610718,0.7551158666610718
2015-02-20,0.7519361972808838,0.7519361972808838
2015-02-23,0.7530120611190796,0.7530120611190796
2015-02-24,0.7531254291534424,0.7531254291534424
2015-02-25,0.7483909726142883,0.7483909726142883
2015-02-26,0.7571169137954712,0.7571169137954712
2015-02-27,0.7539203763008118,0.7539203763008118
2015-03-02,0.7548878788948059,0.7548878788948059
2015-03-03,0.7505817413330078,0.7505817413330078
2015-03-04,0.7562580704689026,0.7562580704689026
2015-03-05,0.7591285705566406,0.7591285705566406
2015-03-06,0.749007523059845,0.749007523059845
2015-03-09,0.7363770008087158,0.7363770008087158
2015-03-10,0.7341066002845764,0.7341066002845764
2015-03-11,0.7291818857192993,0.7291818857192993
2015-03-12,0.7306736707687378,0.7306736707687378
2015-03-13,0.7405762076377869,0.7405762076377869
2015-03-16,0.7319036722183228,0.7319036722183228
2015-03-17,0.7380618453025818,0.7380618453025818
2015-03-18,0.7315824031829834,0.7315824031829834
2015-03-19,0.7505817413330078,0.7505817413330078
2015-03-20,0.7432181239128113,0.7432181239128113
2015-03-23,0.7570022940635681,0.7570022940635681
2015-03-24,0.7655209302902222,0.7655209302902222
2015-03-25,0.7624857425689697,0.7624857425689697
2015-03-26,0.7584951519966125,0.7584951519966125
2015-03-27,0.7591862082481384,0.7591862082481384
2015-03-30,0.7547169327735901,0.7547169327735901
2015-03-31,0.7501313090324402,0.7501313090324402
2015-04-01,0.7445462346076965,0.7445462346076965
2015-04-02,0.7441030144691467,0.7441030144691467
2015-04-03,0.7506943941116333,0.7506943941116333
2015-04-06,0.7616726756095886,0.7616726756095886
2015-04-07,0.7535794973373413,0.7535794973373413
2015-04-08,0.750750720500946,0.750750720500946
2015-04-09,0.7554011344909668,0.7554011344909668
2015-04-10,0.7576331496238708,0.7576331496238708
2015-04-13,0.7538067698478699,0.7538067698478699
2015-04-14,0.7462129592895508,0.7462129592895508
2015-04-15,0.7512019276618958,0.7512019276618958
2015-04-16,0.7589556574821472,0.7589556574821472
2015-04-17,0.7652866244316101,0.7652866244316101
2015-04-20,0.7705348134040833,0.7705348134040833
2015-04-21,0.7661073803901672,0.7661073803901672
2015-04-22,0.767224133014679,0.767224133014679
2015-04-23,0.7642922401428223,0.7642922401428223
2015-04-24,0.7579776644706726,0.7579776644706726
2015-04-27,0.7609770894050598,0.7609770894050598
2015-04-28,0.7628929018974304,0.7628929018974304
2015-04-29,0.7723796963691711,0.7723796963691711
2015-04-30,0.7605719566345215,0.7605719566345215
2015-05-01,0.7605140805244446,0.7605140805244446
2015-05-04,0.7526153922080994,0.7526153922080994
2015-05-05,0.7540909647941589,0.7540909647941589
2015-05-06,0.7500750422477722,0.7500750422477722
2015-05-07,0.749007523059845,0.749007523059845
2015-05-08,0.7443245053291321,0.7443245053291321
2015-05-11,0.7425007820129395,0.7425007820129395
2015-05-12,0.7344300746917725,0.7344300746917725
2015-05-13,0.7415646910667419,0.7415646910667419
2015-05-14,0.753409206867218,0.753409206867218
2015-05-15,0.7492882013320923,0.7492882013320923
2015-05-18,0.7457677721977234,0.7457677721977234
2015-05-19,0.737626314163208,0.737626314163208
2015-05-20,0.7361059784889221,0.7361059784889221
2015-05-21,0.7303534746170044,0.7303534746170044
2015-05-22,0.7352941036224365,0.7352941036224365
2015-05-25,0.7301934957504272,0.7301934957504272
2015-05-26,0.7312079668045044,0.7312079668045044
2015-05-27,0.7247952818870544,0.7247952818870544
2015-05-28,0.7242178320884705,0.7242178320884705
2015-05-29,0.718339204788208,0.718339204788208
2015-06-01,0.7099247574806213,0.7099247574806213
2015-06-02,0.7104290723800659,0.7104290723800659
2015-06-03,0.7166917324066162,0.7166917324066162
2015-06-04,0.7152052521705627,0.7152052521705627
2015-06-05,0.7128092050552368,0.7128092050552368
2015-06-08,0.7048706412315369,0.7048706412315369
2015-06-09,0.7130632996559143,0.7130632996559143
2015-06-10,0.7145919799804688,0.7145919799804688
2015-06-11,0.7047712802886963,0.7047712802886963
2015-06-12,0.7016066908836365,0.7016066908836365
2015-06-15,0.6991051435470581,0.6991051435470581
2015-06-16,0.6999860405921936,0.6999860405921936
2015-06-17,0.6984215378761292,0.6984215378761292
2015-06-18,0.6889899373054504,0.6889899373054504
2015-06-19,0.6918978691101074,0.6918978691101074
2015-06-22,0.6902264356613159,0.6902264356613159
2015-06-23,0.6870018839836121,0.6870018839836121
2015-06-24,0.6867188811302185,0.6867188811302185
2015-06-25,0.6890373826026917,0.6890373826026917
2015-06-26,0.6887526512145996,0.6887526512145996
2015-06-29,0.682314395904541,0.682314395904541
2015-06-30,0.6839009523391724,0.6839009523391724
2015-07-01,0.6787022948265076,0.6787022948265076
2015-07-02,0.6713212132453918,0.6713212132453918
2015-07-03,0.6723141074180603,0.6723141074180603
2015-07-06,0.6681811809539795,0.6681811809539795
2015-07-07,0.6675121784210205,0.6675121784210205
2015-07-08,0.6667110919952393,0.6667110919952393
2015-07-09,0.6715916991233826,0.6715916991233826
2015-07-10,0.6748093962669373,0.6748093962669373
2015-07-13,0.6715014576911926,0.6715014576911926
2015-07-14,0.6684938669204712,0.6684938669204712
2015-07-15,0.6703760623931885,0.6703760623931885
2015-07-16,0.6575053930282593,0.6575053930282593
2015-07-17,0.6524859666824341,0.6524859666824341
2015-07-20,0.6517205238342285,0.6517205238342285
2015-07-21,0.6582412123680115,0.6582412123680115
2015-07-22,0.6629101634025574,0.6629101634025574
2015-07-23,0.6629980802536011,0.6629980802536011
2015-07-24,0.6619009971618652,0.6619009971618652
2015-07-27,0.6579813361167908,0.6579813361167908
2015-07-28,0.6626905202865601,0.6626905202865601
2015-07-29,0.6714112758636475,0.6714112758636475
2015-07-30,0.6655131578445435,0.6655131578445435
2015-07-31,0.6608075499534607,0.6608075499534607
2015-08-03,0.6582845449447632,0.6582845449447632
2015-08-04,0.6569007635116577,0.6569007635116577
2015-08-05,0.6537656784057617,0.6537656784057617
2015-08-06,0.6526563167572021,0.6526563167572021
2015-08-07,0.6544074416160583,0.6544074416160583
2015-08-10,0.6611133217811584,0.6611133217811584
2015-08-11,0.6614194512367249,0.6614194512367249
2015-08-12,0.6553938984870911,0.6553938984870911
2015-08-13,0.6612007021903992,0.6612007021903992
2015-08-14,0.655995786190033,0.655995786190033
2015-08-17,0.6541934013366699,0.6541934013366699
2015-08-18,0.6581112146377563,0.6581112146377563
2015-08-19,0.6588917374610901,0.6588917374610901
2015-08-20,0.6601967215538025,0.6601967215538025
2015-08-21,0.6623393893241882,0.6623393893241882
2015-08-24,0.662778377532959,0.662778377532959
2015-08-25,0.646120011806488,0.646120011806488
2015-08-26,0.6469979286193848,0.6469979286193848
2015-08-27,0.64470374584198,0.64470374584198
2015-08-28,0.647794246673584,0.647794246673584
2015-08-31,0.6462870836257935,0.6462870836257935
2015-09-01,0.6352836489677429,0.6352836489677429
2015-09-02,0.6319115161895752,0.6319115161895752
2015-09-03,0.6369832158088684,0.6369832158088684
2015-09-04,0.6392635703086853,0.6392635703086853
2015-09-07,0.6294850707054138,0.6294850707054138
2015-09-08,0.6273919343948364,0.6273919343948364
2015-09-09,0.6375924348831177,0.6375924348831177
2015-09-10,0.6266841888427734,0.6266841888427734
2015-09-11,0.630994439125061,0.630994439125061
2015-09-14,0.6323110461235046,0.6323110461235046
2015-09-15,0.6341153979301453,0.6341153979301453
2015-09-16,0.6347997188568115,0.6347997188568115
2015-09-17,0.6353644132614136,0.6353644132614136
2015-09-18,0.637511134147644,0.637511134147644
2015-09-21,0.6384880542755127,0.6384880542755127
2015-09-22,0.6329113841056824,0.6329113841056824
2015-09-23,0.6288912296295166,0.6288912296295166
2015-09-24,0.6278252005577087,0.6278252005577087
2015-09-25,0.6327111721038818,0.6327111721038818
2015-09-28,0.637511134147644,0.637511134147644
2015-09-29,0.630795419216156,0.630795419216156
2015-09-30,0.6354047656059265,0.6354047656059265
2015-10-01,0.6388959884643555,0.6388959884643555
2015-10-02,0.6399999856948853,0.6399999856948853
2015-10-05,0.6452028751373291,0.6452028751373291
2015-10-06,0.64939284324646,0.64939284324646
2015-10-07,0.6544074416160583,0.6544074416160583
2015-10-08,0.6605892181396484,0.6605892181396484
2015-10-09,0.6668000221252441,0.6668000221252441
2015-10-12,0.6681811809539795,0.6681811809539795
2015-10-13,0.6703311800956726,0.6703311800956726
2015-10-14,0.664893627166748,0.664893627166748
2015-10-15,0.6804109811782837,0.6804109811782837
2015-10-16,0.6837139129638672,0.6837139129638672
2015-10-19,0.6799020767211914,0.6799020767211914
2015-10-20,0.6805961728096008,0.6805961728096008
2015-10-21,0.6751282811164856,0.6751282811164856
2015-10-22,0.6725401878356934,0.6725401878356934
2015-10-23,0.6799020767211914,0.6799020767211914
2015-10-26,0.6749460101127625,0.6749460101127625
2015-10-27,0.6785181164741516,0.6785181164741516
2015-10-28,0.6772773265838623,0.6772773265838623
2015-10-29,0.6688068509101868,0.6688068509101868
2015-10-30,0.6706008911132812,0.6706008911132812
2015-11-02,0.6771856546401978,0.6771856546401978
2015-11-03,0.6758126616477966,0.6758126616477966
2015-11-04,0.666400134563446,0.666400134563446
2015-11-05,0.6595001220703125,0.6595001220703125
2015-11-06,0.6609822511672974,0.6609822511672974
2015-11-09,0.6536802053451538,0.6536802053451538
2015-11-10,0.6538939476013184,0.6538939476013184
2015-11-11,0.6552221179008484,0.6552221179008484
2015-11-12,0.6555227637290955,0.6555227637290955
2015-11-13,0.6547930836677551,0.6547930836677551
2015-11-16,0.6532958745956421,0.6532958745956421
2015-11-17,0.6485084295272827,0.6485084295272827
2015-11-18,0.6480041146278381,0.6480041146278381
2015-11-19,0.6491820216178894,0.6491820216178894
2015-11-20,0.6558666825294495,0.6558666825294495
2015-11-23,0.6547502279281616,0.6547502279281616
2015-11-24,0.6512112617492676,0.6512112617492676
2015-11-25,0.655995786190033,0.655995786190033
2015-11-26,0.6578081846237183,0.6578081846237183
2015-11-27,0.6575918793678284,0.6575918793678284
2015-11-30,0.6526989340782166,0.6526989340782166
2015-12-01,0.6599788665771484,0.6599788665771484
2015-12-02,0.6672894954681396,0.6672894954681396
2015-12-03,0.6643193960189819,0.6643193960189819
2015-12-04,0.6675121784210205,0.6675121784210205
2015-12-07,0.6729022264480591,0.6729022264480591
2015-12-08,0.6640105843544006,0.6640105843544006
2015-12-09,0.663790225982666,0.663790225982666
2015-12-10,0.6727211475372314,0.6727211475372314
2015-12-11,0.676315426826477,0.676315426826477
2015-12-14,0.6719075441360474,0.6719075441360474
2015-12-15,0.6785181164741516,0.6785181164741516
2015-12-16,0.6770939230918884,0.6770939230918884
2015-12-17,0.6766357421875,0.6766357421875
2015-12-18,0.6701963543891907,0.6701963543891907
2015-12-21,0.6728116869926453,0.6728116869926453
2015-12-22,0.6775985956192017,0.6775985956192017
2015-12-23,0.6809206008911133,0.6809206008911133
2015-12-24,0.6790710091590881,0.6790710091590881
2015-12-25,0.6830601096153259,0.6830601096153259
2015-12-28,0.6843221783638,0.6843221783638
2015-12-29,0.6855888962745667,0.6855888962745667
2015-12-30,0.6864831447601318,0.6864831447601318
2015-12-31,0.684415876865387,0.684415876865387
2016-01-01,0.6841349005699158,0.6841349005699158
2016-01-04,0.6832934617996216,0.6832934617996216
2016-01-05,0.67458176612854,0.67458176612854
2016-01-06,0.6701065301895142,0.6701065301895142
2016-01-07,0.6643193960189819,0.6643193960189819
2016-01-08,0.6625587940216064,0.6625587940216064
2016-01-11,0.6518904566764832,0.6518904566764832
2016-01-12,0.6556087136268616,0.6556087136268616
2016-01-13,0.6544930934906006,0.6544930934906006
2016-01-14,0.6487187743186951,0.6487187743186951
2016-01-15,0.6490135192871094,0.6490135192871094
2016-01-18,0.6443299055099487,0.6443299055099487
2016-01-19,0.6454527974128723,0.6454527974128723
2016-01-20,0.6402868628501892,0.6402868628501892
2016-01-21,0.6462870836257935,0.6462870836257935
2016-01-22,0.6545788049697876,0.6545788049697876
2016-01-25,0.6475006341934204,0.6475006341934204
2016-01-26,0.6449116468429565,0.6449116468429565
2016-01-27,0.6507874727249146,0.6507874727249146
2016-01-28,0.6427148580551147,0.6427148580551147
2016-01-29,0.6480041146278381,0.6480041146278381
2016-02-01,0.6469979286193848,0.6469979286193848
2016-02-02,0.6545788049697876,0.6545788049697876
2016-02-03,0.6520180106163025,0.6520180106163025
2016-02-04,0.6647168397903442,0.6647168397903442
2016-02-05,0.6729927659034729,0.6729927659034729
2016-02-08,0.6629980802536011,0.6629980802536011
2016-02-09,0.6619009971618652,0.6619009971618652
2016-02-10,0.6642311811447144,0.6642311811447144
2016-02-11,0.6684938669204712,0.6684938669204712
2016-02-12,0.6715014576911926,0.6715014576911926
2016-02-15,0.6640105843544006,0.6640105843544006
2016-02-16,0.664893627166748,0.664893627166748
2016-02-17,0.6581978797912598,0.6581978797912598
2016-02-18,0.6633939146995544,0.6633939146995544
2016-02-19,0.6644960045814514,0.6644960045814514
2016-02-22,0.6626027226448059,0.6626027226448059
2016-02-23,0.6714112758636475,0.6714112758636475
2016-02-24,0.6640105843544006,0.6640105843544006
2016-02-25,0.6664445400238037,0.6664445400238037
2016-02-26,0.674900472164154,0.674900472164154
2016-02-29,0.6591957807540894,0.6591957807540894
2016-03-01,0.6604147553443909,0.6604147553443909
2016-03-02,0.6640987992286682,0.6640987992286682
2016-03-03,0.666400134563446,0.666400134563446
2016-03-04,0.6724949479103088,0.6724949479103088
2016-03-07,0.6789788007736206,0.6789788007736206
2016-03-08,0.6785181164741516,0.6785181164741516
2016-03-09,0.674490749835968,0.674490749835968
2016-03-10,0.6644076704978943,0.6644076704978943
2016-03-11,0.6688963174819946,0.6688963174819946
2016-03-14,0.674081563949585,0.674081563949585
2016-03-15,0.6684938669204712,0.6684938669204712
2016-03-16,0.6612444519996643,0.6612444519996643
2016-03-17,0.674081563949585,0.674081563949585
2016-03-18,0.6839009523391724,0.6839009523391724
2016-03-21,0.6776904463768005,0.6776904463768005
2016-03-22,0.6766815185546875,0.6766815185546875
2016-03-23,0.674900472164154,0.674900472164154
2016-03-24,0.6721785664558411,0.6721785664558411
2016-03-25,0.670286238193512,0.670286238193512
2016-03-28,0.6677796840667725,0.6677796840667725
2016-03-29,0.674217939376831,0.674217939376831
2016-03-30,0.6869075298309326,0.6869075298309326
2016-03-31,0.690321683883667,0.690321683883667
2016-04-01,0.6920893788337708,0.6920893788337708
2016-04-04,0.6897027492523193,0.6897027492523193
2016-04-05,0.6813845634460449,0.6813845634460449
2016-04-06,0.6800407767295837,0.6800407767295837
2016-04-07,0.6832934617996216,0.6832934617996216
2016-04-08,0.6781960129737854,0.6781960129737854
2016-04-11,0.6817097067832947,0.6817097067832947
2016-04-12,0.6861063838005066,0.6861063838005066
2016-04-13,0.6923769116401672,0.6923769116401672
2016-04-14,0.6915150880813599,0.6915150880813599
2016-04-15,0.6864831447601318,0.6864831447601318
2016-04-18,0.6882786154747009,0.6882786154747009
2016-04-19,0.6984215378761292,0.6984215378761292
2016-04-20,0.703234851360321,0.703234851360321
2016-04-21,0.6976906061172485,0.6976906061172485
2016-04-22,0.6907030940055847,0.6907030940055847
2016-04-25,0.6867188811302185,0.6867188811302185
2016-04-26,0.6875215172767639,0.6875215172767639
2016-04-27,0.6893223524093628,0.6893223524093628
2016-04-28,0.6926167011260986,0.6926167011260986
2016-04-29,0.6963788270950317,0.6963788270950317
2016-05-02,0.7002801299095154,0.7002801299095154
2016-05-03,0.7034822702407837,0.7034822702407837
2016-05-04,0.6931928396224976,0.6931928396224976
2016-05-05,0.6889424324035645,0.6889424324035645
2016-05-06,0.6893223524093628,0.6893223524093628
2016-05-09,0.6841817498207092,0.6841817498207092
2016-05-10,0.6771856546401978,0.6771856546401978
2016-05-11,0.6800870895385742,0.6800870895385742
2016-05-12,0.6819886565208435,0.6819886565208435
2016-05-13,0.6819886565208435,0.6819886565208435
2016-05-16,0.6768189668655396,0.6768189668655396
2016-05-17,0.678380012512207,0.678380012512207
2016-05-18,0.6797172427177429,0.6797172427177429
2016-05-19,0.6761782765388489,0.6761782765388489
2016-05-20,0.6761782765388489,0.6761782765388489
2016-05-23,0.6765899658203125,0.6765899658203125
2016-05-24,0.6753562688827515,0.6753562688827515
2016-05-25,0.6753106117248535,0.6753106117248535
2016-05-26,0.6709157824516296,0.6709157824516296
2016-05-27,0.6753106117248535,0.6753106117248535
2016-05-30,0.6693888902664185,0.6693888902664185
2016-05-31,0.6710057854652405,0.6710057854652405
2016-06-01,0.6785181164741516,0.6785181164741516
2016-06-02,0.6820816993713379,0.6820816993713379
2016-06-03,0.6818026900291443,0.6818026900291443
2016-06-06,0.6939143538475037,0.6939143538475037
2016-06-07,0.6913716793060303,0.6913716793060303
2016-06-08,0.695313572883606,0.695313572883606
2016-06-09,0.7129108309745789,0.7129108309745789
2016-06-10,0.7117944359779358,0.7117944359779358
2016-06-13,0.7051191329956055,0.7051191329956055
2016-06-14,0.7044237852096558,0.7044237852096558
2016-06-15,0.6987143754959106,0.6987143754959106
2016-06-16,0.7079144716262817,0.7079144716262817
2016-06-17,0.7062645554542542,0.7062645554542542
2016-06-20,0.7089182138442993,0.7089182138442993
2016-06-21,0.7116931080818176,0.7116931080818176
2016-06-22,0.7132158875465393,0.7132158875465393
2016-06-23,0.7161784768104553,0.7161784768104553
2016-06-24,0.7199942469596863,0.7199942469596863
2016-06-27,0.7094210982322693,0.7094210982322693
2016-06-28,0.7016066908836365,0.7016066908836365
2016-06-29,0.7078142762184143,0.7078142762184143
2016-06-30,0.7124029397964478,0.7124029397964478
2016-07-01,0.7136231064796448,0.7136231064796448
2016-07-04,0.7176175117492676,0.7176175117492676
2016-07-05,0.7213966250419617,0.7213966250419617
2016-07-06,0.7132158875465393,0.7132158875465393
2016-07-07,0.7134194374084473,0.7134194374084473
2016-07-08,0.7234842777252197,0.7234842777252197
2016-07-11,0.7298737168312073,0.7298737168312073
2016-07-12,0.7230135202407837,0.7230135202407837
2016-07-13,0.729341447353363,0.729341447353363
2016-07-14,0.7262164354324341,0.7262164354324341
2016-07-15,0.7162810564041138,0.7162810564041138
2016-07-18,0.7074637413024902,0.7074637413024902
2016-07-19,0.7038784027099609,0.7038784027099609
2016-07-20,0.7047712802886963,0.7047712802886963
2016-07-21,0.6966699361801147,0.6966699361801147
2016-07-22,0.7007708549499512,0.7007708549499512
2016-07-25,0.7010656595230103,0.7010656595230103
2016-07-26,0.6998390555381775,0.6998390555381775
2016-07-27,0.706763744354248,0.706763744354248
2016-07-28,0.7094714641571045,0.7094714641571045
2016-07-29,0.709069013595581,0.709069013595581
2016-08-01,0.7190106511116028,0.7190106511116028
2016-08-02,0.7173600792884827,0.7173600792884827
2016-08-03,0.7209805250167847,0.7209805250167847
2016-08-04,0.7156659364700317,0.7156659364700317
2016-08-05,0.7180812358856201,0.7180812358856201
2016-08-08,0.711895763874054,0.711895763874054
2016-08-09,0.7146430611610413,0.7146430611610413
2016-08-10,0.7164350152015686,0.7164350152015686
2016-08-11,0.7289692759513855,0.7289692759513855
2016-08-12,0.721188485622406,0.721188485622406
2016-08-15,0.7192692160606384,0.7192692160606384
2016-08-16,0.7216569185256958,0.7216569185256958
2016-08-17,0.7289161086082458,0.7289161086082458
2016-08-18,0.7269026637077332,0.7269026637077332
2016-08-19,0.7283321022987366,0.7283321022987366
2016-08-22,0.7249528765678406,0.7249528765678406
2016-08-23,0.7284913063049316,0.7284913063049316
2016-08-24,0.7276431918144226,0.7276431918144226
2016-08-25,0.7317965626716614,0.7317965626716614
2016-08-26,0.7302467823028564,0.7302467823028564
2016-08-29,0.7225955128669739,0.7225955128669739
2016-08-30,0.7261109352111816,0.7261109352111816
2016-08-31,0.7241129279136658,0.7241129279136658
2016-09-01,0.7245851755142212,0.7245851755142212
2016-09-02,0.7293945550918579,0.7293945550918579
2016-09-05,0.7296074628829956,0.7296074628829956
2016-09-06,0.7311010360717773,0.7311010360717773
2016-09-07,0.742225170135498,0.742225170135498
2016-09-08,0.745156466960907,0.745156466960907
2016-09-09,0.7405762076377869,0.7405762076377869
2016-09-12,0.7336218357086182,0.7336218357086182
2016-09-13,0.7363770008087158,0.7363770008087158
2016-09-14,0.7251105904579163,0.7251105904579163
2016-09-15,0.727219820022583,0.727219820022583
2016-09-16,0.7322788834571838,0.7322788834571838
2016-09-19,0.7274843454360962,0.7274843454360962
2016-09-20,0.7304602265357971,0.7304602265357971
2016-09-21,0.7322788834571838,0.7322788834571838
2016-09-22,0.7345919609069824,0.7345919609069824
2016-09-23,0.731368362903595,0.731368362903595
2016-09-26,0.7235366702079773,0.7235366702079773
2016-09-27,0.7276431918144226,0.7276431918144226
2016-09-28,0.7296607494354248,0.7296607494354248
2016-09-29,0.7285974621772766,0.7285974621772766
2016-09-30,0.7245851755142212,0.7245851755142212
2016-10-03,0.7265858054161072,0.7265858054161072
2016-10-04,0.7297139763832092,0.7297139763832092
2016-10-05,0.7188039422035217,0.7188039422035217
2016-10-06,0.7172572016716003,0.7172572016716003
2016-10-07,0.716383695602417,0.716383695602417
2016-10-10,0.7172057628631592,0.7172057628631592
2016-10-11,0.7128599882125854,0.7128599882125854
2016-10-12,0.708365797996521,0.708365797996521
2016-10-13,0.704820990562439,0.704820990562439
2016-10-14,0.708666980266571,0.708666980266571
2016-10-17,0.7090187072753906,0.7090187072753906
2016-10-18,0.7174115777015686,0.7174115777015686
2016-10-19,0.72061687707901,0.72061687707901
2016-10-20,0.7232226729393005,0.7232226729393005
2016-10-21,0.7191140651702881,0.7191140651702881
2016-10-24,0.7156659364700317,0.7156659364700317
2016-10-25,0.7130124568939209,0.7130124568939209
2016-10-26,0.7168973088264465,0.7168973088264465
2016-10-27,0.7154099345207214,0.7154099345207214
2016-10-28,0.7126567959785461,0.7126567959785461
2016-10-31,0.716589093208313,0.716589093208313
2016-11-01,0.7158196568489075,0.7158196568489075
2016-11-02,0.7207207083702087,0.7207207083702087
2016-11-03,0.7283851504325867,0.7283851504325867
2016-11-04,0.733245313167572,0.733245313167572
2016-11-07,0.7320643663406372,0.7320643663406372
2016-11-08,0.7338911294937134,0.7338911294937134
2016-11-09,0.737136960029602,0.737136960029602
2016-11-10,0.7289692759513855,0.7289692759513855
2016-11-11,0.7218131422996521,0.7218131422996521
2016-11-14,0.7109847068786621,0.7109847068786621
2016-11-15,0.7132158875465393,0.7132158875465393
2016-11-16,0.7095217704772949,0.7095217704772949
2016-11-17,0.709723174571991,0.709723174571991
2016-11-18,0.7020993232727051,0.7020993232727051
2016-11-21,0.6997900605201721,0.6997900605201721
2016-11-22,0.707764208316803,0.707764208316803
2016-11-23,0.7069135904312134,0.7069135904312134
2016-11-24,0.6997900605201721,0.6997900605201721
2016-11-25,0.7009181976318359,0.7009181976318359
2016-11-28,0.7049700617790222,0.7049700617790222
2016-11-29,0.7085163593292236,0.7085163593292236
2016-11-30,0.7134703397750854,0.7134703397750854
2016-12-01,0.707764208316803,0.707764208316803
2016-12-02,0.7098239660263062,0.7098239660263062
2016-12-05,0.7102777361869812,0.7102777361869812
2016-12-06,0.7143367528915405,0.7143367528915405
2016-12-07,0.7127075791358948,0.7127075791358948
2016-12-08,0.7182360291481018,0.7182360291481018
2016-12-09,0.7180297374725342,0.7180297374725342
2016-12-12,0.7129108309745789,0.7129108309745789
2016-12-13,0.7199942469596863,0.7199942469596863
2016-12-14,0.7204091548919678,0.7204091548919678
2016-12-15,0.7117944359779358,0.7117944359779358
2016-12-16,0.7049203515052795,0.7049203515052795
2016-12-19,0.6963788270950317,0.6963788270950317
2016-12-20,0.6929046511650085,0.6929046511650085
2016-12-21,0.6930007338523865,0.6930007338523865
2016-12-22,0.6904169917106628,0.6904169917106628
2016-12-23,0.6906077861785889,0.6906077861785889
2016-12-26,0.6885629892349243,0.6885629892349243
2016-12-27,0.6883260011672974,0.6883260011672974
2016-12-28,0.6897027492523193,0.6897027492523193
2016-12-29,0.6927126049995422,0.6927126049995422
2016-12-30,0.6972042322158813,0.6972042322158813
2017-01-02,0.6934331655502319,0.6934331655502319
2017-01-03,0.6931928396224976,0.6931928396224976
2017-01-04,0.6923769116401672,0.6923769116401672
2017-01-05,0.6963303089141846,0.6963303089141846
2017-01-06,0.7021485567092896,0.7021485567092896
2017-01-09,0.6967670321464539,0.6967670321464539
2017-01-10,0.7018036246299744,0.7018036246299744
2017-01-11,0.6984215378761292,0.6984215378761292
2017-01-12,0.7067137956619263,0.7067137956619263
2017-01-13,0.711186945438385,0.711186945438385
2017-01-16,0.7131599187850952,0.7131599187850952
2017-01-17,0.7100709080696106,0.7100709080696106
2017-01-18,0.7202794551849365,0.7202794551849365
2017-01-19,0.7128193378448486,0.7128193378448486
2017-01-20,0.7193416953086853,0.7193416953086853
2017-01-23,0.7189692854881287,0.7189692854881287
2017-01-24,0.7236099243164062,0.7236099243164062
2017-01-25,0.7256894111633301,0.7256894111633301
2017-01-26,0.7300815582275391,0.7300815582275391
2017-01-27,0.7245011925697327,0.7245011925697327
2017-01-30,0.7272674441337585,0.7272674441337585
2017-01-31,0.7295223474502563,0.7295223474502563
2017-02-01,0.7294318675994873,0.7294318675994873
2017-02-02,0.7254314422607422,0.7254314422607422
2017-02-03,0.7285602688789368,0.7285602688789368
2017-02-06,0.7314700484275818,0.7314700484275818
2017-02-07,0.7317376136779785,0.7317376136779785
2017-02-08,0.7297991514205933,0.7297991514205933
2017-02-09,0.723552405834198,0.723552405834198
2017-02-10,0.7195383310317993,0.7195383310317993
2017-02-13,0.7194244861602783,0.7194244861602783
2017-02-14,0.7180503606796265,0.7180503606796265
2017-02-15,0.717288076877594,0.717288076877594
2017-02-16,0.7222719788551331,0.7222719788551331
2017-02-17,0.721547544002533,0.721547544002533
2017-02-20,0.7181895971298218,0.7181895971298218
2017-02-21,0.7176175117492676,0.7176175117492676
2017-02-22,0.7164401412010193,0.7164401412010193
2017-02-23,0.7181792259216309,0.7181792259216309
2017-02-24,0.7230396866798401,0.7230396866798401
2017-02-27,0.7192174792289734,0.7192174792289734
2017-02-28,0.7185301780700684,0.7185301780700684
2017-03-01,0.717221200466156,0.717221200466156
2017-03-02,0.7114703059196472,0.7114703059196472
2017-03-03,0.706239640712738,0.706239640712738
2017-03-06,0.703759491443634,0.703759491443634
2017-03-07,0.6994082927703857,0.6994082927703857
2017-03-08,0.6963981986045837,0.6963981986045837
2017-03-09,0.6916777491569519,0.6916777491569519
2017-03-10,0.6896598935127258,0.6896598935127258
2017-03-13,0.6923577785491943,0.6923577785491943
2017-03-14,0.691811740398407,0.691811740398407
2017-03-15,0.6929382681846619,0.6929382681846619
2017-03-16,0.7027407288551331,0.7027407288551331
2017-03-17,0.698319137096405,0.698319137096405
2017-03-20,0.7028592228889465,0.7028592228889465
2017-03-21,0.7049203515052795,0.7049203515052795
2017-03-22,0.7041410803794861,0.7041410803794861
2017-03-23,0.7040418982505798,0.7040418982505798
2017-03-24,0.702928364276886,0.702928364276886
2017-03-27,0.7045577764511108,0.7045577764511108
2017-03-28,0.7047911882400513,0.7047911882400513
2017-03-29,0.7008199691772461,0.7008199691772461
2017-03-30,0.7033783197402954,0.7033783197402954
2017-03-31,0.7003585696220398,0.7003585696220398
2017-04-03,0.7004910707473755,0.7004910707473755
2017-04-04,0.7017495036125183,0.7017495036125183
2017-04-05,0.6976419687271118,0.6976419687271118
2017-04-06,0.6977198123931885,0.6977198123931885
2017-04-07,0.6973792314529419,0.6973792314529419
2017-04-10,0.6941697001457214,0.6941697001457214
2017-04-11,0.6964515447616577,0.6964515447616577
2017-04-12,0.6958893537521362,0.6958893537521362
2017-04-13,0.6993593573570251,0.6993593573570251
2017-04-14,0.6995795369148254,0.6995795369148254
2017-04-17,0.7014787197113037,0.7014787197113037
2017-04-18,0.7012278437614441,0.7012278437614441
2017-04-19,0.7046024799346924,0.7046024799346924
2017-04-20,0.7038981914520264,0.7038981914520264
2017-04-21,0.6990220546722412,0.6990220546722412
2017-04-24,0.7042204141616821,0.7042204141616821
2017-04-25,0.7013508081436157,0.7013508081436157
2017-04-26,0.6950622797012329,0.6950622797012329
2017-04-27,0.6902597546577454,0.6902597546577454
2017-04-28,0.688349723815918,0.688349723815918
2017-05-01,0.6873891949653625,0.6873891949653625
2017-05-02,0.6922618746757507,0.6922618746757507
2017-05-03,0.6962576508522034,0.6962576508522034
2017-05-04,0.6886577606201172,0.6886577606201172
2017-05-05,0.6875687837600708,0.6875687837600708
2017-05-08,0.6900882720947266,0.6900882720947266
2017-05-09,0.6920893788337708,0.6920893788337708
2017-05-10,0.6897978782653809,0.6897978782653809
2017-05-11,0.6833588480949402,0.6833588480949402
2017-05-12,0.684387743473053,0.684387743473053
2017-05-15,0.6866387128829956,0.6866387128829956
2017-05-16,0.6890279054641724,0.6890279054641724
2017-05-17,0.6890421509742737,0.6890421509742737
2017-05-18,0.6939721703529358,0.6939721703529358
2017-05-19,0.689560055732727,0.689560055732727
2017-05-22,0.6934283971786499,0.6934283971786499
2017-05-23,0.7004714012145996,0.7004714012145996
2017-05-24,0.700908362865448,0.700908362865448
2017-05-25,0.7046322226524353,0.7046322226524353
2017-05-26,0.7018578052520752,0.7018578052520752
2017-05-29,0.7051589488983154,0.7051589488983154
2017-05-30,0.7051589488983154,0.7051589488983154
2017-05-31,0.7086418867111206,0.7086418867111206
2017-06-01,0.7083407044410706,0.7083407044410706
2017-06-02,0.7061997056007385,0.7061997056007385
2017-06-05,0.7137197852134705,0.7137197852134705
2017-06-06,0.7130582332611084,0.7130582332611084
2017-06-07,0.7180606722831726,0.7180606722831726
2017-06-08,0.7189692854881287,0.7189692854881287
2017-06-09,0.71986985206604,0.71986985206604
2017-06-12,0.7208298444747925,0.7208298444747925
2017-06-13,0.7206116914749146,0.7206116914749146
2017-06-14,0.7206584215164185,0.7206584215164185
2017-06-15,0.7245693802833557,0.7245693802833557
2017-06-16,0.720352053642273,0.720352053642273
2017-06-19,0.7264379858970642,0.7264379858970642
2017-06-20,0.7226007580757141,0.7226007580757141
2017-06-21,0.7239190340042114,0.7239190340042114
2017-06-22,0.7248687744140625,0.7248687744140625
2017-06-23,0.7261900305747986,0.7261900305747986
2017-06-26,0.7284117341041565,0.7284117341041565
2017-06-27,0.7284382581710815,0.7284382581710815
2017-06-28,0.7266808152198792,0.7266808152198792
2017-06-29,0.7304922342300415,0.7304922342300415
2017-06-30,0.7309620976448059,0.7309620976448059
2017-07-03,0.7336810827255249,0.7336810827255249
2017-07-04,0.728868305683136,0.728868305683136
2017-07-05,0.7291924953460693,0.7291924953460693
2017-07-06,0.7284275889396667,0.7284275889396667
2017-07-07,0.7284382581710815,0.7284382581710815
2017-07-10,0.7276802062988281,0.7276802062988281
2017-07-12,0.7222875952720642,0.7222875952720642
2017-07-13,0.7256314754486084,0.7256314754486084
2017-07-14,0.732429027557373,0.732429027557373
2017-07-17,0.7358406186103821,0.7358406186103821
2017-07-18,0.72798752784729,0.72798752784729
2017-07-19,0.7352291941642761,0.7352291941642761
2017-07-20,0.7364312410354614,0.7364312410354614
2017-07-21,0.7403404116630554,0.7403404116630554
2017-07-24,0.7452787160873413,0.7452787160873413
2017-07-25,0.7439811825752258,0.7439811825752258
2017-07-26,0.7421976327896118,0.7421976327896118
2017-07-27,0.7525699734687805,0.7525699734687805
2017-07-28,0.7504127025604248,0.7504127025604248
2017-07-31,0.7520097494125366,0.7520097494125366
2017-08-01,0.750750720500946,0.750750720500946
2017-08-02,0.7426385879516602,0.7426385879516602
2017-08-03,0.7410097122192383,0.7410097122192383
2017-08-04,0.7447125315666199,0.7447125315666199
2017-08-07,0.7409108877182007,0.7409108877182007
2017-08-08,0.7359488606452942,0.7359488606452942
2017-08-09,0.7324987649917603,0.7324987649917603
2017-08-10,0.7355104684829712,0.7355104684829712
2017-08-11,0.7273890972137451,0.7273890972137451
2017-08-14,0.7316519618034363,0.7316519618034363
2017-08-15,0.7296394109725952,0.7296394109725952
2017-08-16,0.7233220934867859,0.7233220934867859
2017-08-17,0.7316573262214661,0.7316573262214661
2017-08-18,0.7282685041427612,0.7282685041427612
2017-08-21,0.7310903072357178,0.7310903072357178
2017-08-22,0.7327295541763306,0.7327295541763306
2017-08-23,0.728141188621521,0.728141188621521
2017-08-24,0.7235314249992371,0.7235314249992371
2017-08-25,0.7207207083702087,0.7207207083702087
2017-08-28,0.7251210808753967,0.7251210808753967
2017-08-29,0.7244381904602051,0.7244381904602051
2017-08-30,0.7258895635604858,0.7258895635604858
2017-08-31,0.7203884720802307,0.7203884720802307
2017-09-01,0.7179111242294312,0.7179111242294312
2017-09-04,0.7167790532112122,0.7167790532112122
2017-09-05,0.7161579728126526,0.7161579728126526
2017-09-06,0.7259106040000916,0.7259106040000916
2017-09-07,0.7203417420387268,0.7203417420387268
2017-09-08,0.7248477339744568,0.7248477339744568
2017-09-11,0.7241286635398865,0.7241286635398865
2017-09-12,0.7254314422607422,0.7254314422607422
2017-09-13,0.7283321022987366,0.7283321022987366
2017-09-14,0.7249581217765808,0.7249581217765808
2017-09-15,0.7229612469673157,0.7229612469673157
2017-09-18,0.7289320230484009,0.7289320230484009
2017-09-19,0.7265593409538269,0.7265593409538269
2017-09-20,0.7314593195915222,0.7314593195915222
2017-09-21,0.7333690524101257,0.7333690524101257
2017-09-22,0.7300122380256653,0.7300122380256653
2017-09-25,0.729091465473175,0.729091465473175
2017-09-26,0.7273097634315491,0.7273097634315491
2017-09-27,0.7203624844551086,0.7203624844551086
2017-09-28,0.7216413021087646,0.7216413021087646
2017-09-29,0.7222824096679688,0.7222824096679688
2017-10-02,0.7219278216362,0.7219278216362
2017-10-03,0.7192278504371643,0.7192278504371643
2017-10-04,0.7163323760032654,0.7163323760032654
2017-10-05,0.7157222628593445,0.7157222628593445
2017-10-06,0.7113589644432068,0.7113589644432068
2017-10-09,0.7071185111999512,0.7071185111999512
2017-10-10,0.7066088914871216,0.7066088914871216
2017-10-11,0.7073786854743958,0.7073786854743958
2017-10-12,0.7098491191864014,0.7098491191864014
2017-10-13,0.7129921317100525,0.7129921317100525
2017-10-16,0.7177205085754395,0.7177205085754395
2017-10-17,0.7185094952583313,0.7185094952583313
2017-10-18,0.7176586985588074,0.7176586985588074
2017-10-19,0.7154815793037415,0.7154815793037415
2017-10-20,0.7030519843101501,0.7030519843101501
2017-10-23,0.6942178606987,0.6942178606987
2017-10-24,0.698319137096405,0.698319137096405
2017-10-25,0.6903693079948425,0.6903693079948425
2017-10-26,0.6893603801727295,0.6893603801727295
2017-10-27,0.6837607026100159,0.6837607026100159
2017-10-30,0.6861392855644226,0.6861392855644226
2017-10-31,0.6882407069206238,0.6882407069206238
2017-11-01,0.6904885172843933,0.6904885172843933
2017-11-02,0.6892321705818176,0.6892321705818176
2017-11-03,0.6912999749183655,0.6912999749183655
2017-11-06,0.6909417510032654,0.6909417510032654
2017-11-07,0.6941311359405518,0.6941311359405518
2017-11-08,0.6910611391067505,0.6910611391067505
2017-11-09,0.6955699324607849,0.6955699324607849
2017-11-10,0.6944589018821716,0.6944589018821716
2017-11-13,0.6925399899482727,0.6925399899482727
2017-11-14,0.6898311972618103,0.6898311972618103
2017-11-15,0.6878809332847595,0.6878809332847595
2017-11-17,0.6855512857437134,0.6855512857437134
2017-11-20,0.6801009178161621,0.6801009178161621
2017-11-21,0.6811988949775696,0.6811988949775696
2017-11-22,0.6846595406532288,0.6846595406532288
2017-11-23,0.6874411702156067,0.6874411702156067
2017-11-24,0.6889899373054504,0.6889899373054504
2017-11-27,0.6872379779815674,0.6872379779815674
2017-11-28,0.6920223832130432,0.6920223832130432
2017-11-29,0.6901120543479919,0.6901120543479919
2017-11-30,0.688477635383606,0.688477635383606
2017-12-01,0.6831814646720886,0.6831814646720886
2017-12-04,0.6855278015136719,0.6855278015136719
2017-12-05,0.6867990493774414,0.6867990493774414
2017-12-06,0.6875120401382446,0.6875120401382446
2017-12-07,0.6886008977890015,0.6886008977890015
2017-12-08,0.6827196478843689,0.6827196478843689
2017-12-11,0.6842519640922546,0.6842519640922546
2017-12-12,0.6909608244895935,0.6909608244895935
2017-12-13,0.6938276886940002,0.6938276886940002
2017-12-14,0.7024297118186951,0.7024297118186951
2017-12-15,0.6989585757255554,0.6989585757255554
2017-12-18,0.6998488306999207,0.6998488306999207
2017-12-19,0.6994816660881042,0.6994816660881042
2017-12-20,0.6970924139022827,0.6970924139022827
2017-12-21,0.7016312479972839,0.7016312479972839
2017-12-22,0.7014294862747192,0.7014294862747192
2017-12-25,0.7015082240104675,0.7015082240104675
2017-12-26,0.702799916267395,0.702799916267395
2017-12-27,0.7032496929168701,0.7032496929168701
2017-12-28,0.7069686055183411,0.7069686055183411
2017-12-29,0.7093405723571777,0.7093405723571777
2018-01-01,0.7113893628120422,0.7113893628120422
2018-01-02,0.708817720413208,0.708817720413208
2018-01-03,0.7100205421447754,0.7100205421447754
2018-01-04,0.7090187072753906,0.7090187072753906
2018-01-05,0.7155993580818176,0.7155993580818176
2018-01-08,0.7170412540435791,0.7170412540435791
2018-01-09,0.7175402641296387,0.7175402641296387
2018-01-10,0.7144489884376526,0.7144489884376526
2018-01-11,0.7206479907035828,0.7206479907035828
2018-01-12,0.7260793447494507,0.7260793447494507
2018-01-15,0.7249003052711487,0.7249003052711487
2018-01-16,0.7296607494354248,0.7296607494354248
2018-01-17,0.7268921136856079,0.7268921136856079
2018-01-18,0.7272886037826538,0.7272886037826538
2018-01-19,0.72965008020401,0.72965008020401
2018-01-22,0.7288311123847961,0.7288311123847961
2018-01-23,0.7319090366363525,0.7319090366363525
2018-01-24,0.7362902760505676,0.7362902760505676
2018-01-25,0.733718752861023,0.733718752861023
2018-01-26,0.731079638004303,0.731079638004303
2018-01-29,0.7362686395645142,0.7362686395645142
2018-01-30,0.7325094938278198,0.7325094938278198
2018-01-31,0.7339880466461182,0.7339880466461182
2018-02-01,0.7375882267951965,0.7375882267951965
2018-02-02,0.7397927045822144,0.7397927045822144
2018-02-05,0.7282207608222961,0.7282207608222961
2018-02-06,0.7266914248466492,0.7266914248466492
2018-02-07,0.7331593036651611,0.7331593036651611
2018-02-08,0.7227522134780884,0.7227522134780884
2018-02-09,0.7226112484931946,0.7226112484931946
2018-02-12,0.7246691584587097,0.7246691584587097
2018-02-13,0.726300835609436,0.726300835609436
2018-02-14,0.7282685041427612,0.7282685041427612
2018-02-15,0.73744136095047,0.73744136095047
2018-02-16,0.7398912310600281,0.7398912310600281
2018-02-19,0.7387925386428833,0.7387925386428833
2018-02-20,0.7363878488540649,0.7363878488540649
2018-02-21,0.7342305779457092,0.7342305779457092
2018-02-22,0.7316787838935852,0.7316787838935852
2018-02-23,0.7324022054672241,0.7324022054672241
2018-02-26,0.7279079556465149,0.7279079556465149
2018-02-27,0.7291393280029297,0.7291393280029297
2018-02-28,0.7235209345817566,0.7235209345817566
2018-03-01,0.7207622528076172,0.7207622528076172
2018-03-02,0.7261425852775574,0.7261425852775574
2018-03-05,0.7230605483055115,0.7230605483055115
2018-03-06,0.7225120067596436,0.7225120067596436
2018-03-07,0.7283002734184265,0.7283002734184265
2018-03-08,0.7286983132362366,0.7286983132362366
2018-03-09,0.7260476350784302,0.7260476350784302
2018-03-12,0.730833888053894,0.730833888053894
2018-03-13,0.7301188707351685,0.7301188707351685
2018-03-14,0.7329873442649841,0.7329873442649841
2018-03-15,0.7315502762794495,0.7315502762794495
2018-03-16,0.727087676525116,0.727087676525116
2018-03-19,0.7227522134780884,0.7227522134780884
2018-03-20,0.7243017554283142,0.7243017554283142
2018-03-21,0.7179318070411682,0.7179318070411682
2018-03-22,0.7230814695358276,0.7230814695358276
2018-03-23,0.7216100692749023,0.7216100692749023
2018-03-26,0.7240920066833496,0.7240920066833496
2018-03-27,0.7302681803703308,0.7302681803703308
2018-03-28,0.7270084023475647,0.7270084023475647
2018-03-29,0.7211625576019287,0.7211625576019287
2018-03-30,0.7229194045066833,0.7229194045066833
2018-04-02,0.7235890030860901,0.7235890030860901
2018-04-03,0.7203105688095093,0.7203105688095093
2018-04-04,0.726379930973053,0.726379930973053
2018-04-05,0.731898307800293,0.731898307800293
2018-04-06,0.7262796759605408,0.7262796759605408
2018-04-09,0.7274684906005859,0.7274684906005859
2018-04-10,0.7307590842247009,0.7307590842247009
2018-04-11,0.7370989322662354,0.7370989322662354
2018-04-12,0.7368653416633606,0.7368653416633606
2018-04-13,0.7379420399665833,0.7379420399665833
2018-04-16,0.7348726391792297,0.7348726391792297
2018-04-17,0.736680805683136,0.736680805683136
2018-04-18,0.7340688705444336,0.7340688705444336
2018-04-19,0.7324827313423157,0.7324827313423157
2018-04-20,0.726000189781189,0.726000189781189
2018-04-23,0.7204195857048035,0.7204195857048035
2018-04-24,0.7150518298149109,0.7150518298149109
2018-04-25,0.7117691040039062,0.7117691040039062
2018-04-26,0.7076590061187744,0.7076590061187744
2018-04-27,0.7065489888191223,0.7065489888191223
2018-04-30,0.7084109783172607,0.7084109783172607
2018-05-01,0.7037693858146667,0.7037693858146667
2018-05-02,0.7000986933708191,0.7000986933708191
2018-05-03,0.6995012760162354,0.6995012760162354
2018-05-04,0.7040815353393555,0.7040815353393555
2018-05-07,0.7020007371902466,0.7020007371902466
2018-05-08,0.7022915482521057,0.7022915482521057
2018-05-09,0.6969126462936401,0.6969126462936401
2018-05-10,0.6931399703025818,0.6931399703025818
2018-05-11,0.6963788270950317,0.6963788270950317
2018-05-14,0.6968204379081726,0.6968204379081726
2018-05-15,0.6918021440505981,0.6918021440505981
2018-05-16,0.6863606572151184,0.6863606572151184
2018-05-17,0.6904789805412292,0.6904789805412292
2018-05-18,0.688477635383606,0.688477635383606
2018-05-21,0.691438615322113,0.691438615322113
2018-05-22,0.69533771276474,0.69533771276474
2018-05-23,0.6942033767700195,0.6942033767700195
2018-05-24,0.6929094791412354,0.6929094791412354
2018-05-25,0.6931399703025818,0.6931399703025818
2018-05-28,0.6920798420906067,0.6920798420906067
2018-05-29,0.6940010786056519,0.6940010786056519
2018-05-30,0.6889424324035645,0.6889424324035645
2018-05-31,0.698460578918457,0.698460578918457
2018-06-01,0.7006579041481018,0.7006579041481018
2018-06-04,0.69808030128479,0.69808030128479
2018-06-05,0.7031705975532532,0.7031705975532532
2018-06-06,0.7029679417610168,0.7029679417610168
2018-06-07,0.7039080858230591,0.7039080858230591
2018-06-08,0.7018824815750122,0.7018824815750122
2018-06-11,0.7033783197402954,0.7033783197402954
2018-06-12,0.7017495036125183,0.7017495036125183
2018-06-13,0.7005499601364136,0.7005499601364136
2018-06-14,0.7025925517082214,0.7025925517082214
2018-06-15,0.6961994171142578,0.6961994171142578
2018-06-18,0.693899929523468,0.693899929523468
2018-06-19,0.6931304335594177,0.6931304335594177
2018-06-20,0.6904789805412292,0.6904789805412292
2018-06-21,0.6869311332702637,0.6869311332702637
2018-06-22,0.687096357345581,0.687096357345581
2018-06-25,0.6915677189826965,0.6915677189826965
2018-06-26,0.6889187097549438,0.6889187097549438
2018-06-27,0.6850581765174866,0.6850581765174866
2018-06-28,0.6791402101516724,0.6791402101516724
2018-06-29,0.6752604842185974,0.6752604842185974
2018-07-02,0.6778420209884644,0.6778420209884644
2018-07-03,0.6710913777351379,0.6710913777351379
2018-07-04,0.6753106117248535,0.6753106117248535
2018-07-05,0.6761919260025024,0.6761919260025024
2018-07-06,0.6795509457588196,0.6795509457588196
2018-07-09,0.683531641960144,0.683531641960144
2018-07-10,0.6849784255027771,0.6849784255027771
2018-07-11,0.681742250919342,0.681742250919342
2018-07-12,0.6755707263946533,0.6755707263946533
2018-07-13,0.6772085428237915,0.6772085428237915
2018-07-16,0.6765716671943665,0.6765716671943665
2018-07-17,0.6785181164741516,0.6785181164741516
2018-07-18,0.6774150133132935,0.6774150133132935
2018-07-19,0.6793293356895447,0.6793293356895447
2018-07-20,0.6748321056365967,0.6748321056365967
2018-07-23,0.6821607947349548,0.6821607947349548
2018-07-24,0.6783201694488525,0.6783201694488525
2018-07-25,0.6805036067962646,0.6805036067962646
2018-07-26,0.6844814419746399,0.6844814419746399
2018-07-27,0.6786194443702698,0.6786194443702698
2018-07-30,0.6796618103981018,0.6796618103981018
2018-07-31,0.6823609471321106,0.6823609471321106
2018-08-01,0.6803415417671204,0.6803415417671204
2018-08-02,0.679500162601471,0.679500162601471
2018-08-03,0.673768162727356,0.673768162727356
2018-08-06,0.6745999455451965,0.6745999455451965
2018-08-07,0.6730290055274963,0.6730290055274963
2018-08-08,0.6740588545799255,0.6740588545799255
2018-08-09,0.6694694757461548,0.6694694757461548
2018-08-10,0.660689651966095,0.660689651966095
2018-08-13,0.6585012674331665,0.6585012674331665
2018-08-14,0.6575486660003662,0.6575486660003662
2018-08-15,0.6571381688117981,0.6571381688117981
2018-08-16,0.6558194160461426,0.6558194160461426
2018-08-17,0.6584882140159607,0.6584882140159607
2018-08-20,0.6625719666481018,0.6625719666481018
2018-08-21,0.6640812158584595,0.6640812158584595
2018-08-22,0.6703221797943115,0.6703221797943115
2018-08-23,0.6697115898132324,0.6697115898132324
2018-08-24,0.6626027226448059,0.6626027226448059
2018-08-27,0.6701918840408325,0.6701918840408325
2018-08-28,0.6704300045967102,0.6704300045967102
2018-08-29,0.6713212132453918,0.6713212132453918
2018-08-30,0.671312153339386,0.671312153339386
2018-08-31,0.6648715138435364,0.6648715138435364
2018-09-03,0.6609079837799072,0.6609079837799072
2018-09-04,0.6608948111534119,0.6608948111534119
2018-09-05,0.6553938984870911,0.6553938984870911
2018-09-06,0.6598482728004456,0.6598482728004456
2018-09-07,0.6583191752433777,0.6583191752433777
2018-09-10,0.653710126876831,0.653710126876831
2018-09-11,0.6520817875862122,0.6520817875862122
2018-09-12,0.6516355872154236,0.6516355872154236
2018-09-13,0.656150758266449,0.656150758266449
2018-09-14,0.6573800444602966,0.6573800444602966
2018-09-17,0.6542319059371948,0.6542319059371948
2018-09-18,0.6564005613327026,0.6564005613327026
2018-09-19,0.6589351296424866,0.6589351296424866
2018-09-20,0.6643679738044739,0.6643679738044739
2018-09-21,0.6681990623474121,0.6681990623474121
2018-09-24,0.6685832738876343,0.6685832738876343
2018-09-25,0.6642178893089294,0.6642178893089294
2018-09-26,0.6644606590270996,0.6644606590270996
2018-09-27,0.6663512587547302,0.6663512587547302
2018-09-28,0.661808967590332,0.661808967590332
2018-10-01,0.6623481512069702,0.6623481512069702
2018-10-02,0.6604583859443665,0.6604583859443665
2018-10-03,0.6589916348457336,0.6589916348457336
2018-10-04,0.650199294090271,0.650199294090271
2018-10-05,0.6481595635414124,0.6481595635414124
2018-10-08,0.6437202095985413,0.6437202095985413
2018-10-09,0.6451613306999207,0.6451613306999207
2018-10-10,0.6488029360771179,0.6488029360771179
2018-10-11,0.6460908055305481,0.6460908055305481
2018-10-12,0.6527585387229919,0.6527585387229919
2018-10-15,0.6500893831253052,0.6500893831253052
2018-10-16,0.6572980284690857,0.6572980284690857
2018-10-17,0.658301830291748,0.658301830291748
2018-10-18,0.6545187830924988,0.6545187830924988
2018-10-19,0.6538811326026917,0.6538811326026917
2018-10-22,0.6594479084014893,0.6594479084014893
2018-10-23,0.6554110646247864,0.6554110646247864
2018-10-24,0.6553595662117004,0.6553595662117004
2018-10-25,0.6510798335075378,0.6510798335075378
2018-10-26,0.6528608202934265,0.6528608202934265
2018-10-29,0.6529119610786438,0.6529119610786438
2018-10-30,0.6527883410453796,0.6527883410453796
2018-10-31,0.6559011340141296,0.6559011340141296
2018-11-01,0.6525498628616333,0.6525498628616333
2018-11-02,0.6651280522346497,0.6651280522346497
2018-11-05,0.6649201512336731,0.6649201512336731
2018-11-06,0.666058361530304,0.666058361530304
2018-11-07,0.6741496920585632,0.6741496920585632
2018-11-08,0.6785089373588562,0.6785089373588562
2018-11-09,0.6751784682273865,0.6751784682273865
2018-11-12,0.6730290055274963,0.6730290055274963
2018-11-13,0.6718308329582214,0.6718308329582214
2018-11-14,0.6770022511482239,0.6770022511482239
2018-11-15,0.6792555451393127,0.6792555451393127
2018-11-16,0.6824913620948792,0.6824913620948792
2018-11-19,0.686238169670105,0.686238169670105
2018-11-20,0.6840881109237671,0.6840881109237671
2018-11-21,0.6791079044342041,0.6791079044342041
2018-11-22,0.6827803254127502,0.6827803254127502
2018-11-23,0.6808881163597107,0.6808881163597107
2018-11-26,0.67728191614151,0.67728191614151
2018-11-27,0.677639901638031,0.677639901638031
2018-11-28,0.6798697113990784,0.6798697113990784
2018-11-29,0.6869311332702637,0.6869311332702637
2018-11-30,0.686582088470459,0.686582088470459
2018-12-03,0.6911088824272156,0.6911088824272156
2018-12-04,0.6927990317344666,0.6927990317344666
2018-12-05,0.6941118240356445,0.6941118240356445
2018-12-06,0.6894412636756897,0.6894412636756897
2018-12-07,0.6882786154747009,0.6882786154747009
2018-12-10,0.6845095753669739,0.6845095753669739
2018-12-11,0.6874600052833557,0.6874600052833557
2018-12-12,0.6888000965118408,0.6888000965118408
2018-12-13,0.6859416365623474,0.6859416365623474
2018-12-14,0.6857017874717712,0.6857017874717712
2018-12-17,0.6792417168617249,0.6792417168617249
2018-12-18,0.6809901595115662,0.6809901595115662
2018-12-19,0.6852694153785706,0.6852694153785706
2018-12-20,0.6777822971343994,0.6777822971343994
2018-12-21,0.6774609088897705,0.6774609088897705
2018-12-24,0.6717901825904846,0.6717901825904846
2018-12-25,0.673582136631012,0.673582136631012
2018-12-26,0.6730200052261353,0.6730200052261353
2018-12-27,0.6739816665649414,0.6739816665649414
2018-12-28,0.6700212359428406,0.6700212359428406
2018-12-31,0.6707717776298523,0.6707717776298523
2019-01-01,0.6724949479103088,0.6724949479103088
2019-01-02,0.6713616847991943,0.6713616847991943
2019-01-03,0.6633586883544922,0.6633586883544922
2019-01-04,0.6688515543937683,0.6688515543937683
2019-01-07,0.6743497252464294,0.6743497252464294
2019-01-08,0.675369918346405,0.675369918346405
2019-01-09,0.6740497946739197,0.6740497946739197
2019-01-10,0.6791079044342041,0.6791079044342041
2019-01-11,0.6785181164741516,0.6785181164741516
2019-01-14,0.682174801826477,0.682174801826477
2019-01-15,0.6826870441436768,0.6826870441436768
2019-01-16,0.6823609471321106,0.6823609471321106
2019-01-17,0.6773782968521118,0.6773782968521118
2019-01-18,0.6763291358947754,0.6763291358947754
2019-01-21,0.674040675163269,0.674040675163269
2019-01-22,0.6729927659034729,0.6729927659034729
2019-01-23,0.6752012372016907,0.6752012372016907
2019-01-24,0.6793893575668335,0.6793893575668335
2019-01-25,0.6760091185569763,0.6760091185569763
2019-01-28,0.683947741985321,0.683947741985321
2019-01-29,0.6833588480949402,0.6833588480949402
2019-01-30,0.6823004484176636,0.6823004484176636
2019-01-31,0.6899882555007935,0.6899882555007935
2019-02-01,0.6914194822311401,0.6914194822311401
2019-02-04,0.6898407340049744,0.6898407340049744
2019-02-05,0.687809944152832,0.687809944152832
2019-02-06,0.690212070941925,0.690212070941925
2019-02-07,0.6769701838493347,0.6769701838493347
2019-02-08,0.6747183203697205,0.6747183203697205
2019-02-11,0.6760411262512207,0.6760411262512207
2019-02-12,0.673768162727356,0.673768162727356
2019-02-13,0.6741496920585632,0.6741496920585632
2019-02-14,0.6808093190193176,0.6808093190193176
2019-02-15,0.6832607984542847,0.6832607984542847
2019-02-18,0.6865491271018982,0.6865491271018982
2019-02-19,0.6856594681739807,0.6856594681739807
2019-02-20,0.6879944801330566,0.6879944801330566
2019-02-21,0.6858381032943726,0.6858381032943726
2019-02-22,0.681430995464325,0.681430995464325
2019-02-25,0.686582088470459,0.686582088470459
2019-02-26,0.6885914206504822,0.6885914206504822
2019-02-27,0.6895790696144104,0.6895790696144104
2019-02-28,0.6853587031364441,0.6853587031364441
2019-03-01,0.6821980476379395,0.6821980476379395
2019-03-04,0.6822911500930786,0.6822911500930786
2019-03-05,0.6823703050613403,0.6823703050613403
2019-03-06,0.6800916790962219,0.6800916790962219
2019-03-07,0.6771397590637207,0.6771397590637207
2019-03-08,0.6764801144599915,0.6764801144599915
2019-03-11,0.6806888580322266,0.6806888580322266
2019-03-12,0.6837139129638672,0.6837139129638672
2019-03-13,0.6853821277618408,0.6853821277618408
2019-03-14,0.6858381032943726,0.6858381032943726
2019-03-15,0.6837139129638672,0.6837139129638672
2019-03-18,0.684359610080719,0.684359610080719
2019-03-19,0.6846032738685608,0.6846032738685608
2019-03-20,0.6855888962745667,0.6855888962745667
2019-03-21,0.6918978691101074,0.6918978691101074
2019-03-22,0.68822181224823,0.68822181224823
2019-03-25,0.6877484321594238,0.6877484321594238
2019-03-26,0.6912713050842285,0.6912713050842285
2019-03-27,0.690817654132843,0.690817654132843
2019-03-28,0.6798281073570251,0.6798281073570251
2019-03-29,0.6781821846961975,0.6781821846961975
2019-04-01,0.6824122071266174,0.6824122071266174
2019-04-02,0.6790249347686768,0.6790249347686768
2019-04-03,0.6752285361289978,0.6752285361289978
2019-04-04,0.6789788007736206,0.6789788007736206
2019-04-05,0.6757989525794983,0.6757989525794983
2019-04-08,0.6731740236282349,0.6731740236282349
2019-04-09,0.6739407777786255,0.6739407777786255
2019-04-10,0.6752604842185974,0.6752604842185974
2019-04-11,0.6768510341644287,0.6768510341644287
2019-04-12,0.6724587678909302,0.6724587678909302
2019-04-15,0.6768693327903748,0.6768693327903748
2019-04-16,0.6767594218254089,0.6767594218254089
2019-04-17,0.6710193157196045,0.6710193157196045
2019-04-18,0.6726487278938293,0.6726487278938293
2019-04-19,0.6687307953834534,0.6687307953834534
2019-04-22,0.6686279773712158,0.6686279773712158
2019-04-23,0.6683107018470764,0.6683107018470764
2019-04-24,0.6654378771781921,0.6654378771781921
2019-04-25,0.6595479249954224,0.6595479249954224
2019-04-26,0.6633191108703613,0.6633191108703613
2019-04-29,0.6667200326919556,0.6667200326919556
2019-04-30,0.6670224070549011,0.6670224070549011
2019-05-01,0.6656016707420349,0.6656016707420349
2019-05-02,0.6627915501594543,0.6627915501594543
2019-05-03,0.6616294384002686,0.6616294384002686
2019-05-06,0.6607595086097717,0.6607595086097717
2019-05-07,0.6607987880706787,0.6607987880706787
2019-05-08,0.6596697568893433,0.6596697568893433
2019-05-09,0.65845787525177,0.65845787525177
2019-05-10,0.6587311625480652,0.6587311625480652
2019-05-13,0.6591610312461853,0.6591610312461853
2019-05-14,0.6576784253120422,0.6576784253120422
2019-05-15,0.6571295261383057,0.6571295261383057
2019-05-16,0.6563402414321899,0.6563402414321899
2019-05-17,0.6535306572914124,0.6535306572914124
2019-05-20,0.6528011560440063,0.6528011560440063
2019-05-21,0.6540393233299255,0.6540393233299255
2019-05-23,0.6495193243026733,0.6495193243026733
2019-05-24,0.6522603631019592,0.6522603631019592
2019-05-27,0.655750572681427,0.655750572681427
2019-05-28,0.6546516418457031,0.6546516418457031
2019-05-29,0.6545487642288208,0.6545487642288208
2019-05-30,0.6514403223991394,0.6514403223991394
2019-05-31,0.6506688594818115,0.6506688594818115
2019-06-03,0.6534196734428406,0.6534196734428406
2019-06-04,0.6592783331871033,0.6592783331871033
2019-06-05,0.660969078540802,0.660969078540802
2019-06-06,0.6627344489097595,0.6627344489097595
2019-06-07,0.6619009971618652,0.6619009971618652
2019-06-10,0.665708065032959,0.665708065032959
2019-06-11,0.6614194512367249,0.6614194512367249
2019-06-12,0.6584188938140869,0.6584188938140869
2019-06-13,0.6577087044715881,0.6577087044715881
2019-06-14,0.6558710336685181,0.6558710336685181
2019-06-17,0.6498908400535583,0.6498908400535583
2019-06-18,0.6497599482536316,0.6497599482536316
2019-06-19,0.6534580588340759,0.6534580588340759
2019-06-20,0.6554583311080933,0.6554583311080933
2019-06-21,0.6584709286689758,0.6584709286689758
2019-06-24,0.6597480773925781,0.6597480773925781
2019-06-25,0.6624096035957336,0.6624096035957336
2019-06-26,0.6633411049842834,0.6633411049842834
2019-06-27,0.66806960105896,0.66806960105896
2019-06-28,0.6701918840408325,0.6701918840408325
2019-07-01,0.6723185777664185,0.6723185777664185
2019-07-02,0.6675121784210205,0.6675121784210205
2019-07-03,0.6678822040557861,0.6678822040557861
2019-07-04,0.6709157824516296,0.6709157824516296
2019-07-05,0.669178307056427,0.669178307056427
2019-07-08,0.6631079912185669,0.6631079912185669
2019-07-09,0.6628003716468811,0.6628003716468811
2019-07-10,0.6601400971412659,0.6601400971412659
2019-07-11,0.664548933506012,0.664548933506012
2019-07-12,0.6663779020309448,0.6663779020309448
2019-07-15,0.6694919466972351,0.6694919466972351
2019-07-16,0.6724406480789185,0.6724406480789185
2019-07-17,0.670218825340271,0.670218825340271
2019-07-18,0.6733598709106445,0.6733598709106445
2019-07-19,0.6777317523956299,0.6777317523956299
2019-07-22,0.6760868430137634,0.6760868430137634
2019-07-23,0.6739906668663025,0.6739906668663025
2019-07-24,0.6699494123458862,0.6699494123458862
2019-07-25,0.6701694130897522,0.6701694130897522
2019-07-26,0.6660494804382324,0.6660494804382324
2019-07-29,0.6637197732925415,0.6637197732925415
2019-07-30,0.6630904078483582,0.6630904078483582
2019-07-31,0.6617783308029175,0.6617783308029175
2019-08-01,0.6552779078483582,0.6552779078483582
2019-08-02,0.6554496884346008,0.6554496884346008
2019-08-05,0.6522731781005859,0.6522731781005859
2019-08-06,0.6559914946556091,0.6559914946556091
2019-08-07,0.6532403826713562,0.6532403826713562
2019-08-08,0.6451280117034912,0.6451280117034912
2019-08-09,0.6485715508460999,0.6485715508460999
2019-08-12,0.6462787389755249,0.6462787389755249
2019-08-13,0.6448201537132263,0.6448201537132263
2019-08-14,0.6462202668190002,0.6462202668190002
2019-08-15,0.6438900828361511,0.6438900828361511
2019-08-16,0.6435089111328125,0.6435089111328125
2019-08-19,0.6426693797111511,0.6426693797111511
2019-08-20,0.6404796242713928,0.6404796242713928
2019-08-21,0.6411406993865967,0.6411406993865967
2019-08-22,0.6405287981033325,0.6405287981033325
2019-08-23,0.6388307213783264,0.6388307213783264
2019-08-26,0.6362982988357544,0.6362982988357544
2019-08-27,0.6386919617652893,0.6386919617652893
2019-08-28,0.636448085308075,0.636448085308075
2019-08-29,0.6337296366691589,0.6337296366691589
2019-08-30,0.6317797899246216,0.6317797899246216
2019-09-02,0.630079984664917,0.630079984664917
2019-09-03,0.6305209994316101,0.6305209994316101
2019-09-04,0.6338903307914734,0.6338903307914734
2019-09-05,0.6356592178344727,0.6356592178344727
2019-09-06,0.637259304523468,0.637259304523468
2019-09-09,0.6427106857299805,0.6427106857299805
2019-09-10,0.6428015828132629,0.6428015828132629
2019-09-11,0.6418073177337646,0.6418073177337646
2019-09-12,0.6420587301254272,0.6420587301254272
2019-09-13,0.6402294635772705,0.6402294635772705
2019-09-16,0.6385411024093628,0.6385411024093628
2019-09-17,0.6343004107475281,0.6343004107475281
2019-09-18,0.6362010836601257,0.6362010836601257
2019-09-19,0.6321112513542175,0.6321112513542175
2019-09-20,0.6296594738960266,0.6296594738960266
2019-09-23,0.6267313361167908,0.6267313361167908
2019-09-24,0.6297784447669983,0.6297784447669983
2019-09-25,0.6318396925926208,0.6318396925926208
2019-09-26,0.6273998022079468,0.6273998022079468
2019-09-27,0.629830002784729,0.629830002784729
2019-09-30,0.6286382675170898,0.6286382675170898
2019-10-01,0.626228928565979,0.626228928565979
2019-10-02,0.6244106888771057,0.6244106888771057
2019-10-03,0.6266999244689941,0.6266999244689941
2019-10-04,0.6303898096084595,0.6303898096084595
2019-10-07,0.6316680312156677,0.6316680312156677
2019-10-08,0.6291682124137878,0.6291682124137878
2019-10-09,0.6298617720603943,0.6298617720603943
2019-10-10,0.628788411617279,0.628788411617279
2019-10-11,0.632611095905304,0.632611095905304
2019-10-14,0.6328593492507935,0.6328593492507935
2019-10-15,0.6306005120277405,0.6306005120277405
2019-10-16,0.6295484900474548,0.6295484900474548
2019-10-17,0.6288082003593445,0.6288082003593445
2019-10-18,0.6354814767837524,0.6354814767837524
2019-10-21,0.6385998129844666,0.6385998129844666
2019-10-22,0.6411982774734497,0.6411982774734497
2019-10-23,0.6411818265914917,0.6411818265914917
2019-10-24,0.6421700119972229,0.6421700119972229
2019-10-25,0.6377795338630676,0.6377795338630676
2019-10-28,0.6358693838119507,0.6358693838119507
2019-10-29,0.6353886127471924,0.6353886127471924
2019-10-30,0.6352109909057617,0.6352109909057617
2019-10-31,0.6409598588943481,0.6409598588943481
2019-11-01,0.6414985060691833,0.6414985060691833
2019-11-04,0.6435089111328125,0.6435089111328125
2019-11-05,0.6402294635772705,0.6402294635772705
2019-11-06,0.637421727180481,0.637421727180481
2019-11-07,0.6366385221481323,0.6366385221481323
2019-11-08,0.6380997896194458,0.6380997896194458
2019-11-11,0.6332681179046631,0.6332681179046631
2019-11-12,0.6364886164665222,0.6364886164665222
2019-11-13,0.6336613297462463,0.6336613297462463
2019-11-14,0.6415314674377441,0.6415314674377441
2019-11-15,0.6381784081459045,0.6381784081459045
2019-11-18,0.6401802897453308,0.6401802897453308
2019-11-19,0.6397216320037842,0.6397216320037842
2019-11-20,0.6431405544281006,0.6431405544281006
2019-11-21,0.6410995721817017,0.6410995721817017
2019-11-22,0.6406999230384827,0.6406999230384827
2019-11-25,0.6409311294555664,0.6409311294555664
2019-11-26,0.6415109038352966,0.6415109038352966
2019-11-27,0.6426982879638672,0.6426982879638672
2019-11-28,0.6413010954856873,0.6413010954856873
2019-11-29,0.6420091986656189,0.6420091986656189
2019-12-02,0.6432108879089355,0.6432108879089355
2019-12-03,0.6498781442642212,0.6498781442642212
2019-12-04,0.6518301367759705,0.6518301367759705
2019-12-05,0.6550204157829285,0.6550204157829285
2019-12-06,0.6544117331504822,0.6544117331504822
2019-12-09,0.6559183597564697,0.6559183597564697
2019-12-10,0.6548788547515869,0.6548788547515869
2019-12-11,0.6545016765594482,0.6545016765594482
2019-12-12,0.6580800414085388,0.6580800414085388
2019-12-13,0.6620499491691589,0.6620499491691589
2019-12-16,0.6592696905136108,0.6592696905136108
2019-12-17,0.6593601107597351,0.6593601107597351
2019-12-18,0.6569180488586426,0.6569180488586426
2019-12-19,0.6584492325782776,0.6584492325782776
2019-12-20,0.6612619757652283,0.6612619757652283
2019-12-23,0.6607507467269897,0.6607507467269897
2019-12-24,0.6634599566459656,0.6634599566459656
2019-12-25,0.6642999649047852,0.6642999649047852
2019-12-26,0.6647000312805176,0.6647000312805176
2019-12-27,0.6672716736793518,0.6672716736793518
2019-12-30,0.6706413626670837,0.6706413626670837
2019-12-31,0.6734777688980103,0.6734777688980103
2020-01-01,0.6785798072814941,0.6785798072814941
2020-01-02,0.6737182140350342,0.6737182140350342
2020-01-03,0.6700212359428406,0.6700212359428406
2020-01-06,0.665530800819397,0.665530800819397
2020-01-07,0.6669512391090393,0.6669512391090393
2020-01-08,0.6631211638450623,0.6631211638450623
2020-01-09,0.6654289960861206,0.6654289960861206
2020-01-10,0.6607987880706787,0.6607987880706787
2020-01-13,0.6637682318687439,0.6637682318687439
2020-01-14,0.6626817584037781,0.6626817584037781
2020-01-15,0.660969078540802,0.660969078540802
2020-01-16,0.6619185209274292,0.6619185209274292
2020-01-17,0.6638211011886597,0.6638211011886597
2020-01-20,0.6619710922241211,0.6619710922241211
2020-01-21,0.6608904600143433,0.6608904600143433
2020-01-22,0.6595305800437927,0.6595305800437927
2020-01-23,0.659639298915863,0.659639298915863
2020-01-24,0.6614719033241272,0.6614719033241272
2020-01-27,0.6572720408439636,0.6572720408439636
2020-01-28,0.6545788049697876,0.6545788049697876
2020-01-29,0.6540094017982483,0.6540094017982483
2020-01-30,0.6527202129364014,0.6527202129364014
2020-01-31,0.6485421061515808,0.6485421061515808
2020-02-03,0.6459489464759827,0.6459489464759827
2020-02-04,0.6461117267608643,0.6461117267608643
2020-02-05,0.6493801474571228,0.6493801474571228
2020-02-06,0.6481889486312866,0.6481889486312866
2020-02-07,0.6463000178337097,0.6463000178337097
2020-02-10,0.6399590373039246,0.6399590373039246
2020-02-11,0.6388592720031738,0.6388592720031738
2020-02-12,0.6406519412994385,0.6406519412994385
2020-02-13,0.6447120904922485,0.6447120904922485
2020-02-14,0.6443091630935669,0.6443091630935669
2020-02-17,0.6446580290794373,0.6446580290794373
2020-02-18,0.6438984274864197,0.6438984274864197
2020-02-19,0.6394516229629517,0.6394516229629517
2020-02-20,0.6389816999435425,0.6389816999435425
2020-02-21,0.6332480907440186,0.6332480907440186
2020-02-24,0.6323310732841492,0.6323310732841492
2020-02-25,0.6344292163848877,0.6344292163848877
2020-02-26,0.6321592330932617,0.6321592330932617
2020-02-27,0.6286817193031311,0.6286817193031311
2020-02-28,0.6311696767807007,0.6311696767807007
2020-03-02,0.6229403614997864,0.6229403614997864
2020-03-03,0.6265585422515869,0.6265585422515869
2020-03-04,0.6269199252128601,0.6269199252128601
2020-03-05,0.6300284266471863,0.6300284266471863
2020-03-06,0.6313091516494751,0.6313091516494751
2020-03-09,0.6329394578933716,0.6329394578933716
2020-03-10,0.6341515779495239,0.6341515779495239
2020-03-11,0.6268099546432495,0.6268099546432495
2020-03-12,0.6264290809631348,0.6264290809631348
2020-03-13,0.6114487648010254,0.6114487648010254
2020-03-16,0.6050997972488403,0.6050997972488403
2020-03-17,0.6044706702232361,0.6044706702232361
2020-03-18,0.5949299931526184,0.5949299931526184
2020-03-19,0.5730692148208618,0.5730692148208618
2020-03-20,0.5684757828712463,0.5684757828712463
2020-03-23,0.5626100301742554,0.5626100301742554
2020-03-24,0.574418842792511,0.574418842792511
2020-03-25,0.5829713940620422,0.5829713940620422
2020-03-26,0.5812196135520935,0.5812196135520935
2020-03-27,0.5979001522064209,0.5979001522064209
2020-03-30,0.6058292984962463,0.6058292984962463
2020-03-31,0.6009796261787415,0.6009796261787415
2020-04-01,0.5951389074325562,0.5951389074325562
2020-04-02,0.5936902165412903,0.5936902165412903
2020-04-03,0.5914394855499268,0.5914394855499268
2020-04-06,0.5854012370109558,0.5854012370109558
2020-04-07,0.5950610041618347,0.5950610041618347
2020-04-08,0.5962993502616882,0.5962993502616882
2020-04-09,0.6016702651977539,0.6016702651977539
2020-04-10,0.6077216863632202,0.6077216863632202
2020-04-13,0.6075407862663269,0.6075407862663269
2020-04-14,0.6102696061134338,0.6102696061134338
2020-04-15,0.6101199388504028,0.6101199388504028
2020-04-16,0.5995994806289673,0.5995994806289673
2020-04-17,0.5998692512512207,0.5998692512512207
2020-04-20,0.601550817489624,0.601550817489624
2020-04-21,0.6045108437538147,0.6045108437538147
2020-04-22,0.5964096188545227,0.5964096188545227
2020-04-23,0.5924205780029297,0.5924205780029297
2020-04-24,0.6005717515945435,0.6005717515945435
2020-04-27,0.6021702289581299,0.6021702289581299
2020-04-28,0.6024604439735413,0.6024604439735413
2020-04-29,0.607810378074646,0.607810378074646
2020-04-30,0.6142000555992126,0.6142000555992126
2020-05-01,0.6120288372039795,0.6120288372039795
2020-05-04,0.6016412973403931,0.6016412973403931
2020-05-05,0.605029821395874,0.605029821395874
2020-05-06,0.6053100228309631,0.6053100228309631
2020-05-07,0.6006998419761658,0.6006998419761658
2020-05-08,0.6095698475837708,0.6095698475837708
2020-05-11,0.6143185496330261,0.6143185496330261
2020-05-12,0.6077697277069092,0.6077697277069092
2020-05-13,0.6069986820220947,0.6069986820220947
2020-05-14,0.5999088287353516,0.5999088287353516
2020-05-15,0.6013012528419495,0.6013012528419495
2020-05-18,0.5936691164970398,0.5936691164970398
2020-05-19,0.6040598750114441,0.6040598750114441
2020-05-20,0.6086501479148865,0.6086501479148865
2020-05-21,0.614809513092041,0.614809513092041
2020-05-22,0.6123398542404175,0.6123398542404175
2020-05-25,0.6105006337165833,0.6105006337165833
2020-05-26,0.6106609106063843,0.6106609106063843
2020-05-27,0.6198398470878601,0.6198398470878601
2020-05-28,0.618739128112793,0.618739128112793
2020-05-29,0.6199781894683838,0.6199781894683838
2020-06-01,0.6199012994766235,0.6199012994766235
2020-06-02,0.6281801462173462,0.6281801462173462
2020-06-03,0.6385492086410522,0.6385492086410522
2020-06-04,0.6428387761116028,0.6428387761116028
2020-06-05,0.6463789939880371,0.6463789939880371
2020-06-08,0.6537613868713379,0.6537613868713379
2020-06-09,0.6567497253417969,0.6567497253417969
2020-06-10,0.6497303247451782,0.6497303247451782
2020-06-11,0.6510586142539978,0.6510586142539978
2020-06-12,0.6413010954856873,0.6413010954856873
2020-06-15,0.6417208313941956,0.6417208313941956
2020-06-16,0.6499203443527222,0.6499203443527222
2020-06-17,0.6460198760032654,0.6460198760032654
2020-06-18,0.6446402072906494,0.6446402072906494
2020-06-19,0.642937958240509,0.642937958240509
2020-06-22,0.6402007341384888,0.6402007341384888
2020-06-23,0.649599552154541,0.649599552154541
2020-06-24,0.6500301957130432,0.6500301957130432
2020-06-25,0.6404016613960266,0.6404016613960266
2020-06-26,0.6430785655975342,0.6430785655975342
2020-06-29,0.6419391632080078,0.6419391632080078
2020-06-30,0.6427395939826965,0.6427395939826965
2020-07-01,0.6451113224029541,0.6451113224029541
2020-07-02,0.6479201316833496,0.6479201316833496
2020-07-03,0.65091872215271,0.65091872215271
2020-07-06,0.6538383364677429,0.6538383364677429
2020-07-07,0.6558882594108582,0.6558882594108582
2020-07-08,0.6549388766288757,0.6549388766288757
2020-07-09,0.6574016809463501,0.6574016809463501
2020-07-10,0.6569395661354065,0.6569395661354065
2020-07-13,0.6574997901916504,0.6574997901916504
2020-07-14,0.6538383364677429,0.6538383364677429
2020-07-15,0.654360294342041,0.654360294342041
2020-07-16,0.6573001742362976,0.6573001742362976
2020-07-17,0.6542105078697205,0.6542105078697205
2020-07-20,0.6562497615814209,0.6562497615814209
2020-07-21,0.6581414937973022,0.6581414937973022
2020-07-22,0.6646903157234192,0.6646903157234192
2020-07-23,0.6657390594482422,0.6657390594482422
2020-07-24,0.663561224937439,0.663561224937439
2020-07-27,0.6644695401191711,0.6644695401191711
2020-07-28,0.6688382029533386,0.6688382029533386
2020-07-29,0.6660600900650024,0.6660600900650024
2020-07-30,0.6656593084335327,0.6656593084335327
2020-07-31,0.6696891784667969,0.6696891784667969
2020-08-03,0.6637109518051147,0.6637109518051147
2020-08-04,0.6615402102470398,0.6615402102470398
2020-08-05,0.664548933506012,0.664548933506012
2020-08-06,0.664818525314331,0.664818525314331
2020-08-07,0.6684491634368896,0.6684491634368896
2020-08-10,0.6601095795631409,0.6601095795631409
2020-08-11,0.6593479514122009,0.6593479514122009
2020-08-12,0.6569395661354065,0.6569395661354065
2020-08-13,0.6576480865478516,0.6576480865478516
2020-08-14,0.6547288298606873,0.6547288298606873
2020-08-17,0.6543817520141602,0.6543817520141602
2020-08-18,0.6554712057113647,0.6554712057113647
2020-08-19,0.6610389947891235,0.6610389947891235
2020-08-20,0.6561594009399414,0.6561594009399414
2020-08-21,0.6542105078697205,0.6542105078697205
2020-08-24,0.6538811326026917,0.6538811326026917
2020-08-25,0.6529998183250427,0.6529998183250427
2020-08-26,0.6552993655204773,0.6552993655204773
2020-08-27,0.6633411049842834,0.6633411049842834
2020-08-28,0.6645312905311584,0.6645312905311584
2020-08-31,0.6745316982269287,0.6745316982269287
2020-09-01,0.6732601523399353,0.6732601523399353
2020-09-02,0.6768602132797241,0.6768602132797241
2020-09-03,0.6767502427101135,0.6767502427101135
2020-09-04,0.6689102053642273,0.6689102053642273
2020-09-07,0.6712896227836609,0.6712896227836609
2020-09-08,0.6691021919250488,0.6691021919250488
2020-09-09,0.6612619757652283,0.6612619757652283
2020-09-10,0.6682080030441284,0.6682080030441284
2020-09-11,0.6646991968154907,0.6646991968154907
2020-09-14,0.6685296297073364,0.6685296297073364
2020-09-15,0.6699718832969666,0.6699718832969666
2020-09-16,0.6710913777351379,0.6710913777351379
2020-09-17,0.6721695065498352,0.6721695065498352
2020-09-18,0.6762696504592896,0.6762696504592896
2020-09-21,0.6758995056152344,0.6758995056152344
2020-09-22,0.6666000485420227,0.6666000485420227
2020-09-23,0.6632398962974548,0.6632398962974548
2020-09-24,0.6545187830924988,0.6545187830924988
2020-09-25,0.6549903750419617,0.6549903750419617
2020-09-28,0.6551792025566101,0.6551792025566101
2020-09-29,0.6568015217781067,0.6568015217781067
2020-09-30,0.6600921154022217,0.6600921154022217
2020-10-01,0.6622779369354248,0.6622779369354248
2020-10-02,0.6651412844657898,0.6651412844657898
2020-10-05,0.6639797687530518,0.6639797687530518
2020-10-06,0.6653802394866943,0.6653802394866943
2020-10-07,0.6590003371238708,0.6590003371238708
2020-10-08,0.6574103236198425,0.6574103236198425
2020-10-09,0.6589394807815552,0.6589394807815552
2020-10-12,0.6664400696754456,0.6664400696754456
2020-10-13,0.6649290323257446,0.6649290323257446
2020-10-14,0.6655396819114685,0.6655396819114685
2020-10-15,0.665619432926178,0.665619432926178
2020-10-16,0.6598917841911316,0.6598917841911316
2020-10-19,0.6617783308029175,0.6617783308029175
2020-10-20,0.6593087911605835,0.6593087911605835
2020-10-21,0.6580809354782104,0.6580809354782104
2020-10-22,0.6646196842193604,0.6646196842193604
2020-10-23,0.667159914970398,0.667159914970398
2020-10-26,0.6684402823448181,0.6684402823448181
2020-10-27,0.6678001284599304,0.6678001284599304
2020-10-28,0.6700795888900757,0.6700795888900757
2020-10-29,0.6649687886238098,0.6649687886238098
2020-10-30,0.6629716753959656,0.6629716753959656
2020-11-02,0.6598482728004456,0.6598482728004456
2020-11-03,0.6632398962974548,0.6632398962974548
2020-11-04,0.6729022264480591,0.6729022264480591
2020-11-05,0.6700077652931213,0.6700077652931213
2020-11-06,0.6764892935752869,0.6764892935752869
2020-11-09,0.6797495484352112,0.6797495484352112
2020-11-10,0.6825193166732788,0.6825193166732788
2020-11-11,0.6828222870826721,0.6828222870826721
2020-11-12,0.6902502179145813,0.6902502179145813
2020-11-13,0.6839009523391724,0.6839009523391724
2020-11-16,0.6871482729911804,0.6871482729911804
2020-11-17,0.690808117389679,0.690808117389679
2020-11-18,0.6893000602722168,0.6893000602722168
2020-11-19,0.6922091841697693,0.6922091841697693
2020-11-20,0.6906601786613464,0.6906601786613464
2020-11-23,0.6946905255317688,0.6946905255317688
2020-11-24,0.6931111812591553,0.6931111812591553
2020-11-25,0.6979097723960876,0.6979097723960876
2020-11-26,0.7004076242446899,0.7004076242446899
2020-11-27,0.7003389596939087,0.7003389596939087
2020-11-30,0.7035019993782043,0.7035019993782043
2020-12-01,0.7018824815750122,0.7018824815750122
2020-12-02,0.7069985866546631,0.7069985866546631
2020-12-03,0.7071500420570374,0.7071500420570374
2020-12-04,0.7073386311531067,0.7073386311531067
2020-12-07,0.7041400671005249,0.7041400671005249
2020-12-08,0.7040518522262573,0.7040518522262573
2020-12-09,0.7040716409683228,0.7040716409683228
2020-12-10,0.7016411423683167,0.7016411423683167
2020-12-11,0.70940101146698,0.70940101146698
2020-12-14,0.7098491191864014,0.7098491191864014
2020-12-15,0.7085816264152527,0.7085816264152527
2020-12-16,0.7086820602416992,0.7086820602416992
2020-12-17,0.7110403180122375,0.7110403180122375
2020-12-18,0.7147911787033081,0.7147911787033081
2020-12-21,0.7104896903038025,0.7104896903038025
2020-12-22,0.7096678018569946,0.7096678018569946
2020-12-23,0.7054275274276733,0.7054275274276733
2020-12-24,0.709679901599884,0.709679901599884
2020-12-25,0.713749885559082,0.713749885559082
2020-12-28,0.7115614414215088,0.7115614414215088
2020-12-29,0.7107997536659241,0.7107997536659241
2020-12-30,0.7148601412773132,0.7148601412773132
2020-12-31,0.7215397357940674,0.7215397357940674
2021-01-01,0.7181999087333679,0.7181999087333679
2021-01-04,0.7198387980461121,0.7198387980461121
2021-01-05,0.7178286910057068,0.7178286910057068
2021-01-06,0.7256894111633301,0.7256894111633301
2021-01-07,0.7305775880813599,0.7305775880813599
2021-01-08,0.7265488505363464,0.7265488505363464
2021-01-11,0.7199320793151855,0.7199320793151855
2021-01-12,0.7174013257026672,0.7174013257026672
2021-01-13,0.7229298949241638,0.7229298949241638
2021-01-14,0.7190313339233398,0.7190313339233398
2021-01-15,0.7217714786529541,0.7217714786529541
2021-01-18,0.7122507095336914,0.7122507095336914
2021-01-19,0.7115817070007324,0.7115817070007324
2021-01-20,0.7128803133964539,0.7128803133964539
2021-01-21,0.7186385989189148,0.7186385989189148
2021-01-22,0.7216001749038696,0.7216001749038696
2021-01-25,0.7183701395988464,0.7183701395988464
2021-01-26,0.719990074634552,0.719990074634552
2021-01-27,0.7236900925636292,0.7236900925636292
2021-01-28,0.7142704129219055,0.7142704129219055
2021-01-29,0.717442512512207,0.717442512512207
2021-02-01,0.7163375020027161,0.7163375020027161
2021-02-02,0.7165479063987732,0.7165479063987732
2021-02-03,0.7196678519248962,0.7196678519248962
2021-02-04,0.7219695448875427,0.7219695448875427
2021-02-05,0.7160297632217407,0.7160297632217407
2021-02-08,0.7211625576019287,0.7211625576019287
2021-02-09,0.7226702570915222,0.7226702570915222
2021-02-10,0.7243799567222595,0.7243799567222595
2021-02-11,0.7218199968338013,0.7218199968338013
2021-02-12,0.7231180667877197,0.7231180667877197
2021-02-15,0.7219487428665161,0.7219487428665161
2021-02-16,0.723358690738678,0.723358690738678
2021-02-17,0.718989908695221,0.718989908695221
2021-02-18,0.719398558139801,0.719398558139801
2021-02-19,0.721870481967926,0.721870481967926
2021-02-22,0.7312721014022827,0.7312721014022827
2021-02-23,0.7329819798469543,0.7329819798469543
2021-02-24,0.7338700890541077,0.7338700890541077
2021-02-25,0.7445295453071594,0.7445295453071594
2021-02-26,0.7365506291389465,0.7365506291389465
2021-03-01,0.7271193265914917,0.7271193265914917
2021-03-02,0.7274197936058044,0.7274197936058044
2021-03-03,0.7292988300323486,0.7292988300323486
2021-03-04,0.7231912612915039,0.7231912612915039
2021-03-05,0.7178286910057068,0.7178286910057068
2021-03-08,0.7178596258163452,0.7178596258163452
2021-03-09,0.7132616639137268,0.7132616639137268
2021-03-10,0.7179575562477112,0.7179575562477112
2021-03-11,0.7192174792289734,0.7192174792289734
2021-03-12,0.7227522134780884,0.7227522134780884
2021-03-15,0.7187315821647644,0.7187315821647644
2021-03-16,0.720352053642273,0.720352053642273
2021-03-17,0.7193002700805664,0.7193002700805664
2021-03-18,0.7251210808753967,0.7251210808753967
2021-03-19,0.7168099284172058,0.7168099284172058
2021-03-22,0.7152001261711121,0.7152001261711121
2021-03-23,0.7133176326751709,0.7133176326751709
2021-03-24,0.6990220546722412,0.6990220546722412
2021-03-25,0.6969515085220337,0.6969515085220337
2021-03-26,0.6967815160751343,0.6967815160751343
2021-03-29,0.6994082927703857,0.6994082927703857
2021-03-30,0.7009722590446472,0.7009722590446472
2021-03-31,0.6992420554161072,0.6992420554161072
2021-04-01,0.6983581781387329,0.6983581781387329
2021-04-02,0.7024997472763062,0.7024997472763062
2021-04-05,0.7031112313270569,0.7031112313270569
2021-04-06,0.7066688537597656,0.7066688537597656
2021-04-07,0.7063693404197693,0.7063693404197693
2021-04-08,0.7013409733772278,0.7013409733772278
2021-04-09,0.7061498761177063,0.7061498761177063
2021-04-12,0.703982412815094,0.703982412815094
2021-04-13,0.7032397985458374,0.7032397985458374
2021-04-14,0.706119954586029,0.706119954586029
2021-04-15,0.7140001058578491,0.7140001058578491
2021-04-16,0.7175711989402771,0.7175711989402771
2021-04-19,0.7127177715301514,0.7127177715301514
2021-04-20,0.7190881967544556,0.7190881967544556
2021-04-21,0.7165479063987732,0.7165479063987732
2021-04-22,0.7204403877258301,0.7204403877258301
2021-04-23,0.7154299020767212,0.7154299020767212
2021-04-26,0.7191709280014038,0.7191709280014038
2021-04-27,0.7230082750320435,0.7230082750320435
2021-04-28,0.7204195857048035,0.7204195857048035
2021-04-29,0.727300226688385,0.727300226688385
2021-04-30,0.7247374653816223,0.7247374653816223
2021-05-03,0.7169898152351379,0.7169898152351379
2021-05-04,0.7198076248168945,0.7198076248168945
2021-05-05,0.7162697911262512,0.7162697911262512
2021-05-06,0.7219278216362,0.7219278216362
2021-05-07,0.7232906818389893,0.7232906818389893
2021-05-10,0.7296074628829956,0.7296074628829956
2021-05-11,0.7271299362182617,0.7271299362182617
2021-05-12,0.7262691855430603,0.7262691855430603
2021-05-13,0.7164093852043152,0.7164093852043152
2021-05-14,0.7182979583740234,0.7182979583740234
2021-05-17,0.7243909239768982,0.7243909239768982
2021-05-18,0.7219122052192688,0.7219122052192688
2021-05-19,0.7237984538078308,0.7237984538078308
2021-05-20,0.7163118720054626,0.7163118720054626
2021-05-21,0.7196574807167053,0.7196574807167053
2021-05-24,0.7173189520835876,0.7173189520835876
2021-05-25,0.7214798927307129,0.7214798927307129
2021-05-26,0.7224389910697937,0.7224389910697937
2021-05-27,0.7278285026550293,0.7278285026550293
2021-05-28,0.7284275889396667,0.7284275889396667
2021-05-31,0.7242912650108337,0.7242912650108337
2021-06-01,0.7277278900146484,0.7277278900146484
2021-06-02,0.7253314852714539,0.7253314852714539
2021-06-03,0.7233482599258423,0.7233482599258423
2021-06-04,0.7148601412773132,0.7148601412773132
2021-06-07,0.7209701538085938,0.7209701538085938
2021-06-08,0.7225485444068909,0.7225485444068909
2021-06-09,0.7190313339233398,0.7190313339233398
2021-06-10,0.7171800136566162,0.7171800136566162
2021-06-11,0.7189486026763916,0.7189486026763916
2021-06-14,0.7138981223106384,0.7138981223106384
2021-06-15,0.7143775820732117,0.7143775820732117
2021-06-16,0.7122507095336914,0.7122507095336914
2021-06-17,0.7071185111999512,0.7071185111999512
2021-06-18,0.7015377879142761,0.7015377879142761
2021-06-21,0.6949077248573303,0.6949077248573303
2021-06-22,0.6986313462257385,0.6986313462257385
2021-06-23,0.7017987370491028,0.7017987370491028
2021-06-24,0.7045577764511108,0.7045577764511108
2021-06-25,0.7063194513320923,0.7063194513320923
2021-06-28,0.70689857006073,0.70689857006073
2021-06-29,0.7048904895782471,0.7048904895782471
2021-06-30,0.6989800930023193,0.6989800930023193
2021-07-01,0.6996676325798035,0.6996676325798035
2021-07-02,0.6963691115379333,0.6963691115379333
2021-07-05,0.7025876045227051,0.7025876045227051
2021-07-06,0.7052086591720581,0.7052086591720581
2021-07-07,0.7017691731452942,0.7017691731452942
2021-07-08,0.7013409733772278,0.7013409733772278
2021-07-09,0.6949077248573303,0.6949077248573303
2021-07-12,0.7006186246871948,0.7006186246871948
2021-07-13,0.6986606121063232,0.6986606121063232
2021-07-14,0.6944106817245483,0.6944106817245483
2021-07-15,0.7038784027099609,0.7038784027099609
2021-07-16,0.7011492252349854,0.7011492252349854
2021-07-19,0.6994816660881042,0.6994816660881042
2021-07-20,0.693600058555603,0.693600058555603
2021-07-21,0.6923816800117493,0.6923816800117493
2021-07-22,0.696097731590271,0.696097731590271
2021-07-23,0.69810950756073,0.69810950756073
2021-07-26,0.6983678936958313,0.6983678936958313
2021-07-27,0.7004797458648682,0.7004797458648682
2021-07-28,0.6963497400283813,0.6963497400283813
2021-07-29,0.6960588693618774,0.6960588693618774
2021-07-30,0.7011098861694336,0.7011098861694336
2021-08-02,0.6974901556968689,0.6974901556968689
2021-08-03,0.6987192630767822,0.6987192630767822
2021-08-04,0.7045776844024658,0.7045776844024658
2021-08-05,0.7044088840484619,0.7044088840484619
2021-08-06,0.7048507928848267,0.7048507928848267
2021-08-09,0.6993300318717957,0.6993300318717957
2021-08-10,0.6991980075836182,0.6991980075836182
2021-08-11,0.7006480693817139,0.7006480693817139
2021-08-12,0.7041807174682617,0.7041807174682617
2021-08-13,0.7005204558372498,0.7005204558372498
2021-08-16,0.703982412815094,0.703982412815094
2021-08-17,0.7028493285179138,0.7028493285179138
2021-08-18,0.6927894949913025,0.6927894949913025
2021-08-19,0.6874505877494812,0.6874505877494812
2021-08-20,0.6820305585861206,0.6820305585861206
2021-08-23,0.6830880641937256,0.6830880641937256
2021-08-24,0.6894079446792603,0.6894079446792603
2021-08-25,0.6938084959983826,0.6938084959983826
2021-08-26,0.6972820162773132,0.6972820162773132
2021-08-27,0.694531261920929,0.694531261920929
2021-08-30,0.7012377381324768,0.7012377381324768
2021-08-31,0.6998194456100464,0.6998194456100464
2021-09-01,0.7051689028739929,0.7051689028739929
2021-09-02,0.7065889835357666,0.7065889835357666
2021-09-03,0.7110706567764282,0.7110706567764282
2021-09-06,0.7151899337768555,0.7151899337768555
2021-09-07,0.7136587500572205,0.7136587500572205
2021-09-08,0.7097585201263428,0.7097585201263428
2021-09-09,0.7098290324211121,0.7098290324211121
2021-09-10,0.7105098962783813,0.7105098962783813
2021-09-13,0.711657702922821,0.711657702922821
2021-09-14,0.7114601731300354,0.7114601731300354
2021-09-15,0.7095721364021301,0.7095721364021301
2021-09-16,0.7132006287574768,0.7132006287574768
2021-09-17,0.7070900201797485,0.7070900201797485
2021-09-20,0.7033585906028748,0.7033585906028748
2021-09-21,0.7017691731452942,0.7017691731452942
2021-09-22,0.6997313499450684,0.6997313499450684
2021-09-23,0.6991002559661865,0.6991002559661865
2021-09-24,0.7065390348434448,0.7065390348434448
2021-09-27,0.7016608715057373,0.7016608715057373
2021-09-28,0.700790524482727,0.700790524482727
2021-09-29,0.6960008144378662,0.6960008144378662
2021-09-30,0.6872379779815674,0.6872379779815674
2021-10-01,0.6896799206733704,0.6896799206733704
2021-10-04,0.6941889524459839,0.6941889524459839
2021-10-05,0.6961801052093506,0.6961801052093506
2021-10-06,0.6956700682640076,0.6956700682640076
2021-10-07,0.6915820240974426,0.6915820240974426
2021-10-08,0.6938180923461914,0.6938180923461914
2021-10-11,0.6921613216400146,0.6921613216400146
2021-10-12,0.6943287253379822,0.6943287253379822
2021-10-13,0.6925591230392456,0.6925591230392456
2021-10-14,0.6972284913063049,0.6972284913063049
2021-10-15,0.7035713195800781,0.7035713195800781
2021-10-18,0.7084611654281616,0.7084611654281616
2021-10-19,0.7091901898384094,0.7091901898384094
2021-10-20,0.7155686020851135,0.7155686020851135
2021-10-21,0.71986985206604,0.71986985206604
2021-10-22,0.7155993580818176,0.7155993580818176
2021-10-25,0.7150722742080688,0.7150722742080688
2021-10-26,0.7166198492050171,0.7166198492050171
2021-10-27,0.7168099284172058,0.7168099284172058
2021-10-28,0.7163888216018677,0.7163888216018677
2021-10-29,0.7195124626159668,0.7195124626159668
2021-11-01,0.7176483869552612,0.7176483869552612
2021-11-02,0.7179214954376221,0.7179214954376221
2021-11-03,0.7125806212425232,0.7125806212425232
2021-11-04,0.7176278233528137,0.7176278233528137
2021-11-05,0.7109695672988892,0.7109695672988892
2021-11-08,0.7109189629554749,0.7109189629554749
2021-11-09,0.7162498235702515,0.7162498235702515
2021-11-10,0.712520182132721,0.712520182132721
2021-11-11,0.7066788077354431,0.7066788077354431
2021-11-12,0.7024001479148865,0.7024001479148865
2021-11-15,0.7043195366859436,0.7043195366859436
2021-11-16,0.704170823097229,0.704170823097229
2021-11-17,0.6991999745368958,0.6991999745368958
2021-11-18,0.7003781795501709,0.7003781795501709
2021-11-19,0.7042104601860046,0.7042104601860046
2021-11-22,0.6991393566131592,0.6991393566131592
2021-11-23,0.6949608325958252,0.6949608325958252
2021-11-24,0.6952894330024719,0.6952894330024719
2021-11-25,0.6875309348106384,0.6875309348106384
2021-11-26,0.6844392418861389,0.6844392418861389
2021-11-29,0.6826311349868774,0.6826311349868774
2021-11-30,0.6830694675445557,0.6830694675445557
2021-12-01,0.6824913620948792,0.6824913620948792
2021-12-02,0.6814100742340088,0.6814100742340088
2021-12-03,0.6812081933021545,0.6812081933021545
2021-12-06,0.6757396459579468,0.6757396459579468
2021-12-07,0.6749687790870667,0.6749687790870667
2021-12-08,0.6786198616027832,0.6786198616027832
2021-12-09,0.6808279156684875,0.6808279156684875
2021-12-10,0.6795694231987,0.6795694231987
2021-12-13,0.6795879006385803,0.6795879006385803
2021-12-14,0.6752012372016907,0.6752012372016907
2021-12-15,0.673632025718689,0.673632025718689
2021-12-16,0.6778098344802856,0.6778098344802856
2021-12-17,0.6796294450759888,0.6796294450759888
2021-12-20,0.6731604337692261,0.6731604337692261
2021-12-21,0.671312153339386,0.671312153339386
2021-12-22,0.6765991449356079,0.6765991449356079
2021-12-23,0.6805823445320129,0.6805823445320129
2021-12-24,0.6822212934494019,0.6822212934494019
2021-12-27,0.6815192699432373,0.6815192699432373
2021-12-28,0.6817998886108398,0.6817998886108398
2021-12-29,0.6805600523948669,0.6805600523948669
2021-12-30,0.6839711666107178,0.6839711666107178
2021-12-31,0.6830414533615112,0.6830414533615112
2022-01-03,0.6840693950653076,0.6840693950653076
2022-01-04,0.6789695620536804,0.6789695620536804
2022-01-05,0.6813613176345825,0.6813613176345825
2022-01-06,0.6793201565742493,0.6793201565742493
2022-01-07,0.674040675163269,0.674040675163269
2022-01-10,0.6775985956192017,0.6775985956192017
2022-01-11,0.6766495108604431,0.6766495108604431
2022-01-12,0.678380012512207,0.678380012512207
2022-01-13,0.6846923232078552,0.6846923232078552
2022-01-14,0.6861910820007324,0.6861910820007324
2022-01-17,0.6808279156684875,0.6808279156684875
2022-01-18,0.6797999143600464,0.6797999143600464
2022-01-19,0.6771718859672546,0.6771718859672546
2022-01-20,0.6780300140380859,0.6780300140380859
2022-01-21,0.6750781536102295,0.6750781536102295
2022-01-24,0.6722598671913147,0.6722598671913147
2022-01-25,0.6704614758491516,0.6704614758491516
2022-01-26,0.6690887808799744,0.6690887808799744
2022-01-27,0.666058361530304,0.666058361530304
2022-01-28,0.6584405303001404,0.6584405303001404
2022-01-31,0.6551920771598816,0.6551920771598816
2022-02-01,0.657799482345581,0.657799482345581
2022-02-02,0.6637285947799683,0.6637285947799683
2022-02-03,0.66118985414505,0.66118985414505
2022-02-04,0.666640043258667,0.666640043258667
2022-02-07,0.6619886159896851,0.6619886159896851
2022-02-08,0.663790225982666,0.663790225982666
2022-02-09,0.6649501919746399,0.6649501919746399
2022-02-10,0.667931318283081,0.667931318283081
2022-02-11,0.6667110919952393,0.6667110919952393
2022-02-14,0.6646682024002075,0.6646682024002075
2022-02-15,0.6618002653121948,0.6618002653121948
2022-02-16,0.6640812158584595,0.6640812158584595
2022-02-17,0.6681097745895386,0.6681097745895386
2022-02-18,0.6691021919250488,0.6691021919250488
2022-02-21,0.6689589619636536,0.6689589619636536
2022-02-22,0.6695995330810547,0.6695995330810547
2022-02-23,0.6741815805435181,0.6741815805435181
2022-02-24,0.6770801544189453,0.6770801544189453
2022-02-25,0.6687889695167542,0.6687889695167542
2022-02-28,0.6693216562271118,0.6693216562271118
2022-03-01,0.6769197583198547,0.6769197583198547
2022-03-02,0.6767502427101135,0.6767502427101135
2022-03-03,0.6783018112182617,0.6783018112182617
2022-03-04,0.680971622467041,0.680971622467041
2022-03-07,0.6874505877494812,0.6874505877494812
2022-03-08,0.683821439743042,0.683821439743042
2022-03-09,0.6804294586181641,0.6804294586181641
2022-03-10,0.6838401556015015,0.6838401556015015
2022-03-11,0.6874411702156067,0.6874411702156067
2022-03-14,0.6812685132026672,0.6812685132026672
2022-03-15,0.674900472164154,0.674900472164154
2022-03-16,0.6762194037437439,0.6762194037437439
2022-03-17,0.6830694675445557,0.6830694675445557
2022-03-18,0.6892321705818176,0.6892321705818176
2022-03-21,0.689869225025177,0.689869225025177
2022-03-22,0.6879708170890808,0.6879708170890808
2022-03-23,0.6964321732521057,0.6964321732521057
2022-03-24,0.6976322531700134,0.6976322531700134
2022-03-25,0.696548581123352,0.696548581123352
2022-03-28,0.6957489848136902,0.6957489848136902
2022-03-29,0.6907795071601868,0.6907795071601868
2022-03-30,0.6943190693855286,0.6943190693855286
2022-03-31,0.6970681548118591,0.6970681548118591
2022-04-01,0.6934000253677368,0.6934000253677368
2022-04-04,0.6907699704170227,0.6907699704170227
2022-04-05,0.6948497891426086,0.6948497891426086
2022-04-06,0.6947677135467529,0.6947677135467529
2022-04-07,0.6911519169807434,0.6911519169807434
2022-04-08,0.6884918212890625,0.6884918212890625
2022-04-11,0.6835409998893738,0.6835409998893738
2022-04-12,0.6817794442176819,0.6817794442176819
2022-04-13,0.6856500506401062,0.6856500506401062
2022-04-14,0.6800777912139893,0.6800777912139893
2022-04-15,0.6783432364463806,0.6783432364463806
2022-04-18,0.6760411262512207,0.6760411262512207
2022-04-19,0.673632025718689,0.673632025718689
2022-04-20,0.6746591329574585,0.6746591329574585
2022-04-21,0.6783478260040283,0.6783478260040283
2022-04-22,0.6724497079849243,0.6724497079849243
2022-04-25,0.6625105142593384,0.6625105142593384
2022-04-26,0.6618615388870239,0.6618615388870239
2022-04-27,0.6575616598129272,0.6575616598129272
2022-04-28,0.6542190313339233,0.6542190313339233
2022-04-29,0.6493085026741028,0.6493085026741028
2022-05-02,0.6456194519996643,0.6456194519996643
2022-05-03,0.6441307067871094,0.6441307067871094
2022-05-04,0.643430233001709,0.643430233001709
2022-05-05,0.6551019549369812,0.6551019549369812
2022-05-06,0.6430289149284363,0.6430289149284363
2022-05-09,0.6389204859733582,0.6389204859733582
2022-05-10,0.6323590874671936,0.6323590874671936
2022-05-11,0.6289980411529541,0.6289980411529541
2022-05-12,0.6284801959991455,0.6284801959991455
2022-05-13,0.6247188448905945,0.6247188448905945
2022-05-16,0.6288912296295166,0.6288912296295166
2022-05-17,0.6311417818069458,0.6311417818069458
2022-05-18,0.6359097957611084,0.6359097957611084
2022-05-19,0.6295603513717651,0.6295603513717651
2022-05-20,0.6381499171257019,0.6381499171257019
2022-05-23,0.6421493887901306,0.6421493887901306
2022-05-24,0.6447494626045227,0.6447494626045227
2022-05-25,0.6448908448219299,0.6448908448219299
2022-05-26,0.6479789614677429,0.6479789614677429
2022-05-27,0.6482393741607666,0.6482393741607666
2022-05-30,0.6534098386764526,0.6534098386764526
2022-05-31,0.6558279991149902,0.6558279991149902
2022-06-01,0.6518607139587402,0.6518607139587402
2022-06-02,0.6480587720870972,0.6480587720870972
2022-06-03,0.6560388207435608,0.6560388207435608
2022-06-06,0.6509103178977966,0.6509103178977966
2022-06-07,0.6485589146614075,0.6485589146614075
2022-06-08,0.6480713486671448,0.6480713486671448
2022-06-09,0.6443713903427124,0.6443713903427124
2022-06-10,0.6385695934295654,0.6385695934295654
2022-06-13,0.6337296366691589,0.6337296366691589
2022-06-14,0.6275415420532227,0.6275415420532227
2022-06-15,0.6226804852485657,0.6226804852485657
2022-06-16,0.6292592883110046,0.6292592883110046
2022-06-17,0.6360716223716736,0.6360716223716736
2022-06-20,0.632559061050415,0.632559061050415
2022-06-21,0.6337416768074036,0.6337416768074036
2022-06-22,0.631780207157135,0.631780207157135
2022-06-23,0.6271007657051086,0.6271007657051086
2022-06-24,0.6286184787750244,0.6286184787750244
2022-06-27,0.6314287781715393,0.6314287781715393
2022-06-28,0.6294097900390625,0.6294097900390625
2022-06-29,0.6237096786499023,0.6237096786499023
2022-06-30,0.6225099563598633,0.6225099563598633
2022-07-01,0.6240288615226746,0.6240288615226746
2022-07-04,0.6208789348602295,0.6208789348602295
2022-07-05,0.6215696930885315,0.6215696930885315
2022-07-06,0.6165912747383118,0.6165912747383118
2022-07-07,0.6155001521110535,0.6155001521110535
2022-07-08,0.6179094910621643,0.6179094910621643
2022-07-11,0.6186090111732483,0.6186090111732483
2022-07-12,0.6122311353683472,0.6122311353683472
2022-07-13,0.612321138381958,0.612321138381958
2022-07-14,0.6108586192131042,0.6108586192131042
2022-07-15,0.6130305528640747,0.6130305528640747
2022-07-18,0.6189689040184021,0.6189689040184021
2022-07-19,0.6153202652931213,0.6153202652931213
2022-07-20,0.6233597993850708,0.6233597993850708
2022-07-21,0.6225215792655945,0.6225215792655945
2022-07-22,0.6243990063667297,0.6243990063667297
2022-07-25,0.6233908534049988,0.6233908534049988
2022-07-26,0.625840961933136,0.625840961933136
2022-07-27,0.624130129814148,0.624130129814148
2022-07-28,0.6260290145874023,0.6260290145874023
2022-07-29,0.6295682787895203,0.6295682787895203
2022-08-01,0.6279119849205017,0.6279119849205017
2022-08-02,0.6331799030303955,0.6331799030303955
2022-08-03,0.6221303939819336,0.6221303939819336
2022-08-04,0.6267392039299011,0.6267392039299011
2022-08-05,0.6297110319137573,0.6297110319137573
2022-08-08,0.6239704489707947,0.6239704489707947
2022-08-09,0.6289387345314026,0.6289387345314026
2022-08-10,0.6285789608955383,0.6285789608955383
2022-08-11,0.64063960313797,0.64063960313797
2022-08-12,0.6434219479560852,0.6434219479560852
2022-08-15,0.6449490785598755,0.6449490785598755
2022-08-16,0.6362901926040649,0.6362901926040649
2022-08-17,0.6343407034873962,0.6343407034873962
2022-08-18,0.6276084780693054,0.6276084780693054
2022-08-19,0.6245003938674927,0.6245003938674927
2022-08-22,0.6176198124885559,0.6176198124885559
2022-08-23,0.6176690459251404,0.6176690459251404
2022-08-24,0.620728611946106,0.620728611946106
2022-08-25,0.6181692481040955,0.6181692481040955
2022-08-26,0.6216701865196228,0.6216701865196228
2022-08-29,0.6112992763519287,0.6112992763519287
2022-08-30,0.6160708069801331,0.6160708069801331
2022-08-31,0.6132185459136963,0.6132185459136963
2022-09-01,0.6111199259757996,0.6111199259757996
2022-09-02,0.6084908843040466,0.6084908843040466
2022-09-05,0.6086316108703613,0.6086316108703613
2022-09-06,0.6105490922927856,0.6105490922927856
2022-09-07,0.6033000349998474,0.6033000349998474
2022-09-08,0.6062516570091248,0.6062516570091248
2022-09-09,0.6070399284362793,0.6070399284362793
2022-09-12,0.611291766166687,0.611291766166687
2022-09-13,0.6146697402000427,0.6146697402000427
2022-09-14,0.6005104780197144,0.6005104780197144
2022-09-15,0.6016883254051208,0.6016883254051208
2022-09-16,0.595770001411438,0.595770001411438
2022-09-19,0.5995599627494812,0.5995599627494812
2022-09-20,0.5966800451278687,0.5966800451278687
2022-09-21,0.5901898741722107,0.5901898741722107
2022-09-22,0.5829408168792725,0.5829408168792725
2022-09-23,0.5848295092582703,0.5848295092582703
2022-09-26,0.5741912722587585,0.5741912722587585
2022-09-27,0.5665497779846191,0.5665497779846191
2022-09-28,0.5631391406059265,0.5631391406059265
2022-09-29,0.5718501210212708,0.5718501210212708
2022-09-30,0.5742308497428894,0.5742308497428894
2022-10-03,0.5618608593940735,0.5618608593940735
2022-10-04,0.5719612836837769,0.5719612836837769
2022-10-05,0.5737300515174866,0.5737300515174866
2022-10-06,0.5776006579399109,0.5776006579399109
2022-10-07,0.566068708896637,0.566068708896637
2022-10-10,0.56067955493927,0.56067955493927
2022-10-11,0.5572396516799927,0.5572396516799927
2022-10-12,0.5584813952445984,0.5584813952445984
2022-10-13,0.561138927936554,0.561138927936554
2022-10-14,0.5639108419418335,0.5639108419418335
2022-10-17,0.5576000809669495,0.5576000809669495
2022-10-18,0.5656684637069702,0.5656684637069702
2022-10-19,0.5694792866706848,0.5694792866706848
2022-10-20,0.566270649433136,0.566270649433136
2022-10-21,0.5669191479682922,0.5669191479682922
2022-10-24,0.5763987898826599,0.5763987898826599
2022-10-25,0.5704994797706604,0.5704994797706604
2022-10-26,0.5743198990821838,0.5743198990821838
2022-10-27,0.5839995741844177,0.5839995741844177
2022-10-28,0.5828015208244324,0.5828015208244324
2022-10-31,0.5801911354064941,0.5801911354064941
2022-11-01,0.5825197100639343,0.5825197100639343
2022-11-02,0.5847885012626648,0.5847885012626648
2022-11-03,0.5813412666320801,0.5813412666320801
2022-11-04,0.5769208669662476,0.5769208669662476
2022-11-07,0.5894210338592529,0.5894210338592529
2022-11-08,0.5940182209014893,0.5940182209014893
2022-11-09,0.5963206887245178,0.5963206887245178
2022-11-10,0.5886300206184387,0.5886300206184387
2022-11-11,0.6017788648605347,0.6017788648605347
2022-11-14,0.610530436038971,0.610530436038971
2022-11-15,0.6089985370635986,0.6089985370635986
2022-11-16,0.6165608167648315,0.6165608167648315
2022-11-17,0.6150288581848145,0.6150288581848145
2022-11-18,0.6128915548324585,0.6128915548324585
2022-11-21,0.6167814135551453,0.6167814135551453
2022-11-22,0.6098490357398987,0.6098490357398987
2022-11-23,0.6156498193740845,0.6156498193740845
2022-11-24,0.6252813935279846,0.6252813935279846
2022-11-25,0.6259702444076538,0.6259702444076538
2022-11-28,0.6216701865196228,0.6216701865196228
2022-11-29,0.616401195526123,0.616401195526123
2022-11-30,0.6196900010108948,0.6196900010108948
2022-12-01,0.6314406991004944,0.6314406991004944
2022-12-02,0.6369791626930237,0.6369791626930237
2022-12-05,0.6404590606689453,0.6404590606689453
2022-12-06,0.6322599649429321,0.6322599649429321
2022-12-07,0.6324390769004822,0.6324390769004822
2022-12-08,0.6354088187217712,0.6354088187217712
2022-12-09,0.637860894203186,0.637860894203186
2022-12-12,0.6393207907676697,0.6393207907676697
2022-12-13,0.638781726360321,0.638781726360321
2022-12-14,0.6453902721405029,0.6453902721405029
2022-12-15,0.6453902721405029,0.6453902721405029
2022-12-16,0.6343004107475281,0.6343004107475281
2022-12-19,0.6371496915817261,0.6371496915817261
2022-12-20,0.6361606121063232,0.6361606121063232
2022-12-21,0.6344292163848877,0.6344292163848877
2022-12-22,0.6289505958557129,0.6289505958557129
2022-12-23,0.6251992583274841,0.6251992583274841
2022-12-26,0.6292901635169983,0.6292901635169983
2022-12-27,0.6306999325752258,0.6306999325752258
2022-12-28,0.6273289918899536,0.6273289918899536
2022-12-29,0.6318396925926208,0.6318396925926208
2022-12-30,0.6345902681350708,0.6345902681350708
2023-01-02,0.6374799013137817,0.6374799013137817
2023-01-03,0.6326391100883484,0.6326391100883484
2023-01-04,0.6247110962867737,0.6247110962867737
2023-01-05,0.6285117864608765,0.6285117864608765
2023-01-06,0.6230801343917847,0.6230801343917847
2023-01-09,0.6359097957611084,0.6359097957611084
2023-01-10,0.6369507908821106,0.6369507908821106
2023-01-11,0.6371902227401733,0.6371902227401733
2023-01-12,0.6367682814598083,0.6367682814598083
2023-01-13,0.638781726360321,0.638781726360321
2023-01-16,0.6385084390640259,0.6385084390640259
2023-01-17,0.6389898657798767,0.6389898657798767
2023-01-18,0.6432895064353943,0.6432895064353943
2023-01-19,0.6445499658584595,0.6445499658584595
2023-01-20,0.6395497918128967,0.6395497918128967
2023-01-23,0.648908257484436,0.648908257484436
2023-01-24,0.6490219235420227,0.6490219235420227
2023-01-25,0.6493295431137085,0.6493295431137085
2023-01-26,0.6484116911888123,0.6484116911888123
2023-01-27,0.6490893363952637,0.6490893363952637
2023-01-30,0.6492199301719666,0.6492199301719666
2023-01-31,0.6468890905380249,0.6468890905380249
2023-02-01,0.6438201069831848,0.6438201069831848
2023-02-02,0.6516398787498474,0.6516398787498474
2023-02-03,0.6477187275886536,0.6477187275886536
2023-02-06,0.6327711939811707,0.6327711939811707
2023-02-07,0.6308802366256714,0.6308802366256714
2023-02-08,0.6321991682052612,0.6321991682052612
2023-02-09,0.6314606666564941,0.6314606666564941
2023-02-10,0.6327512264251709,0.6327512264251709
2023-02-13,0.6312298774719238,0.6312298774719238
2023-02-14,0.6361404061317444,0.6361404061317444
2023-02-15,0.6335489153862,0.6335489153862
2023-02-16,0.6279789805412292,0.6279789805412292
2023-02-17,0.6245394349098206,0.6245394349098206
2023-02-20,0.6236202716827393,0.6236202716827393
2023-02-21,0.6257705092430115,0.6257705092430115
2023-02-22,0.6216199398040771,0.6216199398040771
2023-02-23,0.6224014759063721,0.6224014759063721
2023-02-24,0.6230801343917847,0.6230801343917847
2023-02-27,0.6165608167648315,0.6165608167648315
2023-02-28,0.6164202094078064,0.6164202094078064
2023-03-01,0.6186893582344055,0.6186893582344055
2023-03-02,0.6256999969482422,0.6256999969482422
2023-03-03,0.6221303939819336,0.6221303939819336
2023-03-06,0.6209598779678345,0.6209598779678345
2023-03-07,0.6198398470878601,0.6198398470878601
2023-03-08,0.6111199259757996,0.6111199259757996
2023-03-09,0.6114711761474609,0.6114711761474609
2023-03-10,0.6101207137107849,0.6101207137107849
2023-03-13,0.6160799264907837,0.6160799264907837
2023-03-14,0.6216315627098083,0.6216315627098083
2023-03-15,0.6230685114860535,0.6230685114860535
2023-03-16,0.6164582371711731,0.6164582371711731
2023-03-17,0.6203396916389465,0.6203396916389465
2023-03-20,0.6273211240768433,0.6273211240768433
2023-03-21,0.6242586970329285,0.6242586970329285
2023-03-22,0.6192985773086548,0.6192985773086548
2023-03-23,0.6232509613037109,0.6232509613037109
2023-03-24,0.6246915459632874,0.6246915459632874
2023-03-27,0.6211102604866028,0.6211102604866028
2023-03-28,0.620351254940033,0.620351254940033
2023-03-29,0.6253712773323059,0.6253712773323059
2023-03-30,0.6221303939819336,0.6221303939819336
2023-03-31,0.6269789338111877,0.6269789338111877
2023-04-03,0.6224905848503113,0.6224905848503113
2023-04-04,0.6302706599235535,0.6302706599235535
2023-04-05,0.6315284371376038,0.6315284371376038
2023-04-06,0.6318516731262207,0.6318516731262207
2023-04-07,0.6245706081390381,0.6245706081390381
2023-04-10,0.6255004405975342,0.6255004405975342
2023-04-11,0.6227386593818665,0.6227386593818665
2023-04-12,0.6195096373558044,0.6195096373558044
2023-04-13,0.6218286752700806,0.6218286752700806
2023-04-14,0.6303500533103943,0.6303500533103943
2023-04-17,0.6201512217521667,0.6201512217521667
2023-04-18,0.618268609046936,0.618268609046936
2023-04-19,0.6215118169784546,0.6215118169784546
2023-04-20,0.6161999106407166,0.6161999106407166
2023-04-21,0.6179285645484924,0.6179285645484924
2023-04-24,0.614341139793396,0.614341139793396
2023-04-25,0.6175889372825623,0.6175889372825623
2023-04-26,0.6147415041923523,0.6147415041923523
2023-04-27,0.6120887398719788,0.6120887398719788
2023-04-28,0.6146394610404968,0.6146394610404968
2023-05-01,0.6172115802764893,0.6172115802764893
2023-05-02,0.6164810061454773,0.6164810061454773
2023-05-03,0.6226611733436584,0.6226611733436584
2023-05-04,0.6208904981613159,0.6208904981613159
2023-05-05,0.6290218234062195,0.6290218234062195
2023-05-08,0.6299212574958801,0.6299212574958801
2023-05-09,0.6338581442832947,0.6338581442832947
2023-05-10,0.6338782906532288,0.6338782906532288
2023-05-11,0.6371212005615234,0.6371212005615234
2023-05-12,0.6294216513633728,0.6294216513633728
2023-05-15,0.6195594668388367,0.6195594668388367
2023-05-16,0.6243288516998291,0.6243288516998291
2023-05-17,0.6237408518791199,0.6237408518791199
2023-05-18,0.624609649181366,0.624609649181366
2023-05-19,0.6235813498497009,0.6235813498497009
2023-05-22,0.6284209489822388,0.6284209489822388
2023-05-23,0.6286303400993347,0.6286303400993347
2023-05-24,0.6250195503234863,0.6250195503234863
2023-05-25,0.610608696937561,0.610608696937561
2023-05-26,0.6053400635719299,0.6053400635719299
2023-05-29,0.6057815551757812,0.6057815551757812
2023-05-30,0.6044487357139587,0.6044487357139587
2023-05-31,0.6046789884567261,0.6046789884567261
2023-06-01,0.6025112867355347,0.6025112867355347
2023-06-02,0.6065789461135864,0.6065789461135864
2023-06-05,0.6058182716369629,0.6058182716369629
2023-06-06,0.6070613265037537,0.6070613265037537
2023-06-07,0.6078399419784546,0.6078399419784546
2023-06-08,0.6042296290397644,0.6042296290397644
2023-06-09,0.609440267086029,0.609440267086029
2023-06-12,0.6130606532096863,0.6130606532096863
2023-06-13,0.6129103302955627,0.6129103302955627
2023-06-14,0.6159418225288391,0.6159418225288391
2023-06-15,0.6196900010108948,0.6196900010108948
2023-06-16,0.623538613319397,0.623538613319397
2023-06-19,0.6232001185417175,0.6232001185417175
2023-06-20,0.6202396750450134,0.6202396750450134
2023-06-21,0.6166787147521973,0.6166787147521973
2023-06-22,0.6207093596458435,0.6207093596458435
2023-06-23,0.6182800531387329,0.6182800531387329
2023-06-26,0.614870011806488,0.614870011806488
2023-06-27,0.6163100004196167,0.6163100004196167
2023-06-28,0.6157407760620117,0.6157407760620117
2023-06-29,0.6074300408363342,0.6074300408363342
2023-06-30,0.606678307056427,0.606678307056427
2023-07-03,0.6132185459136963,0.6132185459136963
2023-07-04,0.6156005859375,0.6156005859375
2023-07-05,0.619809091091156,0.619809091091156
2023-07-06,0.6176995635032654,0.6176995635032654
2023-07-07,0.616351842880249,0.616351842880249
2023-07-10,0.6205899715423584,0.6205899715423584
2023-07-11,0.6206515431404114,0.6206515431404114
2023-07-12,0.6199589371681213,0.6199589371681213
2023-07-13,0.6305209994316101,0.6305209994316101
2023-07-14,0.6391900181770325,0.6391900181770325
2023-07-17,0.6365818381309509,0.6365818381309509
2023-07-18,0.6321192383766174,0.6321192383766174
2023-07-19,0.6296991109848022,0.6296991109848022
2023-07-20,0.6262878179550171,0.6262878179550171
2023-07-21,0.6230296492576599,0.6230296492576599
2023-07-24,0.6169000864028931,0.6169000864028931
2023-07-25,0.6200205087661743,0.6200205087661743
2023-07-26,0.6216585636138916,0.6216585636138916
2023-07-27,0.6212299466133118,0.6212299466133118
2023-07-28,0.6187467575073242,0.6187467575073242
2023-07-31,0.6160100698471069,0.6160100698471069
2023-08-01,0.6204898357391357,0.6204898357391357
2023-08-02,0.614148736000061,0.614148736000061
2023-08-03,0.6086301207542419,0.6086301207542419
2023-08-04,0.6082391738891602,0.6082391738891602
2023-08-07,0.6100090146064758,0.6100090146064758
2023-08-08,0.6106571555137634,0.6106571555137634
2023-08-09,0.6056678295135498,0.6056678295135498
2023-08-10,0.606207549571991,0.606207549571991
2023-08-11,0.6013337969779968,0.6013337969779968
2023-08-14,0.5984584093093872,0.5984584093093872
2023-08-15,0.5974786281585693,0.5974786281585693
2023-08-16,0.5957380533218384,0.5957380533218384
2023-08-17,0.5931304097175598,0.5931304097175598
2023-08-18,0.5925890803337097,0.5925890803337097
2023-08-21,0.5926803946495056,0.5926803946495056
2023-08-22,0.5929685831069946,0.5929685831069946
2023-08-23,0.5940676331520081,0.5940676331520081
2023-08-24,0.5974286794662476,0.5974286794662476
2023-08-25,0.591957688331604,0.591957688331604
2023-08-28,0.5910863876342773,0.5910863876342773
2023-08-29,0.5907477140426636,0.5907477140426636
2023-08-30,0.5967476963996887,0.5967476963996887
2023-08-31,0.5952983498573303,0.5952983498573303
2023-09-01,0.5976964831352234,0.5976964831352234
2023-09-04,0.5942582488059998,0.5942582488059998
2023-09-05,0.5937396287918091,0.5937396287918091
2023-09-06,0.58841872215271,0.58841872215271
2023-09-07,0.5870990753173828,0.5870990753173828
2023-09-08,0.588200032711029,0.588200032711029
2023-09-11,0.5901411175727844,0.5901411175727844
2023-09-12,0.5916810035705566,0.5916810035705566
2023-09-13,0.5909885764122009,0.5909885764122009
2023-09-14,0.5920312404632568,0.5920312404632568
2023-09-15,0.5906001329421997,0.5906001329421997
2023-09-18,0.5905383825302124,0.5905383825302124
2023-09-19,0.5921399593353271,0.5921399593353271
2023-09-20,0.5951495170593262,0.5951495170593262
2023-09-21,0.5925294160842896,0.5925294160842896
2023-09-22,0.5931796431541443,0.5931796431541443
2023-09-25,0.595710039138794,0.595710039138794
2023-09-26,0.5967299342155457,0.5967299342155457
2023-09-27,0.5947707891464233,0.5947707891464233
2023-09-28,0.591621458530426,0.591621458530426
2023-09-29,0.5964398384094238,0.5964398384094238
2023-10-02,0.5995886921882629,0.5995886921882629
2023-10-03,0.5941911935806274,0.5941911935806274
2023-10-04,0.5913485288619995,0.5913485288619995
2023-10-05,0.5918700695037842,0.5918700695037842
2023-10-06,0.596640944480896,0.596640944480896
2023-10-09,0.5972787737846375,0.5972787737846375
2023-10-10,0.6031108498573303,0.6031108498573303
2023-10-11,0.6041894555091858,0.6041894555091858
2023-10-12,0.6019490957260132,0.6019490957260132
2023-10-13,0.5921609997749329,0.5921609997749329
2023-10-16,0.5906604528427124,0.5906604528427124
2023-10-17,0.5901515483856201,0.5901515483856201
2023-10-18,0.5894801616668701,0.5894801616668701
2023-10-19,0.5853909850120544,0.5853909850120544
2023-10-20,0.5842998623847961,0.5842998623847961
2023-10-23,0.5829306244850159,0.5829306244850159
2023-10-24,0.5851101279258728,0.5851101279258728
2023-10-25,0.5846996307373047,0.5846996307373047
2023-10-26,0.5792199373245239,0.5792199373245239
2023-10-27,0.5828898549079895,0.5828898549079895
2023-10-30,0.5808415412902832,0.5808415412902832
2023-10-31,0.584030270576477,0.584030270576477
2023-11-01,0.5807403326034546,0.5807403326034546
2023-11-02,0.5879793763160706,0.5879793763160706
2023-11-03,0.5895808935165405,0.5895808935165405
2023-11-06,0.5996102690696716,0.5996102690696716
2023-11-07,0.5963000655174255,0.5963000655174255
2023-11-08,0.5936000347137451,0.5936000347137451
2023-11-09,0.5912017226219177,0.5912017226219177
2023-11-10,0.5889298915863037,0.5889298915863037
2023-11-13,0.5894210338592529,0.5894210338592529
2023-11-14,0.5882906913757324,0.5882906913757324
2023-11-15,0.6004491448402405,0.6004491448402405
2023-11-16,0.6028890609741211,0.6028890609741211
2023-11-17,0.596530556678772,0.596530556678772
2023-11-20,0.599621057510376,0.599621057510376
2023-11-21,0.6039800047874451,0.6039800047874451
2023-11-22,0.6054185032844543,0.6054185032844543
2023-11-23,0.6021299958229065,0.6021299958229065
2023-11-24,0.604880154132843,0.604880154132843
2023-11-27,0.6077501177787781,0.6077501177787781
2023-11-28,0.6103999614715576,0.6103999614715576
2023-11-29,0.614601731300354,0.614601731300354
2023-11-30,0.6155892014503479,0.6155892014503479
2023-12-01,0.6157673001289368,0.6157673001289368
2023-12-04,0.6215388178825378,0.6215388178825378
2023-12-05,0.6165000200271606,0.6165000200271606
2023-12-06,0.613399088382721,0.613399088382721
2023-12-07,0.6140506863594055,0.6140506863594055
2023-12-08,0.616158127784729,0.616158127784729
2023-12-11,0.6124711632728577,0.6124711632728577
2023-12-12,0.612291157245636,0.612291157245636
2023-12-13,0.6137492060661316,0.6137492060661316
2023-12-14,0.6190800070762634,0.6190800070762634
2023-12-15,0.6213298439979553,0.6213298439979553
2023-12-18,0.6209907531738281,0.6209907531738281
2023-12-19,0.6213804483413696,0.6213804483413696
2023-12-20,0.6270418167114258,0.6270418167114258
2023-12-21,0.6253986954689026,0.6253986954689026
2023-12-22,0.6294692158699036,0.6294692158699036
2023-12-25,0.6319299340248108,0.6319299340248108
2023-12-26,0.6306001543998718,0.6306001543998718
2023-12-27,0.6328513026237488,0.6328513026237488
2023-12-28,0.6349488496780396,0.6349488496780396
2023-12-29,0.6334887742996216,0.6334887742996216
2024-01-01,0.6319698691368103,0.6319698691368103
2024-01-02,0.6315284371376038,0.6315284371376038
2024-01-03,0.625,0.625
2024-01-04,0.6251289248466492,0.6251289248466492
2024-01-05,0.6231298446655273,0.6231298446655273
2024-01-08,0.6248789429664612,0.6248789429664612
2024-01-09,0.6251797676086426,0.6251797676086426
2024-01-10,0.6238303184509277,0.6238303184509277
2024-01-11,0.6229597926139832,0.6229597926139832
2024-01-12,0.6242314577102661,0.6242314577102661
2024-01-15,0.6232999563217163,0.6232999563217163
2024-01-16,0.6190685629844666,0.6190685629844666
2024-01-17,0.6140884160995483,0.6140884160995483
2024-01-18,0.611340343952179,0.611340343952179
2024-01-19,0.6120250821113586,0.6120250821113586
2024-01-22,0.6118303537368774,0.6118303537368774
2024-01-23,0.607389509677887,0.607389509677887
2024-01-24,0.610340416431427,0.610340416431427
2024-01-25,0.6108586192131042,0.6108586192131042
2024-01-26,0.6108884811401367,0.6108884811401367
2024-01-29,0.609289824962616,0.609289824962616
2024-01-30,0.613481879234314,0.613481879234314
2024-01-31,0.613180935382843,0.613180935382843
2024-02-01,0.611190915107727,0.611190915107727
2024-02-02,0.6145714521408081,0.6145714521408081
2024-02-05,0.6064502000808716,0.6064502000808716
2024-02-06,0.6053085327148438,0.6053085327148438
2024-02-07,0.6099792718887329,0.6099792718887329
2024-02-08,0.6109594106674194,0.6109594106674194
2024-02-09,0.6107914447784424,0.6107914447784424
2024-02-12,0.6147717237472534,0.6147717237472534
2024-02-13,0.6127901673316956,0.6127901673316956
2024-02-14,0.6057815551757812,0.6057815551757812
2024-02-15,0.609061598777771,0.609061598777771
2024-02-16,0.6111199259757996,0.6111199259757996
2024-02-19,0.6136400103569031,0.6136400103569031
2024-02-20,0.6142581701278687,0.6142581701278687
2024-02-21,0.616819441318512,0.616819441318512
2024-02-22,0.6180316805839539,0.6180316805839539
2024-02-23,0.6195287704467773,0.6195287704467773
2024-02-26,0.6186893582344055,0.6186893582344055
2024-02-27,0.6167091131210327,0.6167091131210327
2024-02-28,0.6170287728309631,0.6170287728309631
2024-02-29,0.6097100377082825,0.6097100377082825
2024-03-01,0.6085797548294067,0.6085797548294067
2024-03-04,0.6103813648223877,0.6103813648223877
2024-03-05,0.6096594333648682,0.6096594333648682
2024-03-06,0.6087798476219177,0.6087798476219177
2024-03-07,0.6127901673316956,0.6127901673316956
2024-03-08,0.6178789138793945,0.6178789138793945
2024-03-11,0.6179400086402893,0.6179400086402893
2024-03-12,0.6170782446861267,0.6170782446861267
2024-03-13,0.614960789680481,0.614960789680481
2024-03-14,0.6165000200271606,0.6165000200271606
2024-03-15,0.6124786734580994,0.6124786734580994
2024-03-18,0.608698308467865,0.608698308467865
2024-03-19,0.6082687973976135,0.6082687973976135
2024-03-20,0.6048984527587891,0.6048984527587891
2024-03-21,0.6089614629745483,0.6089614629745483
2024-03-22,0.6046388149261475,0.6046388149261475
2024-03-25,0.5990211963653564,0.5990211963653564
2024-03-26,0.6001608371734619,0.6001608371734619
2024-03-27,0.6007593870162964,0.6007593870162964
2024-03-28,0.5992509126663208,0.5992509126663208
2024-03-29,0.5974700450897217,0.5974700450897217
2024-04-01,0.5986589789390564,0.5986589789390564
2024-04-02,0.5952416062355042,0.5952416062355042
2024-04-03,0.5969401001930237,0.5969401001930237
2024-04-04,0.6014711856842041,0.6014711856842041
2024-04-05,0.6027800440788269,0.6027800440788269
2024-04-08,0.6004491448402405,0.6004491448402405
2024-04-09,0.6034383773803711,0.6034383773803711
2024-04-10,0.6067924499511719,0.6067924499511719
2024-04-11,0.5974607467651367,0.5974607467651367
2024-04-12,0.600121259689331,0.600121259689331
2024-04-15,0.594558596611023,0.594558596611023
2024-04-16,0.5902804136276245,0.5902804136276245
2024-04-17,0.5892091989517212,0.5892091989517212
2024-04-18,0.5912995934486389,0.5912995934486389
2024-04-19,0.5903501510620117,0.5903501510620117
2024-04-22,0.5900297164916992,0.5900297164916992
2024-04-23,0.5921199917793274,0.5921199917793274
2024-04-24,0.5936902165412903,0.5936902165412903
2024-04-25,0.593591570854187,0.593591570854187
2024-04-26,0.5958410501480103,0.5958410501480103
2024-04-29,0.5947707891464233,0.5947707891464233
2024-04-30,0.5971611142158508,0.5971611142158508
2024-05-01,0.5879517197608948,0.5879517197608948
2024-05-02,0.5930107831954956,0.5930107831954956
2024-05-03,0.5963882803916931,0.5963882803916931
2024-05-06,0.6007593870162964,0.6007593870162964
2024-05-07,0.6009507179260254,0.6009507179260254
2024-05-08,0.5997199416160583,0.5997199416160583
2024-05-09,0.6004202961921692,0.6004202961921692
2024-05-10,0.6036205291748047,0.6036205291748047
2024-05-13,0.6018512845039368,0.6018512845039368
2024-05-14,0.6023406982421875,0.6023406982421875
2024-05-15,0.6043282151222229,0.6043282151222229
2024-05-16,0.6130606532096863,0.6130606532096863
2024-05-17,0.6124201416969299,0.6124201416969299
2024-05-20,0.6136701107025146,0.6136701107025146
2024-05-21,0.6108101606369019,0.6108101606369019
2024-05-22,0.6093807816505432,0.6093807816505432
2024-05-23,0.6100090146064758,0.6100090146064758
2024-05-24,0.609730064868927,0.609730064868927
2024-05-27,0.6121711730957031,0.6121711730957031
2024-05-28,0.6152294278144836,0.6152294278144836
2024-05-29,0.6140695810317993,0.6140695810317993
2024-05-30,0.6113590598106384,0.6113590598106384
2024-05-31,0.6116507053375244,0.6116507053375244
2024-06-03,0.6148586869239807,0.6148586869239807
2024-06-04,0.6193599700927734,0.6193599700927734
2024-06-05,0.6174706816673279,0.6174706816673279
2024-06-06,0.6196286082267761,0.6196286082267761
2024-06-07,0.6197015643119812,0.6197015643119812
2024-06-10,0.6106199026107788,0.6106199026107788
2024-06-11,0.6128314733505249,0.6128314733505249
2024-06-12,0.614601731300354,0.614601731300354
2024-06-13,0.6186816692352295,0.6186816692352295
2024-06-14,0.6161011457443237,0.6161011457443237
2024-06-17,0.6137416958808899,0.6137416958808899
2024-06-18,0.613800048828125,0.613800048828125
2024-06-19,0.614058256149292,0.614058256149292
2024-06-20,0.6139414310455322,0.6139414310455322
2024-06-21,0.6122798919677734,0.6122798919677734
2024-06-24,0.6111199259757996,0.6111199259757996
2024-06-25,0.6120513081550598,0.6120513081550598
2024-06-26,0.6119089722633362,0.6119089722633362
2024-06-27,0.6080284118652344,0.6080284118652344
2024-06-28,0.6084686517715454,0.6084686517715454
2024-07-01,0.6099197268486023,0.6099197268486023
2024-07-02,0.6064796447753906,0.6064796447753906
2024-07-03,0.6082206964492798,0.6082206964492798
2024-07-04,0.6107205748558044,0.6107205748558044
2024-07-05,0.611340343952179,0.611340343952179
2024-07-08,0.6141110062599182,0.6141110062599182
2024-07-09,0.6131207942962646,0.6131207942962646
2024-07-10,0.6127113103866577,0.6127113103866577
2024-07-11,0.6087983250617981,0.6087983250617981
2024-07-12,0.6094588041305542,0.6094588041305542
2024-07-15,0.6095516681671143,0.6095516681671143
2024-07-16,0.6076810956001282,0.6076810956001282
2024-07-17,0.6069099307060242,0.6069099307060242
2024-07-18,0.608061671257019,0.608061671257019
2024-07-19,0.6043793559074402,0.6043793559074402
2024-07-22,0.6024205088615417,0.6024205088615417
2024-07-23,0.5978501439094543,0.5978501439094543
2024-07-24,0.595291256904602,0.595291256904602
2024-07-25,0.5927295684814453,0.5927295684814453
2024-07-26,0.5889801979064941,0.5889801979064941
2024-07-29,0.5889000296592712,0.5889000296592712
2024-07-30,0.5877305269241333,0.5877305269241333
2024-07-31,0.5902003049850464,0.5902003049850464
2024-08-01,0.595181405544281,0.595181405544281
2024-08-02,0.5936197638511658,0.5936197638511658
2024-08-05,0.594700038433075,0.594700038433075
2024-08-06,0.5950503945350647,0.5950503945350647
2024-08-07,0.5974107980728149,0.5974107980728149
2024-08-08,0.5986088514328003,0.5986088514328003
2024-08-09,0.6007015705108643,0.6007015705108643
2024-08-12,0.5994916558265686,0.5994916558265686
2024-08-13,0.6023406982421875,0.6023406982421875
2024-08-14,0.6079211831092834,0.6079211831092834
2024-08-15,0.6000707745552063,0.6000707745552063
2024-08-16,0.5980896949768066,0.5980896949768066
2024-08-19,0.6057485342025757,0.6057485342025757
2024-08-20,0.6117704510688782,0.6117704510688782
2024-08-21,0.6157407760620117,0.6157407760620117
2024-08-22,0.6162492632865906,0.6162492632865906
2024-08-23,0.6143600344657898,0.6143600344657898
2024-08-26,0.6224092245101929,0.6224092245101929
2024-08-27,0.6205514073371887,0.6205514073371887
2024-08-28,0.6244106888771057,0.6244106888771057
2024-08-29,0.6247500777244568,0.6247500777244568
2024-08-30,0.6263309121131897,0.6263309121131897
2024-09-02,0.625,0.625
2024-09-03,0.6230490803718567,0.6230490803718567
2024-09-04,0.618739128112793,0.618739128112793
2024-09-05,0.6186702251434326,0.6186702251434326
2024-09-06,0.6224402189254761,0.6224402189254761
2024-09-09,0.6171315908432007,0.6171315908432007
2024-09-10,0.6142317652702332,0.6142317652702332
2024-09-11,0.6150099039077759,0.6150099039077759
2024-09-12,0.6132185459136963,0.6132185459136963
2024-09-13,0.6187008619308472,0.6187008619308472
2024-09-16,0.6164087653160095,0.6164087653160095
2024-09-17,0.6196094155311584,0.6196094155311584
2024-09-18,0.619398295879364,0.619398295879364
2024-09-19,0.6208904981613159,0.6208904981613159
2024-09-20,0.6237019300460815,0.6237019300460815
2024-09-23,0.6236202716827393,0.6236202716827393
2024-09-24,0.6267195343971252,0.6267195343971252
2024-09-25,0.6352190971374512,0.6352190971374512
2024-09-26,0.6257195472717285,0.6257195472717285
2024-09-27,0.6331197619438171,0.6331197619438171
2024-09-30,0.634981095790863,0.634981095790863
2024-10-01,0.6345298290252686,0.6345298290252686
2024-10-02,0.6282985806465149,0.6282985806465149
2024-10-03,0.6261191964149475,0.6261191964149475
2024-10-04,0.6217281222343445,0.6217281222343445
2024-10-07,0.6160784363746643,0.6160784363746643
2024-10-08,0.6128502488136292,0.6128502488136292
2024-10-09,0.6131395697593689,0.6131395697593689
2024-10-10,0.6070908308029175,0.6070908308029175
2024-10-11,0.6096000075340271,0.6096000075340271
2024-10-14,0.6091692447662354,0.6091692447662354
2024-10-15,0.6089614629745483,0.6089614629745483
2024-10-16,0.6056311726570129,0.6056311726570129
2024-10-17,0.6058696508407593,0.6058696508407593
2024-10-18,0.6060715913772583,0.6060715913772583
2024-10-21,0.6076700091362,0.6076700091362
2024-10-22,0.6023297905921936,0.6023297905921936
2024-10-23,0.604580283164978,0.604580283164978
2024-10-24,0.6006186604499817,0.6006186604499817
2024-10-25,0.6008387804031372,0.6008387804031372
2024-10-28,0.5979001522064209,0.5979001522064209
2024-10-29,0.5986300110816956,0.5986300110816956
2024-10-30,0.5971183180809021,0.5971183180809021
2024-10-31,0.5971112251281738,0.5971112251281738
2024-11-01,0.5971503853797913,0.5971503853797913
2024-11-04,0.5987414717674255,0.5987414717674255
2024-11-05,0.5973715782165527,0.5973715782165527
2024-11-06,0.60165935754776,0.60165935754776
2024-11-07,0.5938806533813477,0.5938806533813477
2024-11-08,0.6022282242774963,0.6022282242774963
2024-11-11,0.5966302156448364,0.5966302156448364
2024-11-12,0.596911609172821,0.596911609172821
2024-11-13,0.5923293828964233,0.5923293828964233
2024-11-14,0.5882906913757324,0.5882906913757324
2024-11-15,0.5849800705909729,0.5849800705909729
2024-11-18,0.5863211154937744,0.5863211154937744
2024-11-19,0.5890703797340393,0.5890703797340393
2024-11-20,0.5919612050056458,0.5919612050056458
2024-11-21,0.5884000062942505,0.5884000062942505
2024-11-22,0.5857407450675964,0.5857407450675964
2024-11-25,0.5862111449241638,0.5862111449241638
2024-11-26,0.5811284184455872,0.5811284184455872
2024-11-27,0.5837098360061646,0.5837098360061646
2024-11-28,0.5893411636352539,0.5893411636352539
2024-11-29,0.5896400213241577,0.5896400213241577
2024-12-02,0.5906500220298767,0.5906500220298767
2024-12-03,0.5884602665901184,0.5884602665901184
2024-12-04,0.5882110595703125,0.5882110595703125
2024-12-05,0.5857201814651489,0.5857201814651489
2024-12-06,0.5882214307785034,0.5882214307785034
2024-12-09,0.5838802456855774,0.5838802456855774
2024-12-10,0.5858985781669617,0.5858985781669617
2024-12-11,0.58022141456604,0.58022141456604
2024-12-12,0.5794212818145752,0.5794212818145752
2024-12-13,0.5770307183265686,0.5770307183265686
2024-12-16,0.5770706534385681,0.5770706534385681
2024-12-17,0.5791997909545898,0.5791997909545898
2024-12-18,0.5758113265037537,0.5758113265037537
2024-12-19,0.5617314577102661,0.5617314577102661
2024-12-20,0.562749981880188,0.562749981880188
2024-12-23,0.5651601552963257,0.5651601552963257
2024-12-24,0.5646591186523438,0.5646591186523438
2024-12-25,0.5648000836372375,0.5648000836372375
2024-12-26,0.5650898814201355,0.5650898814201355
2024-12-27,0.5625594258308411,0.5625594258308411
2024-12-30,0.5639394521713257,0.5639394521713257
2024-12-31,0.5639712810516357,0.5639712810516357
2025-01-02,0.5598414540290833,0.5598414540290833
2025-01-03,0.5592997670173645,0.5592997670173645
2025-01-06,0.5616084337234497,0.5616084337234497
2025-01-07,0.5639108419418335,0.5639108419418335
2025-01-08,0.5635485649108887,0.5635485649108887
2025-01-09,0.5605400204658508,0.5605400204658508
2025-01-10,0.5593501329421997,0.5593501329421997
2025-01-13,0.5564799308776855,0.5564799308776855
2025-01-14,0.5604187846183777,0.5604187846183777
2025-01-15,0.5602993965148926,0.5602993965148926
2025-01-16,0.562828540802002,0.562828540802002
2025-01-17,0.5608084797859192,0.5608084797859192
2025-01-20,0.5587310194969177,0.5587310194969177
2025-01-21,0.5681785941123962,0.5681785941123962
2025-01-22,0.5660911202430725,0.5660911202430725
2025-01-23,0.5663604140281677,0.5663604140281677
2025-01-24,0.5675497651100159,0.5675497651100159
2025-01-27,0.5692297220230103,0.5692297220230103
2025-01-28,0.5668194890022278,0.5668194890022278
2025-01-29,0.566559374332428,0.566559374332428
2025-01-30,0.5665208697319031,0.5665208697319031
2025-01-31,0.5636406540870667,0.5636406540870667
2025-02-03,0.5569603443145752,0.5569603443145752
2025-02-04,0.5626797080039978,0.5626797080039978
2025-02-05,0.5648409128189087,0.5648409128189087
2025-02-06,0.5689285397529602,0.5689285397529602
2025-02-07,0.5674885511398315,0.5674885511398315
2025-02-10,0.5647388100624084,0.5647388100624084
2025-02-11,0.5635008811950684,0.5635008811950684
2025-02-12,0.565930962562561,0.565930962562561
2025-02-13,0.5641399025917053,0.5641399025917053
2025-02-14,0.5680010914802551,0.5680010914802551
2025-02-17,0.5732991695404053,0.5732991695404053
2025-02-18,0.5732301473617554,0.5732301473617554
2025-02-19,0.5705190300941467,0.5705190300941467
2025-02-20,0.5701189637184143,0.5701189637184143
2025-02-21,0.5764286518096924,0.5764286518096924
2025-02-24,0.5751191973686218,0.5751191973686218
2025-02-25,0.5726589560508728,0.5726589560508728
2025-02-26,0.5731086134910583,0.5731086134910583
2025-02-27,0.5699889063835144,0.5699889063835144
2025-02-28,0.5627208352088928,0.5627208352088928
2025-03-03,0.560519278049469,0.560519278049469
2025-03-04,0.5613404512405396,0.5613404512405396
2025-03-05,0.5661584734916687,0.5661584734916687
2025-03-06,0.5729608535766602,0.5729608535766602
2025-03-07,0.5736609101295471,0.5736609101295471
2025-03-10,0.5710598230361938,0.5710598230361938
2025-03-11,0.5695084929466248,0.5695084929466248
2025-03-12,0.5712099075317383,0.5712099075317383
2025-03-13,0.5737004280090332,0.5737004280090332
2025-03-14,0.5703107714653015,0.5703107714653015
2025-03-17,0.5752515196800232,0.5752515196800232
2025-03-18,0.5824688673019409,0.5824688673019409
2025-03-19,0.5818588137626648,0.5818588137626648
2025-03-20,0.582160234451294,0.582160234451294
2025-03-21,0.5761895179748535,0.5761895179748535
2025-03-24,0.574540913105011,0.574540913105011
2025-03-25,0.5726786255836487,0.5726786255836487
2025-03-26,0.573309063911438,0.573309063911438
2025-03-27,0.5718991756439209,0.5718991756439209
2025-03-28,0.5736411809921265,0.5736411809921265
2025-03-31,0.570711076259613,0.570711076259613
2025-04-01,0.5670509338378906,0.5670509338378906
2025-04-02,0.571389377117157,0.571389377117157
2025-04-03,0.5727606415748596,0.5727606415748596
2025-04-04,0.5786601901054382,0.5786601901054382
2025-04-07,0.5541394352912903,0.5541394352912903
2025-04-08,0.553709864616394,0.553709864616394
2025-04-09,0.5518489480018616,0.5518489480018616
2025-04-10,0.5637201070785522,0.5637201070785522
2025-04-11,0.5747886300086975,0.5747886300086975
2025-04-14,0.5836314558982849,0.5836314558982849
2025-04-15,0.5866995453834534,0.5866995453834534
2025-04-16,0.5895496606826782,0.5895496606826782
2025-04-17,0.5935387015342712,0.5935387015342712
2025-04-22,0.600009560585022,0.600009560585022
2025-04-23,0.5960683226585388,0.5960683226585388
2025-04-24,0.5952416062355042,0.5952416062355042
2025-04-25,0.5987988114356995,0.5987988114356995
2025-04-28,0.5949406027793884,0.5949406027793884
2025-04-29,0.597200334072113,0.597200334072113
2025-04-30,0.5936691164970398,0.5936691164970398
2025-05-01,0.5938313007354736,0.5938313007354736
2025-05-02,0.5913485288619995,0.5913485288619995
2025-05-05,0.5952097177505493,0.5952097177505493
2025-05-06,0.5961394309997559,0.5961394309997559
2025-05-07,0.6015110015869141,0.6015110015869141
2025-05-08,0.5940182209014893,0.5940182209014893
2025-05-09,0.589918315410614,0.589918315410614
2025-05-12,0.5920698046684265,0.5920698046684265
2025-05-13,0.5861286520957947,0.5861286520957947
2025-05-14,0.593591570854187,0.593591570854187
2025-05-15,0.5896400213241577,0.5896400213241577
2025-05-16,0.5873715281486511,0.5873715281486511
2025-05-19,0.5886993408203125,0.5886993408203125
2025-05-20,0.5930987000465393,0.5930987000465393
2025-05-21,0.5927401185035706,0.5927401185035706
2025-05-22,0.5933485627174377,0.5933485627174377
2025-05-23,0.5897617340087891,0.5897617340087891
2025-05-26,0.5991683602333069,0.5991683602333069
2025-05-27,0.5994700789451599,0.5994700789451599
2025-05-28,0.5948100686073303,0.5948100686073303
2025-05-29,0.5959084630012512,0.5959084630012512
2025-05-30,0.5978608727455139,0.5978608727455139
2025-06-02,0.5973109006881714,0.5973109006881714
2025-06-03,0.6047887206077576,0.6047887206077576
2025-06-04,0.6006113886833191,0.6006113886833191
2025-06-05,0.6027400493621826,0.6027400493621826
2025-06-06,0.6042296290397644,0.6042296290397644
2025-06-09,0.6024205088615417,0.6024205088615417
2025-06-10,0.6050887703895569,0.6050887703895569
2025-06-11,0.6059100031852722,0.6059100031852722
2025-06-12,0.6036598682403564,0.6036598682403564
2025-06-13,0.6065201163291931,0.6065201163291931
2025-06-16,0.603900134563446,0.603900134563446
2025-06-17,0.6049203872680664,0.6049203872680664
2025-06-18,0.6019382476806641,0.6019382476806641
2025-06-19,0.6029508709907532,0.6029508709907532
2025-06-20,0.6000816226005554,0.6000816226005554
2025-06-23,0.5962104797363281,0.5962104797363281
2025-06-24,0.5995383262634277,0.5995383262634277
2025-06-25,0.6011313199996948,0.6011313199996948
2025-06-26,0.6055908203125,0.6055908203125
2025-06-27,0.6058990359306335,0.6058990359306335
2025-06-30,0.6063987016677856,0.6063987016677856
2025-07-01,0.6092397570610046,0.6092397570610046
2025-07-02,0.6100797653198242,0.6100797653198242
2025-07-03,0.6089392304420471,0.6089392304420471
2025-07-04,0.608009934425354,0.608009934425354
2025-07-07,0.6051217317581177,0.6051217317581177
2025-07-08,0.6007810235023499,0.6007810235023499
2025-07-09,0.5993586778640747,0.5993586778640747
2025-07-10,0.5998404622077942,0.5998404622077942
2025-07-11,0.6041712164878845,0.6041712164878845
2025-07-14,0.6006907820701599,0.6006907820701599
2025-07-15,0.5971896052360535,0.5971896052360535
2025-07-16,0.5954294800758362,0.5954294800758362
2025-07-17,0.594590425491333,0.594590425491333
2025-07-18,0.5944314002990723,0.5944314002990723
2025-07-21,0.5952805876731873,0.5952805876731873
2025-07-22,0.5969614386558533,0.5969614386558533
2025-07-23,0.600009560585022,0.600009560585022
2025-07-24,0.604781448841095,0.604781448841095
2025-07-25,0.6037116050720215,0.6037116050720215
2025-07-28,0.6019309759140015,0.6019309759140015
2025-07-29,0.5971896052360535,0.5971896052360535
2025-07-30,0.595461368560791,0.595461368560791
2025-07-31,0.5907686352729797,0.5907686352729797
2025-08-01,0.5888692140579224,0.5888692140579224
2025-08-04,0.5914185047149658,0.5914185047149658
2025-08-05,0.5916984677314758,0.5916984677314758
2025-08-06,0.5909292101860046,0.5909292101860046
2025-08-07,0.59284907579422,0.59284907579422
2025-08-08,0.597011387348175,0.597011387348175
2025-08-11,0.5949299931526184,0.5949299931526184
2025-08-12,0.5940499901771545,0.5940499901771545
2025-08-13,0.5957806706428528,0.5957806706428528
2025-08-14,0.5981004238128662,0.5981004238128662
2025-08-15,0.5921083688735962,0.5921083688735962
2025-08-18,0.5928595662117004,0.5928595662117004
2025-08-19,0.5923784375190735,0.5923784375190735
2025-08-20,0.5897687077522278,0.5897687077522278
2025-08-21,0.5828185081481934,0.5828185081481934
2025-08-22,0.5822314620018005,0.5822314620018005
2025-08-25,0.5865412354469299,0.5865412354469299
2025-08-26,0.5849184393882751,0.5849184393882751
2025-08-27,0.5858402848243713,0.5858402848243713
2025-08-28,0.5861183404922485,0.5861183404922485
2025-08-29,0.5885087847709656,0.5885087847709656
2025-09-01,0.5896887183189392,0.5896887183189392
2025-09-02,0.5906291007995605,0.5906291007995605
2025-09-03,0.5861698985099792,0.5861698985099792
2025-09-04,0.5881107449531555,0.5881107449531555
2025-09-05,0.5851101279258728,0.5851101279258728
2025-09-08,0.5888698697090149,0.5888698697090149
2025-09-09,0.5945091247558594,0.5945091247558594
2025-09-10,0.5925999879837036,0.5925999879837036
2025-09-11,0.5943783521652222,0.5943783521652222
2025-09-12,0.5977801084518433,0.5977801084518433
2025-09-15,0.5953408479690552,0.5953408479690552
2025-09-16,0.596911609172821,0.596911609172821
2025-09-17,0.5989401340484619,0.5989401340484619
2025-09-18,0.5934189558029175,0.5934189558029175
2025-09-19,0.5891293883323669,0.5891293883323669
2025-09-22,0.5851306319236755,0.5851306319236755
2025-09-23,0.5868799686431885,0.5868799686431885
2025-09-24,0.5856995582580566,0.5856995582580566
2025-09-25,0.5816601514816284,0.5816601514816284
2025-09-26,0.5763190388679504,0.5763190388679504
2025-09-29,0.577820897102356,0.577820897102356
2025-09-30,0.5781516432762146,0.5781516432762146
2025-10-01,0.5795992612838745,0.5795992612838745
2025-10-02,0.5821806192398071,0.5821806192398071
2025-10-03,0.5819502472877502,0.5819502472877502
2025-10-06,0.5824688673019409,0.5824688673019409
2025-10-07,0.5840998888015747,0.5840998888015747
2025-10-08,0.5797706246376038,0.5797706246376038
2025-10-09,0.5783489346504211,0.5783489346504211
2025-10-10,0.5752912163734436,0.5752912163734436
2025-10-13,0.5726786255836487,0.5726786255836487
2025-10-14,0.5717487335205078,0.5717487335205078
2025-10-15,0.5715000629425049,0.5715000629425049
2025-10-16,0.5716115236282349,0.5716115236282349
2025-10-17,0.572701632976532,0.572701632976532
2025-10-20,0.5731808543205261,0.5731808543205261
2025-10-21,0.5744485259056091,0.5744485259056091
2025-10-22,0.5742605328559875,0.5742605328559875
2025-10-23,0.5736905336380005,0.5736905336380005
2025-10-24,0.5755196809768677,0.5755196809768677
2025-10-27,0.5760199427604675,0.5760199427604675
2025-10-28,0.5775506496429443,0.5775506496429443
2025-10-29,0.5783589482307434,0.5783589482307434
2025-10-30,0.5764286518096924,0.5764286518096924
2025-10-31,0.5745310187339783,0.5745310187339783
2025-11-03,0.5722787976264954,0.5722787976264954
2025-11-04,0.5707013010978699,0.5707013010978699
2025-11-05,0.5642401576042175,0.5642401576042175
2025-11-06,0.566899836063385,0.566899836063385
2025-11-07,0.5639013051986694,0.5639013051986694
2025-11-10,0.5627208352088928,0.5627208352088928
2025-11-11,0.5643786787986755,0.5643786787986755
2025-11-12,0.5657292604446411,0.5657292604446411
2025-11-13,0.566228985786438,0.566228985786438
2025-11-14,0.5650898814201355,0.5650898814201355
2025-11-17,0.5676302909851074,0.5676302909851074
2025-11-18,0.5654797554016113,0.5654797554016113
2025-11-19,0.5659213662147522,0.5659213662147522
2025-11-20,0.5614413619041443,0.5614413619041443
2025-11-21,0.5591809153556824,0.5591809153556824
2025-11-24,0.5613183975219727,0.5613183975219727
2025-11-25,0.561381459236145,0.561381459236145
2025-11-26,0.5624499320983887,0.5624499320983887
2025-11-27,0.5707000494003296,0.5707000494003296
2025-11-28,0.5731000304222107,0.5731000304222107
2025-12-01,0.5736411809921265,0.5736411809921265
2025-12-02,0.572619616985321,0.572619616985321
2025-12-03,0.574079155921936,0.574079155921936
2025-12-04,0.5774205327033997,0.5774205327033997
2025-12-05,0.5759804248809814,0.5759804248809814
2025-12-08,0.5775999426841736,0.5775999426841736
2025-12-09,0.5776100158691406,0.5776100158691406
2025-12-10,0.5779501795768738,0.5779501795768738
2025-12-11,0.5817199945449829,0.5817199945449829
2025-12-12,0.5809191465377808,0.5809191465377808
2025-12-15,0.5802315473556519,0.5802315473556519
2025-12-16,0.5786099433898926,0.5786099433898926
2025-12-17,0.5785999298095703,0.5785999298095703
2025-12-18,0.5772998332977295,0.5772998332977295
2025-12-19,0.5776106715202332,0.5776106715202332
2025-12-22,0.57548987865448,0.57548987865448
2025-12-23,0.5797706246376038,0.5797706246376038
2025-12-24,0.5842998623847961,0.5842998623847961
2025-12-26,0.5836417078971863,0.5836417078971863
2025-12-29,0.582610011100769,0.582610011100769
2025-12-30,0.5808698534965515,0.5808698534965515
2025-12-31,0.5791494250297546,0.5791494250297546
2026-01-02,0.5757914185523987,0.5757914185523987
