date,close,adj_close
2014-12-01,48.130001068115234,31.587642669677734
2014-12-02,48.38999938964844,31.75827980041504
2014-12-03,48.31999969482422,31.712345123291016
2014-12-04,48.09000015258789,31.561397552490234
2014-12-05,47.91999816894531,31.449817657470703
2014-12-08,47.86000061035156,31.410446166992188
2014-12-09,48.0,31.502323150634766
2014-12-10,47.70000076293945,31.305435180664062
2014-12-11,47.90999984741211,31.443273544311523
2014-12-12,47.459999084472656,31.14793586730957
2014-12-15,46.90999984741211,30.786970138549805
2014-12-16,46.95000076293945,30.813217163085938
2014-12-17,47.70000076293945,31.305435180664062
2014-12-18,48.099998474121094,31.567949295043945
2014-12-19,47.81999969482422,31.657333374023438
2014-12-22,48.40999984741211,32.047916412353516
2014-12-23,48.2599983215332,31.94861602783203
2014-12-24,48.209999084472656,31.91551399230957
2014-12-26,48.349998474121094,32.00818634033203
2014-12-29,48.439998626708984,32.067771911621094
2014-12-30,48.33000183105469,31.994953155517578
2014-12-31,47.72999954223633,31.597742080688477
2015-01-02,48.029998779296875,31.796350479125977
2015-01-05,47.95000076293945,31.743389129638672
2015-01-06,48.27000045776367,31.955238342285156
2015-01-07,49.11000061035156,32.511329650878906
2015-01-08,49.369998931884766,32.68345260620117
2015-01-09,49.41999816894531,32.716548919677734
2015-01-12,49.68000030517578,32.888668060302734
2015-01-13,49.81999969482422,32.981353759765625
2015-01-14,50.18000030517578,33.219669342041016
2015-01-15,50.31999969482422,33.312355041503906
2015-01-16,50.83000183105469,33.64997482299805
2015-01-20,50.459999084472656,33.40503692626953
2015-01-21,50.630001068115234,33.517578125
2015-01-22,51.2400016784668,33.9213981628418
2015-01-23,51.189998626708984,33.888301849365234
2015-01-26,51.529998779296875,34.11339569091797
2015-01-27,51.40999984741211,34.03395080566406
2015-01-28,50.900001525878906,33.69632339477539
2015-01-29,51.27000045776367,33.941261291503906
2015-01-30,50.29999923706055,33.29912185668945
2015-02-02,50.630001068115234,33.517578125
2015-02-03,50.9900016784668,33.75590896606445
2015-02-04,50.66999816894531,33.54404830932617
2015-02-05,51.4900016784668,34.08690643310547
2015-02-06,50.43000030517578,33.385169982910156
2015-02-09,49.93000030517578,33.054176330566406
2015-02-10,50.08000183105469,33.15348434448242
2015-02-11,49.939998626708984,33.060794830322266
2015-02-12,50.540000915527344,33.45798110961914
2015-02-13,50.4900016784668,33.42490005493164
2015-02-17,50.34000015258789,33.325592041015625
2015-02-18,50.650001525878906,33.53082275390625
2015-02-19,49.91999816894531,33.047550201416016
2015-02-20,50.33000183105469,33.318973541259766
2015-02-23,50.54999923706055,33.46461486816406
2015-02-24,50.06999969482422,33.1468505859375
2015-02-25,50.130001068115234,33.18657684326172
2015-02-26,49.72999954223633,32.921775817871094
2015-02-27,49.849998474121094,33.001224517822266
2015-03-02,50.189998626708984,33.22629928588867
2015-03-03,49.9900016784668,33.09389114379883
2015-03-04,49.540000915527344,32.795997619628906
2015-03-05,49.540000915527344,32.795997619628906
2015-03-06,48.189998626708984,31.90226936340332
2015-03-09,48.15999984741211,31.882413864135742
2015-03-10,47.880001068115234,31.69704246520996
2015-03-11,47.91999816894531,31.723522186279297
2015-03-12,48.65999984741211,32.21342468261719
2015-03-13,48.63999938964844,32.20018005371094
2015-03-16,49.13999938964844,32.531185150146484
2015-03-17,48.91999816894531,32.38555145263672
2015-03-18,49.91999816894531,33.047550201416016
2015-03-19,49.88999938964844,33.0276985168457
2015-03-20,50.79999923706055,33.770233154296875
2015-03-23,50.81999969482422,33.78353500366211
2015-03-24,50.689998626708984,33.69710922241211
2015-03-25,50.08000183105469,33.29160690307617
2015-03-26,49.689998626708984,33.032344818115234
2015-03-27,49.88999938964844,33.16530227661133
2015-03-30,50.16999816894531,33.3514289855957
2015-03-31,49.689998626708984,33.032344818115234
2015-04-01,49.810001373291016,33.11210632324219
2015-04-02,50.209999084472656,33.37802505493164
2015-04-06,50.689998626708984,33.69710922241211
2015-04-07,50.13999938964844,33.33149719238281
2015-04-08,50.369998931884766,33.48439025878906
2015-04-09,49.849998474121094,33.13871383666992
2015-04-10,49.7400016784668,33.06558609008789
2015-04-13,49.41999816894531,32.85285568237305
2015-04-14,49.720001220703125,33.05228805541992
2015-04-15,49.540000915527344,32.93263626098633
2015-04-16,49.70000076293945,33.03898620605469
2015-04-17,49.2599983215332,32.746490478515625
2015-04-20,49.290000915527344,32.76644515991211
2015-04-21,49.33000183105469,32.793025970458984
2015-04-22,49.470001220703125,32.88609313964844
2015-04-23,49.58000183105469,32.9592170715332
2015-04-24,49.66999816894531,33.01905059814453
2015-04-27,49.75,33.072235107421875
2015-04-28,49.709999084472656,33.04563903808594
2015-04-29,49.0,32.57365417480469
2015-04-30,48.38999938964844,32.16814422607422
2015-05-01,48.63999938964844,32.334346771240234
2015-05-04,48.77000045776367,32.4207649230957
2015-05-05,47.959999084472656,31.882295608520508
2015-05-06,47.70000076293945,31.70944595336914
2015-05-07,47.9900016784668,31.902238845825195
2015-05-08,48.91999816894531,32.520477294921875
2015-05-11,48.279998779296875,32.09501647949219
2015-05-12,48.2599983215332,32.08173751831055
2015-05-13,48.290000915527344,32.101661682128906
2015-05-14,49.040000915527344,32.60023880004883
2015-05-15,49.439998626708984,32.866146087646484
2015-05-18,49.13999938964844,32.666717529296875
2015-05-19,49.11000061035156,32.646785736083984
2015-05-20,49.06999969482422,32.62018585205078
2015-05-21,48.93000030517578,32.52711868286133
2015-05-22,48.86000061035156,32.4805793762207
2015-05-26,48.36000061035156,32.14820098876953
2015-05-27,48.75,32.40745162963867
2015-05-28,48.43000030517578,32.19473648071289
2015-05-29,47.90999984741211,31.849058151245117
2015-06-01,48.27000045776367,32.08837890625
2015-06-02,48.04999923706055,31.942127227783203
2015-06-03,47.56999969482422,31.62303924560547
2015-06-04,47.31999969482422,31.456844329833984
2015-06-05,46.709999084472656,31.05134391784668
2015-06-08,46.61000061035156,30.984851837158203
2015-06-09,46.52000045776367,30.925024032592773
2015-06-10,47.060001373291016,31.28400421142578
2015-06-11,47.310001373291016,31.450193405151367
2015-06-12,47.209999084472656,31.38372039794922
2015-06-15,47.0,31.244121551513672
2015-06-16,47.2400016784668,31.40365982055664
2015-06-17,47.349998474121094,31.47678565979004
2015-06-18,47.91999816894531,31.855701446533203
2015-06-19,47.220001220703125,31.63994598388672
2015-06-22,47.20000076293945,31.626548767089844
2015-06-23,46.9900016784668,31.4858341217041
2015-06-24,46.7400016784668,31.318328857421875
2015-06-25,46.38999938964844,31.083805084228516
2015-06-26,46.61000061035156,31.231210708618164
2015-06-29,45.709999084472656,30.62816047668457
2015-06-30,45.81999969482422,30.70187759399414
2015-07-01,46.29999923706055,31.023500442504883
2015-07-02,46.400001525878906,31.090503692626953
2015-07-06,46.31999969482422,31.03689956665039
2015-07-07,46.7400016784668,31.318328857421875
2015-07-08,46.27000045776367,31.003398895263672
2015-07-09,46.34000015258789,31.050296783447266
2015-07-10,46.849998474121094,31.392017364501953
2015-07-13,47.119998931884766,31.572946548461914
2015-07-14,47.34000015258789,31.72035026550293
2015-07-15,47.369998931884766,31.740459442138672
2015-07-16,47.79999923706055,32.02859115600586
2015-07-17,47.689998626708984,31.954877853393555
2015-07-20,47.720001220703125,31.97498321533203
2015-07-21,47.540000915527344,31.854372024536133
2015-07-22,47.59000015258789,31.88785743713379
2015-07-23,47.08000183105469,31.546138763427734
2015-07-24,47.130001068115234,31.57964324951172
2015-07-27,47.130001068115234,31.57964324951172
2015-07-28,47.36000061035156,31.7337589263916
2015-07-29,47.52000045776367,31.84095573425293
2015-07-30,47.29999923706055,31.693540573120117
2015-07-31,47.59000015258789,31.88785743713379
2015-08-03,47.720001220703125,31.97498321533203
2015-08-04,47.61000061035156,31.901273727416992
2015-08-05,47.61000061035156,31.901273727416992
2015-08-06,47.470001220703125,31.807456970214844
2015-08-07,47.61000061035156,31.901273727416992
2015-08-10,47.689998626708984,31.954877853393555
2015-08-11,47.650001525878906,31.92806053161621
2015-08-12,47.709999084472656,31.96828269958496
2015-08-13,47.790000915527344,32.021888732910156
2015-08-14,48.040000915527344,32.189395904541016
2015-08-17,48.22999954223633,32.316707611083984
2015-08-18,48.20000076293945,32.296607971191406
2015-08-19,47.900001525878906,32.095577239990234
2015-08-20,47.400001525878906,31.76055335998535
2015-08-21,46.52000045776367,31.170913696289062
2015-08-24,44.060001373291016,29.5225772857666
2015-08-25,43.7599983215332,29.321563720703125
2015-08-26,44.880001068115234,30.0720157623291
2015-08-27,45.66999816894531,30.601362228393555
2015-08-28,45.529998779296875,30.507556915283203
2015-08-31,44.61000061035156,29.891111373901367
2015-09-01,43.59000015258789,29.207651138305664
2015-09-02,44.16999816894531,29.596271514892578
2015-09-03,44.25,29.64988899230957
2015-09-04,43.279998779296875,28.99993324279785
2015-09-08,44.119998931884766,29.56278419494629
2015-09-09,43.59000015258789,29.207651138305664
2015-09-10,43.81999969482422,29.36176300048828
2015-09-11,44.29999923706055,29.683380126953125
2015-09-14,44.25,29.64988899230957
2015-09-15,44.61000061035156,29.891111373901367
2015-09-16,45.040000915527344,30.179231643676758
2015-09-17,45.400001525878906,30.42045021057129
2015-09-18,44.779998779296875,30.244836807250977
2015-09-21,45.04999923706055,30.427204132080078
2015-09-22,44.45000076293945,30.021963119506836
2015-09-23,44.59000015258789,30.116512298583984
2015-09-24,44.54999923706055,30.089492797851562
2015-09-25,44.9900016784668,30.38667869567871
2015-09-28,44.2400016784668,29.8801212310791
2015-09-29,44.599998474121094,30.123262405395508
2015-09-30,45.15999984741211,30.501502990722656
2015-10-01,45.33000183105469,30.616315841674805
2015-10-02,45.86000061035156,30.974275588989258
2015-10-05,46.720001220703125,31.555131912231445
2015-10-06,46.52000045776367,31.420055389404297
2015-10-07,46.84000015258789,31.636186599731445
2015-10-08,47.2599983215332,31.919851303100586
2015-10-09,47.13999938964844,31.83881187438965
2015-10-12,47.25,31.913103103637695
2015-10-13,46.84000015258789,31.636186599731445
2015-10-14,46.849998474121094,31.642942428588867
2015-10-15,47.5,32.08197021484375
2015-10-16,47.709999084472656,32.22379684448242
2015-10-19,48.150001525878906,32.52097702026367
2015-10-20,48.16999816894531,32.53449249267578
2015-10-21,47.900001525878906,32.352108001708984
2015-10-22,48.470001220703125,32.737117767333984
2015-10-23,48.22999954223633,32.575008392333984
2015-10-26,48.13999938964844,32.51422119140625
2015-10-27,48.16999816894531,32.53449249267578
2015-10-28,48.20000076293945,32.55474090576172
2015-10-29,48.11000061035156,32.493953704833984
2015-10-30,47.77000045776367,32.26431655883789
2015-11-02,48.43000030517578,32.71009063720703
2015-11-03,48.0099983215332,32.42639923095703
2015-11-04,47.630001068115234,32.169761657714844
2015-11-05,47.84000015258789,32.31159591674805
2015-11-06,46.650001525878906,31.507863998413086
2015-11-09,45.72999954223633,30.8864803314209
2015-11-10,46.08000183105469,31.122880935668945
2015-11-11,46.33000183105469,31.29173469543457
2015-11-12,46.0099983215332,31.075603485107422
2015-11-13,45.540000915527344,30.758153915405273
2015-11-16,46.040000915527344,31.095869064331055
2015-11-17,46.18000030517578,31.190410614013672
2015-11-18,46.540000915527344,31.433561325073242
2015-11-19,46.86000061035156,31.649682998657227
2015-11-20,47.189998626708984,31.872589111328125
2015-11-23,47.11000061035156,31.81855010986328
2015-11-24,46.90999984741211,31.683469772338867
2015-11-25,47.02000045776367,31.75775909423828
2015-11-27,47.16999816894531,31.859071731567383
2015-11-30,46.9900016784668,31.73749542236328
2015-12-01,47.689998626708984,32.21027374267578
2015-12-02,46.779998779296875,31.595666885375977
2015-12-03,46.33000183105469,31.29173469543457
2015-12-04,47.02000045776367,31.75775909423828
2015-12-07,46.81999969482422,31.622676849365234
2015-12-08,46.619998931884766,31.48759651184082
2015-12-09,46.43000030517578,31.359270095825195
2015-12-10,46.099998474121094,31.136384963989258
2015-12-11,45.79999923706055,30.93375587463379
2015-12-14,45.939998626708984,31.028310775756836
2015-12-15,46.34000015258789,31.298490524291992
2015-12-16,47.22999954223633,31.899599075317383
2015-12-17,46.81999969482422,31.622676849365234
2015-12-18,46.099998474121094,31.435829162597656
2015-12-21,46.2400016784668,31.53131103515625
2015-12-22,46.41999816894531,31.65403938293457
2015-12-23,46.880001068115234,31.967708587646484
2015-12-24,47.0,32.04954528808594
2015-12-28,47.02000045776367,32.063194274902344
2015-12-29,47.4900016784668,32.3836784362793
2015-12-30,47.22999954223633,32.206398010253906
2015-12-31,46.79999923706055,31.91317367553711
2016-01-04,46.220001220703125,31.517667770385742
2016-01-05,46.779998779296875,31.899526596069336
2016-01-06,46.41999816894531,31.65403938293457
2016-01-07,45.59000015258789,31.088056564331055
2016-01-08,44.900001525878906,30.61754608154297
2016-01-11,45.040000915527344,30.713010787963867
2016-01-12,45.0099983215332,30.692556381225586
2016-01-13,44.45000076293945,30.31068992614746
2016-01-14,44.540000915527344,30.372066497802734
2016-01-15,43.900001525878906,29.93564224243164
2016-01-19,44.08000183105469,30.058385848999023
2016-01-20,42.970001220703125,29.30147361755371
2016-01-21,43.13999938964844,29.417394638061523
2016-01-22,44.25,30.174314498901367
2016-01-25,43.939998626708984,29.962915420532227
2016-01-26,44.79999923706055,30.54935646057129
2016-01-27,44.060001373291016,30.044748306274414
2016-01-28,44.0,30.003835678100586
2016-01-29,45.02000045776367,30.699377059936523
2016-02-01,45.220001220703125,30.835758209228516
2016-02-02,44.41999816894531,30.290237426757812
2016-02-03,44.97999954223633,30.672101974487305
2016-02-04,45.040000915527344,30.713010787963867
2016-02-05,44.209999084472656,30.147037506103516
2016-02-08,43.2400016784668,29.485591888427734
2016-02-09,42.540000915527344,29.008258819580078
2016-02-10,42.849998474121094,29.21963882446289
2016-02-11,42.2400016784668,28.803686141967773
2016-02-12,42.75,29.151456832885742
2016-02-16,43.650001525878906,29.76517105102539
2016-02-17,44.11000061035156,30.07883644104004
2016-02-18,44.29999923706055,30.208404541015625
2016-02-19,44.630001068115234,30.433433532714844
2016-02-22,44.959999084472656,30.658462524414062
2016-02-23,44.560001373291016,30.38570213317871
2016-02-24,44.70000076293945,30.481163024902344
2016-02-25,45.41999816894531,30.972139358520508
2016-02-26,45.040000915527344,30.713010787963867
2016-02-29,44.88999938964844,30.610729217529297
2016-03-01,46.290000915527344,31.56538963317871
2016-03-02,46.529998779296875,31.729055404663086
2016-03-03,46.779998779296875,31.899526596069336
2016-03-04,46.86000061035156,31.954092025756836
2016-03-07,46.86000061035156,31.954092025756836
2016-03-08,46.45000076293945,31.674503326416016
2016-03-09,46.68000030517578,31.83133888244629
2016-03-10,46.58000183105469,31.763147354125977
2016-03-11,47.65999984741211,32.49961853027344
2016-03-14,47.630001068115234,32.47915267944336
2016-03-15,47.599998474121094,32.45869827270508
2016-03-16,48.13999938964844,32.826927185058594
2016-03-17,48.91999816894531,33.35880661010742
2016-03-18,48.34000015258789,33.20083999633789
2016-03-21,48.11000061035156,33.04287338256836
2016-03-22,47.9900016784668,32.960453033447266
2016-03-23,47.599998474121094,32.692596435546875
2016-03-24,47.459999084472656,32.59644317626953
2016-03-28,47.79999923706055,32.82994842529297
2016-03-29,48.79999923706055,33.51676559448242
2016-03-30,48.86000061035156,33.557987213134766
2016-03-31,48.970001220703125,33.633541107177734
2016-04-01,48.7599983215332,33.48931121826172
2016-04-04,48.65999984741211,33.42061996459961
2016-04-05,48.29999923706055,33.17335891723633
2016-04-06,48.56999969482422,33.35881042480469
2016-04-07,48.189998626708984,33.097816467285156
2016-04-08,48.689998626708984,33.44123458862305
2016-04-11,48.66999816894531,33.4274787902832
2016-04-12,49.0099983215332,33.66099548339844
2016-04-13,49.060001373291016,33.69534683227539
2016-04-14,48.75,33.482444763183594
2016-04-15,48.880001068115234,33.571720123291016
2016-04-18,49.189998626708984,33.784629821777344
2016-04-19,49.349998474121094,33.894527435302734
2016-04-20,48.83000183105469,33.53738784790039
2016-04-21,48.119998931884766,33.049739837646484
2016-04-22,48.43000030517578,33.262657165527344
2016-04-25,48.900001525878906,33.585453033447266
2016-04-26,49.150001525878906,33.757164001464844
2016-04-27,49.04999923706055,33.688480377197266
2016-04-28,48.79999923706055,33.51676559448242
2016-04-29,48.459999084472656,33.28326416015625
2016-05-02,49.18000030517578,33.77776336669922
2016-05-03,48.97999954223633,33.64039611816406
2016-05-04,49.310001373291016,33.86705780029297
2016-05-05,49.349998474121094,33.894527435302734
2016-05-06,49.68000030517578,34.121177673339844
2016-05-09,50.06999969482422,34.38903045654297
2016-05-10,50.349998474121094,34.581336975097656
2016-05-11,49.33000183105469,33.880802154541016
2016-05-12,49.41999816894531,33.94259262084961
2016-05-13,48.91999816894531,33.59919738769531
2016-05-16,49.47999954223633,33.98381423950195
2016-05-17,48.83000183105469,33.53738784790039
2016-05-18,48.349998474121094,33.20771026611328
2016-05-19,47.81999969482422,32.843692779541016
2016-05-20,48.209999084472656,33.11154556274414
2016-05-23,48.13999938964844,33.06346893310547
2016-05-24,48.72999954223633,33.46870422363281
2016-05-25,48.790000915527344,33.509925842285156
2016-05-26,48.79999923706055,33.51676559448242
2016-05-27,48.939998626708984,33.61293029785156
2016-05-31,48.83000183105469,33.53738784790039
2016-06-01,48.81999969482422,33.530513763427734
2016-06-02,48.90999984741211,33.59232711791992
2016-06-03,49.33000183105469,33.880802154541016
2016-06-06,49.150001525878906,33.757164001464844
2016-06-07,49.439998626708984,33.95634078979492
2016-06-08,49.70000076293945,34.134910583496094
2016-06-09,49.65999984741211,34.10744094848633
2016-06-10,49.119998931884766,33.73655319213867
2016-06-13,48.95000076293945,33.61979293823242
2016-06-14,48.63999938964844,33.40687561035156
2016-06-15,49.029998779296875,33.674739837646484
2016-06-16,49.13999938964844,33.75029754638672
2016-06-17,48.790000915527344,33.77799606323242
2016-06-20,49.400001525878906,34.2003059387207
2016-06-21,49.619998931884766,34.35260772705078
2016-06-22,49.52000045776367,34.28337097167969
2016-06-23,49.9900016784668,34.608768463134766
2016-06-24,48.33000183105469,33.45951843261719
2016-06-27,47.90999984741211,33.16875457763672
2016-06-28,49.15999984741211,34.034149169921875
2016-06-29,49.88999938964844,34.53953552246094
2016-06-30,50.36000061035156,34.864933013916016
2016-07-01,50.380001068115234,34.87876892089844
2016-07-05,50.34000015258789,34.851070404052734
2016-07-06,50.189998626708984,34.74721908569336
2016-07-07,49.86000061035156,34.518760681152344
2016-07-08,50.599998474121094,35.03108215332031
2016-07-11,51.060001373291016,35.349544525146484
2016-07-12,51.20000076293945,35.44646453857422
2016-07-13,51.400001525878906,35.584930419921875
2016-07-14,51.209999084472656,35.453369140625
2016-07-15,51.02000045776367,35.32184982299805
2016-07-18,51.13999938964844,35.4049186706543
2016-07-19,51.27000045776367,35.49492645263672
2016-07-20,51.47999954223633,35.64030838012695
2016-07-21,51.52000045776367,35.66799545288086
2016-07-22,51.83000183105469,35.882625579833984
2016-07-25,51.810001373291016,35.868778228759766
2016-07-26,51.7400016784668,35.82032012939453
2016-07-27,51.400001525878906,35.584930419921875
2016-07-28,51.83000183105469,35.882625579833984
2016-07-29,52.40999984741211,36.28416061401367
2016-08-01,52.369998931884766,36.25647735595703
2016-08-02,51.790000915527344,35.85493087768555
2016-08-03,51.47999954223633,35.64030838012695
2016-08-04,51.52000045776367,35.66799545288086
2016-08-05,51.59000015258789,35.71647262573242
2016-08-08,51.70000076293945,35.79262161254883
2016-08-09,51.83000183105469,35.882625579833984
2016-08-10,51.86000061035156,35.90338134765625
2016-08-11,51.47999954223633,35.64030838012695
2016-08-12,51.54999923706055,35.68877410888672
2016-08-15,51.63999938964844,35.75107955932617
2016-08-16,51.20000076293945,35.44646453857422
2016-08-17,51.279998779296875,35.50184631347656
2016-08-18,51.369998931884766,35.56416320800781
2016-08-19,50.93000030517578,35.25953674316406
2016-08-22,51.06999969482422,35.356475830078125
2016-08-23,51.2400016784668,35.47415542602539
2016-08-24,51.0099983215332,35.314918518066406
2016-08-25,51.150001525878906,35.41184616088867
2016-08-26,50.63999938964844,35.05876541137695
2016-08-29,50.9900016784668,35.30107116699219
2016-08-30,50.849998474121094,35.20414733886719
2016-08-31,50.84000015258789,35.19721984863281
2016-09-01,50.939998626708984,35.26646423339844
2016-09-02,51.20000076293945,35.44646453857422
2016-09-06,51.720001220703125,35.80647659301758
2016-09-07,51.79999923706055,35.861846923828125
2016-09-08,51.349998474121094,35.55030822753906
2016-09-09,49.630001068115234,34.35953140258789
2016-09-12,50.09000015258789,34.67799758911133
2016-09-13,48.88999938964844,33.84721374511719
2016-09-14,48.939998626708984,33.881832122802734
2016-09-15,49.15999984741211,34.034149169921875
2016-09-16,48.61000061035156,33.919700622558594
2016-09-19,48.9900016784668,34.18486785888672
2016-09-20,49.04999923706055,34.22673416137695
2016-09-21,49.630001068115234,34.6314582824707
2016-09-22,50.36000061035156,35.14085388183594
2016-09-23,50.369998931884766,35.14780807495117
2016-09-26,50.45000076293945,35.203643798828125
2016-09-27,50.22999954223633,35.05013656616211
2016-09-28,50.56999969482422,35.287376403808594
2016-09-29,49.81999969482422,34.7640380859375
2016-09-30,49.81999969482422,34.7640380859375
2016-10-03,49.13999938964844,34.28953170776367
2016-10-04,48.459999084472656,33.81503677368164
2016-10-05,47.619998931884766,33.2288818359375
2016-10-06,47.45000076293945,33.11026382446289
2016-10-07,47.220001220703125,32.94977951049805
2016-10-10,47.380001068115234,33.06142044067383
2016-10-11,46.77000045776367,32.63576126098633
2016-10-12,47.040000915527344,32.82416534423828
2016-10-13,47.400001525878906,33.075374603271484
2016-10-14,47.279998779296875,32.99164962768555
2016-10-17,47.22999954223633,32.95675277709961
2016-10-18,47.56999969482422,33.19400405883789
2016-10-19,47.810001373291016,33.36146545410156
2016-10-20,47.790000915527344,33.34751892089844
2016-10-21,47.560001373291016,33.1870231628418
2016-10-24,47.709999084472656,33.291683197021484
2016-10-25,47.66999816894531,33.26377868652344
2016-10-26,47.13999938964844,32.893951416015625
2016-10-27,46.16999816894531,32.21709442138672
2016-10-28,46.189998626708984,32.231040954589844
2016-10-31,46.77000045776367,32.63576126098633
2016-11-01,46.029998779296875,32.11939239501953
2016-11-02,45.65999984741211,31.861215591430664
2016-11-03,45.59000015258789,31.81236457824707
2016-11-04,45.70000076293945,31.88912582397461
2016-11-07,46.22999954223633,32.25896072387695
2016-11-08,46.560001373291016,32.489227294921875
2016-11-09,45.939998626708984,32.05659866333008
2016-11-10,45.099998474121094,31.470447540283203
2016-11-11,45.150001525878906,31.505340576171875
2016-11-14,45.66999816894531,31.868188858032227
2016-11-15,45.43000030517578,31.700729370117188
2016-11-16,45.119998931884766,31.48440933227539
2016-11-17,45.06999969482422,31.44951629638672
2016-11-18,44.95000076293945,31.36577796936035
2016-11-21,44.939998626708984,31.35880470275879
2016-11-22,45.45000076293945,31.714685440063477
2016-11-23,45.349998474121094,31.644901275634766
2016-11-25,45.5,31.749561309814453
2016-11-28,45.7400016784668,31.917034149169922
2016-11-29,46.06999969482422,32.14729690551758
2016-11-30,45.84000015258789,31.986814498901367
2016-12-01,45.130001068115234,31.491384506225586
2016-12-02,45.56999969482422,31.798404693603516
2016-12-05,45.93000030517578,32.04962158203125
2016-12-06,46.18000030517578,32.22407150268555
2016-12-07,47.099998474121094,32.866031646728516
2016-12-08,47.27000045776367,32.984657287597656
2016-12-09,47.209999084472656,32.94279861450195
2016-12-12,47.290000915527344,32.99862289428711
2016-12-13,47.5,33.14514923095703
2016-12-14,46.540000915527344,32.475276947021484
2016-12-15,46.119998931884766,32.18220901489258
2016-12-16,46.0,32.5501594543457
2016-12-19,46.290000915527344,32.75537109375
2016-12-20,46.40999984741211,32.84029006958008
2016-12-21,46.0,32.5501594543457
2016-12-22,45.88999938964844,32.472320556640625
2016-12-23,46.02000045776367,32.56431198120117
2016-12-27,45.9900016784668,32.543087005615234
2016-12-28,45.720001220703125,32.35203170776367
2016-12-29,46.310001373291016,32.76953125
2016-12-30,46.86000061035156,33.158695220947266
2017-01-03,46.93000030517578,33.208248138427734
2017-01-04,47.58000183105469,33.668190002441406
2017-01-05,47.869998931884766,33.87338638305664
2017-01-06,47.880001068115234,33.88047790527344
2017-01-09,47.52000045776367,33.62572479248047
2017-01-10,47.20000076293945,33.3992919921875
2017-01-11,46.90999984741211,33.19408416748047
2017-01-12,47.0,33.257774353027344
2017-01-13,46.91999816894531,33.20115661621094
2017-01-17,47.15999984741211,33.371002197265625
2017-01-18,47.220001220703125,33.41344451904297
2017-01-19,46.7400016784668,33.07380294799805
2017-01-20,47.060001373291016,33.300228118896484
2017-01-23,47.439998626708984,33.569114685058594
2017-01-24,47.40999984741211,33.54789352416992
2017-01-25,47.18000030517578,33.38514709472656
2017-01-26,47.06999969482422,33.30729675292969
2017-01-27,46.689998626708984,33.038414001464844
2017-01-30,46.54999923706055,32.93933868408203
2017-01-31,46.939998626708984,33.215309143066406
2017-02-01,46.56999969482422,32.9534912109375
2017-02-02,46.880001068115234,33.172855377197266
2017-02-03,47.16999816894531,33.37805938720703
2017-02-06,47.04999923706055,33.29314422607422
2017-02-07,46.97999954223633,33.243621826171875
2017-02-08,47.34000015258789,33.498355865478516
2017-02-09,47.439998626708984,33.569114685058594
2017-02-10,47.689998626708984,33.74601745605469
2017-02-13,47.59000015258789,33.675262451171875
2017-02-14,47.45000076293945,33.57620620727539
2017-02-15,47.380001068115234,33.52666473388672
2017-02-16,47.619998931884766,33.69648361206055
2017-02-17,47.68000030517578,33.73894500732422
2017-02-21,48.08000183105469,34.02199935913086
2017-02-22,47.95000076293945,33.93000411987305
2017-02-23,48.209999084472656,34.113983154296875
2017-02-24,48.290000915527344,34.17058181762695
2017-02-27,48.349998474121094,34.213043212890625
2017-02-28,48.189998626708984,34.09983444213867
2017-03-01,48.11000061035156,34.043216705322266
2017-03-02,47.720001220703125,33.767250061035156
2017-03-03,47.689998626708984,33.74601745605469
2017-03-06,47.52000045776367,33.62572479248047
2017-03-07,47.27000045776367,33.44881820678711
2017-03-08,46.689998626708984,33.038414001464844
2017-03-09,46.11000061035156,32.627994537353516
2017-03-10,45.9900016784668,32.543087005615234
2017-03-13,46.060001373291016,32.592613220214844
2017-03-14,45.849998474121094,32.44401931762695
2017-03-15,46.77000045776367,33.09501647949219
2017-03-16,46.959999084472656,33.229461669921875
2017-03-17,46.84000015258789,33.326942443847656
2017-03-20,46.81999969482422,33.31270980834961
2017-03-21,46.61000061035156,33.16329574584961
2017-03-22,46.59000015258789,33.14906692504883
2017-03-23,46.88999938964844,33.362518310546875
2017-03-24,46.93000030517578,33.3909797668457
2017-03-27,46.630001068115234,33.177528381347656
2017-03-28,46.77000045776367,33.27713394165039
2017-03-29,46.88999938964844,33.362518310546875
2017-03-30,46.849998474121094,33.33405303955078
2017-03-31,47.08000183105469,33.49769973754883
2017-04-03,47.2599983215332,33.625770568847656
2017-04-04,47.2400016784668,33.61154556274414
2017-04-05,47.29999923706055,33.65422821044922
2017-04-06,47.599998474121094,33.8676872253418
2017-04-07,47.59000015258789,33.860572814941406
2017-04-10,47.70000076293945,33.938846588134766
2017-04-11,48.09000015258789,34.21632766723633
2017-04-12,48.13999938964844,34.251895904541016
2017-04-13,47.9900016784668,34.14516830444336
2017-04-17,48.560001373291016,34.550743103027344
2017-04-18,48.630001068115234,34.60054016113281
2017-04-19,48.439998626708984,34.465354919433594
2017-04-20,48.470001220703125,34.4866943359375
2017-04-21,48.31999969482422,34.379966735839844
2017-04-24,48.040000915527344,34.18074035644531
2017-04-25,48.29999923706055,34.3657341003418
2017-04-26,47.95000076293945,34.1167106628418
2017-04-27,47.849998474121094,34.045562744140625
2017-04-28,47.36000061035156,33.69692611694336
2017-05-01,47.65999984741211,33.91036605834961
2017-05-02,47.810001373291016,34.01710891723633
2017-05-03,47.29999923706055,33.65422821044922
2017-05-04,47.290000915527344,33.64712142944336
2017-05-05,47.59000015258789,33.860572814941406
2017-05-08,47.33000183105469,33.67557907104492
2017-05-09,47.20000076293945,33.58308410644531
2017-05-10,47.459999084472656,33.76808547973633
2017-05-11,47.34000015258789,33.682701110839844
2017-05-12,47.20000076293945,33.58308410644531
2017-05-15,47.349998474121094,33.6898078918457
2017-05-16,47.16999816894531,33.561737060546875
2017-05-17,47.27000045776367,33.63288497924805
2017-05-18,47.40999984741211,33.732513427734375
2017-05-19,47.619998931884766,33.88190841674805
2017-05-22,47.779998779296875,33.99576187133789
2017-05-23,47.720001220703125,33.953067779541016
2017-05-24,48.08000183105469,34.20921325683594
2017-05-25,48.04999923706055,34.1878662109375
2017-05-26,47.79999923706055,34.00997543334961
2017-05-30,47.599998474121094,33.8676872253418
2017-05-31,47.72999954223633,33.96017837524414
2017-06-01,48.02000045776367,34.16650390625
2017-06-02,48.40999984741211,34.44400405883789
2017-06-05,48.310001373291016,34.37286376953125
2017-06-06,48.09000015258789,34.21632766723633
2017-06-07,48.38999938964844,34.429779052734375
2017-06-08,48.2400016784668,34.32304763793945
2017-06-09,48.369998931884766,34.41554641723633
2017-06-12,48.619998931884766,34.593414306640625
2017-06-13,48.900001525878906,34.79264831542969
2017-06-14,49.029998779296875,34.88513946533203
2017-06-15,49.060001373291016,34.906494140625
2017-06-16,48.70000076293945,34.94524383544922
2017-06-19,48.63999938964844,34.90217971801758
2017-06-20,48.27000045776367,34.636680603027344
2017-06-21,48.15999984741211,34.55775451660156
2017-06-22,48.13999938964844,34.54341125488281
2017-06-23,48.29999923706055,34.658203125
2017-06-26,48.41999816894531,34.744319915771484
2017-06-27,48.08000183105469,34.50033950805664
2017-06-28,48.099998474121094,34.51469421386719
2017-06-29,47.81999969482422,34.31378936767578
2017-06-30,47.689998626708984,34.220497131347656
2017-07-03,48.02000045776367,34.4572868347168
2017-07-05,47.4900016784668,34.07698440551758
2017-07-06,46.88999938964844,33.64645004272461
2017-07-07,47.0099983215332,33.73255920410156
2017-07-10,46.7400016784668,33.5388069152832
2017-07-11,46.59000015258789,33.43118667602539
2017-07-12,46.95000076293945,33.68950271606445
2017-07-13,47.16999816894531,33.84736251831055
2017-07-14,47.630001068115234,34.17744445800781
2017-07-17,47.83000183105469,34.32095718383789
2017-07-18,47.93000030517578,34.39271545410156
2017-07-19,48.29999923706055,34.658203125
2017-07-20,48.2400016784668,34.61515426635742
2017-07-21,48.25,34.6223258972168
2017-07-24,48.209999084472656,34.593631744384766
2017-07-25,48.20000076293945,34.58646011352539
2017-07-26,48.47999954223633,34.78737258911133
2017-07-27,48.56999969482422,34.85194778442383
2017-07-28,48.540000915527344,34.83042526245117
2017-07-31,48.529998779296875,34.8232421875
2017-08-01,48.779998779296875,35.002628326416016
2017-08-02,48.4900016784668,34.79453659057617
2017-08-03,48.41999816894531,34.744319915771484
2017-08-04,48.529998779296875,34.8232421875
2017-08-07,48.45000076293945,34.765838623046875
2017-08-08,48.22999954223633,34.60797882080078
2017-08-09,48.130001068115234,34.536224365234375
2017-08-10,47.72999954223633,34.24919891357422
2017-08-11,47.5,34.084171295166016
2017-08-14,48.130001068115234,34.536224365234375
2017-08-15,47.93000030517578,34.39271545410156
2017-08-16,48.13999938964844,34.54341125488281
2017-08-17,47.83000183105469,34.32095718383789
2017-08-18,47.650001525878906,34.19179916381836
2017-08-21,47.959999084472656,34.414241790771484
2017-08-22,47.88999938964844,34.364017486572266
2017-08-23,48.150001525878906,34.55057144165039
2017-08-24,47.939998626708984,34.39989471435547
2017-08-25,48.08000183105469,34.50033950805664
2017-08-28,47.83000183105469,34.32095718383789
2017-08-29,47.779998779296875,34.28506851196289
2017-08-30,47.939998626708984,34.39989471435547
2017-08-31,48.25,34.6223258972168
2017-09-01,48.349998474121094,34.694087982177734
2017-09-05,48.20000076293945,34.58646011352539
2017-09-06,48.36000061035156,34.70126724243164
2017-09-07,48.790000915527344,35.00981521606445
2017-09-08,48.790000915527344,35.00981521606445
2017-09-11,48.9900016784668,35.153324127197266
2017-09-12,48.59000015258789,34.86629104614258
2017-09-13,48.400001525878906,34.72996139526367
2017-09-14,48.7400016784668,34.973934173583984
2017-09-15,48.470001220703125,35.060020446777344
2017-09-18,48.2400016784668,34.893646240234375
2017-09-19,47.959999084472656,34.69112014770508
2017-09-20,47.869998931884766,34.626014709472656
2017-09-21,47.650001525878906,34.466880798339844
2017-09-22,47.540000915527344,34.387306213378906
2017-09-25,47.65999984741211,34.47410583496094
2017-09-26,47.709999084472656,34.51028060913086
2017-09-27,47.279998779296875,34.19925308227539
2017-09-28,47.560001373291016,34.40177917480469
2017-09-29,47.7599983215332,34.54644775390625
2017-10-02,47.599998474121094,34.430702209472656
2017-10-03,47.56999969482422,34.40901184082031
2017-10-04,47.720001220703125,34.51750946044922
2017-10-05,47.79999923706055,34.57537841796875
2017-10-06,47.66999816894531,34.48134231567383
2017-10-09,47.75,34.539207458496094
2017-10-10,47.97999954223633,34.70558166503906
2017-10-11,48.189998626708984,34.85749053955078
2017-10-12,48.380001068115234,34.99491882324219
2017-10-13,48.54999923706055,35.11787796020508
2017-10-16,48.34000015258789,34.96597671508789
2017-10-17,48.38999938964844,35.00215148925781
2017-10-18,48.400001525878906,35.009376525878906
2017-10-19,48.20000076293945,34.86471176147461
2017-10-20,47.970001220703125,34.69833755493164
2017-10-23,47.689998626708984,34.49581527709961
2017-10-24,47.560001373291016,34.40177917480469
2017-10-25,47.279998779296875,34.19925308227539
2017-10-26,47.119998931884766,34.0835075378418
2017-10-27,47.2400016784668,34.1702995300293
2017-10-30,47.22999954223633,34.1630744934082
2017-10-31,47.33000183105469,34.235408782958984
2017-11-01,47.40999984741211,34.29328155517578
2017-11-02,47.66999816894531,34.48134231567383
2017-11-03,47.63999938964844,34.45965576171875
2017-11-06,47.779998779296875,34.56090545654297
2017-11-07,48.040000915527344,34.74898147583008
2017-11-08,48.349998474121094,34.97321701049805
2017-11-09,48.47999954223633,35.06725311279297
2017-11-10,48.5,35.08171081542969
2017-11-13,48.54999923706055,35.11787796020508
2017-11-14,48.5,35.08171081542969
2017-11-15,48.15999984741211,34.835784912109375
2017-11-16,48.59000015258789,35.14680862426758
2017-11-17,48.45000076293945,35.0455436706543
2017-11-20,48.400001525878906,35.009376525878906
2017-11-21,48.72999954223633,35.248077392578125
2017-11-22,48.650001525878906,35.19021987915039
2017-11-24,48.83000183105469,35.320411682128906
2017-11-27,48.65999984741211,35.19744110107422
2017-11-28,48.599998474121094,35.15404510498047
2017-11-29,48.56999969482422,35.132347106933594
2017-11-30,48.7400016784668,35.255306243896484
2017-12-01,48.790000915527344,35.29147720336914
2017-12-04,48.630001068115234,35.17573928833008
2017-12-05,48.45000076293945,35.0455436706543
2017-12-06,48.41999816894531,35.023841857910156
2017-12-07,48.45000076293945,35.0455436706543
2017-12-08,48.7400016784668,35.255306243896484
2017-12-11,48.72999954223633,35.248077392578125
2017-12-12,48.97999954223633,35.42890930175781
2017-12-13,49.16999816894531,35.56633758544922
2017-12-14,49.130001068115234,35.537418365478516
2017-12-15,48.86000061035156,35.72901153564453
2017-12-18,49.25,36.014190673828125
2017-12-19,48.4900016784668,35.45844268798828
2017-12-20,48.09000015258789,35.165931701660156
2017-12-21,47.939998626708984,35.05625915527344
2017-12-22,48.15999984741211,35.217124938964844
2017-12-26,48.4900016784668,35.45844268798828
2017-12-27,48.66999816894531,35.590057373046875
2017-12-28,48.88999938964844,35.75093460083008
2017-12-29,48.880001068115234,35.74363327026367
2018-01-02,48.810001373291016,35.69243621826172
2018-01-03,48.970001220703125,35.80944061279297
2018-01-04,48.349998474121094,35.35606384277344
2018-01-05,48.45000076293945,35.4291877746582
2018-01-08,48.61000061035156,35.54618453979492
2018-01-09,48.25,35.282936096191406
2018-01-10,47.790000915527344,34.94656753540039
2018-01-11,47.709999084472656,34.8880615234375
2018-01-12,47.59000015258789,34.800315856933594
2018-01-16,47.65999984741211,34.85149002075195
2018-01-17,48.06999969482422,35.151309967041016
2018-01-18,47.709999084472656,34.8880615234375
2018-01-19,47.869998931884766,35.00506591796875
2018-01-22,48.22999954223633,35.268310546875
2018-01-23,48.75,35.64856719970703
2018-01-24,48.709999084472656,35.61930465698242
2018-01-25,48.560001373291016,35.50962448120117
2018-01-26,48.70000076293945,35.61201477050781
2018-01-29,48.040000915527344,35.12937545776367
2018-01-30,47.720001220703125,34.8953742980957
2018-01-31,48.369998931884766,35.37069320678711
2018-02-01,47.560001373291016,34.77837371826172
2018-02-02,46.900001525878906,34.29574203491211
2018-02-05,45.380001068115234,33.18425369262695
2018-02-06,45.709999084472656,33.4255485534668
2018-02-07,45.31999969482422,33.1403694152832
2018-02-08,44.25,32.357933044433594
2018-02-09,45.0099983215332,32.9136848449707
2018-02-12,45.16999816894531,33.03068542480469
2018-02-13,45.40999984741211,33.2061767578125
2018-02-14,45.36000061035156,33.16961669921875
2018-02-15,45.790000915527344,33.48405838012695
2018-02-16,46.099998474121094,33.71074676513672
2018-02-20,45.63999938964844,33.37437438964844
2018-02-21,45.0,32.9063720703125
2018-02-22,45.369998931884766,33.17692565917969
2018-02-23,46.029998779296875,33.6595573425293
2018-02-26,46.29999923706055,33.856998443603516
2018-02-27,45.20000076293945,33.0526237487793
2018-02-28,45.099998474121094,32.9794807434082
2018-03-01,45.11000061035156,32.98680114746094
2018-03-02,45.310001373291016,33.133052825927734
2018-03-05,45.56999969482422,33.32318115234375
2018-03-06,45.650001525878906,33.38168716430664
2018-03-07,45.959999084472656,33.60836410522461
2018-03-08,46.060001373291016,33.68149948120117
2018-03-09,46.2599983215332,33.82774353027344
2018-03-12,46.310001373291016,33.864315032958984
2018-03-13,46.22999954223633,33.805809020996094
2018-03-14,46.369998931884766,33.9081916809082
2018-03-15,46.349998474121094,33.893550872802734
2018-03-16,46.2599983215332,34.00381851196289
2018-03-19,46.099998474121094,33.88621139526367
2018-03-20,45.959999084472656,33.78329849243164
2018-03-21,45.849998474121094,33.70243835449219
2018-03-22,45.470001220703125,33.423118591308594
2018-03-23,44.84000015258789,32.96003723144531
2018-03-26,45.369998931884766,33.34961700439453
2018-03-27,45.2599983215332,33.26875305175781
2018-03-28,46.15999984741211,33.93030548095703
2018-03-29,46.27000045776367,34.011173248291016
2018-04-02,45.70000076293945,33.59218978881836
2018-04-03,46.060001373291016,33.856807708740234
2018-04-04,46.599998474121094,34.25373840332031
2018-04-05,46.4900016784668,34.172882080078125
2018-04-06,46.209999084472656,33.967071533203125
2018-04-09,46.22999954223633,33.98176574707031
2018-04-10,46.38999938964844,34.0993766784668
2018-04-11,46.369998931884766,34.08467102050781
2018-04-12,46.130001068115234,33.90825653076172
2018-04-13,46.29999923706055,34.0332145690918
2018-04-16,46.369998931884766,34.08467102050781
2018-04-17,46.849998474121094,34.437496185302734
2018-04-18,46.849998474121094,34.437496185302734
2018-04-19,46.279998779296875,34.01852035522461
2018-04-20,45.97999954223633,33.79800033569336
2018-04-23,45.869998931884766,33.71714782714844
2018-04-24,45.959999084472656,33.78329849243164
2018-04-25,45.79999923706055,33.665687561035156
2018-04-26,46.369998931884766,34.08467102050781
2018-04-27,47.04999923706055,34.584510803222656
2018-04-30,47.0,34.547760009765625
2018-05-01,47.27000045776367,34.74623107910156
2018-05-02,46.91999816894531,34.48894500732422
2018-05-03,47.029998779296875,34.5698127746582
2018-05-04,47.25,34.73151779174805
2018-05-07,47.5099983215332,34.92264175415039
2018-05-08,47.349998474121094,34.805023193359375
2018-05-09,47.58000183105469,34.97409439086914
2018-05-10,47.84000015258789,35.16520309448242
2018-05-11,47.779998779296875,35.12110900878906
2018-05-14,47.619998931884766,35.003501892089844
2018-05-15,46.790000915527344,34.39339065551758
2018-05-16,46.619998931884766,34.268436431884766
2018-05-17,46.38999938964844,34.0993766784668
2018-05-18,46.400001525878906,34.10673141479492
2018-05-21,46.79999923706055,34.4007453918457
2018-05-22,46.97999954223633,34.53306579589844
2018-05-23,47.22999954223633,34.716819763183594
2018-05-24,47.22999954223633,34.716819763183594
2018-05-25,47.310001373291016,34.7756233215332
2018-05-29,47.2400016784668,34.72417068481445
2018-05-30,47.86000061035156,35.179908752441406
2018-05-31,47.720001220703125,35.077003479003906
2018-06-01,47.83000183105469,35.157859802246094
2018-06-04,48.279998779296875,35.4886360168457
2018-06-05,48.209999084472656,35.43717956542969
2018-06-06,48.36000061035156,35.547454833984375
2018-06-07,48.2599983215332,35.473934173583984
2018-06-08,48.380001068115234,35.56214904785156
2018-06-11,48.27000045776367,35.48127746582031
2018-06-12,48.31999969482422,35.51804733276367
2018-06-13,47.790000915527344,35.12846374511719
2018-06-14,47.970001220703125,35.26076889038086
2018-06-15,47.33000183105469,35.16938018798828
2018-06-18,47.279998779296875,35.13222122192383
2018-06-19,47.189998626708984,35.06534194946289
2018-06-20,47.540000915527344,35.325416564941406
2018-06-21,47.599998474121094,35.3699951171875
2018-06-22,48.02000045776367,35.68208312988281
2018-06-25,47.880001068115234,35.57805633544922
2018-06-26,47.91999816894531,35.6077766418457
2018-06-27,47.540000915527344,35.325416564941406
2018-06-28,47.900001525878906,35.59291458129883
2018-06-29,48.11000061035156,35.74897003173828
2018-07-02,47.790000915527344,35.51118469238281
2018-07-03,48.119998931884766,35.75639343261719
2018-07-05,48.619998931884766,36.127925872802734
2018-07-06,48.869998931884766,36.313690185546875
2018-07-09,48.7400016784668,36.21710205078125
2018-07-10,48.65999984741211,36.157649993896484
2018-07-11,48.310001373291016,35.89757537841797
2018-07-12,48.5,36.038753509521484
2018-07-13,48.41999816894531,35.979312896728516
2018-07-16,48.25,35.852989196777344
2018-07-17,47.9900016784668,35.65979766845703
2018-07-18,47.91999816894531,35.6077766418457
2018-07-19,48.11000061035156,35.74897003173828
2018-07-20,48.040000915527344,35.69694900512695
2018-07-23,47.93000030517578,35.61520767211914
2018-07-24,47.880001068115234,35.57805633544922
2018-07-25,48.25,35.852989196777344
2018-07-26,48.13999938964844,35.7712516784668
2018-07-27,47.86000061035156,35.56319808959961
2018-07-30,47.959999084472656,35.63750457763672
2018-07-31,48.5,36.038753509521484
2018-08-01,48.619998931884766,36.127925872802734
2018-08-02,48.41999816894531,35.979312896728516
2018-08-03,48.83000183105469,36.28396987915039
2018-08-06,48.70000076293945,36.18736267089844
2018-08-07,48.650001525878906,36.15021514892578
2018-08-08,48.630001068115234,36.135353088378906
2018-08-09,48.4900016784668,36.03133773803711
2018-08-10,47.880001068115234,35.57805633544922
2018-08-13,47.880001068115234,35.57805633544922
2018-08-14,47.939998626708984,35.62263870239258
2018-08-15,48.18000030517578,35.80097198486328
2018-08-16,48.5099983215332,36.04618453979492
2018-08-17,48.880001068115234,36.32111358642578
2018-08-20,49.060001373291016,36.45487976074219
2018-08-21,48.88999938964844,36.32854461669922
2018-08-22,48.72999954223633,36.20966339111328
2018-08-23,48.56999969482422,36.090782165527344
2018-08-24,48.869998931884766,36.313690185546875
2018-08-27,48.939998626708984,36.3657112121582
2018-08-28,49.36000061035156,36.67778778076172
2018-08-29,49.36000061035156,36.67778778076172
2018-08-30,49.04999923706055,36.447452545166016
2018-08-31,49.09000015258789,36.47716522216797
2018-09-04,48.5,36.038753509521484
2018-09-05,48.7400016784668,36.21710205078125
2018-09-06,48.790000915527344,36.25425338745117
2018-09-07,48.34000015258789,35.91987228393555
2018-09-10,48.41999816894531,35.979312896728516
2018-09-11,48.540000915527344,36.0684928894043
2018-09-12,48.619998931884766,36.127925872802734
2018-09-13,48.84000015258789,36.291404724121094
2018-09-14,48.529998779296875,36.06105422973633
2018-09-17,48.75,36.224517822265625
2018-09-18,48.66999816894531,36.16508102416992
2018-09-19,48.310001373291016,35.89757537841797
2018-09-20,48.65999984741211,36.157649993896484
2018-09-21,48.58000183105469,36.098201751708984
2018-09-24,47.34000015258789,35.53300094604492
2018-09-25,47.40999984741211,35.58555603027344
2018-09-26,47.22999954223633,35.45044708251953
2018-09-27,47.20000076293945,35.42792892456055
2018-09-28,47.56999969482422,35.705650329589844
2018-10-01,47.310001373291016,35.510494232177734
2018-10-02,47.02000045776367,35.29281997680664
2018-10-03,46.58000183105469,34.96256637573242
2018-10-04,46.0,34.5272216796875
2018-10-05,45.939998626708984,34.482181549072266
2018-10-08,46.439998626708984,34.857479095458984
2018-10-09,46.709999084472656,35.060142517089844
2018-10-10,45.959999084472656,34.497188568115234
2018-10-11,45.08000183105469,33.8366813659668
2018-10-12,45.0099983215332,33.78413772583008
2018-10-15,45.119998931884766,33.866695404052734
2018-10-16,45.97999954223633,34.51219177246094
2018-10-17,45.91999816894531,34.467159271240234
2018-10-18,45.79999923706055,34.37710189819336
2018-10-19,46.099998474121094,34.60227584838867
2018-10-22,45.599998474121094,34.22697830200195
2018-10-23,45.689998626708984,34.29454040527344
2018-10-24,45.560001373291016,34.19694900512695
2018-10-25,46.2599983215332,34.72237777709961
2018-10-26,45.66999816894531,34.27952575683594
2018-10-29,46.099998474121094,34.60227584838867
2018-10-30,46.36000061035156,34.79743576049805
2018-10-31,45.939998626708984,34.482181549072266
2018-11-01,46.220001220703125,34.69234085083008
2018-11-02,45.7599983215332,34.34707260131836
2018-11-05,46.279998779296875,34.73738479614258
2018-11-06,46.4900016784668,34.89500427246094
2018-11-07,47.27000045776367,35.4804801940918
2018-11-08,47.04999923706055,35.315345764160156
2018-11-09,47.099998474121094,35.35286331176758
2018-11-12,46.900001525878906,35.20275115966797
2018-11-13,47.16999816894531,35.40541458129883
2018-11-14,47.150001525878906,35.39038848876953
2018-11-15,46.72999954223633,35.07514572143555
2018-11-16,47.15999984741211,35.39790725708008
2018-11-19,47.15999984741211,35.39790725708008
2018-11-20,46.709999084472656,35.060142517089844
2018-11-21,46.939998626708984,35.23276901245117
2018-11-23,46.869998931884766,35.180240631103516
2018-11-26,47.029998779296875,35.300323486328125
2018-11-27,47.20000076293945,35.42792892456055
2018-11-28,47.72999954223633,35.825740814208984
2018-11-29,47.41999816894531,35.59305953979492
2018-11-30,47.58000183105469,35.71315002441406
2018-12-03,47.79999923706055,35.8782844543457
2018-12-04,47.15999984741211,35.39790725708008
2018-12-06,48.150001525878906,36.14098358154297
2018-12-07,47.68000030517578,35.788211822509766
2018-12-10,47.31999969482422,35.518001556396484
2018-12-11,47.29999923706055,35.502986907958984
2018-12-12,46.81999969482422,35.14270782470703
2018-12-13,46.9900016784668,35.27029800415039
2018-12-14,46.88999938964844,35.19524383544922
2018-12-17,45.68000030517578,34.28702163696289
2018-12-18,45.93000030517578,34.47467041015625
2018-12-19,45.54999923706055,34.189456939697266
2018-12-20,45.2599983215332,33.97178268432617
2018-12-21,44.540000915527344,33.43136215209961
2018-12-24,42.86000061035156,32.523040771484375
2018-12-26,44.099998474121094,33.4639778137207
2018-12-27,44.040000915527344,33.41844940185547
2018-12-28,44.189998626708984,33.53227233886719
2018-12-31,44.2599983215332,33.585384368896484
2019-01-02,43.529998779296875,33.031455993652344
2019-01-03,43.72999954223633,33.18321228027344
2019-01-04,44.349998474121094,33.6536865234375
2019-01-07,44.689998626708984,33.91168212890625
2019-01-08,45.43000030517578,34.47321701049805
2019-01-09,45.540000915527344,34.55668640136719
2019-01-10,46.0,34.9057502746582
2019-01-11,46.08000183105469,34.9664421081543
2019-01-14,45.9900016784668,34.89815902709961
2019-01-15,46.22999954223633,35.080265045166016
2019-01-16,46.5,35.28514099121094
2019-01-17,46.68000030517578,35.42173385620117
2019-01-18,46.869998931884766,35.56591796875
2019-01-22,46.56999969482422,35.33826446533203
2019-01-23,46.79999923706055,35.51279830932617
2019-01-24,46.95000076293945,35.62662124633789
2019-01-25,47.560001373291016,36.089508056640625
2019-01-28,47.900001525878906,36.34749984741211
2019-01-29,48.310001373291016,36.65861892700195
2019-01-30,48.75,36.99251174926758
2019-01-31,48.86000061035156,37.07597732543945
2019-02-01,48.650001525878906,36.916603088378906
2019-02-04,48.900001525878906,37.106327056884766
2019-02-05,49.09000015258789,37.250492095947266
2019-02-06,48.86000061035156,37.07597732543945
2019-02-07,49.0099983215332,37.189781188964844
2019-02-08,48.970001220703125,37.15943908691406
2019-02-11,48.97999954223633,37.16703414916992
2019-02-12,48.810001373291016,37.038028717041016
2019-02-13,48.810001373291016,37.038028717041016
2019-02-14,48.689998626708984,36.946956634521484
2019-02-15,49.04999923706055,37.22015380859375
2019-02-19,49.189998626708984,37.32636642456055
2019-02-20,48.900001525878906,37.106327056884766
2019-02-21,48.93000030517578,37.129085540771484
2019-02-22,49.2599983215332,37.37948989868164
2019-02-25,49.099998474121094,37.25809097290039
2019-02-26,49.099998474121094,37.25809097290039
2019-02-27,48.90999984741211,37.11391067504883
2019-02-28,48.88999938964844,37.098716735839844
2019-03-01,48.790000915527344,37.022857666015625
2019-03-04,48.75,36.99251174926758
2019-03-05,49.02000045776367,37.1973762512207
2019-03-06,48.810001373291016,37.038028717041016
2019-03-07,48.689998626708984,36.946956634521484
2019-03-08,48.779998779296875,37.01525115966797
2019-03-11,49.2599983215332,37.37948989868164
2019-03-12,49.4900016784668,37.55402755737305
2019-03-13,49.72999954223633,37.73614501953125
2019-03-14,49.72999954223633,37.73614501953125
2019-03-15,49.72999954223633,37.73614501953125
2019-03-18,49.31999969482422,37.60424041748047
2019-03-19,49.27000045776367,37.56612014770508
2019-03-20,49.41999816894531,37.680477142333984
2019-03-21,49.93000030517578,38.0693244934082
2019-03-22,49.529998779296875,37.76435852050781
2019-03-25,49.689998626708984,37.88634490966797
2019-03-26,50.040000915527344,38.1532096862793
2019-03-27,49.939998626708984,38.07695007324219
2019-03-28,50.2599983215332,38.320945739746094
2019-03-29,50.029998779296875,38.14558029174805
2019-04-01,50.20000076293945,38.27519226074219
2019-04-02,50.310001373291016,38.359066009521484
2019-04-03,50.34000015258789,38.381954193115234
2019-04-04,50.209999084472656,38.28281784057617
2019-04-05,50.18000030517578,38.25994110107422
2019-04-08,50.02000045776367,38.137962341308594
2019-04-09,49.689998626708984,37.88634490966797
2019-04-10,50.189998626708984,38.26757049560547
2019-04-11,50.060001373291016,38.168453216552734
2019-04-12,50.349998474121094,38.38957214355469
2019-04-15,50.040000915527344,38.1532096862793
2019-04-16,49.349998474121094,37.627105712890625
2019-04-17,49.0099983215332,37.367881774902344
2019-04-18,49.310001373291016,37.596614837646484
2019-04-22,48.84000015258789,37.23826599121094
2019-04-23,49.29999923706055,37.588985443115234
2019-04-24,49.540000915527344,37.771976470947266
2019-04-25,49.59000015258789,37.81010055541992
2019-04-26,49.84000015258789,38.00071716308594
2019-04-29,49.4900016784668,37.733856201171875
2019-04-30,49.63999938964844,37.84822463989258
2019-05-01,49.790000915527344,37.962589263916016
2019-05-02,49.779998779296875,37.9549560546875
2019-05-03,50.209999084472656,38.28281784057617
2019-05-06,50.0099983215332,38.130332946777344
2019-05-07,49.34000015258789,37.6194953918457
2019-05-08,49.13999938964844,37.46699523925781
2019-05-09,49.310001373291016,37.596614837646484
2019-05-10,49.75,37.93208694458008
2019-05-13,49.619998931884766,37.832984924316406
2019-05-14,49.70000076293945,37.893978118896484
2019-05-15,50.060001373291016,38.168453216552734
2019-05-16,50.20000076293945,38.27519226074219
2019-05-17,50.08000183105469,38.18370056152344
2019-05-20,49.83000183105469,37.99309158325195
2019-05-21,50.099998474121094,38.19894790649414
2019-05-22,49.970001220703125,38.09983825683594
2019-05-23,50.040000915527344,38.1532096862793
2019-05-24,50.220001220703125,38.290443420410156
2019-05-28,49.720001220703125,37.909217834472656
2019-05-29,49.29999923706055,37.588985443115234
2019-05-30,49.31999969482422,37.60424041748047
2019-05-31,49.47999954223633,37.72623062133789
2019-06-03,49.540000915527344,37.771976470947266
2019-06-04,49.619998931884766,37.832984924316406
2019-06-05,50.189998626708984,38.26757049560547
2019-06-06,50.279998779296875,38.3361930847168
2019-06-07,50.43000030517578,38.45056915283203
2019-06-10,50.47999954223633,38.48868179321289
2019-06-11,50.470001220703125,38.4810676574707
2019-06-12,50.349998474121094,38.38957214355469
2019-06-13,50.720001220703125,38.67167663574219
2019-06-14,50.540000915527344,38.534427642822266
2019-06-17,50.77000045776367,38.709800720214844
2019-06-18,50.970001220703125,38.86228942871094
2019-06-19,51.220001220703125,39.05290222167969
2019-06-20,51.47999954223633,39.251136779785156
2019-06-21,51.02000045776367,38.90040588378906
2019-06-24,50.2599983215332,38.67570877075195
2019-06-25,50.040000915527344,38.50642013549805
2019-06-26,49.40999984741211,38.021629333496094
2019-06-27,49.63999938964844,38.198612213134766
2019-06-28,49.900001525878906,38.398685455322266
2019-07-01,49.95000076293945,38.437164306640625
2019-07-02,50.40999984741211,38.791141510009766
2019-07-03,51.060001373291016,39.29132843017578
2019-07-05,50.9900016784668,39.23745346069336
2019-07-08,51.0,39.24515151977539
2019-07-09,51.20000076293945,39.39905548095703
2019-07-10,51.439998626708984,39.58373260498047
2019-07-11,50.95000076293945,39.2066764831543
2019-07-12,51.02000045776367,39.260536193847656
2019-07-15,50.95000076293945,39.2066764831543
2019-07-16,50.779998779296875,39.07586669921875
2019-07-17,50.77000045776367,39.06815719604492
2019-07-18,50.93000030517578,39.19129180908203
2019-07-19,50.16999816894531,38.60645294189453
2019-07-22,49.93000030517578,38.42176818847656
2019-07-23,50.29999923706055,38.70648956298828
2019-07-24,50.43000030517578,38.8065299987793
2019-07-25,50.16999816894531,38.60645294189453
2019-07-26,50.27000045776367,38.683406829833984
2019-07-29,50.36000061035156,38.752655029296875
2019-07-30,50.2599983215332,38.67570877075195
2019-07-31,50.099998474121094,38.55258560180664
2019-08-01,49.70000076293945,38.244789123535156
2019-08-02,50.09000015258789,38.54488754272461
2019-08-05,49.11000061035156,37.7907600402832
2019-08-06,49.47999954223633,38.07549285888672
2019-08-07,49.959999084472656,38.44485092163086
2019-08-08,50.40999984741211,38.791141510009766
2019-08-09,50.369998931884766,38.76036071777344
2019-08-12,50.13999938964844,38.583370208740234
2019-08-13,50.16999816894531,38.60645294189453
2019-08-14,49.470001220703125,38.06779098510742
2019-08-15,49.93000030517578,38.42176818847656
2019-08-16,50.4900016784668,38.85270309448242
2019-08-19,50.84000015258789,39.12203598022461
2019-08-20,50.56999969482422,38.914268493652344
2019-08-21,50.66999816894531,38.9912109375
2019-08-22,50.849998474121094,39.129722595214844
2019-08-23,50.29999923706055,38.70648956298828
2019-08-26,50.59000015258789,38.929656982421875
2019-08-27,50.470001220703125,38.83730697631836
2019-08-28,50.58000183105469,38.921958923339844
2019-08-29,50.79999923706055,39.09123992919922
2019-08-30,50.93000030517578,39.19129180908203
2019-09-03,51.060001373291016,39.29132843017578
2019-09-04,51.65999984741211,39.753028869628906
2019-09-05,51.459999084472656,39.59912872314453
2019-09-06,51.529998779296875,39.65298843383789
2019-09-09,51.59000015258789,39.69916534423828
2019-09-10,51.310001373291016,39.483707427978516
2019-09-11,51.31999969482422,39.49140167236328
2019-09-12,51.310001373291016,39.483707427978516
2019-09-13,51.29999923706055,39.47600555419922
2019-09-16,51.40999984741211,39.56065368652344
2019-09-17,51.779998779296875,39.84535598754883
2019-09-18,51.61000061035156,39.71455001831055
2019-09-19,51.70000076293945,39.78380584716797
2019-09-20,51.77000045776367,39.83766555786133
2019-09-23,51.369998931884766,39.86017990112305
2019-09-24,51.2599983215332,39.77482223510742
2019-09-25,51.5099983215332,39.96880340576172
2019-09-26,51.880001068115234,40.25590515136719
2019-09-27,51.77000045776367,40.17054748535156
2019-09-30,51.86000061035156,40.240386962890625
2019-10-01,51.5099983215332,39.96880340576172
2019-10-02,51.20000076293945,39.72826385498047
2019-10-03,51.70000076293945,40.116233825683594
2019-10-04,52.150001525878906,40.46541976928711
2019-10-07,51.97999954223633,40.333499908447266
2019-10-08,51.77000045776367,40.17054748535156
2019-10-09,51.88999938964844,40.2636604309082
2019-10-10,51.93000030517578,40.29470443725586
2019-10-11,52.18000030517578,40.48869705200195
2019-10-14,52.130001068115234,40.449886322021484
2019-10-15,52.40999984741211,40.667171478271484
2019-10-16,52.59000015258789,40.80682373046875
2019-10-17,52.689998626708984,40.88442611694336
2019-10-18,52.93000030517578,41.07064437866211
2019-10-21,53.25,41.31895446777344
2019-10-22,53.25,41.31895446777344
2019-10-23,53.38999938964844,41.427574157714844
2019-10-24,53.2599983215332,41.32671356201172
2019-10-25,52.790000915527344,40.96202087402344
2019-10-28,52.650001525878906,40.853389739990234
2019-10-29,52.75,40.930973052978516
2019-10-30,52.93000030517578,41.07064437866211
2019-10-31,53.040000915527344,41.156005859375
2019-11-01,53.150001525878906,41.24135208129883
2019-11-04,53.02000045776367,41.14047622680664
2019-11-05,52.45000076293945,40.69819641113281
2019-11-06,52.45000076293945,40.69819641113281
2019-11-07,52.040000915527344,40.38005447387695
2019-11-08,51.70000076293945,40.116233825683594
2019-11-11,51.61000061035156,40.04640197753906
2019-11-12,51.15999984741211,39.69723129272461
2019-11-13,51.38999938964844,39.87568664550781
2019-11-14,51.7599983215332,40.16279220581055
2019-11-15,51.9900016784668,40.34125900268555
2019-11-18,52.290000915527344,40.57404327392578
2019-11-19,52.4900016784668,40.72922134399414
2019-11-20,52.2400016784668,40.535255432128906
2019-11-21,51.779998779296875,40.17830276489258
2019-11-22,51.650001525878906,40.07744598388672
2019-11-25,51.849998474121094,40.23263168334961
2019-11-26,52.380001068115234,40.64387893676758
2019-11-27,52.630001068115234,40.8378791809082
2019-11-29,52.41999816894531,40.6749153137207
2019-12-02,51.81999969482422,40.209354400634766
2019-12-03,51.959999084472656,40.3179817199707
2019-12-04,52.11000061035156,40.43437194824219
2019-12-05,52.18000030517578,40.48869705200195
2019-12-06,52.41999816894531,40.6749153137207
2019-12-09,52.369998931884766,40.6361198425293
2019-12-10,52.11000061035156,40.43437194824219
2019-12-11,51.709999084472656,40.123992919921875
2019-12-12,51.130001068115234,39.67395782470703
2019-12-13,51.06999969482422,39.62739181518555
2019-12-16,51.27000045776367,39.78257751464844
2019-12-17,50.93000030517578,39.51875686645508
2019-12-18,51.20000076293945,39.72826385498047
2019-12-19,51.5,39.9610481262207
2019-12-20,51.56999969482422,40.01537322998047
2019-12-23,50.59000015258789,39.96086120605469
2019-12-24,50.790000915527344,40.11884689331055
2019-12-26,51.0,40.284732818603516
2019-12-27,51.22999954223633,40.466400146484375
2019-12-30,51.279998779296875,40.505897521972656
2019-12-31,51.52000045776367,40.695465087890625
2020-01-02,51.189998626708984,40.4348030090332
2020-01-03,51.36000061035156,40.56908416748047
2020-01-06,51.439998626708984,40.63227844238281
2020-01-07,51.040000915527344,40.31631088256836
2020-01-08,50.939998626708984,40.23731994628906
2020-01-09,50.84000015258789,40.15834045410156
2020-01-10,51.130001068115234,40.38740539550781
2020-01-13,51.560001373291016,40.72706604003906
2020-01-14,51.52000045776367,40.695465087890625
2020-01-15,51.779998779296875,40.900840759277344
2020-01-16,52.25,41.272098541259766
2020-01-17,52.439998626708984,41.42217254638672
2020-01-21,52.52000045776367,41.485374450683594
2020-01-22,52.31999969482422,41.3273811340332
2020-01-23,52.70000076293945,41.627540588378906
2020-01-24,52.630001068115234,41.572261810302734
2020-01-27,52.06999969482422,41.12990951538086
2020-01-28,52.2599983215332,41.27999496459961
2020-01-29,52.20000076293945,41.23259735107422
2020-01-30,52.25,41.272098541259766
2020-01-31,51.68000030517578,40.82185745239258
2020-02-03,51.7400016784668,40.86924743652344
2020-02-04,52.11000061035156,41.16150665283203
2020-02-05,52.25,41.272098541259766
2020-02-06,52.290000915527344,41.303688049316406
2020-02-07,52.25,41.272098541259766
2020-02-10,52.689998626708984,41.619651794433594
2020-02-11,52.790000915527344,41.698631286621094
2020-02-12,52.91999816894531,41.80133056640625
2020-02-13,53.040000915527344,41.8961067199707
2020-02-14,53.58000183105469,42.322654724121094
2020-02-18,53.560001373291016,42.30685806274414
2020-02-19,52.91999816894531,41.80133056640625
2020-02-20,53.22999954223633,42.046199798583984
2020-02-21,53.27000045776367,42.077789306640625
2020-02-24,52.47999954223633,41.453765869140625
2020-02-25,51.209999084472656,40.450592041015625
2020-02-26,50.650001525878906,40.008262634277344
2020-02-27,48.630001068115234,38.412662506103516
2020-02-28,47.47999954223633,37.50428771972656
2020-03-02,48.59000015258789,38.381072998046875
2020-03-03,48.72999954223633,38.49165725708008
2020-03-04,50.18000030517578,39.636993408203125
2020-03-05,49.4900016784668,39.091976165771484
2020-03-06,48.619998931884766,38.4047737121582
2020-03-09,45.16999816894531,35.67961883544922
2020-03-10,46.20000076293945,36.49321746826172
2020-03-11,43.93000030517578,34.70015335083008
2020-03-12,39.47999954223633,31.185115814208984
2020-03-13,40.79999923706055,32.227787017822266
2020-03-16,34.83000183105469,27.512094497680664
2020-03-17,35.7599983215332,28.246700286865234
2020-03-18,32.16999816894531,25.41097068786621
2020-03-19,31.56999969482422,24.937030792236328
2020-03-20,30.899999618530273,24.407798767089844
2020-03-23,30.1200008392334,24.00846290588379
2020-03-24,32.72999954223633,26.0888729095459
2020-03-25,34.630001068115234,27.603351593017578
2020-03-26,36.34000015258789,28.966384887695312
2020-03-27,36.13999938964844,28.806962966918945
2020-03-30,36.349998474121094,28.974348068237305
2020-03-31,36.0,28.695375442504883
2020-04-01,34.08000183105469,27.16495132446289
2020-04-02,33.65999984741211,26.830171585083008
2020-04-03,32.900001525878906,26.224382400512695
2020-04-06,35.060001373291016,27.946104049682617
2020-04-07,36.189998626708984,28.846813201904297
2020-04-08,37.599998474121094,29.970718383789062
2020-04-09,39.349998474121094,31.365631103515625
2020-04-13,38.209999084472656,30.45694923400879
2020-04-14,38.810001373291016,30.93520736694336
2020-04-15,37.43000030517578,29.83521842956543
2020-04-16,36.83000183105469,29.35696029663086
2020-04-17,38.04999923706055,30.329404830932617
2020-04-20,36.86000061035156,29.38087272644043
2020-04-21,36.18000030517578,28.83884620666504
2020-04-22,36.47999954223633,29.077974319458008
2020-04-23,36.349998474121094,28.974348068237305
2020-04-24,36.40999984741211,29.022178649902344
2020-04-27,37.529998779296875,29.914920806884766
2020-04-28,37.970001220703125,30.265640258789062
2020-04-29,38.869998931884766,30.98302459716797
2020-04-30,38.470001220703125,30.664196014404297
2020-05-01,37.18000030517578,29.635934829711914
2020-05-04,37.02000045776367,29.50840187072754
2020-05-05,37.20000076293945,29.65187644958496
2020-05-06,36.5099983215332,29.10188102722168
2020-05-07,37.189998626708984,29.64390754699707
2020-05-08,38.04999923706055,30.329404830932617
2020-05-11,37.599998474121094,29.970718383789062
2020-05-12,35.970001220703125,28.671457290649414
2020-05-13,35.15999984741211,28.02581214904785
2020-05-14,35.279998779296875,28.121456146240234
2020-05-15,35.02000045776367,27.914215087890625
2020-05-18,36.91999816894531,29.428693771362305
2020-05-19,36.59000015258789,29.1656494140625
2020-05-20,37.0,29.49246597290039
2020-05-21,36.810001373291016,29.34101104736328
2020-05-22,36.779998779296875,29.317102432250977
2020-05-26,38.43000030517578,30.63231086730957
2020-05-27,38.95000076293945,31.046789169311523
2020-05-28,38.939998626708984,31.038822174072266
2020-05-29,38.68000030517578,30.831575393676758
2020-06-01,39.5099983215332,31.4931697845459
2020-06-02,40.220001220703125,32.05909729003906
2020-06-03,41.720001220703125,33.254737854003906
2020-06-04,41.349998474121094,32.959808349609375
2020-06-05,42.90999984741211,34.20328140258789
2020-06-08,43.959999084472656,35.04022979736328
2020-06-09,43.22999954223633,34.45835494995117
2020-06-10,42.13999938964844,33.589515686035156
2020-06-11,39.52000045776367,31.501136779785156
2020-06-12,40.84000015258789,32.55329513549805
2020-06-15,40.77000045776367,32.49751281738281
2020-06-16,41.5099983215332,33.08735275268555
2020-06-17,41.130001068115234,32.784461975097656
2020-06-18,40.79999923706055,32.52141189575195
2020-06-19,39.77000045776367,31.700408935546875
2020-06-22,39.689998626708984,31.895692825317383
2020-06-23,39.540000915527344,31.7751522064209
2020-06-24,38.58000183105469,31.003677368164062
2020-06-25,39.0,31.341188430786133
2020-06-26,38.41999816894531,30.875104904174805
2020-06-29,38.83000183105469,31.204578399658203
2020-06-30,39.029998779296875,31.36530303955078
2020-07-01,39.75,31.94391632080078
2020-07-02,39.90999984741211,32.07249069213867
2020-07-06,39.88999938964844,32.056419372558594
2020-07-07,39.0099983215332,31.349225997924805
2020-07-08,39.04999923706055,31.381372451782227
2020-07-09,38.59000015258789,31.011703491210938
2020-07-10,38.849998474121094,31.220661163330078
2020-07-13,38.560001373291016,30.987598419189453
2020-07-14,38.849998474121094,31.220661163330078
2020-07-15,39.25,31.54209327697754
2020-07-16,38.66999816894531,31.075998306274414
2020-07-17,39.029998779296875,31.36530303955078
2020-07-20,38.5,30.939380645751953
2020-07-21,38.70000076293945,31.100107192993164
2020-07-22,39.33000183105469,31.606386184692383
2020-07-23,39.029998779296875,31.36530303955078
2020-07-24,38.83000183105469,31.204578399658203
2020-07-27,39.099998474121094,31.421560287475586
2020-07-28,39.630001068115234,31.84747314453125
2020-07-29,40.38999938964844,32.458229064941406
2020-07-30,40.2400016784668,32.33768844604492
2020-07-31,40.060001373291016,32.19302749633789
2020-08-03,39.77000045776367,31.959983825683594
2020-08-04,40.380001068115234,32.4501838684082
2020-08-05,40.43000030517578,32.49036407470703
2020-08-06,40.40999984741211,32.47429656982422
2020-08-07,40.77000045776367,32.76361083984375
2020-08-10,40.95000076293945,32.90825653076172
2020-08-11,40.599998474121094,32.62698745727539
2020-08-12,40.91999816894531,32.8841438293457
2020-08-13,40.40999984741211,32.47429656982422
2020-08-14,40.459999084472656,32.51447296142578
2020-08-17,40.81999969482422,32.80378341674805
2020-08-18,40.4900016784668,32.53859329223633
2020-08-19,39.75,31.94391632080078
2020-08-20,40.31999969482422,32.401973724365234
2020-08-21,40.41999816894531,32.48234176635742
2020-08-24,40.79999923706055,32.78770446777344
2020-08-25,40.790000915527344,32.7796630859375
2020-08-26,40.599998474121094,32.62698745727539
2020-08-27,40.810001373291016,32.79574966430664
2020-08-28,41.22999954223633,33.13325881958008
2020-08-31,40.86000061035156,32.8359260559082
2020-09-01,40.81999969482422,32.80378341674805
2020-09-02,41.45000076293945,33.31006622314453
2020-09-03,41.13999938964844,33.06093978881836
2020-09-04,41.0,32.94843292236328
2020-09-08,40.52000045776367,32.56270217895508
2020-09-09,40.880001068115234,32.851993560791016
2020-09-10,40.380001068115234,32.4501838684082
2020-09-11,40.16999816894531,32.281429290771484
2020-09-14,40.97999954223633,32.93235397338867
2020-09-15,41.400001525878906,33.2698974609375
2020-09-16,41.65999984741211,33.47882080078125
2020-09-17,41.36000061035156,33.23773956298828
2020-09-18,40.40999984741211,32.47429656982422
2020-09-21,38.88999938964844,31.509334564208984
2020-09-22,39.15999984741211,31.728090286254883
2020-09-23,38.15999984741211,30.917871475219727
2020-09-24,38.349998474121094,31.07181739807129
2020-09-25,38.869998931884766,31.493125915527344
2020-09-28,39.709999084472656,32.173702239990234
2020-09-29,39.25,31.801002502441406
2020-09-30,39.5,32.003570556640625
2020-10-01,40.2400016784668,32.603126525878906
2020-10-02,40.810001373291016,33.06494140625
2020-10-05,41.06999969482422,33.27560043334961
2020-10-06,40.849998474121094,33.097354888916016
2020-10-07,40.84000015258789,33.08924102783203
2020-10-08,41.31999969482422,33.478153228759766
2020-10-09,41.22999954223633,33.40523147583008
2020-10-12,41.369998931884766,33.5186653137207
2020-10-13,40.7599983215332,33.024436950683594
2020-10-14,40.369998931884766,32.70844650268555
2020-10-15,40.47999954223633,32.797584533691406
2020-10-16,39.970001220703125,32.38437271118164
2020-10-19,39.540000915527344,32.035972595214844
2020-10-20,39.83000183105469,32.27093505859375
2020-10-21,39.72999954223633,32.18991470336914
2020-10-22,40.09000015258789,32.48159408569336
2020-10-23,40.29999923706055,32.65174102783203
2020-10-26,39.59000015258789,32.076480865478516
2020-10-27,38.939998626708984,31.54983139038086
2020-10-28,37.869998931884766,30.68290901184082
2020-10-29,38.310001373291016,31.039411544799805
2020-10-30,38.22999954223633,30.974590301513672
2020-11-02,38.95000076293945,31.557945251464844
2020-11-03,39.86000061035156,32.29523849487305
2020-11-04,39.959999084472656,32.37626647949219
2020-11-05,40.400001525878906,32.732757568359375
2020-11-06,40.11000061035156,32.49779510498047
2020-11-09,42.02000045776367,34.045310974121094
2020-11-10,43.11000061035156,34.928443908691406
2020-11-11,43.189998626708984,34.99325942993164
2020-11-12,42.41999816894531,34.36940002441406
2020-11-13,43.33000183105469,35.106693267822266
2020-11-16,44.029998779296875,35.67385482788086
2020-11-17,44.150001525878906,35.77107238769531
2020-11-18,43.310001373291016,35.090492248535156
2020-11-19,43.47999954223633,35.228233337402344
2020-11-20,43.47999954223633,35.228233337402344
2020-11-23,43.4900016784668,35.23633575439453
2020-11-24,43.970001220703125,35.6252326965332
2020-11-25,43.970001220703125,35.6252326965332
2020-11-27,43.790000915527344,35.47938919067383
2020-11-30,43.04999923706055,34.87983322143555
2020-12-01,43.720001220703125,35.42268753051758
2020-12-02,43.54999923706055,35.28493881225586
2020-12-03,43.97999954223633,35.63333511352539
2020-12-04,44.599998474121094,36.13567352294922
2020-12-07,44.16999816894531,35.78728103637695
2020-12-08,44.16999816894531,35.78728103637695
2020-12-09,44.02000045776367,35.665748596191406
2020-12-10,43.849998474121094,35.52800369262695
2020-12-11,43.790000915527344,35.47938919067383
2020-12-14,43.72999954223633,35.430789947509766
2020-12-15,44.58000183105469,36.119468688964844
2020-12-16,44.7400016784668,36.24909973144531
2020-12-17,45.0,36.459754943847656
2020-12-18,44.08000183105469,35.71435546875
2020-12-21,43.11000061035156,35.341346740722656
2020-12-22,43.459999084472656,35.628273010253906
2020-12-23,43.56999969482422,35.71846389770508
2020-12-24,43.79999923706055,35.907012939453125
2020-12-28,44.15999984741211,36.20213317871094
2020-12-29,44.029998779296875,36.09556579589844
2020-12-30,44.2599983215332,36.28411865234375
2020-12-31,44.459999084472656,36.44806671142578
2021-01-04,43.310001373291016,35.505313873291016
2021-01-05,43.540000915527344,35.69386291503906
2021-01-06,43.88999938964844,35.980796813964844
2021-01-07,43.470001220703125,35.636478424072266
2021-01-08,43.72999954223633,35.84962844848633
2021-01-11,43.06999969482422,35.30855941772461
2021-01-12,43.2599983215332,35.46431350708008
2021-01-13,43.63999938964844,35.77584457397461
2021-01-14,44.04999923706055,36.11195373535156
2021-01-15,44.08000183105469,36.13655090332031
2021-01-19,44.06999969482422,36.12835693359375
2021-01-20,44.790000915527344,36.718605041503906
2021-01-21,44.5,36.480857849121094
2021-01-22,44.4900016784668,36.4726676940918
2021-01-25,44.58000183105469,36.546451568603516
2021-01-26,44.91999816894531,36.82518005371094
2021-01-27,44.36000061035156,36.3660888671875
2021-01-28,44.65999984741211,36.612030029296875
2021-01-29,44.099998474121094,36.15294647216797
2021-02-01,44.630001068115234,36.587432861328125
2021-02-02,44.70000076293945,36.64482498168945
2021-02-03,44.81999969482422,36.74319076538086
2021-02-04,44.9900016784668,36.882568359375
2021-02-05,45.25,37.0957145690918
2021-02-08,45.369998931884766,37.194087982177734
2021-02-09,45.63999938964844,37.415435791015625
2021-02-10,45.83000183105469,37.571197509765625
2021-02-11,46.09000015258789,37.78433609008789
2021-02-12,46.18000030517578,37.85811996459961
2021-02-16,46.15999984741211,37.84172058105469
2021-02-17,45.97999954223633,37.694156646728516
2021-02-18,45.61000061035156,37.39084243774414
2021-02-19,45.86000061035156,37.595787048339844
2021-02-22,46.27000045776367,37.93190002441406
2021-02-23,46.93000030517578,38.47296905517578
2021-02-24,47.400001525878906,38.8582763671875
2021-02-25,46.459999084472656,38.087669372558594
2021-02-26,45.79999923706055,37.546600341796875
2021-03-01,46.13999938964844,37.8253288269043
2021-03-02,45.970001220703125,37.685970306396484
2021-03-03,45.79999923706055,37.546600341796875
2021-03-04,45.529998779296875,37.32524490356445
2021-03-05,45.790000915527344,37.53840255737305
2021-03-08,46.22999954223633,37.89910888671875
2021-03-09,46.25,37.91550064086914
2021-03-10,46.58000183105469,38.186038970947266
2021-03-11,46.810001373291016,38.374595642089844
2021-03-12,47.41999816894531,38.874656677246094
2021-03-15,47.91999816894531,39.2845573425293
2021-03-16,47.90999984741211,39.27635955810547
2021-03-17,47.9900016784668,39.341941833496094
2021-03-18,47.58000183105469,39.005836486816406
2021-03-19,47.099998474121094,38.612327575683594
2021-03-22,46.88999938964844,38.59669494628906
2021-03-23,46.77000045776367,38.49791717529297
2021-03-24,46.79999923706055,38.522605895996094
2021-03-25,46.9900016784668,38.67900085449219
2021-03-26,47.77000045776367,39.321041107177734
2021-03-29,47.400001525878906,39.016483306884766
2021-03-30,47.59000015258789,39.172882080078125
2021-03-31,47.220001220703125,38.86832809448242
2021-04-01,47.970001220703125,39.48567581176758
2021-04-05,48.09000015258789,39.58445358276367
2021-04-06,48.18000030517578,39.65853500366211
2021-04-07,48.41999816894531,39.85607147216797
2021-04-08,48.41999816894531,39.85607147216797
2021-04-09,48.290000915527344,39.74907302856445
2021-04-12,48.33000183105469,39.782005310058594
2021-04-13,48.689998626708984,40.07832717895508
2021-04-14,48.619998931884766,40.02070617675781
2021-04-15,49.2400016784668,40.53105545043945
2021-04-16,49.470001220703125,40.720367431640625
2021-04-19,49.47999954223633,40.72861099243164
2021-04-20,49.619998931884766,40.84384536743164
2021-04-21,49.86000061035156,41.04139709472656
2021-04-22,49.65999984741211,40.876766204833984
2021-04-23,49.849998474121094,41.033164978027344
2021-04-26,50.11000061035156,41.24717712402344
2021-04-27,50.029998779296875,41.18132781982422
2021-04-28,50.04999923706055,41.197792053222656
2021-04-29,50.380001068115234,41.469425201416016
2021-04-30,50.27000045776367,41.37887954711914
2021-05-03,50.38999938964844,41.47765350341797
2021-05-04,50.13999938964844,41.271873474121094
2021-05-05,49.529998779296875,40.76975631713867
2021-05-06,49.959999084472656,41.12370681762695
2021-05-07,50.54999923706055,41.609352111816406
2021-05-10,50.5,41.56819152832031
2021-05-11,49.88999938964844,41.06608963012695
2021-05-12,48.790000915527344,40.16063690185547
2021-05-13,49.2599983215332,40.54751968383789
2021-05-14,49.7599983215332,40.95907974243164
2021-05-17,49.810001373291016,41.000244140625
2021-05-18,49.970001220703125,41.13194274902344
2021-05-19,49.779998779296875,40.97553253173828
2021-05-20,50.279998779296875,41.387107849121094
2021-05-21,50.13999938964844,41.271873474121094
2021-05-24,50.790000915527344,41.80691146850586
2021-05-25,50.81999969482422,41.831607818603516
2021-05-26,50.9900016784668,41.971534729003906
2021-05-27,50.88999938964844,41.88922119140625
2021-05-28,51.2400016784668,42.17731857299805
2021-06-01,51.900001525878906,42.7205924987793
2021-06-02,52.529998779296875,43.23915481567383
2021-06-03,52.25,43.00867462158203
2021-06-04,52.369998931884766,43.10745620727539
2021-06-07,52.93000030517578,43.568416595458984
2021-06-08,53.380001068115234,43.93882369995117
2021-06-09,53.439998626708984,43.98821258544922
2021-06-10,53.79999923706055,44.2845344543457
2021-06-11,53.619998931884766,44.136375427246094
2021-06-14,53.779998779296875,44.268070220947266
2021-06-15,53.279998779296875,43.85651779174805
2021-06-16,52.79999923706055,43.46141052246094
2021-06-17,52.529998779296875,43.23915481567383
2021-06-18,51.689998626708984,42.54771423339844
2021-06-21,52.34000015258789,43.37900924682617
2021-06-22,52.2599983215332,43.31270980834961
2021-06-23,52.15999984741211,43.229827880859375
2021-06-24,52.150001525878906,43.22153854370117
2021-06-25,52.40999984741211,43.43701934814453
2021-06-28,51.970001220703125,43.07236099243164
2021-06-29,51.869998931884766,42.98947525024414
2021-06-30,51.4900016784668,42.674537658691406
2021-07-01,51.689998626708984,42.840274810791016
2021-07-02,51.97999954223633,43.08063507080078
2021-07-06,52.43000030517578,43.45360565185547
2021-07-07,52.47999954223633,43.49503707885742
2021-07-08,52.2400016784668,43.29613494873047
2021-07-09,53.279998779296875,44.158077239990234
2021-07-12,53.709999084472656,44.51445007324219
2021-07-13,52.95000076293945,43.88456726074219
2021-07-14,53.2599983215332,44.14149475097656
2021-07-15,53.15999984741211,44.058624267578125
2021-07-16,53.22999954223633,44.11663818359375
2021-07-19,52.04999923706055,43.13866424560547
2021-07-20,53.18000030517578,44.0751953125
2021-07-21,53.47999954223633,44.3238410949707
2021-07-22,53.15999984741211,44.058624267578125
2021-07-23,53.40999984741211,44.26581954956055
2021-07-26,53.400001525878906,44.25752639770508
2021-07-27,53.68000030517578,44.48958206176758
2021-07-28,53.709999084472656,44.51445007324219
2021-07-29,53.810001373291016,44.59733581542969
2021-07-30,53.86000061035156,44.63877487182617
2021-08-02,53.689998626708984,44.49787521362305
2021-08-03,53.790000915527344,44.58075714111328
2021-08-04,53.439998626708984,44.290679931640625
2021-08-05,54.2599983215332,44.97028350830078
2021-08-06,53.9900016784668,44.746517181396484
2021-08-09,53.77000045776367,44.56418991088867
2021-08-10,53.310001373291016,44.18294143676758
2021-08-11,53.58000183105469,44.406707763671875
2021-08-12,53.54999923706055,44.38184356689453
2021-08-13,53.959999084472656,44.72165298461914
2021-08-16,53.939998626708984,44.705081939697266
2021-08-17,53.5,44.34040451049805
2021-08-18,53.34000015258789,44.207794189453125
2021-08-19,53.16999816894531,44.066898345947266
2021-08-20,53.5,44.34040451049805
2021-08-23,53.369998931884766,44.2326545715332
2021-08-24,53.31999969482422,44.19122314453125
2021-08-25,53.2599983215332,44.14149475097656
2021-08-26,53.2599983215332,44.14149475097656
2021-08-27,54.0,44.75480651855469
2021-08-30,54.29999923706055,45.003448486328125
2021-08-31,54.45000076293945,45.12775802612305
2021-09-01,55.08000183105469,45.64990234375
2021-09-02,55.2599983215332,45.79907989501953
2021-09-03,55.25,45.79079055786133
2021-09-07,54.68000030517578,45.31838607788086
2021-09-08,54.560001373291016,45.218936920166016
2021-09-09,54.0,44.75480651855469
2021-09-10,53.36000061035156,44.22438049316406
2021-09-13,53.70000076293945,44.50617599487305
2021-09-14,53.54999923706055,44.38184356689453
2021-09-15,53.66999816894531,44.481300354003906
2021-09-16,53.630001068115234,44.448150634765625
2021-09-17,52.97999954223633,43.9094352722168
2021-09-20,52.2599983215332,43.61897659301758
2021-09-21,52.439998626708984,43.76920700073242
2021-09-22,52.790000915527344,44.06134796142578
2021-09-23,52.93000030517578,44.17819595336914
2021-09-24,52.29999923706055,43.65236282348633
2021-09-27,51.97999954223633,43.38527297973633
2021-09-28,51.540000915527344,43.01802444458008
2021-09-29,51.63999938964844,43.10149002075195
2021-09-30,51.060001373291016,42.61738967895508
2021-10-01,51.63999938964844,43.10149002075195
2021-10-04,51.68000030517578,43.1348762512207
2021-10-05,51.43000030517578,42.92621612548828
2021-10-06,51.63999938964844,43.10149002075195
2021-10-07,51.93000030517578,43.34354019165039
2021-10-08,51.66999816894531,43.126529693603516
2021-10-11,51.70000076293945,43.15156555175781
2021-10-12,52.27000045776367,43.6273193359375
2021-10-13,52.869998931884766,44.12811279296875
2021-10-14,53.43000030517578,44.595516204833984
2021-10-15,53.54999923706055,44.6956787109375
2021-10-18,53.68000030517578,44.80418014526367
2021-10-19,53.66999816894531,44.79583740234375
2021-10-20,54.150001525878906,45.196468353271484
2021-10-21,54.09000015258789,45.146392822265625
2021-10-22,54.20000076293945,45.23820877075195
2021-10-25,54.36000061035156,45.37174987792969
2021-10-26,54.400001525878906,45.40514373779297
2021-10-27,54.20000076293945,45.23820877075195
2021-10-28,54.88999938964844,45.814117431640625
2021-10-29,54.279998779296875,45.30498504638672
2021-11-01,54.41999816894531,45.42182922363281
2021-11-02,54.77000045776367,45.713958740234375
2021-11-03,55.15999984741211,46.03946304321289
2021-11-04,54.939998626708984,45.8558464050293
2021-11-05,55.34000015258789,46.18970489501953
2021-11-08,55.290000915527344,46.14797592163086
2021-11-09,55.2599983215332,46.12294006347656
2021-11-10,54.9900016784668,45.8975830078125
2021-11-11,55.06999969482422,45.964351654052734
2021-11-12,55.150001525878906,46.031124114990234
2021-11-15,55.38999938964844,46.231441497802734
2021-11-16,55.189998626708984,46.06450653076172
2021-11-17,55.279998779296875,46.139625549316406
2021-11-18,55.459999084472656,46.28986358642578
2021-11-19,55.11000061035156,45.99774169921875
2021-11-22,54.849998474121094,45.780723571777344
2021-11-23,55.130001068115234,46.014434814453125
2021-11-24,55.599998474121094,46.406715393066406
2021-11-26,53.970001220703125,45.04623031616211
2021-11-29,54.349998474121094,45.363399505615234
2021-11-30,53.34000015258789,44.52040100097656
2021-12-01,52.7599983215332,44.03630447387695
2021-12-02,53.880001068115234,44.97112274169922
2021-12-03,53.75,44.862613677978516
2021-12-06,54.58000183105469,45.55537414550781
2021-12-07,55.13999938964844,46.02278518676758
2021-12-08,55.619998931884766,46.42341232299805
2021-12-09,55.02000045776367,45.92262268066406
2021-12-10,55.13999938964844,46.02278518676758
2021-12-13,55.20000076293945,46.07286071777344
2021-12-14,54.5099983215332,45.496944427490234
2021-12-15,55.33000183105469,46.181358337402344
2021-12-16,55.130001068115234,46.014434814453125
2021-12-17,55.119998931884766,46.0060920715332
2021-12-20,53.939998626708984,45.570159912109375
2021-12-21,54.58000183105469,46.110843658447266
2021-12-22,55.040000915527344,46.49946975708008
2021-12-23,54.959999084472656,46.43187713623047
2021-12-27,55.75,47.09929656982422
2021-12-28,55.84000015258789,47.175331115722656
2021-12-29,56.33000183105469,47.58930206298828
2021-12-30,56.45000076293945,47.69068145751953
2021-12-31,56.529998779296875,47.75826644897461
2022-01-03,56.349998474121094,47.60619354248047
2022-01-04,56.54999923706055,47.77516174316406
2022-01-05,55.459999084472656,46.85429000854492
2022-01-06,55.33000183105469,46.74446105957031
2022-01-07,55.08000183105469,46.533260345458984
2022-01-10,54.77000045776367,46.271366119384766
2022-01-11,54.84000015258789,46.33050537109375
2022-01-12,55.0,46.465675354003906
2022-01-13,54.970001220703125,46.440330505371094
2022-01-14,54.65999984741211,46.178428649902344
2022-01-18,54.040000915527344,45.65464401245117
2022-01-19,53.56999969482422,45.257564544677734
2022-01-20,52.7400016784668,44.55635452270508
2022-01-21,52.75,44.56480407714844
2022-01-24,52.56999969482422,44.412742614746094
2022-01-25,52.41999816894531,44.286014556884766
2022-01-26,51.91999816894531,43.86360168457031
2022-01-27,51.41999816894531,43.441184997558594
2022-01-28,52.41999816894531,44.286014556884766
2022-01-31,53.11000061035156,44.86894607543945
2022-02-01,52.869998931884766,44.666175842285156
2022-02-02,53.529998779296875,45.22377395629883
2022-02-03,53.029998779296875,44.801353454589844
2022-02-04,52.470001220703125,44.32825469970703
2022-02-07,52.279998779296875,44.1677360534668
2022-02-08,52.040000915527344,43.96497344970703
2022-02-09,53.099998474121094,44.86048889160156
2022-02-10,52.33000183105469,44.209983825683594
2022-02-11,51.880001068115234,43.82980728149414
2022-02-14,51.459999084472656,43.4749755859375
2022-02-15,52.0,43.93119430541992
2022-02-16,52.5,44.353599548339844
2022-02-17,52.06999969482422,43.990318298339844
2022-02-18,51.72999954223633,43.70307540893555
2022-02-22,51.459999084472656,43.4749755859375
2022-02-23,50.810001373291016,42.92584228515625
2022-02-24,51.04999923706055,43.12858963012695
2022-02-25,52.380001068115234,44.25221252441406
2022-02-28,51.58000183105469,43.57635498046875
2022-03-01,51.099998474121094,43.17083740234375
2022-03-02,52.060001373291016,43.98186492919922
2022-03-03,52.16999816894531,44.07480239868164
2022-03-04,52.119998931884766,44.03256607055664
2022-03-07,51.130001068115234,43.19617462158203
2022-03-08,51.25,43.29756164550781
2022-03-09,52.119998931884766,44.03256607055664
2022-03-10,52.220001220703125,44.117042541503906
2022-03-11,51.66999816894531,43.65238571166992
2022-03-14,51.47999954223633,43.49186706542969
2022-03-15,51.75,43.719966888427734
2022-03-16,52.4900016784668,44.34515380859375
2022-03-17,53.0099983215332,44.78445816040039
2022-03-18,53.310001373291016,45.03791427612305
2022-03-21,52.869998931884766,44.85127639770508
2022-03-22,53.20000076293945,45.1312255859375
2022-03-23,52.349998474121094,44.41014099121094
2022-03-24,52.720001220703125,44.724021911621094
2022-03-25,53.380001068115234,45.2839241027832
2022-03-28,53.72999954223633,45.58083724975586
2022-03-29,55.189998626708984,46.81940841674805
2022-03-30,54.70000076293945,46.40372848510742
2022-03-31,54.0099983215332,45.81837463378906
2022-04-01,55.029998779296875,46.683658599853516
2022-04-04,54.54999923706055,46.27647399902344
2022-04-05,54.2400016784668,46.013492584228516
2022-04-06,54.54999923706055,46.27647399902344
2022-04-07,54.16999816894531,45.95410919189453
2022-04-08,54.06999969482422,45.8692741394043
2022-04-11,53.560001373291016,45.43662643432617
2022-04-12,53.52000045776367,45.402687072753906
2022-04-13,53.90999984741211,45.73354721069336
2022-04-14,53.790000915527344,45.631744384765625
2022-04-18,53.599998474121094,45.47055435180664
2022-04-19,54.29999923706055,46.064395904541016
2022-04-20,54.90999984741211,46.58187484741211
2022-04-21,54.709999084472656,46.412200927734375
2022-04-22,53.689998626708984,45.546913146972656
2022-04-25,53.630001068115234,45.496002197265625
2022-04-26,52.81999969482422,44.80885696411133
2022-04-27,52.709999084472656,44.715545654296875
2022-04-28,53.31999969482422,45.2330207824707
2022-04-29,51.15999984741211,43.400634765625
2022-05-02,50.150001525878906,42.54380798339844
2022-05-03,50.38999938964844,42.74740982055664
2022-05-04,50.779998779296875,43.07826232910156
2022-05-05,49.52000045776367,42.009368896484375
2022-05-06,48.7599983215332,41.3646354675293
2022-05-09,47.040000915527344,39.90550231933594
2022-05-10,46.560001373291016,39.4983024597168
2022-05-11,46.54999923706055,39.48981857299805
2022-05-12,46.7599983215332,39.667972564697266
2022-05-13,47.97999954223633,40.70293426513672
2022-05-16,47.790000915527344,40.541748046875
2022-05-17,48.400001525878906,41.05923843383789
2022-05-18,47.150001525878906,39.99882507324219
2022-05-19,46.959999084472656,39.83763885498047
2022-05-20,47.119998931884766,39.97336959838867
2022-05-23,47.52000045776367,40.312705993652344
2022-05-24,47.63999938964844,40.41449737548828
2022-05-25,47.93000030517578,40.66051483154297
2022-05-26,48.220001220703125,40.90654373168945
2022-05-27,49.130001068115234,41.67851638793945
2022-05-31,48.68000030517578,41.29677200317383
2022-06-01,48.31999969482422,40.99135971069336
2022-06-02,48.779998779296875,41.381591796875
2022-06-03,48.13999938964844,40.83867645263672
2022-06-06,47.77000045776367,40.524784088134766
2022-06-07,48.400001525878906,41.05923843383789
2022-06-08,47.369998931884766,40.18544387817383
2022-06-09,46.279998779296875,39.26077651977539
2022-06-10,45.52000045776367,38.61604309082031
2022-06-13,43.40999984741211,36.82606887817383
2022-06-14,43.04999923706055,36.520660400390625
2022-06-15,44.029998779296875,37.352027893066406
2022-06-16,43.08000183105469,36.546112060546875
2022-06-17,43.33000183105469,36.75819396972656
2022-06-21,43.27000045776367,37.04155349731445
2022-06-22,43.529998779296875,37.264122009277344
2022-06-23,44.119998931884766,37.76918411254883
2022-06-24,45.060001373291016,38.57389450073242
2022-06-27,45.04999923706055,38.565330505371094
2022-06-28,44.72999954223633,38.29138946533203
2022-06-29,44.38999938964844,38.00033187866211
2022-06-30,44.13999938964844,37.78631591796875
2022-07-01,44.68000030517578,38.24858856201172
2022-07-05,44.349998474121094,37.966087341308594
2022-07-06,44.380001068115234,37.99177169799805
2022-07-07,44.599998474121094,38.18010330200195
2022-07-08,44.34000015258789,37.95753479003906
2022-07-11,44.040000915527344,37.700714111328125
2022-07-12,44.02000045776367,37.683597564697266
2022-07-13,43.83000183105469,37.520938873291016
2022-07-14,43.2400016784668,37.015869140625
2022-07-15,43.959999084472656,37.632232666015625
2022-07-18,43.91999816894531,37.597984313964844
2022-07-19,45.029998779296875,38.5482177734375
2022-07-20,44.95000076293945,38.4797248840332
2022-07-21,45.18000030517578,38.67661666870117
2022-07-22,45.56999969482422,39.01047897338867
2022-07-25,45.849998474121094,39.250179290771484
2022-07-26,45.63999938964844,39.070404052734375
2022-07-27,46.0099983215332,39.38714599609375
2022-07-28,47.34000015258789,40.52569580078125
2022-07-29,47.75,40.876686096191406
2022-08-01,47.41999816894531,40.59418487548828
2022-08-02,46.72999954223633,40.003501892089844
2022-08-03,46.84000015258789,40.09767150878906
2022-08-04,46.86000061035156,40.11479568481445
2022-08-05,46.7400016784668,40.012062072753906
2022-08-08,47.08000183105469,40.30312728881836
2022-08-09,47.220001220703125,40.4229736328125
2022-08-10,48.20000076293945,41.26190948486328
2022-08-11,48.119998931884766,41.193424224853516
2022-08-12,48.7400016784668,41.72418212890625
2022-08-15,48.790000915527344,41.76698303222656
2022-08-16,48.68000030517578,41.67281723022461
2022-08-17,48.31999969482422,41.3646354675293
2022-08-18,47.959999084472656,41.05644989013672
2022-08-19,47.279998779296875,40.47433090209961
2022-08-22,46.380001068115234,39.70389175415039
2022-08-23,45.83000183105469,39.23305130004883
2022-08-24,46.02000045776367,39.39569854736328
2022-08-25,46.68000030517578,39.9607048034668
2022-08-26,45.56999969482422,39.01047897338867
2022-08-29,45.22999954223633,38.71940612792969
2022-08-30,44.84000015258789,38.38555908203125
2022-08-31,44.5,38.09450149536133
2022-09-01,44.29999923706055,37.923282623291016
2022-09-02,43.90999984741211,37.58943176269531
2022-09-06,44.209999084472656,37.84624481201172
2022-09-07,44.849998474121094,38.394107818603516
2022-09-08,44.869998931884766,38.411251068115234
2022-09-09,45.45000076293945,38.907752990722656
2022-09-12,45.880001068115234,39.27586364746094
2022-09-13,44.2599983215332,37.8890495300293
2022-09-14,43.86000061035156,37.546627044677734
2022-09-15,43.209999084472656,36.99018478393555
2022-09-16,43.29999923706055,37.06724166870117
2022-09-19,42.720001220703125,36.97289276123047
2022-09-20,41.689998626708984,36.081459045410156
2022-09-21,41.189998626708984,35.64872741699219
2022-09-22,40.720001220703125,35.24195861816406
2022-09-23,39.970001220703125,34.59285354614258
2022-09-26,38.88999938964844,33.658145904541016
2022-09-27,38.13999938964844,33.00904083251953
2022-09-28,39.0,33.75334930419922
2022-09-29,38.04999923706055,32.931148529052734
2022-09-30,38.689998626708984,33.48505783081055
2022-10-03,39.34000015258789,34.047603607177734
2022-10-04,40.08000183105469,34.68806457519531
2022-10-05,39.220001220703125,33.943756103515625
2022-10-06,38.47999954223633,33.30330276489258
2022-10-07,37.65999984741211,32.5936164855957
2022-10-10,37.369998931884766,32.342628479003906
2022-10-11,37.650001525878906,32.5849609375
2022-10-12,37.380001068115234,32.351280212402344
2022-10-13,37.939998626708984,32.83594512939453
2022-10-14,37.130001068115234,32.134918212890625
2022-10-17,38.41999816894531,33.25136947631836
2022-10-18,38.689998626708984,33.48505783081055
2022-10-19,37.7599983215332,32.68016052246094
2022-10-20,37.810001373291016,32.72344970703125
2022-10-21,38.029998779296875,32.91383743286133
2022-10-24,38.060001373291016,32.93980407714844
2022-10-25,39.47999954223633,34.16876983642578
2022-10-26,39.61000061035156,34.28128433227539
2022-10-27,39.720001220703125,34.376487731933594
2022-10-28,40.369998931884766,34.93903350830078
2022-10-31,40.09000015258789,34.69670867919922
2022-11-01,40.209999084472656,34.80057144165039
2022-11-02,39.20000076293945,33.92644119262695
2022-11-03,39.04999923706055,33.7966194152832
2022-11-04,39.869998931884766,34.50630569458008
2022-11-07,39.810001373291016,34.454383850097656
2022-11-08,40.099998474121094,34.70537185668945
2022-11-09,39.72999954223633,34.385135650634766
2022-11-10,42.369998931884766,36.669986724853516
2022-11-11,42.529998779296875,36.80845642089844
2022-11-14,41.66999816894531,36.06414794921875
2022-11-15,41.939998626708984,36.29783248901367
2022-11-16,41.650001525878906,36.04684829711914
2022-11-17,41.43000030517578,35.85643768310547
2022-11-18,41.900001525878906,36.263206481933594
2022-11-21,41.93000030517578,36.2891731262207
2022-11-22,42.16999816894531,36.49688720703125
2022-11-23,42.060001373291016,36.40168762207031
2022-11-25,42.45000076293945,36.739219665527344
2022-11-28,41.5099983215332,35.92567825317383
2022-11-29,42.06999969482422,36.410343170166016
2022-11-30,42.86000061035156,37.09406280517578
2022-12-01,42.810001373291016,37.05078125
2022-12-02,42.790000915527344,37.03348159790039
2022-12-05,42.15999984741211,36.48823165893555
2022-12-06,41.88999938964844,36.25455856323242
2022-12-07,41.9900016784668,36.341102600097656
2022-12-08,42.33000183105469,36.63535690307617
2022-12-09,42.2400016784668,36.55746841430664
2022-12-12,42.34000015258789,36.644020080566406
2022-12-13,43.08000183105469,37.28446960449219
2022-12-14,43.040000915527344,37.249847412109375
2022-12-15,42.38999938964844,36.687294006347656
2022-12-16,41.459999084472656,35.88239669799805
2022-12-19,40.619998931884766,35.5212516784668
2022-12-20,40.31999969482422,35.2588996887207
2022-12-21,40.75,35.63492202758789
2022-12-22,40.63999938964844,35.538734436035156
2022-12-23,40.81999969482422,35.69613265991211
2022-12-27,40.83000183105469,35.70487976074219
2022-12-28,40.27000045776367,35.215187072753906
2022-12-29,41.130001068115234,35.96723175048828
2022-12-30,40.900001525878906,35.76610565185547
2023-01-03,40.970001220703125,35.82731628417969
2023-01-04,41.70000076293945,36.46567916870117
2023-01-05,40.650001525878906,35.547481536865234
2023-01-06,41.54999923706055,36.33449935913086
2023-01-09,41.650001525878906,36.42195510864258
2023-01-10,41.650001525878906,36.42195510864258
2023-01-11,42.88999938964844,37.50630187988281
2023-01-12,43.4900016784668,38.03099822998047
2023-01-13,43.220001220703125,37.79488754272461
2023-01-17,43.5099983215332,38.04848098754883
2023-01-18,43.08000183105469,37.67245864868164
2023-01-19,42.790000915527344,37.41885757446289
2023-01-20,43.290000915527344,37.85609817504883
2023-01-23,43.619998931884766,38.14466857910156
2023-01-24,43.90999984741211,38.39827346801758
2023-01-25,43.900001525878906,38.389530181884766
2023-01-26,44.15999984741211,38.61689376831055
2023-01-27,44.75,39.13283157348633
2023-01-30,44.22999954223633,38.678104400634766
2023-01-31,44.75,39.13283157348633
2023-02-01,45.11000061035156,39.44764709472656
2023-02-02,46.08000183105469,40.2958869934082
2023-02-03,45.279998779296875,39.59630584716797
2023-02-06,44.900001525878906,39.26401138305664
2023-02-07,44.79999923706055,39.17655563354492
2023-02-08,44.65999984741211,39.054134368896484
2023-02-09,44.209999084472656,38.66061782836914
2023-02-10,44.209999084472656,38.66061782836914
2023-02-13,44.58000183105469,38.98418045043945
2023-02-14,44.349998474121094,38.783042907714844
2023-02-15,44.20000076293945,38.6518669128418
2023-02-16,43.9900016784668,38.46823501586914
2023-02-17,43.88999938964844,38.38078308105469
2023-02-21,43.130001068115234,37.716190338134766
2023-02-22,42.88999938964844,37.50630187988281
2023-02-23,43.209999084472656,37.78614044189453
2023-02-24,42.560001373291016,37.21773147583008
2023-02-27,42.709999084472656,37.34889602661133
2023-02-28,42.63999938964844,37.28769302368164
2023-03-01,42.040000915527344,36.76300048828125
2023-03-02,42.40999984741211,37.0865592956543
2023-03-03,43.040000915527344,37.63748550415039
2023-03-06,43.0,37.602508544921875
2023-03-07,42.08000183105469,36.79798126220703
2023-03-08,42.310001373291016,36.99911117553711
2023-03-09,41.4900016784668,36.28204345703125
2023-03-10,40.279998779296875,35.22392654418945
2023-03-13,40.70000076293945,35.59120559692383
2023-03-14,41.04999923706055,35.89727020263672
2023-03-15,40.86000061035156,35.73112106323242
2023-03-16,40.7400016784668,35.626182556152344
2023-03-17,39.90999984741211,34.900367736816406
2023-03-20,40.099998474121094,35.31159973144531
2023-03-21,39.90999984741211,35.144287109375
2023-03-22,38.709999084472656,34.087589263916016
2023-03-23,38.630001068115234,34.01714324951172
2023-03-24,39.189998626708984,34.51026153564453
2023-03-27,39.33000183105469,34.6335563659668
2023-03-28,39.25,34.5630989074707
2023-03-29,39.93000030517578,35.16189956665039
2023-03-30,40.5,35.66383743286133
2023-03-31,41.15999984741211,36.245025634765625
2023-04-03,41.16999816894531,36.25383758544922
2023-04-04,41.16999816894531,36.25383758544922
2023-04-05,40.849998474121094,35.972042083740234
2023-04-06,41.060001373291016,36.15696716308594
2023-04-10,41.150001525878906,36.23621368408203
2023-04-11,41.22999954223633,36.30665969848633
2023-04-12,41.060001373291016,36.15696716308594
2023-04-13,40.95000076293945,36.06010055541992
2023-04-14,40.52000045776367,35.681453704833984
2023-04-17,41.2400016784668,36.31547546386719
2023-04-18,41.11000061035156,36.20099639892578
2023-04-19,41.25,36.324275970458984
2023-04-20,41.029998779296875,36.13054275512695
2023-04-21,41.16999816894531,36.25383758544922
2023-04-24,41.040000915527344,36.13935470581055
2023-04-25,40.70000076293945,35.8399543762207
2023-04-26,40.540000915527344,35.699058532714844
2023-04-27,41.279998779296875,36.35069274902344
2023-04-28,41.79999923706055,36.808597564697266
2023-05-01,41.47999954223633,36.52681350708008
2023-05-02,40.90999984741211,36.02487564086914
2023-05-03,40.91999816894531,36.0336799621582
2023-05-04,41.31999969482422,36.38591766357422
2023-05-05,41.90999984741211,36.90546798706055
2023-05-08,41.849998474121094,36.85262680053711
2023-05-09,41.41999816894531,36.473976135253906
2023-05-10,41.720001220703125,36.73815155029297
2023-05-11,41.380001068115234,36.438758850097656
2023-05-12,41.130001068115234,36.21860885620117
2023-05-15,41.369998931884766,36.42995071411133
2023-05-16,40.459999084472656,35.628604888916016
2023-05-17,40.689998626708984,35.83115005493164
2023-05-18,40.33000183105469,35.51414108276367
2023-05-19,40.349998474121094,35.531742095947266
2023-05-22,40.56999969482422,35.72549057006836
2023-05-23,40.33000183105469,35.51414108276367
2023-05-24,39.560001373291016,34.836082458496094
2023-05-25,39.38999938964844,34.68638229370117
2023-05-26,39.84000015258789,35.08264923095703
2023-05-30,39.93000030517578,35.16189956665039
2023-05-31,40.13999938964844,35.346824645996094
2023-06-01,40.099998474121094,35.31159973144531
2023-06-02,41.040000915527344,36.13935470581055
2023-06-05,40.83000183105469,35.954437255859375
2023-06-06,41.25,36.324275970458984
2023-06-07,41.68000030517578,36.70293426513672
2023-06-08,41.459999084472656,36.50919723510742
2023-06-09,41.369998931884766,36.42995071411133
2023-06-12,41.290000915527344,36.35950469970703
2023-06-13,41.36000061035156,36.4211540222168
2023-06-14,41.5,36.54442596435547
2023-06-15,41.66999816894531,36.694122314453125
2023-06-16,41.7599983215332,36.77337646484375
2023-06-20,40.81999969482422,36.29150390625
2023-06-21,40.630001068115234,36.122589111328125
2023-06-22,39.9900016784668,35.553592681884766
2023-06-23,39.369998931884766,35.00236511230469
2023-06-26,40.15999984741211,35.704734802246094
2023-06-27,40.61000061035156,36.10480499267578
2023-06-28,40.5099983215332,36.015892028808594
2023-06-29,40.7599983215332,36.2381591796875
2023-06-30,41.06999969482422,36.513771057128906
2023-07-03,41.560001373291016,36.94941329956055
2023-07-05,41.56999969482422,36.95829391479492
2023-07-06,41.20000076293945,36.62934875488281
2023-07-07,41.13999938964844,36.57600784301758
2023-07-10,41.33000183105469,36.74492263793945
2023-07-11,41.95000076293945,37.2961540222168
2023-07-12,42.31999969482422,37.625099182128906
2023-07-13,42.7599983215332,38.01628494262695
2023-07-14,42.65999984741211,37.92738342285156
2023-07-17,42.560001373291016,37.838478088378906
2023-07-18,42.2400016784668,37.55397415161133
2023-07-19,42.790000915527344,38.0429573059082
2023-07-20,42.79999923706055,38.051849365234375
2023-07-21,42.900001525878906,38.14075469970703
2023-07-24,43.09000015258789,38.30967712402344
2023-07-25,42.90999984741211,38.14965057373047
2023-07-26,43.15999984741211,38.371910095214844
2023-07-27,42.400001525878906,37.69622039794922
2023-07-28,42.380001068115234,37.67844009399414
2023-07-31,42.59000015258789,37.86514663696289
2023-08-01,42.25,37.56287384033203
2023-08-02,41.93000030517578,37.27836227416992
2023-08-03,41.66999816894531,37.047210693359375
2023-08-04,41.43000030517578,36.83383560180664
2023-08-07,41.93000030517578,37.27836227416992
2023-08-08,41.54999923706055,36.940521240234375
2023-08-09,41.59000015258789,36.9760856628418
2023-08-10,41.470001220703125,36.86940002441406
2023-08-11,41.439998626708984,36.84272384643555
2023-08-14,41.040000915527344,36.48710250854492
2023-08-15,40.54999923706055,36.05146026611328
2023-08-16,40.279998779296875,35.8114128112793
2023-08-17,40.040000915527344,35.59804153442383
2023-08-18,40.099998474121094,35.6513786315918
2023-08-21,39.70000076293945,35.29575729370117
2023-08-22,39.849998474121094,35.42912292480469
2023-08-23,40.5099983215332,36.015892028808594
2023-08-24,40.29999923706055,35.829193115234375
2023-08-25,40.380001068115234,35.90032958984375
2023-08-28,40.720001220703125,36.202598571777344
2023-08-29,41.20000076293945,36.62934875488281
2023-08-30,41.369998931884766,36.780494689941406
2023-08-31,41.130001068115234,36.56711959838867
2023-09-01,41.099998474121094,36.54043960571289
2023-09-05,40.61000061035156,36.10480499267578
2023-09-06,40.56999969482422,36.069244384765625
2023-09-07,40.70000076293945,36.184818267822266
2023-09-08,40.56999969482422,36.069244384765625
2023-09-11,40.619998931884766,36.11369323730469
2023-09-12,40.630001068115234,36.122589111328125
2023-09-13,40.25,35.78473663330078
2023-09-14,41.0099983215332,36.46043014526367
2023-09-15,40.900001525878906,36.36263656616211
2023-09-18,40.11000061035156,36.00358200073242
2023-09-19,39.959999084472656,35.86894226074219
2023-09-20,40.08000183105469,35.976654052734375
2023-09-21,38.90999984741211,34.92643737792969
2023-09-22,38.7400016784668,34.773841857910156
2023-09-25,38.59000015258789,34.63920211791992
2023-09-26,37.93000030517578,34.046756744384766
2023-09-27,37.7400016784668,33.876216888427734
2023-09-28,37.970001220703125,34.08266830444336
2023-09-29,38.20000076293945,34.289127349853516
2023-10-02,37.470001220703125,33.63386154174805
2023-10-03,36.77000045776367,33.005523681640625
2023-10-04,37.18000030517578,33.37355422973633
2023-10-05,37.4900016784668,33.651817321777344
2023-10-06,37.54999923706055,33.7056770324707
2023-10-09,37.84000015258789,33.965980529785156
2023-10-10,38.11000061035156,34.20833969116211
2023-10-11,38.59000015258789,34.63920211791992
2023-10-12,38.04999923706055,34.154483795166016
2023-10-13,37.86000061035156,33.98393249511719
2023-10-16,38.209999084472656,34.298091888427734
2023-10-17,38.29999923706055,34.37889099121094
2023-10-18,37.52000045776367,33.678741455078125
2023-10-19,36.81999969482422,33.050411224365234
2023-10-20,36.58000183105469,32.834983825683594
2023-10-23,36.130001068115234,32.431053161621094
2023-10-24,36.59000015258789,32.84395217895508
2023-10-25,35.83000183105469,32.16176986694336
2023-10-26,36.18000030517578,32.47593307495117
2023-10-27,35.7400016784668,32.08098602294922
2023-10-30,36.0,32.314361572265625
2023-10-31,36.529998779296875,32.79009246826172
2023-11-01,36.790000915527344,33.02348709106445
2023-11-02,38.02000045776367,34.12755584716797
2023-11-03,38.810001373291016,34.83667755126953
2023-11-06,38.189998626708984,34.280147552490234
2023-11-07,37.95000076293945,34.064720153808594
2023-11-08,38.060001373291016,34.163455963134766
2023-11-09,37.56999969482422,33.72361755371094
2023-11-10,37.86000061035156,33.98393249511719
2023-11-13,37.54999923706055,33.7056770324707
2023-11-14,39.47999954223633,35.43807601928711
2023-11-15,39.5099983215332,35.46501159667969
2023-11-16,39.31999969482422,35.29446792602539
2023-11-17,39.43000030517578,35.39320373535156
2023-11-20,39.709999084472656,35.644535064697266
2023-11-21,39.45000076293945,35.411155700683594
2023-11-22,39.58000183105469,35.52785110473633
2023-11-24,39.75,35.68043899536133
2023-11-27,39.779998779296875,35.707366943359375
2023-11-28,39.95000076293945,35.859962463378906
2023-11-29,40.09000015258789,35.985626220703125
2023-11-30,40.36000061035156,36.22798538208008
2023-12-01,41.209999084472656,36.9909553527832
2023-12-04,41.5099983215332,37.260250091552734
2023-12-05,41.2599983215332,37.035850524902344
2023-12-06,41.349998474121094,37.11662292480469
2023-12-07,41.41999816894531,37.179466247558594
2023-12-08,41.40999984741211,37.170494079589844
2023-12-11,41.529998779296875,37.278202056884766
2023-12-12,41.54999923706055,37.29615783691406
2023-12-13,43.029998779296875,38.6246337890625
2023-12-14,44.36000061035156,39.8184700012207
2023-12-15,43.709999084472656,39.23501968383789
2023-12-18,43.060001373291016,39.0798225402832
2023-12-19,43.29999923706055,39.297637939453125
2023-12-20,42.790000915527344,38.834781646728516
2023-12-21,43.22999954223633,39.234107971191406
2023-12-22,43.36000061035156,39.35210037231445
2023-12-26,43.65999984741211,39.62437057495117
2023-12-27,43.84000015258789,39.7877311706543
2023-12-28,44.099998474121094,40.0236930847168
2023-12-29,43.709999084472656,39.669742584228516
2024-01-02,43.83000183105469,39.77865219116211
2024-01-03,43.0,39.02537536621094
2024-01-04,42.880001068115234,38.91646194458008
2024-01-05,42.90999984741211,38.943695068359375
2024-01-08,43.4900016784668,39.47008514404297
2024-01-09,43.189998626708984,39.197811126708984
2024-01-10,43.349998474121094,39.343013763427734
2024-01-11,43.150001525878906,39.16150665283203
2024-01-12,43.400001525878906,39.388404846191406
2024-01-16,42.90999984741211,38.943695068359375
2024-01-17,42.040000915527344,38.15410614013672
2024-01-18,41.77000045776367,37.909061431884766
2024-01-19,42.279998779296875,38.371917724609375
2024-01-22,42.4900016784668,38.56251525878906
2024-01-23,42.220001220703125,38.31747055053711
2024-01-24,41.849998474121094,37.981666564941406
2024-01-25,42.119998931884766,38.22671127319336
2024-01-26,42.119998931884766,38.22671127319336
2024-01-29,42.470001220703125,38.54436492919922
2024-01-30,42.16999816894531,38.27208709716797
2024-01-31,41.84000015258789,37.972599029541016
2024-02-01,42.36000061035156,38.44452667236328
2024-02-02,41.880001068115234,38.00889587402344
2024-02-05,41.209999084472656,37.400821685791016
2024-02-06,41.720001220703125,37.86368942260742
2024-02-07,41.619998931884766,37.77293014526367
2024-02-08,41.900001525878906,38.02705001831055
2024-02-09,41.869998931884766,37.999820709228516
2024-02-12,41.86000061035156,37.99074935913086
2024-02-13,40.97999954223633,37.19208908081055
2024-02-14,41.2400016784668,37.42805480957031
2024-02-15,42.18000030517578,38.28117370605469
2024-02-16,41.88999938964844,38.017974853515625
2024-02-20,41.75,37.89091491699219
2024-02-21,42.040000915527344,38.15410614013672
2024-02-22,42.04999923706055,38.16318130493164
2024-02-23,41.95000076293945,38.072425842285156
2024-02-26,41.56999969482422,37.727542877197266
2024-02-27,41.52000045776367,37.682167053222656
2024-02-28,41.709999084472656,37.8546142578125
2024-02-29,41.88999938964844,38.017974853515625
2024-03-01,42.290000915527344,38.38099670410156
2024-03-04,42.54999923706055,38.616973876953125
2024-03-05,42.099998474121094,38.20855712890625
2024-03-06,42.400001525878906,38.480831146240234
2024-03-07,42.52000045776367,38.589744567871094
2024-03-08,43.0,39.02537536621094
2024-03-11,42.810001373291016,38.85293197631836
2024-03-12,42.70000076293945,38.75310134887695
2024-03-13,42.52000045776367,38.589744567871094
2024-03-14,42.02000045776367,38.135955810546875
2024-03-15,42.0099983215332,38.12687683105469
2024-03-18,41.779998779296875,38.14878845214844
2024-03-19,41.83000183105469,38.194454193115234
2024-03-20,42.20000076293945,38.53230285644531
2024-03-21,42.459999084472656,38.76969528198242
2024-03-22,42.029998779296875,38.3770637512207
2024-03-25,41.77000045776367,38.13966369628906
2024-03-26,41.619998931884766,38.00270080566406
2024-03-27,42.529998779296875,38.833614349365234
2024-03-28,42.81999969482422,39.0984001159668
2024-04-01,42.22999954223633,38.55967712402344
2024-04-02,41.70000076293945,38.07574462890625
2024-04-03,41.66999816894531,38.04835891723633
2024-04-04,41.400001525878906,37.801822662353516
2024-04-05,41.650001525878906,38.03009033203125
2024-04-08,42.290000915527344,38.61446762084961
2024-04-09,42.65999984741211,38.952308654785156
2024-04-10,41.209999084472656,37.628326416015625
2024-04-11,41.36000061035156,37.76530075073242
2024-04-12,40.79999923706055,37.253971099853516
2024-04-15,40.209999084472656,36.71524429321289
2024-04-16,39.7400016784668,36.28609848022461
2024-04-17,39.56999969482422,36.13086700439453
2024-04-18,39.54999923706055,36.112613677978516
2024-04-19,39.709999084472656,36.25870132446289
2024-04-22,40.11000061035156,36.62393569946289
2024-04-23,40.540000915527344,37.016563415527344
2024-04-24,40.439998626708984,36.925254821777344
2024-04-25,40.209999084472656,36.71524429321289
2024-04-26,40.220001220703125,36.7243766784668
2024-04-29,40.630001068115234,37.0987434387207
2024-04-30,40.0099983215332,36.532630920410156
2024-05-01,39.97999954223633,36.5052375793457
2024-05-02,40.72999954223633,37.1900520324707
2024-05-03,41.040000915527344,37.473106384277344
2024-05-06,41.119998931884766,37.54615783691406
2024-05-07,41.36000061035156,37.76530075073242
2024-05-08,40.95000076293945,37.390933990478516
2024-05-09,41.619998931884766,38.00270080566406
2024-05-10,41.5,37.89312744140625
2024-05-13,41.59000015258789,37.975311279296875
2024-05-14,41.86000061035156,38.22184371948242
2024-05-15,42.41999816894531,38.73317337036133
2024-05-16,42.36000061035156,38.67837905883789
2024-05-17,42.349998474121094,38.669254302978516
2024-05-20,42.13999938964844,38.477500915527344
2024-05-21,42.08000183105469,38.422725677490234
2024-05-22,41.7599983215332,38.13053512573242
2024-05-23,40.86000061035156,37.308753967285156
2024-05-24,40.939998626708984,37.38180160522461
2024-05-28,40.810001373291016,37.26309585571289
2024-05-29,40.36000061035156,36.85221481323242
2024-05-30,40.91999816894531,37.3635368347168
2024-05-31,41.540000915527344,37.92966079711914
2024-06-03,41.560001373291016,37.947914123535156
2024-06-04,41.81999969482422,38.18532180786133
2024-06-05,41.849998474121094,38.21270751953125
2024-06-06,41.880001068115234,38.24010467529297
2024-06-07,41.36000061035156,37.76530075073242
2024-06-10,41.52000045776367,37.9113883972168
2024-06-11,41.16999816894531,37.59181213378906
2024-06-12,41.619998931884766,38.00270080566406
2024-06-13,41.68000030517578,38.05747985839844
2024-06-14,41.58000183105469,37.966182708740234
2024-06-17,41.529998779296875,37.9205207824707
2024-06-18,41.630001068115234,38.0118293762207
2024-06-20,41.5099983215332,37.90225601196289
2024-06-21,41.5099983215332,37.90225601196289
2024-06-24,41.540000915527344,38.30989074707031
2024-06-25,41.060001373291016,37.867218017578125
2024-06-26,40.88999938964844,37.71043395996094
2024-06-27,41.09000015258789,37.894874572753906
2024-06-28,41.529998779296875,38.30066680908203
2024-07-01,41.22999954223633,38.02399444580078
2024-07-02,41.459999084472656,38.23611068725586
2024-07-03,41.56999969482422,38.33755111694336
2024-07-05,41.70000076293945,38.45744705200195
2024-07-08,41.689998626708984,38.44822692871094
2024-07-09,41.70000076293945,38.45744705200195
2024-07-10,42.060001373291016,38.789459228515625
2024-07-11,42.91999816894531,39.582576751708984
2024-07-12,43.349998474121094,39.9791374206543
2024-07-15,43.540000915527344,40.15437698364258
2024-07-16,43.90999984741211,40.495601654052734
2024-07-17,44.11000061035156,40.6800537109375
2024-07-18,43.70000076293945,40.30192947387695
2024-07-19,43.54999923706055,40.163597106933594
2024-07-22,44.04999923706055,40.62471008300781
2024-07-23,43.939998626708984,40.52326965332031
2024-07-24,43.2400016784668,39.87770462036133
2024-07-25,42.90999984741211,39.573368072509766
2024-07-26,43.56999969482422,40.182037353515625
2024-07-29,43.77000045776367,40.366485595703125
2024-07-30,44.0099983215332,40.58782958984375
2024-07-31,43.900001525878906,40.48637771606445
2024-08-01,44.11000061035156,40.6800537109375
2024-08-02,44.13999938964844,40.70772171020508
2024-08-05,43.08000183105469,39.73014450073242
2024-08-06,43.959999084472656,40.54171371459961
2024-08-07,43.75,40.348045349121094
2024-08-08,44.25,40.809165954589844
2024-08-09,44.5099983215332,41.048946380615234
2024-08-12,44.119998931884766,40.689273834228516
2024-08-13,44.720001220703125,41.24262237548828
2024-08-14,44.9900016784668,41.49162292480469
2024-08-15,44.939998626708984,41.44551086425781
2024-08-16,44.95000076293945,41.45473098754883
2024-08-19,45.29999923706055,41.77751922607422
2024-08-20,45.22999954223633,41.71295928955078
2024-08-21,45.47999954223633,41.943511962890625
2024-08-22,45.720001220703125,42.164859771728516
2024-08-23,46.310001373291016,42.708988189697266
2024-08-26,46.47999954223633,42.865760803222656
2024-08-27,46.540000915527344,42.92110061645508
2024-08-28,46.470001220703125,42.85654067993164
2024-08-29,46.220001220703125,42.6259765625
2024-08-30,46.560001373291016,42.93954086303711
2024-09-03,46.45000076293945,42.83808898925781
2024-09-04,46.529998779296875,42.911869049072266
2024-09-05,46.65999984741211,43.03176498413086
2024-09-06,46.54999923706055,42.93031692504883
2024-09-09,46.95000076293945,43.299217224121094
2024-09-10,47.56999969482422,43.87100601196289
2024-09-11,47.5,43.80644989013672
2024-09-12,47.779998779296875,44.064674377441406
2024-09-13,48.33000183105469,44.571903228759766
2024-09-16,48.47999954223633,44.710243225097656
2024-09-17,48.06999969482422,44.33212661743164
2024-09-18,47.849998474121094,44.12923049926758
2024-09-19,48.119998931884766,44.378238677978516
2024-09-20,47.75,44.037010192871094
2024-09-23,47.779998779296875,44.43691635131836
2024-09-24,47.84000015258789,44.49272155761719
2024-09-25,47.5,44.176513671875
2024-09-26,47.43000030517578,44.11140823364258
2024-09-27,47.4900016784668,44.167213439941406
2024-09-30,47.529998779296875,44.204410552978516
2024-10-01,47.310001373291016,43.99980545043945
2024-10-02,47.029998779296875,43.7393913269043
2024-10-03,46.70000076293945,43.43248748779297
2024-10-04,46.59000015258789,43.33018493652344
2024-10-07,46.04999923706055,42.82796096801758
2024-10-08,46.029998779296875,42.809364318847656
2024-10-09,45.970001220703125,42.753562927246094
2024-10-10,45.75,42.54895782470703
2024-10-11,46.18000030517578,42.94886779785156
2024-10-14,46.31999969482422,43.07907485961914
2024-10-15,46.599998474121094,43.339481353759766
2024-10-16,47.119998931884766,43.82310104370117
2024-10-17,46.790000915527344,43.51619338989258
2024-10-18,47.02000045776367,43.73009490966797
2024-10-21,46.13999938964844,42.91167449951172
2024-10-22,46.150001525878906,42.92096710205078
2024-10-23,46.45000076293945,43.19997787475586
2024-10-24,46.31999969482422,43.07907485961914
2024-10-25,45.95000076293945,42.734962463378906
2024-10-28,46.20000076293945,42.967472076416016
2024-10-29,45.90999984741211,42.6977653503418
2024-10-30,46.099998474121094,42.87446594238281
2024-10-31,45.29999923706055,42.13044738769531
2024-11-01,44.970001220703125,41.82353210449219
2024-11-04,45.310001373291016,42.13974380493164
2024-11-05,45.81999969482422,42.61405563354492
2024-11-06,45.130001068115234,41.97233963012695
2024-11-07,45.599998474121094,42.40945053100586
2024-11-08,46.02000045776367,42.80006408691406
2024-11-11,45.869998931884766,42.66055679321289
2024-11-12,45.220001220703125,42.05603790283203
2024-11-13,45.349998474121094,42.17694091796875
2024-11-14,44.959999084472656,41.81423568725586
2024-11-15,45.08000183105469,41.92584228515625
2024-11-18,45.290000915527344,42.12113952636719
2024-11-19,45.5,42.316444396972656
2024-11-20,45.29999923706055,42.13044738769531
2024-11-21,45.470001220703125,42.288551330566406
2024-11-22,45.81999969482422,42.61405563354492
2024-11-25,46.2599983215332,43.02327346801758
2024-11-26,46.349998474121094,43.10696792602539
2024-11-27,46.72999954223633,43.460391998291016
2024-11-29,46.689998626708984,43.423179626464844
2024-12-02,46.11000061035156,42.883766174316406
2024-12-03,45.79999923706055,42.595455169677734
2024-12-04,45.689998626708984,42.49315643310547
2024-12-05,45.599998474121094,42.40945053100586
2024-12-06,45.56999969482422,42.38154602050781
2024-12-09,45.61000061035156,42.41875076293945
2024-12-10,45.029998779296875,41.87932586669922
2024-12-11,44.91999816894531,41.77702331542969
2024-12-12,44.880001068115234,41.739830017089844
2024-12-13,44.849998474121094,41.71192932128906
2024-12-16,44.619998931884766,41.498016357421875
2024-12-17,44.47999954223633,41.367820739746094
2024-12-18,42.90999984741211,39.90766906738281
2024-12-19,42.40999984741211,39.442649841308594
2024-12-20,43.060001373291016,40.04717254638672
2024-12-23,42.720001220703125,40.20906066894531
2024-12-24,43.029998779296875,40.5008430480957
2024-12-26,43.16999816894531,40.63261413574219
2024-12-27,42.810001373291016,40.29377746582031
2024-12-30,42.56999969482422,40.067874908447266
2024-12-31,42.88999938964844,40.36907196044922
2025-01-02,42.54999923706055,40.04905319213867
2025-01-03,43.099998474121094,40.56671905517578
2025-01-06,42.61000061035156,40.10552978515625
2025-01-07,42.34000015258789,39.85139846801758
2025-01-08,42.290000915527344,39.8043327331543
2025-01-10,41.40999984741211,38.97605895996094
2025-01-13,41.7400016784668,39.28666687011719
2025-01-14,42.08000183105469,39.60668182373047
2025-01-15,42.279998779296875,39.794918060302734
2025-01-16,42.86000061035156,40.3408317565918
2025-01-17,42.75,40.23729705810547
2025-01-21,43.540000915527344,40.980865478515625
2025-01-22,42.95000076293945,40.42554473876953
2025-01-23,43.31999969482422,40.77379608154297
2025-01-24,43.54999923706055,40.990272521972656
2025-01-27,43.95000076293945,41.366764068603516
2025-01-28,43.650001525878906,41.08440399169922
2025-01-29,43.189998626708984,40.65143585205078
2025-01-30,43.709999084472656,41.140869140625
2025-01-31,43.619998931884766,41.05615997314453
2025-02-03,43.45000076293945,40.89616012573242
2025-02-04,43.560001373291016,40.99969482421875
2025-02-05,44.04999923706055,41.46088409423828
2025-02-06,44.189998626708984,41.59265899658203
2025-02-07,43.95000076293945,41.366764068603516
2025-02-10,43.959999084472656,41.37617874145508
2025-02-11,44.15999984741211,41.564422607421875
2025-02-12,43.939998626708984,41.35735321044922
2025-02-13,44.470001220703125,41.856204986572266
2025-02-14,44.349998474121094,41.74325180053711
2025-02-18,44.5,41.884437561035156
2025-02-19,44.349998474121094,41.74325180053711
2025-02-20,44.650001525878906,42.02561950683594
2025-02-21,44.2599983215332,41.65854263305664
2025-02-24,44.43000030517578,41.81855773925781
2025-02-25,44.75,42.119747161865234
2025-02-26,44.58000183105469,41.95973587036133
2025-02-27,44.709999084472656,42.08209991455078
2025-02-28,44.970001220703125,42.32681655883789
2025-03-03,45.029998779296875,42.3832893371582
2025-03-04,44.720001220703125,42.09150695800781
2025-03-05,45.2400016784668,42.58094787597656
2025-03-06,44.099998474121094,41.50794982910156
2025-03-07,44.369998931884766,41.76207733154297
2025-03-10,43.849998474121094,41.272640228271484
2025-03-11,43.529998779296875,40.97145462036133
2025-03-12,43.529998779296875,40.97145462036133
2025-03-13,42.790000915527344,40.27495193481445
2025-03-14,43.40999984741211,40.85851287841797
2025-03-17,44.150001525878906,41.555015563964844
2025-03-18,43.79999923706055,41.225582122802734
2025-03-19,43.79999923706055,41.225582122802734
2025-03-20,43.70000076293945,41.1314582824707
2025-03-21,43.27000045776367,40.72673416137695
2025-03-24,43.619998931884766,41.332218170166016
2025-03-25,43.31999969482422,41.04795455932617
2025-03-26,43.4900016784668,41.20904541015625
2025-03-27,43.349998474121094,41.076385498046875
2025-03-28,43.349998474121094,41.076385498046875
2025-03-31,43.63999938964844,41.351173400878906
2025-04-01,43.70000076293945,41.408023834228516
2025-04-02,43.88999938964844,41.58805847167969
2025-04-03,42.65999984741211,40.42257308959961
2025-04-04,40.83000183105469,38.68855285644531
2025-04-07,39.58000183105469,37.504112243652344
2025-04-08,38.849998474121094,36.812400817871094
2025-04-09,41.18000030517578,39.02019500732422
2025-04-10,40.47999954223633,38.356910705566406
2025-04-11,41.16999816894531,39.01071548461914
2025-04-14,41.77000045776367,39.57925033569336
2025-04-15,42.11000061035156,39.90141677856445
2025-04-16,42.099998474121094,39.891944885253906
2025-04-17,42.88999938964844,40.64051055908203
2025-04-21,42.040000915527344,39.835086822509766
2025-04-22,42.849998474121094,40.602603912353516
2025-04-23,42.93000030517578,40.67841339111328
2025-04-24,43.08000183105469,40.82054901123047
2025-04-25,42.939998626708984,40.68788528442383
2025-04-28,43.369998931884766,41.095333099365234
2025-04-29,43.38999938964844,41.11428451538086
2025-04-30,43.630001068115234,41.341697692871094
2025-05-01,43.709999084472656,41.41749954223633
2025-05-02,44.150001525878906,41.83442687988281
2025-05-05,44.13999938964844,41.824947357177734
2025-05-06,43.95000076293945,41.64491271972656
2025-05-07,43.9900016784668,41.68281936645508
2025-05-08,43.65999984741211,41.370121002197266
2025-05-09,43.939998626708984,41.63543701171875
2025-05-12,44.130001068115234,41.81547164916992
2025-05-13,43.68000030517578,41.389076232910156
2025-05-14,43.29999923706055,41.02899932861328
2025-05-15,44.04999923706055,41.739662170410156
2025-05-16,44.400001525878906,42.071319580078125
2025-05-19,44.47999954223633,42.14711380004883
2025-05-20,44.34000015258789,42.01445388793945
2025-05-21,43.349998474121094,41.076385498046875
2025-05-22,43.189998626708984,40.924774169921875
2025-05-23,43.349998474121094,41.076385498046875
2025-05-27,44.11000061035156,41.79652404785156
2025-05-28,44.029998779296875,41.72071838378906
2025-05-29,44.38999938964844,42.06184005737305
2025-05-30,44.529998779296875,42.19449234008789
2025-06-02,44.650001525878906,42.308197021484375
2025-06-03,44.36000061035156,42.03340530395508
2025-06-04,44.45000076293945,42.11868667602539
2025-06-05,44.400001525878906,42.071319580078125
2025-06-06,44.68000030517578,42.336631774902344
2025-06-09,44.66999816894531,42.3271484375
2025-06-10,44.970001220703125,42.61141586303711
2025-06-11,44.790000915527344,42.44085693359375
2025-06-12,45.0,42.63983917236328
2025-06-13,44.5,42.16606521606445
2025-06-16,44.52000045776367,42.18501663208008
2025-06-17,44.5099983215332,42.175540924072266
2025-06-18,44.560001373291016,42.22292709350586
2025-06-20,44.4900016784668,42.15658950805664
2025-06-23,44.540000915527344,42.63714599609375
2025-06-24,44.66999816894531,42.761592864990234
2025-06-25,43.7400016784668,41.87133026123047
2025-06-26,43.939998626708984,42.062774658203125
2025-06-27,44.040000915527344,42.15850830078125
2025-06-30,44.13999938964844,42.254234313964844
2025-07-01,44.529998779296875,42.62757110595703
2025-07-02,44.47999954223633,42.579708099365234
2025-07-03,44.54999923706055,42.64672088623047
2025-07-07,44.130001068115234,42.244659423828125
2025-07-08,43.95000076293945,42.07235336303711
2025-07-09,43.9900016784668,42.11064529418945
2025-07-10,44.189998626708984,42.302093505859375
2025-07-11,43.959999084472656,42.08192443847656
2025-07-14,44.33000183105469,42.436119079589844
2025-07-15,43.7400016784668,41.87133026123047
2025-07-16,44.150001525878906,42.26380920410156
2025-07-17,44.04999923706055,42.16807556152344
2025-07-18,44.0099983215332,42.12978744506836
2025-07-21,44.29999923706055,42.40740203857422
2025-07-22,44.91999816894531,43.000911712646484
2025-07-23,44.939998626708984,43.020057678222656
2025-07-24,44.689998626708984,42.780738830566406
2025-07-25,44.630001068115234,42.72330093383789
2025-07-28,44.0099983215332,42.12978744506836
2025-07-29,44.65999984741211,42.75202178955078
2025-07-30,44.13999938964844,42.254234313964844
2025-07-31,43.529998779296875,41.67029571533203
2025-08-01,43.58000183105469,41.718162536621094
2025-08-04,44.040000915527344,42.15850830078125
2025-08-05,44.2400016784668,42.34996795654297
2025-08-06,44.20000076293945,42.31167221069336
2025-08-07,44.349998474121094,42.45526123046875
2025-08-08,44.279998779296875,42.38825607299805
2025-08-11,44.0,42.120216369628906
2025-08-12,44.290000915527344,42.3978271484375
2025-08-13,44.54999923706055,42.64672088623047
2025-08-14,44.31999969482422,42.42654037475586
2025-08-15,44.45000076293945,42.550987243652344
2025-08-18,44.130001068115234,42.244659423828125
2025-08-19,44.79999923706055,42.88603973388672
2025-08-20,45.04999923706055,43.1253547668457
2025-08-21,44.81999969482422,42.905181884765625
2025-08-22,45.45000076293945,43.50826644897461
2025-08-25,45.15999984741211,43.230655670166016
2025-08-26,45.130001068115234,43.20193862915039
2025-08-27,45.59000015258789,43.64228820800781
2025-08-28,45.5,43.55613327026367
2025-08-29,45.7400016784668,43.78588104248047
2025-09-02,44.849998474121094,42.933895111083984
2025-09-03,44.939998626708984,43.020057678222656
2025-09-04,45.2400016784668,43.30724334716797
2025-09-05,45.720001220703125,43.76673126220703
2025-09-08,45.72999954223633,43.77630615234375
2025-09-09,45.599998474121094,43.65185546875
2025-09-10,45.560001373291016,43.61356735229492
2025-09-11,46.25,44.27408981323242
2025-09-12,46.20000076293945,44.226226806640625
2025-09-15,46.27000045776367,44.293235778808594
2025-09-16,45.939998626708984,43.97733688354492
2025-09-17,45.77000045776367,43.81459426879883
2025-09-18,45.939998626708984,43.97733688354492
2025-09-19,45.70000076293945,43.747589111328125
2025-09-22,45.27000045776367,43.7186164855957
2025-09-23,45.56999969482422,44.00833511352539
2025-09-24,45.099998474121094,43.554443359375
2025-09-25,44.95000076293945,43.409584045410156
2025-09-26,45.29999923706055,43.747589111328125
2025-09-29,45.36000061035156,43.80553436279297
2025-09-30,45.77000045776367,44.201480865478516
2025-10-01,45.869998931884766,44.29805374145508
2025-10-02,45.56999969482422,44.00833511352539
2025-10-03,45.790000915527344,44.220802307128906
2025-10-06,45.47999954223633,43.92142105102539
2025-10-07,45.189998626708984,43.641361236572266
2025-10-08,44.9900016784668,43.44821548461914
2025-10-09,44.709999084472656,43.17781066894531
2025-10-10,44.13999938964844,42.627342224121094
2025-10-13,44.619998931884766,43.09088897705078
2025-10-14,45.040000915527344,43.496498107910156
2025-10-15,45.54999923706055,43.98902130126953
2025-10-16,45.5099983215332,43.95039367675781
2025-10-17,45.849998474121094,44.27873992919922
2025-10-20,46.209999084472656,44.62640380859375
2025-10-21,45.9900016784668,44.4139404296875
2025-10-22,46.290000915527344,44.70366287231445
2025-10-23,46.29999923706055,44.713321685791016
2025-10-24,46.349998474121094,44.761600494384766
2025-10-27,46.540000915527344,44.945098876953125
2025-10-28,45.86000061035156,44.28839874267578
2025-10-29,44.93000030517578,43.3902702331543
2025-10-30,45.15999984741211,43.61238479614258
2025-10-31,45.11000061035156,43.56410217285156
2025-11-03,45.08000183105469,43.53512954711914
2025-11-04,45.150001525878906,43.60273361206055
2025-11-05,45.25,43.69930648803711
2025-11-06,45.290000915527344,43.73793029785156
2025-11-07,45.86000061035156,44.28839874267578
2025-11-10,45.68000030517578,44.114566802978516
2025-11-11,46.13999938964844,44.55880355834961
2025-11-12,45.86000061035156,44.28839874267578
2025-11-13,45.470001220703125,43.911766052246094
2025-11-14,45.61000061035156,44.046966552734375
2025-11-17,45.29999923706055,43.747589111328125
2025-11-18,45.45000076293945,43.89244842529297
2025-11-19,45.0099983215332,43.46752166748047
2025-11-20,44.75,43.216434478759766
2025-11-21,45.45000076293945,43.89244842529297
2025-11-24,45.470001220703125,43.911766052246094
2025-11-25,45.939998626708984,44.365657806396484
2025-11-26,46.150001525878906,44.568458557128906
2025-11-28,46.45000076293945,44.85818099975586
2025-12-01,45.810001373291016,44.2401123046875
2025-12-02,45.7599983215332,44.19182205200195
2025-12-03,45.88999938964844,44.3173713684082
2025-12-04,45.59000015258789,44.027652740478516
2025-12-05,45.70000076293945,44.133880615234375
2025-12-08,45.18000030517578,43.63169860839844
2025-12-09,44.900001525878906,43.361297607421875
2025-12-10,45.279998779296875,43.728267669677734
2025-12-11,45.22999954223633,43.679988861083984
2025-12-12,45.40999984741211,43.853816986083984
2025-12-15,45.599998474121094,44.03730392456055
2025-12-16,45.41999816894531,43.86347579956055
2025-12-17,45.56999969482422,44.00833511352539
2025-12-18,45.400001525878906,43.84416198730469
2025-12-19,45.279998779296875,43.728267669677734
2025-12-22,44.91999816894531,43.853233337402344
2025-12-23,45.060001373291016,43.98991012573242
2025-12-24,45.380001068115234,44.30231475830078
2025-12-26,45.40999984741211,44.331600189208984
2025-12-29,45.4900016784668,44.40970230102539
2025-12-30,45.58000183105469,44.497562408447266
2025-12-31,45.02000045776367,43.95085906982422
2026-01-02,45.279998779296875,44.20468521118164
