date,close,adj_close
2014-12-01,86.25,74.1631088256836
2014-12-02,86.33999633789062,74.24051666259766
2014-12-03,86.44000244140625,74.32650756835938
2014-12-04,86.37999725341797,74.27490234375
2014-12-05,86.4800033569336,74.36087799072266
2014-12-08,85.95999908447266,73.91378021240234
2014-12-09,85.61000061035156,73.6128158569336
2014-12-10,84.55999755859375,72.70994567871094
2014-12-11,84.98999786376953,73.07970428466797
2014-12-12,84.19999694824219,72.40040588378906
2014-12-15,83.30000305175781,71.62654113769531
2014-12-16,82.76000213623047,71.1622085571289
2014-12-17,83.93000030517578,72.16825866699219
2014-12-18,85.26000213623047,73.31185913085938
2014-12-19,84.83999633789062,73.49637603759766
2014-12-22,85.4000015258789,73.98150634765625
2014-12-23,85.80000305175781,74.32803344726562
2014-12-24,85.80000305175781,74.32803344726562
2014-12-26,86.19999694824219,74.67455291748047
2014-12-29,86.25,74.71785736083984
2014-12-30,85.80000305175781,74.32803344726562
2014-12-31,85.13999938964844,73.75627899169922
2015-01-02,84.76000213623047,73.42707824707031
2015-01-05,83.0,71.90238952636719
2015-01-06,82.26000213623047,71.2613525390625
2015-01-07,83.44000244140625,72.28357696533203
2015-01-08,84.73999786376953,73.40977478027344
2015-01-09,84.11000061035156,72.8639907836914
2015-01-12,83.87999725341797,72.66471862792969
2015-01-13,84.0199966430664,72.78604125976562
2015-01-14,83.37999725341797,72.23159790039062
2015-01-15,82.76000213623047,71.69448852539062
2015-01-16,83.76000213623047,72.56077575683594
2015-01-20,83.69000244140625,72.50015258789062
2015-01-21,84.23999786376953,72.97659301757812
2015-01-22,85.23999786376953,73.84290313720703
2015-01-23,85.13999938964844,73.75627899169922
2015-01-26,86.04000091552734,74.53593444824219
2015-01-27,85.54000091552734,74.1028060913086
2015-01-28,84.54000091552734,73.23649597167969
2015-01-29,85.72000122070312,74.25872039794922
2015-01-30,84.51000213623047,73.21051025390625
2015-02-02,85.37999725341797,73.96417236328125
2015-02-03,86.83000183105469,75.22030639648438
2015-02-04,87.20999908447266,75.54949188232422
2015-02-05,87.94000244140625,76.18189239501953
2015-02-06,87.23999786376953,75.57548522949219
2015-02-09,86.66000366210938,75.07302856445312
2015-02-10,87.98999786376953,76.2251968383789
2015-02-11,87.9000015258789,76.14725494384766
2015-02-12,89.08000183105469,77.16946411132812
2015-02-13,89.58000183105469,77.60260772705078
2015-02-17,89.48999786376953,77.524658203125
2015-02-18,89.8499984741211,77.83650970458984
2015-02-19,90.2300033569336,78.16570281982422
2015-02-20,90.87000274658203,78.72014617919922
2015-02-23,90.83999633789062,78.69412994384766
2015-02-24,91.16999816894531,78.98001861572266
2015-02-25,91.31999969482422,79.10997009277344
2015-02-26,91.22000122070312,79.02333068847656
2015-02-27,91.26000213623047,79.0579833984375
2015-03-02,92.05000305175781,79.74237823486328
2015-03-03,91.26000213623047,79.0579833984375
2015-03-04,91.0199966430664,78.85006713867188
2015-03-05,91.29000091552734,79.08397674560547
2015-03-06,90.08999633789062,78.04442596435547
2015-03-09,90.58999633789062,78.47755432128906
2015-03-10,88.91999816894531,77.03086853027344
2015-03-11,88.98999786376953,77.09150695800781
2015-03-12,90.48999786376953,78.39094543457031
2015-03-13,89.93000030517578,77.90581512451172
2015-03-16,91.11000061035156,78.92805480957031
2015-03-17,90.52999877929688,78.42560577392578
2015-03-18,91.66000366210938,79.40452575683594
2015-03-19,91.11000061035156,78.92805480957031
2015-03-20,92.3499984741211,80.00225067138672
2015-03-23,92.12000274658203,79.8030014038086
2015-03-24,91.7699966430664,79.49981689453125
2015-03-25,90.58999633789062,78.47755432128906
2015-03-26,90.0199966430664,77.98377227783203
2015-03-27,90.47000122070312,78.37361907958984
2015-03-30,91.18000030517578,78.98867797851562
2015-03-31,90.47000122070312,78.37361907958984
2015-04-01,90.26000213623047,78.19168853759766
2015-04-02,91.27999877929688,79.07532501220703
2015-04-06,91.91999816894531,79.62975311279297
2015-04-07,91.5,79.26591491699219
2015-04-08,91.81999969482422,79.5431137084961
2015-04-09,92.16999816894531,79.8463134765625
2015-04-10,92.45999908447266,80.09752655029297
2015-04-13,91.83000183105469,79.55177307128906
2015-04-14,91.88999938964844,79.60375213623047
2015-04-15,92.12999725341797,79.81166076660156
2015-04-16,92.12999725341797,79.81166076660156
2015-04-17,90.94999694824219,78.78943634033203
2015-04-20,91.69000244140625,79.43049621582031
2015-04-21,92.19999694824219,79.87230682373047
2015-04-22,92.19999694824219,79.87230682373047
2015-04-23,92.76000213623047,80.357421875
2015-04-24,93.58000183105469,81.06780242919922
2015-04-27,93.36000061035156,80.87718963623047
2015-04-28,93.08000183105469,80.63465118408203
2015-04-29,92.47000122070312,80.10621643066406
2015-04-30,91.5999984741211,79.35253143310547
2015-05-01,92.55000305175781,80.17550659179688
2015-05-04,92.83999633789062,80.42674255371094
2015-05-05,91.48999786376953,79.25724792480469
2015-05-06,91.25,79.0493392944336
2015-05-07,91.58999633789062,79.3438491821289
2015-05-08,93.19999694824219,80.73860931396484
2015-05-11,92.44000244140625,80.08023071289062
2015-05-12,92.22000122070312,79.88964080810547
2015-05-13,92.25,79.9156265258789
2015-05-14,92.94000244140625,80.51335906982422
2015-05-15,93.43000030517578,80.9378662109375
2015-05-18,93.7699966430664,81.2323989868164
2015-05-19,93.8499984741211,81.30167388916016
2015-05-20,93.91999816894531,81.36231994628906
2015-05-21,94.0999984741211,81.51825714111328
2015-05-22,93.62999725341797,81.111083984375
2015-05-26,92.8499984741211,80.4354019165039
2015-05-27,93.68000030517578,81.15440368652344
2015-05-28,93.31999969482422,80.84255981445312
2015-05-29,92.43000030517578,80.07154083251953
2015-06-01,92.63999938964844,80.25346374511719
2015-06-02,92.80000305175781,80.39208221435547
2015-06-03,93.5199966430664,81.01581573486328
2015-06-04,92.80000305175781,80.39208221435547
2015-06-05,92.0,79.69905853271484
2015-06-08,91.54000091552734,79.300537109375
2015-06-09,91.30000305175781,79.0926513671875
2015-06-10,92.73999786376953,80.34009552001953
2015-06-11,93.08000183105469,80.63465118408203
2015-06-12,92.55000305175781,80.17550659179688
2015-06-15,92.12000274658203,79.8030014038086
2015-06-16,92.36000061035156,80.01092529296875
2015-06-17,92.58999633789062,80.2101821899414
2015-06-18,93.31999969482422,80.84255981445312
2015-06-19,93.26000213623047,80.79059600830078
2015-06-22,94.12000274658203,81.53558349609375
2015-06-23,94.52999877929688,81.89077758789062
2015-06-24,93.25,81.30655670166016
2015-06-25,93.38999938964844,81.42867279052734
2015-06-26,93.62000274658203,81.62920379638672
2015-06-29,90.94000244140625,79.29244995117188
2015-06-30,91.29000091552734,79.59761810302734
2015-07-01,92.12999725341797,80.33002471923828
2015-07-02,91.87000274658203,80.10333251953125
2015-07-06,91.0199966430664,79.36219024658203
2015-07-07,91.66000366210938,79.92025756835938
2015-07-08,89.25,77.81891632080078
2015-07-09,90.18000030517578,78.62980651855469
2015-07-10,91.87000274658203,80.10333251953125
2015-07-13,92.9000015258789,81.00143432617188
2015-07-14,93.30000305175781,81.35018920898438
2015-07-15,92.7300033569336,80.85320281982422
2015-07-16,93.51000213623047,81.53329467773438
2015-07-17,93.25,81.30655670166016
2015-07-20,93.33999633789062,81.38505554199219
2015-07-21,93.30000305175781,81.35018920898438
2015-07-22,93.29000091552734,81.34146118164062
2015-07-23,92.91000366210938,81.0101318359375
2015-07-24,92.4000015258789,80.5654525756836
2015-07-27,91.54000091552734,79.81559753417969
2015-07-28,92.47000122070312,80.6264877319336
2015-07-29,93.02999877929688,81.11476135253906
2015-07-30,93.23999786376953,81.2978515625
2015-07-31,93.76000213623047,81.75126647949219
2015-08-03,93.41999816894531,81.45479583740234
2015-08-04,93.6500015258789,81.65536499023438
2015-08-05,93.19999694824219,81.26300048828125
2015-08-06,92.4800033569336,80.63520812988281
2015-08-07,92.31999969482422,80.4957046508789
2015-08-10,93.19000244140625,81.25428771972656
2015-08-11,91.7699966430664,80.01615142822266
2015-08-12,91.05000305175781,79.38835144042969
2015-08-13,91.38999938964844,79.684814453125
2015-08-14,91.69000244140625,79.94639587402344
2015-08-17,91.9800033569336,80.19924926757812
2015-08-18,91.69999694824219,79.95508575439453
2015-08-19,91.54000091552734,79.81559753417969
2015-08-20,88.8499984741211,77.4701156616211
2015-08-21,86.23999786376953,75.1944351196289
2015-08-24,83.25,72.58738708496094
2015-08-25,83.0199966430664,72.38682556152344
2015-08-26,86.0999984741211,75.07234954833984
2015-08-27,87.6500015258789,76.42382049560547
2015-08-28,87.68000030517578,76.4499740600586
2015-08-31,86.83999633789062,75.71758270263672
2015-09-01,84.37000274658203,73.56392669677734
2015-09-02,85.9800033569336,74.96772766113281
2015-09-03,86.33999633789062,75.28160095214844
2015-09-04,85.02999877929688,74.139404296875
2015-09-08,87.3499984741211,76.16224670410156
2015-09-09,86.55000305175781,75.46471405029297
2015-09-10,86.87000274658203,75.74373626708984
2015-09-11,87.37000274658203,76.17969512939453
2015-09-14,86.76000213623047,75.64781951904297
2015-09-15,87.72000122070312,76.48486328125
2015-09-16,89.0999984741211,77.68811798095703
2015-09-17,89.33999633789062,77.89739227294922
2015-09-18,87.51000213623047,76.30177307128906
2015-09-21,87.66000366210938,76.43255615234375
2015-09-22,85.91000366210938,74.90670776367188
2015-09-23,85.83999633789062,74.84564971923828
2015-09-24,85.3499984741211,74.41838836669922
2015-09-25,85.66000366210938,74.68870544433594
2015-09-28,83.41000366210938,72.72689819335938
2015-09-29,83.18000030517578,72.52635192871094
2015-09-30,85.3499984741211,74.41838836669922
2015-10-01,85.77999877929688,74.7933349609375
2015-10-02,87.05000305175781,75.90068054199219
2015-10-05,88.5999984741211,77.25215911865234
2015-10-06,88.22000122070312,76.92086791992188
2015-10-07,88.94999694824219,77.55731964111328
2015-10-08,89.97000122070312,78.44668579101562
2015-10-09,90.08000183105469,78.54258728027344
2015-10-12,90.30999755859375,78.74312591552734
2015-10-13,89.52999877929688,78.06304168701172
2015-10-14,88.87999725341797,77.49627685546875
2015-10-15,90.26000213623047,78.69953918457031
2015-10-16,90.43000030517578,78.84774780273438
2015-10-19,90.4800033569336,78.89137268066406
2015-10-20,90.44000244140625,78.85648345947266
2015-10-21,90.18000030517578,78.62980651855469
2015-10-22,91.41999816894531,79.71096801757812
2015-10-23,92.05999755859375,80.26899719238281
2015-10-26,92.3499984741211,80.52185821533203
2015-10-27,91.8499984741211,80.08589172363281
2015-10-28,92.27999877929688,80.4608383178711
2015-10-29,92.62000274658203,80.75726318359375
2015-10-30,92.73999786376953,80.86190795898438
2015-11-02,93.25,81.30655670166016
2015-11-03,93.33999633789062,81.38505554199219
2015-11-04,92.80000305175781,80.91422271728516
2015-11-05,93.04000091552734,81.12348937988281
2015-11-06,92.55000305175781,80.69624328613281
2015-11-09,91.51000213623047,79.78943634033203
2015-11-10,92.12000274658203,80.3213119506836
2015-11-11,92.05000305175781,80.26028442382812
2015-11-12,91.05999755859375,79.39707946777344
2015-11-13,89.04000091552734,77.63578796386719
2015-11-16,90.06999969482422,78.53388977050781
2015-11-17,90.3499984741211,78.77801513671875
2015-11-18,91.51000213623047,79.78943634033203
2015-11-19,91.62999725341797,79.89407348632812
2015-11-20,92.31999969482422,80.4957046508789
2015-11-23,92.31999969482422,80.4957046508789
2015-11-24,92.06999969482422,80.2777099609375
2015-11-25,92.5199966430664,80.67007446289062
2015-11-27,92.44000244140625,80.600341796875
2015-11-30,92.13999938964844,80.33875274658203
2015-12-01,93.12999725341797,81.20195770263672
2015-12-02,92.05999755859375,80.26899719238281
2015-12-03,91.08000183105469,79.41452026367188
2015-12-04,92.51000213623047,80.661376953125
2015-12-07,92.02999877929688,80.24285125732422
2015-12-08,91.37000274658203,79.6673812866211
2015-12-09,90.44000244140625,78.85648345947266
2015-12-10,90.6500015258789,79.03958892822266
2015-12-11,88.62999725341797,77.2782974243164
2015-12-14,88.9800033569336,77.58349609375
2015-12-15,89.47000122070312,78.01071166992188
2015-12-16,91.2699966430664,79.58016967773438
2015-12-17,90.02999877929688,78.49898529052734
2015-12-18,88.69000244140625,77.33062744140625
2015-12-21,88.7300033569336,77.74243927001953
2015-12-22,89.29000091552734,78.23307800292969
2015-12-23,90.0199966430664,78.8726577758789
2015-12-24,89.69000244140625,78.58357238769531
2015-12-28,89.69000244140625,78.58357238769531
2015-12-29,90.5999984741211,79.380859375
2015-12-30,90.05999755859375,78.90773010253906
2015-12-31,89.0199966430664,77.99651336669922
2016-01-04,87.11000061035156,76.3230209350586
2016-01-05,86.91000366210938,76.1478271484375
2016-01-06,85.66000366210938,75.05260467529297
2016-01-07,84.08999633789062,73.67701721191406
2016-01-08,83.05999755859375,72.7745590209961
2016-01-11,83.95999908447266,73.56309509277344
2016-01-12,84.61000061035156,74.13261413574219
2016-01-13,82.29000091552734,72.09990692138672
2016-01-14,82.80999755859375,72.55549621582031
2016-01-15,80.8499984741211,70.8382339477539
2016-01-19,81.5,71.40771484375
2016-01-20,80.19999694824219,70.26871490478516
2016-01-21,81.08000183105469,71.03974151611328
2016-01-22,82.97000122070312,72.69569396972656
2016-01-25,81.7300033569336,71.60926055908203
2016-01-26,82.94000244140625,72.66942596435547
2016-01-27,82.05999755859375,71.89836120605469
2016-01-28,82.83999633789062,72.58177185058594
2016-01-29,83.97000122070312,73.57186889648438
2016-02-01,84.33000183105469,73.88727569580078
2016-02-02,82.62000274658203,72.38904571533203
2016-02-03,82.58999633789062,72.36274719238281
2016-02-04,82.23999786376953,72.05607604980469
2016-02-05,79.94999694824219,70.0496597290039
2016-02-08,78.37999725341797,68.67408752441406
2016-02-09,77.95999908447266,68.30610656738281
2016-02-10,77.9000015258789,68.25353240966797
2016-02-11,77.44999694824219,67.8592529296875
2016-02-12,78.63999938964844,68.90190124511719
2016-02-16,80.56999969482422,70.5928955078125
2016-02-17,82.33000183105469,72.13494873046875
2016-02-18,81.88999938964844,71.74944305419922
2016-02-19,81.83999633789062,71.70562744140625
2016-02-22,83.01000213623047,72.73072814941406
2016-02-23,82.11000061035156,71.94219207763672
2016-02-24,82.47000122070312,72.25759887695312
2016-02-25,83.26000213623047,72.94978332519531
2016-02-26,83.1500015258789,72.85340881347656
2016-02-29,82.94000244140625,72.66942596435547
2016-03-01,85.06999969482422,74.53563690185547
2016-03-02,85.08999633789062,74.55318450927734
2016-03-03,85.73999786376953,75.12267303466797
2016-03-04,85.9800033569336,75.33296203613281
2016-03-07,85.62999725341797,75.02627563476562
2016-03-08,84.76000213623047,74.26402282714844
2016-03-09,85.01000213623047,74.48308563232422
2016-03-10,84.97000122070312,74.44804382324219
2016-03-11,86.58000183105469,75.85867309570312
2016-03-14,87.1500015258789,76.35809326171875
2016-03-15,86.62000274658203,75.89371490478516
2016-03-16,87.51000213623047,76.67350769042969
2016-03-17,87.83000183105469,76.95388793945312
2016-03-18,87.68000030517578,76.82244873046875
2016-03-21,87.63999938964844,76.78740692138672
2016-03-22,87.62999725341797,76.77864837646484
2016-03-23,87.12000274658203,76.33177185058594
2016-03-24,86.56999969482422,75.84992218017578
2016-03-28,87.3499984741211,76.53331756591797
2016-03-29,88.48999786376953,77.53215789794922
2016-03-30,89.01000213623047,77.98775482177734
2016-03-31,88.62999725341797,77.6548080444336
2016-04-01,88.36000061035156,77.41825103759766
2016-04-04,87.61000061035156,76.76111602783203
2016-04-05,86.19999694824219,75.52571105957031
2016-04-06,87.37999725341797,76.55960083007812
2016-04-07,86.05999755859375,75.40306091308594
2016-04-08,86.61000061035156,75.88493347167969
2016-04-11,86.5999984741211,75.87619018554688
2016-04-12,87.19000244140625,76.39312744140625
2016-04-13,88.62999725341797,77.6548080444336
2016-04-14,88.56999969482422,77.60225677490234
2016-04-15,88.33999633789062,77.40071868896484
2016-04-18,89.04000091552734,78.0140380859375
2016-04-19,89.58000183105469,78.48715209960938
2016-04-20,89.62999725341797,78.5309829711914
2016-04-21,89.20999908447266,78.16299438476562
2016-04-22,88.87999725341797,77.87384033203125
2016-04-25,88.81999969482422,77.82128143310547
2016-04-26,89.19000244140625,78.14544677734375
2016-04-27,89.33999633789062,78.27689361572266
2016-04-28,88.69999694824219,77.71611022949219
2016-04-29,88.23999786376953,77.31309509277344
2016-05-02,89.12000274658203,78.08413696289062
2016-05-03,88.12000274658203,77.20795440673828
2016-05-04,87.41000366210938,76.58589172363281
2016-05-05,87.05999755859375,76.27921295166016
2016-05-06,87.72000122070312,76.85748291015625
2016-05-09,87.9800033569336,77.08531188964844
2016-05-10,89.23999786376953,78.18927764892578
2016-05-11,87.66000366210938,76.80491638183594
2016-05-12,87.70999908447266,76.84871673583984
2016-05-13,86.75,76.00761413574219
2016-05-16,87.3499984741211,76.53331756591797
2016-05-17,86.55000305175781,75.8323974609375
2016-05-18,85.98999786376953,75.34172821044922
2016-05-19,85.79000091552734,75.16648864746094
2016-05-20,86.5,75.78857421875
2016-05-23,85.98999786376953,75.34172821044922
2016-05-24,87.22000122070312,76.4194107055664
2016-05-25,87.80999755859375,76.93635559082031
2016-05-26,87.91000366210938,77.02397155761719
2016-05-27,88.08999633789062,77.18167114257812
2016-05-31,88.22000122070312,77.29557800292969
2016-06-01,88.16000366210938,77.24302673339844
2016-06-02,88.51000213623047,77.5496597290039
2016-06-03,88.22000122070312,77.29557800292969
2016-06-06,88.47000122070312,77.51463317871094
2016-06-07,88.7300033569336,77.74243927001953
2016-06-08,88.79000091552734,77.79499053955078
2016-06-09,88.2300033569336,77.3043441772461
2016-06-10,86.87000274658203,76.1127700805664
2016-06-13,86.04000091552734,75.38553619384766
2016-06-14,85.30000305175781,74.73716735839844
2016-06-15,85.83999633789062,75.21031188964844
2016-06-16,86.01000213623047,75.35926055908203
2016-06-17,86.20999908447266,75.53449249267578
2016-06-20,87.62999725341797,76.77864837646484
2016-06-21,86.7300033569336,76.80256652832031
2016-06-22,86.69000244140625,76.76712036132812
2016-06-23,88.16999816894531,78.07772827148438
2016-06-24,83.12999725341797,73.61463165283203
2016-06-27,81.16999816894531,71.87895965576172
2016-06-28,82.70999908447266,73.24269104003906
2016-06-29,83.91000366210938,74.30534362792969
2016-06-30,84.37999725341797,74.72154998779297
2016-07-01,85.2300033569336,75.47425079345703
2016-07-05,83.79000091552734,74.19906616210938
2016-07-06,84.33000183105469,74.67728424072266
2016-07-07,84.30999755859375,74.65955352783203
2016-07-08,85.98999786376953,76.1472396850586
2016-07-11,87.0199966430664,77.05935668945312
2016-07-12,87.86000061035156,77.80322265625
2016-07-13,87.70999908447266,77.67036437988281
2016-07-14,88.18000030517578,78.08657836914062
2016-07-15,87.83000183105469,77.77665710449219
2016-07-18,88.16000366210938,78.0688705444336
2016-07-19,87.55999755859375,77.53753662109375
2016-07-20,88.41000366210938,78.29024505615234
2016-07-21,88.06999969482422,77.98917388916016
2016-07-22,88.33999633789062,78.22826385498047
2016-07-25,88.55000305175781,78.41422271728516
2016-07-26,88.52999877929688,78.39651489257812
2016-07-27,88.81999969482422,78.65331268310547
2016-07-28,89.08000183105469,78.88357543945312
2016-07-29,89.44999694824219,79.21118927001953
2016-08-01,89.27999877929688,79.0606689453125
2016-08-02,88.2699966430664,78.166259765625
2016-08-03,88.44000244140625,78.31683349609375
2016-08-04,88.58999633789062,78.44964599609375
2016-08-05,89.69999694824219,79.43260192871094
2016-08-08,89.5199966430664,79.273193359375
2016-08-09,89.5999984741211,79.34403228759766
2016-08-10,89.95999908447266,79.66284942626953
2016-08-11,90.69999694824219,80.31810760498047
2016-08-12,90.66000366210938,80.28272247314453
2016-08-15,91.05999755859375,80.63691711425781
2016-08-16,90.54000091552734,80.17645263671875
2016-08-17,90.41000366210938,80.06132507324219
2016-08-18,90.58000183105469,80.21186065673828
2016-08-19,90.55999755859375,80.19414520263672
2016-08-22,90.55000305175781,80.18528747558594
2016-08-23,90.75,80.36238098144531
2016-08-24,90.5,80.14102172851562
2016-08-25,90.12999725341797,79.8133773803711
2016-08-26,89.6500015258789,79.3883056640625
2016-08-29,90.16999816894531,79.84880065917969
2016-08-30,89.83000183105469,79.5477294921875
2016-08-31,89.61000061035156,79.35289001464844
2016-09-01,89.94999694824219,79.65397644042969
2016-09-02,90.38999938964844,80.04360961914062
2016-09-06,90.7300033569336,80.34469604492188
2016-09-07,90.91999816894531,80.512939453125
2016-09-08,90.18000030517578,79.857666015625
2016-09-09,88.33000183105469,78.21942138671875
2016-09-12,89.31999969482422,79.09608459472656
2016-09-13,88.0,77.92717742919922
2016-09-14,87.80999755859375,77.75892639160156
2016-09-15,88.2300033569336,78.13085174560547
2016-09-16,87.54000091552734,77.51984405517578
2016-09-19,87.66000366210938,77.62610626220703
2016-09-20,87.94999694824219,77.88290405273438
2016-09-21,89.06999969482422,78.87470245361328
2016-09-22,89.94999694824219,79.65397644042969
2016-09-23,89.47000122070312,79.22891998291016
2016-09-26,88.31999969482422,78.2105484008789
2016-09-27,89.16000366210938,78.95443725585938
2016-09-28,89.55999755859375,79.3086166381836
2016-09-29,88.79000091552734,78.62675476074219
2016-09-30,89.3499984741211,79.1226577758789
2016-10-03,89.33000183105469,79.10493469238281
2016-10-04,89.29000091552734,79.06952667236328
2016-10-05,89.94000244140625,79.64513397216797
2016-10-06,89.81999969482422,79.53886413574219
2016-10-07,89.11000061035156,78.9101333618164
2016-10-10,89.37999725341797,79.14920806884766
2016-10-11,88.4000015258789,78.28138732910156
2016-10-12,88.5199966430664,78.38764953613281
2016-10-13,88.38999938964844,78.27252197265625
2016-10-14,88.45999908447266,78.33454132080078
2016-10-17,87.79000091552734,77.74120330810547
2016-10-18,88.29000091552734,78.18399047851562
2016-10-19,88.70999908447266,78.55591583251953
2016-10-20,88.7699966430664,78.6090316772461
2016-10-21,88.95999908447266,78.77730560302734
2016-10-24,89.29000091552734,79.06952667236328
2016-10-25,88.66000366210938,78.51162719726562
2016-10-26,88.66000366210938,78.51162719726562
2016-10-27,87.83999633789062,77.78550720214844
2016-10-28,87.83000183105469,77.77665710449219
2016-10-31,88.0,77.92717742919922
2016-11-01,87.1500015258789,77.17446899414062
2016-11-02,86.73999786376953,76.8114013671875
2016-11-03,86.41999816894531,76.52803039550781
2016-11-04,85.88999938964844,76.0586929321289
2016-11-07,87.7300033569336,77.6880874633789
2016-11-08,88.12999725341797,78.04227447509766
2016-11-09,87.61000061035156,77.5818099975586
2016-11-10,87.48999786376953,77.47555541992188
2016-11-11,87.75,77.70579528808594
2016-11-14,87.83000183105469,77.77665710449219
2016-11-15,88.27999877929688,78.17513275146484
2016-11-16,88.31999969482422,78.2105484008789
2016-11-17,89.37000274658203,79.1403579711914
2016-11-18,89.04000091552734,78.84814453125
2016-11-21,89.68000030517578,79.41488647460938
2016-11-22,90.12000274658203,79.80451965332031
2016-11-23,90.0999984741211,79.78681182861328
2016-11-25,90.7300033569336,80.34469604492188
2016-11-28,90.02999877929688,79.72482299804688
2016-11-29,90.47000122070312,80.11445617675781
2016-11-30,90.12000274658203,79.80451965332031
2016-12-01,89.68000030517578,79.41488647460938
2016-12-02,89.47000122070312,79.22891998291016
2016-12-05,90.54000091552734,80.17645263671875
2016-12-06,90.9000015258789,80.49522399902344
2016-12-07,92.56999969482422,81.9740982055664
2016-12-08,92.73999786376953,82.12461853027344
2016-12-09,92.80000305175781,82.17774963378906
2016-12-12,92.29000091552734,81.72611999511719
2016-12-13,93.30000305175781,82.62052917480469
2016-12-14,92.19999694824219,81.64643096923828
2016-12-15,92.13999938964844,81.59329986572266
2016-12-16,91.93000030517578,81.40734100341797
2016-12-19,92.0,81.46931457519531
2016-12-20,92.4800033569336,81.89439392089844
2016-12-21,92.66999816894531,82.06265258789062
2016-12-22,91.37000274658203,81.49890899658203
2016-12-23,91.26000213623047,81.40081024169922
2016-12-27,91.37000274658203,81.49890899658203
2016-12-28,90.9800033569336,81.15105438232422
2016-12-29,90.5999984741211,80.81209564208984
2016-12-30,90.16000366210938,80.41963195800781
2017-01-03,90.83999633789062,81.02615356445312
2017-01-04,91.95999908447266,82.0251693725586
2017-01-05,92.05999755859375,82.1143798828125
2017-01-06,92.16000366210938,82.20355987548828
2017-01-09,92.23999786376953,82.2749252319336
2017-01-10,92.2699966430664,82.30168151855469
2017-01-11,92.83000183105469,82.80118560791016
2017-01-12,92.73999786376953,82.72090148925781
2017-01-13,92.91000366210938,82.87252807617188
2017-01-17,92.97000122070312,82.92606353759766
2017-01-18,92.61000061035156,82.60493469238281
2017-01-19,92.44000244140625,82.45330810546875
2017-01-20,92.58999633789062,82.58708953857422
2017-01-23,92.72000122070312,82.70307159423828
2017-01-24,93.37999725341797,83.29175567626953
2017-01-25,93.98999786376953,83.83585357666016
2017-01-26,93.95999908447266,83.80909729003906
2017-01-27,93.51000213623047,83.40772247314453
2017-01-30,93.12999725341797,83.06877136230469
2017-01-31,93.16999816894531,83.10443878173828
2017-02-01,93.0999984741211,83.04200744628906
2017-02-02,92.87000274658203,82.83686828613281
2017-02-03,92.93000030517578,82.89037322998047
2017-02-06,92.37999725341797,82.39978790283203
2017-02-07,92.23999786376953,82.2749252319336
2017-02-08,92.80999755859375,82.7833251953125
2017-02-09,93.02999877929688,82.97957611083984
2017-02-10,93.61000061035156,83.49691009521484
2017-02-13,94.02999877929688,83.87152862548828
2017-02-14,94.27999877929688,84.09452819824219
2017-02-15,94.5199966430664,84.30859375
2017-02-16,94.29000091552734,84.10344696044922
2017-02-17,94.2699966430664,84.08561706542969
2017-02-21,94.88999938964844,84.63861846923828
2017-02-22,95.0,84.73675537109375
2017-02-23,94.79000091552734,84.5494384765625
2017-02-24,94.62999725341797,84.40672302246094
2017-02-27,94.6500015258789,84.424560546875
2017-02-28,94.19000244140625,84.01425170898438
2017-03-01,95.47000122070312,85.15597534179688
2017-03-02,95.16999816894531,84.88838958740234
2017-03-03,94.76000213623047,84.5226821899414
2017-03-06,94.6500015258789,84.424560546875
2017-03-07,94.2699966430664,84.08561706542969
2017-03-08,94.5,84.290771484375
2017-03-09,94.70999908447266,84.47805786132812
2017-03-10,95.01000213623047,84.74566650390625
2017-03-13,95.33999633789062,85.04000854492188
2017-03-14,95.12999725341797,84.85269927978516
2017-03-15,95.63999938964844,85.30760955810547
2017-03-16,95.94999694824219,85.58411407470703
2017-03-17,96.0199966430664,85.64654541015625
2017-03-20,95.70999908447266,85.37004852294922
2017-03-21,95.0,84.73675537109375
2017-03-22,94.9800033569336,84.71891021728516
2017-03-23,95.08000183105469,84.80812072753906
2017-03-24,95.12999725341797,84.85269927978516
2017-03-27,95.58999633789062,85.26298522949219
2017-03-28,96.27999877929688,85.87847137451172
2017-03-29,96.5,86.07469177246094
2017-03-30,96.58000183105469,86.14605712890625
2017-03-31,96.4800033569336,86.05686950683594
2017-04-03,96.13999938964844,85.75359344482422
2017-04-04,95.91999816894531,85.55735778808594
2017-04-05,95.41999816894531,85.11136627197266
2017-04-06,95.77999877929688,85.43247985839844
2017-04-07,95.48999786376953,85.1738052368164
2017-04-10,95.77999877929688,85.43247985839844
2017-04-11,96.01000213623047,85.63763427734375
2017-04-12,95.75,85.40572357177734
2017-04-13,95.12999725341797,84.85269927978516
2017-04-17,95.83000183105469,85.47708892822266
2017-04-18,95.83999633789062,85.48601531982422
2017-04-19,95.7699966430664,85.42354583740234
2017-04-20,96.91000366210938,86.44042205810547
2017-04-21,96.63999938964844,86.1995620727539
2017-04-24,97.98999786376953,87.40372467041016
2017-04-25,98.83999633789062,88.16188049316406
2017-04-26,99.30000305175781,88.57221221923828
2017-04-27,99.58000183105469,88.82195281982422
2017-04-28,99.2300033569336,88.5097885131836
2017-05-01,99.52999877929688,88.77735900878906
2017-05-02,99.5199966430664,88.7684326171875
2017-05-03,99.23999786376953,88.5186767578125
2017-05-04,99.47000122070312,88.72384643554688
2017-05-05,99.86000061035156,89.07170867919922
2017-05-08,99.9800033569336,89.1787338256836
2017-05-09,100.22000122070312,89.39281463623047
2017-05-10,99.97000122070312,89.16981506347656
2017-05-11,99.56999969482422,88.81303405761719
2017-05-12,99.45999908447266,88.71490478515625
2017-05-15,99.66000366210938,88.89331817626953
2017-05-16,99.55999755859375,88.80411529541016
2017-05-17,98.18000030517578,87.57319641113281
2017-05-18,98.83999633789062,88.16188049316406
2017-05-19,99.48999786376953,88.74165344238281
2017-05-22,99.81999969482422,89.03601837158203
2017-05-23,99.41000366210938,88.67032623291016
2017-05-24,99.68000030517578,88.91114807128906
2017-05-25,100.1500015258789,89.33036041259766
2017-05-26,100.2300033569336,89.40174102783203
2017-05-30,100.44000244140625,89.58904266357422
2017-05-31,100.58000183105469,89.71392059326172
2017-06-01,101.37999725341797,90.42747497558594
2017-06-02,102.20999908447266,91.16783905029297
2017-06-05,101.76000213623047,90.76644134521484
2017-06-06,101.12999725341797,90.20449829101562
2017-06-07,101.19999694824219,90.26693725585938
2017-06-08,100.4000015258789,89.55337524414062
2017-06-09,99.91000366210938,89.1163101196289
2017-06-12,99.79000091552734,89.00926208496094
2017-06-13,100.68000030517578,89.80310821533203
2017-06-14,100.48999786376953,89.63362884521484
2017-06-15,99.8499984741211,89.06275939941406
2017-06-16,99.98999786376953,89.18763732910156
2017-06-19,100.44000244140625,89.58904266357422
2017-06-20,98.87000274658203,88.82272338867188
2017-06-21,98.86000061035156,88.8137435913086
2017-06-22,98.83000183105469,88.78681945800781
2017-06-23,98.91999816894531,88.86763000488281
2017-06-26,98.97000122070312,88.91256713867188
2017-06-27,98.62999725341797,88.60711669921875
2017-06-28,99.3499984741211,89.25392150878906
2017-06-29,98.4000015258789,88.40049743652344
2017-06-30,98.97000122070312,88.91256713867188
2017-07-03,98.77999877929688,88.74185943603516
2017-07-05,98.83000183105469,88.78681945800781
2017-07-06,98.02999877929688,88.0680923461914
2017-07-07,98.44000244140625,88.43641662597656
2017-07-10,98.62999725341797,88.60711669921875
2017-07-11,98.58000183105469,88.56219482421875
2017-07-12,99.3499984741211,89.25392150878906
2017-07-13,99.41999816894531,89.31683349609375
2017-07-14,99.80999755859375,89.66720581054688
2017-07-17,100.1500015258789,89.97264862060547
2017-07-18,100.2300033569336,90.04450988769531
2017-07-19,100.7300033569336,90.49372100830078
2017-07-20,100.69999694824219,90.46675872802734
2017-07-21,100.62999725341797,90.40386962890625
2017-07-24,100.16000366210938,89.98165893554688
2017-07-25,100.72000122070312,90.48472595214844
2017-07-26,100.91000366210938,90.6554183959961
2017-07-27,101.2699966430664,90.97882080078125
2017-07-28,100.94000244140625,90.68236541748047
2017-07-31,101.16000366210938,90.88001251220703
2017-08-01,101.45999908447266,91.14952087402344
2017-08-02,101.43000030517578,91.12256622314453
2017-08-03,101.18000030517578,90.89797973632812
2017-08-04,101.36000061035156,91.05970001220703
2017-08-07,101.45999908447266,91.14952087402344
2017-08-08,101.30999755859375,91.01477813720703
2017-08-09,100.81999969482422,90.57454681396484
2017-08-10,99.45999908447266,89.35276794433594
2017-08-11,99.6500015258789,89.52346801757812
2017-08-14,100.38999938964844,90.1882553100586
2017-08-15,99.76000213623047,89.6222915649414
2017-08-16,100.22000122070312,90.03553771972656
2017-08-17,98.83999633789062,88.79576110839844
2017-08-18,98.62000274658203,88.59812927246094
2017-08-21,98.68000030517578,88.65203857421875
2017-08-22,99.38999938964844,89.28987884521484
2017-08-23,98.8499984741211,88.80476379394531
2017-08-24,98.68000030517578,88.65203857421875
2017-08-25,99.05000305175781,88.98442840576172
2017-08-28,98.98999786376953,88.93053436279297
2017-08-29,98.86000061035156,88.8137435913086
2017-08-30,99.30000305175781,89.20903778076172
2017-08-31,99.69000244140625,89.55939483642578
2017-09-01,100.04000091552734,89.87381744384766
2017-09-05,99.8499984741211,89.70314025878906
2017-09-06,100.33999633789062,90.14332580566406
2017-09-07,100.26000213623047,90.07147979736328
2017-09-08,100.05000305175781,89.8828125
2017-09-11,100.75,90.51168060302734
2017-09-12,101.12000274658203,90.84407806396484
2017-09-13,101.44000244140625,91.13156127929688
2017-09-14,101.2300033569336,90.94290161132812
2017-09-15,101.19000244140625,90.90696716308594
2017-09-18,100.94000244140625,90.68236541748047
2017-09-19,101.19000244140625,90.90696716308594
2017-09-20,101.5,91.18545532226562
2017-09-21,101.38999938964844,91.0866470336914
2017-09-22,101.5199966430664,91.20343017578125
2017-09-25,101.20999908447266,90.9249267578125
2017-09-26,101.05999755859375,90.7901840209961
2017-09-27,101.44000244140625,91.13156127929688
2017-09-28,101.3499984741211,91.05070495605469
2017-09-29,101.83000183105469,91.48192596435547
2017-10-02,101.83999633789062,91.49090576171875
2017-10-03,102.27999877929688,91.88621520996094
2017-10-04,102.72000122070312,92.28147888183594
2017-10-05,103.01000213623047,92.54199981689453
2017-10-06,103.06999969482422,92.59591674804688
2017-10-09,102.87000274658203,92.41624450683594
2017-10-10,103.29000091552734,92.79356384277344
2017-10-11,103.4800033569336,92.96426391601562
2017-10-12,103.0199966430664,92.55097961425781
2017-10-13,103.22000122070312,92.73067474365234
2017-10-16,103.1500015258789,92.66780090332031
2017-10-17,103.30000305175781,92.80255126953125
2017-10-18,103.20999908447266,92.7217025756836
2017-10-19,103.0199966430664,92.55097961425781
2017-10-20,102.9800033569336,92.51506042480469
2017-10-23,102.44999694824219,92.0389175415039
2017-10-24,103.02999877929688,92.55998229980469
2017-10-25,102.76000213623047,92.31742095947266
2017-10-26,103.08000183105469,92.60490417480469
2017-10-27,103.7699966430664,93.2247543334961
2017-10-30,104.06999969482422,93.49429321289062
2017-10-31,104.22000122070312,93.6290512084961
2017-11-01,104.47000122070312,93.85364532470703
2017-11-02,104.0,93.43140411376953
2017-11-03,104.31999969482422,93.7188949584961
2017-11-06,104.81999969482422,94.16807556152344
2017-11-07,104.08999633789062,93.51225280761719
2017-11-08,104.4800033569336,93.86263275146484
2017-11-09,103.81999969482422,93.26969909667969
2017-11-10,104.05000305175781,93.47633361816406
2017-11-13,104.30000305175781,93.70094299316406
2017-11-14,104.22000122070312,93.6290512084961
2017-11-15,103.77999877929688,93.23377990722656
2017-11-16,104.76000213623047,94.11416625976562
2017-11-17,104.80000305175781,94.15011596679688
2017-11-20,105.27999877929688,94.58134460449219
2017-11-21,105.91999816894531,95.15630340576172
2017-11-22,106.12999725341797,95.34496307373047
2017-11-24,106.44000244140625,95.62344360351562
2017-11-27,106.0999984741211,95.31800079345703
2017-11-28,106.98999786376953,96.11756896972656
2017-11-29,107.19999694824219,96.30621337890625
2017-11-30,107.62999725341797,96.69253540039062
2017-12-01,107.4800033569336,96.55776977539062
2017-12-04,108.13999938964844,97.15069580078125
2017-12-05,107.81999969482422,96.86322021484375
2017-12-06,107.22000122070312,96.32418823242188
2017-12-07,107.63999938964844,96.70150756835938
2017-12-08,108.19000244140625,97.19562530517578
2017-12-11,108.08999633789062,97.10577392578125
2017-12-12,108.30999755859375,97.30342864990234
2017-12-13,108.61000061035156,97.57293701171875
2017-12-14,108.54000091552734,97.51007080078125
2017-12-15,108.80000305175781,97.7436294555664
2017-12-18,109.94000244140625,98.76779174804688
2017-12-19,109.97000122070312,98.79473114013672
2017-12-20,109.76000213623047,98.6060791015625
2017-12-21,109.87999725341797,99.30921173095703
2017-12-22,109.63999938964844,99.09231567382812
2017-12-26,109.7300033569336,99.17366027832031
2017-12-27,109.63999938964844,99.09231567382812
2017-12-28,109.69999694824219,99.14655303955078
2017-12-29,109.38999938964844,98.86636352539062
2018-01-02,110.58999633789062,99.95092010498047
2018-01-03,111.25,100.54743957519531
2018-01-04,111.9000015258789,101.1348876953125
2018-01-05,112.7300033569336,101.88505554199219
2018-01-08,112.75,101.90311431884766
2018-01-09,113.05999755859375,102.18329620361328
2018-01-10,112.76000213623047,101.91215515136719
2018-01-11,114.31999969482422,103.32209014892578
2018-01-12,115.47000122070312,104.3614501953125
2018-01-16,115.41999816894531,104.31624603271484
2018-01-17,116.05000305175781,104.88567352294922
2018-01-18,115.70999908447266,104.57836151123047
2018-01-19,116.66000366210938,105.43698120117188
2018-01-22,117.7699966430664,106.440185546875
2018-01-23,118.58000183105469,107.1722640991211
2018-01-24,118.88999938964844,107.45243835449219
2018-01-25,118.19999694824219,106.82880401611328
2018-01-26,119.68000030517578,108.16643524169922
2018-01-29,119.16000366210938,107.69647216796875
2018-01-30,118.56999969482422,107.16322326660156
2018-01-31,118.13999938964844,106.77459716796875
2018-02-01,117.55999755859375,106.2503662109375
2018-02-02,116.08999633789062,104.92180633544922
2018-02-05,112.01000213623047,101.23434448242188
2018-02-06,114.44000244140625,103.43053436279297
2018-02-07,114.06999969482422,103.09613037109375
2018-02-08,110.79000091552734,100.13168334960938
2018-02-09,110.5999984741211,99.95996856689453
2018-02-12,112.37999725341797,101.56871032714844
2018-02-13,112.66000366210938,101.82177734375
2018-02-14,114.48999786376953,103.47572326660156
2018-02-15,115.27999877929688,104.18971252441406
2018-02-16,115.38999938964844,104.28914642333984
2018-02-20,114.56999969482422,103.54801940917969
2018-02-21,114.70999908447266,103.67456817626953
2018-02-22,114.25,103.25881958007812
2018-02-23,115.5199966430664,104.40663146972656
2018-02-26,116.43000030517578,105.2291030883789
2018-02-27,114.47000122070312,103.45765686035156
2018-02-28,113.68000030517578,102.74365997314453
2018-03-01,112.05000305175781,101.27046966552734
2018-03-02,112.4000015258789,101.58680725097656
2018-03-05,113.26000213623047,102.36405181884766
2018-03-06,114.12999725341797,103.1503677368164
2018-03-07,113.38999938964844,102.48155212402344
2018-03-08,113.61000061035156,102.68038940429688
2018-03-09,114.52999877929688,103.51188659667969
2018-03-12,115.33000183105469,104.23493957519531
2018-03-13,114.26000213623047,103.26786041259766
2018-03-14,114.5199966430664,103.50283813476562
2018-03-15,114.52999877929688,103.51188659667969
2018-03-16,114.54000091552734,103.52091979980469
2018-03-19,113.20999908447266,102.31886291503906
2018-03-20,113.83999633789062,102.88825988769531
2018-03-21,113.91999816894531,102.9605712890625
2018-03-22,111.88999938964844,101.12586212158203
2018-03-23,109.7300033569336,99.17366027832031
2018-03-26,111.83000183105469,101.0716323852539
2018-03-27,110.72000122070312,100.06841278076172
2018-03-28,109.87999725341797,99.30921173095703
2018-03-29,111.4800033569336,100.75531768798828
2018-04-02,108.94000244140625,98.45966339111328
2018-04-03,110.12999725341797,99.53516387939453
2018-04-04,111.88999938964844,101.12586212158203
2018-04-05,112.87999725341797,102.0206069946289
2018-04-06,111.16000366210938,100.46610260009766
2018-04-09,111.41999816894531,100.7010726928711
2018-04-10,112.68000030517578,101.83985137939453
2018-04-11,112.2699966430664,101.46930694580078
2018-04-12,112.83000183105469,101.9754409790039
2018-04-13,113.05999755859375,102.18329620361328
2018-04-16,113.20999908447266,102.31886291503906
2018-04-17,114.58000183105469,103.55708312988281
2018-04-18,115.16000366210938,104.08128356933594
2018-04-19,114.41000366210938,103.40342712402344
2018-04-20,113.66000366210938,102.72557067871094
2018-04-23,113.52999877929688,102.60809326171875
2018-04-24,112.19999694824219,101.40603637695312
2018-04-25,113.0,102.12909698486328
2018-04-26,114.02999877929688,103.06000518798828
2018-04-27,114.5,103.48477172851562
2018-04-30,114.26000213623047,103.26786041259766
2018-05-01,114.20999908447266,103.22266387939453
2018-05-02,113.80000305175781,102.85213470458984
2018-05-03,113.3499984741211,102.44538879394531
2018-05-04,114.55000305175781,103.52997589111328
2018-05-07,114.63999938964844,103.6113052368164
2018-05-08,114.36000061035156,103.3582534790039
2018-05-09,114.45999908447266,103.4486083984375
2018-05-10,115.27999877929688,104.18971252441406
2018-05-11,115.51000213623047,104.39759826660156
2018-05-14,115.55000305175781,104.43376922607422
2018-05-15,115.12000274658203,104.04512023925781
2018-05-16,115.87000274658203,104.72297668457031
2018-05-17,115.62000274658203,104.49703979492188
2018-05-18,115.37000274658203,104.27106475830078
2018-05-21,115.93000030517578,104.77721405029297
2018-05-22,115.55999755859375,104.44280242919922
2018-05-23,115.43000030517578,104.32530212402344
2018-05-24,115.48999786376953,104.37952423095703
2018-05-25,115.4000015258789,104.29817962646484
2018-05-29,113.80000305175781,102.85213470458984
2018-05-30,115.08999633789062,104.01801300048828
2018-05-31,114.36000061035156,103.3582534790039
2018-06-01,115.1500015258789,104.07225036621094
2018-06-04,116.4000015258789,105.20199584960938
2018-06-05,117.0999984741211,105.83463287353516
2018-06-06,118.05999755859375,106.70225524902344
2018-06-07,117.94000244140625,106.59382629394531
2018-06-08,118.08999633789062,106.72938537597656
2018-06-11,118.58000183105469,107.1722640991211
2018-06-12,118.62999725341797,107.21744537353516
2018-06-13,119.19999694824219,107.73262786865234
2018-06-14,119.58000183105469,108.07605743408203
2018-06-15,119.63999938964844,108.13029479980469
2018-06-18,119.06999969482422,107.61511993408203
2018-06-19,117.41000366210938,107.01628875732422
2018-06-20,117.8499984741211,107.41735076904297
2018-06-21,116.94999694824219,106.59700012207031
2018-06-22,117.1500015258789,106.77931213378906
2018-06-25,114.48999786376953,104.35476684570312
2018-06-26,115.2699966430664,105.06571960449219
2018-06-27,113.91000366210938,103.82613372802734
2018-06-28,114.33000183105469,104.20894622802734
2018-06-29,114.87000274658203,104.7011489868164
2018-07-02,114.4800033569336,104.34566497802734
2018-07-03,114.56999969482422,104.42768859863281
2018-07-05,114.80999755859375,104.64643859863281
2018-07-06,115.5,105.27538299560547
2018-07-09,116.63999938964844,106.31444549560547
2018-07-10,117.0199966430664,106.66081237792969
2018-07-11,116.12999725341797,105.84960174560547
2018-07-12,116.98999786376953,106.63345336914062
2018-07-13,117.45999908447266,107.06185150146484
2018-07-16,117.7300033569336,107.30795288085938
2018-07-17,117.94999694824219,107.50846099853516
2018-07-18,117.94999694824219,107.50846099853516
2018-07-19,117.88999938964844,107.45378875732422
2018-07-20,117.29000091552734,106.90690612792969
2018-07-23,117.12000274658203,106.75196075439453
2018-07-24,117.1500015258789,106.77931213378906
2018-07-25,117.94999694824219,107.50846099853516
2018-07-26,117.30999755859375,106.92514038085938
2018-07-27,116.81999969482422,106.478515625
2018-07-30,116.69000244140625,106.36003112792969
2018-07-31,116.9000015258789,106.55143737792969
2018-08-01,116.12999725341797,105.84960174560547
2018-08-02,116.20999908447266,105.9225082397461
2018-08-03,116.7699966430664,106.43292236328125
2018-08-06,116.62000274658203,106.29621124267578
2018-08-07,117.7300033569336,107.30795288085938
2018-08-08,117.52999877929688,107.12567901611328
2018-08-09,117.73999786376953,107.31706237792969
2018-08-10,116.22000122070312,105.9316177368164
2018-08-13,115.93000030517578,105.66731262207031
2018-08-14,116.75,106.41471862792969
2018-08-15,115.01000213623047,104.8287582397461
2018-08-16,115.62000274658203,105.38475036621094
2018-08-17,115.97000122070312,105.70377349853516
2018-08-20,116.5999984741211,106.27799987792969
2018-08-21,117.4800033569336,107.0801010131836
2018-08-22,117.6500015258789,107.23504638671875
2018-08-23,117.12999725341797,106.76106262207031
2018-08-24,117.87000274658203,107.4355697631836
2018-08-27,119.16999816894531,108.62047576904297
2018-08-28,119.47000122070312,108.8939208984375
2018-08-29,120.30000305175781,109.65044403076172
2018-08-30,119.37000274658203,108.80278015136719
2018-08-31,119.33999633789062,108.77542114257812
2018-09-04,118.75,108.2376708984375
2018-09-05,117.45999908447266,107.06185150146484
2018-09-06,117.2300033569336,106.85222625732422
2018-09-07,117.01000213623047,106.65170288085938
2018-09-10,117.45999908447266,107.06185150146484
2018-09-11,117.98999786376953,107.54495239257812
2018-09-12,118.12000274658203,107.66344451904297
2018-09-13,118.91999816894531,108.39260864257812
2018-09-14,118.94000244140625,108.41084289550781
2018-09-17,117.94999694824219,107.50846099853516
2018-09-18,119.55000305175781,108.96684265136719
2018-09-19,119.61000061035156,109.02153778076172
2018-09-20,120.7699966430664,110.0788345336914
2018-09-21,120.31999969482422,109.66866302490234
2018-09-24,119.58000183105469,108.99417877197266
2018-09-25,120.08000183105469,109.4499282836914
2018-09-26,120.18000030517578,109.54108428955078
2018-09-27,120.4800033569336,109.81451416015625
2018-09-28,120.12999725341797,109.49549865722656
2018-10-01,120.22000122070312,109.57752227783203
2018-10-02,118.83000183105469,108.31058502197266
2018-10-03,118.26000213623047,107.79104614257812
2018-10-04,116.22000122070312,105.9316177368164
2018-10-05,115.41000366210938,105.1933364868164
2018-10-08,115.29000091552734,105.0839614868164
2018-10-09,114.9000015258789,104.7284927368164
2018-10-10,110.94999694824219,101.12814331054688
2018-10-11,109.4000015258789,99.71536254882812
2018-10-12,110.81999969482422,101.00965118408203
2018-10-15,110.52999877929688,100.74535369873047
2018-10-16,112.77999877929688,102.7961654663086
2018-10-17,111.9000015258789,101.99404907226562
2018-10-18,109.68000030517578,99.97057342529297
2018-10-19,109.19000244140625,99.52395629882812
2018-10-22,109.18000030517578,99.51485443115234
2018-10-23,109.02999877929688,99.37813568115234
2018-10-24,105.66000366210938,96.30646514892578
2018-10-25,108.69999694824219,99.07732391357422
2018-10-26,105.88999938964844,96.51609802246094
2018-10-29,104.98999786376953,95.69576263427734
2018-10-30,106.25,96.84423065185547
2018-10-31,107.56999969482422,98.04737091064453
2018-11-01,109.61000061035156,99.90676879882812
2018-11-02,110.12999725341797,100.3807373046875
2018-11-05,109.7300033569336,100.01615905761719
2018-11-06,110.31999969482422,100.5539321899414
2018-11-07,112.66000366210938,102.68677520751953
2018-11-08,112.12000274658203,102.19459533691406
2018-11-09,111.01000213623047,101.18284606933594
2018-11-12,108.12000274658203,98.54867553710938
2018-11-13,108.70999908447266,99.08644104003906
2018-11-14,108.33000183105469,98.74009704589844
2018-11-15,108.19999694824219,98.62158966064453
2018-11-16,107.94999694824219,98.39374542236328
2018-11-19,105.6500015258789,96.29734802246094
2018-11-20,103.73999786376953,94.55642700195312
2018-11-21,105.30000305175781,95.97833251953125
2018-11-23,105.08999633789062,95.78690338134766
2018-11-26,106.93000030517578,97.46405029296875
2018-11-27,106.66999816894531,97.22705078125
2018-11-28,109.44000244140625,99.75182342529297
2018-11-29,109.12000274658203,99.46015167236328
2018-11-30,108.9800033569336,99.33255004882812
2018-12-03,111.55999755859375,101.68415832519531
2018-12-04,107.79000091552734,98.24789428710938
2018-12-06,108.02999877929688,98.46663665771484
2018-12-07,105.4000015258789,96.06947326660156
2018-12-10,105.25,95.93275451660156
2018-12-11,105.36000061035156,96.03301239013672
2018-12-12,106.58999633789062,97.15411376953125
2018-12-13,106.27999877929688,96.8715591430664
2018-12-14,104.43000030517578,95.18533325195312
2018-12-17,102.11000061035156,93.07071685791016
2018-12-18,102.48999786376953,94.1045913696289
2018-12-19,101.1500015258789,92.87422180175781
2018-12-20,98.69999694824219,90.62467956542969
2018-12-21,96.80999755859375,88.88932037353516
2018-12-24,94.88999938964844,87.12639617919922
2018-12-26,99.37000274658203,91.23987579345703
2018-12-27,99.33000183105469,91.20315551757812
2018-12-28,99.87000274658203,91.6989517211914
2018-12-31,100.88999938964844,92.63550567626953
2019-01-02,101.0199966430664,92.7548599243164
2019-01-03,99.16000366210938,91.04705810546875
2019-01-04,102.73999786376953,94.33413696289062
2019-01-07,104.77999877929688,96.20722961425781
2019-01-08,105.72000122070312,97.07032012939453
2019-01-09,106.38999938964844,97.68550872802734
2019-01-10,106.2699966430664,97.57532501220703
2019-01-11,106.08000183105469,97.40086364746094
2019-01-14,105.69999694824219,97.05195617675781
2019-01-15,106.72000122070312,97.9885025024414
2019-01-16,106.31999969482422,97.62123107910156
2019-01-17,107.0999984741211,98.33740997314453
2019-01-18,108.08999633789062,99.24641418457031
2019-01-22,106.54000091552734,97.82322692871094
2019-01-23,106.6500015258789,97.92424774169922
2019-01-24,107.30999755859375,98.53022003173828
2019-01-25,108.37999725341797,99.5126724243164
2019-01-28,107.9800033569336,99.14542388916016
2019-01-29,107.5999984741211,98.7965087890625
2019-01-30,109.37000274658203,100.42169189453125
2019-01-31,110.30999755859375,101.28479766845703
2019-02-01,108.75,99.85240936279297
2019-02-04,109.01000213623047,100.09114074707031
2019-02-05,109.87999725341797,100.88996887207031
2019-02-06,109.05999755859375,100.1370620727539
2019-02-07,107.76000213623047,98.94341278076172
2019-02-08,107.02999877929688,98.27313995361328
2019-02-11,107.19999694824219,98.42923736572266
2019-02-12,109.11000061035156,100.18297576904297
2019-02-13,109.86000061035156,100.87161254882812
2019-02-14,109.0999984741211,100.17378997802734
2019-02-15,109.77999877929688,100.79814910888672
2019-02-19,110.4800033569336,101.44087219238281
2019-02-20,110.94000244140625,101.86323547363281
2019-02-21,110.70999908447266,101.65204620361328
2019-02-22,111.41000366210938,102.2947769165039
2019-02-25,111.73999786376953,102.59779357910156
2019-02-26,111.9000015258789,102.74469757080078
2019-02-27,111.6500015258789,102.51514434814453
2019-02-28,111.30000305175781,102.19379425048828
2019-03-01,112.02999877929688,102.86406707763672
2019-03-04,111.55000305175781,102.42333221435547
2019-03-05,111.80999755859375,102.66204833984375
2019-03-06,111.02999877929688,101.94586944580078
2019-03-07,109.36000061035156,100.41252136230469
2019-03-08,109.05999755859375,100.1370620727539
2019-03-11,110.36000061035156,101.33069610595703
2019-03-12,110.23999786376953,101.22051239013672
2019-03-13,110.94000244140625,101.86323547363281
2019-03-14,110.43000030517578,101.39496612548828
2019-03-15,111.30999755859375,102.20296478271484
2019-03-18,112.05000305175781,102.8824234008789
2019-03-19,112.68000030517578,103.46087646484375
2019-03-20,112.76000213623047,103.53433227539062
2019-03-21,113.54000091552734,104.2505111694336
2019-03-22,111.48999786376953,102.36822509765625
2019-03-25,111.95999908447266,102.7998046875
2019-03-26,112.52999877929688,103.32315063476562
2019-03-27,112.55999755859375,103.35070037841797
2019-03-28,112.70999908447266,103.4884262084961
2019-03-29,113.20999908447266,103.94751739501953
2019-04-01,114.80999755859375,105.41661071777344
2019-04-02,115.1500015258789,105.72879791259766
2019-04-03,115.72000122070312,106.25216674804688
2019-04-04,116.30999755859375,106.79388427734375
2019-04-05,116.95999908447266,107.39070129394531
2019-04-08,117.2300033569336,107.63861846923828
2019-04-09,116.26000213623047,106.74797058105469
2019-04-10,116.9800033569336,107.40906524658203
2019-04-11,117.5,107.88652038574219
2019-04-12,118.31999969482422,108.63943481445312
2019-04-15,118.5999984741211,108.89652252197266
2019-04-16,118.87999725341797,109.15360260009766
2019-04-17,119.5999984741211,109.81470489501953
2019-04-18,119.8499984741211,110.04425811767578
2019-04-22,119.62999725341797,109.84225463867188
2019-04-23,120.41000366210938,110.55844116210938
2019-04-24,119.79000091552734,109.98917388916016
2019-04-25,119.30000305175781,109.53925323486328
2019-04-26,120.22000122070312,110.38397979736328
2019-04-29,120.19000244140625,110.3564224243164
2019-04-30,119.87000274658203,110.0626220703125
2019-05-01,118.5999984741211,108.89652252197266
2019-05-02,118.68000030517578,108.96997833251953
2019-05-03,120.29000091552734,110.44825744628906
2019-05-06,119.41999816894531,109.64945220947266
2019-05-07,117.5999984741211,107.97832489013672
2019-05-08,117.29000091552734,107.69371795654297
2019-05-09,116.73999786376953,107.18869018554688
2019-05-10,116.80000305175781,107.2437973022461
2019-05-13,113.56999969482422,104.278076171875
2019-05-14,114.58000183105469,105.2054214477539
2019-05-15,115.3499984741211,105.91242218017578
2019-05-16,116.18000030517578,106.67453002929688
2019-05-17,115.69999694824219,106.23379516601562
2019-05-20,114.54000091552734,105.16869354248047
2019-05-21,115.31999969482422,105.88489532470703
2019-05-22,114.33999633789062,104.98506927490234
2019-05-23,112.91000366210938,103.67206573486328
2019-05-24,113.5,104.21379852294922
2019-05-28,113.05999755859375,103.8097915649414
2019-05-29,112.08000183105469,102.90996551513672
2019-05-30,112.69000244140625,103.47006225585938
2019-05-31,111.01000213623047,101.92752838134766
2019-06-03,110.45999908447266,101.42252349853516
2019-06-04,112.94999694824219,103.70877838134766
2019-06-05,113.45999908447266,104.17705535888672
2019-06-06,114.06999969482422,104.7371597290039
2019-06-07,115.43000030517578,105.98587799072266
2019-06-10,116.5,106.96835327148438
2019-06-11,117.04000091552734,107.46414947509766
2019-06-12,116.55000305175781,107.01424407958984
2019-06-13,117.19000244140625,107.60189056396484
2019-06-14,117.27999877929688,107.68452453613281
2019-06-17,116.41000366210938,107.92371368408203
2019-06-18,117.54000091552734,108.9713363647461
2019-06-19,117.91000366210938,109.3143539428711
2019-06-20,118.94000244140625,110.26927185058594
2019-06-21,118.23999786376953,109.62030792236328
2019-06-24,118.04000091552734,109.43488311767578
2019-06-25,116.88999938964844,108.36871337890625
2019-06-26,117.20999908447266,108.66539001464844
2019-06-27,118.12999725341797,109.518310546875
2019-06-28,118.51000213623047,109.87062072753906
2019-07-01,119.3499984741211,110.64938354492188
2019-07-02,119.5999984741211,110.88116455078125
2019-07-03,120.58000183105469,111.78972625732422
2019-07-05,120.5999984741211,111.80825805664062
2019-07-08,120.62000274658203,111.82681274414062
2019-07-09,120.45999908447266,111.678466796875
2019-07-10,120.8499984741211,112.04004669189453
2019-07-11,120.98999786376953,112.16983795166016
2019-07-12,122.2300033569336,113.31942749023438
2019-07-15,122.31999969482422,113.40287017822266
2019-07-16,122.33999633789062,113.42140197753906
2019-07-17,121.61000061035156,112.74462127685547
2019-07-18,121.48999786376953,112.63338470458984
2019-07-19,120.93000030517578,112.11418914794922
2019-07-22,121.22000122070312,112.38306427001953
2019-07-23,121.86000061035156,112.97639465332031
2019-07-24,122.33000183105469,113.41214752197266
2019-07-25,121.44000244140625,112.58702087402344
2019-07-26,121.80999755859375,112.9300308227539
2019-07-29,121.08999633789062,112.26254272460938
2019-07-30,119.94999694824219,111.20563507080078
2019-07-31,119.0,110.32489776611328
2019-08-01,117.83999633789062,109.24945068359375
2019-08-02,116.56999969482422,108.0720443725586
2019-08-05,113.44999694824219,105.17949676513672
2019-08-06,114.94999694824219,106.57012939453125
2019-08-07,115.69999694824219,107.26547241210938
2019-08-08,117.33000183105469,108.77664184570312
2019-08-09,116.25,107.7753677368164
2019-08-12,114.91000366210938,106.53307342529297
2019-08-13,116.29000091552734,107.81246185302734
2019-08-14,112.86000061035156,104.63250732421875
2019-08-15,112.77999877929688,104.55833435058594
2019-08-16,113.7300033569336,105.43907165527344
2019-08-19,115.2300033569336,106.82974243164062
2019-08-20,115.05000305175781,106.6628646850586
2019-08-21,116.69000244140625,108.18331146240234
2019-08-22,116.77999877929688,108.2667465209961
2019-08-23,114.06999969482422,105.75430297851562
2019-08-26,115.29000091552734,106.88536071777344
2019-08-27,115.44999694824219,107.03370666503906
2019-08-28,116.19999694824219,107.72901916503906
2019-08-29,117.48999786376953,108.92498016357422
2019-08-30,117.19999694824219,108.65613555908203
2019-09-03,116.80000305175781,108.28528594970703
2019-09-04,117.9800033569336,109.3792724609375
2019-09-05,120.13999938964844,111.38178253173828
2019-09-06,120.36000061035156,111.58574676513672
2019-09-09,120.88999938964844,112.0771255493164
2019-09-10,120.44999694824219,111.66918182373047
2019-09-11,121.01000213623047,112.1883773803711
2019-09-12,121.69999694824219,112.82806396484375
2019-09-13,121.86000061035156,112.97639465332031
2019-09-16,120.19999694824219,111.4374008178711
2019-09-17,120.86000061035156,112.04930877685547
2019-09-18,120.75,111.94732666015625
2019-09-19,120.5999984741211,111.80825805664062
2019-09-20,119.87000274658203,111.1314926147461
2019-09-23,119.81999969482422,111.08511352539062
2019-09-24,119.06999969482422,110.3897933959961
2019-09-25,119.36000061035156,110.65866088867188
2019-09-26,119.41999816894531,110.71428680419922
2019-09-27,118.94000244140625,110.26927185058594
2019-09-30,119.87999725341797,111.14075469970703
2019-10-01,118.86000061035156,110.19510650634766
2019-10-02,116.30000305175781,107.82173919677734
2019-10-03,116.88999938964844,108.36871337890625
2019-10-04,118.0,109.39779663085938
2019-10-07,117.54000091552734,108.9713363647461
2019-10-08,116.23999786376953,107.76609802246094
2019-10-09,117.66000366210938,109.08260345458984
2019-10-10,118.41000366210938,109.77791595458984
2019-10-11,120.37999725341797,111.60428619384766
2019-10-14,120.16999816894531,111.40961456298828
2019-10-15,121.55000305175781,112.68900299072266
2019-10-16,122.16000366210938,113.25453186035156
2019-10-17,122.48999786376953,113.56046295166016
2019-10-18,122.26000213623047,113.34725189208984
2019-10-21,122.72000122070312,113.77371978759766
2019-10-22,122.16999816894531,113.26380920410156
2019-10-23,121.8499984741211,112.96712493896484
2019-10-24,121.94000244140625,113.05058288574219
2019-10-25,122.23999786376953,113.32870483398438
2019-10-28,122.79000091552734,113.83861541748047
2019-10-29,122.36000061035156,113.4399642944336
2019-10-30,122.95999908447266,113.99622344970703
2019-10-31,122.56999969482422,113.6346435546875
2019-11-01,123.29000091552734,114.30216217041016
2019-11-04,123.8499984741211,114.82133483886719
2019-11-05,123.94000244140625,114.90478515625
2019-11-06,123.70999908447266,114.6915283203125
2019-11-07,123.70999908447266,114.6915283203125
2019-11-08,123.48999786376953,114.4875717163086
2019-11-11,123.4000015258789,114.40414428710938
2019-11-12,123.2300033569336,114.24652862548828
2019-11-13,122.91000366210938,113.94987487792969
2019-11-14,122.98999786376953,114.02400970458984
2019-11-15,123.41000366210938,114.41341400146484
2019-11-18,123.75,114.72862243652344
2019-11-19,122.77999877929688,113.82933807373047
2019-11-20,122.2300033569336,113.31942749023438
2019-11-21,121.80999755859375,112.9300308227539
2019-11-22,122.33999633789062,113.42140197753906
2019-11-25,123.30000305175781,114.31143951416016
2019-11-26,123.83999633789062,114.81206512451172
2019-11-27,124.69000244140625,115.60010528564453
2019-11-29,123.58999633789062,114.58027648925781
2019-12-02,122.87000274658203,113.91278076171875
2019-12-03,121.94000244140625,113.05058288574219
2019-12-04,122.77999877929688,113.82933807373047
2019-12-05,122.80000305175781,113.84786987304688
2019-12-06,123.80000305175781,114.7750015258789
2019-12-09,123.51000213623047,114.5061264038086
2019-12-10,123.2300033569336,114.24652862548828
2019-12-11,123.87000274658203,114.8398666381836
2019-12-12,124.88999938964844,115.78550720214844
2019-12-13,125.5199966430664,116.36959075927734
2019-12-16,125.5999984741211,117.13243865966797
2019-12-17,125.55000305175781,117.0858154296875
2019-12-18,125.33999633789062,116.88996124267578
2019-12-19,125.37999725341797,116.9272689819336
2019-12-20,125.30999755859375,116.86199188232422
2019-12-23,125.41000366210938,116.95525360107422
2019-12-24,125.47000122070312,117.01122283935547
2019-12-26,126.16999816894531,117.66403198242188
2019-12-27,126.45999908447266,117.9344711303711
2019-12-30,125.63999938964844,117.16973876953125
2019-12-31,125.93000030517578,117.44019317626953
2020-01-02,127.18000030517578,118.6059341430664
2020-01-03,126.02999877929688,117.533447265625
2020-01-06,126.20999908447266,117.70132446289062
2020-01-07,126.41000366210938,117.88784790039062
2020-01-08,126.87000274658203,118.31683349609375
2020-01-09,127.16999816894531,118.59658813476562
2020-01-10,126.63999938964844,118.10233306884766
2020-01-13,127.16999816894531,118.59658813476562
2020-01-14,127.30000305175781,118.71783447265625
2020-01-15,127.20999908447266,118.6338882446289
2020-01-16,127.87000274658203,119.24940490722656
2020-01-17,128.64999389648438,119.97682189941406
2020-01-21,127.4800033569336,118.88569641113281
2020-01-22,127.41000366210938,118.82041931152344
2020-01-23,127.30999755859375,118.7271499633789
2020-01-24,125.77999877929688,117.3003158569336
2020-01-27,123.33999633789062,115.0248031616211
2020-01-28,124.33999633789062,115.9573745727539
2020-01-29,124.22000122070312,115.84546661376953
2020-01-30,123.9000015258789,115.54704284667969
2020-01-31,122.83000183105469,114.54917907714844
2020-02-03,123.62999725341797,115.29525756835938
2020-02-04,125.7699966430664,117.29096984863281
2020-02-05,126.56999969482422,118.03703308105469
2020-02-06,126.69999694824219,118.15828704833984
2020-02-07,125.43000030517578,116.9738998413086
2020-02-10,126.33000183105469,117.81324005126953
2020-02-11,127.05999755859375,118.49401092529297
2020-02-12,128.55999755859375,119.89289855957031
2020-02-13,127.94999694824219,119.32401275634766
2020-02-14,127.66999816894531,119.0628890991211
2020-02-18,126.87000274658203,118.31683349609375
2020-02-19,127.6500015258789,119.04423522949219
2020-02-20,127.04000091552734,118.47537994384766
2020-02-21,125.91000366210938,117.42153930664062
2020-02-24,121.16000366210938,112.99178314208984
2020-02-25,118.30000305175781,110.32459259033203
2020-02-26,117.80999755859375,109.86760711669922
2020-02-27,114.05000305175781,106.36111450195312
2020-02-28,113.56999969482422,105.9134750366211
2020-03-02,115.91999816894531,108.10504150390625
2020-03-03,113.94000244140625,106.2585220336914
2020-03-04,117.56999969482422,109.64380645751953
2020-03-05,113.08999633789062,105.46581268310547
2020-03-06,111.80000305175781,104.2627944946289
2020-03-09,104.68000030517578,97.62281799316406
2020-03-10,109.19000244140625,101.82875061035156
2020-03-11,103.4800033569336,96.50370025634766
2020-03-12,92.51000213623047,86.27326965332031
2020-03-13,97.5,90.92684936523438
2020-03-16,85.61000061035156,79.83844757080078
2020-03-17,88.55999755859375,82.58956146240234
2020-03-18,82.77999877929688,77.19922637939453
2020-03-19,85.04000091552734,79.30686950683594
2020-03-20,84.0199966430664,78.35562896728516
2020-03-23,83.5999984741211,77.9639663696289
2020-03-24,92.04000091552734,85.83494567871094
2020-03-25,95.22000122070312,88.80057525634766
2020-03-26,98.61000061035156,91.96200561523438
2020-03-27,95.44000244140625,89.0057144165039
2020-03-30,96.70999908447266,90.19012451171875
2020-03-31,94.5999984741211,88.22237396240234
2020-04-01,90.2699966430664,84.18428039550781
2020-04-02,90.77999877929688,84.65989685058594
2020-04-03,88.87999725341797,82.88798522949219
2020-04-06,95.97000122070312,89.50000762939453
2020-04-07,97.33999633789062,90.77764129638672
2020-04-08,99.86000061035156,93.12774658203125
2020-04-09,102.27999877929688,95.38459777832031
2020-04-13,101.06999969482422,94.25617980957031
2020-04-14,103.91999816894531,96.91403198242188
2020-04-15,101.27999877929688,94.45201873779297
2020-04-16,101.98999786376953,95.1141586303711
2020-04-17,105.37000274658203,98.26628875732422
2020-04-20,103.58999633789062,96.60628509521484
2020-04-21,100.83999633789062,94.04166412353516
2020-04-22,102.8499984741211,95.91617584228516
2020-04-23,102.41999816894531,95.5151596069336
2020-04-24,103.83999633789062,96.83942413330078
2020-04-27,106.05000305175781,98.90045166015625
2020-04-28,106.77999877929688,99.58122253417969
2020-04-29,109.76000213623047,102.36032104492188
2020-04-30,108.23999786376953,100.94279479980469
2020-05-01,104.81999969482422,97.75337219238281
2020-05-04,104.7300033569336,97.66943359375
2020-05-05,105.02999877929688,97.94920349121094
2020-05-06,104.88999938964844,97.81864166259766
2020-05-07,106.37999725341797,99.20818328857422
2020-05-08,108.91999816894531,101.57695007324219
2020-05-11,108.83000183105469,101.49303436279297
2020-05-12,106.55999755859375,99.37606811523438
2020-05-13,104.7300033569336,97.66943359375
2020-05-14,105.25,98.15436553955078
2020-05-15,105.93000030517578,98.78853607177734
2020-05-18,110.62999725341797,103.17167663574219
2020-05-19,110.02999877929688,102.61212921142578
2020-05-20,111.58999633789062,104.06695556640625
2020-05-21,111.41000366210938,103.89907836914062
2020-05-22,111.3499984741211,103.84313201904297
2020-05-26,114.3499984741211,106.64087677001953
2020-05-27,116.58999633789062,108.72986602783203
2020-05-28,116.55999755859375,108.70189666748047
2020-05-29,116.2699966430664,108.43144989013672
2020-06-01,118.01000213623047,110.05413818359375
2020-06-02,119.33000183105469,111.28514099121094
2020-06-03,122.16000366210938,113.92435455322266
2020-06-04,121.23999786376953,113.06636047363281
2020-06-05,124.48999786376953,116.09728240966797
2020-06-08,125.94999694824219,117.45884704589844
2020-06-09,124.37999725341797,115.99468994140625
2020-06-10,123.68000030517578,115.34187316894531
2020-06-11,116.41999816894531,108.57131958007812
2020-06-12,118.45999908447266,110.47378540039062
2020-06-15,118.12000274658203,110.64617919921875
2020-06-16,120.04000091552734,112.44467163085938
2020-06-17,120.20999908447266,112.6039047241211
2020-06-18,119.5999984741211,112.03250885009766
2020-06-19,118.6500015258789,111.14262390136719
2020-06-22,120.05000305175781,112.45404815673828
2020-06-23,121.05999755859375,113.40013122558594
2020-06-24,118.16000366210938,110.68363189697266
2020-06-25,118.68000030517578,111.17072296142578
2020-06-26,116.45999908447266,109.09120178222656
2020-06-29,117.91999816894531,110.45882415771484
2020-06-30,118.8499984741211,111.32998657226562
2020-07-01,119.37000274658203,111.81705474853516
2020-07-02,120.45999908447266,112.83810424804688
2020-07-06,122.98999786376953,115.2080078125
2020-07-07,121.12000274658203,113.45632934570312
2020-07-08,122.19000244140625,114.4586410522461
2020-07-09,121.70999908447266,114.00900268554688
2020-07-10,123.18000030517578,115.38599395751953
2020-07-13,122.27999877929688,114.54295349121094
2020-07-14,123.37000274658203,115.5639877319336
2020-07-15,125.44999694824219,117.51235961914062
2020-07-16,124.61000061035156,116.72550964355469
2020-07-17,124.61000061035156,116.72550964355469
2020-07-20,125.66000366210938,117.70906829833984
2020-07-21,125.94999694824219,117.9807357788086
2020-07-22,126.55999755859375,118.5521240234375
2020-07-23,125.29000091552734,117.36249542236328
2020-07-24,125.23999786376953,117.31565856933594
2020-07-27,126.16000366210938,118.17744445800781
2020-07-28,125.11000061035156,117.19388580322266
2020-07-29,126.18000030517578,118.19618225097656
2020-07-30,125.47000122070312,117.53111267089844
2020-07-31,124.13999938964844,116.2852554321289
2020-08-03,125.5,117.55921173095703
2020-08-04,126.69000244140625,118.67391967773438
2020-08-05,127.94000244140625,119.84481811523438
2020-08-06,128.6199951171875,120.4817886352539
2020-08-07,128.69000244140625,120.54737091064453
2020-08-10,129.77000427246094,121.55902862548828
2020-08-11,130.5399932861328,122.2802963256836
2020-08-12,132.6999969482422,124.30362701416016
2020-08-13,132.33999633789062,123.96640014648438
2020-08-14,132.16000366210938,123.79779815673828
2020-08-17,133.4499969482422,125.00618743896484
2020-08-18,134.3699951171875,125.86795043945312
2020-08-19,133.3699951171875,124.93122100830078
2020-08-20,133.0,124.58464813232422
2020-08-21,133.4199981689453,124.97808074951172
2020-08-24,135.3000030517578,126.73912048339844
2020-08-25,135.74000549316406,127.15127563476562
2020-08-26,136.9600067138672,128.29409790039062
2020-08-27,136.49000549316406,127.85382080078125
2020-08-28,137.17999267578125,128.50015258789062
2020-08-31,136.14999389648438,127.53533172607422
2020-09-01,137.47000122070312,128.77182006835938
2020-09-02,139.5800018310547,130.74830627441406
2020-09-03,135.77000427246094,127.17937469482422
2020-09-04,135.55999755859375,126.9826889038086
2020-09-08,133.77000427246094,125.3059310913086
2020-09-09,135.5800018310547,127.00138854980469
2020-09-10,134.2899932861328,125.79302215576172
2020-09-11,135.0500030517578,126.50495147705078
2020-09-14,136.47000122070312,127.83509063720703
2020-09-15,137.64999389648438,128.9404296875
2020-09-16,137.2899932861328,128.60321044921875
2020-09-17,135.80999755859375,127.21688079833984
2020-09-18,134.52999877929688,126.01783752441406
2020-09-21,131.4199981689453,123.1046142578125
2020-09-22,132.69000244140625,124.29428100585938
2020-09-23,131.74000549316406,123.40438842773438
2020-09-24,131.69000244140625,123.35755920410156
2020-09-25,132.4499969482422,124.0694580078125
2020-09-28,134.85000610351562,126.31759643554688
2020-09-29,134.4199981689453,125.9148178100586
2020-09-30,134.9199981689453,126.38318634033203
2020-10-01,136.16000366210938,127.54468536376953
2020-10-02,135.85000610351562,127.25431060791016
2020-10-05,137.58999633789062,128.8842315673828
2020-10-06,135.89999389648438,127.30115509033203
2020-10-07,138.6699981689453,129.8959197998047
2020-10-08,139.0500030517578,130.25184631347656
2020-10-09,140.22000122070312,131.34783935546875
2020-10-12,141.5,132.54681396484375
2020-10-13,141.19000244140625,132.25643920898438
2020-10-14,140.02999877929688,131.1698455810547
2020-10-15,140.0399932861328,131.17921447753906
2020-10-16,139.99000549316406,131.1323699951172
2020-10-19,138.38999938964844,129.6335906982422
2020-10-20,139.67999267578125,130.8419952392578
2020-10-21,139.4199981689453,130.5984344482422
2020-10-22,139.42999267578125,130.6077880859375
2020-10-23,140.33999633789062,131.46022033691406
2020-10-26,137.8000030517578,129.08094787597656
2020-10-27,137.3800048828125,128.68751525878906
2020-10-28,133.66000366210938,125.2029037475586
2020-10-29,135.0800018310547,126.53305053710938
2020-10-30,133.2899932861328,124.85628509521484
2020-11-02,134.39999389648438,125.8960952758789
2020-11-03,137.6699981689453,128.9591522216797
2020-11-04,139.6300048828125,130.795166015625
2020-11-05,143.35000610351562,134.27978515625
2020-11-06,143.33999633789062,134.27040100097656
2020-11-09,145.72000122070312,136.49981689453125
2020-11-10,144.67999267578125,135.52560424804688
2020-11-11,146.11000061035156,136.86512756347656
2020-11-12,144.1300048828125,135.01043701171875
2020-11-13,146.69000244140625,137.40843200683594
2020-11-16,148.50999450683594,139.11328125
2020-11-17,148.3699951171875,138.98211669921875
2020-11-18,147.4600067138672,138.12969970703125
2020-11-19,147.99000549316406,138.62620544433594
2020-11-20,148.1699981689453,138.79481506347656
2020-11-23,149.1699981689453,139.73153686523438
2020-11-24,151.24000549316406,141.67056274414062
2020-11-25,150.82000732421875,141.27711486816406
2020-11-27,151.3300018310547,141.7548370361328
2020-11-30,149.1999969482422,139.75962829589844
2020-12-01,151.44000244140625,141.85789489746094
2020-12-02,150.4199981689453,140.90240478515625
2020-12-03,151.0500030517578,141.49258422851562
2020-12-04,151.7899932861328,142.18576049804688
2020-12-07,151.14999389648438,141.5862274169922
2020-12-08,151.14999389648438,141.5862274169922
2020-12-09,151.5500030517578,141.96090698242188
2020-12-10,151.47999572753906,141.89535522460938
2020-12-11,151.17999267578125,141.61434936523438
2020-12-14,151.13999938964844,142.03536987304688
2020-12-15,152.8800048828125,143.67054748535156
2020-12-16,153.8000030517578,144.5351104736328
2020-12-17,154.7899932861328,145.4654541015625
2020-12-18,153.92999267578125,144.6572723388672
2020-12-21,152.0399932861328,142.88113403320312
2020-12-22,151.47999572753906,142.35487365722656
2020-12-23,152.63999938964844,143.44500732421875
2020-12-24,152.4600067138672,143.27584838867188
2020-12-28,153.63999938964844,144.384765625
2020-12-29,154.22000122070312,144.92982482910156
2020-12-30,155.00999450683594,145.6722412109375
2020-12-31,155.5399932861328,146.1702880859375
2021-01-04,154.39999389648438,145.0989532470703
2021-01-05,155.72000122070312,146.3394317626953
2021-01-06,157.10000610351562,147.63632202148438
2021-01-07,159.1699981689453,149.5816192626953
2021-01-08,162.47000122070312,152.68284606933594
2021-01-11,159.52000427246094,149.91053771972656
2021-01-12,161.11000061035156,151.40475463867188
2021-01-13,160.6300048828125,150.95372009277344
2021-01-14,160.3800048828125,150.71876525878906
2021-01-15,158.32000732421875,148.78285217285156
2021-01-19,160.05999755859375,150.41802978515625
2021-01-20,163.0,153.18092346191406
2021-01-21,163.72999572753906,153.86692810058594
2021-01-22,163.25,153.41583251953125
2021-01-25,163.3699951171875,153.52859497070312
2021-01-26,163.1999969482422,153.3688507080078
2021-01-27,158.10000610351562,148.57611083984375
2021-01-28,159.02000427246094,149.44068908691406
2021-01-29,155.57000732421875,146.19850158691406
2021-02-01,158.80999755859375,149.24331665039062
2021-02-02,162.19000244140625,152.4197235107422
2021-02-03,162.8699951171875,153.05874633789062
2021-02-04,163.77999877929688,153.91392517089844
2021-02-05,165.89999389648438,155.90623474121094
2021-02-08,166.60000610351562,156.56407165527344
2021-02-09,166.6999969482422,156.6580047607422
2021-02-10,165.75,155.76524353027344
2021-02-11,166.41000366210938,156.38551330566406
2021-02-12,166.66000366210938,156.62042236328125
2021-02-16,166.39999389648438,156.37608337402344
2021-02-17,166.3800048828125,156.3572998046875
2021-02-18,165.97000122070312,155.9720001220703
2021-02-19,165.64999389648438,155.6712646484375
2021-02-22,162.9600067138672,153.14334106445312
2021-02-23,162.13999938964844,152.3727264404297
2021-02-24,162.8800048828125,153.068115234375
2021-02-25,158.2899932861328,148.75466918945312
2021-02-26,157.69000244140625,148.19081115722656
2021-03-01,161.32000732421875,151.60211181640625
2021-03-02,160.14999389648438,150.50259399414062
2021-03-03,158.14999389648438,148.62307739257812
2021-03-04,154.24000549316406,144.94862365722656
2021-03-05,155.6999969482422,146.32064819335938
2021-03-08,155.1199951171875,145.7755889892578
2021-03-09,159.50999450683594,149.90113830566406
2021-03-10,160.3800048828125,150.71876525878906
2021-03-11,163.10000610351562,153.27493286132812
2021-03-12,163.07000732421875,153.2467041015625
2021-03-15,164.72000122070312,154.79730224609375
2021-03-16,163.82000732421875,153.95150756835938
2021-03-17,165.69000244140625,155.70887756347656
2021-03-18,163.0500030517578,153.22792053222656
2021-03-19,163.5500030517578,153.69778442382812
2021-03-22,163.57000732421875,153.716552734375
2021-03-23,161.17999267578125,151.47052001953125
2021-03-24,158.5500030517578,148.99896240234375
2021-03-25,159.72999572753906,150.10787963867188
2021-03-26,161.6999969482422,151.95921325683594
2021-03-29,160.63999938964844,150.9630889892578
2021-03-30,162.0500030517578,152.2881317138672
2021-03-31,163.0399932861328,153.21852111816406
2021-04-01,164.60000610351562,154.6845703125
2021-04-05,167.7100067138672,157.60719299316406
2021-04-06,167.50999450683594,157.41921997070312
2021-04-07,166.77000427246094,156.72381591796875
2021-04-08,167.64999389648438,157.55076599121094
2021-04-09,168.42999267578125,158.28379821777344
2021-04-12,169.0800018310547,158.89463806152344
2021-04-13,170.75,160.4640350341797
2021-04-14,169.9199981689453,159.6840362548828
2021-04-15,170.89999389648438,160.60501098632812
2021-04-16,172.35000610351562,161.96766662597656
2021-04-19,170.47999572753906,160.21029663085938
2021-04-20,168.08999633789062,157.9643096923828
2021-04-21,169.8699951171875,159.6370391845703
2021-04-22,168.91000366210938,158.73487854003906
2021-04-23,170.8699951171875,160.57679748535156
2021-04-26,170.60000610351562,160.32310485839844
2021-04-27,170.88999938964844,160.5956268310547
2021-04-28,170.72999572753906,160.44525146484375
2021-04-29,170.58999633789062,160.31370544433594
2021-04-30,169.5399932861328,159.32693481445312
2021-05-03,169.36000061035156,159.15777587890625
2021-05-04,167.33999633789062,157.2594757080078
2021-05-05,167.8300018310547,157.71994018554688
2021-05-06,168.19000244140625,158.05825805664062
2021-05-07,169.97999572753906,159.74041748046875
2021-05-10,167.25,157.1748809814453
2021-05-11,165.02999877929688,155.08860778808594
2021-05-12,160.6300048828125,150.95372009277344
2021-05-13,161.55999755859375,151.82766723632812
2021-05-14,164.27000427246094,154.3743896484375
2021-05-17,163.6699981689453,153.81056213378906
2021-05-18,164.0,154.12071228027344
2021-05-19,162.61000061035156,152.81439208984375
2021-05-20,164.94000244140625,155.00404357910156
2021-05-21,164.5500030517578,154.63754272460938
2021-05-24,165.69000244140625,155.70887756347656
2021-05-25,166.24000549316406,156.22572326660156
2021-05-26,167.55999755859375,157.46620178222656
2021-05-27,168.4199981689453,158.2744140625
2021-05-28,168.6699981689453,158.50936889648438
2021-06-01,169.9199981689453,159.6840362548828
2021-06-02,169.80999755859375,159.58067321777344
2021-06-03,168.50999450683594,158.3589630126953
2021-06-04,169.75,159.5242919921875
2021-06-07,169.88999938964844,159.6558380126953
2021-06-08,170.42999267578125,160.16331481933594
2021-06-09,169.16000366210938,158.96983337402344
2021-06-10,168.9199981689453,159.3755340576172
2021-06-11,169.58999633789062,160.00770568847656
2021-06-14,169.7100067138672,160.1209259033203
2021-06-15,168.75,159.21511840820312
2021-06-16,168.30999755859375,158.80001831054688
2021-06-17,168.39999389648438,158.88490295410156
2021-06-18,166.6199951171875,157.20545959472656
2021-06-21,168.3699951171875,158.8566131591797
2021-06-22,169.25999450683594,159.69631958007812
2021-06-23,169.80999755859375,160.2152557373047
2021-06-24,170.61000061035156,160.97003173828125
2021-06-25,172.3800048828125,162.6400604248047
2021-06-28,171.86000061035156,162.1494140625
2021-06-29,172.5399932861328,162.79098510742188
2021-06-30,171.42999267578125,161.74371337890625
2021-07-01,171.88999938964844,162.17771911621094
2021-07-02,172.67999267578125,162.92306518554688
2021-07-06,171.05999755859375,161.39462280273438
2021-07-07,170.9199981689453,161.2625274658203
2021-07-08,168.72000122070312,159.1868438720703
2021-07-09,171.72000122070312,162.017333984375
2021-07-12,172.83999633789062,163.07403564453125
2021-07-13,171.58999633789062,161.89466857910156
2021-07-14,171.67999267578125,161.97958374023438
2021-07-15,170.6300048828125,160.98892211914062
2021-07-16,168.77999877929688,159.24343872070312
2021-07-19,165.67999267578125,156.31858825683594
2021-07-20,168.33999633789062,158.8282928466797
2021-07-21,170.08999633789062,160.47943115234375
2021-07-22,170.49000549316406,160.85684204101562
2021-07-23,171.63999938964844,161.9418487548828
2021-07-26,170.9199981689453,161.2625274658203
2021-07-27,168.69000244140625,159.15853881835938
2021-07-28,170.2899932861328,160.6681365966797
2021-07-29,171.6300048828125,161.93240356445312
2021-07-30,169.44000244140625,159.86614990234375
2021-08-02,170.1199951171875,160.5077362060547
2021-08-03,170.9199981689453,161.2625274658203
2021-08-04,170.1300048828125,160.51715087890625
2021-08-05,171.11000061035156,161.44178771972656
2021-08-06,169.97999572753906,160.37564086914062
2021-08-09,169.99000549316406,160.38507080078125
2021-08-10,170.9600067138672,161.30027770996094
2021-08-11,171.2100067138672,161.5361785888672
2021-08-12,171.02000427246094,161.3568878173828
2021-08-13,170.91000366210938,161.2530975341797
2021-08-16,169.19000244140625,159.6302947998047
2021-08-17,165.30999755859375,155.96949768066406
2021-08-18,164.92999267578125,155.61097717285156
2021-08-19,161.99000549316406,152.83709716796875
2021-08-20,162.5399932861328,153.35604858398438
2021-08-23,164.8800048828125,155.56382751464844
2021-08-24,167.02999877929688,157.59228515625
2021-08-25,167.58999633789062,158.1206817626953
2021-08-26,166.0500030517578,156.66769409179688
2021-08-27,166.97999572753906,157.545166015625
2021-08-30,167.83999633789062,158.3565673828125
2021-08-31,168.63999938964844,159.111328125
2021-09-01,170.14999389648438,160.5360565185547
2021-09-02,170.05999755859375,160.4511260986328
2021-09-03,170.1300048828125,160.51715087890625
2021-09-07,171.33999633789062,161.65879821777344
2021-09-08,170.3699951171875,160.74359130859375
2021-09-09,170.33999633789062,160.71531677246094
2021-09-10,169.4199981689453,159.84730529785156
2021-09-13,169.60000610351562,160.01712036132812
2021-09-14,168.5800018310547,159.0547332763672
2021-09-15,168.8000030517578,159.2623291015625
2021-09-16,169.1999969482422,159.6397247314453
2021-09-17,168.85000610351562,159.3094940185547
2021-09-20,164.42999267578125,155.1392364501953
2021-09-21,165.5,156.14877319335938
2021-09-22,167.97000122070312,158.47921752929688
2021-09-23,169.64999389648438,160.0642852783203
2021-09-24,169.0,159.4510498046875
2021-09-27,170.11000061035156,160.498291015625
2021-09-28,166.8800048828125,157.4508056640625
2021-09-29,166.99000549316406,157.55458068847656
2021-09-30,164.97000122070312,155.6487274169922
2021-10-01,165.4600067138672,156.1110382080078
2021-10-04,163.4499969482422,154.214599609375
2021-10-05,164.57000732421875,155.2713165283203
2021-10-06,163.89999389648438,154.63917541503906
2021-10-07,166.80999755859375,157.384765625
2021-10-08,166.82000732421875,157.3942108154297
2021-10-11,167.0500030517578,157.6112060546875
2021-10-12,167.92999267578125,158.4414825439453
2021-10-13,169.08999633789062,159.53591918945312
2021-10-14,170.82000732421875,161.16818237304688
2021-10-15,172.94000244140625,163.1683807373047
2021-10-18,174.02000427246094,164.1873779296875
2021-10-19,174.41000366210938,164.55535888671875
2021-10-20,174.75,164.87611389160156
2021-10-21,176.14999389648438,166.19700622558594
2021-10-22,175.99000549316406,166.0460662841797
2021-10-25,178.47999572753906,168.39535522460938
2021-10-26,178.5,168.4142303466797
2021-10-27,178.2100067138672,168.14064025878906
2021-10-28,180.0800018310547,169.9049835205078
2021-10-29,179.67999267578125,169.52755737304688
2021-11-01,183.6300048828125,173.25436401367188
2021-11-02,182.0,171.71646118164062
2021-11-03,185.00999450683594,174.55641174316406
2021-11-04,186.27999877929688,175.75465393066406
2021-11-05,187.0800018310547,176.5094451904297
2021-11-08,185.3699951171875,174.8960723876953
2021-11-09,182.74000549316406,172.41465759277344
2021-11-10,181.97000122070312,171.68817138671875
2021-11-11,182.25999450683594,171.96176147460938
2021-11-12,183.67999267578125,173.30154418945312
2021-11-15,183.02000427246094,172.67886352539062
2021-11-16,185.57000732421875,175.0847625732422
2021-11-17,185.8699951171875,175.3677978515625
2021-11-18,186.30999755859375,175.782958984375
2021-11-19,186.22999572753906,175.70748901367188
2021-11-22,185.55999755859375,175.0753173828125
2021-11-23,183.66000366210938,173.2826690673828
2021-11-24,183.88999938964844,173.49969482421875
2021-11-26,177.99000549316406,167.9330596923828
2021-11-29,179.55999755859375,169.41433715820312
2021-11-30,177.02000427246094,167.01785278320312
2021-12-01,175.44000244140625,165.52713012695312
2021-12-02,177.3699951171875,167.3480987548828
2021-12-03,174.02999877929688,164.1968231201172
2021-12-06,176.47999572753906,166.5083770751953
2021-12-07,180.7899932861328,170.57485961914062
2021-12-08,181.4199981689453,171.16925048828125
2021-12-09,178.52999877929688,168.4425506591797
2021-12-10,179.47999572753906,169.33885192871094
2021-12-13,175.5,166.04632568359375
2021-12-14,174.80999755859375,165.3934783935547
2021-12-15,176.0399932861328,166.5572509765625
2021-12-16,173.44000244140625,164.0972900390625
2021-12-17,172.0399932861328,162.77272033691406
2021-12-20,169.00999450683594,159.90591430664062
2021-12-21,173.24000549316406,163.90805053710938
2021-12-22,175.61000061035156,166.15037536621094
2021-12-23,177.41000366210938,167.8534393310547
2021-12-27,178.38999938964844,168.78062438964844
2021-12-28,178.33999633789062,168.73333740234375
2021-12-29,178.50999450683594,168.89418029785156
2021-12-30,178.0800018310547,168.88375854492188
2021-12-31,179.2899932861328,170.03126525878906
2022-01-03,181.19000244140625,171.83314514160156
2022-01-04,181.17999267578125,171.82366943359375
2022-01-05,178.3300018310547,169.12083435058594
2022-01-06,178.08999633789062,168.89324951171875
2022-01-07,175.88999938964844,166.80682373046875
2022-01-10,174.25999450683594,165.2610321044922
2022-01-11,176.55999755859375,167.4422607421875
2022-01-12,178.5800018310547,169.35792541503906
2022-01-13,175.7899932861328,166.7119903564453
2022-01-14,174.7100067138672,165.68777465820312
2022-01-18,171.47000122070312,162.61509704589844
2022-01-19,169.3000030517578,160.55715942382812
2022-01-20,168.0500030517578,159.37173461914062
2022-01-21,164.52000427246094,156.02398681640625
2022-01-24,164.2899932861328,155.8058624267578
2022-01-25,162.11000061035156,153.7384490966797
2022-01-26,161.8000030517578,153.44447326660156
2022-01-27,158.10000610351562,149.93557739257812
2022-01-28,160.50999450683594,152.22108459472656
2022-01-31,166.3300018310547,157.74053955078125
2022-02-01,167.69000244140625,159.0303192138672
2022-02-02,166.9600067138672,158.33799743652344
2022-02-03,163.6199951171875,155.17050170898438
2022-02-04,165.49000549316406,156.94390869140625
2022-02-07,164.52999877929688,156.0334930419922
2022-02-08,166.7100067138672,158.10092163085938
2022-02-09,169.64999389648438,160.88909912109375
2022-02-10,166.3000030517578,157.71209716796875
2022-02-11,162.3300018310547,153.9470977783203
2022-02-14,162.02999877929688,153.66259765625
2022-02-15,166.10000610351562,157.52239990234375
2022-02-16,166.2899932861328,157.70260620117188
2022-02-17,162.64999389648438,154.2505645751953
2022-02-18,161.00999450683594,152.6952667236328
2022-02-22,156.32000732421875,148.24746704101562
2022-02-23,152.64999389648438,144.76698303222656
2022-02-24,153.3300018310547,145.41188049316406
2022-02-25,156.3800048828125,148.30438232421875
2022-02-28,156.11000061035156,148.04830932617188
2022-03-01,152.25999450683594,144.39712524414062
2022-03-02,154.66000366210938,146.67320251464844
2022-03-03,150.97000122070312,143.17373657226562
2022-03-04,146.8699951171875,139.2854766845703
2022-03-07,140.0500030517578,132.81764221191406
2022-03-08,140.19000244140625,132.950439453125
2022-03-09,146.38999938964844,138.8302764892578
2022-03-10,144.6300048828125,137.16116333007812
2022-03-11,141.50999450683594,134.20225524902344
2022-03-14,139.64999389648438,132.4383087158203
2022-03-15,143.02000427246094,135.63429260253906
2022-03-16,151.2100067138672,143.40133666992188
2022-03-17,152.08999633789062,144.23590087890625
2022-03-18,155.1999969482422,147.18528747558594
2022-03-21,153.0500030517578,145.14633178710938
2022-03-22,156.72999572753906,148.63629150390625
2022-03-23,154.3800048828125,146.4076385498047
2022-03-24,155.42999267578125,147.40341186523438
2022-03-25,154.91000366210938,146.91029357910156
2022-03-28,157.42999267578125,149.30010986328125
2022-03-29,161.69000244140625,153.3401336669922
2022-03-30,159.3800048828125,151.14942932128906
2022-03-31,156.3300018310547,148.25694274902344
2022-04-01,156.52999877929688,148.44664001464844
2022-04-04,159.55999755859375,151.32012939453125
2022-04-05,155.97999572753906,147.9250030517578
2022-04-06,152.3699951171875,144.50144958496094
2022-04-07,152.41000366210938,144.5393829345703
2022-04-08,151.0399932861328,143.24012756347656
2022-04-11,148.41000366210938,140.74595642089844
2022-04-12,148.60000610351562,140.9261474609375
2022-04-13,151.2100067138672,143.40133666992188
2022-04-14,149.8000030517578,142.06417846679688
2022-04-18,149.64999389648438,141.92190551757812
2022-04-19,152.36000061035156,144.491943359375
2022-04-20,151.7899932861328,143.95140075683594
2022-04-21,150.08999633789062,142.33917236328125
2022-04-22,147.13999938964844,139.54153442382812
2022-04-25,147.25999450683594,139.6553192138672
2022-04-26,141.77000427246094,134.44882202148438
2022-04-27,142.25,134.904052734375
2022-04-28,144.72000122070312,137.24649047851562
2022-04-29,141.17999267578125,133.8892822265625
2022-05-02,142.5500030517578,135.18856811523438
2022-05-03,142.88999938964844,135.51097106933594
2022-05-04,146.02000427246094,138.4793701171875
2022-05-05,138.38999938964844,131.24339294433594
2022-05-06,136.8699951171875,129.8018798828125
2022-05-09,131.64999389648438,124.85143280029297
2022-05-10,131.49000549316406,124.69972229003906
2022-05-11,128.39999389648438,121.76927185058594
2022-05-12,129.0399932861328,122.376220703125
2022-05-13,134.07000732421875,127.14649963378906
2022-05-16,132.0800018310547,125.25924682617188
2022-05-17,135.49000549316406,128.4931640625
2022-05-18,128.41000366210938,121.77877044677734
2022-05-19,129.44000244140625,122.75558471679688
2022-05-20,128.19000244140625,121.57013702392578
2022-05-23,128.99000549316406,122.32881927490234
2022-05-24,126.44999694824219,119.91996765136719
2022-05-25,128.77000427246094,122.12017822265625
2022-05-26,134.1199951171875,127.19385528564453
2022-05-27,137.57000732421875,130.4657440185547
2022-05-31,138.88999938964844,131.71759033203125
2022-06-01,137.5800018310547,130.4752197265625
2022-06-02,141.66000366210938,134.34454345703125
2022-06-03,137.97000122070312,130.84506225585938
2022-06-06,139.4199981689453,132.2201690673828
2022-06-07,139.66000366210938,132.4477996826172
2022-06-08,139.6999969482422,132.4857177734375
2022-06-09,135.80999755859375,129.3782196044922
2022-06-10,132.07000732421875,125.81534576416016
2022-06-13,125.62999725341797,119.68032836914062
2022-06-14,125.7300033569336,119.77560424804688
2022-06-15,128.9499969482422,122.84310150146484
2022-06-16,123.31999969482422,117.47972106933594
2022-06-17,124.87999725341797,118.9658432006836
2022-06-21,127.88999938964844,121.83329010009766
2022-06-22,126.87000274658203,120.86160278320312
2022-06-23,128.57000732421875,122.4811019897461
2022-06-24,133.07000732421875,126.76799011230469
2022-06-27,132.32000732421875,126.05352020263672
2022-06-28,129.2100067138672,123.09080505371094
2022-06-29,128.64999389648438,122.55729675292969
2022-06-30,126.98999786376953,120.97592163085938
2022-07-01,128.5800018310547,122.49061584472656
2022-07-05,129.33999633789062,123.2146224975586
2022-07-06,128.88999938964844,122.78593444824219
2022-07-07,132.1699981689453,125.91059875488281
2022-07-08,132.22999572753906,125.96773529052734
2022-07-11,128.39999389648438,122.31914520263672
2022-07-12,128.05999755859375,121.99524688720703
2022-07-13,128.8300018310547,122.72879028320312
2022-07-14,127.94000244140625,121.88093566894531
2022-07-15,129.50999450683594,123.3765640258789
2022-07-18,130.4499969482422,124.2720718383789
2022-07-19,134.47000122070312,128.10166931152344
2022-07-20,135.05999755859375,128.66375732421875
2022-07-21,137.6300048828125,131.11203002929688
2022-07-22,136.6699981689453,130.19747924804688
2022-07-25,136.3000030517578,129.84503173828125
2022-07-26,133.0399932861328,126.7394027709961
2022-07-27,137.10000610351562,130.6071319580078
2022-07-28,138.9600067138672,132.37904357910156
2022-07-29,141.42999267578125,134.7320556640625
2022-08-01,142.41000366210938,135.66563415527344
2022-08-02,141.11000061035156,134.42721557617188
2022-08-03,143.72000122070312,136.91360473632812
2022-08-04,144.14999389648438,137.32325744628906
2022-08-05,141.86000061035156,135.14170837402344
2022-08-08,142.4499969482422,135.70376586914062
2022-08-09,140.22000122070312,133.57936096191406
2022-08-10,144.1199951171875,137.29466247558594
2022-08-11,143.8699951171875,137.0565185546875
2022-08-12,146.44000244140625,139.5048065185547
2022-08-15,147.02000427246094,140.0573272705078
2022-08-16,147.6199951171875,140.62890625
2022-08-17,146.22000122070312,139.2952117919922
2022-08-18,145.91000366210938,138.99989318847656
2022-08-19,143.35000610351562,136.56112670898438
2022-08-22,139.6199951171875,133.00778198242188
2022-08-23,140.08999633789062,133.45550537109375
2022-08-24,141.02000427246094,134.3414764404297
2022-08-25,142.92999267578125,136.16099548339844
2022-08-26,138.3800048828125,131.82650756835938
2022-08-29,137.85000610351562,131.32159423828125
2022-08-30,136.2100067138672,129.75926208496094
2022-08-31,135.2100067138672,128.806640625
2022-09-01,135.05999755859375,128.66375732421875
2022-09-02,133.82000732421875,127.48246765136719
2022-09-06,133.16000366210938,126.85371398925781
2022-09-07,136.25,129.79736328125
2022-09-08,136.82000732421875,130.34039306640625
2022-09-09,139.7899932861328,133.1697235107422
2022-09-12,141.8300018310547,135.1131134033203
2022-09-13,135.27999877929688,128.87332153320312
2022-09-14,136.33999633789062,129.8831329345703
2022-09-15,135.35000610351562,128.94000244140625
2022-09-16,134.47999572753906,128.11117553710938
2022-09-19,135.94000244140625,129.5020751953125
2022-09-20,133.63999938964844,127.31098937988281
2022-09-21,131.02000427246094,124.81507110595703
2022-09-22,128.8800048828125,122.77642059326172
2022-09-23,125.29000091552734,119.35643768310547
2022-09-26,124.72000122070312,118.81343078613281
2022-09-27,124.7699966430664,118.86105346679688
2022-09-28,128.2100067138672,122.13815307617188
2022-09-29,124.41999816894531,118.52763366699219
2022-09-30,122.0999984741211,116.31749725341797
2022-10-03,123.58999633789062,117.7369384765625
2022-10-04,128.35000610351562,122.27152252197266
2022-10-05,127.61000061035156,121.56655883789062
2022-10-06,126.58000183105469,120.58533477783203
2022-10-07,122.93000030517578,117.10820007324219
2022-10-10,121.56999969482422,115.81261444091797
2022-10-11,120.4800033569336,114.77422332763672
2022-10-12,120.7300033569336,115.01239013671875
2022-10-13,122.4000015258789,116.60328674316406
2022-10-14,118.98999786376953,113.35478973388672
2022-10-17,123.19999694824219,117.36540222167969
2022-10-18,124.19999694824219,118.31803894042969
2022-10-19,121.80000305175781,116.0317153930664
2022-10-20,120.61000061035156,114.8980712890625
2022-10-21,123.16999816894531,117.33682250976562
2022-10-24,122.16999816894531,116.38418579101562
2022-10-25,125.31999969482422,119.38501739501953
2022-10-26,126.05000305175781,120.08043670654297
2022-10-27,124.98999786376953,119.07064056396484
2022-10-28,125.4800033569336,119.53743743896484
2022-10-31,124.86000061035156,118.94679260253906
2022-11-01,125.33000183105469,119.39453887939453
2022-11-02,122.12999725341797,116.34608459472656
2022-11-03,121.38999938964844,115.64112854003906
2022-11-04,124.62000274658203,118.7181625366211
2022-11-07,124.63999938964844,118.73722076416016
2022-11-08,124.76000213623047,118.85153198242188
2022-11-09,121.61000061035156,115.85072326660156
2022-11-10,129.9499969482422,123.79573822021484
2022-11-11,133.2899932861328,126.97755432128906
2022-11-14,131.5500030517578,125.3199691772461
2022-11-15,133.60000610351562,127.27288818359375
2022-11-16,132.0,125.74864959716797
2022-11-17,131.75,125.51050567626953
2022-11-18,131.75999450683594,125.52001190185547
2022-11-21,130.02000427246094,123.8624267578125
2022-11-22,131.14999389648438,124.93891906738281
2022-11-23,132.60000610351562,126.32023620605469
2022-11-25,132.69000244140625,126.40599060058594
2022-11-28,131.75999450683594,125.52001190185547
2022-11-29,132.36000061035156,126.09160614013672
2022-11-30,136.67999267578125,130.20700073242188
2022-12-01,136.97999572753906,130.4927978515625
2022-12-02,137.49000549316406,130.97865295410156
2022-12-05,134.85000610351562,128.46368408203125
2022-12-06,133.4199981689453,127.10139465332031
2022-12-07,132.63999938964844,126.35835266113281
2022-12-08,134.4499969482422,128.08261108398438
2022-12-09,133.72000122070312,127.38721466064453
2022-12-12,133.55999755859375,127.23479461669922
2022-12-13,134.3300018310547,128.5757598876953
2022-12-14,133.83999633789062,128.1067352294922
2022-12-15,130.50999450683594,124.91939544677734
2022-12-16,129.0500030517578,123.52193450927734
2022-12-19,127.69999694824219,122.22976684570312
2022-12-20,126.58000183105469,121.1577377319336
2022-12-21,128.22000122070312,122.72749328613281
2022-12-22,126.05000305175781,120.65045928955078
2022-12-23,126.0999984741211,120.69829559326172
2022-12-27,125.88999938964844,120.49729919433594
2022-12-28,124.19000244140625,118.87013244628906
2022-12-29,127.08999633789062,121.64588165283203
2022-12-30,125.9800033569336,120.58344268798828
2023-01-03,126.58000183105469,121.1577377319336
2023-01-04,130.1699981689453,124.59395599365234
2023-01-05,129.3000030517578,123.76123046875
2023-01-06,132.13999938964844,126.47956085205078
2023-01-09,132.77999877929688,127.09214782714844
2023-01-10,134.10000610351562,128.35562133789062
2023-01-11,136.6999969482422,130.84422302246094
2023-01-12,137.57000732421875,131.67697143554688
2023-01-13,138.2100067138672,132.28956604003906
2023-01-17,138.52999877929688,132.59585571289062
2023-01-18,136.97000122070312,131.10267639160156
2023-01-19,135.97000122070312,130.14549255371094
2023-01-20,138.27000427246094,132.34698486328125
2023-01-23,140.0800018310547,134.0794677734375
2023-01-24,140.25,134.24217224121094
2023-01-25,140.75999450683594,134.73031616210938
2023-01-26,142.9199981689453,136.79779052734375
2023-01-27,145.0399932861328,138.82696533203125
2023-01-30,142.41000366210938,136.30966186523438
2023-01-31,144.72000122070312,138.5206756591797
2023-02-01,146.9199981689453,140.62644958496094
2023-02-02,149.39999389648438,143.0001983642578
2023-02-03,146.39999389648438,140.1287078857422
2023-02-06,145.5500030517578,139.31512451171875
2023-02-07,146.0800018310547,139.82241821289062
2023-02-08,144.6699981689453,138.4728240966797
2023-02-09,145.07000732421875,138.85568237304688
2023-02-10,142.85000610351562,136.73080444335938
2023-02-13,144.66000366210938,138.46324157714844
2023-02-14,145.86000061035156,139.61183166503906
2023-02-15,146.52000427246094,140.2435760498047
2023-02-16,145.07000732421875,138.85568237304688
2023-02-17,144.8800048828125,138.673828125
2023-02-21,140.69000244140625,134.66331481933594
2023-02-22,140.60000610351562,134.5771942138672
2023-02-23,140.83999633789062,134.806884765625
2023-02-24,137.86000061035156,131.95455932617188
2023-02-27,139.75,133.76358032226562
2023-02-28,139.08999633789062,133.13185119628906
2023-03-01,139.05999755859375,133.1031494140625
2023-03-02,138.9499969482422,132.9978485107422
2023-03-03,141.5800018310547,135.51519775390625
2023-03-06,141.19000244140625,135.14190673828125
2023-03-07,138.97999572753906,133.0265655517578
2023-03-08,139.00999450683594,133.05528259277344
2023-03-09,135.57000732421875,129.7626495361328
2023-03-10,134.61000061035156,128.84376525878906
2023-03-13,134.3800048828125,128.6236114501953
2023-03-14,136.3000030517578,130.4613800048828
2023-03-15,134.1199951171875,128.374755859375
2023-03-16,137.02999877929688,131.1601104736328
2023-03-17,135.14999389648438,129.3606414794922
2023-03-20,136.17999267578125,130.3465118408203
2023-03-21,139.27000427246094,133.30413818359375
2023-03-22,137.91000366210938,132.00241088867188
2023-03-23,138.22000122070312,132.29913330078125
2023-03-24,137.55999755859375,131.66738891601562
2023-03-27,137.91000366210938,132.00241088867188
2023-03-28,138.75,132.80642700195312
2023-03-29,141.0500030517578,135.0078887939453
2023-03-30,142.75999450683594,136.6446533203125
2023-03-31,145.1699981689453,138.951416015625
2023-04-03,144.08999633789062,137.9176788330078
2023-04-04,144.05999755859375,137.88894653320312
2023-04-05,141.97000122070312,135.88848876953125
2023-04-06,141.82000732421875,135.74490356445312
2023-04-10,142.22000122070312,136.12777709960938
2023-04-11,142.52000427246094,136.4149169921875
2023-04-12,141.00999450683594,134.9696044921875
2023-04-13,143.8800048828125,137.7166748046875
2023-04-14,143.7899932861328,137.63052368164062
2023-04-17,144.39999389648438,138.2144012451172
2023-04-18,144.99000549316406,138.7791290283203
2023-04-19,144.24000549316406,138.06124877929688
2023-04-20,142.8699951171875,136.7499237060547
2023-04-21,143.8699951171875,137.7070770263672
2023-04-24,143.77999877929688,137.62094116210938
2023-04-25,141.10000610351562,135.05575561523438
2023-04-26,140.75,134.7207489013672
2023-04-27,143.82000732421875,137.65924072265625
2023-04-28,143.83999633789062,137.67835998535156
2023-05-01,143.41000366210938,137.26678466796875
2023-05-02,142.99000549316406,136.8647918701172
2023-05-03,142.24000549316406,136.1469268798828
2023-05-04,141.92999267578125,135.85018920898438
2023-05-05,144.2100067138672,138.0325469970703
2023-05-08,144.52999877929688,138.3388214111328
2023-05-09,144.07000732421875,137.89852905273438
2023-05-10,144.3800048828125,138.19525146484375
2023-05-11,145.1999969482422,138.98011779785156
2023-05-12,144.52999877929688,138.3388214111328
2023-05-15,145.19000244140625,138.97055053710938
2023-05-16,144.1199951171875,137.94638061523438
2023-05-17,146.22000122070312,139.9564208984375
2023-05-18,147.32000732421875,141.0093231201172
2023-05-19,146.6199951171875,140.33929443359375
2023-05-22,146.64999389648438,140.36801147460938
2023-05-23,144.05999755859375,137.88894653320312
2023-05-24,142.3800048828125,136.2809600830078
2023-05-25,141.8000030517578,135.72576904296875
2023-05-26,144.57000732421875,138.3771209716797
2023-05-30,144.19000244140625,138.01336669921875
2023-05-31,143.02999877929688,136.903076171875
2023-06-01,145.16000366210938,138.94186401367188
2023-06-02,148.3300018310547,141.97604370117188
2023-06-05,148.3300018310547,141.97604370117188
2023-06-06,150.1199951171875,143.68934631347656
2023-06-07,147.75,142.32630920410156
2023-06-08,149.72999572753906,144.23362731933594
2023-06-09,150.35000610351562,144.83087158203125
2023-06-12,152.30999755859375,146.7189178466797
2023-06-13,154.27999877929688,148.61660766601562
2023-06-14,154.8800048828125,149.194580078125
2023-06-15,156.35000610351562,150.6106414794922
2023-06-16,156.1199951171875,150.38906860351562
2023-06-20,155.10000610351562,149.40650939941406
2023-06-21,154.08999633789062,148.43357849121094
2023-06-22,154.47999572753906,148.8092498779297
2023-06-23,152.17999267578125,146.59368896484375
2023-06-26,151.41000366210938,145.8519744873047
2023-06-27,154.4499969482422,148.78036499023438
2023-06-28,154.8300018310547,149.14642333984375
2023-06-29,154.67999267578125,149.0019073486328
2023-06-30,156.7100067138672,150.95741271972656
2023-07-03,157.86000061035156,152.06520080566406
2023-07-05,157.05999755859375,151.29457092285156
2023-07-06,154.2899932861328,148.62625122070312
2023-07-07,155.42999267578125,149.72438049316406
2023-07-10,155.6199951171875,149.9073944091797
2023-07-11,157.0399932861328,151.27528381347656
2023-07-12,159.3000030517578,153.4523468017578
2023-07-13,161.33999633789062,155.41744995117188
2023-07-14,160.86000061035156,154.95504760742188
2023-07-17,160.72000122070312,154.82020568847656
2023-07-18,161.25999450683594,155.3403778076172
2023-07-19,161.42999267578125,155.50411987304688
2023-07-20,157.8000030517578,152.0074005126953
2023-07-21,158.1300048828125,152.32528686523438
2023-07-24,159.1300048828125,153.28857421875
2023-07-25,158.5399932861328,152.72023010253906
2023-07-26,158.57000732421875,152.7491455078125
2023-07-27,157.75,151.959228515625
2023-07-28,160.7899932861328,154.8876495361328
2023-07-31,161.33999633789062,155.41744995117188
2023-08-01,159.22999572753906,153.3848876953125
2023-08-02,156.2899932861328,150.5528106689453
2023-08-03,156.6199951171875,150.87069702148438
2023-08-04,157.3300018310547,151.55465698242188
2023-08-07,158.52999877929688,152.71060180664062
2023-08-08,157.02999877929688,151.2656707763672
2023-08-09,155.50999450683594,149.8014373779297
2023-08-10,156.5,150.75511169433594
2023-08-11,155.1699981689453,149.4739532470703
2023-08-14,154.82000732421875,149.13681030273438
2023-08-15,152.94000244140625,147.3258056640625
2023-08-16,151.0,145.45700073242188
2023-08-17,149.5500030517578,144.0602264404297
2023-08-18,148.6699981689453,143.2125244140625
2023-08-21,149.97000122070312,144.46481323242188
2023-08-22,150.0500030517578,144.54190063476562
2023-08-23,151.25,145.69784545898438
2023-08-24,149.0800018310547,143.6074981689453
2023-08-25,150.3300018310547,144.8115997314453
2023-08-28,151.61000061035156,146.0446319580078
2023-08-29,154.94000244140625,149.25238037109375
2023-08-30,154.80999755859375,149.1271514892578
2023-08-31,154.63999938964844,148.96339416503906
2023-09-01,154.22999572753906,148.5684356689453
2023-09-05,153.6199951171875,147.9808349609375
2023-09-06,152.88999938964844,147.2776336669922
2023-09-07,152.07000732421875,146.4877471923828
2023-09-08,152.0399932861328,146.4588165283203
2023-09-11,154.88999938964844,149.2042236328125
2023-09-12,154.02999877929688,148.3757781982422
2023-09-13,154.3300018310547,148.66477966308594
2023-09-14,156.25,150.51429748535156
2023-09-15,154.77000427246094,149.08860778808594
2023-09-18,153.3800048828125,147.74964904785156
2023-09-19,153.42999267578125,147.79779052734375
2023-09-20,151.9600067138672,146.38177490234375
2023-09-21,148.4499969482422,143.00062561035156
2023-09-22,148.25999450683594,142.81759643554688
2023-09-25,147.6699981689453,142.24923706054688
2023-09-26,145.05999755859375,139.73504638671875
2023-09-27,144.61000061035156,139.30157470703125
2023-09-28,146.19000244140625,140.82357788085938
2023-09-29,146.55999755859375,141.1800079345703
2023-10-02,145.4199981689453,140.0818328857422
2023-10-03,142.4499969482422,137.2208709716797
2023-10-04,144.0500030517578,138.76214599609375
2023-10-05,143.97999572753906,138.69468688964844
2023-10-06,145.36000061035156,140.0240478515625
2023-10-09,145.0399932861328,139.71578979492188
2023-10-10,147.24000549316406,141.83502197265625
2023-10-11,147.50999450683594,142.09512329101562
2023-10-12,145.58999633789062,140.24559020996094
2023-10-13,143.72999572753906,138.453857421875
2023-10-16,145.39999389648438,140.06256103515625
2023-10-17,145.69000244140625,140.34193420410156
2023-10-18,142.91000366210938,137.66397094726562
2023-10-19,140.4600067138672,135.30389404296875
2023-10-20,138.7100067138672,133.6181640625
2023-10-23,139.0399932861328,133.93605041503906
2023-10-24,140.5500030517578,135.390625
2023-10-25,138.42999267578125,133.3484344482422
2023-10-26,136.5399932861328,131.52780151367188
2023-10-27,136.7899932861328,131.7686309814453
2023-10-30,138.25,133.17506408691406
2023-10-31,138.64999389648438,133.56036376953125
2023-11-01,140.39999389648438,135.24612426757812
2023-11-02,143.83999633789062,138.55984497070312
2023-11-03,146.13999938964844,140.77540588378906
2023-11-06,146.05999755859375,140.69834899902344
2023-11-07,146.72000122070312,141.33412170410156
2023-11-08,146.50999450683594,141.13182067871094
2023-11-09,144.3300018310547,139.03187561035156
2023-11-10,145.82000732421875,140.46714782714844
2023-11-13,146.1300048828125,140.76576232910156
2023-11-14,151.1199951171875,145.57261657714844
2023-11-15,151.9199981689453,146.34323120117188
2023-11-16,149.9199981689453,144.41665649414062
2023-11-17,151.3000030517578,145.7460174560547
2023-11-20,151.83999633789062,146.26617431640625
2023-11-21,150.89999389648438,145.36068725585938
2023-11-22,151.4600067138672,145.90013122558594
2023-11-24,151.7899932861328,146.21800231933594
2023-11-27,151.47000122070312,145.9097442626953
2023-11-28,151.64999389648438,146.08316040039062
2023-11-29,152.1699981689453,146.5840606689453
2023-11-30,151.57000732421875,146.006103515625
2023-12-01,153.47000122070312,147.8363494873047
2023-12-04,152.55999755859375,146.95974731445312
2023-12-05,152.4600067138672,146.86341857910156
2023-12-06,153.1999969482422,147.5762481689453
2023-12-07,154.17999267578125,148.52027893066406
2023-12-08,154.72000122070312,149.0404510498047
2023-12-11,155.22999572753906,149.53172302246094
2023-12-12,155.52000427246094,149.8110809326172
2023-12-13,157.10000610351562,151.3330841064453
2023-12-14,159.0,153.163330078125
2023-12-15,158.8300018310547,152.9995880126953
2023-12-18,159.11000061035156,153.26930236816406
2023-12-19,160.38999938964844,154.50233459472656
2023-12-20,158.1699981689453,152.96751403808594
2023-12-21,159.67999267578125,154.42784118652344
2023-12-22,158.47999572753906,153.26730346679688
2023-12-26,158.94000244140625,153.7122039794922
2023-12-27,159.47000122070312,154.22476196289062
2023-12-28,159.25,154.01197814941406
2023-12-29,159.05999755859375,153.82823181152344
2024-01-02,157.13999938964844,151.97140502929688
2024-01-03,153.6199951171875,148.56716918945312
2024-01-04,153.77999877929688,148.72190856933594
2024-01-05,153.72999572753906,148.67355346679688
2024-01-08,155.80999755859375,150.68515014648438
2024-01-09,154.47999572753906,149.39886474609375
2024-01-10,156.05999755859375,150.92691040039062
2024-01-11,156.19000244140625,151.05264282226562
2024-01-12,155.0399932861328,149.9404754638672
2024-01-16,153.5,148.4511260986328
2024-01-17,151.9199981689453,146.923095703125
2024-01-18,153.55999755859375,148.5091552734375
2024-01-19,154.64999389648438,149.56326293945312
2024-01-22,154.1999969482422,149.12806701660156
2024-01-23,154.27999877929688,149.20545959472656
2024-01-24,154.32000732421875,149.24415588378906
2024-01-25,153.39999389648438,148.35440063476562
2024-01-26,154.74000549316406,149.6503448486328
2024-01-29,156.3699951171875,151.2267303466797
2024-01-30,156.33999633789062,151.1977081298828
2024-01-31,154.35000610351562,149.27316284179688
2024-02-01,156.82000732421875,151.6619110107422
2024-02-02,157.97000122070312,152.77410888671875
2024-02-05,156.57000732421875,151.42015075683594
2024-02-06,158.2100067138672,153.00619506835938
2024-02-07,159.58999633789062,154.34080505371094
2024-02-08,160.00999450683594,154.7469940185547
2024-02-09,161.41000366210938,156.10093688964844
2024-02-12,161.41000366210938,156.10093688964844
2024-02-13,158.6300048828125,153.4123992919922
2024-02-14,160.22000122070312,154.95008850097656
2024-02-15,162.24000549316406,156.90365600585938
2024-02-16,161.72000122070312,156.4007568359375
2024-02-20,160.33999633789062,155.06613159179688
2024-02-21,161.64999389648438,156.3330535888672
2024-02-22,164.8000030517578,159.37945556640625
2024-02-23,164.6999969482422,159.28271484375
2024-02-26,164.82000732421875,159.39878845214844
2024-02-27,165.5500030517578,160.1047821044922
2024-02-28,165.25,159.81463623046875
2024-02-29,165.9199981689453,160.46261596679688
2024-03-01,167.2899932861328,161.7875213623047
2024-03-04,165.11000061035156,159.6792449951172
2024-03-05,163.8800048828125,158.4897003173828
2024-03-06,164.55999755859375,159.1473388671875
2024-03-07,165.13999938964844,159.708251953125
2024-03-08,164.42999267578125,159.0216064453125
2024-03-11,164.16000366210938,158.76048278808594
2024-03-12,166.27000427246094,160.80108642578125
2024-03-13,166.0800018310547,160.61734008789062
2024-03-14,164.35000610351562,158.94424438476562
2024-03-15,163.72999572753906,158.34463500976562
2024-03-18,164.63999938964844,159.22471618652344
2024-03-19,165.58999633789062,160.14344787597656
2024-03-20,168.00999450683594,162.48385620117188
2024-03-21,168.3699951171875,162.83201599121094
2024-03-22,167.11000061035156,161.6134490966797
2024-03-25,166.4499969482422,160.9751739501953
2024-03-26,166.67999267578125,161.19760131835938
2024-03-27,167.92999267578125,162.40647888183594
2024-03-28,167.8800048828125,162.35812377929688
2024-04-01,166.5800018310547,161.1008758544922
2024-04-02,164.10000610351562,158.70248413085938
2024-04-03,164.74000549316406,159.32142639160156
2024-04-04,162.9499969482422,157.59030151367188
2024-04-05,163.36000061035156,157.98681640625
2024-04-08,165.00999450683594,159.58251953125
2024-04-09,165.27000427246094,159.833984375
2024-04-10,163.2899932861328,157.91909790039062
2024-04-11,164.22999572753906,158.82818603515625
2024-04-12,160.7899932861328,155.5013427734375
2024-04-15,158.92999267578125,153.7025146484375
2024-04-16,157.85000610351562,152.65805053710938
2024-04-17,157.60000610351562,152.416259765625
2024-04-18,157.07000732421875,151.9036865234375
2024-04-19,156.4199981689453,151.2750701904297
2024-04-22,157.3300018310547,152.15513610839844
2024-04-23,159.30999755859375,154.0700225830078
2024-04-24,160.60000610351562,155.3175811767578
2024-04-25,159.97999572753906,154.7179718017578
2024-04-26,161.25,155.9462127685547
2024-04-29,163.38999938964844,158.01580810546875
2024-04-30,159.8699951171875,154.61160278320312
2024-05-01,159.14999389648438,153.91526794433594
2024-05-02,161.47000122070312,156.1589813232422
2024-05-03,163.0399932861328,157.6773223876953
2024-05-06,164.22999572753906,158.82818603515625
2024-05-07,163.1699981689453,157.8030548095703
2024-05-08,162.27999877929688,156.9423065185547
2024-05-09,162.99000549316406,157.6289825439453
2024-05-10,162.22999572753906,156.89395141601562
2024-05-13,162.3699951171875,157.0293731689453
2024-05-14,163.77000427246094,158.38333129882812
2024-05-15,164.41000366210938,159.0022735595703
2024-05-16,163.83999633789062,158.45101928710938
2024-05-17,164.60000610351562,159.18601989746094
2024-05-20,163.6999969482422,158.3156280517578
2024-05-21,163.72000122070312,158.33497619628906
2024-05-22,161.3699951171875,156.062255859375
2024-05-23,159.2100067138672,153.9733123779297
2024-05-24,160.72999572753906,155.4433135986328
2024-05-28,160.22000122070312,154.95008850097656
2024-05-29,158.27000427246094,153.06422424316406
2024-05-30,159.8699951171875,154.61160278320312
2024-05-31,160.97999572753906,155.68507385253906
2024-06-03,160.82000732421875,155.53038024902344
2024-06-04,161.0500030517578,155.75279235839844
2024-06-05,162.02000427246094,156.69090270996094
2024-06-06,162.8300018310547,157.47422790527344
2024-06-07,161.6300048828125,156.31369018554688
2024-06-10,161.6999969482422,156.38140869140625
2024-06-11,159.75,155.81179809570312
2024-06-12,161.0800018310547,157.10902404785156
2024-06-13,160.2100067138672,156.26046752929688
2024-06-14,158.30999755859375,154.40731811523438
2024-06-17,160.5399932861328,156.58233642578125
2024-06-18,159.8800048828125,155.9385986328125
2024-06-20,160.07000732421875,156.12393188476562
2024-06-21,160.44000244140625,156.4847869873047
2024-06-24,160.8699951171875,156.9041748046875
2024-06-25,160.8000030517578,156.83592224121094
2024-06-26,161.6300048828125,157.64544677734375
2024-06-27,161.58999633789062,157.60646057128906
2024-06-28,160.86000061035156,156.89442443847656
2024-07-01,160.9199981689453,156.9529571533203
2024-07-02,162.8699951171875,158.85488891601562
2024-07-03,164.5,160.44471740722656
2024-07-05,165.30999755859375,161.2347412109375
2024-07-08,164.69000244140625,160.63002014160156
2024-07-09,165.0,160.932373046875
2024-07-10,166.8000030517578,162.68800354003906
2024-07-11,166.38999938964844,162.28811645507812
2024-07-12,168.58999633789062,164.4338836669922
2024-07-15,167.82000732421875,163.682861328125
2024-07-16,169.72000122070312,165.5360107421875
2024-07-17,167.77000427246094,163.6341094970703
2024-07-18,165.89999389648438,161.8101806640625
2024-07-19,164.27999877929688,160.23013305664062
2024-07-22,166.4600067138672,162.3563995361328
2024-07-23,165.17999267578125,161.10794067382812
2024-07-24,159.89999389648438,155.95809936523438
2024-07-25,159.0500030517578,155.12905883789062
2024-07-26,160.38999938964844,156.43603515625
2024-07-29,161.97000122070312,157.97706604003906
2024-07-30,161.6199951171875,157.63571166992188
2024-07-31,163.14999389648438,159.1279754638672
2024-08-01,158.77999877929688,154.86570739746094
2024-08-02,154.5800018310547,150.76927185058594
2024-08-05,150.92999267578125,147.209228515625
2024-08-06,152.41000366210938,148.6527557373047
2024-08-07,150.4499969482422,146.74107360839844
2024-08-08,153.4600067138672,149.67686462402344
2024-08-09,153.97999572753906,150.1840362548828
2024-08-12,153.3800048828125,149.59884643554688
2024-08-13,156.94000244140625,153.07107543945312
2024-08-14,156.88999938964844,153.02232360839844
2024-08-15,160.61000061035156,156.65060424804688
2024-08-16,162.11000061035156,158.11363220214844
2024-08-19,164.1999969482422,160.152099609375
2024-08-20,163.33999633789062,159.31329345703125
2024-08-21,165.6999969482422,161.6151123046875
2024-08-22,163.33999633789062,159.31329345703125
2024-08-23,166.57000732421875,162.46368408203125
2024-08-26,165.19000244140625,161.11769104003906
2024-08-27,165.27000427246094,161.1957244873047
2024-08-28,164.1300048828125,160.0838165283203
2024-08-29,164.47000122070312,160.4154510498047
2024-08-30,166.44000244140625,162.33688354492188
2024-09-03,163.74000549316406,159.7034454345703
2024-09-04,163.82000732421875,159.78146362304688
2024-09-05,164.57000732421875,160.5129852294922
2024-09-06,160.82000732421875,156.85545349121094
2024-09-09,162.1699981689453,158.17213439941406
2024-09-10,162.5399932861328,158.53302001953125
2024-09-11,164.10000610351562,160.05458068847656
2024-09-12,165.42999267578125,161.35177612304688
2024-09-13,166.27000427246094,162.1710662841797
2024-09-16,166.52999877929688,162.42465209960938
2024-09-17,166.9199981689453,162.8050537109375
2024-09-18,166.7899932861328,162.67823791503906
2024-09-19,170.86000061035156,166.64791870117188
2024-09-20,169.9499969482422,165.76034545898438
2024-09-23,171.82000732421875,167.5842742919922
2024-09-24,174.4600067138672,170.15919494628906
2024-09-25,173.6699981689453,169.38865661621094
2024-09-26,177.77000427246094,173.3875732421875
2024-09-27,178.50999450683594,174.10934448242188
2024-09-30,177.42999267578125,173.05596923828125
2024-10-01,177.0500030517578,172.68531799316406
2024-10-02,176.7899932861328,172.4317169189453
2024-10-03,174.60000610351562,170.29571533203125
2024-10-04,177.2100067138672,172.84140014648438
2024-10-07,175.94000244140625,171.60267639160156
2024-10-08,175.0800018310547,170.76388549804688
2024-10-09,175.25,170.92970275878906
2024-10-10,175.0,170.6858673095703
2024-10-11,174.3000030517578,170.0030975341797
2024-10-14,174.3000030517578,170.0030975341797
2024-10-15,172.3000030517578,168.0524444580078
2024-10-16,173.22000122070312,168.94972229003906
2024-10-17,172.4199981689453,168.16943359375
2024-10-18,173.88999938964844,169.6032257080078
2024-10-21,172.27999877929688,168.0329132080078
2024-10-22,171.72999572753906,167.49647521972656
2024-10-23,169.85000610351562,165.66282653808594
2024-10-24,173.92999267578125,169.64222717285156
2024-10-25,173.99000549316406,169.7007598876953
2024-10-28,175.3699951171875,171.04672241210938
2024-10-29,174.3699951171875,170.07139587402344
2024-10-30,173.5500030517578,169.2716064453125
2024-10-31,171.39999389648438,167.17459106445312
2024-11-01,172.97999572753906,168.7156524658203
2024-11-04,172.47999572753906,168.22796630859375
2024-11-05,175.1199951171875,170.8029022216797
2024-11-06,177.4600067138672,173.08523559570312
2024-11-07,180.9199981689453,176.45993041992188
2024-11-08,180.55999755859375,176.10879516601562
2024-11-11,183.24000549316406,178.7227325439453
2024-11-12,179.85000610351562,175.4163055419922
2024-11-13,180.0800018310547,175.640625
2024-11-14,178.3800048828125,173.98252868652344
2024-11-15,177.77999877929688,173.39730834960938
2024-11-18,179.6199951171875,175.1919708251953
2024-11-19,179.33999633789062,174.91888427734375
2024-11-20,178.6300048828125,174.22637939453125
2024-11-21,178.74000549316406,174.33367919921875
2024-11-22,180.3699951171875,175.92347717285156
2024-11-25,182.1199951171875,177.63034057617188
2024-11-26,182.0399932861328,177.55230712890625
2024-11-27,181.9499969482422,177.4645233154297
2024-11-29,183.36000061035156,178.8397674560547
2024-12-02,185.3300018310547,180.76119995117188
2024-12-03,185.1699981689453,180.6051483154297
2024-12-04,186.22000122070312,181.62925720214844
2024-12-05,187.50999450683594,182.887451171875
2024-12-06,190.8699951171875,186.1646270751953
2024-12-09,192.00999450683594,187.27651977539062
2024-12-10,190.91000366210938,186.20364379882812
2024-12-11,193.1199951171875,188.35916137695312
2024-12-12,191.92999267578125,187.19850158691406
2024-12-13,191.67999267578125,186.95465087890625
2024-12-16,191.69000244140625,186.96441650390625
2024-12-17,192.24000549316406,188.09844970703125
2024-12-18,185.47000122070312,181.4742889404297
2024-12-19,185.1199951171875,181.1318359375
2024-12-20,185.7899932861328,181.78738403320312
2024-12-23,186.4600067138672,182.44297790527344
2024-12-24,189.00999450683594,184.93801879882812
2024-12-26,190.0500030517578,185.95562744140625
2024-12-27,187.89999389648438,183.85194396972656
2024-12-30,185.08999633789062,181.10247802734375
2024-12-31,184.35000610351562,180.37843322753906
2025-01-02,182.50999450683594,178.5780487060547
2025-01-03,185.44000244140625,181.44493103027344
2025-01-06,185.6699981689453,181.66998291015625
2025-01-07,183.92999267578125,179.9674530029297
2025-01-08,183.64999389648438,179.69349670410156
2025-01-10,181.0,177.1005859375
2025-01-13,181.27000427246094,177.36477661132812
2025-01-14,181.58999633789062,177.67787170410156
2025-01-15,184.83999633789062,180.8578643798828
2025-01-16,185.3300018310547,181.33731079101562
2025-01-17,187.2899932861328,183.2550811767578
2025-01-21,189.72999572753906,185.64251708984375
2025-01-22,189.22999572753906,185.1532745361328
2025-01-23,190.60000610351562,186.4937744140625
2025-01-24,190.50999450683594,186.40570068359375
2025-01-27,191.89999389648438,187.76576232910156
2025-01-28,192.05999755859375,187.92230224609375
2025-01-29,191.91000366210938,187.7755584716797
2025-01-30,194.38999938964844,190.20211791992188
2025-01-31,192.2899932861328,188.14735412597656
2025-02-03,189.91000366210938,185.8186492919922
2025-02-04,192.5399932861328,188.3919677734375
2025-02-05,191.92999267578125,187.7951202392578
2025-02-06,192.50999450683594,188.36260986328125
2025-02-07,189.72999572753906,185.64251708984375
2025-02-10,191.39999389648438,187.27651977539062
2025-02-11,190.25999450683594,186.1610870361328
2025-02-12,191.05999755859375,186.94386291503906
2025-02-13,194.13999938964844,189.95750427246094
2025-02-14,195.39999389648438,191.19036865234375
2025-02-18,194.86000061035156,190.66200256347656
2025-02-19,193.3300018310547,189.1649627685547
2025-02-20,193.85000610351562,189.6737518310547
2025-02-21,191.14999389648438,187.03192138671875
2025-02-24,189.0500030517578,184.9771728515625
2025-02-25,189.63999938964844,185.55445861816406
2025-02-26,190.5800018310547,186.47421264648438
2025-02-27,188.13999938964844,184.08677673339844
2025-02-28,189.14999389648438,185.0749969482422
2025-03-03,186.9600067138672,182.93218994140625
2025-03-04,185.33999633789062,181.3470916748047
2025-03-05,189.3300018310547,185.25112915039062
2025-03-06,185.99000549316406,181.98309326171875
2025-03-07,186.42999267578125,182.41360473632812
2025-03-10,180.5500030517578,176.66029357910156
2025-03-11,179.2899932861328,175.4274139404297
2025-03-12,179.77000427246094,175.89707946777344
2025-03-13,176.14999389648438,172.35507202148438
2025-03-14,179.94000244140625,176.06344604492188
2025-03-17,181.4499969482422,177.5408935546875
2025-03-18,179.30999755859375,175.44700622558594
2025-03-19,181.5800018310547,177.6680908203125
2025-03-20,179.58999633789062,175.72097778320312
2025-03-21,179.0,175.14369201660156
2025-03-24,183.72999572753906,179.7717742919922
2025-03-25,184.5,180.5251922607422
2025-03-26,182.17999267578125,178.2551727294922
2025-03-27,182.4499969482422,178.51934814453125
2025-03-28,177.92999267578125,174.0967254638672
2025-03-31,177.66000366210938,173.83255004882812
2025-04-01,178.57000732421875,174.72296142578125
2025-04-02,180.77999877929688,176.8853302001953
2025-04-03,172.66000366210938,168.9402618408203
2025-04-04,163.82000732421875,160.29071044921875
2025-04-07,160.47999572753906,157.02267456054688
2025-04-08,157.02999877929688,153.64700317382812
2025-04-09,172.86000061035156,169.13595581054688
2025-04-10,167.6699981689453,164.05776977539062
2025-04-11,170.07000732421875,166.40606689453125
2025-04-14,171.22999572753906,167.5410614013672
2025-04-15,170.6199951171875,166.9442138671875
2025-04-16,167.24000549316406,163.6370391845703
2025-04-17,168.47999572753906,164.85032653808594
2025-04-21,165.6199951171875,162.0519256591797
2025-04-22,170.44000244140625,166.76809692382812
2025-04-23,172.97000122070312,169.2435760498047
2025-04-24,175.97000122070312,172.178955078125
2025-04-25,178.32000732421875,174.47833251953125
2025-04-28,178.9600067138672,175.10455322265625
2025-04-29,179.75,175.8775177001953
2025-04-30,178.1999969482422,174.3609161376953
2025-05-01,178.25999450683594,174.41961669921875
2025-05-02,181.6999969482422,177.78550720214844
2025-05-05,180.63999938964844,176.74835205078125
2025-05-06,180.0800018310547,176.20040893554688
2025-05-07,179.8300018310547,175.95579528808594
2025-05-08,181.25999450683594,177.35498046875
2025-05-09,182.22000122070312,178.2943115234375
2025-05-12,189.07000732421875,184.9967498779297
2025-05-13,191.3000030517578,187.17869567871094
2025-05-14,191.1999969482422,187.08084106445312
2025-05-15,190.25999450683594,186.1610870361328
2025-05-16,191.77000427246094,187.63856506347656
2025-05-19,191.5500030517578,187.42330932617188
2025-05-20,192.24000549316406,188.09844970703125
2025-05-21,188.63999938964844,184.5760040283203
2025-05-22,188.7899932861328,184.72276306152344
2025-05-23,187.32000732421875,183.28443908691406
2025-05-27,191.35000610351562,187.2276153564453
2025-05-28,189.25999450683594,185.18263244628906
2025-05-29,190.27000427246094,186.17088317871094
2025-05-30,189.2100067138672,185.13372802734375
2025-06-02,189.6699981689453,185.58380126953125
2025-06-03,190.0,185.9066925048828
2025-06-04,190.02000427246094,185.92626953125
2025-06-05,185.77999877929688,181.77761840820312
2025-06-06,187.5,183.46055603027344
2025-06-09,188.52999877929688,184.46836853027344
2025-06-10,190.58999633789062,186.48399353027344
2025-06-11,189.35000610351562,185.2707061767578
2025-06-12,188.6300048828125,184.5662078857422
2025-06-13,185.97000122070312,181.96351623535156
2025-06-16,186.2899932861328,183.7119903564453
2025-06-17,183.2100067138672,180.67462158203125
2025-06-18,183.22000122070312,180.68446350097656
2025-06-20,182.1199951171875,179.59970092773438
2025-06-23,185.05999755859375,182.49900817871094
2025-06-24,186.6699981689453,184.08673095703125
2025-06-25,184.6699981689453,182.11439514160156
2025-06-26,186.24000549316406,183.66268920898438
2025-06-27,189.1199951171875,186.5028076171875
2025-06-30,188.1999969482422,185.59555053710938
2025-07-01,189.25999450683594,186.64088439941406
2025-07-02,190.36000061035156,187.7256622314453
2025-07-03,190.5800018310547,187.942626953125
2025-07-07,187.67999267578125,185.08274841308594
2025-07-08,188.11000061035156,185.50680541992188
2025-07-09,188.85000610351562,186.23655700683594
2025-07-10,190.33999633789062,187.7059326171875
2025-07-11,189.41000366210938,186.788818359375
2025-07-14,189.77999877929688,187.1536865234375
2025-07-15,188.33999633789062,185.73361206054688
2025-07-16,188.6199951171875,186.00973510742188
2025-07-17,189.13999938964844,186.52255249023438
2025-07-18,190.08999633789062,187.4593963623047
2025-07-21,190.83999633789062,188.1990203857422
2025-07-22,192.80999755859375,190.14175415039062
2025-07-23,196.50999450683594,193.79055786132812
2025-07-24,193.4600067138672,190.78277587890625
2025-07-25,194.30999755859375,191.62098693847656
2025-07-28,194.1300048828125,191.4434814453125
2025-07-29,192.4499969482422,189.78672790527344
2025-07-30,190.5,187.8637237548828
2025-07-31,188.1300048828125,185.52651977539062
2025-08-01,186.05999755859375,183.48516845703125
2025-08-04,188.07000732421875,185.4673614501953
2025-08-05,188.02999877929688,185.4279022216797
2025-08-06,190.97000122070312,188.3272247314453
2025-08-07,191.0500030517578,188.40611267089844
2025-08-08,191.83999633789062,189.18516540527344
2025-08-11,191.47000122070312,188.82029724121094
2025-08-12,194.0399932861328,191.354736328125
2025-08-13,196.9499969482422,194.22447204589844
2025-08-14,195.89999389648438,193.18899536132812
2025-08-15,196.0500030517578,193.33692932128906
2025-08-18,196.72999572753906,194.00750732421875
2025-08-19,196.97000122070312,194.2441864013672
2025-08-20,196.3800048828125,193.662353515625
2025-08-21,194.77000427246094,192.0746307373047
2025-08-22,200.05999755859375,197.2914276123047
2025-08-25,199.3800048828125,196.62083435058594
2025-08-26,199.32000732421875,196.56167602539062
2025-08-27,199.07000732421875,196.31512451171875
2025-08-28,199.5399932861328,196.77862548828125
2025-08-29,198.27000427246094,195.52621459960938
2025-09-02,197.2899932861328,194.55975341796875
2025-09-03,197.9499969482422,195.2106170654297
2025-09-04,199.9499969482422,197.18295288085938
2025-09-05,200.55999755859375,197.78451538085938
2025-09-08,202.3000030517578,199.50042724609375
2025-09-09,202.05999755859375,199.2637481689453
2025-09-10,200.3000030517578,197.52810668945312
2025-09-11,204.1999969482422,201.37413024902344
2025-09-12,204.1999969482422,201.37413024902344
2025-09-15,206.07000732421875,203.21826171875
2025-09-16,207.3000030517578,204.43124389648438
2025-09-17,207.63999938964844,204.7665252685547
2025-09-18,207.2100067138672,204.3424835205078
2025-09-19,206.6699981689453,203.80995178222656
2025-09-22,206.5800018310547,203.72120666503906
2025-09-23,205.6199951171875,202.7744903564453
2025-09-24,206.60000610351562,203.7409210205078
2025-09-25,204.6699981689453,201.83763122558594
2025-09-26,206.5800018310547,203.72120666503906
2025-09-29,207.92999267578125,205.05250549316406
2025-09-30,207.05999755859375,204.19454956054688
2025-10-01,208.41000366210938,205.52587890625
2025-10-02,208.0,205.12155151367188
2025-10-03,208.63999938964844,205.752685546875
2025-10-06,209.52999877929688,206.63037109375
2025-10-07,206.63999938964844,203.78038024902344
2025-10-08,206.8300018310547,203.96774291992188
2025-10-09,204.69000244140625,201.8573455810547
2025-10-10,198.97000122070312,196.2165069580078
2025-10-13,202.4199981689453,199.61875915527344
2025-10-14,203.7899932861328,200.9698028564453
2025-10-15,204.58999633789062,201.75872802734375
2025-10-16,203.83999633789062,201.0191192626953
2025-10-17,205.60000610351562,202.7547607421875
2025-10-20,207.1999969482422,204.33262634277344
2025-10-21,208.3800048828125,205.4962921142578
2025-10-22,207.27999877929688,204.4114990234375
2025-10-23,208.24000549316406,205.3582305908203
2025-10-24,208.41000366210938,205.52587890625
2025-10-27,210.7100067138672,207.79405212402344
2025-10-28,210.32000732421875,207.40945434570312
2025-10-29,208.5500030517578,205.66392517089844
2025-10-30,204.9199981689453,202.08416748046875
2025-10-31,206.6999969482422,203.83953857421875
2025-11-03,207.0800018310547,204.2142791748047
2025-11-04,204.13999938964844,201.31497192382812
2025-11-05,206.24000549316406,203.3859100341797
2025-11-06,203.39999389648438,200.585205078125
2025-11-07,204.27999877929688,201.45301818847656
2025-11-10,206.5500030517578,203.69161987304688
2025-11-11,207.6199951171875,204.74679565429688
2025-11-12,207.3800048828125,204.5101318359375
2025-11-13,204.08999633789062,201.26565551757812
2025-11-14,203.2899932861328,200.47671508789062
2025-11-17,200.42999267578125,197.6562957763672
2025-11-18,197.4600067138672,194.72740173339844
2025-11-19,197.5399932861328,194.80628967285156
2025-11-20,194.2899932861328,191.6012725830078
2025-11-21,198.2100067138672,195.467041015625
2025-11-24,199.9199981689453,197.1533660888672
2025-11-25,203.08999633789062,200.2794952392578
2025-11-26,204.72999572753906,201.8968048095703
2025-11-28,205.3699951171875,202.52792358398438
2025-12-01,205.1300048828125,202.29127502441406
2025-12-02,204.86000061035156,202.02500915527344
2025-12-03,206.22999572753906,203.37603759765625
2025-12-04,205.94000244140625,203.09005737304688
2025-12-05,207.2100067138672,204.3424835205078
2025-12-08,204.47999572753906,201.65025329589844
2025-12-09,204.00999450683594,201.18675231933594
2025-12-10,206.16000366210938,203.3070068359375
2025-12-11,207.6199951171875,204.74679565429688
2025-12-12,208.3699951171875,205.48643493652344
2025-12-15,209.77000427246094,206.86705017089844
2025-12-16,207.8699951171875,206.70396423339844
2025-12-17,205.6999969482422,204.546142578125
2025-12-18,207.97999572753906,206.8133544921875
2025-12-19,207.33999633789062,206.17694091796875
2025-12-22,208.44000244140625,207.27078247070312
2025-12-23,208.1300048828125,206.9625244140625
2025-12-24,208.57000732421875,207.40005493164062
2025-12-26,208.47999572753906,207.310546875
2025-12-29,206.91000366210938,205.74935913085938
2025-12-30,206.58999633789062,205.43115234375
2025-12-31,205.25999450683594,204.10861206054688
2026-01-02,205.7899932861328,204.63563537597656
