date,close,adj_close
2014-12-01,73.12999725341797,58.569068908691406
2014-12-02,73.01000213623047,58.47298812866211
2014-12-03,73.43000030517578,58.80934524536133
2014-12-04,73.11000061035156,58.553062438964844
2014-12-05,73.38999938964844,58.77730178833008
2014-12-08,72.93000030517578,58.40890121459961
2014-12-09,72.75,58.264739990234375
2014-12-10,71.75,57.4638671875
2014-12-11,71.80000305175781,57.50390625
2014-12-12,70.69000244140625,56.61492156982422
2014-12-15,70.16000366210938,56.190433502197266
2014-12-16,69.55000305175781,55.701908111572266
2014-12-17,69.80999755859375,56.45970153808594
2014-12-18,71.80999755859375,58.07722091674805
2014-12-19,72.04000091552734,58.26324462890625
2014-12-22,72.33999633789062,58.5058708190918
2014-12-23,72.54000091552734,58.66761779785156
2014-12-24,72.87000274658203,58.93452072143555
2014-12-26,72.95999908447266,59.007293701171875
2014-12-29,72.75,58.837467193603516
2014-12-30,72.31999969482422,58.48969268798828
2014-12-31,71.66000366210938,57.95591354370117
2015-01-02,71.6500015258789,57.94782257080078
2015-01-05,69.97000122070312,56.589107513427734
2015-01-06,69.04000091552734,55.83695602416992
2015-01-07,69.73999786376953,56.40308380126953
2015-01-08,71.29000091552734,57.65667724609375
2015-01-09,70.61000061035156,57.10672378540039
2015-01-12,70.4800033569336,57.0015754699707
2015-01-13,69.9800033569336,56.59719467163086
2015-01-14,69.94000244140625,56.564849853515625
2015-01-15,69.45999908447266,56.176631927490234
2015-01-16,70.38999938964844,56.928775787353516
2015-01-20,70.75,57.219940185546875
2015-01-21,70.62000274658203,57.114803314208984
2015-01-22,71.5,57.8265266418457
2015-01-23,71.04000091552734,57.4544792175293
2015-01-26,71.93000030517578,58.174285888671875
2015-01-27,71.72000122070312,58.004451751708984
2015-01-28,70.72000122070312,57.195682525634766
2015-01-29,70.55000305175781,57.05818176269531
2015-01-30,69.87000274658203,56.50822830200195
2015-02-02,71.0999984741211,57.50299835205078
2015-02-03,71.69000244140625,57.98017883300781
2015-02-04,71.22000122070312,57.60005569458008
2015-02-05,72.01000213623047,58.23898696899414
2015-02-06,71.81999969482422,58.08531951904297
2015-02-09,71.30000305175781,57.664756774902344
2015-02-10,71.98999786376953,58.222801208496094
2015-02-11,71.98999786376953,58.222801208496094
2015-02-12,72.69000244140625,58.788944244384766
2015-02-13,73.0,59.03963088989258
2015-02-17,73.6500015258789,59.56535339355469
2015-02-18,73.95999908447266,59.81605529785156
2015-02-19,73.75,59.646236419677734
2015-02-20,74.20999908447266,60.01826477050781
2015-02-23,74.37999725341797,60.1557502746582
2015-02-24,74.86000061035156,60.5439453125
2015-02-25,74.79000091552734,60.487335205078125
2015-02-26,74.54000091552734,60.285152435302734
2015-02-27,74.54000091552734,60.285152435302734
2015-03-02,74.70999908447266,60.422637939453125
2015-03-03,74.30000305175781,60.0910530090332
2015-03-04,74.08000183105469,59.91312789916992
2015-03-05,73.98999786376953,59.84031677246094
2015-03-06,73.0199966430664,59.05583572387695
2015-03-09,73.4000015258789,59.363162994384766
2015-03-10,71.91999816894531,58.16620635986328
2015-03-11,72.0,58.230892181396484
2015-03-12,72.77999877929688,58.86172103881836
2015-03-13,72.38999938964844,58.54631423950195
2015-03-16,73.25,59.241844177246094
2015-03-17,73.05000305175781,59.08009719848633
2015-03-18,74.33000183105469,60.11531448364258
2015-03-19,73.69000244140625,59.59769058227539
2015-03-20,74.80999755859375,60.503509521484375
2015-03-23,75.08999633789062,60.72996139526367
2015-03-24,74.80999755859375,60.503509521484375
2015-03-25,74.20999908447266,60.01826477050781
2015-03-26,73.33999633789062,59.31464767456055
2015-03-27,73.38999938964844,59.355064392089844
2015-03-30,73.5999984741211,59.52491760253906
2015-03-31,73.47000122070312,59.419769287109375
2015-04-01,73.16999816894531,59.17714309692383
2015-04-02,73.66000366210938,59.57344055175781
2015-04-06,74.58999633789062,60.32557678222656
2015-04-07,74.12000274658203,59.945465087890625
2015-04-08,74.33000183105469,60.11531448364258
2015-04-09,74.26000213623047,60.05869674682617
2015-04-10,74.91999816894531,60.59246826171875
2015-04-13,74.5,60.2527961730957
2015-04-14,74.79000091552734,60.487335205078125
2015-04-15,74.83999633789062,60.527767181396484
2015-04-16,74.98999786376953,60.64908218383789
2015-04-17,74.19000244140625,60.0020866394043
2015-04-20,75.0,60.65717697143555
2015-04-21,74.72000122070312,60.430728912353516
2015-04-22,74.97000122070312,60.632911682128906
2015-04-23,75.30000305175781,60.89982223510742
2015-04-24,75.62000274658203,61.158599853515625
2015-04-27,75.54000091552734,61.09390640258789
2015-04-28,75.66999816894531,61.19905471801758
2015-04-29,75.12999725341797,60.76231002807617
2015-04-30,74.77999877929688,60.479251861572266
2015-05-01,75.05000305175781,60.697635650634766
2015-05-04,75.83000183105469,61.32845687866211
2015-05-05,74.86000061035156,60.5439453125
2015-05-06,74.51000213623047,60.260887145996094
2015-05-07,74.79000091552734,60.487335205078125
2015-05-08,75.80999755859375,61.31227493286133
2015-05-11,75.68000030517578,61.20712661743164
2015-05-12,75.26000213623047,60.867462158203125
2015-05-13,75.7300033569336,61.24757385253906
2015-05-14,76.29000091552734,61.70050048828125
2015-05-15,76.4800033569336,61.85416793823242
2015-05-18,75.83999633789062,61.336524963378906
2015-05-19,77.22000122070312,62.452632904052734
2015-05-20,76.5999984741211,61.9511833190918
2015-05-21,76.80999755859375,62.12104034423828
2015-05-22,76.66999816894531,62.00780487060547
2015-05-26,75.55999755859375,61.1100959777832
2015-05-27,76.11000061035156,61.554908752441406
2015-05-28,75.68000030517578,61.20712661743164
2015-05-29,75.0999984741211,60.7380485534668
2015-06-01,75.44000244140625,61.01303482055664
2015-06-02,75.69999694824219,61.22331237792969
2015-06-03,75.55999755859375,61.1100959777832
2015-06-04,74.80999755859375,60.503509521484375
2015-06-05,74.7300033569336,60.43882369995117
2015-06-08,74.2300033569336,60.034446716308594
2015-06-09,74.30999755859375,60.099143981933594
2015-06-10,75.44000244140625,61.01303482055664
2015-06-11,75.5199966430664,61.077735900878906
2015-06-12,75.0,60.65717697143555
2015-06-15,74.58999633789062,60.32557678222656
2015-06-16,74.7699966430664,60.47115707397461
2015-06-17,75.01000213623047,60.665279388427734
2015-06-18,74.88999938964844,60.56822967529297
2015-06-19,75.37999725341797,60.96452331542969
2015-06-22,75.47000122070312,61.03729248046875
2015-06-23,75.58999633789062,61.13433837890625
2015-06-24,74.95999908447266,60.62481689453125
2015-06-25,73.95999908447266,60.531517028808594
2015-06-26,74.2300033569336,60.75251770019531
2015-06-29,72.2300033569336,59.11564636230469
2015-06-30,72.19999694824219,59.09108352661133
2015-07-01,72.79000091552734,59.573951721191406
2015-07-02,72.94000244140625,59.69673156738281
2015-07-06,72.0,58.927391052246094
2015-07-07,72.25,59.13200759887695
2015-07-08,70.29000091552734,57.52786636352539
2015-07-09,71.66999816894531,58.65730667114258
2015-07-10,73.01000213623047,59.75400924682617
2015-07-13,73.08000183105469,59.811317443847656
2015-07-14,73.70999908447266,60.32691192626953
2015-07-15,73.72000122070312,60.3350944519043
2015-07-16,74.30000305175781,60.80980682373047
2015-07-17,74.27999877929688,60.793434143066406
2015-07-20,74.08999633789062,60.63792419433594
2015-07-21,73.93000030517578,60.50696563720703
2015-07-22,73.54000091552734,60.18778991699219
2015-07-23,73.80000305175781,60.400577545166016
2015-07-24,72.88999938964844,59.655792236328125
2015-07-27,72.18000030517578,59.074710845947266
2015-07-28,73.47000122070312,60.1304931640625
2015-07-29,73.8499984741211,60.44150161743164
2015-07-30,73.94999694824219,60.52334213256836
2015-07-31,74.0999984741211,60.64611053466797
2015-08-03,73.86000061035156,60.449676513671875
2015-08-04,73.80000305175781,60.400577545166016
2015-08-05,74.08000183105469,60.629756927490234
2015-08-06,73.29000091552734,59.98317337036133
2015-08-07,73.41000366210938,60.08139419555664
2015-08-10,73.9800033569336,60.54790496826172
2015-08-11,73.55999755859375,60.20417022705078
2015-08-12,72.94999694824219,59.70490646362305
2015-08-13,72.88999938964844,59.655792236328125
2015-08-14,72.95999908447266,59.71308517456055
2015-08-17,73.13999938964844,59.860408782958984
2015-08-18,73.2300033569336,59.93406677246094
2015-08-19,72.41000366210938,59.26295852661133
2015-08-20,70.69000244140625,57.85525131225586
2015-08-21,68.55999755859375,56.111961364746094
2015-08-24,65.94999694824219,53.97585678100586
2015-08-25,66.37999725341797,54.32777786254883
2015-08-26,68.08999633789062,55.72731018066406
2015-08-27,69.86000061035156,57.17593765258789
2015-08-28,69.87999725341797,57.19230270385742
2015-08-31,69.2300033569336,56.66034698486328
2015-09-01,67.16999816894531,54.974342346191406
2015-09-02,68.2300033569336,55.841888427734375
2015-09-03,68.12000274658203,55.751861572265625
2015-09-04,66.88999938964844,54.745182037353516
2015-09-08,68.91999816894531,56.4066162109375
2015-09-09,68.0,55.653656005859375
2015-09-10,68.13999938964844,55.768226623535156
2015-09-11,68.08999633789062,55.72731018066406
2015-09-14,67.95999908447266,55.62091064453125
2015-09-15,68.62000274658203,56.16107940673828
2015-09-16,69.31999969482422,56.73397445678711
2015-09-17,69.33000183105469,56.7421760559082
2015-09-18,68.16000366210938,55.78459167480469
2015-09-21,68.0999984741211,55.7354850769043
2015-09-22,66.9800033569336,54.818843841552734
2015-09-23,67.0,54.8352165222168
2015-09-24,67.01000213623047,54.84339904785156
2015-09-25,67.55999755859375,55.29352951049805
2015-09-28,65.23999786376953,53.39476776123047
2015-09-29,65.0199966430664,53.214717864990234
2015-09-30,66.7699966430664,54.64698028564453
2015-10-01,66.83000183105469,54.69609451293945
2015-10-02,67.37000274658203,55.13804626464844
2015-10-05,69.2699966430664,56.69307327270508
2015-10-06,69.12000274658203,56.570308685302734
2015-10-07,69.72000122070312,57.061370849609375
2015-10-08,69.83000183105469,57.15139389038086
2015-10-09,70.0199966430664,57.306884765625
2015-10-12,69.98999786376953,57.28233337402344
2015-10-13,69.31999969482422,56.73397445678711
2015-10-14,69.55000305175781,56.9222297668457
2015-10-15,70.69000244140625,57.85525131225586
2015-10-16,70.69000244140625,57.85525131225586
2015-10-19,70.55999755859375,57.74882888793945
2015-10-20,70.6500015258789,57.822509765625
2015-10-21,70.01000213623047,57.29871368408203
2015-10-22,71.05999755859375,58.158050537109375
2015-10-23,71.55000305175781,58.55910873413086
2015-10-26,71.48999786376953,58.50999069213867
2015-10-27,71.37999725341797,58.419960021972656
2015-10-28,71.55999755859375,58.56726837158203
2015-10-29,72.08000183105469,58.99287796020508
2015-10-30,71.41999816894531,58.452693939208984
2015-11-02,72.01000213623047,58.93558120727539
2015-11-03,72.2300033569336,59.11564636230469
2015-11-04,71.94999694824219,58.886470794677734
2015-11-05,72.22000122070312,59.107452392578125
2015-11-06,71.77999877929688,58.74733352661133
2015-11-09,71.02999877929688,58.13349914550781
2015-11-10,71.16999816894531,58.24808883666992
2015-11-11,71.08999633789062,58.18260955810547
2015-11-12,70.20999908447266,57.46238708496094
2015-11-13,69.72000122070312,57.061370849609375
2015-11-16,70.77999877929688,57.92890167236328
2015-11-17,70.86000061035156,57.99437713623047
2015-11-18,71.5199966430664,58.53452682495117
2015-11-19,71.55000305175781,58.55910873413086
2015-11-20,71.83000183105469,58.788265228271484
2015-11-23,71.38999938964844,58.42814636230469
2015-11-24,71.70999908447266,58.690059661865234
2015-11-25,71.69000244140625,58.673683166503906
2015-11-27,71.47000122070312,58.493629455566406
2015-11-30,71.62000274658203,58.61640167236328
2015-12-01,72.05999755859375,58.97649002075195
2015-12-02,71.69000244140625,58.673683166503906
2015-12-03,71.01000213623047,58.11714553833008
2015-12-04,72.06999969482422,58.98467254638672
2015-12-07,71.5199966430664,58.53452682495117
2015-12-08,70.83999633789062,57.977989196777344
2015-12-09,70.43000030517578,57.64244079589844
2015-12-10,70.47000122070312,57.67518997192383
2015-12-11,69.12999725341797,56.5784797668457
2015-12-14,69.33000183105469,56.7421760559082
2015-12-15,69.94000244140625,57.24142837524414
2015-12-16,70.77999877929688,57.92890167236328
2015-12-17,70.01000213623047,57.29871368408203
2015-12-18,69.08999633789062,56.54574966430664
2015-12-21,68.63999938964844,56.79314041137695
2015-12-22,69.30999755859375,57.34751510620117
2015-12-23,70.4000015258789,58.24937438964844
2015-12-24,70.0,57.91840362548828
2015-12-28,70.08000183105469,57.98459243774414
2015-12-29,70.80000305175781,58.5803337097168
2015-12-30,70.01000213623047,57.926700592041016
2015-12-31,69.5999984741211,57.58745574951172
2016-01-04,68.5999984741211,56.760032653808594
2016-01-05,68.12000274658203,56.36288833618164
2016-01-06,67.33000183105469,55.709232330322266
2016-01-07,65.1500015258789,53.905494689941406
2016-01-08,64.80999755859375,53.62417984008789
2016-01-11,64.91000366210938,53.706905364990234
2016-01-12,65.27999877929688,54.0130615234375
2016-01-13,63.90999984741211,52.87950897216797
2016-01-14,65.0199966430664,53.79792785644531
2016-01-15,62.939998626708984,52.07692337036133
2016-01-19,63.31999969482422,52.391334533691406
2016-01-20,62.4900016784668,51.704593658447266
2016-01-21,62.70000076293945,51.87834930419922
2016-01-22,64.19000244140625,53.11118698120117
2016-01-25,63.209999084472656,52.300331115722656
2016-01-26,64.33999633789062,53.235294342041016
2016-01-27,63.79999923706055,52.78849411010742
2016-01-28,64.06999969482422,53.01190185546875
2016-01-29,65.3499984741211,54.07098388671875
2016-02-01,65.38999938964844,54.10406494140625
2016-02-02,64.04000091552734,52.98706817626953
2016-02-03,64.48999786376953,53.359405517578125
2016-02-04,64.55999755859375,53.417327880859375
2016-02-05,63.34000015258789,52.40788269042969
2016-02-08,62.40999984741211,51.638404846191406
2016-02-09,61.810001373291016,51.14196014404297
2016-02-10,61.880001068115234,51.19989013671875
2016-02-11,61.220001220703125,50.653785705566406
2016-02-12,62.130001068115234,51.4067268371582
2016-02-16,63.529998779296875,52.56510543823242
2016-02-17,64.5199966430664,53.38423156738281
2016-02-18,64.51000213623047,53.37595748901367
2016-02-19,64.30999755859375,53.210472106933594
2016-02-22,65.01000213623047,53.7896614074707
2016-02-23,64.1500015258789,53.078086853027344
2016-02-24,64.33000183105469,53.227027893066406
2016-02-25,65.12999725341797,53.888938903808594
2016-02-26,65.08000183105469,53.847572326660156
2016-02-29,64.97000122070312,53.75655746459961
2016-03-01,66.48999786376953,55.014225006103516
2016-03-02,66.79000091552734,55.262451171875
2016-03-03,67.16999816894531,55.57685089111328
2016-03-04,67.80000305175781,56.098114013671875
2016-03-07,67.55999755859375,55.899539947509766
2016-03-08,66.79000091552734,55.262451171875
2016-03-09,67.30000305175781,55.68441390991211
2016-03-10,67.04000091552734,55.46929931640625
2016-03-11,68.62000274658203,56.7765998840332
2016-03-14,68.36000061035156,56.561458587646484
2016-03-15,68.19000244140625,56.42080307006836
2016-03-16,68.68000030517578,56.82624816894531
2016-03-17,69.08999633789062,57.16547393798828
2016-03-18,69.12000274658203,57.19029998779297
2016-03-21,69.1500015258789,57.215118408203125
2016-03-22,69.20999908447266,57.2647705078125
2016-03-23,68.37000274658203,56.56973648071289
2016-03-24,68.47000122070312,56.65248107910156
2016-03-28,68.66999816894531,56.81795883178711
2016-03-29,69.33999633789062,57.372318267822266
2016-03-30,69.76000213623047,57.719844818115234
2016-03-31,69.37000274658203,57.39714813232422
2016-04-01,69.19999694824219,57.2564811706543
2016-04-04,69.0199966430664,57.10757064819336
2016-04-05,68.06999969482422,56.32151412963867
2016-04-06,69.08999633789062,57.16547393798828
2016-04-07,68.12999725341797,56.37117385864258
2016-04-08,68.94999694824219,57.04963302612305
2016-04-11,68.6500015258789,56.801414489746094
2016-04-12,69.41999816894531,57.43851852416992
2016-04-13,70.47000122070312,58.30729293823242
2016-04-14,70.51000213623047,58.340389251708984
2016-04-15,70.29000091552734,58.15835189819336
2016-04-18,70.73999786376953,58.530677795410156
2016-04-19,71.4800033569336,59.14297103881836
2016-04-20,71.66999816894531,59.300174713134766
2016-04-21,71.0999984741211,58.82855224609375
2016-04-22,71.38999938964844,59.068504333496094
2016-04-25,70.94999694824219,58.704444885253906
2016-04-26,71.08999633789062,58.82027816772461
2016-04-27,71.2699966430664,58.969200134277344
2016-04-28,70.55999755859375,58.38174819946289
2016-04-29,70.11000061035156,58.00942611694336
2016-05-02,71.04000091552734,58.77891540527344
2016-05-03,70.08000183105469,57.98459243774414
2016-05-04,69.26000213623047,57.30614471435547
2016-05-05,69.33000183105469,57.36405563354492
2016-05-06,69.26000213623047,57.30614471435547
2016-05-09,69.5999984741211,57.58745574951172
2016-05-10,70.36000061035156,58.21627426147461
2016-05-11,69.70999908447266,57.67845916748047
2016-05-12,69.87000274658203,57.810848236083984
2016-05-13,69.04000091552734,57.12409973144531
2016-05-16,70.12999725341797,58.025978088378906
2016-05-17,69.20999908447266,57.2647705078125
2016-05-18,69.3499984741211,57.380611419677734
2016-05-19,69.06999969482422,57.148921966552734
2016-05-20,69.45999908447266,57.47160339355469
2016-05-23,69.41999816894531,57.43851852416992
2016-05-24,70.19999694824219,58.083892822265625
2016-05-25,70.87999725341797,58.64652633666992
2016-05-26,70.72000122070312,58.51414489746094
2016-05-27,70.83000183105469,58.60516357421875
2016-05-31,70.68000030517578,58.481048583984375
2016-06-01,70.79000091552734,58.57206344604492
2016-06-02,70.86000061035156,58.62998580932617
2016-06-03,71.16000366210938,58.878211975097656
2016-06-06,71.36000061035156,59.04367446899414
2016-06-07,71.68000030517578,59.30846405029297
2016-06-08,72.02999877929688,59.598045349121094
2016-06-09,71.41999816894531,59.093326568603516
2016-06-10,70.19000244140625,58.075626373291016
2016-06-13,69.73999786376953,57.703285217285156
2016-06-14,69.19000244140625,57.248207092285156
2016-06-15,69.37000274658203,57.39714813232422
2016-06-16,69.47000122070312,57.47989273071289
2016-06-17,69.63999938964844,57.62055969238281
2016-06-20,70.6500015258789,58.45622634887695
2016-06-21,70.87999725341797,58.64652633666992
2016-06-22,69.94999694824219,58.561973571777344
2016-06-23,71.45999908447266,59.826141357421875
2016-06-24,67.47000122070312,56.485721588134766
2016-06-27,65.95999908447266,55.22154998779297
2016-06-28,67.25,56.30154037475586
2016-06-29,68.7300033569336,57.540584564208984
2016-06-30,69.33000183105469,58.04291534423828
2016-07-01,69.5199966430664,58.201988220214844
2016-07-05,68.69999694824219,57.515464782714844
2016-07-06,68.86000061035156,57.6494255065918
2016-07-07,68.69999694824219,57.515464782714844
2016-07-08,69.76000213623047,58.40290451049805
2016-07-11,70.25,58.8131217956543
2016-07-12,71.06999969482422,59.49962615966797
2016-07-13,71.16000366210938,59.57497787475586
2016-07-14,71.45999908447266,59.826141357421875
2016-07-15,71.25,59.650333404541016
2016-07-18,71.41000366210938,59.784278869628906
2016-07-19,71.30999755859375,59.7005500793457
2016-07-20,71.5199966430664,59.87636947631836
2016-07-21,71.45999908447266,59.826141357421875
2016-07-22,71.62999725341797,59.96846008300781
2016-07-25,71.55999755859375,59.90985870361328
2016-07-26,71.69000244140625,60.01869583129883
2016-07-27,71.47000122070312,59.834503173828125
2016-07-28,71.80000305175781,60.110782623291016
2016-07-29,72.20999908447266,60.45404815673828
2016-08-01,71.88999938964844,60.186134338378906
2016-08-02,71.58000183105469,59.926605224609375
2016-08-03,71.4000015258789,59.775909423828125
2016-08-04,71.58000183105469,59.926605224609375
2016-08-05,72.08999633789062,60.35356521606445
2016-08-08,72.25,60.48754119873047
2016-08-09,72.56999969482422,60.755435943603516
2016-08-10,72.38999938964844,60.604732513427734
2016-08-11,72.97000122070312,61.09030532836914
2016-08-12,72.93000030517578,61.05681610107422
2016-08-15,73.12999725341797,61.22426223754883
2016-08-16,72.91999816894531,61.0484619140625
2016-08-17,72.98999786376953,61.1070442199707
2016-08-18,73.19000244140625,61.27449417114258
2016-08-19,72.93000030517578,61.05681610107422
2016-08-22,72.80000305175781,60.94800567626953
2016-08-23,73.16999816894531,61.25774383544922
2016-08-24,72.8499984741211,60.98984146118164
2016-08-25,72.51000213623047,60.70520782470703
2016-08-26,72.36000061035156,60.57962417602539
2016-08-29,72.73999786376953,60.89775848388672
2016-08-30,72.58000183105469,60.763790130615234
2016-08-31,72.44999694824219,60.65497589111328
2016-09-01,72.63999938964844,60.81403350830078
2016-09-02,73.06999969482422,61.174034118652344
2016-09-06,73.58000183105469,61.601009368896484
2016-09-07,73.5199966430664,61.55076599121094
2016-09-08,73.37999725341797,61.43355941772461
2016-09-09,71.5999984741211,59.943355560302734
2016-09-12,72.44999694824219,60.65497589111328
2016-09-13,71.0999984741211,59.52473831176758
2016-09-14,71.08000183105469,59.50799560546875
2016-09-15,71.5199966430664,59.87636947631836
2016-09-16,71.30000305175781,59.69218063354492
2016-09-19,71.4000015258789,59.775909423828125
2016-09-20,71.19999694824219,59.60844802856445
2016-09-21,72.5,60.69683074951172
2016-09-22,72.94999694824219,61.073577880859375
2016-09-23,72.4800033569336,60.68008041381836
2016-09-26,71.80999755859375,60.11915588378906
2016-09-27,72.22000122070312,60.462425231933594
2016-09-28,72.69000244140625,60.855899810791016
2016-09-29,72.05000305175781,60.32008743286133
2016-09-30,72.66000366210938,60.830780029296875
2016-10-03,72.31999969482422,60.54612731933594
2016-10-04,72.26000213623047,60.49589157104492
2016-10-05,72.55999755859375,60.74704360961914
2016-10-06,72.2300033569336,60.47079849243164
2016-10-07,71.98999786376953,60.26984786987305
2016-10-10,72.41999816894531,60.629852294921875
2016-10-11,71.44999694824219,59.81776809692383
2016-10-12,71.4000015258789,59.775909423828125
2016-10-13,71.19999694824219,59.60844802856445
2016-10-14,71.12999725341797,59.54986572265625
2016-10-17,71.01000213623047,59.44939041137695
2016-10-18,71.62999725341797,59.96846008300781
2016-10-19,71.80999755859375,60.11915588378906
2016-10-20,71.77999877929688,60.09403610229492
2016-10-21,71.6500015258789,59.985206604003906
2016-10-24,71.83000183105469,60.13591766357422
2016-10-25,71.7699966430664,60.08567428588867
2016-10-26,71.48999786376953,59.85124969482422
2016-10-27,71.3499984741211,59.73404312133789
2016-10-28,71.33000183105469,59.71730041503906
2016-10-31,71.12000274658203,59.54149627685547
2016-11-01,70.81999969482422,59.29032897949219
2016-11-02,70.31999969482422,58.87173843383789
2016-11-03,69.9800033569336,58.58708572387695
2016-11-04,69.75,58.394527435302734
2016-11-07,71.2300033569336,59.633583068847656
2016-11-08,71.33000183105469,59.71730041503906
2016-11-09,71.69000244140625,60.01869583129883
2016-11-10,71.69999694824219,60.027061462402344
2016-11-11,71.43000030517578,59.80103302001953
2016-11-14,71.33999633789062,59.72566604614258
2016-11-15,71.66000366210938,59.99358367919922
2016-11-16,71.37999725341797,59.759159088134766
2016-11-17,71.87999725341797,60.17776107788086
2016-11-18,71.54000091552734,59.893131256103516
2016-11-21,72.0999984741211,60.36195755004883
2016-11-22,72.11000061035156,60.37030792236328
2016-11-23,72.08000183105469,60.345211029052734
2016-11-25,72.31999969482422,60.54612731933594
2016-11-28,72.1500015258789,60.4038200378418
2016-11-29,72.48999786376953,60.68846130371094
2016-11-30,72.30999755859375,60.53776550292969
2016-12-01,72.08000183105469,60.345211029052734
2016-12-02,72.19999694824219,60.445655822753906
2016-12-05,72.47000122070312,60.67171096801758
2016-12-06,72.83999633789062,60.981468200683594
2016-12-07,73.87999725341797,61.85215759277344
2016-12-08,74.02999877929688,61.97773742675781
2016-12-09,74.19999694824219,62.12007522583008
2016-12-12,74.16000366210938,62.08659362792969
2016-12-13,74.79000091552734,62.614013671875
2016-12-14,74.02999877929688,61.97773742675781
2016-12-15,74.20999908447266,62.12842559814453
2016-12-16,73.93000030517578,61.89401626586914
2016-12-19,74.1500015258789,62.07819747924805
2016-12-20,74.44999694824219,62.32936096191406
2016-12-21,73.54000091552734,62.183921813964844
2016-12-22,73.30999755859375,61.989410400390625
2016-12-23,73.58999633789062,62.2261962890625
2016-12-27,73.54000091552734,62.183921813964844
2016-12-28,73.16000366210938,61.86259841918945
2016-12-29,73.31999969482422,61.99789047241211
2016-12-30,73.08000183105469,61.794952392578125
2017-01-03,73.76000213623047,62.369937896728516
2017-01-04,74.38999938964844,62.90267562866211
2017-01-05,74.63999938964844,63.11407470703125
2017-01-06,74.79000091552734,63.240901947021484
2017-01-09,74.41999816894531,62.928043365478516
2017-01-10,74.52999877929688,63.021034240722656
2017-01-11,74.58000183105469,63.06332015991211
2017-01-12,74.7300033569336,63.19017791748047
2017-01-13,74.94000244140625,63.367740631103516
2017-01-17,74.7300033569336,63.19017791748047
2017-01-18,74.54000091552734,63.029510498046875
2017-01-19,74.47000122070312,62.970306396484375
2017-01-20,74.63999938964844,63.11407470703125
2017-01-23,74.66000366210938,63.13096618652344
2017-01-24,75.0999984741211,63.503013610839844
2017-01-25,75.66999816894531,63.984989166259766
2017-01-26,75.62000274658203,63.94272994995117
2017-01-27,75.55999755859375,63.89199447631836
2017-01-30,75.06999969482422,63.47764205932617
2017-01-31,75.11000061035156,63.51148986816406
2017-02-01,75.23999786376953,63.62139892578125
2017-02-02,75.26000213623047,63.63832473754883
2017-02-03,75.58999633789062,63.9173698425293
2017-02-06,75.41999816894531,63.77361297607422
2017-02-07,75.38999938964844,63.748233795166016
2017-02-08,75.5199966430664,63.858177185058594
2017-02-09,75.80000305175781,64.09492492675781
2017-02-10,75.98999786376953,64.25559997558594
2017-02-13,76.36000061035156,64.56845092773438
2017-02-14,76.62999725341797,64.79676055908203
2017-02-15,76.77999877929688,64.923583984375
2017-02-16,76.97000122070312,65.08426666259766
2017-02-17,76.88999938964844,65.01660919189453
2017-02-21,77.19999694824219,65.27877044677734
2017-02-22,77.2699966430664,65.33794403076172
2017-02-23,77.19999694824219,65.27877044677734
2017-02-24,77.19999694824219,65.27877044677734
2017-02-27,77.25,65.32102966308594
2017-02-28,77.08000183105469,65.17728424072266
2017-03-01,77.9000015258789,65.87066650390625
2017-03-02,77.4000015258789,65.44786071777344
2017-03-03,77.66000366210938,65.667724609375
2017-03-06,77.41000366210938,65.4563217163086
2017-03-07,77.16000366210938,65.24491119384766
2017-03-08,76.91999816894531,65.0419921875
2017-03-09,77.01000213623047,65.11808776855469
2017-03-10,77.44999694824219,65.49012756347656
2017-03-13,77.7699966430664,65.7607192993164
2017-03-14,77.1500015258789,65.2364501953125
2017-03-15,78.0,65.95519256591797
2017-03-16,78.30000305175781,66.20887756347656
2017-03-17,78.12000274658203,66.0566635131836
2017-03-20,78.02999877929688,65.9805908203125
2017-03-21,77.19000244140625,65.2702865600586
2017-03-22,77.62000274658203,65.63388061523438
2017-03-23,77.38999938964844,65.43939971923828
2017-03-24,77.5,65.53241729736328
2017-03-27,77.44000244140625,65.48168182373047
2017-03-28,78.05999755859375,66.00593566894531
2017-03-29,77.98999786376953,65.94674682617188
2017-03-30,78.1500015258789,66.08204650878906
2017-03-31,77.87000274658203,65.84527587890625
2017-04-03,77.83999633789062,65.8199234008789
2017-04-04,77.72000122070312,65.71844482421875
2017-04-05,77.58999633789062,65.6085205078125
2017-04-06,77.62999725341797,65.642333984375
2017-04-07,77.66000366210938,65.667724609375
2017-04-10,77.68000030517578,65.68461608886719
2017-04-11,77.81999969482422,65.8030014038086
2017-04-12,77.58999633789062,65.6085205078125
2017-04-13,76.9800033569336,65.09272003173828
2017-04-17,77.55000305175781,65.57470703125
2017-04-18,77.26000213623047,65.32948303222656
2017-04-19,77.19000244140625,65.2702865600586
2017-04-20,77.66000366210938,65.667724609375
2017-04-21,77.58000183105469,65.6000747680664
2017-04-24,78.87999725341797,66.6993179321289
2017-04-25,79.37000274658203,67.11366271972656
2017-04-26,79.25,67.01217651367188
2017-04-27,79.19000244140625,66.96146392822266
2017-04-28,79.18000030517578,66.9529800415039
2017-05-01,79.41999816894531,67.15594482421875
2017-05-02,79.45999908447266,67.18975067138672
2017-05-03,79.38999938964844,67.13057708740234
2017-05-04,79.6500015258789,67.35041809082031
2017-05-05,80.08000183105469,67.71400451660156
2017-05-08,79.94000244140625,67.59562683105469
2017-05-09,79.9000015258789,67.56180572509766
2017-05-10,79.94000244140625,67.59562683105469
2017-05-11,79.7699966430664,67.4518814086914
2017-05-12,79.83000183105469,67.50262451171875
2017-05-15,80.3499984741211,67.94231414794922
2017-05-16,80.55000305175781,68.11143493652344
2017-05-17,79.2699966430664,67.02911376953125
2017-05-18,79.41000366210938,67.14747619628906
2017-05-19,80.08999633789062,67.72245788574219
2017-05-22,80.63999938964844,68.18753051757812
2017-05-23,80.48999786376953,68.0606918334961
2017-05-24,80.8499984741211,68.36509704589844
2017-05-25,80.87999725341797,68.39045715332031
2017-05-26,80.87999725341797,68.39045715332031
2017-05-30,81.0,68.49195098876953
2017-05-31,80.83000183105469,68.34819030761719
2017-06-01,81.45999908447266,68.88090515136719
2017-06-02,81.86000061035156,69.2191390991211
2017-06-05,81.5999984741211,68.99928283691406
2017-06-06,81.43000030517578,68.85553741455078
2017-06-07,81.47000122070312,68.88935852050781
2017-06-08,81.51000213623047,68.92317199707031
2017-06-09,81.37000274658203,68.8048095703125
2017-06-12,81.22000122070312,68.67796325683594
2017-06-13,81.66999816894531,69.05847930908203
2017-06-14,81.45999908447266,68.88090515136719
2017-06-15,81.0199966430664,68.50884246826172
2017-06-16,81.4800033569336,68.89781951904297
2017-06-19,81.98999786376953,69.32906341552734
2017-06-20,80.44999694824219,68.72510528564453
2017-06-21,80.30999755859375,68.60550689697266
2017-06-22,80.30999755859375,68.60550689697266
2017-06-23,80.56999969482422,68.82762908935547
2017-06-26,80.6500015258789,68.89594268798828
2017-06-27,80.30999755859375,68.60550689697266
2017-06-28,80.9000015258789,69.10952758789062
2017-06-29,80.30000305175781,68.59696960449219
2017-06-30,80.33000183105469,68.62260437011719
2017-07-03,80.37000274658203,68.6567611694336
2017-07-05,80.43000030517578,68.70802307128906
2017-07-06,79.91000366210938,68.2638168334961
2017-07-07,80.26000213623047,68.56281280517578
2017-07-10,80.4000015258789,68.6823959350586
2017-07-11,80.44000244140625,68.7165756225586
2017-07-12,80.95999908447266,69.16075134277344
2017-07-13,81.25,69.40850830078125
2017-07-14,81.66999816894531,69.76729583740234
2017-07-17,81.5,69.6220932006836
2017-07-18,81.66999816894531,69.76729583740234
2017-07-19,82.05999755859375,70.10047149658203
2017-07-20,82.2699966430664,70.27983856201172
2017-07-21,81.93000030517578,69.98941040039062
2017-07-24,81.88999938964844,69.95523834228516
2017-07-25,82.19999694824219,70.22006225585938
2017-07-26,82.4000015258789,70.39091491699219
2017-07-27,82.12999725341797,70.16026306152344
2017-07-28,82.2300033569336,70.24568939208984
2017-07-31,82.27999877929688,70.28839874267578
2017-08-01,82.76000213623047,70.69844818115234
2017-08-02,82.55999755859375,70.527587890625
2017-08-03,82.5199966430664,70.493408203125
2017-08-04,82.62000274658203,70.57886505126953
2017-08-07,82.72000122070312,70.66426086425781
2017-08-08,82.41000366210938,70.39944458007812
2017-08-09,82.36000061035156,70.35673522949219
2017-08-10,81.19000244140625,69.35725402832031
2017-08-11,81.06999969482422,69.25474548339844
2017-08-14,81.87999725341797,69.94669342041016
2017-08-15,81.75,69.83563995361328
2017-08-16,82.02999877929688,70.0748291015625
2017-08-17,80.94999694824219,69.15223693847656
2017-08-18,80.9800033569336,69.17787170410156
2017-08-21,80.94999694824219,69.15223693847656
2017-08-22,81.69999694824219,69.79292297363281
2017-08-23,81.55000305175781,69.66477966308594
2017-08-24,81.37000274658203,69.51102447509766
2017-08-25,81.58999633789062,69.6989517211914
2017-08-28,81.5999984741211,69.7074966430664
2017-08-29,81.62999725341797,69.73310852050781
2017-08-30,81.69999694824219,69.79292297363281
2017-08-31,82.3499984741211,70.34819793701172
2017-09-01,82.41999816894531,70.40798950195312
2017-09-05,81.93000030517578,69.98941040039062
2017-09-06,82.22000122070312,70.23713684082031
2017-09-07,82.55999755859375,70.527587890625
2017-09-08,82.4800033569336,70.45924377441406
2017-09-11,83.27999877929688,71.14266204833984
2017-09-12,83.43000030517578,71.27079772949219
2017-09-13,83.37000274658203,71.21952819824219
2017-09-14,83.47000122070312,71.30496978759766
2017-09-15,83.54000091552734,71.36474609375
2017-09-18,83.61000061035156,71.424560546875
2017-09-19,83.75,71.54415893554688
2017-09-20,83.9000015258789,71.67230987548828
2017-09-21,83.58999633789062,71.40748596191406
2017-09-22,83.83999633789062,71.62102508544922
2017-09-25,83.52999877929688,71.35621643066406
2017-09-26,83.45999908447266,71.29641723632812
2017-09-27,83.86000061035156,71.63812255859375
2017-09-28,83.76000213623047,71.55270385742188
2017-09-29,84.08999633789062,71.8345947265625
2017-10-02,84.41999816894531,72.11650848388672
2017-10-03,84.5199966430664,72.20194244384766
2017-10-04,84.63999938964844,72.304443359375
2017-10-05,84.94000244140625,72.56072235107422
2017-10-06,84.7300033569336,72.38134002685547
2017-10-09,84.61000061035156,72.27883911132812
2017-10-10,85.0199966430664,72.62908172607422
2017-10-11,85.30000305175781,72.86827087402344
2017-10-12,85.25,72.82554626464844
2017-10-13,85.45999908447266,73.00494384765625
2017-10-16,85.5,73.03911590576172
2017-10-17,85.51000213623047,73.04765319824219
2017-10-18,85.56999969482422,73.0988998413086
2017-10-19,85.58999633789062,73.11599731445312
2017-10-20,85.76000213623047,73.26121520996094
2017-10-23,85.69000244140625,73.20142364501953
2017-10-24,85.66999816894531,73.18433380126953
2017-10-25,85.22000122070312,72.79994201660156
2017-10-26,85.36000061035156,72.91950988769531
2017-10-27,85.66999816894531,73.18433380126953
2017-10-30,85.62000274658203,73.1416244506836
2017-10-31,85.87999725341797,73.36371612548828
2017-11-01,85.88999938964844,73.37226867675781
2017-11-02,86.08000183105469,73.53458404541016
2017-11-03,86.05000305175781,73.50897216796875
2017-11-06,86.37999725341797,73.79085540771484
2017-11-07,86.19999694824219,73.63709259033203
2017-11-08,86.4800033569336,73.87628936767578
2017-11-09,85.9800033569336,73.44915008544922
2017-11-10,85.95999908447266,73.43206787109375
2017-11-13,85.79000091552734,73.28684997558594
2017-11-14,85.5999984741211,73.1245346069336
2017-11-15,85.26000213623047,72.83409118652344
2017-11-16,85.9800033569336,73.44915008544922
2017-11-17,85.77999877929688,73.27831268310547
2017-11-20,85.91000366210938,73.38936614990234
2017-11-21,86.44999694824219,73.85064697265625
2017-11-22,86.48999786376953,73.88481903076172
2017-11-24,86.87999725341797,74.21798706054688
2017-11-27,86.63999938964844,74.0129623413086
2017-11-28,87.30000305175781,74.57677459716797
2017-11-29,87.08999633789062,74.39739990234375
2017-11-30,87.55999755859375,74.79887390136719
2017-12-01,87.41000366210938,74.67074584960938
2017-12-04,87.19000244140625,74.48281860351562
2017-12-05,86.98999786376953,74.31194305419922
2017-12-06,86.97000122070312,74.29485321044922
2017-12-07,87.18000030517578,74.47427368164062
2017-12-08,87.58000183105469,74.81597137451172
2017-12-11,87.72000122070312,74.93556213378906
2017-12-12,88.01000213623047,75.18330383300781
2017-12-13,88.0,75.17475891113281
2017-12-14,87.79000091552734,74.99537658691406
2017-12-15,87.94999694824219,75.13204193115234
2017-12-18,88.79000091552734,75.84961700439453
2017-12-19,87.80000305175781,75.70735168457031
2017-12-20,87.68000030517578,75.60387420654297
2017-12-21,87.91000366210938,75.80221557617188
2017-12-22,88.0999984741211,75.96601867675781
2017-12-26,88.0,75.87980651855469
2017-12-27,88.12000274658203,75.9832763671875
2017-12-28,88.27999877929688,76.1212387084961
2017-12-29,88.11000061035156,75.97466278076172
2018-01-02,88.77999877929688,76.55236053466797
2018-01-03,89.30999755859375,77.0093765258789
2018-01-04,89.70999908447266,77.3542709350586
2018-01-05,90.41999816894531,77.96650695800781
2018-01-08,90.19999694824219,77.77680969238281
2018-01-09,90.41000366210938,77.95789337158203
2018-01-10,90.19999694824219,77.77680969238281
2018-01-11,90.83000183105469,78.32003021240234
2018-01-12,91.6500015258789,79.027099609375
2018-01-16,91.48999786376953,78.88911437988281
2018-01-17,92.04000091552734,79.3633804321289
2018-01-18,91.87000274658203,79.216796875
2018-01-19,92.29000091552734,79.5789566040039
2018-01-22,92.93000030517578,80.13080596923828
2018-01-23,93.2300033569336,80.38948822021484
2018-01-24,93.41000366210938,80.54468536376953
2018-01-25,93.27999877929688,80.43258666992188
2018-01-26,94.06999969482422,81.11377716064453
2018-01-29,93.47000122070312,80.596435546875
2018-01-30,92.5199966430664,79.77725219726562
2018-01-31,92.68000030517578,79.91524505615234
2018-02-01,92.66999816894531,79.90658569335938
2018-02-02,90.72000122070312,78.2251968383789
2018-02-05,86.9000015258789,74.9312973022461
2018-02-06,88.5199966430664,76.32817077636719
2018-02-07,87.9000015258789,75.79357147216797
2018-02-08,85.02999877929688,73.3188705444336
2018-02-09,86.1500015258789,74.28461456298828
2018-02-12,87.12999725341797,75.12962341308594
2018-02-13,87.27999877929688,75.25896453857422
2018-02-14,88.68000030517578,76.46615600585938
2018-02-15,89.48999786376953,77.16456604003906
2018-02-16,89.69000244140625,77.33704376220703
2018-02-20,89.0,76.7420883178711
2018-02-21,88.44999694824219,76.26780700683594
2018-02-22,88.69000244140625,76.47477722167969
2018-02-23,89.94000244140625,77.55260467529297
2018-02-26,90.79000091552734,78.28553771972656
2018-02-27,89.47000122070312,77.14733123779297
2018-02-28,88.63999938964844,76.431640625
2018-03-01,87.47000122070312,75.42280578613281
2018-03-02,87.75,75.66423034667969
2018-03-05,88.66000366210938,76.44889068603516
2018-03-06,88.9000015258789,76.6558609008789
2018-03-07,88.93000030517578,76.68170928955078
2018-03-08,89.25,76.9576416015625
2018-03-09,90.27999877929688,77.84579467773438
2018-03-12,90.37000274658203,77.92337799072266
2018-03-13,89.73999786376953,77.38014221191406
2018-03-14,89.5999984741211,77.25942993164062
2018-03-15,89.51000213623047,77.18183898925781
2018-03-16,89.5199966430664,77.19046783447266
2018-03-19,88.52999877929688,76.33679962158203
2018-03-20,88.58999633789062,76.3885498046875
2018-03-21,88.58999633789062,76.3885498046875
2018-03-22,86.62000274658203,74.68986511230469
2018-03-23,85.23999786376953,73.49994659423828
2018-03-26,87.16000366210938,75.15550231933594
2018-03-27,85.83999633789062,74.01728820800781
2018-03-28,85.95999908447266,74.12076568603516
2018-03-29,87.12999725341797,75.12962341308594
2018-04-02,85.29000091552734,73.54304504394531
2018-04-03,86.12000274658203,74.25873565673828
2018-04-04,86.7699966430664,74.8192138671875
2018-04-05,87.47000122070312,75.42280578613281
2018-04-06,86.16000366210938,74.29322814941406
2018-04-09,86.6500015258789,74.71572875976562
2018-04-10,87.9000015258789,75.79357147216797
2018-04-11,87.47000122070312,75.42280578613281
2018-04-12,88.02999877929688,75.90567016601562
2018-04-13,87.80000305175781,75.70735168457031
2018-04-16,88.37000274658203,76.19883728027344
2018-04-17,89.19000244140625,76.90592193603516
2018-04-18,89.38999938964844,77.07836151123047
2018-04-19,88.87999725341797,76.63860321044922
2018-04-20,88.2699966430664,76.11261749267578
2018-04-23,88.20999908447266,76.06088256835938
2018-04-24,87.41000366210938,75.37107849121094
2018-04-25,87.3499984741211,75.3193359375
2018-04-26,88.20999908447266,76.06088256835938
2018-04-27,88.19999694824219,76.0522689819336
2018-04-30,87.77999877929688,75.69010925292969
2018-05-01,87.80000305175781,75.70735168457031
2018-05-02,87.33000183105469,75.30210876464844
2018-05-03,87.44999694824219,75.40555572509766
2018-05-04,88.08000183105469,75.94877624511719
2018-05-07,88.37999725341797,76.20746612548828
2018-05-08,88.30000305175781,76.13849639892578
2018-05-09,88.93000030517578,76.68170928955078
2018-05-10,89.66000366210938,77.31119537353516
2018-05-11,89.86000061035156,77.483642578125
2018-05-14,90.08000183105469,77.67332458496094
2018-05-15,89.38999938964844,77.07836151123047
2018-05-16,89.66999816894531,77.31978607177734
2018-05-17,89.76000213623047,77.39739227294922
2018-05-18,89.47000122070312,77.14733123779297
2018-05-21,90.0,77.6043472290039
2018-05-22,89.9000015258789,77.51812744140625
2018-05-23,89.55999755859375,77.22493743896484
2018-05-24,89.38999938964844,77.07836151123047
2018-05-25,89.12999725341797,76.85416412353516
2018-05-29,87.87000274658203,75.76769256591797
2018-05-30,88.98999786376953,76.73345184326172
2018-05-31,88.36000061035156,76.1902084350586
2018-06-01,89.31999969482422,77.01798248291016
2018-06-04,89.63999938964844,77.29393768310547
2018-06-05,89.62999725341797,77.28529357910156
2018-06-06,90.44999694824219,77.99237060546875
2018-06-07,90.16000366210938,77.74230194091797
2018-06-08,90.48999786376953,78.02686309814453
2018-06-11,90.7300033569336,78.23381042480469
2018-06-12,90.69000244140625,78.1993179321289
2018-06-13,90.44999694824219,77.99237060546875
2018-06-14,90.52999877929688,78.06135559082031
2018-06-15,90.37000274658203,77.92337799072266
2018-06-18,89.95999908447266,77.56983947753906
2018-06-19,88.4800033569336,77.19730377197266
2018-06-20,88.5999984741211,77.302001953125
2018-06-21,88.08000183105469,76.84831237792969
2018-06-22,88.5,77.21475982666016
2018-06-25,87.33999633789062,76.20267486572266
2018-06-26,87.45999908447266,76.30738067626953
2018-06-27,86.69999694824219,75.644287109375
2018-06-28,87.16999816894531,76.05435180664062
2018-06-29,87.45999908447266,76.30738067626953
2018-07-02,87.29000091552734,76.15906524658203
2018-07-03,86.94999694824219,75.86238861083984
2018-07-05,87.86000061035156,76.65636444091797
2018-07-06,88.55000305175781,77.25839233398438
2018-07-09,89.16000366210938,77.79059600830078
2018-07-10,89.5,78.08723449707031
2018-07-11,88.38999938964844,77.11878967285156
2018-07-12,89.19999694824219,77.82549285888672
2018-07-13,89.38999938964844,77.99127197265625
2018-07-16,89.19000244140625,77.81676483154297
2018-07-17,89.47000122070312,78.06104278564453
2018-07-18,89.72000122070312,78.27919006347656
2018-07-19,89.30000305175781,77.91275024414062
2018-07-20,89.55999755859375,78.13958740234375
2018-07-23,89.56999969482422,78.14833068847656
2018-07-24,89.97000122070312,78.497314453125
2018-07-25,90.66999816894531,79.10804748535156
2018-07-26,90.5199966430664,78.97716522216797
2018-07-27,90.06999969482422,78.58455657958984
2018-07-30,89.80000305175781,78.34899139404297
2018-07-31,90.08999633789062,78.60201263427734
2018-08-01,89.83000183105469,78.37516784667969
2018-08-02,90.02999877929688,78.54965209960938
2018-08-03,90.27999877929688,78.76778411865234
2018-08-06,90.37000274658203,78.84628295898438
2018-08-07,90.73999786376953,79.16912078857422
2018-08-08,90.79000091552734,79.21273803710938
2018-08-09,90.45999908447266,78.9248046875
2018-08-10,89.44000244140625,78.0348892211914
2018-08-13,89.1500015258789,77.78186798095703
2018-08-14,89.47000122070312,78.06104278564453
2018-08-15,88.66000366210938,77.35433959960938
2018-08-16,89.27999877929688,77.89529418945312
2018-08-17,89.5999984741211,78.17448425292969
2018-08-20,89.9800033569336,78.50602722167969
2018-08-21,90.4000015258789,78.87247467041016
2018-08-22,90.5199966430664,78.97716522216797
2018-08-23,90.2699966430664,78.75904846191406
2018-08-24,90.70999908447266,79.14295196533203
2018-08-27,91.56999969482422,79.89326477050781
2018-08-28,91.5,79.83222198486328
2018-08-29,92.0,80.26844787597656
2018-08-30,91.55999755859375,79.88455200195312
2018-08-31,91.12000274658203,79.50067138671875
2018-09-04,90.76000213623047,79.18656921386719
2018-09-05,90.30999755859375,78.79393768310547
2018-09-06,90.12999725341797,78.63690185546875
2018-09-07,89.68000030517578,78.24429321289062
2018-09-10,89.91999816894531,78.45367431640625
2018-09-11,90.25,78.74159240722656
2018-09-12,90.45999908447266,78.9248046875
2018-09-13,91.05000305175781,79.43959045410156
2018-09-14,91.11000061035156,79.491943359375
2018-09-17,90.79000091552734,79.21273803710938
2018-09-18,91.30000305175781,79.65770721435547
2018-09-19,91.6500015258789,79.96308898925781
2018-09-20,92.51000213623047,80.71341705322266
2018-09-21,92.5,80.70469665527344
2018-09-24,92.12999725341797,80.3818588256836
2018-09-25,92.04000091552734,80.30333709716797
2018-09-26,92.08000183105469,80.33824157714844
2018-09-27,92.04000091552734,80.30333709716797
2018-09-28,91.80000305175781,80.09394836425781
2018-10-01,92.12999725341797,80.3818588256836
2018-10-02,91.7300033569336,80.03288269042969
2018-10-03,91.88999938964844,80.17247772216797
2018-10-04,90.87000274658203,79.28253936767578
2018-10-05,90.51000213623047,78.96846771240234
2018-10-08,90.12000274658203,78.62818908691406
2018-10-09,89.95999908447266,78.48858642578125
2018-10-10,87.63999938964844,76.46441650390625
2018-10-11,85.87999725341797,74.92884063720703
2018-10-12,86.83999633789062,75.76640319824219
2018-10-15,86.33000183105469,75.32147216796875
2018-10-16,88.06999969482422,76.83958435058594
2018-10-17,87.8499984741211,76.64763641357422
2018-10-18,86.5999984741211,75.55704498291016
2018-10-19,86.72000122070312,75.6617431640625
2018-10-22,86.51000213623047,75.47850799560547
2018-10-23,85.79000091552734,74.85032653808594
2018-10-24,83.27999877929688,72.66039276123047
2018-10-25,84.62000274658203,73.82951354980469
2018-10-26,83.44999694824219,72.80870819091797
2018-10-29,83.05999755859375,72.46844482421875
2018-10-30,84.25,73.50670623779297
2018-10-31,85.25,74.37918853759766
2018-11-01,86.06999969482422,75.09461975097656
2018-11-02,85.77999877929688,74.84159851074219
2018-11-05,86.16999816894531,75.18185424804688
2018-11-06,86.56999969482422,75.53085327148438
2018-11-07,88.13999938964844,76.90065002441406
2018-11-08,87.58000183105469,76.4120864868164
2018-11-09,87.08000183105469,75.975830078125
2018-11-12,85.30000305175781,74.42283630371094
2018-11-13,85.5199966430664,74.61475372314453
2018-11-14,85.01000213623047,74.16979217529297
2018-11-15,85.66000366210938,74.73690032958984
2018-11-16,85.86000061035156,74.91140747070312
2018-11-19,84.76000213623047,73.95166015625
2018-11-20,83.23999786376953,72.62548065185547
2018-11-21,83.94999694824219,73.24495697021484
2018-11-23,83.27999877929688,72.66039276123047
2018-11-26,84.30000305175781,73.55032348632812
2018-11-27,84.44000244140625,73.67247772216797
2018-11-28,86.30000305175781,75.29528045654297
2018-11-29,86.04000091552734,75.06844329833984
2018-11-30,86.20999908447266,75.2167739868164
2018-12-03,87.3499984741211,76.21139526367188
2018-12-04,84.69000244140625,73.8906021118164
2018-12-06,84.41999816894531,73.65501403808594
2018-12-07,82.91000366210938,72.33756256103516
2018-12-10,82.73999786376953,72.18925476074219
2018-12-11,82.6500015258789,72.1107406616211
2018-12-12,83.54000091552734,72.88722229003906
2018-12-13,83.37000274658203,72.73892211914062
2018-12-14,81.94000244140625,71.49126434326172
2018-12-17,80.66000366210938,70.37449645996094
2018-12-18,79.98999786376953,70.40176391601562
2018-12-19,79.08999633789062,69.6096420288086
2018-12-20,77.94000244140625,68.59750366210938
2018-12-21,76.5199966430664,67.34770965576172
2018-12-24,75.04000091552734,66.04512023925781
2018-12-26,77.5,68.21025085449219
2018-12-27,78.2699966430664,68.88793182373047
2018-12-28,78.33000183105469,68.99363708496094
2018-12-31,78.87000274658203,69.46928405761719
2019-01-02,78.87999725341797,69.47807312011719
2019-01-03,77.55999755859375,68.31539916992188
2019-01-04,79.91999816894531,70.39411926269531
2019-01-07,80.29000091552734,70.72001647949219
2019-01-08,81.08000183105469,71.4158706665039
2019-01-09,81.63999938964844,71.90911865234375
2019-01-10,82.01000213623047,72.2350082397461
2019-01-11,81.7699966430664,72.02359771728516
2019-01-14,81.47000122070312,71.75938415527344
2019-01-15,82.20999908447266,72.41117095947266
2019-01-16,82.29000091552734,72.48162841796875
2019-01-17,82.87999725341797,73.0013198852539
2019-01-18,83.79000091552734,73.8028335571289
2019-01-22,82.63999938964844,72.78992462158203
2019-01-23,82.83000183105469,72.95726776123047
2019-01-24,82.98999786376953,73.09821319580078
2019-01-25,83.83999633789062,73.84689331054688
2019-01-28,83.22000122070312,73.30078887939453
2019-01-29,83.36000061035156,73.4240951538086
2019-01-30,84.38999938964844,74.33134460449219
2019-01-31,84.95999908447266,74.83338165283203
2019-02-01,84.93000030517578,74.80696868896484
2019-02-04,85.44000244140625,75.25618743896484
2019-02-05,85.91000366210938,75.67015838623047
2019-02-06,85.68000030517578,75.46757507324219
2019-02-07,84.80000305175781,74.69246673583984
2019-02-08,84.72000122070312,74.62201690673828
2019-02-11,84.70999908447266,74.6131820678711
2019-02-12,85.79000091552734,75.564453125
2019-02-13,85.98999786376953,75.74060821533203
2019-02-14,85.87000274658203,75.63492584228516
2019-02-15,86.94000244140625,76.57740020751953
2019-02-19,87.1500015258789,76.76235961914062
2019-02-20,87.4000015258789,76.98255920410156
2019-02-21,87.13999938964844,76.75355529785156
2019-02-22,87.62999725341797,77.1851577758789
2019-02-25,87.81999969482422,77.35249328613281
2019-02-26,87.91999816894531,77.44058227539062
2019-02-27,87.69999694824219,77.24679565429688
2019-02-28,87.48999786376953,77.06182861328125
2019-03-01,88.06999969482422,77.57269287109375
2019-03-04,87.69000244140625,77.23799896240234
2019-03-05,87.69000244140625,77.23799896240234
2019-03-06,87.2300033569336,76.83283996582031
2019-03-07,86.37000274658203,76.07533264160156
2019-03-08,86.23999786376953,75.96082305908203
2019-03-11,87.37000274658203,76.95614624023438
2019-03-12,87.54000091552734,77.10586547851562
2019-03-13,88.23999786376953,77.7224349975586
2019-03-14,88.08000183105469,77.58150482177734
2019-03-15,88.75,78.1716537475586
2019-03-18,89.0999984741211,78.47993469238281
2019-03-19,89.12999725341797,78.50634002685547
2019-03-20,88.94999694824219,78.34780883789062
2019-03-21,89.58000183105469,78.90272521972656
2019-03-22,87.83000183105469,77.36129760742188
2019-03-25,87.83999633789062,77.37010955810547
2019-03-26,88.43000030517578,77.88980102539062
2019-03-27,88.12000274658203,77.61674499511719
2019-03-28,88.30999755859375,77.78411102294922
2019-03-29,88.79000091552734,78.2068862915039
2019-04-01,89.81999969482422,79.11410522460938
2019-04-02,89.8499984741211,79.14054107666016
2019-04-03,90.19999694824219,79.44880676269531
2019-04-04,90.27999877929688,79.51929473876953
2019-04-05,90.62000274658203,79.81877136230469
2019-04-08,90.72000122070312,79.90684509277344
2019-04-09,90.19999694824219,79.44880676269531
2019-04-10,90.5199966430664,79.73067474365234
2019-04-11,90.4800033569336,79.69544982910156
2019-04-12,91.06999969482422,80.21512603759766
2019-04-15,91.05000305175781,80.197509765625
2019-04-16,91.12000274658203,80.25917053222656
2019-04-17,91.06999969482422,80.21512603759766
2019-04-18,91.20999908447266,80.33842468261719
2019-04-22,91.22000122070312,80.34725189208984
2019-04-23,91.69999694824219,80.77001953125
2019-04-24,91.37999725341797,80.4881591796875
2019-04-25,91.30999755859375,80.426513671875
2019-04-26,91.7300033569336,80.79645538330078
2019-04-29,91.87999725341797,80.92858123779297
2019-04-30,92.08999633789062,81.1135482788086
2019-05-01,91.30999755859375,80.426513671875
2019-05-02,91.16000366210938,80.2944107055664
2019-05-03,92.12999725341797,81.14878845214844
2019-05-06,91.54000091552734,80.62909698486328
2019-05-07,89.98999786376953,79.26384735107422
2019-05-08,89.95999908447266,79.2374267578125
2019-05-09,89.55999755859375,78.8851089477539
2019-05-10,89.94999694824219,79.22860717773438
2019-05-13,87.93000030517578,77.44939422607422
2019-05-14,88.70999908447266,78.13641357421875
2019-05-15,89.25,78.61205291748047
2019-05-16,89.95999908447266,79.2374267578125
2019-05-17,89.5,78.83224487304688
2019-05-20,88.87000274658203,78.2773666381836
2019-05-21,89.58999633789062,78.91152954101562
2019-05-22,89.33000183105469,78.68252563476562
2019-05-23,88.29000091552734,77.76648712158203
2019-05-24,88.7699966430664,78.18927764892578
2019-05-28,88.01000213623047,77.51985931396484
2019-05-29,87.3499984741211,76.93852996826172
2019-05-30,87.62999725341797,77.1851577758789
2019-05-31,86.76000213623047,76.4188461303711
2019-06-03,86.54000091552734,76.22505950927734
2019-06-04,88.2699966430664,77.74885559082031
2019-06-05,88.72000122070312,78.1452407836914
2019-06-06,89.0999984741211,78.47993469238281
2019-06-07,90.22000122070312,79.4664535522461
2019-06-10,90.68000030517578,79.87161254882812
2019-06-11,90.55000305175781,79.75709533691406
2019-06-12,90.36000061035156,79.58973693847656
2019-06-13,90.51000213623047,79.72187042236328
2019-06-14,90.25,79.49287414550781
2019-06-17,89.0,79.46072387695312
2019-06-18,90.0199966430664,80.37139129638672
2019-06-19,90.41999816894531,80.72852325439453
2019-06-20,91.2699966430664,81.48741149902344
2019-06-21,91.0,81.24634552001953
2019-06-24,91.02999877929688,81.27313995361328
2019-06-25,90.27999877929688,80.60352325439453
2019-06-26,90.27999877929688,80.60352325439453
2019-06-27,90.52999877929688,80.82672119140625
2019-06-28,91.0199966430664,81.26421356201172
2019-07-01,91.6500015258789,81.82669830322266
2019-07-02,91.94000244140625,82.08560943603516
2019-07-03,92.58000183105469,82.6570053100586
2019-07-05,92.3499984741211,82.45166778564453
2019-07-08,91.9000015258789,82.0499038696289
2019-07-09,91.80000305175781,81.96060943603516
2019-07-10,92.25,82.36237335205078
2019-07-11,92.45999908447266,82.54987335205078
2019-07-12,92.7300033569336,82.79092407226562
2019-07-15,92.68000030517578,82.74627685546875
2019-07-16,92.4000015258789,82.49629211425781
2019-07-17,92.06999969482422,82.2016830444336
2019-07-18,92.23999786376953,82.35344696044922
2019-07-19,91.87000274658203,82.02310943603516
2019-07-22,92.13999938964844,82.26416778564453
2019-07-23,92.7300033569336,82.79092407226562
2019-07-24,93.05000305175781,83.0766372680664
2019-07-25,92.3499984741211,82.45166778564453
2019-07-26,93.05000305175781,83.0766372680664
2019-07-29,92.94999694824219,82.98734283447266
2019-07-30,92.3499984741211,82.45166778564453
2019-07-31,91.86000061035156,82.01416778564453
2019-08-01,90.83999633789062,81.10350036621094
2019-08-02,90.12000274658203,80.46066284179688
2019-08-05,87.80999755859375,78.39827728271484
2019-08-06,88.58000183105469,79.08573913574219
2019-08-07,89.06999969482422,79.52320861816406
2019-08-08,90.31999969482422,80.63924407958984
2019-08-09,89.83000183105469,80.2017593383789
2019-08-12,88.69000244140625,79.1839370727539
2019-08-13,89.91000366210938,80.273193359375
2019-08-14,87.4000015258789,78.0322036743164
2019-08-15,87.5999984741211,78.21077728271484
2019-08-16,88.5,79.01432037353516
2019-08-19,89.4000015258789,79.81785583496094
2019-08-20,88.91000366210938,79.38036346435547
2019-08-21,89.70999908447266,80.09461212158203
2019-08-22,89.44000244140625,79.85356903076172
2019-08-23,87.5199966430664,78.13932037353516
2019-08-26,88.44000244140625,78.96073150634766
2019-08-27,88.23999786376953,78.78218078613281
2019-08-28,88.58000183105469,79.08573913574219
2019-08-29,89.62000274658203,80.0142593383789
2019-08-30,89.83999633789062,80.21067810058594
2019-09-03,89.29000091552734,79.71963500976562
2019-09-04,90.3499984741211,80.66602325439453
2019-09-05,91.37000274658203,81.57670593261719
2019-09-06,91.5199966430664,81.71062469482422
2019-09-09,91.55000305175781,81.73741149902344
2019-09-10,91.77999877929688,81.94274139404297
2019-09-11,92.08000183105469,82.21058654785156
2019-09-12,92.56999969482422,82.64807891845703
2019-09-13,92.55000305175781,82.6302261352539
2019-09-16,92.29000091552734,82.39808654785156
2019-09-17,92.5999984741211,82.67485809326172
2019-09-18,92.66000366210938,82.72843170166016
2019-09-19,92.7699966430664,82.82662963867188
2019-09-20,92.37999725341797,82.47843170166016
2019-09-23,92.22000122070312,82.33558654785156
2019-09-24,91.66999816894531,81.84454345703125
2019-09-25,91.93000030517578,82.07666778564453
2019-09-26,91.9800033569336,82.12132263183594
2019-09-27,91.58000183105469,81.7641830444336
2019-09-30,91.77999877929688,81.94274139404297
2019-10-01,90.81999969482422,81.08564758300781
2019-10-02,89.0199966430664,79.47858428955078
2019-10-03,89.9000015258789,80.2642593383789
2019-10-04,90.79000091552734,81.0588607788086
2019-10-07,90.73999786376953,81.01422119140625
2019-10-08,89.44000244140625,79.85356903076172
2019-10-09,89.9800033569336,80.33567810058594
2019-10-10,90.7699966430664,81.04102325439453
2019-10-11,91.94999694824219,82.09452819824219
2019-10-14,91.79000091552734,81.95169067382812
2019-10-15,92.70999908447266,82.77308654785156
2019-10-16,92.51000213623047,82.59451293945312
2019-10-17,93.05999755859375,83.08555603027344
2019-10-18,92.6500015258789,82.71949768066406
2019-10-21,93.19999694824219,83.2105484008789
2019-10-22,92.79000091552734,82.84451293945312
2019-10-23,93.23999786376953,83.24626159667969
2019-10-24,93.48999786376953,83.46947479248047
2019-10-25,93.72000122070312,83.67481231689453
2019-10-28,94.0999984741211,84.01409912109375
2019-10-29,94.20999908447266,84.11228942871094
2019-10-30,94.55999755859375,84.42478942871094
2019-10-31,94.12000274658203,84.0319595336914
2019-11-01,95.11000061035156,84.91583251953125
2019-11-04,95.41999816894531,85.19261169433594
2019-11-05,95.44999694824219,85.2193832397461
2019-11-06,95.4800033569336,85.24617767333984
2019-11-07,95.66000366210938,85.4068832397461
2019-11-08,95.76000213623047,85.49616241455078
2019-11-11,95.69999694824219,85.44259643554688
2019-11-12,95.8499984741211,85.57650756835938
2019-11-13,95.80000305175781,85.53186798095703
2019-11-14,95.66999816894531,85.41580963134766
2019-11-15,96.4800033569336,86.13899230957031
2019-11-18,96.38999938964844,86.05864715576172
2019-11-19,96.47000122070312,86.13006591796875
2019-11-20,96.01000213623047,85.71935272216797
2019-11-21,95.7699966430664,85.50508117675781
2019-11-22,95.97000122070312,85.68365478515625
2019-11-25,96.7300033569336,86.36219787597656
2019-11-26,96.80999755859375,86.43362426757812
2019-11-27,97.3499984741211,86.91573333740234
2019-11-29,96.76000213623047,86.38897705078125
2019-12-02,96.1500015258789,85.84436798095703
2019-12-03,95.61000061035156,85.36224365234375
2019-12-04,96.26000213623047,85.94256591796875
2019-12-05,96.37999725341797,86.0497055053711
2019-12-06,97.0999984741211,86.69253540039062
2019-12-09,96.75,86.38005828857422
2019-12-10,96.70999908447266,86.34435272216797
2019-12-11,97.1500015258789,86.73716735839844
2019-12-12,97.75,87.27287292480469
2019-12-13,98.19000244140625,87.66571807861328
2019-12-16,98.05999755859375,88.37316131591797
2019-12-17,97.7699966430664,88.11181640625
2019-12-18,97.70999908447266,88.0577392578125
2019-12-19,98.04000091552734,88.35514068603516
2019-12-20,98.51000213623047,88.7787094116211
2019-12-23,98.4800033569336,88.75167846679688
2019-12-24,98.52999877929688,88.79672241210938
2019-12-26,98.9000015258789,89.13017272949219
2019-12-27,99.06999969482422,89.28340148925781
2019-12-30,98.33000183105469,88.61650085449219
2019-12-31,98.77999877929688,89.02204132080078
2020-01-02,99.52999877929688,89.69794464111328
2020-01-03,98.69000244140625,88.94091796875
2020-01-06,99.25,89.44561004638672
2020-01-07,98.98999786376953,89.21127319335938
2020-01-08,99.2699966430664,89.46363830566406
2020-01-09,99.83999633789062,89.97732543945312
2020-01-10,99.44000244140625,89.6168441772461
2020-01-13,100.08000183105469,90.19361114501953
2020-01-14,99.87999725341797,90.01336669921875
2020-01-15,100.0199966430664,90.13954162597656
2020-01-16,100.81999969482422,90.86051177978516
2020-01-17,101.16000366210938,91.16694641113281
2020-01-21,100.62999725341797,90.68927764892578
2020-01-22,100.80999755859375,90.85148620605469
2020-01-23,100.7300033569336,90.77941131591797
2020-01-24,100.05999755859375,90.17559051513672
2020-01-27,98.3499984741211,88.63451385498047
2020-01-28,99.26000213623047,89.45462036132812
2020-01-29,99.29000091552734,89.48164367675781
2020-01-30,99.44000244140625,89.6168441772461
2020-01-31,97.7300033569336,88.07575988769531
2020-02-03,98.26000213623047,88.55341339111328
2020-02-04,100.01000213623047,90.13053894042969
2020-02-05,100.94000244140625,90.96866607666016
2020-02-06,101.30000305175781,91.29310607910156
2020-02-07,100.62999725341797,90.68927764892578
2020-02-10,101.13999938964844,91.14889526367188
2020-02-11,101.61000061035156,91.57247161865234
2020-02-12,102.12000274658203,92.0321044921875
2020-02-13,101.79000091552734,91.73469543457031
2020-02-14,101.91999816894531,91.85185241699219
2020-02-18,101.62999725341797,91.59051513671875
2020-02-19,102.02999877929688,91.95098876953125
2020-02-20,101.5999984741211,91.5634536743164
2020-02-21,100.88999938964844,90.92359924316406
2020-02-24,97.38999938964844,87.76934814453125
2020-02-25,94.77999877929688,85.41716766357422
2020-02-26,94.5,85.1648178100586
2020-02-27,90.97000122070312,81.98355102539062
2020-02-28,89.66999816894531,80.81196594238281
2020-03-02,93.2300033569336,84.0202865600586
2020-03-03,91.12999725341797,82.12773132324219
2020-03-04,94.5999984741211,85.25496673583984
2020-03-05,91.7300033569336,82.66847229003906
2020-03-06,90.30000305175781,81.3797378540039
2020-03-09,82.81999969482422,74.6386489868164
2020-03-10,86.55000305175781,78.00016784667969
2020-03-11,82.23999786376953,74.11592864990234
2020-03-12,73.66000366210938,66.38350677490234
2020-03-13,79.62999725341797,71.76376342773438
2020-03-16,70.56999969482422,63.59876251220703
2020-03-17,74.56999969482422,67.20361328125
2020-03-18,70.41999816894531,63.46358108520508
2020-03-19,70.94999694824219,63.94121551513672
2020-03-20,68.62999725341797,61.85041046142578
2020-03-23,67.38999938964844,60.73289108276367
2020-03-24,73.5199966430664,66.25733947753906
2020-03-25,74.83999633789062,67.44694519042969
2020-03-26,79.0199966430664,71.21403503417969
2020-03-27,76.62000274658203,69.05111694335938
2020-03-30,78.62999725341797,70.86255645751953
2020-03-31,77.93000030517578,70.23170471191406
2020-04-01,74.4000015258789,67.05042266845703
2020-04-02,75.93000030517578,68.42927551269531
2020-04-03,74.7699966430664,67.38385772705078
2020-04-06,79.48999786376953,71.63758087158203
2020-04-07,79.62999725341797,71.76376342773438
2020-04-08,81.52999877929688,73.47607421875
2020-04-09,83.0199966430664,74.81887817382812
2020-04-13,82.31999969482422,74.18804168701172
2020-04-14,84.38999938964844,76.05353546142578
2020-04-15,82.4800033569336,74.33222961425781
2020-04-16,82.69999694824219,74.53048706054688
2020-04-17,84.87000274658203,76.48612976074219
2020-04-20,83.66000366210938,75.39566802978516
2020-04-21,81.36000061035156,73.3228759765625
2020-04-22,82.97000122070312,74.77383422851562
2020-04-23,82.93000030517578,74.73777770996094
2020-04-24,83.8499984741211,75.56687927246094
2020-04-27,85.11000061035156,76.70242309570312
2020-04-28,85.16000366210938,76.74748229980469
2020-04-29,87.41000366210938,78.77523803710938
2020-04-30,86.36000061035156,77.82894897460938
2020-05-01,84.12999725341797,75.81924438476562
2020-05-04,84.30000305175781,75.97244262695312
2020-05-05,84.76000213623047,76.38700866699219
2020-05-06,84.19999694824219,75.88232421875
2020-05-07,85.30999755859375,76.88265228271484
2020-05-08,87.01000213623047,78.41473388671875
2020-05-11,87.05999755859375,78.45979309082031
2020-05-12,85.43000030517578,76.9908218383789
2020-05-13,84.0999984741211,75.79219818115234
2020-05-14,84.5,76.15269470214844
2020-05-15,84.87000274658203,76.48612976074219
2020-05-18,87.61000061035156,78.9554672241211
2020-05-19,86.66999816894531,78.10831451416016
2020-05-20,88.26000213623047,79.54125213623047
2020-05-21,87.44000244140625,78.80226135253906
2020-05-22,87.45999908447266,78.82027435302734
2020-05-26,89.08999633789062,80.28926849365234
2020-05-27,90.37999725341797,81.45182800292969
2020-05-28,90.55000305175781,81.60504150390625
2020-05-29,90.69999694824219,81.74021911621094
2020-06-01,91.66000366210938,82.60538482666016
2020-06-02,92.4800033569336,83.34437561035156
2020-06-03,93.94999694824219,84.66917419433594
2020-06-04,93.58999633789062,84.3447265625
2020-06-05,95.7300033569336,86.2733383178711
2020-06-08,96.9000015258789,87.32775115966797
2020-06-09,96.0,86.51666259765625
2020-06-10,95.6500015258789,86.20124053955078
2020-06-11,90.22000122070312,81.3076171875
2020-06-12,91.52999877929688,82.48822021484375
2020-06-15,91.33999633789062,83.15186309814453
2020-06-16,92.86000061035156,84.53561401367188
2020-06-17,92.7699966430664,84.45367431640625
2020-06-18,92.69999694824219,84.38995361328125
2020-06-19,92.2300033569336,83.96209716796875
2020-06-22,92.98999786376953,84.65396118164062
2020-06-23,93.4000015258789,85.02720642089844
2020-06-24,90.98999786376953,82.83323669433594
2020-06-25,92.13999938964844,83.88015747070312
2020-06-26,90.16000366210938,82.0776596069336
2020-06-29,91.25,83.06993865966797
2020-06-30,92.13999938964844,83.88015747070312
2020-07-01,92.66000366210938,84.35353088378906
2020-07-02,93.36000061035156,84.99079895019531
2020-07-06,94.80000305175781,86.30170440673828
2020-07-07,93.80999755859375,85.40045166015625
2020-07-08,94.61000061035156,86.12874603271484
2020-07-09,93.9800033569336,85.55522918701172
2020-07-10,94.93000030517578,86.4200439453125
2020-07-13,94.08000183105469,85.64625549316406
2020-07-14,95.37999725341797,86.82970428466797
2020-07-15,96.37999725341797,87.74005889892578
2020-07-16,95.94000244140625,87.33950805664062
2020-07-17,96.25,87.6217269897461
2020-07-20,97.0,88.30448913574219
2020-07-21,97.19000244140625,88.47745513916016
2020-07-22,97.66000366210938,88.90531158447266
2020-07-23,96.55999755859375,87.90392303466797
2020-07-24,95.95999908447266,87.35771942138672
2020-07-27,96.87999725341797,88.19523620605469
2020-07-28,96.25,87.6217269897461
2020-07-29,97.37000274658203,88.64131164550781
2020-07-30,96.79000091552734,88.11329650878906
2020-07-31,96.6500015258789,87.9858627319336
2020-08-03,97.69000244140625,88.93263244628906
2020-08-04,98.1500015258789,89.35139465332031
2020-08-05,98.75,89.89761352539062
2020-08-06,99.16000366210938,90.27085876464844
2020-08-07,98.8499984741211,89.98863983154297
2020-08-10,99.13999938964844,90.25263977050781
2020-08-11,98.7300033569336,89.87940216064453
2020-08-12,100.33999633789062,91.34506225585938
2020-08-13,100.23999786376953,91.25403594970703
2020-08-14,99.97000122070312,91.00822448730469
2020-08-17,100.63999938964844,91.61817169189453
2020-08-18,100.7699966430664,91.73654174804688
2020-08-19,100.30999755859375,91.3177719116211
2020-08-20,100.5199966430664,91.50892639160156
2020-08-21,100.58999633789062,91.5726547241211
2020-08-24,101.58999633789062,92.4830093383789
2020-08-25,101.91000366210938,92.77433776855469
2020-08-26,102.83999633789062,93.6209487915039
2020-08-27,102.70999908447266,93.50262451171875
2020-08-28,103.31999969482422,94.05792236328125
2020-08-31,102.95999908447266,93.7302017211914
2020-09-01,103.83999633789062,94.53131103515625
2020-09-02,105.04000091552734,95.62373352050781
2020-09-03,101.83999633789062,92.71061706542969
2020-09-04,101.1500015258789,92.08247375488281
2020-09-08,98.80000305175781,89.94313049316406
2020-09-09,100.61000061035156,91.59087371826172
2020-09-10,99.12999725341797,90.2435302734375
2020-09-11,99.38999938964844,90.48023986816406
2020-09-14,100.70999908447266,91.68189239501953
2020-09-15,101.30999755859375,92.22811126708984
2020-09-16,100.9800033569336,91.92771911621094
2020-09-17,100.37000274658203,91.37238311767578
2020-09-18,99.51000213623047,90.58948516845703
2020-09-21,97.8499984741211,89.07827758789062
2020-09-22,98.51000213623047,89.67913055419922
2020-09-23,96.55000305175781,87.89482116699219
2020-09-24,96.7699966430664,88.09510040283203
2020-09-25,97.95999908447266,89.17843627929688
2020-09-28,99.54000091552734,90.61678314208984
2020-09-29,99.20999908447266,90.31636810302734
2020-09-30,99.5199966430664,90.59857940673828
2020-10-01,100.12999725341797,91.15390014648438
2020-10-02,99.4000015258789,90.48933410644531
2020-10-05,101.18000030517578,92.10977935791016
2020-10-06,99.97000122070312,91.00822448730469
2020-10-07,101.36000061035156,92.27363586425781
2020-10-08,102.11000061035156,92.9563980102539
2020-10-09,102.9000015258789,93.67556762695312
2020-10-12,104.19999694824219,94.8590316772461
2020-10-13,103.56999969482422,94.2855224609375
2020-10-14,102.93000030517578,93.70289611816406
2020-10-15,102.5,93.31143951416016
2020-10-16,102.62000274658203,93.42070007324219
2020-10-19,101.38999938964844,92.30093383789062
2020-10-20,101.8499984741211,92.7197036743164
2020-10-21,101.44000244140625,92.34647369384766
2020-10-22,101.8499984741211,92.7197036743164
2020-10-23,102.33999633789062,93.16577911376953
2020-10-26,100.45999908447266,91.45430755615234
2020-10-27,99.95999908447266,90.99913024902344
2020-10-28,96.69000244140625,88.02227020263672
2020-10-29,97.5199966430664,88.77786254882812
2020-10-30,96.52999877929688,87.87661743164062
2020-11-02,97.66000366210938,88.90531158447266
2020-11-03,99.75,90.80796813964844
2020-11-04,101.62999725341797,92.5194320678711
2020-11-05,103.77999877929688,94.4766845703125
2020-11-06,103.91999816894531,94.6041488647461
2020-11-09,105.48999786376953,96.03340911865234
2020-11-10,105.7300033569336,96.25189208984375
2020-11-11,106.47000122070312,96.92555236816406
2020-11-12,105.37000274658203,95.92415618896484
2020-11-13,106.68000030517578,97.11674499511719
2020-11-16,107.93000030517578,98.25467681884766
2020-11-17,107.63999938964844,97.99066925048828
2020-11-18,106.72000122070312,97.15312957763672
2020-11-19,107.37000274658203,97.744873046875
2020-11-20,107.05999755859375,97.4626693725586
2020-11-23,107.45999908447266,97.8268051147461
2020-11-24,109.16000366210938,99.3743896484375
2020-11-25,109.06999969482422,99.29246520996094
2020-11-27,109.55999755859375,99.73854064941406
2020-11-30,108.94000244140625,99.17414855957031
2020-12-01,110.12000274658203,100.24834442138672
2020-12-02,110.2300033569336,100.34849548339844
2020-12-03,110.31999969482422,100.430419921875
2020-12-04,111.41999816894531,101.43180847167969
2020-12-07,111.01000213623047,101.0585708618164
2020-12-08,111.37000274658203,101.38629150390625
2020-12-09,110.68000030517578,100.75814819335938
2020-12-10,110.77999877929688,100.84918212890625
2020-12-11,110.47000122070312,100.56697082519531
2020-12-14,109.66999816894531,100.56148529052734
2020-12-15,110.86000061035156,101.65264892578125
2020-12-16,111.12000274658203,101.89103698730469
2020-12-17,111.9800033569336,102.67961883544922
2020-12-18,111.63999938964844,102.36785888671875
2020-12-21,110.87999725341797,101.67096710205078
2020-12-22,110.80000305175781,101.59761810302734
2020-12-23,111.12999725341797,101.90020751953125
2020-12-24,111.44000244140625,102.1844711303711
2020-12-28,112.0999984741211,102.7896499633789
2020-12-29,112.13999938964844,102.82632446289062
2020-12-30,112.29000091552734,102.96388244628906
2020-12-31,112.41000366210938,103.07391357421875
2021-01-04,111.62999725341797,102.35868835449219
2021-01-05,112.48999786376953,103.14727020263672
2021-01-06,113.16999816894531,103.77078247070312
2021-01-07,114.47000122070312,104.96282196044922
2021-01-08,115.30999755859375,105.73304748535156
2021-01-11,114.25,104.7610855102539
2021-01-12,114.56999969482422,105.05451202392578
2021-01-13,114.75,105.21955108642578
2021-01-14,114.66000366210938,105.13703155517578
2021-01-15,113.55000305175781,104.11922454833984
2021-01-19,114.47000122070312,104.96282196044922
2021-01-20,115.81999969482422,106.20069122314453
2021-01-21,115.80000305175781,106.18235778808594
2021-01-22,115.3499984741211,105.76973724365234
2021-01-25,115.62000274658203,106.01730346679688
2021-01-26,115.45999908447266,105.87059020996094
2021-01-27,112.69000244140625,103.33065032958984
2021-01-28,113.47000122070312,104.04586029052734
2021-01-29,111.48999786376953,102.23033142089844
2021-02-01,113.16999816894531,103.77078247070312
2021-02-02,114.5999984741211,105.08201599121094
2021-02-03,114.75,105.21955108642578
2021-02-04,115.75,106.1364974975586
2021-02-05,116.19999694824219,106.54912567138672
2021-02-08,117.11000061035156,107.383544921875
2021-02-09,117.43000030517578,107.6769790649414
2021-02-10,117.30999755859375,107.56692504882812
2021-02-11,117.70999908447266,107.93373107910156
2021-02-12,118.27999877929688,108.45636749267578
2021-02-16,118.55999755859375,108.71311950683594
2021-02-17,118.36000061035156,108.52972412109375
2021-02-18,117.73999786376953,107.96121978759766
2021-02-19,117.73999786376953,107.96121978759766
2021-02-22,116.97000122070312,107.25517272949219
2021-02-23,116.95999908447266,107.24601745605469
2021-02-24,117.88999938964844,108.0987777709961
2021-02-25,115.37999725341797,105.79722595214844
2021-02-26,114.2699966430664,104.77943420410156
2021-03-01,116.87999725341797,107.17266082763672
2021-03-02,116.43000030517578,106.76002502441406
2021-03-03,114.81999969482422,105.28374481201172
2021-03-04,113.44000244140625,104.01836395263672
2021-03-05,115.05000305175781,105.49464416503906
2021-03-08,114.4800033569336,104.97200012207031
2021-03-09,116.26000213623047,106.6041488647461
2021-03-10,116.91999816894531,107.20934295654297
2021-03-11,118.01000213623047,108.20880126953125
2021-03-12,118.11000061035156,108.30050659179688
2021-03-15,118.62999725341797,108.77729034423828
2021-03-16,118.79000091552734,108.92402648925781
2021-03-17,119.20999908447266,109.30913543701172
2021-03-18,117.55000305175781,107.7870101928711
2021-03-19,117.58999633789062,107.82369232177734
2021-03-22,118.0999984741211,108.29132843017578
2021-03-23,117.0,107.28268432617188
2021-03-24,116.36000061035156,106.69586181640625
2021-03-25,117.02999877929688,107.31019592285156
2021-03-26,118.5,108.6581039428711
2021-03-29,118.33999633789062,108.51139831542969
2021-03-30,118.08000183105469,108.27300262451172
2021-03-31,118.48999786376953,108.64892578125
2021-04-01,119.77999877929688,109.8318099975586
2021-04-05,121.41999816894531,111.3355941772461
2021-04-06,121.12000274658203,111.06051635742188
2021-04-07,121.19000244140625,111.12469482421875
2021-04-08,122.02999877929688,111.89492797851562
2021-04-09,122.55999755859375,112.38091278076172
2021-04-12,122.4800033569336,112.30756378173828
2021-04-13,123.11000061035156,112.88521575927734
2021-04-14,122.69000244140625,112.5001220703125
2021-04-15,124.01000213623047,113.71048736572266
2021-04-16,124.44000244140625,114.10476684570312
2021-04-19,123.93000030517578,113.63713073730469
2021-04-20,122.70999908447266,112.5184555053711
2021-04-21,123.7699966430664,113.49041748046875
2021-04-22,122.91999816894531,112.71101379394531
2021-04-23,124.22000122070312,113.90303802490234
2021-04-26,124.45999908447266,114.12309265136719
2021-04-27,124.37000274658203,114.04058837890625
2021-04-28,124.44999694824219,114.11392974853516
2021-04-29,124.8499984741211,114.480712890625
2021-04-30,123.61000061035156,113.34369659423828
2021-05-03,124.26000213623047,113.9397201538086
2021-05-04,123.05999755859375,112.8393783569336
2021-05-05,123.55000305175781,113.28868865966797
2021-05-06,124.51000213623047,114.16895294189453
2021-05-07,125.7300033569336,115.2876205444336
2021-05-10,124.61000061035156,114.26065063476562
2021-05-11,123.30999755859375,113.06861877441406
2021-05-12,120.83999633789062,110.80375671386719
2021-05-13,122.19000244140625,112.04163360595703
2021-05-14,124.1500015258789,113.83885192871094
2021-05-17,123.70999908447266,113.43539428710938
2021-05-18,123.33000183105469,113.08695220947266
2021-05-19,122.66000366210938,112.47260284423828
2021-05-20,124.16999816894531,113.85719299316406
2021-05-21,124.18000030517578,113.8663558959961
2021-05-24,125.30000305175781,114.89334106445312
2021-05-25,125.05999755859375,114.67326354980469
2021-05-26,125.23999786376953,114.83833312988281
2021-05-27,125.3499984741211,114.9391860961914
2021-05-28,125.5999984741211,115.16841125488281
2021-06-01,125.7300033569336,115.2876205444336
2021-06-02,125.94999694824219,115.48934936523438
2021-06-03,125.43000030517578,115.01254272460938
2021-06-04,126.58000183105469,116.06703186035156
2021-06-07,126.79000091552734,116.25959777832031
2021-06-08,126.80000305175781,116.26876068115234
2021-06-09,126.58000183105469,116.06703186035156
2021-06-10,126.08000183105469,116.52637481689453
2021-06-11,126.44000244140625,116.85910034179688
2021-06-14,126.66000366210938,117.06242370605469
2021-06-15,126.41000366210938,116.83135986328125
2021-06-16,125.73999786376953,116.2121353149414
2021-06-17,125.52999877929688,116.01805877685547
2021-06-18,123.61000061035156,114.2435302734375
2021-06-21,125.27999877929688,115.78699493408203
2021-06-22,125.73999786376953,116.2121353149414
2021-06-23,125.41999816894531,115.91638946533203
2021-06-24,126.41999816894531,116.84061431884766
2021-06-25,126.75,117.14561462402344
2021-06-28,126.68000030517578,117.0809097290039
2021-06-29,126.77999877929688,117.17333984375
2021-06-30,126.56999969482422,116.979248046875
2021-07-01,127.05999755859375,117.43209838867188
2021-07-02,127.83999633789062,118.15301513671875
2021-07-06,127.4800033569336,117.82029724121094
2021-07-07,127.94999694824219,118.25466918945312
2021-07-08,126.5199966430664,116.93303680419922
2021-07-09,128.22000122070312,118.50421905517578
2021-07-12,128.77000427246094,119.01254272460938
2021-07-13,128.10000610351562,118.39331817626953
2021-07-14,128.39999389648438,118.67056274414062
2021-07-15,127.69999694824219,118.02363586425781
2021-07-16,126.7699966430664,117.16407775878906
2021-07-19,124.81999969482422,115.36185455322266
2021-07-20,126.41000366210938,116.83135986328125
2021-07-21,127.79000091552734,118.10680389404297
2021-07-22,127.98999786376953,118.29164123535156
2021-07-23,129.19000244140625,119.40071105957031
2021-07-26,129.27000427246094,119.47464752197266
2021-07-27,128.82000732421875,119.05875396728516
2021-07-28,129.0500030517578,119.27133178710938
2021-07-29,129.72000122070312,119.89055633544922
2021-07-30,128.8300018310547,119.06798553466797
2021-08-02,129.02999877929688,119.25283813476562
2021-08-03,129.8800048828125,120.03844451904297
2021-08-04,129.47000122070312,119.65950775146484
2021-08-05,130.25999450683594,120.3896255493164
2021-08-06,130.0500030517578,120.195556640625
2021-08-09,130.07000732421875,120.21404266357422
2021-08-10,130.22000122070312,120.35269165039062
2021-08-11,130.69000244140625,120.78705596923828
2021-08-12,130.9600067138672,121.03659057617188
2021-08-13,131.36000061035156,121.40628814697266
2021-08-16,131.32000732421875,121.36932373046875
2021-08-17,130.32000732421875,120.4450912475586
2021-08-18,129.25,119.45618438720703
2021-08-19,128.77000427246094,119.01254272460938
2021-08-20,129.6999969482422,119.8720703125
2021-08-23,130.92999267578125,121.00885772705078
2021-08-24,131.19000244140625,121.24918365478516
2021-08-25,131.39999389648438,121.44324493408203
2021-08-26,130.6999969482422,120.7962875366211
2021-08-27,131.8300018310547,121.84069061279297
2021-08-30,132.22000122070312,122.20110321044922
2021-08-31,132.02000427246094,122.01629638671875
2021-09-01,132.4499969482422,122.41370391845703
2021-09-02,132.8699951171875,122.80187225341797
2021-09-03,133.0500030517578,122.96821594238281
2021-09-07,132.7100067138672,122.65399169921875
2021-09-08,132.2899932861328,122.26580047607422
2021-09-09,131.83999633789062,121.84988403320312
2021-09-10,131.08999633789062,121.15675354003906
2021-09-13,131.5399932861328,121.57264709472656
2021-09-14,130.91000366210938,120.99038696289062
2021-09-15,131.6999969482422,121.72051239013672
2021-09-16,131.50999450683594,121.54491424560547
2021-09-17,130.16000366210938,120.29720306396484
2021-09-20,127.95999908447266,118.263916015625
2021-09-21,128.17999267578125,118.46724700927734
2021-09-22,129.30999755859375,119.5116195678711
2021-09-23,130.80999755859375,120.89794921875
2021-09-24,130.5800018310547,120.68538665771484
2021-09-27,130.30999755859375,120.43585205078125
2021-09-28,127.52999877929688,117.86650085449219
2021-09-29,127.5199966430664,117.85723876953125
2021-09-30,126.45999908447266,116.8775863647461
2021-10-01,127.48999786376953,117.82952117919922
2021-10-04,126.01000213623047,116.461669921875
2021-10-05,127.0199966430664,117.39514923095703
2021-10-06,127.2699966430664,117.6261978149414
2021-10-07,128.33999633789062,118.6151351928711
2021-10-08,128.1999969482422,118.4857177734375
2021-10-11,127.5199966430664,117.85723876953125
2021-10-12,127.30000305175781,117.65393829345703
2021-10-13,128.02000427246094,118.31938171386719
2021-10-14,130.05999755859375,120.20480346679688
2021-10-15,131.0,121.07357025146484
2021-10-18,131.19000244140625,121.24918365478516
2021-10-19,132.11000061035156,122.09947204589844
2021-10-20,132.52000427246094,122.4783935546875
2021-10-21,132.64999389648438,122.5985336303711
2021-10-22,132.74000549316406,122.6817398071289
2021-10-25,133.11000061035156,123.023681640625
2021-10-26,133.2899932861328,123.19004821777344
2021-10-27,132.6300048828125,122.58003997802734
2021-10-28,133.86000061035156,123.7168197631836
2021-10-29,133.83999633789062,123.69837951660156
2021-11-01,134.41000366210938,124.22516632080078
2021-11-02,134.69000244140625,124.48394012451172
2021-11-03,135.6199951171875,125.3434829711914
2021-11-04,135.9199981689453,125.62076568603516
2021-11-05,136.36000061035156,126.02739715576172
2021-11-08,136.4499969482422,126.11060333251953
2021-11-09,136.0399932861328,125.73163604736328
2021-11-10,134.6999969482422,124.49320220947266
2021-11-11,134.99000549316406,124.76122283935547
2021-11-12,136.02999877929688,125.722412109375
2021-11-15,135.9199981689453,125.62076568603516
2021-11-16,136.25,125.92574310302734
2021-11-17,135.88999938964844,125.5930404663086
2021-11-18,136.22000122070312,125.89801788330078
2021-11-19,135.6199951171875,125.3434829711914
2021-11-22,134.9199981689453,124.69652557373047
2021-11-23,134.92999267578125,124.70575714111328
2021-11-24,135.02999877929688,124.79818725585938
2021-11-26,132.0,121.9977798461914
2021-11-29,133.16000366210938,123.06991577148438
2021-11-30,131.10000610351562,121.1659927368164
2021-12-01,129.5500030517578,119.73343658447266
2021-12-02,131.38999938964844,121.43402099609375
2021-12-03,130.39999389648438,120.51901245117188
2021-12-06,131.75,121.76673126220703
2021-12-07,134.5,124.308349609375
2021-12-08,134.9600067138672,124.73351287841797
2021-12-09,133.8000030517578,123.66140747070312
2021-12-10,134.5800018310547,124.38227844238281
2021-12-13,132.4600067138672,123.29788208007812
2021-12-14,131.39999389648438,122.3111801147461
2021-12-15,133.39999389648438,124.17286682128906
2021-12-16,132.75999450683594,123.57711791992188
2021-12-17,131.35000610351562,122.26467895507812
2021-12-20,130.25,121.24075317382812
2021-12-21,132.35000610351562,123.19549560546875
2021-12-22,133.52000427246094,124.28455352783203
2021-12-23,134.47999572753906,125.17813873291016
2021-12-27,135.9600067138672,126.55579376220703
2021-12-28,135.82000732421875,126.42549896240234
2021-12-29,135.91000366210938,126.50923919677734
2021-12-30,135.63999938964844,126.32946014404297
2021-12-31,135.32000732421875,126.03145599365234
2022-01-03,136.0500030517578,126.71134185791016
2022-01-04,136.0500030517578,126.71134185791016
2022-01-05,133.77000427246094,124.58784484863281
2022-01-06,133.52000427246094,124.35499572753906
2022-01-07,133.19000244140625,124.04767608642578
2022-01-10,132.63999938964844,123.5354232788086
2022-01-11,134.02000427246094,124.82069396972656
2022-01-12,134.61000061035156,125.37019348144531
2022-01-13,132.97999572753906,123.85208129882812
2022-01-14,133.0,123.87069702148438
2022-01-18,130.61000061035156,121.64474487304688
2022-01-19,129.6699981689453,120.76927947998047
2022-01-20,128.4600067138672,119.64232635498047
2022-01-21,126.19000244140625,117.52814483642578
2022-01-24,126.0999984741211,117.44432830810547
2022-01-25,124.8499984741211,116.2801284790039
2022-01-26,124.41999816894531,115.87964630126953
2022-01-27,123.76000213623047,115.26495361328125
2022-01-28,125.94000244140625,117.2953109741211
2022-01-31,128.32000732421875,119.5119400024414
2022-02-01,129.3699951171875,120.4898681640625
2022-02-02,130.4499969482422,121.4957275390625
2022-02-03,127.63999938964844,118.87861633300781
2022-02-04,128.22000122070312,119.41881561279297
2022-02-07,128.05999755859375,119.2697982788086
2022-02-08,128.97999572753906,120.12664031982422
2022-02-09,130.9499969482422,121.96143341064453
2022-02-10,128.91000366210938,120.06145477294922
2022-02-11,126.63999938964844,117.947265625
2022-02-14,126.11000061035156,117.4536361694336
2022-02-15,128.3000030517578,119.49331665039062
2022-02-16,128.52999877929688,119.70751953125
2022-02-17,126.04000091552734,117.38845825195312
2022-02-18,125.0999984741211,116.51296997070312
2022-02-22,123.61000061035156,115.12525177001953
2022-02-23,121.81999969482422,113.45811462402344
2022-02-24,122.41999816894531,114.01692199707031
2022-02-25,125.27999877929688,116.68061065673828
2022-02-28,124.58000183105469,116.02867126464844
2022-03-01,122.55999755859375,114.14732360839844
2022-03-02,124.58000183105469,116.02867126464844
2022-03-03,123.23999786376953,114.7806396484375
2022-03-04,121.58999633789062,113.243896484375
2022-03-07,117.94999694824219,109.85374450683594
2022-03-08,117.55000305175781,109.48121643066406
2022-03-09,121.16999816894531,112.85272979736328
2022-03-10,120.43000030517578,112.16352844238281
2022-03-11,118.9000015258789,110.7385482788086
2022-03-14,118.43000030517578,110.3008041381836
2022-03-15,120.66999816894531,112.38705444335938
2022-03-16,123.83000183105469,115.33013916015625
2022-03-17,125.12999725341797,116.54090118408203
2022-03-18,126.73999786376953,118.04039001464844
2022-03-21,126.61000061035156,117.91931915283203
2022-03-22,128.0800018310547,119.28842163085938
2022-03-23,126.48999786376953,117.80755615234375
2022-03-24,128.0500030517578,119.2604751586914
2022-03-25,128.44000244140625,119.62371063232422
2022-03-28,129.00999450683594,120.15457916259766
2022-03-29,131.00999450683594,122.01729583740234
2022-03-30,130.17999267578125,121.2442626953125
2022-03-31,128.16000366210938,119.36293029785156
2022-04-01,128.80999755859375,119.96831512451172
2022-04-04,129.72999572753906,120.82516479492188
2022-04-05,128.00999450683594,119.22322845458984
2022-04-06,126.61000061035156,117.91931915283203
2022-04-07,127.16000366210938,118.43157196044922
2022-04-08,126.79000091552734,118.08696746826172
2022-04-11,124.88999938964844,116.3173828125
2022-04-12,124.31999969482422,115.78650665283203
2022-04-13,125.88999938964844,117.24874877929688
2022-04-14,124.61000061035156,116.05660247802734
2022-04-18,124.19000244140625,115.66543579101562
2022-04-19,125.73999786376953,117.10903930664062
2022-04-20,125.91999816894531,117.27667236328125
2022-04-21,124.04000091552734,115.5257339477539
2022-04-22,120.9800033569336,112.67577362060547
2022-04-25,121.2699966430664,112.94585418701172
2022-04-26,118.01000213623047,109.90963745117188
2022-04-27,118.44999694824219,110.31942749023438
2022-04-28,121.0,112.69440460205078
2022-04-29,117.41999816894531,109.36014556884766
2022-05-02,117.83999633789062,109.75129699707031
2022-05-03,118.47000122070312,110.33806610107422
2022-05-04,121.52999877929688,113.1880111694336
2022-05-05,117.0999984741211,109.06209564208984
2022-05-06,116.33999633789062,108.35426330566406
2022-05-09,112.56999969482422,104.8430404663086
2022-05-10,112.83000183105469,105.08519744873047
2022-05-11,111.33999633789062,103.69746398925781
2022-05-12,111.30000305175781,103.66022491455078
2022-05-13,114.16000366210938,106.32391357421875
2022-05-16,113.81999969482422,106.00723266601562
2022-05-17,116.12999725341797,108.1586685180664
2022-05-18,112.04000091552734,104.34941864013672
2022-05-19,111.98999786376953,104.30284118652344
2022-05-20,112.31999969482422,104.6102066040039
2022-05-23,114.25,106.40772247314453
2022-05-24,113.43000030517578,105.64402770996094
2022-05-25,114.2699966430664,106.42635345458984
2022-05-26,116.2699966430664,108.28907012939453
2022-05-27,118.66999816894531,110.52433013916016
2022-05-31,117.94000244140625,109.84443664550781
2022-06-01,117.01000213623047,108.97828674316406
2022-06-02,119.37999725341797,111.18560028076172
2022-06-03,117.41000366210938,109.35082244873047
2022-06-06,117.83000183105469,109.74199676513672
2022-06-07,118.80999755859375,110.65473175048828
2022-06-08,117.44999694824219,109.38807678222656
2022-06-09,113.7300033569336,106.83946228027344
2022-06-10,110.5,103.80514526367188
2022-06-13,106.25,99.8126449584961
2022-06-14,105.72000122070312,99.31475830078125
2022-06-15,107.47000122070312,100.95873260498047
2022-06-16,104.25,97.9338150024414
2022-06-17,104.33999633789062,98.01835632324219
2022-06-21,106.51000213623047,100.05689239501953
2022-06-22,106.16000366210938,99.72808837890625
2022-06-23,106.81999969482422,100.34811401367188
2022-06-24,110.05999755859375,103.39179992675781
2022-06-27,109.79000091552734,103.13816833496094
2022-06-28,107.93000030517578,101.39085388183594
2022-06-29,107.73999786376953,101.21235656738281
2022-06-30,106.87999725341797,100.40447235107422
2022-07-01,107.76000213623047,101.23114776611328
2022-07-05,107.30000305175781,100.79902648925781
2022-07-06,107.55999755859375,101.04326629638672
2022-07-07,109.20999908447266,102.59330749511719
2022-07-08,109.25,102.63087463378906
2022-07-11,107.66999816894531,101.14659881591797
2022-07-12,107.12000274658203,100.62992858886719
2022-07-13,106.7699966430664,100.30113220214844
2022-07-14,105.98999786376953,99.56839752197266
2022-07-15,107.79000091552734,101.25933837890625
2022-07-18,107.44999694824219,100.93993377685547
2022-07-19,110.37000274658203,103.68302154541016
2022-07-20,110.66999816894531,103.96484375
2022-07-21,111.86000061035156,105.08274841308594
2022-07-22,110.94000244140625,104.21849822998047
2022-07-25,111.31999969482422,104.57545471191406
2022-07-26,109.83999633789062,103.18513488769531
2022-07-27,112.66999816894531,105.84366607666016
2022-07-28,113.91000366210938,107.00855255126953
2022-07-29,115.56999969482422,108.56797790527344
2022-08-01,115.37999725341797,108.38947296142578
2022-08-02,114.37000274658203,107.44068145751953
2022-08-03,115.81999969482422,108.80281829833984
2022-08-04,116.0,108.97191619873047
2022-08-05,115.63999938964844,108.63372802734375
2022-08-08,115.5999984741211,108.59615325927734
2022-08-09,115.0199966430664,108.05128479003906
2022-08-10,117.56999969482422,110.44680786132812
2022-08-11,117.5999984741211,110.47499084472656
2022-08-12,119.2300033569336,112.00623321533203
2022-08-15,119.36000061035156,112.12834167480469
2022-08-16,119.5999984741211,112.35380554199219
2022-08-17,118.66000366210938,111.47075653076172
2022-08-18,118.66999816894531,111.48015594482422
2022-08-19,117.08000183105469,109.98648834228516
2022-08-22,114.7300033569336,107.77886199951172
2022-08-23,114.7300033569336,107.77886199951172
2022-08-24,115.05000305175781,108.07948303222656
2022-08-25,116.55000305175781,109.48860931396484
2022-08-26,112.91000366210938,106.06912994384766
2022-08-29,112.27999877929688,105.477294921875
2022-08-30,111.13999938964844,104.40637969970703
2022-08-31,110.27999877929688,103.59848022460938
2022-09-01,109.95999908447266,103.29785919189453
2022-09-02,108.9800033569336,102.37725067138672
2022-09-06,108.51000213623047,101.93572235107422
2022-09-07,110.18000030517578,103.50452423095703
2022-09-08,110.75,104.04000854492188
2022-09-09,112.9000015258789,106.05975341796875
2022-09-12,114.20999908447266,107.29036712646484
2022-09-13,109.54000091552734,102.90331268310547
2022-09-14,109.97000122070312,103.30725860595703
2022-09-15,108.8499984741211,102.25511169433594
2022-09-16,108.01000213623047,101.46601104736328
2022-09-19,108.63999938964844,102.05783081054688
2022-09-20,107.30999755859375,100.80841064453125
2022-09-21,105.58999633789062,99.19261932373047
2022-09-22,104.70999908447266,98.36595153808594
2022-09-23,102.38999938964844,96.18650817871094
2022-09-26,101.1500015258789,95.02164459228516
2022-09-27,100.87999725341797,94.76799011230469
2022-09-28,102.94999694824219,96.71257019042969
2022-09-29,101.16999816894531,95.04042053222656
2022-09-30,99.94999694824219,93.89433288574219
2022-10-03,102.4000015258789,96.1958999633789
2022-10-04,105.88999938964844,99.47444915771484
2022-10-05,105.48999786376953,99.09868621826172
2022-10-06,104.19000244140625,97.87745666503906
2022-10-07,101.55000305175781,95.39739227294922
2022-10-10,100.91000366210938,94.79618835449219
2022-10-11,100.05000305175781,93.98828125
2022-10-12,99.73999786376953,93.69705200195312
2022-10-13,102.30999755859375,96.1113510131836
2022-10-14,99.95999908447266,93.90373229980469
2022-10-17,102.52999877929688,96.31802368164062
2022-10-18,103.62999725341797,97.35137939453125
2022-10-19,102.75,96.52469635009766
2022-10-20,102.08000183105469,95.89529418945312
2022-10-21,104.27999877929688,97.96199798583984
2022-10-24,105.06999969482422,98.70411682128906
2022-10-25,107.05999755859375,100.57357025146484
2022-10-26,106.80000305175781,100.32933044433594
2022-10-27,106.25,99.8126449584961
2022-10-28,108.27999877929688,101.71964263916016
2022-10-31,107.41999816894531,100.91175842285156
2022-11-01,107.44000244140625,100.93054962158203
2022-11-02,104.97000122070312,98.61018371582031
2022-11-03,103.94000244140625,97.6426010131836
2022-11-04,106.12000274658203,99.69051361083984
2022-11-07,106.93000030517578,100.4514389038086
2022-11-08,107.69999694824219,101.17477416992188
2022-11-09,105.66000366210938,99.2583999633789
2022-11-10,111.48999786376953,104.73516845703125
2022-11-11,113.0199966430664,106.17247009277344
2022-11-14,111.88999938964844,105.11093139648438
2022-11-15,112.86000061035156,106.02216339111328
2022-11-16,112.12999725341797,105.33638763427734
2022-11-17,111.83999633789062,105.06395721435547
2022-11-18,112.26000213623047,105.4585189819336
2022-11-21,111.58999633789062,104.8291015625
2022-11-22,113.18000030517578,106.3227767944336
2022-11-23,114.05000305175781,107.14005279541016
2022-11-25,114.19999694824219,107.28097534179688
2022-11-28,112.51000213623047,105.693359375
2022-11-29,112.41000366210938,105.59942626953125
2022-11-30,115.44000244140625,108.44584655761719
2022-12-01,115.81999969482422,108.80281829833984
2022-12-02,115.69000244140625,108.68071746826172
2022-12-05,113.62999725341797,106.7455062866211
2022-12-06,112.30999755859375,105.5054702758789
2022-12-07,112.16999816894531,105.37396240234375
2022-12-08,112.9800033569336,106.1348876953125
2022-12-09,112.4000015258789,105.59002685546875
2022-12-12,113.54000091552734,106.66096496582031
2022-12-13,113.86000061035156,107.74828338623047
2022-12-14,113.33000183105469,107.24674224853516
2022-12-15,110.43000030517578,104.50238800048828
2022-12-16,109.2699966430664,103.40465545654297
2022-12-19,108.48999786376953,102.66653442382812
2022-12-20,108.76000213623047,102.92204284667969
2022-12-21,110.26000213623047,104.34152221679688
2022-12-22,108.88999938964844,103.04505920410156
2022-12-23,109.44000244140625,103.5655517578125
2022-12-27,109.18000030517578,103.31950378417969
2022-12-28,107.87000274658203,102.07981872558594
2022-12-29,109.73999786376953,103.84942626953125
2022-12-30,109.25,103.3857421875
2023-01-03,109.0999984741211,103.2437973022461
2023-01-04,110.16999816894531,104.25636291503906
2023-01-05,108.87999725341797,103.03559875488281
2023-01-06,111.44999694824219,105.46764373779297
2023-01-09,111.58000183105469,105.59068298339844
2023-01-10,112.19000244140625,106.16793060302734
2023-01-11,113.41000366210938,107.32244873046875
2023-01-12,114.29000091552734,108.15520477294922
2023-01-13,114.80000305175781,108.6378402709961
2023-01-17,114.79000091552734,108.62836456298828
2023-01-18,113.47000122070312,107.37922668457031
2023-01-19,112.75,106.69786071777344
2023-01-20,114.55999755859375,108.41072082519531
2023-01-23,115.69999694824219,109.4895248413086
2023-01-24,115.58999633789062,109.38542175292969
2023-01-25,115.81999969482422,109.60307312011719
2023-01-26,116.77999877929688,110.51154327392578
2023-01-27,116.94999694824219,110.67240905761719
2023-01-30,115.62999725341797,109.42328643798828
2023-01-31,117.01000213623047,110.72920989990234
2023-02-01,118.23999786376953,111.8931884765625
2023-02-02,119.43000030517578,113.01930236816406
2023-02-03,118.16999816894531,111.82694244384766
2023-02-06,117.30000305175781,111.0036392211914
2023-02-07,118.6500015258789,112.28117370605469
2023-02-08,117.52999877929688,111.2212905883789
2023-02-09,116.81999969482422,110.54939270019531
2023-02-10,116.83000183105469,110.55887603759766
2023-02-13,118.12999725341797,111.7890853881836
2023-02-14,118.27999877929688,111.9310302734375
2023-02-15,118.44999694824219,112.09191131591797
2023-02-16,117.16000366210938,110.87113952636719
2023-02-17,116.87999725341797,110.60617065429688
2023-02-21,114.87999725341797,108.71354675292969
2023-02-22,114.62000274658203,108.46749877929688
2023-02-23,115.16999816894531,108.98796844482422
2023-02-24,113.6500015258789,107.549560546875
2023-02-27,114.36000061035156,108.22145080566406
2023-02-28,113.9800033569336,107.86185455322266
2023-03-01,113.83000183105469,107.71990203857422
2023-03-02,114.4800033569336,108.33501434326172
2023-03-03,116.2699966430664,110.02892303466797
2023-03-06,116.22000122070312,109.98161315917969
2023-03-07,114.37999725341797,108.2403793334961
2023-03-08,114.6500015258789,108.49588775634766
2023-03-09,112.8499984741211,106.79249572753906
2023-03-10,111.25,105.27838134765625
2023-03-13,110.93000030517578,104.9755630493164
2023-03-14,112.62000274658203,106.5748519897461
2023-03-15,111.04000091552734,105.07966613769531
2023-03-16,112.88999938964844,106.83035278320312
2023-03-17,111.55999755859375,105.57173156738281
2023-03-20,112.77999877929688,106.72625732421875
2023-03-21,114.38999938964844,108.24983215332031
2023-03-22,112.91000366210938,106.84928894042969
2023-03-23,113.08999633789062,107.01960754394531
2023-03-24,113.41999816894531,107.33189392089844
2023-03-27,113.95999908447266,107.8429183959961
2023-03-28,113.87000274658203,107.75775146484375
2023-03-29,115.41000366210938,109.215087890625
2023-03-30,116.25,110.01000213623047
2023-03-31,117.66999816894531,111.35376739501953
2023-04-03,118.22000122070312,111.87425231933594
2023-04-04,117.7699966430664,111.44840240478516
2023-04-05,117.26000213623047,110.96577453613281
2023-04-06,117.68000030517578,111.36324310302734
2023-04-10,117.79000091552734,111.46733856201172
2023-04-11,117.94000244140625,111.60929107666016
2023-04-12,117.83999633789062,111.5146484375
2023-04-13,119.41999816894531,113.00984191894531
2023-04-14,119.13999938964844,112.74486541748047
2023-04-17,119.30999755859375,112.90574645996094
2023-04-18,119.62000274658203,113.19911193847656
2023-04-19,119.44000244140625,113.02877044677734
2023-04-20,118.97000122070312,112.58399963378906
2023-04-21,119.22000122070312,112.8205795288086
2023-04-24,119.36000061035156,112.95306396484375
2023-04-25,117.48999786376953,111.18343353271484
2023-04-26,117.11000061035156,110.82384490966797
2023-04-27,119.18000030517578,112.78273010253906
2023-04-28,119.79000091552734,113.35997772216797
2023-05-01,119.66999816894531,113.24641418457031
2023-05-02,118.37000274658203,112.01619720458984
2023-05-03,117.86000061035156,111.53357696533203
2023-05-04,117.29000091552734,110.99417877197266
2023-05-05,119.3499984741211,112.94359588623047
2023-05-08,119.4000015258789,112.99090576171875
2023-05-09,118.91000366210938,112.52721405029297
2023-05-10,119.19999694824219,112.80164337158203
2023-05-11,118.91999816894531,112.53667449951172
2023-05-12,118.75,112.37581634521484
2023-05-15,119.45999908447266,113.04769134521484
2023-05-16,118.43000030517578,112.07298278808594
2023-05-17,119.55999755859375,113.14232635498047
2023-05-18,120.33000183105469,113.8709945678711
2023-05-19,120.38999938964844,113.92777252197266
2023-05-22,120.47000122070312,114.00347900390625
2023-05-23,119.02999877929688,112.64078521728516
2023-05-24,117.91000366210938,111.58089447021484
2023-05-25,118.41000366210938,112.05406951904297
2023-05-26,119.91000366210938,113.47354125976562
2023-05-30,119.5199966430664,113.10447692871094
2023-05-31,118.5999984741211,112.23384857177734
2023-06-01,120.02999877929688,113.58709716796875
2023-06-02,121.83000183105469,115.29048156738281
2023-06-05,121.45999908447266,114.9403305053711
2023-06-06,121.9800033569336,115.43244171142578
2023-06-07,120.16000366210938,114.81137084960938
2023-06-08,120.94999694824219,115.5661849975586
2023-06-09,121.08999633789062,115.69996643066406
2023-06-12,122.02999877929688,116.59812927246094
2023-06-13,122.94999694824219,117.47716522216797
2023-06-14,123.18000030517578,117.69693756103516
2023-06-15,124.69999694824219,119.1492691040039
2023-06-16,124.29000091552734,118.75753021240234
2023-06-20,123.23999786376953,117.75426483154297
2023-06-21,122.91000366210938,117.43896484375
2023-06-22,122.88999938964844,117.41984558105469
2023-06-23,121.79000091552734,116.36880493164062
2023-06-26,121.54000091552734,116.12994384765625
2023-06-27,122.80000305175781,117.33385467529297
2023-06-28,122.81999969482422,117.35295104980469
2023-06-29,123.18000030517578,117.69693756103516
2023-06-30,124.5199966430664,118.97727966308594
2023-07-03,124.80000305175781,119.24482727050781
2023-07-05,124.16000366210938,118.63330841064453
2023-07-06,122.7699966430664,117.30518341064453
2023-07-07,122.87000274658203,117.40074157714844
2023-07-10,123.25,117.7638168334961
2023-07-11,124.18000030517578,118.65242004394531
2023-07-12,125.52999877929688,119.94232940673828
2023-07-13,126.9800033569336,121.32778930664062
2023-07-14,126.63999938964844,121.00291442871094
2023-07-17,126.91999816894531,121.27045440673828
2023-07-18,127.93000030517578,122.23550415039062
2023-07-19,128.10000610351562,122.39793395996094
2023-07-20,127.33000183105469,121.6622085571289
2023-07-21,127.4000015258789,121.72908782958984
2023-07-24,127.58999633789062,121.91062927246094
2023-07-25,127.91999816894531,122.22594451904297
2023-07-26,128.00999450683594,122.31193542480469
2023-07-27,127.22000122070312,121.5571060180664
2023-07-28,128.44000244140625,122.7228012084961
2023-07-31,128.5399932861328,122.81834411621094
2023-08-01,127.91000366210938,122.21639251708984
2023-08-02,125.9000015258789,120.29586029052734
2023-08-03,125.5199966430664,119.93276977539062
2023-08-04,125.22000122070312,119.64613342285156
2023-08-07,126.29000091552734,120.66851043701172
2023-08-08,125.6500015258789,120.0569839477539
2023-08-09,125.01000213623047,119.44547271728516
2023-08-10,125.16999816894531,119.59835052490234
2023-08-11,124.87000274658203,119.31171417236328
2023-08-14,125.16999816894531,119.59835052490234
2023-08-15,123.68000030517578,118.17467498779297
2023-08-16,122.69999694824219,117.2383041381836
2023-08-17,121.8499984741211,116.42613220214844
2023-08-18,121.81999969482422,116.39746856689453
2023-08-21,122.56999969482422,117.11408233642578
2023-08-22,122.20999908447266,116.77010345458984
2023-08-23,123.51000213623047,118.01224517822266
2023-08-24,121.87000274658203,116.44524383544922
2023-08-25,122.69999694824219,117.2383041381836
2023-08-28,123.63999938964844,118.13645935058594
2023-08-29,125.4000015258789,119.81812286376953
2023-08-30,125.88999938964844,120.28630065917969
2023-08-31,125.69999694824219,120.10477447509766
2023-09-01,125.91000366210938,120.305419921875
2023-09-05,125.20999908447266,119.63655853271484
2023-09-06,124.44999694824219,118.910400390625
2023-09-07,124.08999633789062,118.56642150878906
2023-09-08,124.12000274658203,118.5950927734375
2023-09-11,125.08999633789062,119.52191162109375
2023-09-12,124.4800033569336,118.93907928466797
2023-09-13,124.5199966430664,118.97727966308594
2023-09-14,125.72000122070312,120.12387084960938
2023-09-15,124.62000274658203,119.07283782958984
2023-09-18,124.5199966430664,118.97727966308594
2023-09-19,124.33999633789062,118.8052978515625
2023-09-20,123.43000030517578,117.93580627441406
2023-09-21,121.36000061035156,115.95794677734375
2023-09-22,121.16999816894531,115.77641296386719
2023-09-25,121.38999938964844,115.98660278320312
2023-09-26,119.66999816894531,114.34317016601562
2023-09-27,119.58000183105469,114.25717163085938
2023-09-28,120.5199966430664,115.15533447265625
2023-09-29,120.16999816894531,114.8209228515625
2023-10-02,119.51000213623047,114.19029235839844
2023-10-03,117.94000244140625,112.69017791748047
2023-10-04,118.62999725341797,113.3494644165039
2023-10-05,118.87999725341797,113.58834075927734
2023-10-06,120.25,114.89735412597656
2023-10-09,120.79000091552734,115.41332244873047
2023-10-10,121.77999877929688,116.3592529296875
2023-10-11,122.31999969482422,116.87521362304688
2023-10-12,121.37999725341797,115.97705841064453
2023-10-13,120.68000030517578,115.30821990966797
2023-10-16,121.8499984741211,116.42613220214844
2023-10-17,121.83999633789062,116.41658020019531
2023-10-18,120.05999755859375,114.71581268310547
2023-10-19,118.9800033569336,113.68388366699219
2023-10-20,117.6500015258789,112.4130859375
2023-10-23,117.5,112.26976013183594
2023-10-24,118.30000305175781,113.0341567993164
2023-10-25,116.7699966430664,111.57225799560547
2023-10-26,115.58000183105469,110.43522644042969
2023-10-27,115.01000213623047,109.89059448242188
2023-10-30,116.43000030517578,111.24738311767578
2023-10-31,117.11000061035156,111.89712524414062
2023-11-01,118.31999969482422,113.05326080322266
2023-11-02,120.72000122070312,115.346435546875
2023-11-03,121.93000030517578,116.50257873535156
2023-11-06,121.88999938964844,116.46435546875
2023-11-07,121.98999786376953,116.55989837646484
2023-11-08,122.0199966430664,116.58856964111328
2023-11-09,121.30999755859375,115.91016387939453
2023-11-10,122.83999633789062,117.3720703125
2023-11-13,122.87999725341797,117.4102783203125
2023-11-14,125.45999908447266,119.87545013427734
2023-11-15,125.66000366210938,120.06654357910156
2023-11-16,125.66000366210938,120.06654357910156
2023-11-17,126.30000305175781,120.67805480957031
2023-11-20,127.06999969482422,121.41378021240234
2023-11-21,126.80000305175781,121.15580749511719
2023-11-22,127.2300033569336,121.56665802001953
2023-11-24,127.5199966430664,121.84375
2023-11-27,127.30999755859375,121.64309692382812
2023-11-28,127.41000366210938,121.73865509033203
2023-11-29,127.43000030517578,121.75775909423828
2023-11-30,127.77999877929688,122.09217834472656
2023-12-01,128.75999450683594,123.02854919433594
2023-12-04,128.0399932861328,122.34059143066406
2023-12-05,127.83999633789062,122.14949035644531
2023-12-06,127.54000091552734,121.86286926269531
2023-12-07,128.4600067138672,122.74190521240234
2023-12-08,128.9199981689453,123.18142700195312
2023-12-11,129.41000366210938,123.64962005615234
2023-12-12,129.75,123.97449493408203
2023-12-13,131.6699981689453,125.80902099609375
2023-12-14,132.36000061035156,126.46829986572266
2023-12-15,131.9499969482422,126.07655334472656
2023-12-18,132.55999755859375,126.6594009399414
2023-12-19,133.47999572753906,127.53844451904297
2023-12-20,130.6300048828125,125.84200286865234
2023-12-21,132.16000366210938,127.31591033935547
2023-12-22,132.42999267578125,127.57601165771484
2023-12-26,132.97999572753906,128.10586547851562
2023-12-27,133.36000061035156,128.47193908691406
2023-12-28,133.27999877929688,128.3948516845703
2023-12-29,133.02000427246094,128.1444091796875
2024-01-02,131.91000366210938,127.07508850097656
2024-01-03,130.85000610351562,126.0539321899414
2024-01-04,130.6999969482422,125.90943145751953
2024-01-05,130.86000061035156,126.06356811523438
2024-01-08,132.58999633789062,127.73016357421875
2024-01-09,132.05999755859375,127.21956634521484
2024-01-10,132.8300018310547,127.96136474609375
2024-01-11,132.82000732421875,127.9517593383789
2024-01-12,132.92999267578125,128.0576934814453
2024-01-16,132.00999450683594,127.17140197753906
2024-01-17,131.14999389648438,126.34293365478516
2024-01-18,132.25,127.40262603759766
2024-01-19,133.6300048828125,128.7320556640625
2024-01-22,133.94000244140625,129.03067016601562
2024-01-23,134.11000061035156,129.19442749023438
2024-01-24,134.4199981689453,129.49307250976562
2024-01-25,134.9499969482422,130.00364685058594
2024-01-26,135.07000732421875,130.11927795410156
2024-01-29,136.11000061035156,131.1211395263672
2024-01-30,135.99000549316406,131.00555419921875
2024-01-31,134.1999969482422,129.28114318847656
2024-02-01,135.75,130.7743377685547
2024-02-02,136.4499969482422,131.44866943359375
2024-02-05,135.83999633789062,130.86102294921875
2024-02-06,136.3699951171875,131.37161254882812
2024-02-07,137.14999389648438,132.1230010986328
2024-02-08,137.22999572753906,132.20008850097656
2024-02-09,137.89999389648438,132.84552001953125
2024-02-12,138.0,132.94186401367188
2024-02-13,135.92999267578125,130.94773864746094
2024-02-14,137.3800048828125,132.3446044921875
2024-02-15,138.5500030517578,133.47171020507812
2024-02-16,138.0399932861328,132.9803924560547
2024-02-20,137.61000061035156,132.566162109375
2024-02-21,137.6999969482422,132.65284729003906
2024-02-22,140.17999267578125,135.04196166992188
2024-02-23,140.3300018310547,135.1864776611328
2024-02-26,139.7899932861328,134.66624450683594
2024-02-27,140.14999389648438,135.0130615234375
2024-02-28,139.7100067138672,134.58920288085938
2024-02-29,140.27999877929688,135.13829040527344
2024-03-01,141.5399932861328,136.35211181640625
2024-03-04,141.3699951171875,136.18833923339844
2024-03-05,140.27000427246094,135.128662109375
2024-03-06,141.32000732421875,136.14016723632812
2024-03-07,142.83999633789062,137.60446166992188
2024-03-08,142.0800018310547,136.87232971191406
2024-03-11,141.6699981689453,136.4773406982422
2024-03-12,143.16000366210938,137.9127197265625
2024-03-13,143.02999877929688,137.78750610351562
2024-03-14,142.39999389648438,137.1805877685547
2024-03-15,141.74000549316406,136.54476928710938
2024-03-18,142.1699981689453,136.95901489257812
2024-03-19,142.8699951171875,137.63336181640625
2024-03-20,144.2100067138672,138.92425537109375
2024-03-21,144.6699981689453,139.3673858642578
2024-03-22,144.39999389648438,139.10728454589844
2024-03-25,144.0,138.72193908691406
2024-03-26,143.80999755859375,138.53890991210938
2024-03-27,144.91000366210938,139.5985870361328
2024-03-28,144.91000366210938,139.5985870361328
2024-04-01,144.5,139.20364379882812
2024-04-02,143.5,138.2402801513672
2024-04-03,143.92999267578125,138.65451049804688
2024-04-04,142.3000030517578,137.08425903320312
2024-04-05,143.55999755859375,138.29806518554688
2024-04-08,143.72000122070312,138.4521942138672
2024-04-09,143.8300018310547,138.5581817626953
2024-04-10,142.24000549316406,137.02645874023438
2024-04-11,143.22000122070312,137.97055053710938
2024-04-12,140.99000549316406,135.82228088378906
2024-04-15,139.5500030517578,134.43505859375
2024-04-16,138.97999572753906,133.8859405517578
2024-04-17,138.52000427246094,133.4428253173828
2024-04-18,138.11000061035156,133.04783630371094
2024-04-19,137.30999755859375,132.27716064453125
2024-04-22,138.50999450683594,133.43316650390625
2024-04-23,140.05999755859375,134.92636108398438
2024-04-24,139.9499969482422,134.82040405273438
2024-04-25,139.4499969482422,134.3386993408203
2024-04-26,140.8000030517578,135.6392364501953
2024-04-29,141.22999572753906,136.05345153808594
2024-04-30,139.1699981689453,134.0689697265625
2024-05-01,138.60000610351562,133.5198974609375
2024-05-02,140.0800018310547,134.9456329345703
2024-05-03,141.77999877929688,136.58331298828125
2024-05-06,143.1699981689453,137.92237854003906
2024-05-07,143.32000732421875,138.0668487548828
2024-05-08,143.30999755859375,138.0572509765625
2024-05-09,144.13999938964844,138.8568115234375
2024-05-10,144.3800048828125,139.08802795410156
2024-05-13,144.2899932861328,139.00131225585938
2024-05-14,145.13999938964844,139.82015991210938
2024-05-15,146.8000030517578,141.4193115234375
2024-05-16,146.44000244140625,141.07252502441406
2024-05-17,146.72999572753906,141.3518829345703
2024-05-20,146.77999877929688,141.40003967285156
2024-05-21,147.02000427246094,141.6312713623047
2024-05-22,146.30999755859375,140.94728088378906
2024-05-23,145.3000030517578,139.9742889404297
2024-05-24,146.30999755859375,140.94728088378906
2024-05-28,146.33999633789062,140.97618103027344
2024-05-29,144.82000732421875,139.5118865966797
2024-05-30,144.6300048828125,139.32884216308594
2024-05-31,145.7100067138672,140.36929321289062
2024-06-03,146.05999755859375,140.70645141601562
2024-06-04,146.02999877929688,140.67755126953125
2024-06-05,147.55999755859375,142.15147399902344
2024-06-06,147.64999389648438,142.2381591796875
2024-06-07,147.02999877929688,141.64088439941406
2024-06-10,147.36000061035156,141.95880126953125
2024-06-11,145.97000122070312,141.76358032226562
2024-06-12,147.3300018310547,143.0843963623047
2024-06-13,147.00999450683594,142.7736053466797
2024-06-14,146.5800018310547,142.3560028076172
2024-06-17,147.47000122070312,143.22036743164062
2024-06-18,147.9600067138672,143.69622802734375
2024-06-20,147.72000122070312,143.46315002441406
2024-06-21,147.22999572753906,142.98727416992188
2024-06-24,147.27000427246094,143.02613830566406
2024-06-25,147.77999877929688,143.52142333984375
2024-06-26,147.6999969482422,143.4437255859375
2024-06-27,147.74000549316406,143.4825897216797
2024-06-28,147.49000549316406,143.23977661132812
2024-07-01,147.80999755859375,143.55056762695312
2024-07-02,148.5800018310547,144.29835510253906
2024-07-03,149.58999633789062,145.27926635742188
2024-07-05,150.5,146.16305541992188
2024-07-08,150.33999633789062,146.00765991210938
2024-07-09,150.42999267578125,146.0950469970703
2024-07-10,152.02000427246094,147.63925170898438
2024-07-11,151.27000427246094,146.91085815429688
2024-07-12,152.39999389648438,148.00828552246094
2024-07-15,152.41000366210938,148.01800537109375
2024-07-16,153.3000030517578,148.88235473632812
2024-07-17,151.60000610351562,147.23135375976562
2024-07-18,150.24000549316406,145.91053771972656
2024-07-19,149.17999267578125,144.88107299804688
2024-07-22,150.77000427246094,146.42526245117188
2024-07-23,150.2899932861328,145.95909118652344
2024-07-24,147.22999572753906,142.98727416992188
2024-07-25,146.5,142.27830505371094
2024-07-26,148.1300048828125,143.86134338378906
2024-07-29,148.0800018310547,143.8127899169922
2024-07-30,147.66000366210938,143.40489196777344
2024-07-31,149.97000122070312,145.6483154296875
2024-08-01,147.30999755859375,143.06495666503906
2024-08-02,144.6199951171875,140.4524688720703
2024-08-05,140.67999267578125,136.6260223388672
2024-08-06,141.75999450683594,137.67489624023438
2024-08-07,141.17999267578125,137.11160278320312
2024-08-08,144.17999267578125,140.02516174316406
2024-08-09,145.02999877929688,140.85067749023438
2024-08-12,144.89999389648438,140.7244110107422
2024-08-13,147.4199981689453,143.17178344726562
2024-08-14,147.8699951171875,143.60882568359375
2024-08-15,150.08999633789062,145.7648468017578
2024-08-16,150.7100067138672,146.3669891357422
2024-08-19,152.22000122070312,147.83348083496094
2024-08-20,152.0,147.6198272705078
2024-08-21,152.8699951171875,148.46475219726562
2024-08-22,151.49000549316406,147.12452697753906
2024-08-23,153.8000030517578,149.36795043945312
2024-08-26,153.36000061035156,148.9406280517578
2024-08-27,153.58999633789062,149.1639862060547
2024-08-28,152.86000061035156,148.45504760742188
2024-08-29,152.9600067138672,148.55215454101562
2024-08-30,154.17999267578125,149.73696899414062
2024-09-03,151.00999450683594,146.65835571289062
2024-09-04,150.72000122070312,146.376708984375
2024-09-05,150.19000244140625,145.8619842529297
2024-09-06,147.75,143.4923095703125
2024-09-09,149.3300018310547,145.02676391601562
2024-09-10,149.74000549316406,145.42494201660156
2024-09-11,151.2100067138672,146.8525848388672
2024-09-12,152.36000061035156,147.96945190429688
2024-09-13,153.13999938964844,148.72695922851562
2024-09-16,153.6699981689453,149.24169921875
2024-09-17,153.4199981689453,148.9989013671875
2024-09-18,153.00999450683594,148.6007080078125
2024-09-19,155.66000366210938,151.17434692382812
2024-09-20,155.11000061035156,150.64019775390625
2024-09-23,155.5800018310547,151.09666442871094
2024-09-24,156.07000732421875,151.57254028320312
2024-09-25,155.67999267578125,151.19375610351562
2024-09-26,157.10000610351562,152.57284545898438
2024-09-27,156.6199951171875,152.106689453125
2024-09-30,156.91000366210938,152.38832092285156
2024-10-01,155.61000061035156,151.12579345703125
2024-10-02,155.6300048828125,151.14520263671875
2024-10-03,155.0399932861328,150.5721893310547
2024-10-04,156.33999633789062,151.83474731445312
2024-10-07,155.0,150.5333709716797
2024-10-08,156.07000732421875,151.57254028320312
2024-10-09,156.89999389648438,152.37860107421875
2024-10-10,156.63999938964844,152.12611389160156
2024-10-11,157.5399932861328,153.0001678466797
2024-10-14,158.5399932861328,153.97134399414062
2024-10-15,156.97000122070312,152.44659423828125
2024-10-16,157.61000061035156,153.06814575195312
2024-10-17,157.6999969482422,153.15554809570312
2024-10-18,158.39999389648438,153.8353729248047
2024-10-21,157.7100067138672,153.165283203125
2024-10-22,157.4600067138672,152.92250061035156
2024-10-23,155.88999938964844,151.397705078125
2024-10-24,156.39999389648438,151.8930206298828
2024-10-25,156.14999389648438,151.65023803710938
2024-10-28,156.83999633789062,152.32032775878906
2024-10-29,156.83999633789062,152.32032775878906
2024-10-30,156.27000427246094,151.76678466796875
2024-10-31,153.72999572753906,149.29995727539062
2024-11-01,154.35000610351562,149.902099609375
2024-11-04,154.13999938964844,149.69815063476562
2024-11-05,155.9600067138672,151.46571350097656
2024-11-06,158.36000061035156,153.79653930664062
2024-11-07,159.91000366210938,155.3018798828125
2024-11-08,159.8800048828125,155.2727508544922
2024-11-11,160.25,155.632080078125
2024-11-12,159.17999267578125,154.59291076660156
2024-11-13,158.97000122070312,154.38894653320312
2024-11-14,158.30999755859375,153.7479705810547
2024-11-15,156.66000366210938,152.14553833007812
2024-11-18,157.38999938964844,152.8544921875
2024-11-19,157.85000610351562,153.30125427246094
2024-11-20,157.75999450683594,153.2138214111328
2024-11-21,158.57000732421875,154.00048828125
2024-11-22,159.25999450683594,154.6706085205078
2024-11-25,159.75999450683594,155.1561737060547
2024-11-26,160.0500030517578,155.43785095214844
2024-11-27,159.85000610351562,155.24362182617188
2024-11-29,161.13999938964844,156.49642944335938
2024-12-02,161.5500030517578,156.89463806152344
2024-12-03,161.72000122070312,157.05972290039062
2024-12-04,162.66000366210938,157.97264099121094
2024-12-05,162.6699981689453,157.98233032226562
2024-12-06,162.9499969482422,158.2542724609375
2024-12-09,162.02000427246094,157.35107421875
2024-12-10,161.3300018310547,156.6809539794922
2024-12-11,162.58999633789062,157.90464782714844
2024-12-12,161.5399932861328,156.88490295410156
2024-12-13,161.35000610351562,156.70037841796875
2024-12-16,161.6999969482422,157.040283203125
2024-12-17,160.0,156.45651245117188
2024-12-18,155.3800048828125,151.9388427734375
2024-12-19,155.16000366210938,151.72372436523438
2024-12-20,156.36000061035156,152.89710998535156
2024-12-23,157.39999389648438,153.91409301757812
2024-12-24,158.77000427246094,155.25375366210938
2024-12-26,159.05999755859375,155.53732299804688
2024-12-27,157.60000610351562,154.10968017578125
2024-12-30,156.1199951171875,152.66244506835938
2024-12-31,155.5,152.05616760253906
2025-01-02,155.1999969482422,151.7628173828125
2025-01-03,156.97999572753906,153.50340270996094
2025-01-06,157.75999450683594,154.26611328125
2025-01-07,156.41000366210938,152.94602966308594
2025-01-08,156.42999267578125,152.965576171875
2025-01-10,154.25,150.83384704589844
2025-01-13,154.22999572753906,150.81430053710938
2025-01-14,154.42999267578125,151.00987243652344
2025-01-15,157.11000061035156,153.63050842285156
2025-01-16,157.13999938964844,153.65985107421875
2025-01-17,158.39999389648438,154.89195251464844
2025-01-21,160.27000427246094,156.7205352783203
2025-01-22,160.88999938964844,157.32679748535156
2025-01-23,161.8699951171875,158.28509521484375
2025-01-24,161.74000549316406,158.15798950195312
2025-01-27,159.97999572753906,156.4369354248047
2025-01-28,160.92999267578125,157.3659210205078
2025-01-29,160.41000366210938,156.857421875
2025-01-30,161.5500030517578,157.97218322753906
2025-01-31,160.66000366210938,157.10189819335938
2025-02-03,159.3699951171875,155.84046936035156
2025-02-04,160.63999938964844,157.08233642578125
2025-02-05,161.5500030517578,157.97218322753906
2025-02-06,162.05999755859375,158.4709014892578
2025-02-07,160.60000610351562,157.04324340820312
2025-02-10,161.67999267578125,158.09930419921875
2025-02-11,161.97000122070312,158.38287353515625
2025-02-12,161.8300018310547,158.24598693847656
2025-02-13,163.5500030517578,159.92788696289062
2025-02-14,163.55999755859375,159.9376678466797
2025-02-18,164.08999633789062,160.4559326171875
2025-02-19,164.02999877929688,160.39724731445312
2025-02-20,163.7100067138672,160.08436584472656
2025-02-21,161.27999877929688,157.7081756591797
2025-02-24,160.6300048828125,157.0725555419922
2025-02-25,160.41000366210938,156.857421875
2025-02-26,160.50999450683594,156.95521545410156
2025-02-27,158.05999755859375,154.55947875976562
2025-02-28,160.0,156.45651245117188
2025-03-03,158.2899932861328,154.7843780517578
2025-03-04,156.9600067138672,153.4838409423828
2025-03-05,159.24000549316406,155.71336364746094
2025-03-06,156.49000549316406,153.02426147460938
2025-03-07,157.63999938964844,154.14878845214844
2025-03-10,153.33999633789062,149.94400024414062
2025-03-11,152.42999267578125,149.0541534423828
2025-03-12,153.1999969482422,149.80711364746094
2025-03-13,151.24000549316406,147.89051818847656
2025-03-14,154.4600067138672,151.0392303466797
2025-03-17,155.8699951171875,152.41796875
2025-03-18,154.52999877929688,151.10765075683594
2025-03-19,155.92999267578125,152.4766387939453
2025-03-20,155.3300018310547,151.8899383544922
2025-03-21,155.22999572753906,151.79214477539062
2025-03-24,157.4199981689453,153.93365478515625
2025-03-25,157.77999877929688,154.28567504882812
2025-03-26,155.97999572753906,152.52554321289062
2025-03-27,155.5800018310547,152.13441467285156
2025-03-28,152.8800048828125,149.49420166015625
2025-03-31,153.17999267578125,149.7875518798828
2025-04-01,153.60000610351562,150.19827270507812
2025-04-02,154.6300048828125,151.2054443359375
2025-04-03,148.27999877929688,144.99607849121094
2025-04-04,139.25,136.16604614257812
2025-04-07,138.00999450683594,134.95350646972656
2025-04-08,136.3000030517578,133.28140258789062
2025-04-09,148.47999572753906,145.19163513183594
2025-04-10,144.10000610351562,140.90866088867188
2025-04-11,146.9199981689453,143.6661834716797
2025-04-14,148.27000427246094,144.9862823486328
2025-04-15,148.4499969482422,145.1623077392578
2025-04-16,146.0399932861328,142.80567932128906
2025-04-17,146.6699981689453,143.42173767089844
2025-04-21,143.97999572753906,140.7913055419922
2025-04-22,147.3800048828125,144.1160125732422
2025-04-23,149.22000122070312,145.91526794433594
2025-04-24,152.10000610351562,148.73147583007812
2025-04-25,153.0500030517578,149.66043090820312
2025-04-28,153.4499969482422,150.0515594482422
2025-04-29,154.17999267578125,150.76539611816406
2025-04-30,154.27999877929688,150.86318969726562
2025-05-01,154.77999877929688,151.3521270751953
2025-05-02,157.2100067138672,153.7283172607422
2025-05-05,156.6300048828125,153.16114807128906
2025-05-06,155.7100067138672,152.2615203857422
2025-05-07,156.02999877929688,152.57443237304688
2025-05-08,156.6199951171875,153.1513671875
2025-05-09,156.77999877929688,153.30784606933594
2025-05-12,160.6300048828125,157.0725555419922
2025-05-13,161.6199951171875,158.04061889648438
2025-05-14,161.6199951171875,158.04061889648438
2025-05-15,162.50999450683594,158.91091918945312
2025-05-16,163.50999450683594,159.88877868652344
2025-05-19,163.92999267578125,160.29946899414062
2025-05-20,163.75999450683594,160.13323974609375
2025-05-21,161.61000061035156,158.03085327148438
2025-05-22,161.49000549316406,157.91351318359375
2025-05-23,160.9600067138672,157.395263671875
2025-05-27,163.8300018310547,160.20169067382812
2025-05-28,162.77000427246094,159.16517639160156
2025-05-29,163.35000610351562,159.73233032226562
2025-05-30,163.30999755859375,159.69322204589844
2025-06-02,164.4499969482422,160.8079376220703
2025-06-03,164.9199981689453,161.26756286621094
2025-06-04,165.1199951171875,161.46311950683594
2025-06-05,164.44000244140625,160.79818725585938
2025-06-06,165.85000610351562,162.1769561767578
2025-06-09,165.92999267578125,162.2551727294922
2025-06-10,166.5500030517578,162.86146545410156
2025-06-11,166.1699981689453,162.48988342285156
2025-06-12,166.97000122070312,163.27215576171875
2025-06-13,165.0,161.3457794189453
2025-06-16,165.16000366210938,162.7460174560547
2025-06-17,163.63999938964844,161.24822998046875
2025-06-18,163.67999267578125,161.2876434326172
2025-06-20,163.02000427246094,160.63729858398438
2025-06-23,164.49000549316406,162.0858154296875
2025-06-24,166.41000366210938,163.97775268554688
2025-06-25,166.1199951171875,163.6919708251953
2025-06-26,167.6999969482422,165.2489013671875
2025-06-27,168.58999633789062,166.12586975097656
2025-06-30,169.3800048828125,166.9043426513672
2025-07-01,169.14999389648438,166.6776885986328
2025-07-02,169.8699951171875,167.38717651367188
2025-07-03,170.8699951171875,168.37254333496094
2025-07-07,169.47000122070312,166.99302673339844
2025-07-08,169.55999755859375,167.0817108154297
2025-07-09,170.6999969482422,168.2050323486328
2025-07-10,171.02999877929688,168.5302276611328
2025-07-11,170.11000061035156,167.6236572265625
2025-07-14,170.4600067138672,167.9685516357422
2025-07-15,169.47000122070312,166.99302673339844
2025-07-16,170.0,167.51527404785156
2025-07-17,170.9499969482422,168.45138549804688
2025-07-18,170.80999755859375,168.3134307861328
2025-07-21,171.22000122070312,168.71743774414062
2025-07-22,171.52000427246094,169.01304626464844
2025-07-23,173.49000549316406,170.9542694091797
2025-07-24,173.35000610351562,170.81631469726562
2025-07-25,173.75,171.21046447753906
2025-07-28,173.0,170.47142028808594
2025-07-29,172.6300048828125,170.10682678222656
2025-07-30,172.13999938964844,169.62400817871094
2025-07-31,171.10000610351562,168.5991973876953
2025-08-01,168.9600067138672,166.490478515625
2025-08-04,171.4199981689453,168.91452026367188
2025-08-05,170.83999633789062,168.34300231933594
2025-08-06,172.19000244140625,169.6732635498047
2025-08-07,172.35000610351562,169.8309326171875
2025-08-08,173.6300048828125,171.09222412109375
2025-08-11,173.10000610351562,170.56997680664062
2025-08-12,175.1199951171875,172.5604248046875
2025-08-13,175.77000427246094,173.20094299316406
2025-08-14,175.60000610351562,173.03343200683594
2025-08-15,175.72000122070312,173.15167236328125
2025-08-18,175.52000427246094,172.95458984375
2025-08-19,174.7899932861328,172.23526000976562
2025-08-20,174.6699981689453,172.1170196533203
2025-08-21,173.9600067138672,171.4174041748047
2025-08-22,176.55999755859375,173.97938537597656
2025-08-25,175.49000549316406,172.92503356933594
2025-08-26,175.94000244140625,173.3684539794922
2025-08-27,176.2100067138672,173.634521484375
2025-08-28,176.9199981689453,174.33413696289062
2025-08-29,175.8800048828125,173.309326171875
2025-09-02,174.5500030517578,171.99876403808594
2025-09-03,175.1999969482422,172.63926696777344
2025-09-04,176.66000366210938,174.07794189453125
2025-09-05,176.42999267578125,173.85128784179688
2025-09-08,177.25999450683594,174.66915893554688
2025-09-09,177.55999755859375,174.9647674560547
2025-09-10,177.86000061035156,175.26039123535156
2025-09-11,179.47000122070312,176.8468475341797
2025-09-12,179.25,176.63006591796875
2025-09-15,180.17999267578125,177.5464630126953
2025-09-16,180.00999450683594,177.3789520263672
2025-09-17,179.55999755859375,176.93553161621094
2025-09-18,180.5,177.86180114746094
2025-09-19,181.0399932861328,178.39390563964844
2025-09-22,181.7100067138672,179.0541229248047
2025-09-23,180.97000122070312,178.32493591308594
2025-09-24,180.16000366210938,177.5267791748047
2025-09-25,179.33999633789062,176.71875
2025-09-26,180.3000030517578,177.66473388671875
2025-09-29,180.92999267578125,178.2855224609375
2025-09-30,181.55999755859375,178.90631103515625
2025-10-01,182.36000061035156,179.69461059570312
2025-10-02,182.63999938964844,179.97052001953125
2025-10-03,183.00999450683594,180.33511352539062
2025-10-06,183.61000061035156,180.9263458251953
2025-10-07,182.6199951171875,179.9508056640625
2025-10-08,183.52000427246094,180.83766174316406
2025-10-09,182.6699981689453,180.0000762939453
2025-10-10,178.1999969482422,175.5954132080078
2025-10-13,180.64999389648438,178.00961303710938
2025-10-14,180.77000427246094,178.1278533935547
2025-10-15,181.50999450683594,178.85702514648438
2025-10-16,180.8800048828125,178.23626708984375
2025-10-17,181.63999938964844,178.9851531982422
2025-10-20,183.24000549316406,180.56175231933594
2025-10-21,182.86000061035156,180.18731689453125
2025-10-22,181.99000549316406,179.3300323486328
2025-10-23,183.16000366210938,180.48292541503906
2025-10-24,184.2899932861328,181.59640502929688
2025-10-27,186.25999450683594,183.53759765625
2025-10-28,186.63999938964844,183.9120635986328
2025-10-29,186.2100067138672,183.4883575439453
2025-10-30,184.64999389648438,181.95114135742188
2025-10-31,185.02999877929688,182.32559204101562
2025-11-03,185.36000061035156,182.65077209472656
2025-11-04,183.0800018310547,180.4040985107422
2025-11-05,183.91000366210938,181.22195434570312
2025-11-06,182.1699981689453,179.5074005126953
2025-11-07,182.55999755859375,179.89169311523438
2025-11-10,185.1699981689453,182.4635467529297
2025-11-11,185.75999450683594,183.044921875
2025-11-12,186.24000549316406,183.51791381835938
2025-11-13,183.22999572753906,180.55191040039062
2025-11-14,183.19000244140625,180.5124969482422
2025-11-17,181.27999877929688,178.63040161132812
2025-11-18,179.77000427246094,177.14248657226562
2025-11-19,180.05999755859375,177.42823791503906
2025-11-20,177.3000030517578,174.7085723876953
2025-11-21,179.17999267578125,176.56109619140625
2025-11-24,181.16000366210938,178.5121612548828
2025-11-25,183.22000122070312,180.54205322265625
2025-11-26,184.72999572753906,182.0299835205078
2025-11-28,185.66000366210938,182.94639587402344
2025-12-01,184.8300018310547,182.12852478027344
2025-12-02,185.27999877929688,182.5719451904297
2025-12-03,186.05999755859375,183.3405303955078
2025-12-04,186.25,183.52777099609375
2025-12-05,186.5800018310547,183.85293579101562
2025-12-08,185.91000366210938,183.19273376464844
2025-12-09,185.8800048828125,183.16317749023438
2025-12-10,187.1300048828125,184.39491271972656
2025-12-11,187.85000610351562,185.10438537597656
2025-12-12,186.08999633789062,183.37008666992188
2025-12-15,186.25999450683594,183.53759765625
2025-12-16,184.19000244140625,182.96644592285156
2025-12-17,182.2899932861328,181.0790557861328
2025-12-18,183.6699981689453,182.44989013671875
2025-12-19,185.17999267578125,183.94985961914062
2025-12-22,186.2899932861328,185.05247497558594
2025-12-23,187.2100067138672,185.9663848876953
2025-12-24,187.72000122070312,186.47299194335938
2025-12-26,187.80999755859375,186.56239318847656
2025-12-29,187.10000610351562,185.85711669921875
2025-12-30,187.00999450683594,185.7677001953125
2025-12-31,185.77000427246094,184.53594970703125
2026-01-02,186.50999450683594,185.27102661132812
