date,close,adj_close
2014-12-01,8.895000457763672,8.895000457763672
2014-12-02,8.895000457763672,8.895000457763672
2014-12-03,8.925000190734863,8.925000190734863
2014-12-04,8.845000267028809,8.845000267028809
2014-12-05,8.78499984741211,8.78499984741211
2014-12-08,8.835000038146973,8.835000038146973
2014-12-09,8.904999732971191,8.904999732971191
2014-12-10,8.9350004196167,8.9350004196167
2014-12-11,8.895000457763672,8.895000457763672
2014-12-12,8.925000190734863,8.925000190734863
2014-12-15,8.96500015258789,8.96500015258789
2014-12-16,8.994999885559082,8.994999885559082
2014-12-17,9.0649995803833,9.0649995803833
2014-12-18,9.0649995803833,9.0649995803833
2014-12-19,9.03499984741211,9.03499984741211
2014-12-22,9.015000343322754,9.015000343322754
2014-12-23,9.015000343322754,9.015000343322754
2014-12-29,9.03499984741211,9.03499984741211
2014-12-30,9.135000228881836,9.135000228881836
2015-01-02,9.194999694824219,9.194999694824219
2015-01-05,9.3149995803833,9.3149995803833
2015-01-06,9.4350004196167,9.4350004196167
2015-01-07,9.454999923706055,9.454999923706055
2015-01-08,9.460000038146973,9.460000038146973
2015-01-09,9.524999618530273,9.524999618530273
2015-01-12,9.53499984741211,9.53499984741211
2015-01-13,9.595000267028809,9.595000267028809
2015-01-14,9.71500015258789,9.71500015258789
2015-01-15,9.875,9.875
2015-01-16,9.885000228881836,9.885000228881836
2015-01-19,9.8149995803833,9.8149995803833
2015-01-20,9.774999618530273,9.774999618530273
2015-01-21,9.78499984741211,9.78499984741211
2015-01-22,9.854999542236328,9.854999542236328
2015-01-23,9.975000381469727,9.975000381469727
2015-01-26,9.9350004196167,9.9350004196167
2015-01-27,9.925000190734863,9.925000190734863
2015-01-28,9.9350004196167,9.9350004196167
2015-01-29,9.914999961853027,9.914999961853027
2015-01-30,10.029999732971191,10.029999732971191
2015-02-02,9.984999656677246,9.984999656677246
2015-02-03,9.835000038146973,9.835000038146973
2015-02-04,9.824999809265137,9.824999809265137
2015-02-05,9.835000038146973,9.835000038146973
2015-02-06,9.805000305175781,9.805000305175781
2015-02-09,9.8149995803833,9.8149995803833
2015-02-10,9.744999885559082,9.744999885559082
2015-02-11,9.664999961853027,9.664999961853027
2015-02-12,9.71500015258789,9.71500015258789
2015-02-13,9.694999694824219,9.694999694824219
2015-02-16,9.6850004196167,9.6850004196167
2015-02-17,9.675000190734863,9.675000190734863
2015-02-18,9.6850004196167,9.6850004196167
2015-02-19,9.704999923706055,9.704999923706055
2015-02-20,9.734999656677246,9.734999656677246
2015-02-23,9.744999885559082,9.744999885559082
2015-02-24,9.755000114440918,9.755000114440918
2015-02-25,9.78499984741211,9.78499984741211
2015-02-26,9.859999656677246,9.859999656677246
2015-02-27,9.8149995803833,9.8149995803833
2015-03-02,9.8149995803833,9.8149995803833
2015-03-03,9.824999809265137,9.824999809265137
2015-03-04,9.914999961853027,9.914999961853027
2015-03-05,9.9350004196167,9.9350004196167
2015-03-06,10.020000457763672,10.020000457763672
2015-03-09,9.994999885559082,9.994999885559082
2015-03-10,10.130000114440918,10.130000114440918
2015-03-11,10.229999542236328,10.229999542236328
2015-03-12,10.239999771118164,10.239999771118164
2015-03-13,10.3100004196167,10.3100004196167
2015-03-16,10.229999542236328,10.229999542236328
2015-03-17,10.239999771118164,10.239999771118164
2015-03-18,10.289999961853027,10.289999961853027
2015-03-19,10.350000381469727,10.350000381469727
2015-03-20,10.199999809265137,10.199999809265137
2015-03-23,10.140000343322754,10.140000343322754
2015-03-24,10.149999618530273,10.149999618530273
2015-03-25,10.140000343322754,10.140000343322754
2015-03-26,10.25,10.25
2015-03-27,10.210000038146973,10.210000038146973
2015-03-30,10.180000305175781,10.180000305175781
2015-03-31,10.260000228881836,10.260000228881836
2015-04-01,10.289999961853027,10.289999961853027
2015-04-02,10.199999809265137,10.199999809265137
2015-04-07,10.149999618530273,10.149999618530273
2015-04-08,10.199999809265137,10.199999809265137
2015-04-09,10.289999961853027,10.289999961853027
2015-04-10,10.369999885559082,10.369999885559082
2015-04-13,10.390000343322754,10.390000343322754
2015-04-14,10.420000076293945,10.420000076293945
2015-04-15,10.479999542236328,10.479999542236328
2015-04-16,10.380000114440918,10.380000114440918
2015-04-17,10.359999656677246,10.359999656677246
2015-04-20,10.369999885559082,10.369999885559082
2015-04-21,10.350000381469727,10.350000381469727
2015-04-22,10.34000015258789,10.34000015258789
2015-04-23,10.279999732971191,10.279999732971191
2015-04-24,10.220000267028809,10.220000267028809
2015-04-27,10.220000267028809,10.220000267028809
2015-04-28,10.109999656677246,10.109999656677246
2015-04-29,10.109999656677246,10.109999656677246
2015-04-30,9.805000305175781,9.805000305175781
2015-05-04,9.795000076293945,9.795000076293945
2015-05-05,9.795000076293945,9.795000076293945
2015-05-06,9.71500015258789,9.71500015258789
2015-05-07,9.694999694824219,9.694999694824219
2015-05-08,9.744999885559082,9.744999885559082
2015-05-11,9.805000305175781,9.805000305175781
2015-05-12,9.704999923706055,9.704999923706055
2015-05-13,9.654999732971191,9.654999732971191
2015-05-14,9.654999732971191,9.654999732971191
2015-05-15,9.654999732971191,9.654999732971191
2015-05-18,9.654999732971191,9.654999732971191
2015-05-19,9.654999732971191,9.654999732971191
2015-05-20,9.755000114440918,9.755000114440918
2015-05-21,9.734999656677246,9.734999656677246
2015-05-22,9.774999618530273,9.774999618530273
2015-05-26,9.774999618530273,9.774999618530273
2015-05-27,9.744999885559082,9.744999885559082
2015-05-28,9.675000190734863,9.675000190734863
2015-05-29,9.635000228881836,9.635000228881836
2015-06-01,9.645000457763672,9.645000457763672
2015-06-02,9.645000457763672,9.645000457763672
2015-06-03,9.335000038146973,9.335000038146973
2015-06-04,9.28499984741211,9.28499984741211
2015-06-05,9.354999542236328,9.354999542236328
2015-06-08,9.295000076293945,9.295000076293945
2015-06-09,9.3149995803833,9.3149995803833
2015-06-10,9.375,9.375
2015-06-11,9.385000228881836,9.385000228881836
2015-06-12,9.404999732971191,9.404999732971191
2015-06-15,9.414999961853027,9.414999961853027
2015-06-16,9.414999961853027,9.414999961853027
2015-06-17,9.364999771118164,9.364999771118164
2015-06-18,9.345000267028809,9.345000267028809
2015-06-19,9.4350004196167,9.4350004196167
2015-06-22,9.345000267028809,9.345000267028809
2015-06-23,9.46500015258789,9.46500015258789
2015-06-24,9.4350004196167,9.4350004196167
2015-06-25,9.454999923706055,9.454999923706055
2015-06-26,9.46500015258789,9.46500015258789
2015-06-29,9.5649995803833,9.5649995803833
2015-06-30,9.625,9.625
2015-07-01,9.585000038146973,9.585000038146973
2015-07-02,9.574999809265137,9.574999809265137
2015-07-03,9.614999771118164,9.614999771118164
2015-07-06,9.664999961853027,9.664999961853027
2015-07-07,9.805000305175781,9.805000305175781
2015-07-08,9.805000305175781,9.805000305175781
2015-07-09,9.78499984741211,9.78499984741211
2015-07-10,9.574999809265137,9.574999809265137
2015-07-13,9.614999771118164,9.614999771118164
2015-07-14,9.625,9.625
2015-07-15,9.635000228881836,9.635000228881836
2015-07-16,9.6850004196167,9.6850004196167
2015-07-17,9.734999656677246,9.734999656677246
2015-07-20,9.725000381469727,9.725000381469727
2015-07-21,9.6850004196167,9.6850004196167
2015-07-22,9.704999923706055,9.704999923706055
2015-07-23,9.654999732971191,9.654999732971191
2015-07-24,9.6850004196167,9.6850004196167
2015-07-27,9.595000267028809,9.595000267028809
2015-07-28,9.625,9.625
2015-07-29,9.614999771118164,9.614999771118164
2015-07-30,9.664999961853027,9.664999961853027
2015-07-31,9.604999542236328,9.604999542236328
2015-08-03,9.664999961853027,9.664999961853027
2015-08-04,9.675000190734863,9.675000190734863
2015-08-05,9.675000190734863,9.675000190734863
2015-08-06,9.664999961853027,9.664999961853027
2015-08-07,9.664999961853027,9.664999961853027
2015-08-10,9.595000267028809,9.595000267028809
2015-08-11,9.515000343322754,9.515000343322754
2015-08-12,9.46500015258789,9.46500015258789
2015-08-13,9.494999885559082,9.494999885559082
2015-08-14,9.515000343322754,9.515000343322754
2015-08-17,9.545000076293945,9.545000076293945
2015-08-18,9.595000267028809,9.595000267028809
2015-08-19,9.585000038146973,9.585000038146973
2015-08-20,9.489999771118164,9.489999771118164
2015-08-21,9.505000114440918,9.505000114440918
2015-08-24,9.595000267028809,9.595000267028809
2015-08-25,9.614999771118164,9.614999771118164
2015-08-26,9.694999694824219,9.694999694824219
2015-08-27,9.694999694824219,9.694999694824219
2015-08-28,9.6850004196167,9.6850004196167
2015-08-31,9.675000190734863,9.675000190734863
2015-09-01,9.744999885559082,9.744999885559082
2015-09-02,9.744999885559082,9.744999885559082
2015-09-03,9.864999771118164,9.864999771118164
2015-09-04,9.96500015258789,9.96500015258789
2015-09-07,9.885000228881836,9.885000228881836
2015-09-08,9.845000267028809,9.845000267028809
2015-09-09,9.774999618530273,9.774999618530273
2015-09-10,9.71500015258789,9.71500015258789
2015-09-11,9.675000190734863,9.675000190734863
2015-09-14,9.725000381469727,9.725000381469727
2015-09-15,9.725000381469727,9.725000381469727
2015-09-16,9.664999961853027,9.664999961853027
2015-09-17,9.635000228881836,9.635000228881836
2015-09-18,9.694999694824219,9.694999694824219
2015-09-21,9.805000305175781,9.805000305175781
2015-09-22,9.885000228881836,9.885000228881836
2015-09-23,9.854999542236328,9.854999542236328
2015-09-24,9.824999809265137,9.824999809265137
2015-09-25,9.78499984741211,9.78499984741211
2015-09-28,9.824999809265137,9.824999809265137
2015-09-29,9.8149995803833,9.8149995803833
2015-09-30,9.885000228881836,9.885000228881836
2015-10-01,9.875,9.875
2015-10-02,9.835000038146973,9.835000038146973
2015-10-05,9.8149995803833,9.8149995803833
2015-10-06,9.795000076293945,9.795000076293945
2015-10-07,9.805000305175781,9.805000305175781
2015-10-08,9.774999618530273,9.774999618530273
2015-10-09,9.675000190734863,9.675000190734863
2015-10-12,9.71500015258789,9.71500015258789
2015-10-13,9.71500015258789,9.71500015258789
2015-10-14,9.725000381469727,9.725000381469727
2015-10-15,9.824999809265137,9.824999809265137
2015-10-16,9.744999885559082,9.744999885559082
2015-10-19,9.78499984741211,9.78499984741211
2015-10-20,9.744999885559082,9.744999885559082
2015-10-21,9.725000381469727,9.725000381469727
2015-10-22,9.854999542236328,9.854999542236328
2015-10-23,9.925000190734863,9.925000190734863
2015-10-26,9.914999961853027,9.914999961853027
2015-10-27,9.975000381469727,9.975000381469727
2015-10-28,9.9350004196167,9.9350004196167
2015-10-29,9.975000381469727,9.975000381469727
2015-10-30,9.944999694824219,9.944999694824219
2015-11-02,9.954999923706055,9.954999923706055
2015-11-03,9.975000381469727,9.975000381469727
2015-11-04,10.029999732971191,10.029999732971191
2015-11-05,10.020000457763672,10.020000457763672
2015-11-06,9.984999656677246,9.984999656677246
2015-11-09,9.975000381469727,9.975000381469727
2015-11-10,10.0600004196167,10.0600004196167
2015-11-11,10.029999732971191,10.029999732971191
2015-11-12,10.020000457763672,10.020000457763672
2015-11-13,10.050000190734863,10.050000190734863
2015-11-16,10.050000190734863,10.050000190734863
2015-11-17,10.079999923706055,10.079999923706055
2015-11-18,10.09000015258789,10.09000015258789
2015-11-19,10.039999961853027,10.039999961853027
2015-11-20,10.130000114440918,10.130000114440918
2015-11-23,10.149999618530273,10.149999618530273
2015-11-24,10.149999618530273,10.149999618530273
2015-11-25,10.170000076293945,10.170000076293945
2015-11-26,10.1899995803833,10.1899995803833
2015-11-27,10.180000305175781,10.180000305175781
2015-11-30,10.1899995803833,10.1899995803833
2015-12-01,10.170000076293945,10.170000076293945
2015-12-02,10.149999618530273,10.149999618530273
2015-12-03,10.149999618530273,10.149999618530273
2015-12-04,9.885000228881836,9.885000228881836
2015-12-07,9.904999732971191,9.904999732971191
2015-12-08,9.914999961853027,9.914999961853027
2015-12-09,9.904999732971191,9.904999732971191
2015-12-10,9.975000381469727,9.975000381469727
2015-12-11,9.975000381469727,9.975000381469727
2015-12-14,9.984999656677246,9.984999656677246
2015-12-15,9.994999885559082,9.994999885559082
2015-12-16,9.96500015258789,9.96500015258789
2015-12-17,10.020000457763672,10.020000457763672
2015-12-18,10.109999656677246,10.109999656677246
2015-12-21,10.069999694824219,10.069999694824219
2015-12-22,10.029999732971191,10.029999732971191
2015-12-23,10.109999656677246,10.109999656677246
2015-12-25,10.109999656677246,10.109999656677246
2015-12-28,10.079999923706055,10.079999923706055
2015-12-29,10.130000114440918,10.130000114440918
2015-12-30,10.130000114440918,10.130000114440918
2016-01-04,10.359999656677246,10.359999656677246
2016-01-05,10.449999809265137,10.449999809265137
2016-01-06,10.479999542236328,10.479999542236328
2016-01-07,10.4399995803833,10.4399995803833
2016-01-08,10.449999809265137,10.449999809265137
2016-01-11,10.489999771118164,10.489999771118164
2016-01-12,10.510000228881836,10.510000228881836
2016-01-13,10.460000038146973,10.460000038146973
2016-01-14,10.470000267028809,10.470000267028809
2016-01-15,10.460000038146973,10.460000038146973
2016-01-18,10.479999542236328,10.479999542236328
2016-01-19,10.430000305175781,10.430000305175781
2016-01-20,10.5600004196167,10.5600004196167
2016-01-21,10.520000457763672,10.520000457763672
2016-01-22,10.470000267028809,10.470000267028809
2016-01-25,10.4399995803833,10.4399995803833
2016-01-26,10.430000305175781,10.430000305175781
2016-01-27,10.390000343322754,10.390000343322754
2016-01-28,10.34000015258789,10.34000015258789
2016-01-29,10.319999694824219,10.319999694824219
2016-02-01,10.289999961853027,10.289999961853027
2016-02-02,10.390000343322754,10.390000343322754
2016-02-03,10.430000305175781,10.430000305175781
2016-02-04,10.420000076293945,10.420000076293945
2016-02-05,10.479999542236328,10.479999542236328
2016-02-08,10.550000190734863,10.550000190734863
2016-02-09,10.529999732971191,10.529999732971191
2016-02-10,10.65999984741211,10.65999984741211
2016-02-11,10.729999542236328,10.729999542236328
2016-02-12,10.729999542236328,10.729999542236328
2016-02-15,10.630000114440918,10.630000114440918
2016-02-16,10.720000267028809,10.720000267028809
2016-02-17,10.6899995803833,10.6899995803833
2016-02-18,10.84000015258789,10.84000015258789
2016-02-19,10.90999984741211,10.90999984741211
2016-02-22,10.970000267028809,10.970000267028809
2016-02-23,11.079999923706055,11.079999923706055
2016-02-24,11.1899995803833,11.1899995803833
2016-02-25,11.09000015258789,11.09000015258789
2016-02-26,11.109999656677246,11.109999656677246
2016-02-29,11.260000228881836,11.260000228881836
2016-03-01,11.1899995803833,11.1899995803833
2016-03-02,11.180000305175781,11.180000305175781
2016-03-03,11.170000076293945,11.170000076293945
2016-03-04,11.050000190734863,11.050000190734863
2016-03-07,11.130000114440918,11.130000114440918
2016-03-08,11.210000038146973,11.210000038146973
2016-03-09,11.229999542236328,11.229999542236328
2016-03-10,11.130000114440918,11.130000114440918
2016-03-11,10.890000343322754,10.890000343322754
2016-03-14,10.949999809265137,10.949999809265137
2016-03-15,11.029999732971191,11.029999732971191
2016-03-16,11.039999961853027,11.039999961853027
2016-03-17,11.050000190734863,11.050000190734863
2016-03-18,11.020000457763672,11.020000457763672
2016-03-21,11.180000305175781,11.180000305175781
2016-03-22,11.140000343322754,11.140000343322754
2016-03-23,11.180000305175781,11.180000305175781
2016-03-24,11.15999984741211,11.15999984741211
2016-03-29,11.039999961853027,11.039999961853027
2016-03-30,10.979999542236328,10.979999542236328
2016-03-31,10.920000076293945,10.920000076293945
2016-04-01,10.920000076293945,10.920000076293945
2016-04-04,11.100000381469727,11.100000381469727
2016-04-05,11.1899995803833,11.1899995803833
2016-04-06,11.210000038146973,11.210000038146973
2016-04-07,11.210000038146973,11.210000038146973
2016-04-08,11.390000343322754,11.390000343322754
2016-04-11,11.40999984741211,11.40999984741211
2016-04-12,11.390000343322754,11.390000343322754
2016-04-13,11.420000076293945,11.420000076293945
2016-04-14,11.449999809265137,11.449999809265137
2016-04-15,11.479999542236328,11.479999542236328
2016-04-18,11.4399995803833,11.4399995803833
2016-04-19,11.350000381469727,11.350000381469727
2016-04-20,11.40999984741211,11.40999984741211
2016-04-21,11.4399995803833,11.4399995803833
2016-04-22,11.3100004196167,11.3100004196167
2016-04-25,11.260000228881836,11.260000228881836
2016-04-26,11.199999809265137,11.199999809265137
2016-04-27,11.1899995803833,11.1899995803833
2016-04-28,11.470000267028809,11.470000267028809
2016-04-29,11.539999961853027,11.539999961853027
2016-05-02,11.489999771118164,11.489999771118164
2016-05-03,11.510000228881836,11.510000228881836
2016-05-04,11.449999809265137,11.449999809265137
2016-05-05,11.539999961853027,11.539999961853027
2016-05-06,11.600000381469727,11.600000381469727
2016-05-09,11.449999809265137,11.449999809265137
2016-05-10,11.369999885559082,11.369999885559082
2016-05-11,11.380000114440918,11.380000114440918
2016-05-12,11.399999618530273,11.399999618530273
2016-05-13,11.470000267028809,11.470000267028809
2016-05-17,11.399999618530273,11.399999618530273
2016-05-18,11.390000343322754,11.390000343322754
2016-05-19,11.460000038146973,11.460000038146973
2016-05-20,11.390000343322754,11.390000343322754
2016-05-23,11.489999771118164,11.489999771118164
2016-05-24,11.479999542236328,11.479999542236328
2016-05-25,11.470000267028809,11.470000267028809
2016-05-26,11.479999542236328,11.479999542236328
2016-05-27,11.529999732971191,11.529999732971191
2016-05-30,11.40999984741211,11.40999984741211
2016-05-31,11.420000076293945,11.420000076293945
2016-06-01,11.550000190734863,11.550000190734863
2016-06-02,11.630000114440918,11.630000114440918
2016-06-03,11.65999984741211,11.65999984741211
2016-06-06,11.579999923706055,11.579999923706055
2016-06-07,11.600000381469727,11.600000381469727
2016-06-08,11.619999885559082,11.619999885559082
2016-06-09,11.720000267028809,11.720000267028809
2016-06-10,11.739999771118164,11.739999771118164
2016-06-13,11.800000190734863,11.800000190734863
2016-06-14,11.960000038146973,11.960000038146973
2016-06-15,11.960000038146973,11.960000038146973
2016-06-16,12.270000457763672,12.270000457763672
2016-06-17,12.149999618530273,12.149999618530273
2016-06-20,12.020000457763672,12.020000457763672
2016-06-21,12.029999732971191,12.029999732971191
2016-06-22,12.010000228881836,12.010000228881836
2016-06-23,11.760000228881836,11.760000228881836
2016-06-24,12.470000267028809,12.470000267028809
2016-06-27,12.760000228881836,12.760000228881836
2016-06-28,12.630000114440918,12.630000114440918
2016-06-29,12.59000015258789,12.59000015258789
2016-06-30,12.5600004196167,12.5600004196167
2016-07-01,12.600000381469727,12.600000381469727
2016-07-04,12.59000015258789,12.59000015258789
2016-07-05,12.75,12.75
2016-07-06,12.850000381469727,12.850000381469727
2016-07-07,12.90999984741211,12.90999984741211
2016-07-08,12.949999809265137,12.949999809265137
2016-07-11,12.670000076293945,12.670000076293945
2016-07-12,12.390000343322754,12.390000343322754
2016-07-13,12.40999984741211,12.40999984741211
2016-07-14,12.229999542236328,12.229999542236328
2016-07-15,12.220000267028809,12.220000267028809
2016-07-18,12.140000343322754,12.140000343322754
2016-07-19,12.1899995803833,12.1899995803833
2016-07-20,12.149999618530273,12.149999618530273
2016-07-21,12.199999809265137,12.199999809265137
2016-07-22,12.1899995803833,12.1899995803833
2016-07-25,12.220000267028809,12.220000267028809
2016-07-26,12.380000114440918,12.380000114440918
2016-07-27,12.270000457763672,12.270000457763672
2016-07-28,12.260000228881836,12.260000228881836
2016-07-29,12.40999984741211,12.40999984741211
2016-08-01,12.369999885559082,12.369999885559082
2016-08-02,12.4399995803833,12.4399995803833
2016-08-03,12.510000228881836,12.510000228881836
2016-08-04,12.5,12.5
2016-08-05,12.449999809265137,12.449999809265137
2016-08-08,12.350000381469727,12.350000381469727
2016-08-09,12.420000076293945,12.420000076293945
2016-08-10,12.420000076293945,12.420000076293945
2016-08-11,12.420000076293945,12.420000076293945
2016-08-12,12.470000267028809,12.470000267028809
2016-08-15,12.40999984741211,12.40999984741211
2016-08-16,12.449999809265137,12.449999809265137
2016-08-17,12.430000305175781,12.430000305175781
2016-08-18,12.399999618530273,12.399999618530273
2016-08-19,12.390000343322754,12.390000343322754
2016-08-22,12.40999984741211,12.40999984741211
2016-08-23,12.399999618530273,12.399999618530273
2016-08-24,12.449999809265137,12.449999809265137
2016-08-25,12.420000076293945,12.420000076293945
2016-08-26,12.399999618530273,12.399999618530273
2016-08-29,12.329999923706055,12.329999923706055
2016-08-30,12.260000228881836,12.260000228881836
2016-08-31,12.170000076293945,12.170000076293945
2016-09-01,12.130000114440918,12.130000114440918
2016-09-02,12.020000457763672,12.020000457763672
2016-09-05,12.100000381469727,12.100000381469727
2016-09-06,12.109999656677246,12.109999656677246
2016-09-07,12.220000267028809,12.220000267028809
2016-09-08,12.15999984741211,12.15999984741211
2016-09-09,12.100000381469727,12.100000381469727
2016-09-12,12.140000343322754,12.140000343322754
2016-09-13,12.140000343322754,12.140000343322754
2016-09-14,12.069999694824219,12.069999694824219
2016-09-15,12.079999923706055,12.079999923706055
2016-09-16,12.180000305175781,12.180000305175781
2016-09-19,12.25,12.25
2016-09-20,12.279999732971191,12.279999732971191
2016-09-21,12.4399995803833,12.4399995803833
2016-09-22,12.3100004196167,12.3100004196167
2016-09-23,12.3100004196167,12.3100004196167
2016-09-26,12.34000015258789,12.34000015258789
2016-09-27,12.449999809265137,12.449999809265137
2016-09-28,12.4399995803833,12.4399995803833
2016-09-29,12.289999961853027,12.289999961853027
2016-09-30,12.329999923706055,12.329999923706055
2016-10-04,12.220000267028809,12.220000267028809
2016-10-05,12.079999923706055,12.079999923706055
2016-10-06,12.050000190734863,12.050000190734863
2016-10-07,12.119999885559082,12.119999885559082
2016-10-10,12.079999923706055,12.079999923706055
2016-10-11,12.210000038146973,12.210000038146973
2016-10-12,12.149999618530273,12.149999618530273
2016-10-13,12.210000038146973,12.210000038146973
2016-10-14,12.210000038146973,12.210000038146973
2016-10-17,12.220000267028809,12.220000267028809
2016-10-18,12.25,12.25
2016-10-19,12.34000015258789,12.34000015258789
2016-10-20,12.289999961853027,12.289999961853027
2016-10-21,12.380000114440918,12.380000114440918
2016-10-24,12.319999694824219,12.319999694824219
2016-10-25,12.300000190734863,12.300000190734863
2016-10-26,12.270000457763672,12.270000457763672
2016-10-27,12.199999809265137,12.199999809265137
2016-10-28,12.119999885559082,12.119999885559082
2016-10-31,12.130000114440918,12.130000114440918
2016-11-01,12.119999885559082,12.119999885559082
2016-11-02,12.180000305175781,12.180000305175781
2016-11-03,12.239999771118164,12.239999771118164
2016-11-04,12.199999809265137,12.199999809265137
2016-11-07,12.109999656677246,12.109999656677246
2016-11-08,12.050000190734863,12.050000190734863
2016-11-09,12.1899995803833,12.1899995803833
2016-11-10,12.1899995803833,12.1899995803833
2016-11-11,12.050000190734863,12.050000190734863
2016-11-14,11.989999771118164,11.989999771118164
2016-11-15,11.890000343322754,11.890000343322754
2016-11-16,11.869999885559082,11.869999885559082
2016-11-17,11.899999618530273,11.899999618530273
2016-11-18,11.819999694824219,11.819999694824219
2016-11-21,11.760000228881836,11.760000228881836
2016-11-22,11.729999542236328,11.729999542236328
2016-11-23,11.630000114440918,11.630000114440918
2016-11-24,11.550000190734863,11.550000190734863
2016-11-25,11.539999961853027,11.539999961853027
2016-11-28,11.649999618530273,11.649999618530273
2016-11-29,11.550000190734863,11.550000190734863
2016-11-30,11.470000267028809,11.470000267028809
2016-12-01,11.420000076293945,11.420000076293945
2016-12-02,11.40999984741211,11.40999984741211
2016-12-05,11.300000190734863,11.300000190734863
2016-12-06,11.319999694824219,11.319999694824219
2016-12-07,11.329999923706055,11.329999923706055
2016-12-08,11.390000343322754,11.390000343322754
2016-12-09,11.369999885559082,11.369999885559082
2016-12-12,11.239999771118164,11.239999771118164
2016-12-13,11.170000076293945,11.170000076293945
2016-12-14,11.1899995803833,11.1899995803833
2016-12-15,11.130000114440918,11.130000114440918
2016-12-16,11.149999618530273,11.149999618530273
2016-12-19,11.289999961853027,11.289999961853027
2016-12-20,11.239999771118164,11.239999771118164
2016-12-21,11.229999542236328,11.229999542236328
2016-12-22,11.25,11.25
2016-12-23,11.270000457763672,11.270000457763672
2016-12-27,11.199999809265137,11.199999809265137
2016-12-28,11.279999732971191,11.279999732971191
2016-12-29,11.300000190734863,11.300000190734863
2016-12-30,11.180000305175781,11.180000305175781
2017-01-02,11.220000267028809,11.220000267028809
2017-01-03,11.270000457763672,11.270000457763672
2017-01-04,11.199999809265137,11.199999809265137
2017-01-05,11.25,11.25
2017-01-06,11.180000305175781,11.180000305175781
2017-01-09,11.220000267028809,11.220000267028809
2017-01-10,11.279999732971191,11.279999732971191
2017-01-11,11.3100004196167,11.3100004196167
2017-01-12,11.34000015258789,11.34000015258789
2017-01-13,11.25,11.25
2017-01-16,11.40999984741211,11.40999984741211
2017-01-17,11.430000305175781,11.430000305175781
2017-01-18,11.369999885559082,11.369999885559082
2017-01-19,11.369999885559082,11.369999885559082
2017-01-20,11.199999809265137,11.199999809265137
2017-01-23,11.319999694824219,11.319999694824219
2017-01-24,11.270000457763672,11.270000457763672
2017-01-25,11.239999771118164,11.239999771118164
2017-01-26,11.220000267028809,11.220000267028809
2017-01-27,11.149999618530273,11.149999618530273
2017-01-30,11.279999732971191,11.279999732971191
2017-01-31,11.279999732971191,11.279999732971191
2017-02-01,11.229999542236328,11.229999542236328
2017-02-02,11.270000457763672,11.270000457763672
2017-02-03,11.279999732971191,11.279999732971191
2017-02-06,11.319999694824219,11.319999694824219
2017-02-07,11.430000305175781,11.430000305175781
2017-02-08,11.420000076293945,11.420000076293945
2017-02-09,11.350000381469727,11.350000381469727
2017-02-10,11.329999923706055,11.329999923706055
2017-02-13,11.329999923706055,11.329999923706055
2017-02-14,11.319999694824219,11.319999694824219
2017-02-15,11.289999961853027,11.289999961853027
2017-02-16,11.3100004196167,11.3100004196167
2017-02-17,11.40999984741211,11.40999984741211
2017-02-20,11.369999885559082,11.369999885559082
2017-02-21,11.40999984741211,11.40999984741211
2017-02-22,11.449999809265137,11.449999809265137
2017-02-23,11.479999542236328,11.479999542236328
2017-02-24,11.579999923706055,11.579999923706055
2017-02-27,11.5600004196167,11.5600004196167
2017-02-28,11.5600004196167,11.5600004196167
2017-03-01,11.449999809265137,11.449999809265137
2017-03-02,11.420000076293945,11.420000076293945
2017-03-03,11.350000381469727,11.350000381469727
2017-03-06,11.390000343322754,11.390000343322754
2017-03-07,11.390000343322754,11.390000343322754
2017-03-08,11.350000381469727,11.350000381469727
2017-03-09,11.289999961853027,11.289999961853027
2017-03-10,11.170000076293945,11.170000076293945
2017-03-13,11.199999809265137,11.199999809265137
2017-03-14,11.25,11.25
2017-03-15,11.25,11.25
2017-03-16,11.279999732971191,11.279999732971191
2017-03-17,11.329999923706055,11.329999923706055
2017-03-20,11.34000015258789,11.34000015258789
2017-03-21,11.34000015258789,11.34000015258789
2017-03-22,11.460000038146973,11.460000038146973
2017-03-23,11.449999809265137,11.449999809265137
2017-03-24,11.449999809265137,11.449999809265137
2017-03-27,11.40999984741211,11.40999984741211
2017-03-28,11.470000267028809,11.470000267028809
2017-03-29,11.5,11.5
2017-03-30,11.510000228881836,11.510000228881836
2017-03-31,11.520000457763672,11.520000457763672
2017-04-03,11.609999656677246,11.609999656677246
2017-04-04,11.630000114440918,11.630000114440918
2017-04-05,11.600000381469727,11.600000381469727
2017-04-06,11.609999656677246,11.609999656677246
2017-04-07,11.6899995803833,11.6899995803833
2017-04-10,11.6899995803833,11.6899995803833
2017-04-11,11.8100004196167,11.8100004196167
2017-04-12,11.850000381469727,11.850000381469727
2017-04-13,11.880000114440918,11.880000114440918
2017-04-18,11.880000114440918,11.880000114440918
2017-04-19,11.829999923706055,11.829999923706055
2017-04-20,11.739999771118164,11.739999771118164
2017-04-21,11.859999656677246,11.859999656677246
2017-04-24,11.5600004196167,11.5600004196167
2017-04-25,11.390000343322754,11.390000343322754
2017-04-26,11.380000114440918,11.380000114440918
2017-04-27,11.430000305175781,11.430000305175781
2017-04-28,11.369999885559082,11.369999885559082
2017-05-02,11.279999732971191,11.279999732971191
2017-05-03,11.229999542236328,11.229999542236328
2017-05-04,11.180000305175781,11.180000305175781
2017-05-05,11.119999885559082,11.119999885559082
2017-05-08,11.1899995803833,11.1899995803833
2017-05-09,11.079999923706055,11.079999923706055
2017-05-10,11.079999923706055,11.079999923706055
2017-05-11,11.109999656677246,11.109999656677246
2017-05-12,11.079999923706055,11.079999923706055
2017-05-15,11.0,11.0
2017-05-16,10.979999542236328,10.979999542236328
2017-05-17,11.09000015258789,11.09000015258789
2017-05-18,11.119999885559082,11.119999885559082
2017-05-19,11.020000457763672,11.020000457763672
2017-05-22,11.039999961853027,11.039999961853027
2017-05-23,10.989999771118164,10.989999771118164
2017-05-24,10.989999771118164,10.989999771118164
2017-05-25,10.979999542236328,10.979999542236328
2017-05-26,11.079999923706055,11.079999923706055
2017-05-29,11.0600004196167,11.0600004196167
2017-05-30,11.119999885559082,11.119999885559082
2017-05-31,11.09000015258789,11.09000015258789
2017-06-01,11.029999732971191,11.029999732971191
2017-06-02,11.0600004196167,11.0600004196167
2017-06-05,11.0600004196167,11.0600004196167
2017-06-06,11.180000305175781,11.180000305175781
2017-06-07,11.180000305175781,11.180000305175781
2017-06-08,11.130000114440918,11.130000114440918
2017-06-09,11.100000381469727,11.100000381469727
2017-06-12,11.180000305175781,11.180000305175781
2017-06-13,11.149999618530273,11.149999618530273
2017-06-14,11.170000076293945,11.170000076293945
2017-06-15,11.130000114440918,11.130000114440918
2017-06-16,11.09000015258789,11.09000015258789
2017-06-19,11.0600004196167,11.0600004196167
2017-06-20,11.09000015258789,11.09000015258789
2017-06-21,11.09000015258789,11.09000015258789
2017-06-22,11.100000381469727,11.100000381469727
2017-06-23,11.079999923706055,11.079999923706055
2017-06-26,11.029999732971191,11.029999732971191
2017-06-27,10.850000381469727,10.850000381469727
2017-06-28,10.800000190734863,10.800000190734863
2017-06-29,10.720000267028809,10.720000267028809
2017-06-30,10.710000038146973,10.710000038146973
2017-07-03,10.699999809265137,10.699999809265137
2017-07-04,10.699999809265137,10.699999809265137
2017-07-05,10.65999984741211,10.65999984741211
2017-07-06,10.65999984741211,10.65999984741211
2017-07-07,10.65999984741211,10.65999984741211
2017-07-10,10.529999732971191,10.529999732971191
2017-07-11,10.529999732971191,10.529999732971191
2017-07-12,10.529999732971191,10.529999732971191
2017-07-13,10.529999732971191,10.529999732971191
2017-07-14,10.529999732971191,10.529999732971191
2017-07-17,10.600000381469727,10.600000381469727
2017-07-18,10.59000015258789,10.59000015258789
2017-07-19,10.59000015258789,10.59000015258789
2017-07-20,10.59000015258789,10.59000015258789
2017-07-21,10.579999923706055,10.579999923706055
2017-07-24,10.579999923706055,10.579999923706055
2017-07-25,10.579999923706055,10.579999923706055
2017-07-26,10.510000228881836,10.510000228881836
2017-07-27,10.550000190734863,10.550000190734863
2017-07-28,10.539999961853027,10.539999961853027
2017-07-31,10.5600004196167,10.5600004196167
2017-08-01,10.569999694824219,10.569999694824219
2017-08-02,10.489999771118164,10.489999771118164
2017-08-03,10.5,10.5
2017-08-04,10.550000190734863,10.550000190734863
2017-08-07,10.520000457763672,10.520000457763672
2017-08-08,10.5600004196167,10.5600004196167
2017-08-09,10.5600004196167,10.5600004196167
2017-08-10,10.6899995803833,10.6899995803833
2017-08-11,10.6899995803833,10.6899995803833
2017-08-14,10.6899995803833,10.6899995803833
2017-08-15,10.600000381469727,10.600000381469727
2017-08-16,10.609999656677246,10.609999656677246
2017-08-17,10.609999656677246,10.609999656677246
2017-08-18,10.75,10.75
2017-08-21,10.75,10.75
2017-08-22,10.6899995803833,10.6899995803833
2017-08-23,10.6899995803833,10.6899995803833
2017-08-24,10.6899995803833,10.6899995803833
2017-08-25,10.619999885559082,10.619999885559082
2017-08-28,10.5600004196167,10.5600004196167
2017-08-29,10.539999961853027,10.539999961853027
2017-08-30,10.5,10.5
2017-08-31,10.539999961853027,10.539999961853027
2017-09-01,10.569999694824219,10.569999694824219
2017-09-04,10.569999694824219,10.569999694824219
2017-09-05,10.569999694824219,10.569999694824219
2017-09-06,10.619999885559082,10.619999885559082
2017-09-07,10.619999885559082,10.619999885559082
2017-09-08,10.649999618530273,10.649999618530273
2017-09-11,10.579999923706055,10.579999923706055
2017-09-12,10.479999542236328,10.479999542236328
2017-09-13,10.470000267028809,10.470000267028809
2017-09-14,10.460000038146973,10.460000038146973
2017-09-15,10.460000038146973,10.460000038146973
2017-09-18,10.34000015258789,10.34000015258789
2017-09-19,10.34000015258789,10.34000015258789
2017-09-20,10.300000190734863,10.300000190734863
2017-09-21,10.289999961853027,10.289999961853027
2017-09-22,10.289999961853027,10.289999961853027
2017-09-25,10.40999984741211,10.40999984741211
2017-09-26,10.460000038146973,10.460000038146973
2017-09-27,10.460000038146973,10.460000038146973
2017-09-28,10.460000038146973,10.460000038146973
2017-09-29,10.460000038146973,10.460000038146973
2017-10-02,10.359999656677246,10.359999656677246
2017-10-03,10.359999656677246,10.359999656677246
2017-10-04,10.350000381469727,10.350000381469727
2017-10-05,10.420000076293945,10.420000076293945
2017-10-06,10.380000114440918,10.380000114440918
2017-10-09,10.380000114440918,10.380000114440918
2017-10-10,10.369999885559082,10.369999885559082
2017-10-11,10.3100004196167,10.3100004196167
2017-10-12,10.319999694824219,10.319999694824219
2017-10-13,10.359999656677246,10.359999656677246
2017-10-16,10.399999618530273,10.399999618530273
2017-10-17,10.399999618530273,10.399999618530273
2017-10-18,10.3100004196167,10.3100004196167
2017-10-19,10.3100004196167,10.3100004196167
2017-10-20,10.260000228881836,10.260000228881836
2017-10-23,10.279999732971191,10.279999732971191
2017-10-24,10.279999732971191,10.279999732971191
2017-10-25,10.220000267028809,10.220000267028809
2017-10-26,10.300000190734863,10.300000190734863
2017-10-27,10.40999984741211,10.40999984741211
2017-10-30,10.4399995803833,10.4399995803833
2017-10-31,10.4399995803833,10.4399995803833
2017-11-01,10.350000381469727,10.350000381469727
2017-11-02,10.329999923706055,10.329999923706055
2017-11-03,10.359999656677246,10.359999656677246
2017-11-06,10.430000305175781,10.430000305175781
2017-11-07,10.430000305175781,10.430000305175781
2017-11-08,10.479999542236328,10.479999542236328
2017-11-09,10.430000305175781,10.430000305175781
2017-11-10,10.430000305175781,10.430000305175781
2017-11-13,10.420000076293945,10.420000076293945
2017-11-14,10.3100004196167,10.3100004196167
2017-11-15,10.319999694824219,10.319999694824219
2017-11-16,10.359999656677246,10.359999656677246
2017-11-17,10.359999656677246,10.359999656677246
2017-11-20,10.4399995803833,10.4399995803833
2017-11-21,10.449999809265137,10.449999809265137
2017-11-22,10.449999809265137,10.449999809265137
2017-11-23,10.449999809265137,10.449999809265137
2017-11-24,10.350000381469727,10.350000381469727
2017-11-27,10.430000305175781,10.430000305175781
2017-11-28,10.430000305175781,10.430000305175781
2017-11-29,10.430000305175781,10.430000305175781
2017-11-30,10.430000305175781,10.430000305175781
2017-12-01,10.350000381469727,10.350000381469727
2017-12-04,10.289999961853027,10.289999961853027
2017-12-05,10.319999694824219,10.319999694824219
2017-12-06,10.395000457763672,10.395000457763672
2017-12-07,10.354999542236328,10.354999542236328
2017-12-08,10.354999542236328,10.354999542236328
2017-12-11,10.295000076293945,10.295000076293945
2017-12-12,10.295000076293945,10.295000076293945
2017-12-13,10.359999656677246,10.359999656677246
2017-12-14,10.359999656677246,10.359999656677246
2017-12-15,10.399999618530273,10.399999618530273
2017-12-18,10.40999984741211,10.40999984741211
2017-12-19,10.40999984741211,10.40999984741211
2017-12-20,10.229999542236328,10.229999542236328
2017-12-21,10.229999542236328,10.229999542236328
2017-12-22,10.270000457763672,10.270000457763672
2017-12-27,10.220000267028809,10.220000267028809
2017-12-28,10.220000267028809,10.220000267028809
2017-12-29,10.220000267028809,10.220000267028809
2018-01-02,10.1850004196167,10.1850004196167
2018-01-03,10.1850004196167,10.1850004196167
2018-01-04,10.118000030517578,10.118000030517578
2018-01-05,10.105500221252441,10.105500221252441
2018-01-08,10.165499687194824,10.165499687194824
2018-01-09,10.165499687194824,10.165499687194824
2018-01-10,10.28499984741211,10.28499984741211
2018-01-11,10.231499671936035,10.231499671936035
2018-01-12,10.231499671936035,10.231499671936035
2018-01-15,10.231499671936035,10.231499671936035
2018-01-16,10.12399959564209,10.12399959564209
2018-01-17,10.133500099182129,10.133500099182129
2018-01-18,10.133500099182129,10.133500099182129
2018-01-19,10.156000137329102,10.156000137329102
2018-01-22,10.156000137329102,10.156000137329102
2018-01-23,10.156000137329102,10.156000137329102
2018-01-24,10.156000137329102,10.156000137329102
2018-01-25,10.109999656677246,10.109999656677246
2018-01-26,10.109999656677246,10.109999656677246
2018-01-29,10.20300006866455,10.20300006866455
2018-01-30,10.185500144958496,10.185500144958496
2018-01-31,10.116499900817871,10.116499900817871
2018-02-01,10.057000160217285,10.057000160217285
2018-02-02,10.005999565124512,10.005999565124512
2018-02-05,10.06350040435791,10.06350040435791
2018-02-06,10.18850040435791,10.18850040435791
2018-02-07,10.228500366210938,10.228500366210938
2018-02-08,10.339500427246094,10.339500427246094
2018-02-09,10.35949993133545,10.35949993133545
2018-02-12,10.327500343322754,10.327500343322754
2018-02-13,10.359000205993652,10.359000205993652
2018-02-14,10.3774995803833,10.3774995803833
2018-02-15,10.390000343322754,10.390000343322754
2018-02-16,10.390000343322754,10.390000343322754
2018-02-19,10.442999839782715,10.442999839782715
2018-02-20,10.412500381469727,10.412500381469727
2018-02-21,10.415499687194824,10.415499687194824
2018-02-22,10.468999862670898,10.468999862670898
2018-02-23,10.52400016784668,10.52400016784668
2018-02-26,10.495499610900879,10.495499610900879
2018-02-27,10.490500450134277,10.490500450134277
2018-02-28,10.490500450134277,10.490500450134277
2018-03-01,10.594499588012695,10.594499588012695
2018-03-02,10.616999626159668,10.616999626159668
2018-03-05,10.571499824523926,10.571499824523926
2018-03-06,10.571499824523926,10.571499824523926
2018-03-07,10.571499824523926,10.571499824523926
2018-03-08,10.564499855041504,10.564499855041504
2018-03-09,10.48550033569336,10.48550033569336
2018-03-12,10.48550033569336,10.48550033569336
2018-03-13,10.446000099182129,10.446000099182129
2018-03-14,10.508000373840332,10.508000373840332
2018-03-15,10.579999923706055,10.579999923706055
2018-03-16,10.579999923706055,10.579999923706055
2018-03-19,10.604999542236328,10.604999542236328
2018-03-20,10.604999542236328,10.604999542236328
2018-03-21,10.612000465393066,10.612000465393066
2018-03-22,10.637499809265137,10.637499809265137
2018-03-23,10.68649959564209,10.68649959564209
2018-03-26,10.614999771118164,10.614999771118164
2018-03-27,10.56350040435791,10.56350040435791
2018-03-28,10.554499626159668,10.554499626159668
2018-03-29,10.590999603271484,10.590999603271484
2018-04-03,10.607000350952148,10.607000350952148
2018-04-04,10.567999839782715,10.567999839782715
2018-04-05,10.555500030517578,10.555500030517578
2018-04-06,10.530500411987305,10.530500411987305
2018-04-09,10.530500411987305,10.530500411987305
2018-04-10,10.530500411987305,10.530500411987305
2018-04-11,10.487500190734863,10.487500190734863
2018-04-12,10.476499557495117,10.476499557495117
2018-04-13,10.476499557495117,10.476499557495117
2018-04-16,10.44849967956543,10.44849967956543
2018-04-17,10.44849967956543,10.44849967956543
2018-04-18,10.442999839782715,10.442999839782715
2018-04-19,10.442000389099121,10.442000389099121
2018-04-20,10.468000411987305,10.468000411987305
2018-04-23,10.416500091552734,10.416500091552734
2018-04-24,10.363499641418457,10.363499641418457
2018-04-25,10.368499755859375,10.368499755859375
2018-04-26,10.450499534606934,10.450499534606934
2018-04-27,10.480999946594238,10.480999946594238
2018-04-30,10.508500099182129,10.508500099182129
2018-05-02,10.530500411987305,10.530500411987305
2018-05-03,10.642999649047852,10.642999649047852
2018-05-04,10.642999649047852,10.642999649047852
2018-05-07,10.642999649047852,10.642999649047852
2018-05-08,10.678999900817871,10.678999900817871
2018-05-09,10.634499549865723,10.634499549865723
2018-05-10,10.634499549865723,10.634499549865723
2018-05-11,10.634499549865723,10.634499549865723
2018-05-14,10.530500411987305,10.530500411987305
2018-05-15,10.5600004196167,10.5600004196167
2018-05-16,10.643500328063965,10.643500328063965
2018-05-17,10.570500373840332,10.570500373840332
2018-05-18,10.570500373840332,10.570500373840332
2018-05-21,10.570500373840332,10.570500373840332
2018-05-22,10.562999725341797,10.562999725341797
2018-05-23,10.749500274658203,10.749500274658203
2018-05-24,10.749500274658203,10.749500274658203
2018-05-25,10.852999687194824,10.852999687194824
2018-05-28,10.895000457763672,10.895000457763672
2018-05-29,11.037500381469727,11.037500381469727
2018-05-30,10.904000282287598,10.904000282287598
2018-05-31,10.946000099182129,10.946000099182129
2018-06-01,10.838000297546387,10.838000297546387
2018-06-04,10.804499626159668,10.804499626159668
2018-06-05,10.865500450134277,10.865500450134277
2018-06-06,10.683500289916992,10.683500289916992
2018-06-07,10.621999740600586,10.621999740600586
2018-06-08,10.76099967956543,10.76099967956543
2018-06-11,10.667499542236328,10.667499542236328
2018-06-12,10.667499542236328,10.667499542236328
2018-06-13,10.647000312805176,10.647000312805176
2018-06-14,10.781999588012695,10.781999588012695
2018-06-15,10.790499687194824,10.790499687194824
2018-06-18,10.809300422668457,10.809300422668457
2018-06-19,10.887299537658691,10.887299537658691
2018-06-20,10.879300117492676,10.879300117492676
2018-06-21,10.865300178527832,10.865300178527832
2018-06-22,10.841500282287598,10.841500282287598
2018-06-25,10.841500282287598,10.841500282287598
2018-06-26,10.8100004196167,10.8100004196167
2018-06-27,10.837800025939941,10.837800025939941
2018-06-28,10.837800025939941,10.837800025939941
2018-06-29,10.837800025939941,10.837800025939941
2018-07-02,10.795000076293945,10.795000076293945
2018-07-03,10.795000076293945,10.795000076293945
2018-07-04,10.786800384521484,10.786800384521484
2018-07-05,10.732999801635742,10.732999801635742
2018-07-06,10.70580005645752,10.70580005645752
2018-07-09,10.687299728393555,10.687299728393555
2018-07-10,10.687299728393555,10.687299728393555
2018-07-11,10.687299728393555,10.687299728393555
2018-07-12,10.687299728393555,10.687299728393555
2018-07-13,10.587300300598145,10.587300300598145
2018-07-16,10.565999984741211,10.565999984741211
2018-07-17,10.545499801635742,10.545499801635742
2018-07-18,10.577500343322754,10.577500343322754
2018-07-19,10.613499641418457,10.613499641418457
2018-07-20,10.613499641418457,10.613499641418457
2018-07-23,10.613499641418457,10.613499641418457
2018-07-24,10.593999862670898,10.593999862670898
2018-07-25,10.667499542236328,10.667499542236328
2018-07-26,10.667499542236328,10.667499542236328
2018-07-27,10.667499542236328,10.667499542236328
2018-07-30,10.667499542236328,10.667499542236328
2018-07-31,10.530500411987305,10.530500411987305
2018-08-01,10.528499603271484,10.528499603271484
2018-08-02,10.601499557495117,10.601499557495117
2018-08-03,10.601499557495117,10.601499557495117
2018-08-06,10.646499633789062,10.646499633789062
2018-08-07,10.652999877929688,10.652999877929688
2018-08-08,10.652999877929688,10.652999877929688
2018-08-09,10.696999549865723,10.696999549865723
2018-08-10,10.895000457763672,10.895000457763672
2018-08-13,10.904500007629395,10.904500007629395
2018-08-14,10.907500267028809,10.907500267028809
2018-08-15,10.968999862670898,10.968999862670898
2018-08-16,10.89900016784668,10.89900016784668
2018-08-17,10.90149974822998,10.90149974822998
2018-08-20,10.880499839782715,10.880499839782715
2018-08-21,10.787500381469727,10.787500381469727
2018-08-22,10.787500381469727,10.787500381469727
2018-08-23,10.787500381469727,10.787500381469727
2018-08-24,10.787500381469727,10.787500381469727
2018-08-27,10.59749984741211,10.59749984741211
2018-08-28,10.572999954223633,10.572999954223633
2018-08-29,10.572999954223633,10.572999954223633
2018-08-30,10.572999954223633,10.572999954223633
2018-08-31,10.68649959564209,10.68649959564209
2018-09-03,10.642499923706055,10.642499923706055
2018-09-04,10.660499572753906,10.660499572753906
2018-09-05,10.660499572753906,10.660499572753906
2018-09-06,10.674500465393066,10.674500465393066
2018-09-07,10.674500465393066,10.674500465393066
2018-09-10,10.66100025177002,10.66100025177002
2018-09-11,10.66100025177002,10.66100025177002
2018-09-12,10.66100025177002,10.66100025177002
2018-09-13,10.66100025177002,10.66100025177002
2018-09-14,10.66100025177002,10.66100025177002
2018-09-17,10.5024995803833,10.5024995803833
2018-09-18,10.459500312805176,10.459500312805176
2018-09-19,10.459500312805176,10.459500312805176
2018-09-20,10.395000457763672,10.395000457763672
2018-09-21,10.370499610900879,10.370499610900879
2018-09-24,10.370499610900879,10.370499610900879
2018-09-25,10.305000305175781,10.305000305175781
2018-09-26,10.305000305175781,10.305000305175781
2018-09-27,10.368499755859375,10.368499755859375
2018-09-28,10.390999794006348,10.390999794006348
2018-10-01,10.369500160217285,10.369500160217285
2018-10-02,10.422499656677246,10.422499656677246
2018-10-04,10.427000045776367,10.427000045776367
2018-10-05,10.427000045776367,10.427000045776367
2018-10-08,10.427000045776367,10.427000045776367
2018-10-09,10.522000312805176,10.522000312805176
2018-10-10,10.512499809265137,10.512499809265137
2018-10-11,10.543499946594238,10.543499946594238
2018-10-12,10.55049991607666,10.55049991607666
2018-10-15,10.552499771118164,10.552499771118164
2018-10-16,10.552499771118164,10.552499771118164
2018-10-17,10.552499771118164,10.552499771118164
2018-10-18,10.552499771118164,10.552499771118164
2018-10-19,10.583000183105469,10.583000183105469
2018-10-22,10.579500198364258,10.579500198364258
2018-10-23,10.623000144958496,10.623000144958496
2018-10-24,10.68649959564209,10.68649959564209
2018-10-25,10.711999893188477,10.711999893188477
2018-10-26,10.819000244140625,10.819000244140625
2018-10-29,10.731499671936035,10.731499671936035
2018-10-30,10.731499671936035,10.731499671936035
2018-10-31,10.729499816894531,10.729499816894531
2018-11-01,10.68649959564209,10.68649959564209
2018-11-02,10.644000053405762,10.644000053405762
2018-11-05,10.644000053405762,10.644000053405762
2018-11-06,10.595000267028809,10.595000267028809
2018-11-07,10.595000267028809,10.595000267028809
2018-11-08,10.517999649047852,10.517999649047852
2018-11-09,10.624500274658203,10.624500274658203
2018-11-12,10.723999977111816,10.723999977111816
2018-11-13,10.723999977111816,10.723999977111816
2018-11-14,10.666999816894531,10.666999816894531
2018-11-15,10.704000473022461,10.704000473022461
2018-11-16,10.682999610900879,10.682999610900879
2018-11-19,10.678000450134277,10.678000450134277
2018-11-20,10.71399974822998,10.71399974822998
2018-11-21,10.696499824523926,10.696499824523926
2018-11-22,10.685999870300293,10.685999870300293
2018-11-23,10.770500183105469,10.770500183105469
2018-11-26,10.708000183105469,10.708000183105469
2018-11-27,10.708000183105469,10.708000183105469
2018-11-28,10.715499877929688,10.715499877929688
2018-11-29,10.69950008392334,10.69950008392334
2018-11-30,10.69950008392334,10.69950008392334
2018-12-03,10.699000358581543,10.699000358581543
2018-12-04,10.772500038146973,10.772500038146973
2018-12-05,10.772500038146973,10.772500038146973
2018-12-06,10.845000267028809,10.845000267028809
2018-12-07,10.845000267028809,10.845000267028809
2018-12-10,10.784500122070312,10.784500122070312
2018-12-11,10.767000198364258,10.767000198364258
2018-12-12,10.73449993133545,10.73449993133545
2018-12-13,10.72350025177002,10.72350025177002
2018-12-14,10.821499824523926,10.821499824523926
2018-12-17,10.817500114440918,10.817500114440918
2018-12-18,10.842499732971191,10.842499732971191
2018-12-19,10.810999870300293,10.810999870300293
2018-12-20,10.895500183105469,10.895500183105469
2018-12-21,10.924500465393066,10.924500465393066
2018-12-27,11.003000259399414,11.003000259399414
2018-12-28,11.003499984741211,11.003499984741211
2019-01-02,11.22249984741211,11.22249984741211
2019-01-03,11.355999946594238,11.355999946594238
2019-01-04,11.283499717712402,11.283499717712402
2019-01-07,11.216500282287598,11.216500282287598
2019-01-08,11.21150016784668,11.21150016784668
2019-01-09,11.145500183105469,11.145500183105469
2019-01-10,11.181500434875488,11.181500434875488
2019-01-11,11.221500396728516,11.221500396728516
2019-01-14,11.21399974822998,11.21399974822998
2019-01-15,11.261500358581543,11.261500358581543
2019-01-16,11.261500358581543,11.261500358581543
2019-01-17,11.218500137329102,11.218500137329102
2019-01-18,11.163000106811523,11.163000106811523
2019-01-21,11.1850004196167,11.1850004196167
2019-01-22,11.22350025177002,11.22350025177002
2019-01-23,11.181500434875488,11.181500434875488
2019-01-24,11.242500305175781,11.242500305175781
2019-01-25,11.192000389099121,11.192000389099121
2019-01-28,11.192999839782715,11.192999839782715
2019-01-29,11.195500373840332,11.195500373840332
2019-01-30,11.175999641418457,11.175999641418457
2019-01-31,11.243499755859375,11.243499755859375
2019-02-01,11.148500442504883,11.148500442504883
2019-02-04,11.149999618530273,11.149999618530273
2019-02-05,11.149999618530273,11.149999618530273
2019-02-06,11.26200008392334,11.26200008392334
2019-02-07,11.276000022888184,11.276000022888184
2019-02-08,11.329999923706055,11.329999923706055
2019-02-11,11.285499572753906,11.285499572753906
2019-02-12,11.229499816894531,11.229499816894531
2019-02-13,11.21399974822998,11.21399974822998
2019-02-14,11.23900032043457,11.23900032043457
2019-02-15,11.263999938964844,11.263999938964844
2019-02-18,11.263999938964844,11.263999938964844
2019-02-19,11.215999603271484,11.215999603271484
2019-02-20,11.178500175476074,11.178500175476074
2019-02-21,11.202500343322754,11.202500343322754
2019-02-22,11.199000358581543,11.199000358581543
2019-02-25,11.199000358581543,11.199000358581543
2019-02-26,11.170499801635742,11.170499801635742
2019-02-27,11.170499801635742,11.170499801635742
2019-02-28,11.03849983215332,11.03849983215332
2019-03-01,10.999500274658203,10.999500274658203
2019-03-04,11.056500434875488,11.056500434875488
2019-03-05,11.056500434875488,11.056500434875488
2019-03-06,11.056500434875488,11.056500434875488
2019-03-07,11.189000129699707,11.189000129699707
2019-03-08,11.237500190734863,11.237500190734863
2019-03-11,11.253000259399414,11.253000259399414
2019-03-12,11.178999900817871,11.178999900817871
2019-03-13,11.187999725341797,11.187999725341797
2019-03-14,11.134499549865723,11.134499549865723
2019-03-15,11.143500328063965,11.143500328063965
2019-03-18,11.142499923706055,11.142499923706055
2019-03-19,11.135499954223633,11.135499954223633
2019-03-20,11.135499954223633,11.135499954223633
2019-03-21,11.199000358581543,11.199000358581543
2019-03-22,11.38599967956543,11.38599967956543
2019-03-25,11.38599967956543,11.38599967956543
2019-03-26,11.312999725341797,11.312999725341797
2019-03-27,11.368499755859375,11.368499755859375
2019-03-28,11.392000198364258,11.392000198364258
2019-03-29,11.369999885559082,11.369999885559082
2019-04-01,11.346500396728516,11.346500396728516
2019-04-02,11.346500396728516,11.346500396728516
2019-04-03,11.271499633789062,11.271499633789062
2019-04-04,11.272000312805176,11.272000312805176
2019-04-05,11.256500244140625,11.256500244140625
2019-04-08,11.234999656677246,11.234999656677246
2019-04-09,11.275500297546387,11.275500297546387
2019-04-10,11.310999870300293,11.310999870300293
2019-04-11,11.258000373840332,11.258000373840332
2019-04-12,11.134499549865723,11.134499549865723
2019-04-15,11.137999534606934,11.137999534606934
2019-04-16,11.148500442504883,11.148500442504883
2019-04-17,11.119999885559082,11.119999885559082
2019-04-18,11.194999694824219,11.194999694824219
2019-04-23,11.240500450134277,11.240500450134277
2019-04-24,11.284000396728516,11.284000396728516
2019-04-25,11.345000267028809,11.345000267028809
2019-04-26,11.300000190734863,11.300000190734863
2019-04-29,11.305000305175781,11.305000305175781
2019-04-30,11.29699993133545,11.29699993133545
2019-05-02,11.3149995803833,11.3149995803833
2019-05-03,11.32450008392334,11.32450008392334
2019-05-06,11.36050033569336,11.36050033569336
2019-05-07,11.36050033569336,11.36050033569336
2019-05-08,11.450499534606934,11.450499534606934
2019-05-09,11.47599983215332,11.47599983215332
2019-05-10,11.477499961853027,11.477499961853027
2019-05-13,11.513999938964844,11.513999938964844
2019-05-14,11.487500190734863,11.487500190734863
2019-05-15,11.512999534606934,11.512999534606934
2019-05-16,11.508000373840332,11.508000373840332
2019-05-17,11.520000457763672,11.520000457763672
2019-05-20,11.490500450134277,11.490500450134277
2019-05-21,11.437000274658203,11.437000274658203
2019-05-22,11.493000030517578,11.493000030517578
2019-05-23,11.567000389099121,11.567000389099121
2019-05-24,11.557999610900879,11.557999610900879
2019-05-27,11.559499740600586,11.559499740600586
2019-05-28,11.58549976348877,11.58549976348877
2019-05-29,11.67300033569336,11.67300033569336
2019-05-30,11.616999626159668,11.616999626159668
2019-05-31,11.616999626159668,11.616999626159668
2019-06-03,11.680500030517578,11.680500030517578
2019-06-04,11.680500030517578,11.680500030517578
2019-06-05,11.680500030517578,11.680500030517578
2019-06-06,11.682499885559082,11.682499885559082
2019-06-07,11.659500122070312,11.659500122070312
2019-06-11,11.642999649047852,11.642999649047852
2019-06-12,11.650500297546387,11.650500297546387
2019-06-13,11.650500297546387,11.650500297546387
2019-06-14,11.732999801635742,11.732999801635742
2019-06-17,11.70300006866455,11.70300006866455
2019-06-18,11.798500061035156,11.798500061035156
2019-06-19,11.784000396728516,11.784000396728516
2019-06-20,11.84850025177002,11.84850025177002
2019-06-21,11.77299976348877,11.77299976348877
2019-06-24,11.713500022888184,11.713500022888184
2019-06-25,11.769499778747559,11.769499778747559
2019-06-26,11.678000450134277,11.678000450134277
2019-06-27,11.666500091552734,11.666500091552734
2019-06-28,11.655500411987305,11.655500411987305
2019-07-01,11.667499542236328,11.667499542236328
2019-07-02,11.705499649047852,11.705499649047852
2019-07-03,11.78499984741211,11.78499984741211
2019-07-04,11.781499862670898,11.781499862670898
2019-07-05,11.769499778747559,11.769499778747559
2019-07-08,11.761500358581543,11.761500358581543
2019-07-09,11.754500389099121,11.754500389099121
2019-07-10,11.727999687194824,11.727999687194824
2019-07-11,11.727999687194824,11.727999687194824
2019-07-12,11.751500129699707,11.751500129699707
2019-07-15,11.784000396728516,11.784000396728516
2019-07-16,11.784000396728516,11.784000396728516
2019-07-17,11.770500183105469,11.770500183105469
2019-07-18,11.821999549865723,11.821999549865723
2019-07-19,11.847000122070312,11.847000122070312
2019-07-22,11.83650016784668,11.83650016784668
2019-07-23,11.83650016784668,11.83650016784668
2019-07-24,11.880499839782715,11.880499839782715
2019-07-25,11.829999923706055,11.829999923706055
2019-07-26,11.857999801635742,11.857999801635742
2019-07-29,11.854499816894531,11.854499816894531
2019-07-30,11.846500396728516,11.846500396728516
2019-07-31,11.878999710083008,11.878999710083008
2019-08-01,11.958999633789062,11.958999633789062
2019-08-02,12.141500473022461,12.141500473022461
2019-08-05,12.133500099182129,12.133500099182129
2019-08-06,12.102999687194824,12.102999687194824
2019-08-07,12.167499542236328,12.167499542236328
2019-08-08,12.149499893188477,12.149499893188477
2019-08-09,12.258500099182129,12.258500099182129
2019-08-12,12.269499778747559,12.269499778747559
2019-08-13,12.180500030517578,12.180500030517578
2019-08-14,12.314000129699707,12.314000129699707
2019-08-15,12.338000297546387,12.338000297546387
2019-08-16,12.299500465393066,12.299500465393066
2019-08-19,12.307000160217285,12.307000160217285
2019-08-20,12.31149959564209,12.31149959564209
2019-08-21,12.304499626159668,12.304499626159668
2019-08-22,12.320500373840332,12.320500373840332
2019-08-23,12.320500373840332,12.320500373840332
2019-08-26,12.37399959564209,12.37399959564209
2019-08-27,12.433500289916992,12.433500289916992
2019-08-28,12.449000358581543,12.449000358581543
2019-08-29,12.388999938964844,12.388999938964844
2019-08-30,12.493499755859375,12.493499755859375
2019-09-02,12.53499984741211,12.53499984741211
2019-09-03,12.61400032043457,12.61400032043457
2019-09-04,12.480999946594238,12.480999946594238
2019-09-05,12.31350040435791,12.31350040435791
2019-09-06,12.300000190734863,12.300000190734863
2019-09-09,12.225000381469727,12.225000381469727
2019-09-10,12.220499992370605,12.220499992370605
2019-09-11,12.178000450134277,12.178000450134277
2019-09-12,12.086000442504883,12.086000442504883
2019-09-13,11.952500343322754,11.952500343322754
2019-09-16,12.057000160217285,12.057000160217285
2019-09-17,11.96049976348877,11.96049976348877
2019-09-18,12.024499893188477,12.024499893188477
2019-09-19,12.059000015258789,12.059000015258789
2019-09-20,12.059000015258789,12.059000015258789
2019-09-23,12.218500137329102,12.218500137329102
2019-09-24,12.20300006866455,12.20300006866455
2019-09-25,12.223999977111816,12.223999977111816
2019-09-26,12.244000434875488,12.244000434875488
2019-09-27,12.178999900817871,12.178999900817871
2019-09-30,12.206999778747559,12.206999778747559
2019-10-01,12.180000305175781,12.180000305175781
2019-10-02,12.229999542236328,12.229999542236328
2019-10-04,12.260000228881836,12.260000228881836
2019-10-07,12.211999893188477,12.211999893188477
2019-10-08,12.289999961853027,12.289999961853027
2019-10-09,12.178999900817871,12.178999900817871
2019-10-10,12.062999725341797,12.062999725341797
2019-10-11,11.930000305175781,11.930000305175781
2019-10-14,12.01099967956543,12.01099967956543
2019-10-15,11.916999816894531,11.916999816894531
2019-10-16,11.904000282287598,11.904000282287598
2019-10-17,11.866000175476074,11.866000175476074
2019-10-18,11.833000183105469,11.833000183105469
2019-10-21,11.798999786376953,11.798999786376953
2019-10-22,11.810999870300293,11.810999870300293
2019-10-23,11.836999893188477,11.836999893188477
2019-10-24,11.871000289916992,11.871000289916992
2019-10-25,11.854999542236328,11.854999542236328
2019-10-28,11.8100004196167,11.8100004196167
2019-10-29,11.793999671936035,11.793999671936035
2019-10-30,11.78499984741211,11.78499984741211
2019-10-31,11.89799976348877,11.89799976348877
2019-11-01,11.89799976348877,11.89799976348877
2019-11-04,11.852999687194824,11.852999687194824
2019-11-05,11.82800006866455,11.82800006866455
2019-11-06,11.807999610900879,11.807999610900879
2019-11-07,11.753999710083008,11.753999710083008
2019-11-08,11.812000274658203,11.812000274658203
2019-11-11,11.791999816894531,11.791999816894531
2019-11-12,11.770999908447266,11.770999908447266
2019-11-13,11.880000114440918,11.880000114440918
2019-11-14,11.930999755859375,11.930999755859375
2019-11-15,11.817000389099121,11.817000389099121
2019-11-18,11.807999610900879,11.807999610900879
2019-11-19,11.833000183105469,11.833000183105469
2019-11-20,11.845000267028809,11.845000267028809
2019-11-21,11.869000434875488,11.869000434875488
2019-11-22,11.904000282287598,11.904000282287598
2019-11-25,11.88700008392334,11.88700008392334
2019-11-26,11.88700008392334,11.88700008392334
2019-11-27,11.87399959564209,11.87399959564209
2019-11-28,11.82800006866455,11.82800006866455
2019-11-29,11.8100004196167,11.8100004196167
2019-12-02,11.746000289916992,11.746000289916992
2019-12-03,11.84000015258789,11.84000015258789
2019-12-04,11.743000030517578,11.743000030517578
2019-12-05,11.77400016784668,11.77400016784668
2019-12-06,11.798999786376953,11.798999786376953
2019-12-09,11.789999961853027,11.789999961853027
2019-12-10,11.765999794006348,11.765999794006348
2019-12-11,11.763999938964844,11.763999938964844
2019-12-12,11.678999900817871,11.678999900817871
2019-12-13,11.687999725341797,11.687999725341797
2019-12-16,11.616999626159668,11.616999626159668
2019-12-17,11.623499870300293,11.623499870300293
2019-12-18,11.655500411987305,11.655500411987305
2019-12-19,11.664999961853027,11.664999961853027
2019-12-20,11.675999641418457,11.675999641418457
2019-12-23,11.663999557495117,11.663999557495117
2019-12-27,11.578499794006348,11.578499794006348
2019-12-30,11.609999656677246,11.609999656677246
2020-01-02,11.737000465393066,11.737000465393066
2020-01-03,11.803999900817871,11.803999900817871
2020-01-06,11.727999687194824,11.727999687194824
2020-01-07,11.723999977111816,11.723999977111816
2020-01-08,11.734000205993652,11.734000205993652
2020-01-09,11.663000106811523,11.663000106811523
2020-01-10,11.649999618530273,11.649999618530273
2020-01-13,11.571999549865723,11.571999549865723
2020-01-14,11.569999694824219,11.569999694824219
2020-01-15,11.550000190734863,11.550000190734863
2020-01-16,11.527000427246094,11.527000427246094
2020-01-17,11.586999893188477,11.586999893188477
2020-01-20,11.583000183105469,11.583000183105469
2020-01-21,11.621999740600586,11.621999740600586
2020-01-22,11.642999649047852,11.642999649047852
2020-01-23,11.793999671936035,11.793999671936035
2020-01-24,11.807999610900879,11.807999610900879
2020-01-27,11.86400032043457,11.86400032043457
2020-01-28,11.843999862670898,11.843999862670898
2020-01-29,11.902000427246094,11.902000427246094
2020-01-30,11.90999984741211,11.90999984741211
2020-01-31,11.923999786376953,11.923999786376953
2020-02-03,11.88700008392334,11.88700008392334
2020-02-04,11.788000106811523,11.788000106811523
2020-02-05,11.777999877929688,11.777999877929688
2020-02-06,11.75,11.75
2020-02-07,11.829999923706055,11.829999923706055
2020-02-10,11.925999641418457,11.925999641418457
2020-02-11,11.916999816894531,11.916999816894531
2020-02-12,11.878000259399414,11.878000259399414
2020-02-13,11.939000129699707,11.939000129699707
2020-02-14,11.96500015258789,11.96500015258789
2020-02-17,11.96500015258789,11.96500015258789
2020-02-18,12.045999526977539,12.045999526977539
2020-02-19,11.897000312805176,11.897000312805176
2020-02-20,11.843999862670898,11.843999862670898
2020-02-21,11.795999526977539,11.795999526977539
2020-02-24,11.956000328063965,11.956000328063965
2020-02-25,11.961999893188477,11.961999893188477
2020-02-26,11.895999908447266,11.895999908447266
2020-02-27,11.868000030517578,11.868000030517578
2020-02-28,12.097999572753906,12.097999572753906
2020-03-02,11.944999694824219,11.944999694824219
2020-03-03,12.083999633789062,12.083999633789062
2020-03-04,12.03600025177002,12.03600025177002
2020-03-05,12.031000137329102,12.031000137329102
2020-03-06,12.10099983215332,12.10099983215332
2020-03-09,12.324000358581543,12.324000358581543
2020-03-10,12.104000091552734,12.104000091552734
2020-03-11,12.07800006866455,12.07800006866455
2020-03-12,12.050999641418457,12.050999641418457
2020-03-13,11.729999542236328,11.729999542236328
2020-03-16,11.78600025177002,11.78600025177002
2020-03-17,11.95199966430664,11.95199966430664
2020-03-18,11.954999923706055,11.954999923706055
2020-03-19,11.868499755859375,11.868499755859375
2020-03-20,11.906000137329102,11.906000137329102
2020-03-23,11.82699966430664,11.82699966430664
2020-03-24,11.704999923706055,11.704999923706055
2020-03-25,11.666999816894531,11.666999816894531
2020-03-26,11.70199966430664,11.70199966430664
2020-03-27,11.831000328063965,11.831000328063965
2020-03-30,11.883999824523926,11.883999824523926
2020-03-31,11.946000099182129,11.946000099182129
2020-04-01,12.060999870300293,12.060999870300293
2020-04-02,12.105999946594238,12.105999946594238
2020-04-03,12.112000465393066,12.112000465393066
2020-04-06,11.998000144958496,11.998000144958496
2020-04-07,11.904000282287598,11.904000282287598
2020-04-08,11.961999893188477,11.961999893188477
2020-04-09,11.940999984741211,11.940999984741211
2020-04-14,12.020999908447266,12.020999908447266
2020-04-15,12.04699993133545,12.04699993133545
2020-04-16,12.119999885559082,12.119999885559082
2020-04-17,12.026000022888184,12.026000022888184
2020-04-20,12.031000137329102,12.031000137329102
2020-04-21,12.083000183105469,12.083000183105469
2020-04-22,12.11299991607666,12.11299991607666
2020-04-23,12.163999557495117,12.163999557495117
2020-04-24,12.248000144958496,12.248000144958496
2020-04-27,12.21399974822998,12.21399974822998
2020-04-28,12.253000259399414,12.253000259399414
2020-04-29,12.274999618530273,12.274999618530273
2020-04-30,12.118000030517578,12.118000030517578
2020-05-04,12.154000282287598,12.154000282287598
2020-05-05,12.256999969482422,12.256999969482422
2020-05-06,12.335000038146973,12.335000038146973
2020-05-07,12.30150032043457,12.30150032043457
2020-05-08,12.218000411987305,12.218000411987305
2020-05-11,12.119000434875488,12.119000434875488
2020-05-12,12.112000465393066,12.112000465393066
2020-05-13,12.192500114440918,12.192500114440918
2020-05-14,12.22700023651123,12.22700023651123
2020-05-15,12.1899995803833,12.1899995803833
2020-05-18,12.091500282287598,12.091500282287598
2020-05-19,11.961000442504883,11.961000442504883
2020-05-20,11.968500137329102,11.968500137329102
2020-05-21,11.987500190734863,11.987500190734863
2020-05-22,12.077500343322754,12.077500343322754
2020-05-25,12.013999938964844,12.013999938964844
2020-05-26,11.946000099182129,11.946000099182129
2020-05-27,11.941499710083008,11.941499710083008
2020-05-28,11.874500274658203,11.874500274658203
2020-05-29,11.758500099182129,11.758500099182129
2020-06-02,11.611000061035156,11.611000061035156
2020-06-03,11.489999771118164,11.489999771118164
2020-06-04,11.370499610900879,11.370499610900879
2020-06-05,11.284000396728516,11.284000396728516
2020-06-08,11.430000305175781,11.430000305175781
2020-06-09,11.509499549865723,11.509499549865723
2020-06-10,11.571999549865723,11.571999549865723
2020-06-11,11.609999656677246,11.609999656677246
2020-06-12,11.669500350952148,11.669500350952148
2020-06-15,11.630999565124512,11.630999565124512
2020-06-16,11.628499984741211,11.628499984741211
2020-06-17,11.67650032043457,11.67650032043457
2020-06-18,11.726499557495117,11.726499557495117
2020-06-19,11.7475004196167,11.7475004196167
2020-06-22,11.69950008392334,11.69950008392334
2020-06-23,11.657999992370605,11.657999992370605
2020-06-24,11.660499572753906,11.660499572753906
2020-06-25,11.692999839782715,11.692999839782715
2020-06-26,11.710000038146973,11.710000038146973
2020-06-29,11.59749984741211,11.59749984741211
2020-06-30,11.57450008392334,11.57450008392334
2020-07-01,11.565999984741211,11.565999984741211
2020-07-02,11.576000213623047,11.576000213623047
2020-07-03,11.582500457763672,11.582500457763672
2020-07-06,11.508500099182129,11.508500099182129
2020-07-07,11.521499633789062,11.521499633789062
2020-07-08,11.52649974822998,11.52649974822998
2020-07-09,11.594499588012695,11.594499588012695
2020-07-10,11.623499870300293,11.623499870300293
2020-07-13,11.5,11.5
2020-07-14,11.472999572753906,11.472999572753906
2020-07-15,11.479499816894531,11.479499816894531
2020-07-16,11.457500457763672,11.457500457763672
2020-07-17,11.46500015258789,11.46500015258789
2020-07-20,11.427000045776367,11.427000045776367
2020-07-21,11.447999954223633,11.447999954223633
2020-07-22,11.32450008392334,11.32450008392334
2020-07-23,11.324000358581543,11.324000358581543
2020-07-24,11.41349983215332,11.41349983215332
2020-07-27,11.361499786376953,11.361499786376953
2020-07-28,11.413000106811523,11.413000106811523
2020-07-29,11.371000289916992,11.371000289916992
2020-07-30,11.361000061035156,11.361000061035156
2020-07-31,11.274499893188477,11.274499893188477
2020-08-03,11.275500297546387,11.275500297546387
2020-08-04,11.298500061035156,11.298500061035156
2020-08-05,11.210000038146973,11.210000038146973
2020-08-06,11.27299976348877,11.27299976348877
2020-08-07,11.267499923706055,11.267499923706055
2020-08-10,11.300000190734863,11.300000190734863
2020-08-11,11.19950008392334,11.19950008392334
2020-08-12,11.097000122070312,11.097000122070312
2020-08-13,11.06149959564209,11.06149959564209
2020-08-14,11.11050033569336,11.11050033569336
2020-08-17,11.123000144958496,11.123000144958496
2020-08-18,11.128499984741211,11.128499984741211
2020-08-19,11.136500358581543,11.136500358581543
2020-08-20,11.15999984741211,11.15999984741211
2020-08-21,11.215999603271484,11.215999603271484
2020-08-24,11.205499649047852,11.205499649047852
2020-08-25,11.106499671936035,11.106499671936035
2020-08-26,11.159000396728516,11.159000396728516
2020-08-27,11.131999969482422,11.131999969482422
2020-08-28,11.156999588012695,11.156999588012695
2020-08-31,11.062000274658203,11.062000274658203
2020-09-01,11.067999839782715,11.067999839782715
2020-09-02,11.164999961853027,11.164999961853027
2020-09-03,11.19849967956543,11.19849967956543
2020-09-04,11.145999908447266,11.145999908447266
2020-09-07,11.142499923706055,11.142499923706055
2020-09-08,11.182999610900879,11.182999610900879
2020-09-09,11.157500267028809,11.157500267028809
2020-09-10,11.108499526977539,11.108499526977539
2020-09-11,11.189000129699707,11.189000129699707
2020-09-14,11.1899995803833,11.1899995803833
2020-09-15,11.240500450134277,11.240500450134277
2020-09-16,11.307499885559082,11.307499885559082
2020-09-17,11.320500373840332,11.320500373840332
2020-09-18,11.33899974822998,11.33899974822998
2020-09-21,11.432499885559082,11.432499885559082
2020-09-22,11.419500350952148,11.419500350952148
2020-09-23,11.437000274658203,11.437000274658203
2020-09-24,11.418000221252441,11.418000221252441
2020-09-25,11.43850040435791,11.43850040435791
2020-09-28,11.394499778747559,11.394499778747559
2020-09-29,11.319999694824219,11.319999694824219
2020-09-30,11.322500228881836,11.322500228881836
2020-10-01,11.307999610900879,11.307999610900879
2020-10-02,11.368000030517578,11.368000030517578
2020-10-05,11.253999710083008,11.253999710083008
2020-10-06,11.248000144958496,11.248000144958496
2020-10-07,11.22700023651123,11.22700023651123
2020-10-08,11.255499839782715,11.255499839782715
2020-10-09,11.227499961853027,11.227499961853027
2020-10-12,11.279000282287598,11.279000282287598
2020-10-13,11.307999610900879,11.307999610900879
2020-10-14,11.33650016784668,11.33650016784668
2020-10-15,11.387499809265137,11.387499809265137
2020-10-16,11.361499786376953,11.361499786376953
2020-10-19,11.288000106811523,11.288000106811523
2020-10-20,11.248000144958496,11.248000144958496
2020-10-21,11.30150032043457,11.30150032043457
2020-10-22,11.293999671936035,11.293999671936035
2020-10-23,11.300999641418457,11.300999641418457
2020-10-26,11.31149959564209,11.31149959564209
2020-10-27,11.366000175476074,11.366000175476074
2020-10-28,11.439000129699707,11.439000129699707
2020-10-29,11.494999885559082,11.494999885559082
2020-10-30,11.487000465393066,11.487000465393066
2020-11-02,11.491000175476074,11.491000175476074
2020-11-03,11.41100025177002,11.41100025177002
2020-11-04,11.459500312805176,11.459500312805176
2020-11-05,11.452500343322754,11.452500343322754
2020-11-06,11.423500061035156,11.423500061035156
2020-11-09,11.213500022888184,11.213500022888184
2020-11-10,11.256500244140625,11.256500244140625
2020-11-11,11.27400016784668,11.27400016784668
2020-11-12,11.291500091552734,11.291500091552734
2020-11-13,11.32450008392334,11.32450008392334
2020-11-16,11.333000183105469,11.333000183105469
2020-11-17,11.350000381469727,11.350000381469727
2020-11-18,11.409000396728516,11.409000396728516
2020-11-19,11.419500350952148,11.419500350952148
2020-11-20,11.399499893188477,11.399499893188477
2020-11-23,11.386500358581543,11.386500358581543
2020-11-24,11.295999526977539,11.295999526977539
2020-11-25,11.295999526977539,11.295999526977539
2020-11-26,11.317999839782715,11.317999839782715
2020-11-27,11.276000022888184,11.276000022888184
2020-11-30,11.232500076293945,11.232500076293945
2020-12-01,11.14900016784668,11.14900016784668
2020-12-02,11.086000442504883,11.086000442504883
2020-12-03,11.116000175476074,11.116000175476074
2020-12-04,11.085000038146973,11.085000038146973
2020-12-07,11.121999740600586,11.121999740600586
2020-12-08,11.143500328063965,11.143500328063965
2020-12-09,11.169500350952148,11.169500350952148
2020-12-10,11.120499610900879,11.120499610900879
2020-12-11,11.180000305175781,11.180000305175781
2020-12-14,11.131999969482422,11.131999969482422
2020-12-15,11.147000312805176,11.147000312805176
2020-12-16,11.13949966430664,11.13949966430664
2020-12-17,11.135000228881836,11.135000228881836
2020-12-18,11.107000350952148,11.107000350952148
2020-12-21,11.118499755859375,11.118499755859375
2020-12-22,11.148500442504883,11.148500442504883
2020-12-23,11.120499610900879,11.120499610900879
2020-12-28,11.062999725341797,11.062999725341797
2020-12-29,11.053000450134277,11.053000450134277
2020-12-30,11.067000389099121,11.067000389099121
2021-01-04,11.093999862670898,11.093999862670898
2021-01-05,11.12399959564209,11.12399959564209
2021-01-06,11.045499801635742,11.045499801635742
2021-01-07,10.994999885559082,10.994999885559082
2021-01-08,10.998000144958496,10.998000144958496
2021-01-11,11.048500061035156,11.048500061035156
2021-01-12,11.045000076293945,11.045000076293945
2021-01-13,11.09850025177002,11.09850025177002
2021-01-14,11.137999534606934,11.137999534606934
2021-01-15,11.159500122070312,11.159500122070312
2021-01-18,11.17650032043457,11.17650032043457
2021-01-19,11.114500045776367,11.114500045776367
2021-01-20,11.170000076293945,11.170000076293945
2021-01-21,11.131999969482422,11.131999969482422
2021-01-22,11.074999809265137,11.074999809265137
2021-01-25,11.119999885559082,11.119999885559082
2021-01-26,11.09850025177002,11.09850025177002
2021-01-27,11.114999771118164,11.114999771118164
2021-01-28,11.046500205993652,11.046500205993652
2021-01-29,10.994999885559082,10.994999885559082
2021-02-01,10.999500274658203,10.999500274658203
2021-02-02,11.046500205993652,11.046500205993652
2021-02-03,11.059000015258789,11.059000015258789
2021-02-04,11.067000389099121,11.067000389099121
2021-02-05,11.008500099182129,11.008500099182129
2021-02-08,11.020999908447266,11.020999908447266
2021-02-09,11.025500297546387,11.025500297546387
2021-02-10,10.991499900817871,10.991499900817871
2021-02-11,10.982500076293945,10.982500076293945
2021-02-12,10.968999862670898,10.968999862670898
2021-02-15,10.910499572753906,10.910499572753906
2021-02-16,10.874500274658203,10.874500274658203
2021-02-17,10.930999755859375,10.930999755859375
2021-02-18,10.897500038146973,10.897500038146973
2021-02-19,10.85200023651123,10.85200023651123
2021-02-22,10.87600040435791,10.87600040435791
2021-02-23,10.869999885559082,10.869999885559082
2021-02-24,10.782500267028809,10.782500267028809
2021-02-25,10.621000289916992,10.621000289916992
2021-02-26,10.715999603271484,10.715999603271484
2021-03-01,10.787500381469727,10.787500381469727
2021-03-02,10.779500007629395,10.779500007629395
2021-03-03,10.758000373840332,10.758000373840332
2021-03-04,10.693499565124512,10.693499565124512
2021-03-05,10.795999526977539,10.795999526977539
2021-03-08,10.7475004196167,10.7475004196167
2021-03-09,10.748499870300293,10.748499870300293
2021-03-10,10.746000289916992,10.746000289916992
2021-03-11,10.737000465393066,10.737000465393066
2021-03-12,10.682499885559082,10.682499885559082
2021-03-15,10.69950008392334,10.69950008392334
2021-03-16,10.742500305175781,10.742500305175781
2021-03-17,10.708000183105469,10.708000183105469
2021-03-18,10.708999633789062,10.708999633789062
2021-03-19,10.73449993133545,10.73449993133545
2021-03-22,10.76099967956543,10.76099967956543
2021-03-23,10.849499702453613,10.849499702453613
2021-03-24,10.868000030517578,10.868000030517578
2021-03-25,10.862500190734863,10.862500190734863
2021-03-26,10.800000190734863,10.800000190734863
2021-03-29,10.812999725341797,10.812999725341797
2021-03-30,10.793000221252441,10.793000221252441
2021-03-31,10.739500045776367,10.739500045776367
2021-04-01,10.696999549865723,10.696999549865723
2021-04-06,10.720499992370605,10.720499992370605
2021-04-07,10.708000183105469,10.708000183105469
2021-04-08,10.743000030517578,10.743000030517578
2021-04-09,10.691499710083008,10.691499710083008
2021-04-12,10.691499710083008,10.691499710083008
2021-04-13,10.720499992370605,10.720499992370605
2021-04-14,10.704500198364258,10.704500198364258
2021-04-15,10.760499954223633,10.760499954223633
2021-04-16,10.724499702453613,10.724499702453613
2021-04-19,10.758000373840332,10.758000373840332
2021-04-20,10.76449966430664,10.76449966430664
2021-04-21,10.76550006866455,10.76550006866455
2021-04-22,10.796500205993652,10.796500205993652
2021-04-23,10.760499954223633,10.760499954223633
2021-04-26,10.714500427246094,10.714500427246094
2021-04-27,10.677499771118164,10.677499771118164
2021-04-28,10.626999855041504,10.626999855041504
2021-04-29,10.583000183105469,10.583000183105469
2021-04-30,10.621000289916992,10.621000289916992
2021-05-03,10.623499870300293,10.623499870300293
2021-05-04,10.664999961853027,10.664999961853027
2021-05-05,10.668499946594238,10.668499946594238
2021-05-06,10.629500389099121,10.629500389099121
2021-05-07,10.604000091552734,10.604000091552734
2021-05-10,10.588500022888184,10.588500022888184
2021-05-11,10.590499877929688,10.590499877929688
2021-05-12,10.586000442504883,10.586000442504883
2021-05-13,10.546500205993652,10.546500205993652
2021-05-14,10.53849983215332,10.53849983215332
2021-05-17,10.55150032043457,10.55150032043457
2021-05-18,10.520999908447266,10.520999908447266
2021-05-19,10.52299976348877,10.52299976348877
2021-05-20,10.520999908447266,10.520999908447266
2021-05-21,10.525500297546387,10.525500297546387
2021-05-25,10.491999626159668,10.491999626159668
2021-05-26,10.522500038146973,10.522500038146973
2021-05-27,10.458000183105469,10.458000183105469
2021-05-28,10.439499855041504,10.439499855041504
2021-05-31,10.440999984741211,10.440999984741211
2021-06-01,10.429499626159668,10.429499626159668
2021-06-02,10.444999694824219,10.444999694824219
2021-06-03,10.446000099182129,10.446000099182129
2021-06-04,10.498000144958496,10.498000144958496
2021-06-07,10.488499641418457,10.488499641418457
2021-06-08,10.496999740600586,10.496999740600586
2021-06-09,10.480999946594238,10.480999946594238
2021-06-10,10.511500358581543,10.511500358581543
2021-06-11,10.569999694824219,10.569999694824219
2021-06-14,10.508500099182129,10.508500099182129
2021-06-15,10.486499786376953,10.486499786376953
2021-06-16,10.506999969482422,10.506999969482422
2021-06-17,10.63599967956543,10.63599967956543
2021-06-18,10.701000213623047,10.701000213623047
2021-06-21,10.668999671936035,10.668999671936035
2021-06-22,10.619000434875488,10.619000434875488
2021-06-23,10.57450008392334,10.57450008392334
2021-06-24,10.592000007629395,10.592000007629395
2021-06-25,10.583499908447266,10.583499908447266
2021-06-28,10.619500160217285,10.619500160217285
2021-06-29,10.63599967956543,10.63599967956543
2021-06-30,10.653499603271484,10.653499603271484
2021-07-01,10.60200023651123,10.60200023651123
2021-07-02,10.64050006866455,10.64050006866455
2021-07-05,10.659000396728516,10.659000396728516
2021-07-06,10.734999656677246,10.734999656677246
2021-07-07,10.7524995803833,10.7524995803833
2021-07-08,10.803999900817871,10.803999900817871
2021-07-09,10.73900032043457,10.73900032043457
2021-07-12,10.727999687194824,10.727999687194824
2021-07-13,10.777000427246094,10.777000427246094
2021-07-14,10.8125,10.8125
2021-07-15,10.83650016784668,10.83650016784668
2021-07-16,10.824000358581543,10.824000358581543
2021-07-19,10.897000312805176,10.897000312805176
2021-07-20,10.88949966430664,10.88949966430664
2021-07-21,10.821000099182129,10.821000099182129
2021-07-22,10.854499816894531,10.854499816894531
2021-07-23,10.817000389099121,10.817000389099121
2021-07-26,10.797499656677246,10.797499656677246
2021-07-27,10.845499992370605,10.845499992370605
2021-07-28,10.826000213623047,10.826000213623047
2021-07-29,10.81149959564209,10.81149959564209
2021-07-30,10.820500373840332,10.820500373840332
2021-08-02,10.86050033569336,10.86050033569336
2021-08-03,10.901000022888184,10.901000022888184
2021-08-04,10.879500389099121,10.879500389099121
2021-08-05,10.838000297546387,10.838000297546387
2021-08-06,10.840999603271484,10.840999603271484
2021-08-09,10.857999801635742,10.857999801635742
2021-08-10,10.852499961853027,10.852499961853027
2021-08-11,10.846500396728516,10.846500396728516
2021-08-12,10.866000175476074,10.866000175476074
2021-08-13,10.866999626159668,10.866999626159668
2021-08-16,10.9375,10.9375
2021-08-17,10.963500022888184,10.963500022888184
2021-08-18,10.9375,10.9375
2021-08-19,10.970499992370605,10.970499992370605
2021-08-20,10.978500366210938,10.978500366210938
2021-08-23,10.930999755859375,10.930999755859375
2021-08-24,10.923999786376953,10.923999786376953
2021-08-25,10.868000030517578,10.868000030517578
2021-08-26,10.856499671936035,10.856499671936035
2021-08-27,10.859999656677246,10.859999656677246
2021-08-30,10.849499702453613,10.849499702453613
2021-08-31,10.831500053405762,10.831500053405762
2021-09-01,10.785499572753906,10.785499572753906
2021-09-02,10.77750015258789,10.77750015258789
2021-09-03,10.781000137329102,10.781000137329102
2021-09-06,10.77299976348877,10.77299976348877
2021-09-07,10.743499755859375,10.743499755859375
2021-09-08,10.758500099182129,10.758500099182129
2021-09-09,10.815999984741211,10.815999984741211
2021-09-10,10.78499984741211,10.78499984741211
2021-09-13,10.805500030517578,10.805500030517578
2021-09-14,10.827500343322754,10.827500343322754
2021-09-15,10.869000434875488,10.869000434875488
2021-09-16,10.878000259399414,10.878000259399414
2021-09-17,10.86400032043457,10.86400032043457
2021-09-20,10.911499977111816,10.911499977111816
2021-09-21,10.967000007629395,10.967000007629395
2021-09-22,10.920000076293945,10.920000076293945
2021-09-23,10.840499877929688,10.840499877929688
2021-09-24,10.797499656677246,10.797499656677246
2021-09-27,10.77750015258789,10.77750015258789
2021-09-28,10.75,10.75
2021-09-29,10.779500007629395,10.779500007629395
2021-09-30,10.833999633789062,10.833999633789062
2021-10-01,10.894499778747559,10.894499778747559
2021-10-04,10.88599967956543,10.88599967956543
2021-10-05,10.828499794006348,10.828499794006348
2021-10-06,10.895000457763672,10.895000457763672
2021-10-07,10.853500366210938,10.853500366210938
2021-10-08,10.761500358581543,10.761500358581543
2021-10-11,10.640999794006348,10.640999794006348
2021-10-12,10.640999794006348,10.640999794006348
2021-10-13,10.654999732971191,10.654999732971191
2021-10-14,10.645500183105469,10.645500183105469
2021-10-15,10.552000045776367,10.552000045776367
2021-10-18,10.535499572753906,10.535499572753906
2021-10-19,10.515999794006348,10.515999794006348
2021-10-20,10.503499984741211,10.503499984741211
2021-10-21,10.545000076293945,10.545000076293945
2021-10-22,10.548999786376953,10.548999786376953
2021-10-25,10.567000389099121,10.567000389099121
2021-10-26,10.553999900817871,10.553999900817871
2021-10-27,10.582500457763672,10.582500457763672
2021-10-28,10.5625,10.5625
2021-10-29,10.605500221252441,10.605500221252441
2021-11-01,10.576000213623047,10.576000213623047
2021-11-02,10.619999885559082,10.619999885559082
2021-11-03,10.579000473022461,10.579000473022461
2021-11-04,10.678000450134277,10.678000450134277
2021-11-05,10.715999603271484,10.715999603271484
2021-11-08,10.6850004196167,10.6850004196167
2021-11-09,10.718999862670898,10.718999862670898
2021-11-10,10.666999816894531,10.666999816894531
2021-11-11,10.717499732971191,10.717499732971191
2021-11-12,10.72599983215332,10.72599983215332
2021-11-15,10.751999855041504,10.751999855041504
2021-11-16,10.76200008392334,10.76200008392334
2021-11-17,10.8125,10.8125
2021-11-18,10.788999557495117,10.788999557495117
2021-11-19,10.8774995803833,10.8774995803833
2021-11-22,10.817999839782715,10.817999839782715
2021-11-23,10.782999992370605,10.782999992370605
2021-11-24,10.809000015258789,10.809000015258789
2021-11-25,10.804499626159668,10.804499626159668
2021-11-26,10.910499572753906,10.910499572753906
2021-11-29,10.907500267028809,10.907500267028809
2021-11-30,10.966500282287598,10.966500282287598
2021-12-01,10.954000473022461,10.954000473022461
2021-12-02,10.96049976348877,10.96049976348877
2021-12-03,10.975000381469727,10.975000381469727
2021-12-06,10.965499877929688,10.965499877929688
2021-12-07,10.980999946594238,10.980999946594238
2021-12-08,10.857000350952148,10.857000350952148
2021-12-09,10.961000442504883,10.961000442504883
2021-12-10,10.937999725341797,10.937999725341797
2021-12-13,10.954500198364258,10.954500198364258
2021-12-14,10.952500343322754,10.952500343322754
2021-12-15,10.956000328063965,10.956000328063965
2021-12-16,10.920499801635742,10.920499801635742
2021-12-17,10.954000473022461,10.954000473022461
2021-12-20,10.9375,10.9375
2021-12-21,10.896499633789062,10.896499633789062
2021-12-22,10.826499938964844,10.826499938964844
2021-12-23,10.821000099182129,10.821000099182129
2021-12-27,10.76200008392334,10.76200008392334
2021-12-28,10.784500122070312,10.784500122070312
2021-12-29,10.720499992370605,10.720499992370605
2021-12-30,10.721500396728516,10.721500396728516
2022-01-03,10.73799991607666,10.73799991607666
2022-01-04,10.640000343322754,10.640000343322754
2022-01-05,10.625,10.625
2022-01-06,10.626500129699707,10.626500129699707
2022-01-07,10.57349967956543,10.57349967956543
2022-01-10,10.662500381469727,10.662500381469727
2022-01-11,10.600500106811523,10.600500106811523
2022-01-12,10.626500129699707,10.626500129699707
2022-01-13,10.649499893188477,10.649499893188477
2022-01-14,10.687000274658203,10.687000274658203
2022-01-17,10.646499633789062,10.646499633789062
2022-01-18,10.697999954223633,10.697999954223633
2022-01-19,10.73550033569336,10.73550033569336
2022-01-20,10.758500099182129,10.758500099182129
2022-01-21,10.794500350952148,10.794500350952148
2022-01-24,10.78499984741211,10.78499984741211
2022-01-25,10.847000122070312,10.847000122070312
2022-01-26,10.791999816894531,10.791999816894531
2022-01-27,10.788000106811523,10.788000106811523
2022-01-28,10.78499984741211,10.78499984741211
2022-01-31,10.715999603271484,10.715999603271484
2022-02-01,10.710000038146973,10.710000038146973
2022-02-02,10.704500198364258,10.704500198364258
2022-02-03,10.512499809265137,10.512499809265137
2022-02-04,10.414999961853027,10.414999961853027
2022-02-07,10.437999725341797,10.437999725341797
2022-02-08,10.399999618530273,10.399999618530273
2022-02-09,10.41349983215332,10.41349983215332
2022-02-10,10.306500434875488,10.306500434875488
2022-02-11,10.367500305175781,10.367500305175781
2022-02-14,10.462499618530273,10.462499618530273
2022-02-15,10.399999618530273,10.399999618530273
2022-02-16,10.406000137329102,10.406000137329102
2022-02-17,10.411999702453613,10.411999702453613
2022-02-18,10.479499816894531,10.479499816894531
2022-02-21,10.517999649047852,10.517999649047852
2022-02-22,10.515999794006348,10.515999794006348
2022-02-23,10.522500038146973,10.522500038146973
2022-02-24,10.638999938964844,10.638999938964844
2022-02-25,10.512999534606934,10.512999534606934
2022-02-28,10.61050033569336,10.61050033569336
2022-03-01,10.787500381469727,10.787500381469727
2022-03-02,10.682499885559082,10.682499885559082
2022-03-03,10.756999969482422,10.756999969482422
2022-03-04,11.037500381469727,11.037500381469727
2022-03-07,10.98900032043457,10.98900032043457
2022-03-08,10.903499603271484,10.903499603271484
2022-03-09,10.711999893188477,10.711999893188477
2022-03-10,10.736000061035156,10.736000061035156
2022-03-11,10.712499618530273,10.712499618530273
2022-03-14,10.582500457763672,10.582500457763672
2022-03-15,10.54699993133545,10.54699993133545
2022-03-16,10.49899959564209,10.49899959564209
2022-03-17,10.406499862670898,10.406499862670898
2022-03-18,10.40149974822998,10.40149974822998
2022-03-21,10.410499572753906,10.410499572753906
2022-03-22,10.297499656677246,10.297499656677246
2022-03-23,10.2524995803833,10.2524995803833
2022-03-24,10.151000022888184,10.151000022888184
2022-03-25,10.142000198364258,10.142000198364258
2022-03-28,10.008500099182129,10.008500099182129
2022-03-29,9.917200088500977,9.917200088500977
2022-03-30,9.996999740600586,9.996999740600586
2022-03-31,10.173999786376953,10.173999786376953
2022-04-01,10.072500228881836,10.072500228881836
2022-04-04,10.147000312805176,10.147000312805176
2022-04-05,10.108499526977539,10.108499526977539
2022-04-06,10.053999900817871,10.053999900817871
2022-04-07,10.069000244140625,10.069000244140625
2022-04-08,10.0600004196167,10.0600004196167
2022-04-11,9.950799942016602,9.950799942016602
2022-04-12,10.013999938964844,10.013999938964844
2022-04-13,9.96399974822998,9.96399974822998
2022-04-14,10.022000312805176,10.022000312805176
2022-04-19,9.789199829101562,9.789199829101562
2022-04-20,9.812600135803223,9.812600135803223
2022-04-21,9.744400024414062,9.744400024414062
2022-04-22,9.76159954071045,9.76159954071045
2022-04-25,9.956600189208984,9.956600189208984
2022-04-26,10.021499633789062,10.021499633789062
2022-04-27,10.029999732971191,10.029999732971191
2022-04-28,9.892600059509277,9.892600059509277
2022-04-29,9.941800117492676,9.941800117492676
2022-05-02,9.917400360107422,9.917400360107422
2022-05-03,9.936599731445312,9.936599731445312
2022-05-04,9.91100025177002,9.91100025177002
2022-05-05,9.92240047454834,9.92240047454834
2022-05-06,9.829000473022461,9.829000473022461
2022-05-09,9.884599685668945,9.884599685668945
2022-05-10,9.88599967956543,9.88599967956543
2022-05-11,9.871199607849121,9.871199607849121
2022-05-12,10.200499534606934,10.200499534606934
2022-05-13,10.098999977111816,10.098999977111816
2022-05-16,10.121999740600586,10.121999740600586
2022-05-17,9.958600044250488,9.958600044250488
2022-05-18,10.079500198364258,10.079500198364258
2022-05-19,10.081000328063965,10.081000328063965
2022-05-20,10.086000442504883,10.086000442504883
2022-05-23,9.964400291442871,9.964400291442871
2022-05-24,10.064000129699707,10.064000129699707
2022-05-25,10.057499885559082,10.057499885559082
2022-05-26,9.947799682617188,9.947799682617188
2022-05-27,10.020000457763672,10.020000457763672
2022-05-30,9.893799781799316,9.893799781799316
2022-05-31,9.844200134277344,9.844200134277344
2022-06-01,9.803600311279297,9.803600311279297
2022-06-02,9.74899959564209,9.74899959564209
2022-06-03,9.687800407409668,9.687800407409668
2022-06-06,9.630200386047363,9.630200386047363
2022-06-07,9.56719970703125,9.56719970703125
2022-06-08,9.4197998046875,9.4197998046875
2022-06-09,9.465200424194336,9.465200424194336
2022-06-10,9.565600395202637,9.565600395202637
2022-06-13,9.522600173950195,9.522600173950195
2022-06-14,9.483599662780762,9.483599662780762
2022-06-15,9.606800079345703,9.606800079345703
2022-06-16,9.653400421142578,9.653400421142578
2022-06-17,9.554800033569336,9.554800033569336
2022-06-20,9.414799690246582,9.414799690246582
2022-06-21,9.266599655151367,9.266599655151367
2022-06-22,9.298999786376953,9.298999786376953
2022-06-23,9.479000091552734,9.479000091552734
2022-06-24,9.394399642944336,9.394399642944336
2022-06-27,9.300800323486328,9.300800323486328
2022-06-28,9.280799865722656,9.280799865722656
2022-06-29,9.351200103759766,9.351200103759766
2022-06-30,9.445199966430664,9.445199966430664
2022-07-01,9.575599670410156,9.575599670410156
2022-07-04,9.469400405883789,9.469400405883789
2022-07-05,9.657600402832031,9.657600402832031
2022-07-06,9.694000244140625,9.694000244140625
2022-07-07,9.69540023803711,9.69540023803711
2022-07-08,9.643799781799316,9.643799781799316
2022-07-11,9.651200294494629,9.651200294494629
2022-07-12,9.71399974822998,9.71399974822998
2022-07-13,9.67020034790039,9.67020034790039
2022-07-14,9.626999855041504,9.626999855041504
2022-07-15,9.621800422668457,9.621800422668457
2022-07-18,9.560400009155273,9.560400009155273
2022-07-19,9.489800453186035,9.489800453186035
2022-07-20,9.49779987335205,9.49779987335205
2022-07-21,9.53320026397705,9.53320026397705
2022-07-22,9.684200286865234,9.684200286865234
2022-07-25,9.647199630737305,9.647199630737305
2022-07-26,9.780200004577637,9.780200004577637
2022-07-27,9.725000381469727,9.725000381469727
2022-07-28,9.887800216674805,9.887800216674805
2022-07-29,9.935199737548828,9.935199737548828
2022-08-01,9.986800193786621,9.986800193786621
2022-08-02,10.044500350952148,10.044500350952148
2022-08-03,9.91100025177002,9.91100025177002
2022-08-04,9.931400299072266,9.931400299072266
2022-08-05,9.836999893188477,9.836999893188477
2022-08-08,9.864800453186035,9.864800453186035
2022-08-09,9.847599983215332,9.847599983215332
2022-08-10,9.906000137329102,9.906000137329102
2022-08-11,9.899999618530273,9.899999618530273
2022-08-12,9.930999755859375,9.930999755859375
2022-08-15,10.029999732971191,10.029999732971191
2022-08-16,9.9399995803833,9.9399995803833
2022-08-17,9.86340045928955,9.86340045928955
2022-08-18,9.925399780273438,9.925399780273438
2022-08-19,9.843199729919434,9.843199729919434
2022-08-22,9.874199867248535,9.874199867248535
2022-08-23,9.921600341796875,9.921600341796875
2022-08-24,9.878600120544434,9.878600120544434
2022-08-25,9.897199630737305,9.897199630737305
2022-08-26,9.832200050354004,9.832200050354004
2022-08-29,9.692000389099121,9.692000389099121
2022-08-30,9.666799545288086,9.666799545288086
2022-08-31,9.65820026397705,9.65820026397705
2022-09-01,9.641599655151367,9.641599655151367
2022-09-02,9.54520034790039,9.54520034790039
2022-09-05,9.62279987335205,9.62279987335205
2022-09-06,9.434399604797363,9.434399604797363
2022-09-07,9.304400444030762,9.304400444030762
2022-09-08,9.324600219726562,9.324600219726562
2022-09-09,9.335200309753418,9.335200309753418
2022-09-12,9.277799606323242,9.277799606323242
2022-09-13,9.278599739074707,9.278599739074707
2022-09-14,9.43019962310791,9.43019962310791
2022-09-15,9.322400093078613,9.322400093078613
2022-09-16,9.314800262451172,9.314800262451172
2022-09-19,9.309200286865234,9.309200286865234
2022-09-20,9.26360034942627,9.26360034942627
2022-09-21,9.337400436401367,9.337400436401367
2022-09-22,9.528200149536133,9.528200149536133
2022-09-23,9.532600402832031,9.532600402832031
2022-09-26,9.523599624633789,9.523599624633789
2022-09-27,9.493599891662598,9.493599891662598
2022-09-28,9.511799812316895,9.511799812316895
2022-09-29,9.39780044555664,9.39780044555664
2022-09-30,9.38860034942627,9.38860034942627
2022-10-03,9.43239974975586,9.43239974975586
2022-10-04,9.271599769592285,9.271599769592285
2022-10-05,9.333200454711914,9.333200454711914
2022-10-06,9.350799560546875,9.350799560546875
2022-10-07,9.366399765014648,9.366399765014648
2022-10-10,9.401800155639648,9.401800155639648
2022-10-11,9.345999717712402,9.345999717712402
2022-10-12,9.246000289916992,9.246000289916992
2022-10-13,9.164400100708008,9.164400100708008
2022-10-14,9.11460018157959,9.11460018157959
2022-10-17,9.015999794006348,9.015999794006348
2022-10-18,8.962200164794922,8.962200164794922
2022-10-19,8.954400062561035,8.954400062561035
2022-10-20,8.918999671936035,8.918999671936035
2022-10-21,8.973400115966797,8.973400115966797
2022-10-24,8.853599548339844,8.853599548339844
2022-10-25,8.881999969482422,8.881999969482422
2022-10-26,8.871000289916992,8.871000289916992
2022-10-27,9.05459976196289,9.05459976196289
2022-10-28,9.002599716186523,9.002599716186523
2022-10-31,9.007599830627441,9.007599830627441
2022-11-01,9.050600051879883,9.050600051879883
2022-11-02,9.071399688720703,9.071399688720703
2022-11-03,9.094599723815918,9.094599723815918
2022-11-04,8.989399909973145,8.989399909973145
2022-11-07,8.940999984741211,8.940999984741211
2022-11-08,8.935600280761719,8.935600280761719
2022-11-09,8.979000091552734,8.979000091552734
2022-11-10,9.173199653625488,9.173199653625488
2022-11-11,9.208399772644043,9.208399772644043
2022-11-14,9.073800086975098,9.073800086975098
2022-11-15,9.15060043334961,9.15060043334961
2022-11-16,9.122200012207031,9.122200012207031
2022-11-17,9.119799613952637,9.119799613952637
2022-11-18,9.138799667358398,9.138799667358398
2022-11-21,9.105400085449219,9.105400085449219
2022-11-22,9.093600273132324,9.093600273132324
2022-11-23,9.133600234985352,9.133600234985352
2022-11-24,9.167799949645996,9.167799949645996
2022-11-25,9.095399856567383,9.095399856567383
2022-11-28,9.133199691772461,9.133199691772461
2022-11-29,9.1697998046875,9.1697998046875
2022-11-30,9.127799987792969,9.127799987792969
2022-12-01,9.22700023651123,9.22700023651123
2022-12-02,9.256799697875977,9.256799697875977
2022-12-05,9.173999786376953,9.173999786376953
2022-12-06,9.172200202941895,9.172200202941895
2022-12-07,9.189800262451172,9.189800262451172
2022-12-08,9.147000312805176,9.147000312805176
2022-12-09,9.201800346374512,9.201800346374512
2022-12-12,9.108599662780762,9.108599662780762
2022-12-13,9.19219970703125,9.19219970703125
2022-12-14,9.201199531555176,9.201199531555176
2022-12-15,9.006199836730957,9.006199836730957
2022-12-16,9.093400001525879,9.093400001525879
2022-12-19,9.016599655151367,9.016599655151367
2022-12-20,9.333200454711914,9.333200454711914
2022-12-21,9.296799659729004,9.296799659729004
2022-12-22,9.298999786376953,9.298999786376953
2022-12-23,9.243399620056152,9.243399620056152
2022-12-27,9.14680004119873,9.14680004119873
2022-12-28,9.095000267028809,9.095000267028809
2022-12-29,9.074799537658691,9.074799537658691
2022-12-30,9.162599563598633,9.162599563598633
2023-01-02,9.251799583435059,9.251799583435059
2023-01-03,9.367799758911133,9.367799758911133
2023-01-04,9.199999809265137,9.199999809265137
2023-01-05,9.173999786376953,9.173999786376953
2023-01-06,9.209799766540527,9.209799766540527
2023-01-09,9.143799781799316,9.143799781799316
2023-01-10,9.059599876403809,9.059599876403809
2023-01-11,9.038200378417969,9.038200378417969
2023-01-12,9.103599548339844,9.103599548339844
2023-01-13,9.291000366210938,9.291000366210938
2023-01-16,9.26159954071045,9.26159954071045
2023-01-17,9.286999702453613,9.286999702453613
2023-01-18,9.291999816894531,9.291999816894531
2023-01-19,9.309599876403809,9.309599876403809
2023-01-20,9.224599838256836,9.224599838256836
2023-01-23,9.152000427246094,9.152000427246094
2023-01-24,9.19219970703125,9.19219970703125
2023-01-25,9.169599533081055,9.169599533081055
2023-01-26,9.12720012664795,9.12720012664795
2023-01-27,9.130599975585938,9.130599975585938
2023-01-30,9.075799942016602,9.075799942016602
2023-01-31,9.107199668884277,9.107199668884277
2023-02-01,9.154399871826172,9.154399871826172
2023-02-02,9.252799987792969,9.252799987792969
2023-02-03,9.122400283813477,9.122400283813477
2023-02-06,9.08080005645752,9.08080005645752
2023-02-07,9.209600448608398,9.209600448608398
2023-02-08,9.190199851989746,9.190199851989746
2023-02-09,9.191200256347656,9.191200256347656
2023-02-10,9.186200141906738,9.186200141906738
2023-02-13,9.111200332641602,9.111200332641602
2023-02-14,9.090200424194336,9.090200424194336
2023-02-15,9.04740047454834,9.04740047454834
2023-02-16,9.054800033569336,9.054800033569336
2023-02-17,9.039600372314453,9.039600372314453
2023-02-20,9.018199920654297,9.018199920654297
2023-02-21,8.978400230407715,8.978400230407715
2023-02-22,9.048600196838379,9.048600196838379
2023-02-23,9.076399803161621,9.076399803161621
2023-02-24,9.017200469970703,9.017200469970703
2023-02-27,9.016200065612793,9.016200065612793
2023-02-28,9.075799942016602,9.075799942016602
2023-03-01,9.015199661254883,9.015199661254883
2023-03-02,9.015600204467773,9.015600204467773
2023-03-03,9.045999526977539,9.045999526977539
2023-03-06,8.97819995880127,8.97819995880127
2023-03-07,9.01039981842041,9.01039981842041
2023-03-08,9.006199836730957,9.006199836730957
2023-03-09,9.016400337219238,9.016400337219238
2023-03-10,9.100799560546875,9.100799560546875
2023-03-13,9.380000114440918,9.380000114440918
2023-03-14,9.262800216674805,9.262800216674805
2023-03-15,9.588199615478516,9.588199615478516
2023-03-16,9.42140007019043,9.42140007019043
2023-03-17,9.460000038146973,9.460000038146973
2023-03-20,9.473799705505371,9.473799705505371
2023-03-21,9.345600128173828,9.345600128173828
2023-03-22,9.271200180053711,9.271200180053711
2023-03-23,9.339400291442871,9.339400291442871
2023-03-24,9.464400291442871,9.464400291442871
2023-03-27,9.327799797058105,9.327799797058105
2023-03-28,9.380399703979492,9.380399703979492
2023-03-29,9.326600074768066,9.326600074768066
2023-03-30,9.247400283813477,9.247400283813477
2023-03-31,9.232799530029297,9.232799530029297
2023-04-03,9.21780014038086,9.21780014038086
2023-04-04,9.166600227355957,9.166600227355957
2023-04-05,9.234800338745117,9.234800338745117
2023-04-06,9.196800231933594,9.196800231933594
2023-04-11,9.077199935913086,9.077199935913086
2023-04-12,9.063400268554688,9.063400268554688
2023-04-13,9.06779956817627,9.06779956817627
2023-04-14,9.016200065612793,9.016200065612793
2023-04-17,9.00059986114502,9.00059986114502
2023-04-18,9.002400398254395,9.002400398254395
2023-04-19,8.971199989318848,8.971199989318848
2023-04-20,8.993800163269043,8.993800163269043
2023-04-21,8.971400260925293,8.971400260925293
2023-04-24,8.921799659729004,8.921799659729004
2023-04-25,9.005200386047363,9.005200386047363
2023-04-26,8.989999771118164,8.989999771118164
2023-04-27,8.971599578857422,8.971599578857422
2023-04-28,8.916399955749512,8.916399955749512
2023-05-02,8.924799919128418,8.924799919128418
2023-05-03,8.953399658203125,8.953399658203125
2023-05-04,9.079000473022461,9.079000473022461
2023-05-05,8.98799991607666,8.98799991607666
2023-05-08,8.982799530029297,8.982799530029297
2023-05-09,9.014399528503418,9.014399528503418
2023-05-10,9.051199913024902,9.051199913024902
2023-05-11,9.144399642944336,9.144399642944336
2023-05-12,9.105600357055664,9.105600357055664
2023-05-15,9.038599967956543,9.038599967956543
2023-05-16,9.013400077819824,9.013400077819824
2023-05-17,9.013999938964844,9.013999938964844
2023-05-18,8.984000205993652,8.984000205993652
2023-05-19,9.027799606323242,9.027799606323242
2023-05-22,8.961799621582031,8.961799621582031
2023-05-23,8.964799880981445,8.964799880981445
2023-05-24,8.948399543762207,8.948399543762207
2023-05-25,8.891599655151367,8.891599655151367
2023-05-26,8.878399848937988,8.878399848937988
2023-05-29,8.89579963684082,8.89579963684082
2023-05-30,8.929200172424316,8.929200172424316
2023-05-31,8.990599632263184,8.990599632263184
2023-06-01,8.981200218200684,8.981200218200684
2023-06-02,8.916600227355957,8.916600227355957
2023-06-05,8.93019962310791,8.93019962310791
2023-06-06,8.951800346374512,8.951800346374512
2023-06-07,8.919400215148926,8.919400215148926
2023-06-08,8.93220043182373,8.93220043182373
2023-06-09,8.937000274658203,8.937000274658203
2023-06-12,8.914999961853027,8.914999961853027
2023-06-13,8.857999801635742,8.857999801635742
2023-06-14,8.86359977722168,8.86359977722168
2023-06-15,8.725000381469727,8.725000381469727
2023-06-16,8.666000366210938,8.666000366210938
2023-06-19,8.6496000289917,8.6496000289917
2023-06-20,8.72700023651123,8.72700023651123
2023-06-21,8.643199920654297,8.643199920654297
2023-06-22,8.581999778747559,8.581999778747559
2023-06-23,8.599200248718262,8.599200248718262
2023-06-26,8.606599807739258,8.606599807739258
2023-06-27,8.529199600219727,8.529199600219727
2023-06-28,8.553799629211426,8.553799629211426
2023-06-29,8.53219985961914,8.53219985961914
2023-06-30,8.52079963684082,8.52079963684082
2023-07-03,8.498800277709961,8.498800277709961
2023-07-04,8.524399757385254,8.524399757385254
2023-07-05,8.557600021362305,8.557600021362305
2023-07-06,8.55840015411377,8.55840015411377
2023-07-07,8.575599670410156,8.575599670410156
2023-07-10,8.575400352478027,8.575400352478027
2023-07-11,8.616000175476074,8.616000175476074
2023-07-12,8.651000022888184,8.651000022888184
2023-07-13,8.59060001373291,8.59060001373291
2023-07-14,8.505800247192383,8.505800247192383
2023-07-17,8.473999977111816,8.473999977111816
2023-07-18,8.510000228881836,8.510000228881836
2023-07-19,8.474599838256836,8.474599838256836
2023-07-20,8.484000205993652,8.484000205993652
2023-07-21,8.485799789428711,8.485799789428711
2023-07-24,8.52239990234375,8.52239990234375
2023-07-25,8.551600456237793,8.551600456237793
2023-07-26,8.57919979095459,8.57919979095459
2023-07-27,8.589400291442871,8.589400291442871
2023-07-28,8.549799919128418,8.549799919128418
2023-07-31,8.373600006103516,8.373600006103516
2023-08-01,8.306599617004395,8.306599617004395
2023-08-02,8.321599960327148,8.321599960327148
2023-08-03,8.350600242614746,8.350600242614746
2023-08-04,8.311400413513184,8.311400413513184
2023-08-07,8.296600341796875,8.296600341796875
2023-08-08,8.313599586486816,8.313599586486816
2023-08-09,8.302399635314941,8.302399635314941
2023-08-10,8.219200134277344,8.219200134277344
2023-08-11,8.210000038146973,8.210000038146973
2023-08-14,8.217399597167969,8.217399597167969
2023-08-15,8.19159984588623,8.19159984588623
2023-08-16,8.194600105285645,8.194600105285645
2023-08-17,8.167200088500977,8.167200088500977
2023-08-18,8.225600242614746,8.225600242614746
2023-08-21,8.129199981689453,8.129199981689453
2023-08-22,8.18220043182373,8.18220043182373
2023-08-23,8.241800308227539,8.241800308227539
2023-08-24,8.198800086975098,8.198800086975098
2023-08-25,8.203800201416016,8.203800201416016
2023-08-28,8.178799629211426,8.178799629211426
2023-08-29,8.19159984588623,8.19159984588623
2023-08-30,8.132200241088867,8.132200241088867
2023-08-31,8.207599639892578,8.207599639892578
2023-09-01,8.220999717712402,8.220999717712402
2023-09-04,8.211400032043457,8.211400032043457
2023-09-05,8.189800262451172,8.189800262451172
2023-09-06,8.185799598693848,8.185799598693848
2023-09-07,8.229999542236328,8.229999542236328
2023-09-08,8.192399978637695,8.192399978637695
2023-09-11,8.188599586486816,8.188599586486816
2023-09-12,8.151200294494629,8.151200294494629
2023-09-13,8.142800331115723,8.142800331115723
2023-09-14,8.218199729919434,8.218199729919434
2023-09-15,8.174200057983398,8.174200057983398
2023-09-18,8.174799919128418,8.174799919128418
2023-09-19,8.161999702453613,8.161999702453613
2023-09-20,8.142000198364258,8.142000198364258
2023-09-21,8.179400444030762,8.179400444030762
2023-09-22,8.154600143432617,8.154600143432617
2023-09-25,8.163599967956543,8.163599967956543
2023-09-26,8.177599906921387,8.177599906921387
2023-09-27,8.18019962310791,8.18019962310791
2023-09-28,8.131799697875977,8.131799697875977
2023-09-29,8.126999855041504,8.126999855041504
2023-10-02,8.1358003616333,8.1358003616333
2023-10-03,8.190799713134766,8.190799713134766
2023-10-04,8.157400131225586,8.157400131225586
2023-10-05,8.144399642944336,8.144399642944336
2023-10-06,8.061599731445312,8.061599731445312
2023-10-09,8.134200096130371,8.134200096130371
2023-10-10,8.095199584960938,8.095199584960938
2023-10-11,8.083200454711914,8.083200454711914
2023-10-12,8.095800399780273,8.095800399780273
2023-10-13,8.162199974060059,8.162199974060059
2023-10-16,8.107799530029297,8.107799530029297
2023-10-17,8.027000427246094,8.027000427246094
2023-10-18,8.050200462341309,8.050200462341309
2023-10-19,7.996200084686279,7.996200084686279
2023-10-20,7.978799819946289,7.978799819946289
2023-10-23,7.9131999015808105,7.9131999015808105
2023-10-24,7.9405999183654785,7.9405999183654785
2023-10-25,7.94320011138916,7.94320011138916
2023-10-26,7.961400032043457,7.961400032043457
2023-10-27,7.946599960327148,7.946599960327148
2023-10-30,7.924799919128418,7.924799919128418
2023-10-31,7.829999923706055,7.829999923706055
2023-11-01,7.883200168609619,7.883200168609619
2023-11-02,7.874599933624268,7.874599933624268
2023-11-03,7.845200061798096,7.845200061798096
2023-11-06,7.83519983291626,7.83519983291626
2023-11-07,7.8703999519348145,7.8703999519348145
2023-11-08,7.874000072479248,7.874000072479248
2023-11-09,7.8694000244140625,7.8694000244140625
2023-11-10,7.866600036621094,7.866600036621094
2023-11-13,7.828400135040283,7.828400135040283
2023-11-14,7.784999847412109,7.784999847412109
2023-11-15,7.791399955749512,7.791399955749512
2023-11-16,7.837600231170654,7.837600231170654
2023-11-17,7.864200115203857,7.864200115203857
2023-11-20,7.911399841308594,7.911399841308594
2023-11-21,8.002799987792969,8.002799987792969
2023-11-22,7.9070000648498535,7.9070000648498535
2023-11-23,7.886000156402588,7.886000156402588
2023-11-24,7.839799880981445,7.839799880981445
2023-11-27,7.8703999519348145,7.8703999519348145
2023-11-28,7.909999847412109,7.909999847412109
2023-11-29,7.98960018157959,7.98960018157959
2023-11-30,7.986400127410889,7.986400127410889
2023-12-01,8.081999778747559,8.081999778747559
2023-12-04,8.081999778747559,8.081999778747559
2023-12-05,8.081999778747559,8.081999778747559
2023-12-06,8.081999778747559,8.081999778747559
2023-12-07,8.25879955291748,8.25879955291748
2023-12-08,8.198200225830078,8.198200225830078
2023-12-11,8.094599723815918,8.094599723815918
2023-12-12,8.167400360107422,8.167400360107422
2023-12-13,8.215200424194336,8.215200424194336
2023-12-14,8.294599533081055,8.294599533081055
2023-12-15,8.338600158691406,8.338600158691406
2023-12-18,8.261199951171875,8.261199951171875
2023-12-19,8.25979995727539,8.25979995727539
2023-12-20,8.303600311279297,8.303600311279297
2023-12-21,8.373200416564941,8.373200416564941
2023-12-22,8.298800468444824,8.298800468444824
2023-12-27,8.247200012207031,8.247200012207031
2023-12-28,8.302200317382812,8.302200317382812
2023-12-29,8.274399757385254,8.274399757385254
2024-01-02,8.316800117492676,8.316800117492676
2024-01-03,8.256400108337402,8.256400108337402
2024-01-04,8.179200172424316,8.179200172424316
2024-01-05,8.206199645996094,8.206199645996094
2024-01-08,8.221199989318848,8.221199989318848
2024-01-09,8.249799728393555,8.249799728393555
2024-01-10,8.15779972076416,8.15779972076416
2024-01-11,8.149399757385254,8.149399757385254
2024-01-12,8.244799613952637,8.244799613952637
2024-01-15,8.1943998336792,8.1943998336792
2024-01-16,8.165399551391602,8.165399551391602
2024-01-17,8.089200019836426,8.089200019836426
2024-01-18,8.049200057983398,8.049200057983398
2024-01-19,8.002400398254395,8.002400398254395
2024-01-22,8.015800476074219,8.015800476074219
2024-01-23,8.02299976348877,8.02299976348877
2024-01-24,7.975599765777588,7.975599765777588
2024-01-25,8.004199981689453,8.004199981689453
2024-01-26,7.96999979019165,7.96999979019165
2024-01-29,8.030799865722656,8.030799865722656
2024-01-30,7.996799945831299,7.996799945831299
2024-01-31,8.09060001373291,8.09060001373291
2024-02-01,8.119000434875488,8.119000434875488
2024-02-02,8.032600402832031,8.032600402832031
2024-02-05,8.036999702453613,8.036999702453613
2024-02-06,8.070599555969238,8.070599555969238
2024-02-07,8.062800407409668,8.062800407409668
2024-02-08,7.997000217437744,7.997000217437744
2024-02-09,7.973400115966797,7.973400115966797
2024-02-12,7.980000019073486,7.980000019073486
2024-02-13,7.916600227355957,7.916600227355957
2024-02-14,7.942599773406982,7.942599773406982
2024-02-15,7.9456000328063965,7.9456000328063965
2024-02-16,7.927800178527832,7.927800178527832
2024-02-19,7.943600177764893,7.943600177764893
2024-02-20,7.947199821472168,7.947199821472168
2024-02-21,7.92519998550415,7.92519998550415
2024-02-22,7.927000045776367,7.927000045776367
2024-02-23,7.942599773406982,7.942599773406982
2024-02-26,7.902400016784668,7.902400016784668
2024-02-27,7.925600051879883,7.925600051879883
2024-02-28,7.909599781036377,7.909599781036377
2024-02-29,7.964399814605713,7.964399814605713
2024-03-01,7.941800117492676,7.941800117492676
2024-03-04,7.8856000900268555,7.8856000900268555
2024-03-05,7.908599853515625,7.908599853515625
2024-03-06,7.920400142669678,7.920400142669678
2024-03-07,7.944399833679199,7.944399833679199
2024-03-08,7.963799953460693,7.963799953460693
2024-03-11,7.984600067138672,7.984600067138672
2024-03-12,7.938799858093262,7.938799858093262
2024-03-13,7.9191999435424805,7.9191999435424805
2024-03-14,7.918000221252441,7.918000221252441
2024-03-15,7.870200157165527,7.870200157165527
2024-03-18,7.900400161743164,7.900400161743164
2024-03-19,7.841800212860107,7.841800212860107
2024-03-20,7.798399925231934,7.798399925231934
2024-03-21,7.788599967956543,7.788599967956543
2024-03-22,7.854400157928467,7.854400157928467
2024-03-25,7.829999923706055,7.829999923706055
2024-03-26,7.825200080871582,7.825200080871582
2024-03-27,7.867199897766113,7.867199897766113
2024-03-28,7.877399921417236,7.877399921417236
2024-04-02,7.839799880981445,7.839799880981445
2024-04-03,7.7993998527526855,7.7993998527526855
2024-04-04,7.780600070953369,7.780600070953369
2024-04-05,7.792200088500977,7.792200088500977
2024-04-08,7.770599842071533,7.770599842071533
2024-04-09,7.765399932861328,7.765399932861328
2024-04-10,7.752200126647949,7.752200126647949
2024-04-11,7.750800132751465,7.750800132751465
2024-04-12,7.7881999015808105,7.7881999015808105
2024-04-15,7.707399845123291,7.707399845123291
2024-04-16,7.701399803161621,7.701399803161621
2024-04-17,7.701399803161621,7.701399803161621
2024-04-18,7.665599822998047,7.665599822998047
2024-04-19,7.694200038909912,7.694200038909912
2024-04-22,7.695199966430664,7.695199966430664
2024-04-23,7.626800060272217,7.626800060272217
2024-04-24,7.608399868011475,7.608399868011475
2024-04-25,7.5432000160217285,7.5432000160217285
2024-04-26,7.519199848175049,7.519199848175049
2024-04-29,7.519199848175049,7.519199848175049
2024-04-30,7.507400035858154,7.507400035858154
2024-05-02,7.688399791717529,7.688399791717529
2024-05-03,7.653800010681152,7.653800010681152
2024-05-06,7.603400230407715,7.603400230407715
2024-05-07,7.602399826049805,7.602399826049805
2024-05-08,7.542399883270264,7.542399883270264
2024-05-09,7.517199993133545,7.517199993133545
2024-05-10,7.493000030517578,7.493000030517578
2024-05-13,7.443399906158447,7.443399906158447
2024-05-14,7.395599842071533,7.395599842071533
2024-05-15,7.450399875640869,7.450399875640869
2024-05-16,7.428999900817871,7.428999900817871
2024-05-17,7.402599811553955,7.402599811553955
2024-05-20,7.363800048828125,7.363800048828125
2024-05-21,7.372600078582764,7.372600078582764
2024-05-22,7.338200092315674,7.338200092315674
2024-05-23,7.2993998527526855,7.2993998527526855
2024-05-24,7.289000034332275,7.289000034332275
2024-05-27,7.285399913787842,7.285399913787842
2024-05-28,7.261600017547607,7.261600017547607
2024-05-29,7.245800018310547,7.245800018310547
2024-05-30,7.279600143432617,7.279600143432617
2024-05-31,7.247799873352051,7.247799873352051
2024-06-03,7.283599853515625,7.283599853515625
2024-06-04,7.367599964141846,7.367599964141846
2024-06-05,7.323800086975098,7.323800086975098
2024-06-06,7.355400085449219,7.355400085449219
2024-06-07,7.372600078582764,7.372600078582764
2024-06-10,7.35860013961792,7.35860013961792
2024-06-11,7.366399765014648,7.366399765014648
2024-06-12,7.394400119781494,7.394400119781494
2024-06-13,7.399400234222412,7.399400234222412
2024-06-14,7.46619987487793,7.46619987487793
2024-06-17,7.385000228881836,7.385000228881836
2024-06-18,7.36899995803833,7.36899995803833
2024-06-19,7.372799873352051,7.372799873352051
2024-06-20,7.3368000984191895,7.3368000984191895
2024-06-21,7.306399822235107,7.306399822235107
2024-06-24,7.247799873352051,7.247799873352051
2024-06-25,7.261000156402588,7.261000156402588
2024-06-26,7.201000213623047,7.201000213623047
2024-06-27,7.1803998947143555,7.1803998947143555
2024-06-28,7.166999816894531,7.166999816894531
2024-07-01,7.1427998542785645,7.1427998542785645
2024-07-02,7.105999946594238,7.105999946594238
2024-07-03,7.081600189208984,7.081600189208984
2024-07-04,7.075200080871582,7.075200080871582
2024-07-05,7.0971999168396,7.0971999168396
2024-07-08,7.078000068664551,7.078000068664551
2024-07-09,7.039599895477295,7.039599895477295
2024-07-10,7.029399871826172,7.029399871826172
2024-07-11,7.153600215911865,7.153600215911865
2024-07-12,7.1722002029418945,7.1722002029418945
2024-07-15,7.17080020904541,7.17080020904541
2024-07-16,7.184199810028076,7.184199810028076
2024-07-17,7.227399826049805,7.227399826049805
2024-07-18,7.245200157165527,7.245200157165527
2024-07-19,7.238399982452393,7.238399982452393
2024-07-22,7.234399795532227,7.234399795532227
2024-07-23,7.304200172424316,7.304200172424316
2024-07-24,7.400000095367432,7.400000095367432
2024-07-25,7.397799968719482,7.397799968719482
2024-07-26,7.427599906921387,7.427599906921387
2024-07-29,7.468999862670898,7.468999862670898
2024-07-30,7.46019983291626,7.46019983291626
2024-07-31,7.624199867248535,7.624199867248535
2024-08-01,7.685999870300293,7.685999870300293
2024-08-02,7.881400108337402,7.881400108337402
2024-08-05,8.035400390625,8.035400390625
2024-08-06,7.946800231933594,7.946800231933594
2024-08-07,7.744999885559082,7.744999885559082
2024-08-08,7.806399822235107,7.806399822235107
2024-08-09,7.876399993896484,7.876399993896484
2024-08-12,7.804800033569336,7.804800033569336
2024-08-13,7.828400135040283,7.828400135040283
2024-08-14,7.803999900817871,7.803999900817871
2024-08-15,7.6844000816345215,7.6844000816345215
2024-08-16,7.713200092315674,7.713200092315674
2024-08-19,7.736800193786621,7.736800193786621
2024-08-20,7.758200168609619,7.758200168609619
2024-08-21,7.757800102233887,7.757800102233887
2024-08-22,7.728400230407715,7.728400230407715
2024-08-23,7.761000156402588,7.761000156402588
2024-08-26,7.786200046539307,7.786200046539307
2024-08-27,7.803599834442139,7.803599834442139
2024-08-28,7.819200038909912,7.819200038909912
2024-08-29,7.808800220489502,7.808800220489502
2024-08-30,7.777599811553955,7.777599811553955
2024-09-02,7.702000141143799,7.702000141143799
2024-09-03,7.784200191497803,7.784200191497803
2024-09-04,7.8744001388549805,7.8744001388549805
2024-09-05,7.91379976272583,7.91379976272583
2024-09-06,7.974999904632568,7.974999904632568
2024-09-09,7.9791998863220215,7.9791998863220215
2024-09-10,8.011799812316895,8.011799812316895
2024-09-11,8.096400260925293,8.096400260925293
2024-09-12,8.013799667358398,8.013799667358398
2024-09-13,8.095600128173828,8.095600128173828
2024-09-16,8.067399978637695,8.067399978637695
2024-09-17,8.027199745178223,8.027199745178223
2024-09-18,8.0108003616333,8.0108003616333
2024-09-19,7.908199787139893,7.908199787139893
2024-09-20,7.843200206756592,7.843200206756592
2024-09-23,7.851200103759766,7.851200103759766
2024-09-24,7.880199909210205,7.880199909210205
2024-09-25,7.840400218963623,7.840400218963623
2024-09-26,7.796000003814697,7.796000003814697
2024-09-27,7.881999969482422,7.881999969482422
2024-09-30,7.876200199127197,7.876200199127197
2024-10-01,7.927999973297119,7.927999973297119
2024-10-02,7.815800189971924,7.815800189971924
2024-10-03,7.800000190734863,7.800000190734863
2024-10-04,7.716400146484375,7.716400146484375
2024-10-07,7.725399971008301,7.725399971008301
2024-10-08,7.714799880981445,7.714799880981445
2024-10-09,7.667200088500977,7.667200088500977
2024-10-10,7.7058000564575195,7.7058000564575195
2024-10-11,7.656199932098389,7.656199932098389
2024-10-14,7.642600059509277,7.642600059509277
2024-10-15,7.687600135803223,7.687600135803223
2024-10-16,7.701200008392334,7.701200008392334
2024-10-17,7.684999942779541,7.684999942779541
2024-10-18,7.711400032043457,7.711400032043457
2024-10-21,7.67140007019043,7.67140007019043
2024-10-22,7.6315999031066895,7.6315999031066895
2024-10-23,7.565400123596191,7.565400123596191
2024-10-24,7.607600212097168,7.607600212097168
2024-10-25,7.60699987411499,7.60699987411499
2024-10-28,7.504799842834473,7.504799842834473
2024-10-29,7.512199878692627,7.512199878692627
2024-10-30,7.507999897003174,7.507999897003174
2024-10-31,7.53980016708374,7.53980016708374
2024-11-01,7.5289998054504395,7.5289998054504395
2024-11-04,7.546800136566162,7.546800136566162
2024-11-05,7.53879976272583,7.53879976272583
2024-11-06,7.509399890899658,7.509399890899658
2024-11-07,7.523799896240234,7.523799896240234
2024-11-08,7.603400230407715,7.603400230407715
2024-11-11,7.589799880981445,7.589799880981445
2024-11-12,7.569799900054932,7.569799900054932
2024-11-13,7.563399791717529,7.563399791717529
2024-11-14,7.5096001625061035,7.5096001625061035
2024-11-15,7.576600074768066,7.576600074768066
2024-11-18,7.53000020980835,7.53000020980835
2024-11-19,7.5868000984191895,7.5868000984191895
2024-11-20,7.566199779510498,7.566199779510498
2024-11-21,7.620999813079834,7.620999813079834
2024-11-22,7.669400215148926,7.669400215148926
2024-11-25,7.647799968719482,7.647799968719482
2024-11-26,7.68120002746582,7.68120002746582
2024-11-27,7.767399787902832,7.767399787902832
2024-11-28,7.748600006103516,7.748600006103516
2024-11-29,7.805799961090088,7.805799961090088
2024-12-02,7.912799835205078,7.912799835205078
2024-12-03,7.8653998374938965,7.8653998374938965
2024-12-04,7.832200050354004,7.832200050354004
2024-12-05,7.792200088500977,7.792200088500977
2024-12-06,7.828999996185303,7.828999996185303
2024-12-09,7.760000228881836,7.760000228881836
2024-12-10,7.756800174713135,7.756800174713135
2024-12-11,7.753799915313721,7.753799915313721
2024-12-12,7.793600082397461,7.793600082397461
2024-12-13,7.6975998878479,7.6975998878479
2024-12-16,7.657599925994873,7.657599925994873
2024-12-17,7.677599906921387,7.677599906921387
2024-12-18,7.690800189971924,7.690800189971924
2024-12-19,7.571199893951416,7.571199893951416
2024-12-20,7.638800144195557,7.638800144195557
2024-12-23,7.575200080871582,7.575200080871582
2024-12-27,7.500800132751465,7.500800132751465
2024-12-30,7.532599925994873,7.532599925994873
2025-01-02,7.6793999671936035,7.6793999671936035
2025-01-03,7.64300012588501,7.64300012588501
2025-01-06,7.546599864959717,7.546599864959717
2025-01-07,7.519199848175049,7.519199848175049
2025-01-08,7.541200160980225,7.541200160980225
2025-01-09,7.565999984741211,7.565999984741211
2025-01-10,7.589600086212158,7.589600086212158
2025-01-13,7.624599933624268,7.624599933624268
2025-01-14,7.542799949645996,7.542799949645996
2025-01-15,7.622799873352051,7.622799873352051
2025-01-16,7.683000087738037,7.683000087738037
2025-01-17,7.648200035095215,7.648200035095215
2025-01-20,7.610000133514404,7.610000133514404
2025-01-21,7.617400169372559,7.617400169372559
2025-01-22,7.56279993057251,7.56279993057251
2025-01-23,7.58519983291626,7.58519983291626
2025-01-24,7.51140022277832,7.51140022277832
2025-01-27,7.6244001388549805,7.6244001388549805
2025-01-28,7.592800140380859,7.592800140380859
2025-01-29,7.631199836730957,7.631199836730957
2025-01-30,7.664400100708008,7.664400100708008
2025-01-31,7.627399921417236,7.627399921417236
2025-02-03,7.71999979019165,7.71999979019165
2025-02-04,7.61899995803833,7.61899995803833
2025-02-05,7.718800067901611,7.718800067901611
2025-02-06,7.778200149536133,7.778200149536133
2025-02-07,7.832399845123291,7.832399845123291
2025-02-10,7.829599857330322,7.829599857330322
2025-02-11,7.761600017547607,7.761600017547607
2025-02-12,7.59499979019165,7.59499979019165
2025-02-13,7.652200222015381,7.652200222015381
2025-02-14,7.632800102233887,7.632800102233887
2025-02-17,7.666399955749512,7.666399955749512
2025-02-18,7.6519999504089355,7.6519999504089355
2025-02-19,7.685200214385986,7.685200214385986
2025-02-20,7.746600151062012,7.746600151062012
2025-02-21,7.785399913787842,7.785399913787842
2025-02-24,7.752200126647949,7.752200126647949
2025-02-25,7.811399936676025,7.811399936676025
2025-02-26,7.772600173950195,7.772600173950195
2025-02-27,7.778600215911865,7.778600215911865
2025-02-28,7.770400047302246,7.770400047302246
2025-03-03,7.688399791717529,7.688399791717529
2025-03-04,7.756800174713135,7.756800174713135
2025-03-05,7.538599967956543,7.538599967956543
2025-03-06,7.462600231170654,7.462600231170654
2025-03-07,7.5106000900268555,7.5106000900268555
2025-03-10,7.46560001373291,7.46560001373291
2025-03-11,7.397799968719482,7.397799968719482
2025-03-12,7.384200096130371,7.384200096130371
2025-03-13,7.440199851989746,7.440199851989746
2025-03-14,7.404600143432617,7.404600143432617
2025-03-17,7.366000175476074,7.366000175476074
2025-03-18,7.309999942779541,7.309999942779541
2025-03-19,7.31220006942749,7.31220006942749
2025-03-20,7.41540002822876,7.41540002822876
2025-03-21,7.40939998626709,7.40939998626709
2025-03-24,7.334400177001953,7.334400177001953
2025-03-25,7.360000133514404,7.360000133514404
2025-03-26,7.328000068664551,7.328000068664551
2025-03-27,7.310400009155273,7.310400009155273
2025-03-28,7.361000061035156,7.361000061035156
2025-03-31,7.407800197601318,7.407800197601318
2025-04-01,7.435999870300293,7.435999870300293
2025-04-02,7.384799957275391,7.384799957275391
2025-04-03,7.562600135803223,7.562600135803223
2025-04-04,7.718800067901611,7.718800067901611
2025-04-07,7.66540002822876,7.66540002822876
2025-04-08,7.558800220489502,7.558800220489502
2025-04-09,7.508600234985352,7.508600234985352
2025-04-10,7.469399929046631,7.469399929046631
2025-04-11,7.383800029754639,7.383800029754639
2025-04-14,7.310999870300293,7.310999870300293
2025-04-15,7.351799964904785,7.351799964904785
2025-04-16,7.418399810791016,7.418399810791016
2025-04-17,7.426000118255615,7.426000118255615
2025-04-22,7.422599792480469,7.422599792480469
2025-04-23,7.414000034332275,7.414000034332275
2025-04-24,7.428599834442139,7.428599834442139
2025-04-25,7.335400104522705,7.335400104522705
2025-04-28,7.410999774932861,7.410999774932861
2025-04-29,7.42080020904541,7.42080020904541
2025-04-30,7.460400104522705,7.460400104522705
2025-05-02,7.338600158691406,7.338600158691406
2025-05-05,7.383999824523926,7.383999824523926
2025-05-06,7.408400058746338,7.408400058746338
2025-05-07,7.347599983215332,7.347599983215332
2025-05-08,7.286799907684326,7.286799907684326
2025-05-09,7.280799865722656,7.280799865722656
2025-05-12,7.161200046539307,7.161200046539307
2025-05-13,7.170199871063232,7.170199871063232
2025-05-14,7.2017998695373535,7.2017998695373535
2025-05-15,7.269800186157227,7.269800186157227
2025-05-16,7.274600028991699,7.274600028991699
2025-05-19,7.258200168609619,7.258200168609619
2025-05-20,7.185200214385986,7.185200214385986
2025-05-21,7.18179988861084,7.18179988861084
2025-05-22,7.192999839782715,7.192999839782715
2025-05-23,7.26639986038208,7.26639986038208
2025-05-26,7.228400230407715,7.228400230407715
2025-05-27,7.248799800872803,7.248799800872803
2025-05-28,7.222599983215332,7.222599983215332
2025-05-29,7.2230000495910645,7.2230000495910645
2025-05-30,7.223199844360352,7.223199844360352
2025-06-02,7.244200229644775,7.244200229644775
2025-06-03,7.235000133514404,7.235000133514404
2025-06-04,7.250199794769287,7.250199794769287
2025-06-05,7.197999954223633,7.197999954223633
2025-06-06,7.188600063323975,7.188600063323975
2025-06-09,7.196400165557861,7.196400165557861
2025-06-10,7.168799877166748,7.168799877166748
2025-06-11,7.133800029754639,7.133800029754639
2025-06-12,7.143799781799316,7.143799781799316
2025-06-13,7.117000102996826,7.117000102996826
2025-06-16,7.131800174713135,7.131800174713135
2025-06-17,7.102799892425537,7.102799892425537
2025-06-18,7.136000156402588,7.136000156402588
2025-06-19,7.118599891662598,7.118599891662598
2025-06-20,7.0777997970581055,7.0777997970581055
2025-06-23,7.039400100708008,7.039400100708008
2025-06-24,7.063600063323975,7.063600063323975
2025-06-25,7.033400058746338,7.033400058746338
2025-06-26,7.043000221252441,7.043000221252441
2025-06-27,7.006999969482422,7.006999969482422
2025-06-30,7.017399787902832,7.017399787902832
2025-07-01,7.04580020904541,7.04580020904541
2025-07-02,7.021200180053711,7.021200180053711
2025-07-03,6.9552001953125,6.9552001953125
2025-07-04,6.968400001525879,6.968400001525879
2025-07-07,6.905799865722656,6.905799865722656
2025-07-08,6.831399917602539,6.831399917602539
2025-07-09,6.841000080108643,6.841000080108643
2025-07-10,6.859000205993652,6.859000205993652
2025-07-11,6.791600227355957,6.791600227355957
2025-07-14,6.752200126647949,6.752200126647949
2025-07-15,6.730800151824951,6.730800151824951
2025-07-16,6.802999973297119,6.802999973297119
2025-07-17,6.7941999435424805,6.7941999435424805
2025-07-18,6.758200168609619,6.758200168609619
2025-07-21,6.811399936676025,6.811399936676025
2025-07-22,6.8206000328063965,6.8206000328063965
2025-07-23,6.787399768829346,6.787399768829346
2025-07-24,6.741000175476074,6.741000175476074
2025-07-25,6.74399995803833,6.74399995803833
2025-07-28,6.798999786376953,6.798999786376953
2025-07-29,6.853400230407715,6.853400230407715
2025-07-30,6.850800037384033,6.850800037384033
2025-07-31,6.806000232696533,6.806000232696533
2025-08-01,6.879000186920166,6.879000186920166
2025-08-04,6.876800060272217,6.876800060272217
2025-08-05,6.889599800109863,6.889599800109863
2025-08-06,6.857399940490723,6.857399940490723
2025-08-07,6.86899995803833,6.86899995803833
2025-08-08,6.814599990844727,6.814599990844727
2025-08-11,6.851799964904785,6.851799964904785
2025-08-12,6.7947998046875,6.7947998046875
2025-08-13,6.811399936676025,6.811399936676025
2025-08-14,6.793399810791016,6.793399810791016
2025-08-15,6.787199974060059,6.787199974060059
2025-08-18,6.76140022277832,6.76140022277832
2025-08-19,6.776000022888184,6.776000022888184
2025-08-20,6.7947998046875,6.7947998046875
2025-08-21,6.7515997886657715,6.7515997886657715
2025-08-22,6.765399932861328,6.765399932861328
2025-08-25,6.736800193786621,6.736800193786621
2025-08-26,6.7677998542785645,6.7677998542785645
2025-08-27,6.7778000831604,6.7778000831604
2025-08-28,6.784999847412109,6.784999847412109
2025-08-29,6.779600143432617,6.779600143432617
2025-09-01,6.753600120544434,6.753600120544434
2025-09-02,6.725200176239014,6.725200176239014
2025-09-03,6.706200122833252,6.706200122833252
2025-09-04,6.713600158691406,6.713600158691406
2025-09-05,6.761000156402588,6.761000156402588
2025-09-08,6.722799777984619,6.722799777984619
2025-09-09,6.731400012969971,6.731400012969971
2025-09-10,6.746600151062012,6.746600151062012
2025-09-11,6.752600193023682,6.752600193023682
2025-09-12,6.721199989318848,6.721199989318848
2025-09-15,6.730000019073486,6.730000019073486
2025-09-16,6.702199935913086,6.702199935913086
2025-09-17,6.7210001945495605,6.7210001945495605
2025-09-18,6.678800106048584,6.678800106048584
2025-09-19,6.701000213623047,6.701000213623047
2025-09-22,6.684000015258789,6.684000015258789
2025-09-23,6.677999973297119,6.677999973297119
2025-09-24,6.660399913787842,6.660399913787842
2025-09-25,6.6691999435424805,6.6691999435424805
2025-09-26,6.671599864959717,6.671599864959717
2025-09-29,6.706600189208984,6.706600189208984
2025-09-30,6.725599765777588,6.725599765777588
2025-10-01,6.754000186920166,6.754000186920166
2025-10-02,6.762400150299072,6.762400150299072
2025-10-03,6.735000133514404,6.735000133514404
2025-10-06,6.583799839019775,6.583799839019775
2025-10-07,6.575799942016602,6.575799942016602
2025-10-08,6.551599979400635,6.551599979400635
2025-10-09,6.529200077056885,6.529200077056885
2025-10-10,6.590400218963623,6.590400218963623
2025-10-13,6.598199844360352,6.598199844360352
2025-10-14,6.590400218963623,6.590400218963623
2025-10-15,6.5991997718811035,6.5991997718811035
2025-10-16,6.611400127410889,6.611400127410889
2025-10-17,6.633399963378906,6.633399963378906
2025-10-20,6.632999897003174,6.632999897003174
2025-10-21,6.600200176239014,6.600200176239014
2025-10-22,6.631199836730957,6.631199836730957
2025-10-23,6.572800159454346,6.572800159454346
2025-10-27,6.575799942016602,6.575799942016602
2025-10-28,6.550000190734863,6.550000190734863
2025-10-29,6.553599834442139,6.553599834442139
2025-10-30,6.572199821472168,6.572199821472168
2025-10-31,6.577199935913086,6.577199935913086
2025-11-03,6.584400177001953,6.584400177001953
2025-11-04,6.584199905395508,6.584199905395508
2025-11-05,6.630799770355225,6.630799770355225
2025-11-06,6.628600120544434,6.628600120544434
2025-11-07,6.593999862670898,6.593999862670898
2025-11-10,6.565000057220459,6.565000057220459
2025-11-11,6.554599761962891,6.554599761962891
2025-11-12,6.493000030517578,6.493000030517578
2025-11-13,6.432199954986572,6.432199954986572
2025-11-14,6.447000026702881,6.447000026702881
2025-11-17,6.432600021362305,6.432600021362305
2025-11-18,6.441400051116943,6.441400051116943
2025-11-19,6.348199844360352,6.348199844360352
2025-11-20,6.31879997253418,6.31879997253418
2025-11-21,6.392600059509277,6.392600059509277
2025-11-24,6.389400005340576,6.389400005340576
2025-11-25,6.365600109100342,6.365600109100342
2025-11-26,6.3632001876831055,6.3632001876831055
2025-11-27,6.379000186920166,6.379000186920166
2025-11-28,6.372399806976318,6.372399806976318
2025-12-01,6.374800205230713,6.374800205230713
2025-12-02,6.349800109863281,6.349800109863281
2025-12-03,6.344399929046631,6.344399929046631
2025-12-04,6.343400001525879,6.343400001525879
2025-12-05,6.351399898529053,6.351399898529053
2025-12-08,6.316999912261963,6.316999912261963
2025-12-09,6.269400119781494,6.269400119781494
2025-12-10,6.288000106811523,6.288000106811523
2025-12-11,6.292600154876709,6.292600154876709
2025-12-12,6.237599849700928,6.237599849700928
2025-12-15,6.242400169372559,6.242400169372559
2025-12-16,6.2434000968933105,6.2434000968933105
2025-12-17,6.261199951171875,6.261199951171875
2025-12-18,6.272799968719482,6.272799968719482
2025-12-19,6.178199768066406,6.178199768066406
2025-12-22,6.143799781799316,6.143799781799316
2025-12-23,6.15500020980835,6.15500020980835
2025-12-29,6.1946001052856445,6.1946001052856445
2025-12-30,6.209799766540527,6.209799766540527
2026-01-02,6.172599792480469,6.172599792480469
