2026-09-06 17:05:23,131 run_full_study INFO variant bks: 15 runs on 8 workers (3 threads each)
2026-09-06 17:05:38,149 narrative_ipca.sparse_ipca WARNING fit_sparse_ipca(lam=9.763e-07, K=3) did not converge in 500 sweeps
2026-09-06 17:05:38,189 narrative_ipca.sparse_ipca WARNING fit_sparse_ipca(lam=4.431e-07, K=3) did not converge in 500 sweeps
2026-09-06 17:05:38,733 narrative_ipca.sparse_ipca WARNING fit_sparse_ipca(lam=1.11e-06, K=3) did not converge in 500 sweeps
2026-09-06 17:05:38,974 narrative_ipca.sparse_ipca WARNING fit_sparse_ipca(lam=4.677e-07, K=3) did not converge in 500 sweeps
2026-09-06 17:05:39,058 narrative_ipca.sparse_ipca WARNING fit_sparse_ipca(lam=1.057e-06, K=3) did not converge in 500 sweeps
2026-09-06 17:06:26,008 narrative_ipca.sparse_ipca WARNING fit_sparse_ipca(lam=4.233e-07, K=3) did not converge in 500 sweeps
2026-09-06 17:06:27,545 narrative_ipca.sparse_ipca WARNING fit_sparse_ipca(lam=9.46e-07, K=3) did not converge in 500 sweeps
2026-09-06 17:06:30,414 narrative_ipca.sparse_ipca WARNING fit_sparse_ipca(lam=5.979e-07, K=3) did not converge in 500 sweeps
2026-09-06 17:06:31,174 narrative_ipca.sparse_ipca WARNING fit_sparse_ipca(lam=1.233e-06, K=3) did not converge in 500 sweeps
2026-09-06 17:06:31,537 narrative_ipca.sparse_ipca WARNING fit_sparse_ipca(lam=1.15e-06, K=3) did not converge in 500 sweeps
2026-09-06 17:07:00,675 narrative_ipca.sparse_ipca WARNING fit_sparse_ipca(lam=4.617e-07, K=3) did not converge in 500 sweeps
2026-09-06 17:07:03,912 narrative_ipca.sparse_ipca WARNING fit_sparse_ipca(lam=9.954e-07, K=3) did not converge in 500 sweeps
2026-09-06 17:07:09,930 narrative_ipca.sparse_ipca WARNING fit_sparse_ipca(lam=5.984e-07, K=3) did not converge in 500 sweeps
2026-09-06 17:07:10,565 narrative_ipca.sparse_ipca WARNING fit_sparse_ipca(lam=1.113e-06, K=3) did not converge in 500 sweeps
2026-09-06 17:07:10,675 narrative_ipca.sparse_ipca WARNING fit_sparse_ipca(lam=1.206e-06, K=3) did not converge in 500 sweeps
2026-09-06 17:07:37,137 narrative_ipca.sparse_ipca WARNING fit_sparse_ipca(lam=4.77e-07, K=3) did not converge in 500 sweeps
2026-09-06 17:07:42,976 narrative_ipca.sparse_ipca WARNING fit_sparse_ipca(lam=1.009e-06, K=3) did not converge in 500 sweeps
2026-09-06 17:07:52,058 narrative_ipca.sparse_ipca WARNING fit_sparse_ipca(lam=1.094e-06, K=3) did not converge in 500 sweeps
2026-09-06 17:07:52,568 narrative_ipca.sparse_ipca WARNING fit_sparse_ipca(lam=1.167e-06, K=3) did not converge in 500 sweeps
2026-09-06 17:07:55,066 narrative_ipca.sparse_ipca WARNING fit_sparse_ipca(lam=5.781e-07, K=3) did not converge in 500 sweeps
2026-09-06 17:08:15,007 narrative_ipca.sparse_ipca WARNING fit_sparse_ipca(lam=4.688e-07, K=3) did not converge in 500 sweeps
2026-09-06 17:08:23,974 narrative_ipca.sparse_ipca WARNING fit_sparse_ipca(lam=9.911e-07, K=3) did not converge in 500 sweeps
2026-09-06 17:08:36,708 narrative_ipca.sparse_ipca WARNING fit_sparse_ipca(lam=1.112e-06, K=3) did not converge in 500 sweeps
2026-09-06 17:08:36,726 narrative_ipca.sparse_ipca WARNING fit_sparse_ipca(lam=1.086e-06, K=3) did not converge in 500 sweeps
2026-09-06 17:08:39,846 narrative_ipca.sparse_ipca WARNING fit_sparse_ipca(lam=5.537e-07, K=3) did not converge in 500 sweeps
2026-09-06 17:08:44,465 narrative_ipca.tuning WARNING tune: the chosen point (lam=0.0001575, K=3, 50 selected) has a singular Sigma_ff at rcond=1.0e-06; its is_sharpe criterion and b_MVE drop at least one factor direction
2026-09-06 17:08:44,466 narrative_ipca.oos WARNING run_oos: refit 4/8 (lam=0.0001575, K=3, 50 selected): Sigma_ff is singular at rcond=1.0e-06, b_MVE drops at least one factor direction; the OOS MVE of this block is fragile
2026-09-06 17:08:55,255 narrative_ipca.sparse_ipca WARNING fit_sparse_ipca(lam=4.626e-07, K=3) did not converge in 500 sweeps
2026-09-06 17:09:08,821 narrative_ipca.sparse_ipca WARNING fit_sparse_ipca(lam=9.851e-07, K=3) did not converge in 500 sweeps
2026-09-06 17:09:24,248 narrative_ipca.sparse_ipca WARNING fit_sparse_ipca(lam=1.112e-06, K=3) did not converge in 500 sweeps
2026-09-06 17:09:24,348 narrative_ipca.sparse_ipca WARNING fit_sparse_ipca(lam=1.077e-06, K=3) did not converge in 500 sweeps
2026-09-06 17:09:27,614 narrative_ipca.sparse_ipca WARNING fit_sparse_ipca(lam=5.358e-07, K=3) did not converge in 500 sweeps
2026-09-06 17:09:34,670 run_full_study INFO variant bks: no_factor seed 0 done in 250s -> FAIL (n_selected 3.0, oos_sharpe -0.1517866807215629)
2026-09-06 17:09:37,846 narrative_ipca.sparse_ipca WARNING fit_sparse_ipca(lam=4.455e-07, K=3) did not converge in 500 sweeps
2026-09-06 17:09:46,986 narrative_ipca.sparse_ipca WARNING fit_sparse_ipca(lam=5.282e-07, K=3) did not converge in 500 sweeps
2026-09-06 17:09:52,755 run_full_study INFO variant bks: no_factor seed 1 done in 268s -> FAIL (n_selected 6.0, oos_sharpe -0.6243391676405335)
2026-09-06 17:09:54,591 narrative_ipca.sparse_ipca WARNING fit_sparse_ipca(lam=9.424e-07, K=3) did not converge in 500 sweeps
2026-09-06 17:10:05,360 run_full_study INFO variant bks: no_factor seed 2 done in 280s -> FAIL (n_selected 5.0, oos_sharpe 0.04891706916361942)
2026-09-06 17:10:06,367 narrative_ipca.sparse_ipca WARNING fit_sparse_ipca(lam=1.117e-06, K=3) did not converge in 500 sweeps
2026-09-06 17:10:12,011 narrative_ipca.sparse_ipca WARNING fit_sparse_ipca(lam=1.112e-06, K=3) did not converge in 500 sweeps
2026-09-06 17:10:12,320 narrative_ipca.sparse_ipca WARNING fit_sparse_ipca(lam=1.058e-06, K=3) did not converge in 500 sweeps
2026-09-06 17:10:15,280 narrative_ipca.sparse_ipca WARNING fit_sparse_ipca(lam=5.109e-07, K=3) did not converge in 500 sweeps
2026-09-06 17:10:17,334 narrative_ipca.sparse_ipca WARNING fit_sparse_ipca(lam=9.741e-07, K=3) did not converge in 500 sweeps
2026-09-06 17:10:18,803 narrative_ipca.sparse_ipca WARNING fit_sparse_ipca(lam=4.487e-07, K=3) did not converge in 500 sweeps
2026-09-06 17:10:29,439 narrative_ipca.sparse_ipca WARNING fit_sparse_ipca(lam=6.297e-07, K=3) did not converge in 500 sweeps
2026-09-06 17:10:39,360 narrative_ipca.sparse_ipca WARNING fit_sparse_ipca(lam=9.512e-07, K=3) did not converge in 500 sweeps
2026-09-06 17:10:53,940 narrative_ipca.sparse_ipca WARNING fit_sparse_ipca(lam=1.227e-06, K=3) did not converge in 500 sweeps
2026-09-06 17:10:59,157 narrative_ipca.sparse_ipca WARNING fit_sparse_ipca(lam=1.055e-06, K=3) did not converge in 500 sweeps
2026-09-06 17:10:59,535 narrative_ipca.sparse_ipca WARNING fit_sparse_ipca(lam=1.104e-06, K=3) did not converge in 500 sweeps
2026-09-06 17:10:59,875 narrative_ipca.sparse_ipca WARNING fit_sparse_ipca(lam=4.488e-07, K=3) did not converge in 500 sweeps
2026-09-06 17:11:01,441 narrative_ipca.sparse_ipca WARNING fit_sparse_ipca(lam=4.901e-07, K=3) did not converge in 500 sweeps
2026-09-06 17:11:02,445 narrative_ipca.sparse_ipca WARNING fit_sparse_ipca(lam=9.542e-07, K=3) did not converge in 500 sweeps
2026-09-06 17:11:07,248 narrative_ipca.sparse_ipca WARNING fit_sparse_ipca(lam=5.999e-07, K=3) did not converge in 500 sweeps
2026-09-06 17:11:23,220 narrative_ipca.sparse_ipca WARNING fit_sparse_ipca(lam=9.759e-07, K=3) did not converge in 500 sweeps
2026-09-06 17:11:31,116 run_full_study INFO variant bks: topic_null seed 1 done in 366s -> pass (n_selected 67.0, oos_sharpe 0.15486353691989732)
2026-09-06 17:11:31,852 narrative_ipca.sparse_ipca WARNING fit_sparse_ipca(lam=1.205e-06, K=3) did not converge in 500 sweeps
2026-09-06 17:11:38,383 narrative_ipca.sparse_ipca WARNING fit_sparse_ipca(lam=9.988e-07, K=3) did not converge in 500 sweeps
2026-09-06 17:11:42,772 narrative_ipca.sparse_ipca WARNING fit_sparse_ipca(lam=1.051e-06, K=3) did not converge in 500 sweeps
2026-09-06 17:11:45,850 narrative_ipca.sparse_ipca WARNING fit_sparse_ipca(lam=1.053e-06, K=3) did not converge in 500 sweeps
2026-09-06 17:11:46,682 narrative_ipca.sparse_ipca WARNING fit_sparse_ipca(lam=1.127e-06, K=3) did not converge in 500 sweeps
2026-09-06 17:11:47,097 narrative_ipca.sparse_ipca WARNING fit_sparse_ipca(lam=4.74e-07, K=3) did not converge in 500 sweeps
2026-09-06 17:11:47,453 narrative_ipca.sparse_ipca WARNING fit_sparse_ipca(lam=5.841e-07, K=3) did not converge in 500 sweeps
2026-09-06 17:11:58,565 run_full_study INFO variant bks: baseline seed 1 done in 394s -> FAIL (n_selected 113.0, oos_sharpe 0.3587692872653661)
2026-09-06 17:12:11,242 narrative_ipca.sparse_ipca WARNING fit_sparse_ipca(lam=1.057e-06, K=3) did not converge in 500 sweeps
2026-09-06 17:12:12,667 narrative_ipca.sparse_ipca WARNING fit_sparse_ipca(lam=1.168e-06, K=3) did not converge in 500 sweeps
2026-09-06 17:12:17,148 narrative_ipca.sparse_ipca WARNING fit_sparse_ipca(lam=1.01e-06, K=3) did not converge in 500 sweeps
2026-09-06 17:12:24,958 run_full_study INFO variant bks: baseline seed 2 done in 420s -> FAIL (n_selected 105.0, oos_sharpe 0.7928873664308665)
2026-09-06 17:12:25,066 run_full_study INFO variant bks: topic_null seed 0 done in 420s -> pass (n_selected 95.0, oos_sharpe 0.5600689448344066)
2026-09-06 17:12:25,603 run_full_study INFO variant bks: baseline seed 0 done in 421s -> FAIL (n_selected 54.0, oos_sharpe 0.9153201403722987)
2026-09-06 17:12:26,313 narrative_ipca.sparse_ipca WARNING fit_sparse_ipca(lam=5.702e-07, K=3) did not converge in 500 sweeps
2026-09-06 17:12:27,971 narrative_ipca.sparse_ipca WARNING fit_sparse_ipca(lam=1.141e-06, K=3) did not converge in 500 sweeps
2026-09-06 17:12:35,884 narrative_ipca.sparse_ipca WARNING fit_sparse_ipca(lam=9.39e-07, K=3) did not converge in 500 sweeps
2026-09-06 17:12:36,013 narrative_ipca.sparse_ipca WARNING fit_sparse_ipca(lam=9.964e-07, K=3) did not converge in 500 sweeps
2026-09-06 17:12:51,036 narrative_ipca.sparse_ipca WARNING fit_sparse_ipca(lam=1.114e-06, K=3) did not converge in 500 sweeps
2026-09-06 17:12:52,932 narrative_ipca.sparse_ipca WARNING fit_sparse_ipca(lam=1.174e-06, K=3) did not converge in 500 sweeps
2026-09-06 17:12:53,045 narrative_ipca.sparse_ipca WARNING fit_sparse_ipca(lam=9.912e-07, K=3) did not converge in 500 sweeps
2026-09-06 17:12:59,001 narrative_ipca.sparse_ipca WARNING fit_sparse_ipca(lam=1.102e-06, K=3) did not converge in 500 sweeps
2026-09-06 17:13:00,503 narrative_ipca.sparse_ipca WARNING fit_sparse_ipca(lam=5.519e-07, K=3) did not converge in 500 sweeps
2026-09-06 17:13:16,507 narrative_ipca.sparse_ipca WARNING fit_sparse_ipca(lam=8.849e-07, K=3) did not converge in 500 sweeps
2026-09-06 17:13:17,324 narrative_ipca.sparse_ipca WARNING fit_sparse_ipca(lam=1.059e-06, K=3) did not converge in 500 sweeps
2026-09-06 17:13:24,631 narrative_ipca.sparse_ipca WARNING fit_sparse_ipca(lam=1.152e-06, K=3) did not converge in 500 sweeps
2026-09-06 17:13:26,625 narrative_ipca.sparse_ipca WARNING fit_sparse_ipca(lam=1.116e-06, K=3) did not converge in 500 sweeps
2026-09-06 17:13:27,675 narrative_ipca.sparse_ipca WARNING fit_sparse_ipca(lam=9.814e-07, K=3) did not converge in 500 sweeps
2026-09-06 17:13:30,327 narrative_ipca.sparse_ipca WARNING fit_sparse_ipca(lam=1.08e-06, K=3) did not converge in 500 sweeps
2026-09-06 17:13:33,714 narrative_ipca.sparse_ipca WARNING fit_sparse_ipca(lam=5.396e-07, K=3) did not converge in 500 sweeps
2026-09-06 17:13:48,313 narrative_ipca.sparse_ipca WARNING fit_sparse_ipca(lam=9.408e-07, K=3) did not converge in 500 sweeps
2026-09-06 17:13:49,373 narrative_ipca.sparse_ipca WARNING fit_sparse_ipca(lam=1.031e-06, K=3) did not converge in 500 sweeps
2026-09-06 17:13:58,241 narrative_ipca.sparse_ipca WARNING fit_sparse_ipca(lam=1.118e-06, K=3) did not converge in 500 sweeps
2026-09-06 17:14:03,942 narrative_ipca.sparse_ipca WARNING fit_sparse_ipca(lam=1.118e-06, K=3) did not converge in 500 sweeps
2026-09-06 17:14:04,428 narrative_ipca.sparse_ipca WARNING fit_sparse_ipca(lam=9.413e-07, K=3) did not converge in 500 sweeps
2026-09-06 17:14:05,303 narrative_ipca.sparse_ipca WARNING fit_sparse_ipca(lam=1.07e-06, K=3) did not converge in 500 sweeps
2026-09-06 17:14:08,747 narrative_ipca.sparse_ipca WARNING fit_sparse_ipca(lam=5.343e-07, K=3) did not converge in 500 sweeps
2026-09-06 17:14:23,944 narrative_ipca.sparse_ipca WARNING fit_sparse_ipca(lam=9.555e-07, K=3) did not converge in 500 sweeps
2026-09-06 17:14:24,396 narrative_ipca.sparse_ipca WARNING fit_sparse_ipca(lam=1.021e-06, K=3) did not converge in 500 sweeps
2026-09-06 17:14:33,391 narrative_ipca.sparse_ipca WARNING fit_sparse_ipca(lam=1.066e-06, K=3) did not converge in 500 sweeps
2026-09-06 17:14:40,819 narrative_ipca.sparse_ipca WARNING fit_sparse_ipca(lam=1.062e-06, K=3) did not converge in 500 sweeps
2026-09-06 17:14:42,769 narrative_ipca.sparse_ipca WARNING fit_sparse_ipca(lam=9.473e-07, K=3) did not converge in 500 sweeps
2026-09-06 17:14:42,942 narrative_ipca.sparse_ipca WARNING fit_sparse_ipca(lam=1.11e-06, K=3) did not converge in 500 sweeps
2026-09-06 17:14:44,984 narrative_ipca.sparse_ipca WARNING fit_sparse_ipca(lam=5.304e-07, K=3) did not converge in 500 sweeps
2026-09-06 17:15:01,185 narrative_ipca.sparse_ipca WARNING fit_sparse_ipca(lam=9.401e-07, K=3) did not converge in 500 sweeps
2026-09-06 17:15:01,589 narrative_ipca.sparse_ipca WARNING fit_sparse_ipca(lam=1.014e-06, K=3) did not converge in 500 sweeps
2026-09-06 17:15:10,244 narrative_ipca.sparse_ipca WARNING fit_sparse_ipca(lam=1.063e-06, K=3) did not converge in 500 sweeps
2026-09-06 17:15:14,343 run_full_study INFO variant bks: topic_null seed 2 done in 340s -> pass (n_selected 91.0, oos_sharpe 0.4454935023349899)
2026-09-06 17:15:17,668 narrative_ipca.sparse_ipca WARNING fit_sparse_ipca(lam=1.049e-06, K=3) did not converge in 500 sweeps
2026-09-06 17:15:21,890 narrative_ipca.sparse_ipca WARNING fit_sparse_ipca(lam=9.732e-07, K=3) did not converge in 500 sweeps
2026-09-06 17:15:23,009 narrative_ipca.sparse_ipca WARNING fit_sparse_ipca(lam=1.133e-06, K=3) did not converge in 500 sweeps
2026-09-06 17:15:37,016 narrative_ipca.sparse_ipca WARNING fit_sparse_ipca(lam=9.337e-07, K=3) did not converge in 500 sweeps
2026-09-06 17:15:39,522 narrative_ipca.sparse_ipca WARNING fit_sparse_ipca(lam=1.007e-06, K=3) did not converge in 500 sweeps
2026-09-06 17:15:44,212 narrative_ipca.sparse_ipca WARNING fit_sparse_ipca(lam=1.065e-06, K=3) did not converge in 500 sweeps
2026-09-06 17:15:49,671 run_full_study INFO variant bks: softmax seed 1 done in 344s -> FAIL (n_selected 13.0, oos_sharpe 0.25852776498081104)
2026-09-06 17:15:50,838 narrative_ipca.sparse_ipca WARNING fit_sparse_ipca(lam=1.047e-06, K=3) did not converge in 500 sweeps
2026-09-06 17:15:51,686 run_full_study INFO variant bks: softmax seed 0 done in 359s -> FAIL (n_selected 58.0, oos_sharpe 0.8697385406231775)
2026-09-06 17:16:07,007 narrative_ipca.sparse_ipca WARNING fit_sparse_ipca(lam=8.916e-07, K=3) did not converge in 500 sweeps
2026-09-06 17:16:08,610 narrative_ipca.sparse_ipca WARNING fit_sparse_ipca(lam=9.908e-07, K=3) did not converge in 500 sweeps
2026-09-06 17:16:11,982 narrative_ipca.sparse_ipca WARNING fit_sparse_ipca(lam=1.056e-06, K=3) did not converge in 500 sweeps
2026-09-06 17:16:16,153 narrative_ipca.sparse_ipca WARNING fit_sparse_ipca(lam=1.047e-06, K=3) did not converge in 500 sweeps
2026-09-06 17:16:33,957 narrative_ipca.sparse_ipca WARNING fit_sparse_ipca(lam=9.088e-07, K=3) did not converge in 500 sweeps
2026-09-06 17:16:35,817 narrative_ipca.sparse_ipca WARNING fit_sparse_ipca(lam=9.924e-07, K=3) did not converge in 500 sweeps
2026-09-06 17:16:36,434 run_full_study INFO variant bks: softmax seed 2 done in 305s -> FAIL (n_selected 78.0, oos_sharpe 0.7629662220137559)
2026-09-06 17:16:38,501 narrative_ipca.sparse_ipca WARNING fit_sparse_ipca(lam=1.072e-06, K=3) did not converge in 500 sweeps
2026-09-06 17:16:56,407 run_full_study INFO variant bks: weak seed 0 done in 298s -> FAIL (n_selected 11.0, oos_sharpe 0.4434015117622004)
2026-09-06 17:16:57,927 narrative_ipca.sparse_ipca WARNING fit_sparse_ipca(lam=9.383e-07, K=3) did not converge in 500 sweeps
2026-09-06 17:16:59,097 narrative_ipca.sparse_ipca WARNING fit_sparse_ipca(lam=9.909e-07, K=3) did not converge in 500 sweeps
2026-09-06 17:17:13,777 run_full_study INFO variant bks: weak seed 1 done in 289s -> FAIL (n_selected 120.0, oos_sharpe -0.007191493504370899)
2026-09-06 17:17:14,528 run_full_study INFO variant bks: weak seed 2 done in 289s -> FAIL (n_selected 120.0, oos_sharpe 0.3908969594934506)
2026-09-06 17:17:14,899 narrative_ipca.harness INFO write_report: reports\simulation\full\bks\harness_2026-09-06.md
2026-09-06 17:17:14,908 run_full_study INFO variant tol02: 15 runs on 8 workers (3 threads each)
2026-09-06 17:17:29,661 narrative_ipca.sparse_ipca WARNING fit_sparse_ipca(lam=4.677e-07, K=3) did not converge in 500 sweeps
2026-09-06 17:17:30,050 narrative_ipca.sparse_ipca WARNING fit_sparse_ipca(lam=1.057e-06, K=3) did not converge in 500 sweeps
2026-09-06 17:17:30,068 narrative_ipca.sparse_ipca WARNING fit_sparse_ipca(lam=9.763e-07, K=3) did not converge in 500 sweeps
2026-09-06 17:17:30,282 narrative_ipca.sparse_ipca WARNING fit_sparse_ipca(lam=4.431e-07, K=3) did not converge in 500 sweeps
2026-09-06 17:17:30,777 narrative_ipca.sparse_ipca WARNING fit_sparse_ipca(lam=1.11e-06, K=3) did not converge in 500 sweeps
2026-09-06 17:18:17,546 narrative_ipca.sparse_ipca WARNING fit_sparse_ipca(lam=5.979e-07, K=3) did not converge in 500 sweeps
2026-09-06 17:18:18,326 narrative_ipca.sparse_ipca WARNING fit_sparse_ipca(lam=9.46e-07, K=3) did not converge in 500 sweeps
2026-09-06 17:18:18,467 narrative_ipca.sparse_ipca WARNING fit_sparse_ipca(lam=1.15e-06, K=3) did not converge in 500 sweeps
2026-09-06 17:18:19,862 narrative_ipca.sparse_ipca WARNING fit_sparse_ipca(lam=4.233e-07, K=3) did not converge in 500 sweeps
2026-09-06 17:18:21,694 narrative_ipca.sparse_ipca WARNING fit_sparse_ipca(lam=1.233e-06, K=3) did not converge in 500 sweeps
2026-09-06 17:18:53,829 narrative_ipca.sparse_ipca WARNING fit_sparse_ipca(lam=5.984e-07, K=3) did not converge in 500 sweeps
2026-09-06 17:18:54,366 narrative_ipca.sparse_ipca WARNING fit_sparse_ipca(lam=9.954e-07, K=3) did not converge in 500 sweeps
2026-09-06 17:18:54,545 narrative_ipca.sparse_ipca WARNING fit_sparse_ipca(lam=1.113e-06, K=3) did not converge in 500 sweeps
2026-09-06 17:18:57,057 narrative_ipca.sparse_ipca WARNING fit_sparse_ipca(lam=4.617e-07, K=3) did not converge in 500 sweeps
2026-09-06 17:19:01,072 narrative_ipca.sparse_ipca WARNING fit_sparse_ipca(lam=1.206e-06, K=3) did not converge in 500 sweeps
2026-09-06 17:19:26,030 narrative_ipca.tuning WARNING tune: the chosen point (lam=0.0002519, K=3, 42 selected) has a singular Sigma_ff at rcond=1.0e-06; its is_sharpe criterion and b_MVE drop at least one factor direction
2026-09-06 17:19:26,032 narrative_ipca.oos WARNING run_oos: refit 2/8 (lam=0.0002519, K=3, 42 selected): Sigma_ff is singular at rcond=1.0e-06, b_MVE drops at least one factor direction; the OOS MVE of this block is fragile
2026-09-06 17:19:32,981 narrative_ipca.sparse_ipca WARNING fit_sparse_ipca(lam=1.094e-06, K=3) did not converge in 500 sweeps
2026-09-06 17:19:32,982 narrative_ipca.sparse_ipca WARNING fit_sparse_ipca(lam=1.009e-06, K=3) did not converge in 500 sweeps
2026-09-06 17:19:35,918 narrative_ipca.sparse_ipca WARNING fit_sparse_ipca(lam=5.781e-07, K=3) did not converge in 500 sweeps
2026-09-06 17:19:36,131 narrative_ipca.sparse_ipca WARNING fit_sparse_ipca(lam=4.77e-07, K=3) did not converge in 500 sweeps
2026-09-06 17:19:42,784 narrative_ipca.sparse_ipca WARNING fit_sparse_ipca(lam=1.167e-06, K=3) did not converge in 500 sweeps
2026-09-06 17:20:06,725 narrative_ipca.tuning WARNING tune: the chosen point (lam=0.0004226, K=3, 29 selected) has a singular Sigma_ff at rcond=1.0e-06; its is_sharpe criterion and b_MVE drop at least one factor direction
2026-09-06 17:20:06,726 narrative_ipca.oos WARNING run_oos: refit 3/8 (lam=0.0004226, K=3, 29 selected): Sigma_ff is singular at rcond=1.0e-06, b_MVE drops at least one factor direction; the OOS MVE of this block is fragile
2026-09-06 17:20:14,032 narrative_ipca.sparse_ipca WARNING fit_sparse_ipca(lam=9.911e-07, K=3) did not converge in 500 sweeps
2026-09-06 17:20:14,493 narrative_ipca.sparse_ipca WARNING fit_sparse_ipca(lam=1.086e-06, K=3) did not converge in 500 sweeps
2026-09-06 17:20:17,339 narrative_ipca.sparse_ipca WARNING fit_sparse_ipca(lam=4.688e-07, K=3) did not converge in 500 sweeps
2026-09-06 17:20:17,679 narrative_ipca.sparse_ipca WARNING fit_sparse_ipca(lam=5.537e-07, K=3) did not converge in 500 sweeps
2026-09-06 17:20:27,097 narrative_ipca.sparse_ipca WARNING fit_sparse_ipca(lam=1.112e-06, K=3) did not converge in 500 sweeps
2026-09-06 17:20:49,386 narrative_ipca.tuning WARNING tune: the chosen point (lam=0.0002557, K=3, 39 selected) has a singular Sigma_ff at rcond=1.0e-06; its is_sharpe criterion and b_MVE drop at least one factor direction
2026-09-06 17:20:49,387 narrative_ipca.oos WARNING run_oos: refit 4/8 (lam=0.0002557, K=3, 39 selected): Sigma_ff is singular at rcond=1.0e-06, b_MVE drops at least one factor direction; the OOS MVE of this block is fragile
2026-09-06 17:20:57,929 narrative_ipca.sparse_ipca WARNING fit_sparse_ipca(lam=9.851e-07, K=3) did not converge in 500 sweeps
2026-09-06 17:20:58,449 narrative_ipca.sparse_ipca WARNING fit_sparse_ipca(lam=1.077e-06, K=3) did not converge in 500 sweeps
2026-09-06 17:21:00,690 narrative_ipca.sparse_ipca WARNING fit_sparse_ipca(lam=4.626e-07, K=3) did not converge in 500 sweeps
2026-09-06 17:21:01,764 narrative_ipca.sparse_ipca WARNING fit_sparse_ipca(lam=5.358e-07, K=3) did not converge in 500 sweeps
2026-09-06 17:21:14,219 narrative_ipca.sparse_ipca WARNING fit_sparse_ipca(lam=1.112e-06, K=3) did not converge in 500 sweeps
2026-09-06 17:21:26,390 run_full_study INFO variant tol02: no_factor seed 1 done in 249s -> FAIL (n_selected 6.0, oos_sharpe -0.6456751510636237)
2026-09-06 17:21:34,526 narrative_ipca.tuning WARNING tune: the chosen point (lam=0.0002524, K=3, 42 selected) has a singular Sigma_ff at rcond=1.0e-06; its is_sharpe criterion and b_MVE drop at least one factor direction
2026-09-06 17:21:34,527 narrative_ipca.oos WARNING run_oos: refit 5/8 (lam=0.0002524, K=3, 42 selected): Sigma_ff is singular at rcond=1.0e-06, b_MVE drops at least one factor direction; the OOS MVE of this block is fragile
2026-09-06 17:21:39,078 narrative_ipca.sparse_ipca WARNING fit_sparse_ipca(lam=5.282e-07, K=3) did not converge in 500 sweeps
2026-09-06 17:21:39,327 run_full_study INFO variant tol02: no_factor seed 0 done in 262s -> FAIL (n_selected 3.0, oos_sharpe -0.1517866807215629)
2026-09-06 17:21:43,473 narrative_ipca.sparse_ipca WARNING fit_sparse_ipca(lam=9.424e-07, K=3) did not converge in 500 sweeps
2026-09-06 17:21:43,869 narrative_ipca.sparse_ipca WARNING fit_sparse_ipca(lam=1.058e-06, K=3) did not converge in 500 sweeps
2026-09-06 17:21:45,536 narrative_ipca.sparse_ipca WARNING fit_sparse_ipca(lam=4.455e-07, K=3) did not converge in 500 sweeps
2026-09-06 17:21:47,301 narrative_ipca.sparse_ipca WARNING fit_sparse_ipca(lam=5.109e-07, K=3) did not converge in 500 sweeps
2026-09-06 17:21:52,378 narrative_ipca.sparse_ipca WARNING fit_sparse_ipca(lam=1.117e-06, K=3) did not converge in 500 sweeps
2026-09-06 17:22:01,746 narrative_ipca.sparse_ipca WARNING fit_sparse_ipca(lam=1.112e-06, K=3) did not converge in 500 sweeps
2026-09-06 17:22:11,046 run_full_study INFO variant tol02: no_factor seed 2 done in 294s -> pass (n_selected 3.0, oos_sharpe 0.0635854817700195)
2026-09-06 17:22:17,903 narrative_ipca.tuning WARNING tune: the chosen point (lam=0.000243, K=3, 43 selected) has a singular Sigma_ff at rcond=1.0e-06; its is_sharpe criterion and b_MVE drop at least one factor direction
2026-09-06 17:22:17,903 narrative_ipca.oos WARNING run_oos: refit 6/8 (lam=0.000243, K=3, 43 selected): Sigma_ff is singular at rcond=1.0e-06, b_MVE drops at least one factor direction; the OOS MVE of this block is fragile
2026-09-06 17:22:21,634 narrative_ipca.sparse_ipca WARNING fit_sparse_ipca(lam=6.297e-07, K=3) did not converge in 500 sweeps
2026-09-06 17:22:23,892 narrative_ipca.sparse_ipca WARNING fit_sparse_ipca(lam=9.741e-07, K=3) did not converge in 500 sweeps
2026-09-06 17:22:28,253 narrative_ipca.sparse_ipca WARNING fit_sparse_ipca(lam=1.055e-06, K=3) did not converge in 500 sweeps
2026-09-06 17:22:28,601 narrative_ipca.sparse_ipca WARNING fit_sparse_ipca(lam=9.512e-07, K=3) did not converge in 500 sweeps
2026-09-06 17:22:28,742 narrative_ipca.sparse_ipca WARNING fit_sparse_ipca(lam=4.487e-07, K=3) did not converge in 500 sweeps
2026-09-06 17:22:31,467 narrative_ipca.sparse_ipca WARNING fit_sparse_ipca(lam=4.901e-07, K=3) did not converge in 500 sweeps
2026-09-06 17:22:39,819 narrative_ipca.sparse_ipca WARNING fit_sparse_ipca(lam=1.227e-06, K=3) did not converge in 500 sweeps
2026-09-06 17:22:48,263 narrative_ipca.sparse_ipca WARNING fit_sparse_ipca(lam=1.104e-06, K=3) did not converge in 500 sweeps
2026-09-06 17:22:59,882 narrative_ipca.sparse_ipca WARNING fit_sparse_ipca(lam=5.999e-07, K=3) did not converge in 500 sweeps
2026-09-06 17:23:00,629 narrative_ipca.tuning WARNING tune: the chosen point (lam=0.004487, K=3, 4 selected) has a singular Sigma_ff at rcond=1.0e-06; its is_sharpe criterion and b_MVE drop at least one factor direction
2026-09-06 17:23:00,631 narrative_ipca.oos WARNING run_oos: refit 7/8 (lam=0.004487, K=3, 4 selected): Sigma_ff is singular at rcond=1.0e-06, b_MVE drops at least one factor direction; the OOS MVE of this block is fragile
2026-09-06 17:23:11,224 narrative_ipca.sparse_ipca WARNING fit_sparse_ipca(lam=9.542e-07, K=3) did not converge in 500 sweeps
2026-09-06 17:23:11,549 narrative_ipca.sparse_ipca WARNING fit_sparse_ipca(lam=4.488e-07, K=3) did not converge in 500 sweeps
2026-09-06 17:23:12,586 narrative_ipca.sparse_ipca WARNING fit_sparse_ipca(lam=1.053e-06, K=3) did not converge in 500 sweeps
2026-09-06 17:23:13,158 narrative_ipca.sparse_ipca WARNING fit_sparse_ipca(lam=9.759e-07, K=3) did not converge in 500 sweeps
2026-09-06 17:23:14,801 narrative_ipca.sparse_ipca WARNING fit_sparse_ipca(lam=4.74e-07, K=3) did not converge in 500 sweeps
2026-09-06 17:23:17,901 narrative_ipca.sparse_ipca WARNING fit_sparse_ipca(lam=1.205e-06, K=3) did not converge in 500 sweeps
2026-09-06 17:23:35,193 narrative_ipca.sparse_ipca WARNING fit_sparse_ipca(lam=1.127e-06, K=3) did not converge in 500 sweeps
2026-09-06 17:23:40,263 narrative_ipca.sparse_ipca WARNING fit_sparse_ipca(lam=5.841e-07, K=3) did not converge in 500 sweeps
2026-09-06 17:23:45,578 run_full_study INFO variant tol02: topic_null seed 1 done in 389s -> pass (n_selected 67.0, oos_sharpe 0.18110514344629364)
2026-09-06 17:23:48,297 run_full_study INFO variant tol02: baseline seed 2 done in 391s -> FAIL (n_selected 83.0, oos_sharpe 0.7646761556916308)
2026-09-06 17:23:48,774 run_full_study INFO variant tol02: baseline seed 1 done in 392s -> FAIL (n_selected 11.0, oos_sharpe 0.3753278019038194)
2026-09-06 17:23:49,473 run_full_study INFO variant tol02: topic_null seed 0 done in 393s -> pass (n_selected 95.0, oos_sharpe 0.5718598150084455)
2026-09-06 17:23:49,678 narrative_ipca.sparse_ipca WARNING fit_sparse_ipca(lam=9.988e-07, K=3) did not converge in 500 sweeps
2026-09-06 17:23:57,977 narrative_ipca.sparse_ipca WARNING fit_sparse_ipca(lam=1.051e-06, K=3) did not converge in 500 sweeps
2026-09-06 17:23:58,205 narrative_ipca.sparse_ipca WARNING fit_sparse_ipca(lam=1.168e-06, K=3) did not converge in 500 sweeps
2026-09-06 17:23:59,860 narrative_ipca.sparse_ipca WARNING fit_sparse_ipca(lam=1.057e-06, K=3) did not converge in 500 sweeps
2026-09-06 17:24:00,259 narrative_ipca.sparse_ipca WARNING fit_sparse_ipca(lam=9.39e-07, K=3) did not converge in 500 sweeps
2026-09-06 17:24:01,149 narrative_ipca.sparse_ipca WARNING fit_sparse_ipca(lam=9.964e-07, K=3) did not converge in 500 sweeps
2026-09-06 17:24:12,416 run_full_study INFO variant tol02: baseline seed 0 done in 416s -> FAIL (n_selected 9.0, oos_sharpe 0.9307448884226455)
2026-09-06 17:24:17,483 narrative_ipca.sparse_ipca WARNING fit_sparse_ipca(lam=5.702e-07, K=3) did not converge in 500 sweeps
2026-09-06 17:24:27,904 narrative_ipca.sparse_ipca WARNING fit_sparse_ipca(lam=1.01e-06, K=3) did not converge in 500 sweeps
2026-09-06 17:24:36,417 narrative_ipca.sparse_ipca WARNING fit_sparse_ipca(lam=1.114e-06, K=3) did not converge in 500 sweeps
2026-09-06 17:24:40,798 narrative_ipca.sparse_ipca WARNING fit_sparse_ipca(lam=1.141e-06, K=3) did not converge in 500 sweeps
2026-09-06 17:24:41,119 narrative_ipca.sparse_ipca WARNING fit_sparse_ipca(lam=8.849e-07, K=3) did not converge in 500 sweeps
2026-09-06 17:24:41,678 narrative_ipca.sparse_ipca WARNING fit_sparse_ipca(lam=1.174e-06, K=3) did not converge in 500 sweeps
2026-09-06 17:24:42,937 narrative_ipca.sparse_ipca WARNING fit_sparse_ipca(lam=1.059e-06, K=3) did not converge in 500 sweeps
2026-09-06 17:24:51,041 narrative_ipca.sparse_ipca WARNING fit_sparse_ipca(lam=5.519e-07, K=3) did not converge in 500 sweeps
2026-09-06 17:25:02,174 narrative_ipca.sparse_ipca WARNING fit_sparse_ipca(lam=9.912e-07, K=3) did not converge in 500 sweeps
2026-09-06 17:25:10,215 narrative_ipca.sparse_ipca WARNING fit_sparse_ipca(lam=1.116e-06, K=3) did not converge in 500 sweeps
2026-09-06 17:25:10,760 narrative_ipca.sparse_ipca WARNING fit_sparse_ipca(lam=9.408e-07, K=3) did not converge in 500 sweeps
2026-09-06 17:25:11,690 narrative_ipca.sparse_ipca WARNING fit_sparse_ipca(lam=1.102e-06, K=3) did not converge in 500 sweeps
2026-09-06 17:25:12,267 narrative_ipca.sparse_ipca WARNING fit_sparse_ipca(lam=1.152e-06, K=3) did not converge in 500 sweeps
2026-09-06 17:25:12,932 narrative_ipca.sparse_ipca WARNING fit_sparse_ipca(lam=1.031e-06, K=3) did not converge in 500 sweeps
2026-09-06 17:25:23,373 narrative_ipca.sparse_ipca WARNING fit_sparse_ipca(lam=5.396e-07, K=3) did not converge in 500 sweeps
2026-09-06 17:25:38,625 narrative_ipca.sparse_ipca WARNING fit_sparse_ipca(lam=9.814e-07, K=3) did not converge in 500 sweeps
2026-09-06 17:25:43,588 narrative_ipca.sparse_ipca WARNING fit_sparse_ipca(lam=9.555e-07, K=3) did not converge in 500 sweeps
2026-09-06 17:25:45,112 narrative_ipca.sparse_ipca WARNING fit_sparse_ipca(lam=1.08e-06, K=3) did not converge in 500 sweeps
2026-09-06 17:25:45,351 narrative_ipca.sparse_ipca WARNING fit_sparse_ipca(lam=1.118e-06, K=3) did not converge in 500 sweeps
2026-09-06 17:25:45,700 narrative_ipca.sparse_ipca WARNING fit_sparse_ipca(lam=1.021e-06, K=3) did not converge in 500 sweeps
2026-09-06 17:25:46,983 narrative_ipca.sparse_ipca WARNING fit_sparse_ipca(lam=1.118e-06, K=3) did not converge in 500 sweeps
2026-09-06 17:25:57,410 narrative_ipca.sparse_ipca WARNING fit_sparse_ipca(lam=5.343e-07, K=3) did not converge in 500 sweeps
2026-09-06 17:26:17,110 narrative_ipca.sparse_ipca WARNING fit_sparse_ipca(lam=9.413e-07, K=3) did not converge in 500 sweeps
2026-09-06 17:26:18,054 narrative_ipca.sparse_ipca WARNING fit_sparse_ipca(lam=9.401e-07, K=3) did not converge in 500 sweeps
2026-09-06 17:26:20,547 narrative_ipca.sparse_ipca WARNING fit_sparse_ipca(lam=1.014e-06, K=3) did not converge in 500 sweeps
2026-09-06 17:26:20,704 narrative_ipca.sparse_ipca WARNING fit_sparse_ipca(lam=1.066e-06, K=3) did not converge in 500 sweeps
2026-09-06 17:26:21,652 narrative_ipca.sparse_ipca WARNING fit_sparse_ipca(lam=1.07e-06, K=3) did not converge in 500 sweeps
2026-09-06 17:26:25,956 narrative_ipca.sparse_ipca WARNING fit_sparse_ipca(lam=1.11e-06, K=3) did not converge in 500 sweeps
2026-09-06 17:26:33,256 narrative_ipca.sparse_ipca WARNING fit_sparse_ipca(lam=5.304e-07, K=3) did not converge in 500 sweeps
2026-09-06 17:26:54,467 narrative_ipca.sparse_ipca WARNING fit_sparse_ipca(lam=9.337e-07, K=3) did not converge in 500 sweeps
2026-09-06 17:26:57,944 narrative_ipca.sparse_ipca WARNING fit_sparse_ipca(lam=9.473e-07, K=3) did not converge in 500 sweeps
2026-09-06 17:26:58,041 narrative_ipca.sparse_ipca WARNING fit_sparse_ipca(lam=1.063e-06, K=3) did not converge in 500 sweeps
2026-09-06 17:26:59,734 narrative_ipca.sparse_ipca WARNING fit_sparse_ipca(lam=1.007e-06, K=3) did not converge in 500 sweeps
2026-09-06 17:26:59,903 narrative_ipca.sparse_ipca WARNING fit_sparse_ipca(lam=1.062e-06, K=3) did not converge in 500 sweeps
2026-09-06 17:27:02,387 run_full_study INFO variant tol02: topic_null seed 2 done in 336s -> pass (n_selected 91.0, oos_sharpe 0.40501548363231904)
2026-09-06 17:27:06,562 narrative_ipca.sparse_ipca WARNING fit_sparse_ipca(lam=1.133e-06, K=3) did not converge in 500 sweeps
2026-09-06 17:27:28,323 narrative_ipca.sparse_ipca WARNING fit_sparse_ipca(lam=8.916e-07, K=3) did not converge in 500 sweeps
2026-09-06 17:27:32,253 narrative_ipca.sparse_ipca WARNING fit_sparse_ipca(lam=1.065e-06, K=3) did not converge in 500 sweeps
2026-09-06 17:27:33,206 narrative_ipca.sparse_ipca WARNING fit_sparse_ipca(lam=9.908e-07, K=3) did not converge in 500 sweeps
2026-09-06 17:27:35,261 narrative_ipca.sparse_ipca WARNING fit_sparse_ipca(lam=1.049e-06, K=3) did not converge in 500 sweeps
2026-09-06 17:27:35,472 run_full_study INFO variant tol02: softmax seed 0 done in 356s -> FAIL (n_selected 11.0, oos_sharpe 0.881395761171367)
2026-09-06 17:27:36,028 narrative_ipca.sparse_ipca WARNING fit_sparse_ipca(lam=9.732e-07, K=3) did not converge in 500 sweeps
2026-09-06 17:27:59,256 narrative_ipca.sparse_ipca WARNING fit_sparse_ipca(lam=9.088e-07, K=3) did not converge in 500 sweeps
2026-09-06 17:28:01,263 run_full_study INFO variant tol02: softmax seed 1 done in 350s -> FAIL (n_selected 13.0, oos_sharpe 0.3015223230612279)
2026-09-06 17:28:03,260 narrative_ipca.sparse_ipca WARNING fit_sparse_ipca(lam=1.056e-06, K=3) did not converge in 500 sweeps
2026-09-06 17:28:04,219 narrative_ipca.sparse_ipca WARNING fit_sparse_ipca(lam=9.924e-07, K=3) did not converge in 500 sweeps
2026-09-06 17:28:04,919 narrative_ipca.sparse_ipca WARNING fit_sparse_ipca(lam=1.047e-06, K=3) did not converge in 500 sweeps
2026-09-06 17:28:26,787 narrative_ipca.sparse_ipca WARNING fit_sparse_ipca(lam=9.383e-07, K=3) did not converge in 500 sweeps
2026-09-06 17:28:30,340 narrative_ipca.sparse_ipca WARNING fit_sparse_ipca(lam=1.047e-06, K=3) did not converge in 500 sweeps
2026-09-06 17:28:31,162 narrative_ipca.sparse_ipca WARNING fit_sparse_ipca(lam=1.072e-06, K=3) did not converge in 500 sweeps
2026-09-06 17:28:31,870 narrative_ipca.sparse_ipca WARNING fit_sparse_ipca(lam=9.909e-07, K=3) did not converge in 500 sweeps
2026-09-06 17:28:48,202 run_full_study INFO variant tol02: weak seed 1 done in 299s -> FAIL (n_selected 112.0, oos_sharpe -0.01337685350952141)
2026-09-06 17:28:50,181 run_full_study INFO variant tol02: softmax seed 2 done in 305s -> FAIL (n_selected 48.0, oos_sharpe 0.7142109085436544)
2026-09-06 17:28:52,402 run_full_study INFO variant tol02: weak seed 0 done in 304s -> FAIL (n_selected 11.0, oos_sharpe 0.3584938357356397)
2026-09-06 17:28:52,403 run_full_study INFO variant tol02: weak seed 2 done in 303s -> FAIL (n_selected 47.0, oos_sharpe 0.4151062832821856)
2026-09-06 17:28:52,801 narrative_ipca.harness INFO write_report: reports\simulation\full\tol02\harness_2026-09-06.md

=== variant bks: report reports\simulation\full\bks\harness_2026-09-06.md
            selection_recall  selection_recall_strong  selection_precision  beta_canonical_corr  placebo_selected  gamma_subspace_cos  factor_canonical_corr  state_canonical_corr  impact_spearman  oos_sharpe_ratio_to_true  systematic_r2_recovered  null_selection_lift  null_oos_sharpe_abs  all
scenario                                                                                                                                                                                                                                                                                             
baseline                 1.0                     1.00                 0.00                  1.0              0.00                 0.0                    1.0                   0.0             0.33                      1.00                      1.0                  NaN                  NaN  0.0
no_factor                NaN                      NaN                  NaN                  NaN              0.00                 NaN                    NaN                   NaN              NaN                       NaN                      NaN                  1.0                  1.0  0.0
topic_null               NaN                      NaN                  NaN                  NaN               NaN                 NaN                    NaN                   NaN              NaN                       NaN                      NaN                  NaN                  NaN  1.0
softmax                  1.0                     0.67                 0.33                  1.0              0.33                 0.0                    1.0                   0.0             0.00                      0.67                      1.0                  NaN                  NaN  0.0
weak                     1.0                     1.00                 0.33                  1.0              0.33                 0.0                    1.0                   0.0             0.00                      0.33                      1.0                  NaN                  NaN  0.0
  scenario  seed  n_selected  selection_recall  selection_precision  placebo_selected  mve_sharpe_is  oos_sharpe  oos_sharpe_true_mve  factor_canonical_corr  gamma_subspace_cos  instrument_beta_r2_relevant  instrument_beta_r2_noise  oos_selection_stability  runtime_seconds
  baseline     0        54.0              0.70                0.259               6.0          1.043       0.915                1.070                  0.994               0.591                        0.839                     0.106                    0.703          420.286
  baseline     1       113.0              0.85                0.150              19.0          0.950       0.359                0.561                  0.993               0.719                        0.795                     0.108                    0.977          393.162
  baseline     2       105.0              0.80                0.152              19.0          1.333       0.793                1.219                  0.993               0.555                        0.786                     0.101                    0.879          419.431
 no_factor     0         3.0              0.00                0.000               1.0          0.600      -0.152                  NaN                  0.161                 NaN                        0.000                     0.000                    0.531          249.127
 no_factor     1         6.0              0.00                0.000               2.0          0.235      -0.624                  NaN                  0.326                 NaN                        0.000                     0.000                    0.575          267.141
 no_factor     2         5.0              0.00                0.000               1.0          0.596       0.049                  NaN                  0.105                 NaN                        0.000                     0.000                    0.297          279.816
topic_null     0        95.0              0.65                0.137              16.0          1.033       0.560                1.070                  0.975                 NaN                        0.100                     0.106                    0.897          419.403
topic_null     1        67.0              0.40                0.119              13.0          0.781       0.155                0.561                  0.980                 NaN                        0.110                     0.108                    0.806          365.362
topic_null     2        91.0              0.75                0.165              15.0          1.122       0.445                1.219                  0.974                 NaN                        0.094                     0.101                    0.801          339.230
   softmax     0        58.0              0.75                0.259               6.0          1.037       0.870                1.070                  0.994               0.589                        0.817                     0.209                    0.662          358.487
   softmax     1        13.0              0.65                1.000               0.0          0.920       0.259                0.561                  0.993               0.762                        0.782                     0.170                    0.838          343.909
   softmax     2        78.0              0.80                0.205              14.0          1.315       0.763                1.219                  0.994               0.559                        0.778                     0.124                    0.875          304.952
      weak     0        11.0              0.55                1.000               0.0          0.717       0.443                0.701                  0.994               0.627                        0.652                     0.107                    0.765          297.482
      weak     1       120.0              1.00                0.167              20.0          0.582      -0.007                0.135                  0.991               0.650                        0.566                     0.108                    0.961          288.483
      weak     2       120.0              1.00                0.167              20.0          0.990       0.391                0.828                  0.991               0.601                        0.582                     0.101                    0.863          289.146

=== variant tol02: report reports\simulation\full\tol02\harness_2026-09-06.md
            selection_recall  selection_recall_strong  selection_precision  beta_canonical_corr  placebo_selected  gamma_subspace_cos  factor_canonical_corr  state_canonical_corr  impact_spearman  oos_sharpe_ratio_to_true  systematic_r2_recovered  null_selection_lift  null_oos_sharpe_abs   all
scenario                                                                                                                                                                                                                                                                                              
baseline                0.67                     0.33                 0.67                  1.0              0.67                 0.0                    1.0                   0.0             0.00                      1.00                      1.0                  NaN                  NaN  0.00
no_factor                NaN                      NaN                  NaN                  NaN              0.33                 NaN                    NaN                   NaN              NaN                       NaN                      NaN                  1.0                  1.0  0.33
topic_null               NaN                      NaN                  NaN                  NaN               NaN                 NaN                    NaN                   NaN              NaN                       NaN                      NaN                  NaN                  NaN  1.00
softmax                 1.00                     0.67                 0.67                  1.0              0.67                 0.0                    1.0                   0.0             0.00                      1.00                      1.0                  NaN                  NaN  0.00
weak                    1.00                     1.00                 0.33                  1.0              0.33                 0.0                    1.0                   0.0             0.33                      0.67                      1.0                  NaN                  NaN  0.002026-09-06 17:28:52,809 run_full_study INFO variant loocv: 15 runs on 8 workers (3 threads each)
2026-09-06 17:29:07,622 narrative_ipca.sparse_ipca WARNING fit_sparse_ipca(lam=1.11e-06, K=3) did not converge in 500 sweeps
2026-09-06 17:29:07,742 narrative_ipca.sparse_ipca WARNING fit_sparse_ipca(lam=4.431e-07, K=3) did not converge in 500 sweeps
2026-09-06 17:29:08,225 narrative_ipca.sparse_ipca WARNING fit_sparse_ipca(lam=4.677e-07, K=3) did not converge in 500 sweeps
2026-09-06 17:29:08,234 narrative_ipca.sparse_ipca WARNING fit_sparse_ipca(lam=9.763e-07, K=3) did not converge in 500 sweeps
2026-09-06 17:29:08,320 narrative_ipca.sparse_ipca WARNING fit_sparse_ipca(lam=1.057e-06, K=3) did not converge in 500 sweeps
2026-09-06 17:32:40,678 narrative_ipca.tuning WARNING loocv_sharpe(lam=0.0002417, K=3): 16 of 16 fold fits have a singular Sigma_ff at rcond=1.0e-06; their b_MVE drop a factor direction and the stitched Sharpe is fragile
2026-09-06 17:32:46,458 narrative_ipca.tuning WARNING loocv_sharpe(lam=0.0003925, K=3): 16 of 16 fold fits have a singular Sigma_ff at rcond=1.0e-06; their b_MVE drop a factor direction and the stitched Sharpe is fragile
2026-09-06 17:32:51,548 narrative_ipca.tuning WARNING loocv_sharpe(lam=0.0006374, K=3): 16 of 16 fold fits have a singular Sigma_ff at rcond=1.0e-06; their b_MVE drop a factor direction and the stitched Sharpe is fragile
2026-09-06 17:32:56,729 narrative_ipca.tuning WARNING loocv_sharpe(lam=0.001035, K=3): 16 of 16 fold fits have a singular Sigma_ff at rcond=1.0e-06; their b_MVE drop a factor direction and the stitched Sharpe is fragile
2026-09-06 17:33:02,091 narrative_ipca.tuning WARNING loocv_sharpe(lam=0.001681, K=3): 16 of 16 fold fits have a singular Sigma_ff at rcond=1.0e-06; their b_MVE drop a factor direction and the stitched Sharpe is fragile
2026-09-06 17:33:06,227 narrative_ipca.sparse_ipca WARNING fit_sparse_ipca(lam=1.901e-07, K=3) did not converge in 500 sweeps
2026-09-06 17:33:07,166 narrative_ipca.tuning WARNING loocv_sharpe(lam=0.002729, K=3): 16 of 16 fold fits have a singular Sigma_ff at rcond=1.0e-06; their b_MVE drop a factor direction and the stitched Sharpe is fragile
2026-09-06 17:33:12,535 narrative_ipca.tuning WARNING loocv_sharpe(lam=0.004431, K=3): 16 of 16 fold fits have a singular Sigma_ff at rcond=1.0e-06; their b_MVE drop a factor direction and the stitched Sharpe is fragile
2026-09-06 17:33:12,543 narrative_ipca.tuning WARNING tune: the chosen point (lam=0.0003925, K=3, 39 selected) has a singular Sigma_ff at rcond=1.0e-06; its loocv_sharpe criterion and b_MVE drop at least one factor direction
2026-09-06 17:33:12,551 narrative_ipca.wrapup WARNING recover_A: rank deficient (non-zero rows 39, rank(Gamma_tilde) 2, rank(Sigma_ff) 2, K 3); A is a minimum-norm solution
2026-09-06 17:33:12,560 narrative_ipca.pipeline WARNING step 7 wrapup: rank deficient (39 narratives selected for K=3); A and the states are minimum-norm solutions, continuing
2026-09-06 17:33:19,908 narrative_ipca.tuning WARNING loocv_sharpe(lam=0.0002297, K=3): 16 of 16 fold fits have a singular Sigma_ff at rcond=1.0e-06; their b_MVE drop a factor direction and the stitched Sharpe is fragile
2026-09-06 17:33:20,586 narrative_ipca.sparse_ipca WARNING fit_sparse_ipca(lam=4.233e-07, K=3) did not converge in 500 sweeps
2026-09-06 17:33:25,754 narrative_ipca.tuning WARNING loocv_sharpe(lam=0.000373, K=3): 16 of 16 fold fits have a singular Sigma_ff at rcond=1.0e-06; their b_MVE drop a factor direction and the stitched Sharpe is fragile
2026-09-06 17:33:26,796 narrative_ipca.tuning WARNING loocv_sharpe(lam=0.000202, K=3): 16 of 16 fold fits have a singular Sigma_ff at rcond=1.0e-06; their b_MVE drop a factor direction and the stitched Sharpe is fragile
2026-09-06 17:33:31,617 narrative_ipca.tuning WARNING loocv_sharpe(lam=0.0006057, K=3): 16 of 16 fold fits have a singular Sigma_ff at rcond=1.0e-06; their b_MVE drop a factor direction and the stitched Sharpe is fragile
2026-09-06 17:33:32,797 narrative_ipca.tuning WARNING loocv_sharpe(lam=0.000328, K=3): 16 of 16 fold fits have a singular Sigma_ff at rcond=1.0e-06; their b_MVE drop a factor direction and the stitched Sharpe is fragile
2026-09-06 17:33:34,377 narrative_ipca.sparse_ipca WARNING fit_sparse_ipca(lam=3.087e-07, K=3) did not converge in 500 sweeps
2026-09-06 17:33:37,320 narrative_ipca.tuning WARNING loocv_sharpe(lam=0.0009835, K=3): 16 of 16 fold fits have a singular Sigma_ff at rcond=1.0e-06; their b_MVE drop a factor direction and the stitched Sharpe is fragile
2026-09-06 17:33:38,608 narrative_ipca.tuning WARNING loocv_sharpe(lam=0.0005326, K=3): 16 of 16 fold fits have a singular Sigma_ff at rcond=1.0e-06; their b_MVE drop a factor direction and the stitched Sharpe is fragile
2026-09-06 17:33:42,716 narrative_ipca.tuning WARNING loocv_sharpe(lam=0.001597, K=3): 16 of 16 fold fits have a singular Sigma_ff at rcond=1.0e-06; their b_MVE drop a factor direction and the stitched Sharpe is fragile
2026-09-06 17:33:43,627 narrative_ipca.tuning WARNING loocv_sharpe(lam=0.0001346, K=3): 16 of 16 fold fits have a singular Sigma_ff at rcond=1.0e-06; their b_MVE drop a factor direction and the stitched Sharpe is fragile
2026-09-06 17:33:44,509 narrative_ipca.tuning WARNING loocv_sharpe(lam=0.0008649, K=3): 16 of 16 fold fits have a singular Sigma_ff at rcond=1.0e-06; their b_MVE drop a factor direction and the stitched Sharpe is fragile
2026-09-06 17:33:48,086 narrative_ipca.tuning WARNING loocv_sharpe(lam=0.002593, K=3): 16 of 16 fold fits have a singular Sigma_ff at rcond=1.0e-06; their b_MVE drop a factor direction and the stitched Sharpe is fragile
2026-09-06 17:33:49,743 narrative_ipca.tuning WARNING loocv_sharpe(lam=0.0002186, K=3): 16 of 16 fold fits have a singular Sigma_ff at rcond=1.0e-06; their b_MVE drop a factor direction and the stitched Sharpe is fragile
2026-09-06 17:33:50,491 narrative_ipca.tuning WARNING loocv_sharpe(lam=0.001404, K=3): 16 of 16 fold fits have a singular Sigma_ff at rcond=1.0e-06; their b_MVE drop a factor direction and the stitched Sharpe is fragile
2026-09-06 17:33:53,321 narrative_ipca.tuning WARNING loocv_sharpe(lam=0.00421, K=3): 16 of 16 fold fits have a singular Sigma_ff at rcond=1.0e-06; their b_MVE drop a factor direction and the stitched Sharpe is fragile
2026-09-06 17:33:55,949 narrative_ipca.tuning WARNING loocv_sharpe(lam=0.000355, K=3): 16 of 16 fold fits have a singular Sigma_ff at rcond=1.0e-06; their b_MVE drop a factor direction and the stitched Sharpe is fragile
2026-09-06 17:33:56,450 narrative_ipca.tuning WARNING loocv_sharpe(lam=0.00228, K=3): 16 of 16 fold fits have a singular Sigma_ff at rcond=1.0e-06; their b_MVE drop a factor direction and the stitched Sharpe is fragile
2026-09-06 17:33:58,544 narrative_ipca.tuning WARNING loocv_sharpe(lam=0.006837, K=3): 16 of 16 fold fits have a singular Sigma_ff at rcond=1.0e-06; their b_MVE drop a factor direction and the stitched Sharpe is fragile
2026-09-06 17:34:01,782 narrative_ipca.tuning WARNING loocv_sharpe(lam=0.0005765, K=3): 16 of 16 fold fits have a singular Sigma_ff at rcond=1.0e-06; their b_MVE drop a factor direction and the stitched Sharpe is fragile
2026-09-06 17:34:02,053 narrative_ipca.tuning WARNING loocv_sharpe(lam=0.003703, K=3): 16 of 16 fold fits have a singular Sigma_ff at rcond=1.0e-06; their b_MVE drop a factor direction and the stitched Sharpe is fragile
2026-09-06 17:34:03,719 narrative_ipca.tuning WARNING loocv_sharpe(lam=0.0111, K=3): 16 of 16 fold fits have a singular Sigma_ff at rcond=1.0e-06; their b_MVE drop a factor direction and the stitched Sharpe is fragile
2026-09-06 17:34:03,725 narrative_ipca.tuning WARNING tune: the chosen point (lam=0.0002297, K=3, 7 selected) has a singular Sigma_ff at rcond=1.0e-06; its loocv_sharpe criterion and b_MVE drop at least one factor direction
2026-09-06 17:34:03,733 narrative_ipca.wrapup WARNING recover_A: rank deficient (non-zero rows 7, rank(Gamma_tilde) 2, rank(Sigma_ff) 2, K 3); A is a minimum-norm solution
2026-09-06 17:34:03,740 narrative_ipca.pipeline WARNING step 7 wrapup: rank deficient (7 narratives selected for K=3); A and the states are minimum-norm solutions, continuing
2026-09-06 17:34:04,367 narrative_ipca.sparse_ipca WARNING fit_sparse_ipca(lam=5.012e-07, K=3) did not converge in 500 sweeps
2026-09-06 17:34:07,855 narrative_ipca.tuning WARNING loocv_sharpe(lam=0.006013, K=3): 16 of 16 fold fits have a singular Sigma_ff at rcond=1.0e-06; their b_MVE drop a factor direction and the stitched Sharpe is fragile
2026-09-06 17:34:07,899 narrative_ipca.tuning WARNING loocv_sharpe(lam=0.000936, K=3): 16 of 16 fold fits have a singular Sigma_ff at rcond=1.0e-06; their b_MVE drop a factor direction and the stitched Sharpe is fragile
2026-09-06 17:34:10,106 narrative_ipca.tuning WARNING loocv_sharpe(lam=0.0001572, K=3): 1 of 16 fold fits have a singular Sigma_ff at rcond=1.0e-06; their b_MVE drop a factor direction and the stitched Sharpe is fragile
2026-09-06 17:34:11,788 narrative_ipca.sparse_ipca WARNING fit_sparse_ipca(lam=1.233e-06, K=3) did not converge in 500 sweeps
2026-09-06 17:34:13,209 narrative_ipca.tuning WARNING loocv_sharpe(lam=0.009763, K=3): 16 of 16 fold fits have a singular Sigma_ff at rcond=1.0e-06; their b_MVE drop a factor direction and the stitched Sharpe is fragile
2026-09-06 17:34:13,216 narrative_ipca.tuning WARNING tune: the chosen point (lam=0.0005326, K=3, 3 selected) has a singular Sigma_ff at rcond=1.0e-06; its loocv_sharpe criterion and b_MVE drop at least one factor direction
2026-09-06 17:34:13,226 narrative_ipca.wrapup WARNING recover_A: rank deficient (non-zero rows 3, rank(Gamma_tilde) 1, rank(Sigma_ff) 1, K 3); A is a minimum-norm solution
2026-09-06 17:34:13,236 narrative_ipca.pipeline WARNING step 7 wrapup: rank deficient (3 narratives selected for K=3); A and the states are minimum-norm solutions, continuing
2026-09-06 17:34:13,618 narrative_ipca.tuning WARNING loocv_sharpe(lam=0.00152, K=3): 16 of 16 fold fits have a singular Sigma_ff at rcond=1.0e-06; their b_MVE drop a factor direction and the stitched Sharpe is fragile
2026-09-06 17:34:16,079 narrative_ipca.tuning WARNING loocv_sharpe(lam=0.0002552, K=3): 16 of 16 fold fits have a singular Sigma_ff at rcond=1.0e-06; their b_MVE drop a factor direction and the stitched Sharpe is fragile
2026-09-06 17:34:19,313 narrative_ipca.tuning WARNING loocv_sharpe(lam=0.002468, K=3): 16 of 16 fold fits have a singular Sigma_ff at rcond=1.0e-06; their b_MVE drop a factor direction and the stitched Sharpe is fragile
2026-09-06 17:34:21,825 narrative_ipca.sparse_ipca WARNING fit_sparse_ipca(lam=9.46e-07, K=3) did not converge in 500 sweeps
2026-09-06 17:34:21,982 narrative_ipca.tuning WARNING loocv_sharpe(lam=0.0004144, K=3): 16 of 16 fold fits have a singular Sigma_ff at rcond=1.0e-06; their b_MVE drop a factor direction and the stitched Sharpe is fragile
2026-09-06 17:34:24,913 narrative_ipca.tuning WARNING loocv_sharpe(lam=0.004007, K=3): 16 of 16 fold fits have a singular Sigma_ff at rcond=1.0e-06; their b_MVE drop a factor direction and the stitched Sharpe is fragile
2026-09-06 17:34:28,164 narrative_ipca.tuning WARNING loocv_sharpe(lam=0.0006728, K=3): 16 of 16 fold fits have a singular Sigma_ff at rcond=1.0e-06; their b_MVE drop a factor direction and the stitched Sharpe is fragile
2026-09-06 17:34:30,760 narrative_ipca.tuning WARNING loocv_sharpe(lam=0.006507, K=3): 16 of 16 fold fits have a singular Sigma_ff at rcond=1.0e-06; their b_MVE drop a factor direction and the stitched Sharpe is fragile
2026-09-06 17:34:34,251 narrative_ipca.tuning WARNING loocv_sharpe(lam=0.001093, K=3): 16 of 16 fold fits have a singular Sigma_ff at rcond=1.0e-06; their b_MVE drop a factor direction and the stitched Sharpe is fragile
2026-09-06 17:34:36,419 narrative_ipca.tuning WARNING loocv_sharpe(lam=0.01057, K=3): 16 of 16 fold fits have a singular Sigma_ff at rcond=1.0e-06; their b_MVE drop a factor direction and the stitched Sharpe is fragile
2026-09-06 17:34:40,019 narrative_ipca.tuning WARNING loocv_sharpe(lam=0.001774, K=3): 16 of 16 fold fits have a singular Sigma_ff at rcond=1.0e-06; their b_MVE drop a factor direction and the stitched Sharpe is fragile
2026-09-06 17:34:44,890 narrative_ipca.sparse_ipca WARNING fit_sparse_ipca(lam=1.15e-06, K=3) did not converge in 500 sweeps
2026-09-06 17:34:45,386 narrative_ipca.tuning WARNING loocv_sharpe(lam=0.002881, K=3): 16 of 16 fold fits have a singular Sigma_ff at rcond=1.0e-06; their b_MVE drop a factor direction and the stitched Sharpe is fragile
2026-09-06 17:34:50,140 narrative_ipca.sparse_ipca WARNING fit_sparse_ipca(lam=8.139e-07, K=3) did not converge in 500 sweeps
2026-09-06 17:34:50,986 narrative_ipca.tuning WARNING loocv_sharpe(lam=0.004677, K=3): 16 of 16 fold fits have a singular Sigma_ff at rcond=1.0e-06; their b_MVE drop a factor direction and the stitched Sharpe is fragile
2026-09-06 17:34:59,552 narrative_ipca.sparse_ipca WARNING fit_sparse_ipca(lam=5.979e-07, K=3) did not converge in 500 sweeps
2026-09-06 17:35:57,771 narrative_ipca.tuning WARNING loocv_sharpe(lam=0.0002309, K=3): 16 of 16 fold fits have a singular Sigma_ff at rcond=1.0e-06; their b_MVE drop a factor direction and the stitched Sharpe is fragile
2026-09-06 17:36:01,110 narrative_ipca.tuning WARNING loocv_sharpe(lam=0.000375, K=3): 16 of 16 fold fits have a singular Sigma_ff at rcond=1.0e-06; their b_MVE drop a factor direction and the stitched Sharpe is fragile
2026-09-06 17:36:04,286 narrative_ipca.tuning WARNING loocv_sharpe(lam=0.0006089, K=3): 16 of 16 fold fits have a singular Sigma_ff at rcond=1.0e-06; their b_MVE drop a factor direction and the stitched Sharpe is fragile
2026-09-06 17:36:07,309 narrative_ipca.tuning WARNING loocv_sharpe(lam=0.0009887, K=3): 16 of 16 fold fits have a singular Sigma_ff at rcond=1.0e-06; their b_MVE drop a factor direction and the stitched Sharpe is fragile
2026-09-06 17:36:10,293 narrative_ipca.tuning WARNING loocv_sharpe(lam=0.001605, K=3): 16 of 16 fold fits have a singular Sigma_ff at rcond=1.0e-06; their b_MVE drop a factor direction and the stitched Sharpe is fragile
2026-09-06 17:36:13,145 narrative_ipca.tuning WARNING loocv_sharpe(lam=0.002607, K=3): 16 of 16 fold fits have a singular Sigma_ff at rcond=1.0e-06; their b_MVE drop a factor direction and the stitched Sharpe is fragile
2026-09-06 17:36:16,153 narrative_ipca.tuning WARNING loocv_sharpe(lam=0.004233, K=3): 16 of 16 fold fits have a singular Sigma_ff at rcond=1.0e-06; their b_MVE drop a factor direction and the stitched Sharpe is fragile
2026-09-06 17:36:16,157 narrative_ipca.tuning WARNING tune: the chosen point (lam=0.0006089, K=3, 19 selected) has a singular Sigma_ff at rcond=1.0e-06; its loocv_sharpe criterion and b_MVE drop at least one factor direction
2026-09-06 17:36:16,157 narrative_ipca.oos WARNING run_oos: refit 1/8 (lam=0.0006089, K=3, 19 selected): Sigma_ff is singular at rcond=1.0e-06, b_MVE drops at least one factor direction; the OOS MVE of this block is fragile
2026-09-06 17:36:24,103 narrative_ipca.sparse_ipca WARNING fit_sparse_ipca(lam=4.617e-07, K=3) did not converge in 500 sweeps
2026-09-06 17:36:51,114 narrative_ipca.tuning WARNING loocv_sharpe(lam=0.0002551, K=3): 16 of 16 fold fits have a singular Sigma_ff at rcond=1.0e-06; their b_MVE drop a factor direction and the stitched Sharpe is fragile
2026-09-06 17:36:54,528 narrative_ipca.tuning WARNING loocv_sharpe(lam=0.0004142, K=3): 16 of 16 fold fits have a singular Sigma_ff at rcond=1.0e-06; their b_MVE drop a factor direction and the stitched Sharpe is fragile
2026-09-06 17:36:58,076 narrative_ipca.tuning WARNING loocv_sharpe(lam=0.0006725, K=3): 16 of 16 fold fits have a singular Sigma_ff at rcond=1.0e-06; their b_MVE drop a factor direction and the stitched Sharpe is fragile
2026-09-06 17:37:01,688 narrative_ipca.tuning WARNING loocv_sharpe(lam=0.001092, K=3): 16 of 16 fold fits have a singular Sigma_ff at rcond=1.0e-06; their b_MVE drop a factor direction and the stitched Sharpe is fragile
2026-09-06 17:37:04,984 narrative_ipca.tuning WARNING loocv_sharpe(lam=0.001773, K=3): 16 of 16 fold fits have a singular Sigma_ff at rcond=1.0e-06; their b_MVE drop a factor direction and the stitched Sharpe is fragile
2026-09-06 17:37:08,176 narrative_ipca.tuning WARNING loocv_sharpe(lam=0.002879, K=3): 16 of 16 fold fits have a singular Sigma_ff at rcond=1.0e-06; their b_MVE drop a factor direction and the stitched Sharpe is fragile
2026-09-06 17:37:08,742 narrative_ipca.tuning WARNING loocv_sharpe(lam=0.0001957, K=3): 16 of 16 fold fits have a singular Sigma_ff at rcond=1.0e-06; their b_MVE drop a factor direction and the stitched Sharpe is fragile
2026-09-06 17:37:11,188 narrative_ipca.tuning WARNING loocv_sharpe(lam=0.004676, K=3): 16 of 16 fold fits have a singular Sigma_ff at rcond=1.0e-06; their b_MVE drop a factor direction and the stitched Sharpe is fragile
2026-09-06 17:37:12,541 narrative_ipca.tuning WARNING loocv_sharpe(lam=0.0003178, K=3): 16 of 16 fold fits have a singular Sigma_ff at rcond=1.0e-06; their b_MVE drop a factor direction and the stitched Sharpe is fragile
2026-09-06 17:37:14,077 narrative_ipca.tuning WARNING loocv_sharpe(lam=0.007592, K=3): 16 of 16 fold fits have a singular Sigma_ff at rcond=1.0e-06; their b_MVE drop a factor direction and the stitched Sharpe is fragile
2026-09-06 17:37:14,386 narrative_ipca.sparse_ipca WARNING fit_sparse_ipca(lam=6.446e-07, K=3) did not converge in 500 sweeps
2026-09-06 17:37:16,091 narrative_ipca.tuning WARNING loocv_sharpe(lam=0.0005161, K=3): 16 of 16 fold fits have a singular Sigma_ff at rcond=1.0e-06; their b_MVE drop a factor direction and the stitched Sharpe is fragile
2026-09-06 17:37:16,875 narrative_ipca.tuning WARNING loocv_sharpe(lam=0.01233, K=3): 16 of 16 fold fits have a singular Sigma_ff at rcond=1.0e-06; their b_MVE drop a factor direction and the stitched Sharpe is fragile
2026-09-06 17:37:19,627 narrative_ipca.tuning WARNING loocv_sharpe(lam=0.000838, K=3): 16 of 16 fold fits have a singular Sigma_ff at rcond=1.0e-06; their b_MVE drop a factor direction and the stitched Sharpe is fragile
2026-09-06 17:37:23,139 narrative_ipca.tuning WARNING loocv_sharpe(lam=0.001361, K=3): 16 of 16 fold fits have a singular Sigma_ff at rcond=1.0e-06; their b_MVE drop a factor direction and the stitched Sharpe is fragile
2026-09-06 17:37:24,837 narrative_ipca.sparse_ipca WARNING fit_sparse_ipca(lam=1.206e-06, K=3) did not converge in 500 sweeps
2026-09-06 17:37:26,390 narrative_ipca.tuning WARNING loocv_sharpe(lam=0.00221, K=3): 16 of 16 fold fits have a singular Sigma_ff at rcond=1.0e-06; their b_MVE drop a factor direction and the stitched Sharpe is fragile
2026-09-06 17:37:28,877 narrative_ipca.sparse_ipca WARNING fit_sparse_ipca(lam=1.047e-06, K=3) did not converge in 500 sweeps
2026-09-06 17:37:29,776 narrative_ipca.tuning WARNING loocv_sharpe(lam=0.003588, K=3): 16 of 16 fold fits have a singular Sigma_ff at rcond=1.0e-06; their b_MVE drop a factor direction and the stitched Sharpe is fragile
2026-09-06 17:37:32,969 narrative_ipca.tuning WARNING loocv_sharpe(lam=0.005826, K=3): 16 of 16 fold fits have a singular Sigma_ff at rcond=1.0e-06; their b_MVE drop a factor direction and the stitched Sharpe is fragile
2026-09-06 17:37:36,028 narrative_ipca.tuning WARNING loocv_sharpe(lam=0.00946, K=3): 16 of 16 fold fits have a singular Sigma_ff at rcond=1.0e-06; their b_MVE drop a factor direction and the stitched Sharpe is fragile
2026-09-06 17:37:44,645 narrative_ipca.sparse_ipca WARNING fit_sparse_ipca(lam=9.954e-07, K=3) did not converge in 500 sweeps
2026-09-06 17:37:50,171 narrative_ipca.tuning WARNING loocv_sharpe(lam=0.0001465, K=3): 16 of 16 fold fits have a singular Sigma_ff at rcond=1.0e-06; their b_MVE drop a factor direction and the stitched Sharpe is fragile
2026-09-06 17:37:54,310 narrative_ipca.tuning WARNING loocv_sharpe(lam=0.0002379, K=3): 16 of 16 fold fits have a singular Sigma_ff at rcond=1.0e-06; their b_MVE drop a factor direction and the stitched Sharpe is fragile
2026-09-06 17:37:58,297 narrative_ipca.tuning WARNING loocv_sharpe(lam=0.0003863, K=3): 16 of 16 fold fits have a singular Sigma_ff at rcond=1.0e-06; their b_MVE drop a factor direction and the stitched Sharpe is fragile
2026-09-06 17:38:02,288 narrative_ipca.tuning WARNING loocv_sharpe(lam=0.0006272, K=3): 16 of 16 fold fits have a singular Sigma_ff at rcond=1.0e-06; their b_MVE drop a factor direction and the stitched Sharpe is fragile
2026-09-06 17:38:02,745 narrative_ipca.sparse_ipca WARNING fit_sparse_ipca(lam=6.208e-06, K=3) did not converge in 500 sweeps
2026-09-06 17:38:06,208 narrative_ipca.tuning WARNING loocv_sharpe(lam=0.001018, K=3): 16 of 16 fold fits have a singular Sigma_ff at rcond=1.0e-06; their b_MVE drop a factor direction and the stitched Sharpe is fragile
2026-09-06 17:38:10,062 narrative_ipca.tuning WARNING loocv_sharpe(lam=0.001654, K=3): 16 of 16 fold fits have a singular Sigma_ff at rcond=1.0e-06; their b_MVE drop a factor direction and the stitched Sharpe is fragile
2026-09-06 17:38:13,635 narrative_ipca.tuning WARNING loocv_sharpe(lam=0.002685, K=3): 16 of 16 fold fits have a singular Sigma_ff at rcond=1.0e-06; their b_MVE drop a factor direction and the stitched Sharpe is fragile
2026-09-06 17:38:16,945 narrative_ipca.tuning WARNING loocv_sharpe(lam=0.00436, K=3): 16 of 16 fold fits have a singular Sigma_ff at rcond=1.0e-06; their b_MVE drop a factor direction and the stitched Sharpe is fragile
2026-09-06 17:38:20,082 narrative_ipca.tuning WARNING loocv_sharpe(lam=0.00708, K=3): 16 of 16 fold fits have a singular Sigma_ff at rcond=1.0e-06; their b_MVE drop a factor direction and the stitched Sharpe is fragile
2026-09-06 17:38:23,322 narrative_ipca.tuning WARNING loocv_sharpe(lam=0.0115, K=3): 16 of 16 fold fits have a singular Sigma_ff at rcond=1.0e-06; their b_MVE drop a factor direction and the stitched Sharpe is fragile
2026-09-06 17:38:23,327 narrative_ipca.tuning WARNING tune: the chosen point (lam=0.0003863, K=3, 6 selected) has a singular Sigma_ff at rcond=1.0e-06; its loocv_sharpe criterion and b_MVE drop at least one factor direction
2026-09-06 17:38:23,328 narrative_ipca.oos WARNING run_oos: refit 1/8 (lam=0.0003863, K=3, 6 selected): Sigma_ff is singular at rcond=1.0e-06, b_MVE drops at least one factor direction; the OOS MVE of this block is fragile
2026-09-06 17:38:32,002 narrative_ipca.sparse_ipca WARNING fit_sparse_ipca(lam=1.113e-06, K=3) did not converge in 500 sweeps
2026-09-06 17:38:53,354 narrative_ipca.tuning WARNING loocv_sharpe(lam=8.215e-05, K=3): 16 of 16 fold fits have a singular Sigma_ff at rcond=1.0e-06; their b_MVE drop a factor direction and the stitched Sharpe is fragile
2026-09-06 17:38:59,709 narrative_ipca.tuning WARNING loocv_sharpe(lam=0.0002519, K=3): 16 of 16 fold fits have a singular Sigma_ff at rcond=1.0e-06; their b_MVE drop a factor direction and the stitched Sharpe is fragile
2026-09-06 17:39:05,226 narrative_ipca.tuning WARNING loocv_sharpe(lam=0.000409, K=3): 16 of 16 fold fits have a singular Sigma_ff at rcond=1.0e-06; their b_MVE drop a factor direction and the stitched Sharpe is fragile
2026-09-06 17:39:08,092 narrative_ipca.tuning WARNING loocv_sharpe(lam=0.0002009, K=3): 16 of 16 fold fits have a singular Sigma_ff at rcond=1.0e-06; their b_MVE drop a factor direction and the stitched Sharpe is fragile
2026-09-06 17:39:08,916 narrative_ipca.tuning WARNING loocv_sharpe(lam=0.0006641, K=3): 16 of 16 fold fits have a singular Sigma_ff at rcond=1.0e-06; their b_MVE drop a factor direction and the stitched Sharpe is fragile
2026-09-06 17:39:12,044 narrative_ipca.tuning WARNING loocv_sharpe(lam=0.0003262, K=3): 16 of 16 fold fits have a singular Sigma_ff at rcond=1.0e-06; their b_MVE drop a factor direction and the stitched Sharpe is fragile
2026-09-06 17:39:12,620 narrative_ipca.tuning WARNING loocv_sharpe(lam=0.001078, K=3): 16 of 16 fold fits have a singular Sigma_ff at rcond=1.0e-06; their b_MVE drop a factor direction and the stitched Sharpe is fragile
2026-09-06 17:39:15,904 narrative_ipca.tuning WARNING loocv_sharpe(lam=0.0005297, K=3): 16 of 16 fold fits have a singular Sigma_ff at rcond=1.0e-06; their b_MVE drop a factor direction and the stitched Sharpe is fragile
2026-09-06 17:39:16,026 narrative_ipca.tuning WARNING loocv_sharpe(lam=0.001751, K=3): 16 of 16 fold fits have a singular Sigma_ff at rcond=1.0e-06; their b_MVE drop a factor direction and the stitched Sharpe is fragile
2026-09-06 17:39:19,290 narrative_ipca.tuning WARNING loocv_sharpe(lam=0.002843, K=3): 16 of 16 fold fits have a singular Sigma_ff at rcond=1.0e-06; their b_MVE drop a factor direction and the stitched Sharpe is fragile
2026-09-06 17:39:19,543 narrative_ipca.tuning WARNING loocv_sharpe(lam=0.0008601, K=3): 16 of 16 fold fits have a singular Sigma_ff at rcond=1.0e-06; their b_MVE drop a factor direction and the stitched Sharpe is fragile
2026-09-06 17:39:22,799 narrative_ipca.tuning WARNING loocv_sharpe(lam=0.004617, K=3): 16 of 16 fold fits have a singular Sigma_ff at rcond=1.0e-06; their b_MVE drop a factor direction and the stitched Sharpe is fragile
2026-09-06 17:39:22,803 narrative_ipca.tuning WARNING tune: the chosen point (lam=0.000409, K=3, 27 selected) has a singular Sigma_ff at rcond=1.0e-06; its loocv_sharpe criterion and b_MVE drop at least one factor direction
2026-09-06 17:39:22,804 narrative_ipca.oos WARNING run_oos: refit 2/8 (lam=0.000409, K=3, 27 selected): Sigma_ff is singular at rcond=1.0e-06, b_MVE drops at least one factor direction; the OOS MVE of this block is fragile
2026-09-06 17:39:23,175 narrative_ipca.tuning WARNING loocv_sharpe(lam=0.001397, K=3): 16 of 16 fold fits have a singular Sigma_ff at rcond=1.0e-06; their b_MVE drop a factor direction and the stitched Sharpe is fragile
2026-09-06 17:39:26,562 narrative_ipca.tuning WARNING loocv_sharpe(lam=0.002268, K=3): 16 of 16 fold fits have a singular Sigma_ff at rcond=1.0e-06; their b_MVE drop a factor direction and the stitched Sharpe is fragile
2026-09-06 17:39:30,005 narrative_ipca.tuning WARNING loocv_sharpe(lam=0.003682, K=3): 16 of 16 fold fits have a singular Sigma_ff at rcond=1.0e-06; their b_MVE drop a factor direction and the stitched Sharpe is fragile
2026-09-06 17:39:31,286 narrative_ipca.sparse_ipca WARNING fit_sparse_ipca(lam=4.77e-07, K=3) did not converge in 500 sweeps
2026-09-06 17:39:33,511 narrative_ipca.tuning WARNING loocv_sharpe(lam=0.005979, K=3): 16 of 16 fold fits have a singular Sigma_ff at rcond=1.0e-06; their b_MVE drop a factor direction and the stitched Sharpe is fragile
2026-09-06 17:39:42,253 narrative_ipca.sparse_ipca WARNING fit_sparse_ipca(lam=5.984e-07, K=3) did not converge in 500 sweeps
2026-09-06 17:40:12,419 narrative_ipca.tuning WARNING loocv_sharpe(lam=0.0002496, K=3): 16 of 16 fold fits have a singular Sigma_ff at rcond=1.0e-06; their b_MVE drop a factor direction and the stitched Sharpe is fragile
2026-09-06 17:40:16,780 narrative_ipca.tuning WARNING loocv_sharpe(lam=0.0004053, K=3): 16 of 16 fold fits have a singular Sigma_ff at rcond=1.0e-06; their b_MVE drop a factor direction and the stitched Sharpe is fragile
2026-09-06 17:40:20,662 narrative_ipca.tuning WARNING loocv_sharpe(lam=0.0006582, K=3): 16 of 16 fold fits have a singular Sigma_ff at rcond=1.0e-06; their b_MVE drop a factor direction and the stitched Sharpe is fragile
2026-09-06 17:40:23,998 narrative_ipca.tuning WARNING loocv_sharpe(lam=8.221e-05, K=3): 16 of 16 fold fits have a singular Sigma_ff at rcond=1.0e-06; their b_MVE drop a factor direction and the stitched Sharpe is fragile
2026-09-06 17:40:24,321 narrative_ipca.tuning WARNING loocv_sharpe(lam=0.001069, K=3): 16 of 16 fold fits have a singular Sigma_ff at rcond=1.0e-06; their b_MVE drop a factor direction and the stitched Sharpe is fragile
2026-09-06 17:40:28,558 narrative_ipca.tuning WARNING loocv_sharpe(lam=0.001735, K=3): 16 of 16 fold fits have a singular Sigma_ff at rcond=1.0e-06; their b_MVE drop a factor direction and the stitched Sharpe is fragile
2026-09-06 17:40:32,189 narrative_ipca.tuning WARNING loocv_sharpe(lam=0.002818, K=3): 16 of 16 fold fits have a singular Sigma_ff at rcond=1.0e-06; their b_MVE drop a factor direction and the stitched Sharpe is fragile
2026-09-06 17:40:35,861 narrative_ipca.tuning WARNING loocv_sharpe(lam=0.004576, K=3): 16 of 16 fold fits have a singular Sigma_ff at rcond=1.0e-06; their b_MVE drop a factor direction and the stitched Sharpe is fragile
2026-09-06 17:40:39,163 narrative_ipca.tuning WARNING loocv_sharpe(lam=0.00743, K=3): 16 of 16 fold fits have a singular Sigma_ff at rcond=1.0e-06; their b_MVE drop a factor direction and the stitched Sharpe is fragile
2026-09-06 17:40:42,292 narrative_ipca.tuning WARNING loocv_sharpe(lam=0.01206, K=3): 16 of 16 fold fits have a singular Sigma_ff at rcond=1.0e-06; their b_MVE drop a factor direction and the stitched Sharpe is fragile
2026-09-06 17:40:50,834 narrative_ipca.tuning WARNING loocv_sharpe(lam=0.000206, K=3): 16 of 16 fold fits have a singular Sigma_ff at rcond=1.0e-06; their b_MVE drop a factor direction and the stitched Sharpe is fragile
2026-09-06 17:40:50,852 narrative_ipca.sparse_ipca WARNING fit_sparse_ipca(lam=1.167e-06, K=3) did not converge in 500 sweeps
2026-09-06 17:40:55,330 narrative_ipca.tuning WARNING loocv_sharpe(lam=0.0003344, K=3): 16 of 16 fold fits have a singular Sigma_ff at rcond=1.0e-06; their b_MVE drop a factor direction and the stitched Sharpe is fragile
2026-09-06 17:40:59,336 narrative_ipca.tuning WARNING loocv_sharpe(lam=0.0005431, K=3): 16 of 16 fold fits have a singular Sigma_ff at rcond=1.0e-06; their b_MVE drop a factor direction and the stitched Sharpe is fragile
2026-09-06 17:41:03,478 narrative_ipca.tuning WARNING loocv_sharpe(lam=0.0008818, K=3): 16 of 16 fold fits have a singular Sigma_ff at rcond=1.0e-06; their b_MVE drop a factor direction and the stitched Sharpe is fragile
2026-09-06 17:41:07,393 narrative_ipca.tuning WARNING loocv_sharpe(lam=0.001432, K=3): 16 of 16 fold fits have a singular Sigma_ff at rcond=1.0e-06; their b_MVE drop a factor direction and the stitched Sharpe is fragile
2026-09-06 17:41:11,258 narrative_ipca.tuning WARNING loocv_sharpe(lam=0.002325, K=3): 16 of 16 fold fits have a singular Sigma_ff at rcond=1.0e-06; their b_MVE drop a factor direction and the stitched Sharpe is fragile
2026-09-06 17:41:14,959 narrative_ipca.tuning WARNING loocv_sharpe(lam=0.003775, K=3): 16 of 16 fold fits have a singular Sigma_ff at rcond=1.0e-06; their b_MVE drop a factor direction and the stitched Sharpe is fragile
2026-09-06 17:41:18,616 narrative_ipca.tuning WARNING loocv_sharpe(lam=0.00613, K=3): 16 of 16 fold fits have a singular Sigma_ff at rcond=1.0e-06; their b_MVE drop a factor direction and the stitched Sharpe is fragile
2026-09-06 17:41:22,038 narrative_ipca.tuning WARNING loocv_sharpe(lam=0.009954, K=3): 16 of 16 fold fits have a singular Sigma_ff at rcond=1.0e-06; their b_MVE drop a factor direction and the stitched Sharpe is fragile
2026-09-06 17:41:31,101 narrative_ipca.sparse_ipca WARNING fit_sparse_ipca(lam=1.009e-06, K=3) did not converge in 500 sweeps
2026-09-06 17:41:52,857 narrative_ipca.tuning WARNING loocv_sharpe(lam=0.0001418, K=3): 16 of 16 fold fits have a singular Sigma_ff at rcond=1.0e-06; their b_MVE drop a factor direction and the stitched Sharpe is fragile
2026-09-06 17:41:57,161 narrative_ipca.tuning WARNING loocv_sharpe(lam=0.0002303, K=3): 16 of 16 fold fits have a singular Sigma_ff at rcond=1.0e-06; their b_MVE drop a factor direction and the stitched Sharpe is fragile
2026-09-06 17:42:01,697 narrative_ipca.tuning WARNING loocv_sharpe(lam=0.0003739, K=3): 16 of 16 fold fits have a singular Sigma_ff at rcond=1.0e-06; their b_MVE drop a factor direction and the stitched Sharpe is fragile
2026-09-06 17:42:05,161 narrative_ipca.tuning WARNING loocv_sharpe(lam=0.0001603, K=3): 1 of 16 fold fits have a singular Sigma_ff at rcond=1.0e-06; their b_MVE drop a factor direction and the stitched Sharpe is fragile
2026-09-06 17:42:05,870 narrative_ipca.tuning WARNING loocv_sharpe(lam=0.0006072, K=3): 16 of 16 fold fits have a singular Sigma_ff at rcond=1.0e-06; their b_MVE drop a factor direction and the stitched Sharpe is fragile
2026-09-06 17:42:09,095 narrative_ipca.tuning WARNING loocv_sharpe(lam=0.0002603, K=3): 16 of 16 fold fits have a singular Sigma_ff at rcond=1.0e-06; their b_MVE drop a factor direction and the stitched Sharpe is fragile
2026-09-06 17:42:09,793 narrative_ipca.tuning WARNING loocv_sharpe(lam=0.000986, K=3): 16 of 16 fold fits have a singular Sigma_ff at rcond=1.0e-06; their b_MVE drop a factor direction and the stitched Sharpe is fragile
2026-09-06 17:42:12,984 narrative_ipca.tuning WARNING loocv_sharpe(lam=0.0004226, K=3): 16 of 16 fold fits have a singular Sigma_ff at rcond=1.0e-06; their b_MVE drop a factor direction and the stitched Sharpe is fragile
2026-09-06 17:42:13,656 narrative_ipca.tuning WARNING loocv_sharpe(lam=0.001601, K=3): 16 of 16 fold fits have a singular Sigma_ff at rcond=1.0e-06; their b_MVE drop a factor direction and the stitched Sharpe is fragile
2026-09-06 17:42:16,820 narrative_ipca.tuning WARNING loocv_sharpe(lam=0.0006862, K=3): 16 of 16 fold fits have a singular Sigma_ff at rcond=1.0e-06; their b_MVE drop a factor direction and the stitched Sharpe is fragile
2026-09-06 17:42:17,368 narrative_ipca.tuning WARNING loocv_sharpe(lam=0.0026, K=3): 16 of 16 fold fits have a singular Sigma_ff at rcond=1.0e-06; their b_MVE drop a factor direction and the stitched Sharpe is fragile
2026-09-06 17:42:20,551 narrative_ipca.tuning WARNING loocv_sharpe(lam=0.001114, K=3): 16 of 16 fold fits have a singular Sigma_ff at rcond=1.0e-06; their b_MVE drop a factor direction and the stitched Sharpe is fragile
2026-09-06 17:42:21,035 narrative_ipca.tuning WARNING loocv_sharpe(lam=0.004221, K=3): 16 of 16 fold fits have a singular Sigma_ff at rcond=1.0e-06; their b_MVE drop a factor direction and the stitched Sharpe is fragile
2026-09-06 17:42:24,041 narrative_ipca.tuning WARNING loocv_sharpe(lam=0.001809, K=3): 16 of 16 fold fits have a singular Sigma_ff at rcond=1.0e-06; their b_MVE drop a factor direction and the stitched Sharpe is fragile
2026-09-06 17:42:24,570 narrative_ipca.tuning WARNING loocv_sharpe(lam=0.006854, K=3): 16 of 16 fold fits have a singular Sigma_ff at rcond=1.0e-06; their b_MVE drop a factor direction and the stitched Sharpe is fragile
2026-09-06 17:42:27,772 narrative_ipca.tuning WARNING loocv_sharpe(lam=0.002938, K=3): 16 of 16 fold fits have a singular Sigma_ff at rcond=1.0e-06; their b_MVE drop a factor direction and the stitched Sharpe is fragile
2026-09-06 17:42:28,269 narrative_ipca.tuning WARNING loocv_sharpe(lam=0.01113, K=3): 16 of 16 fold fits have a singular Sigma_ff at rcond=1.0e-06; their b_MVE drop a factor direction and the stitched Sharpe is fragile
2026-09-06 17:42:28,275 narrative_ipca.tuning WARNING tune: the chosen point (lam=0.0003739, K=3, 6 selected) has a singular Sigma_ff at rcond=1.0e-06; its loocv_sharpe criterion and b_MVE drop at least one factor direction
2026-09-06 17:42:28,276 narrative_ipca.oos WARNING run_oos: refit 2/8 (lam=0.0003739, K=3, 6 selected): Sigma_ff is singular at rcond=1.0e-06, b_MVE drops at least one factor direction; the OOS MVE of this block is fragile
2026-09-06 17:42:32,007 narrative_ipca.tuning WARNING loocv_sharpe(lam=0.00477, K=3): 16 of 16 fold fits have a singular Sigma_ff at rcond=1.0e-06; their b_MVE drop a factor direction and the stitched Sharpe is fragile
2026-09-06 17:42:37,721 narrative_ipca.sparse_ipca WARNING fit_sparse_ipca(lam=1.094e-06, K=3) did not converge in 500 sweeps
2026-09-06 17:42:41,363 narrative_ipca.sparse_ipca WARNING fit_sparse_ipca(lam=4.688e-07, K=3) did not converge in 500 sweeps
2026-09-06 17:44:01,964 narrative_ipca.tuning WARNING loocv_sharpe(lam=0.0002414, K=3): 16 of 16 fold fits have a singular Sigma_ff at rcond=1.0e-06; their b_MVE drop a factor direction and the stitched Sharpe is fragile
2026-09-06 17:44:06,128 narrative_ipca.tuning WARNING loocv_sharpe(lam=0.0003919, K=3): 16 of 16 fold fits have a singular Sigma_ff at rcond=1.0e-06; their b_MVE drop a factor direction and the stitched Sharpe is fragile
2026-09-06 17:44:10,209 narrative_ipca.tuning WARNING loocv_sharpe(lam=0.0006364, K=3): 16 of 16 fold fits have a singular Sigma_ff at rcond=1.0e-06; their b_MVE drop a factor direction and the stitched Sharpe is fragile
2026-09-06 17:44:14,526 narrative_ipca.tuning WARNING loocv_sharpe(lam=0.001033, K=3): 16 of 16 fold fits have a singular Sigma_ff at rcond=1.0e-06; their b_MVE drop a factor direction and the stitched Sharpe is fragile
2026-09-06 17:44:18,735 narrative_ipca.tuning WARNING loocv_sharpe(lam=0.001678, K=3): 16 of 16 fold fits have a singular Sigma_ff at rcond=1.0e-06; their b_MVE drop a factor direction and the stitched Sharpe is fragile
2026-09-06 17:44:22,763 narrative_ipca.tuning WARNING loocv_sharpe(lam=0.002725, K=3): 16 of 16 fold fits have a singular Sigma_ff at rcond=1.0e-06; their b_MVE drop a factor direction and the stitched Sharpe is fragile
2026-09-06 17:44:26,353 narrative_ipca.tuning WARNING loocv_sharpe(lam=0.004424, K=3): 16 of 16 fold fits have a singular Sigma_ff at rcond=1.0e-06; their b_MVE drop a factor direction and the stitched Sharpe is fragile
2026-09-06 17:44:30,192 narrative_ipca.tuning WARNING loocv_sharpe(lam=0.007184, K=3): 16 of 16 fold fits have a singular Sigma_ff at rcond=1.0e-06; their b_MVE drop a factor direction and the stitched Sharpe is fragile
2026-09-06 17:44:33,784 narrative_ipca.tuning WARNING loocv_sharpe(lam=0.01167, K=3): 16 of 16 fold fits have a singular Sigma_ff at rcond=1.0e-06; their b_MVE drop a factor direction and the stitched Sharpe is fragile
2026-09-06 17:44:33,789 narrative_ipca.tuning WARNING tune: the chosen point (lam=0.0003919, K=3, 4 selected) has a singular Sigma_ff at rcond=1.0e-06; its loocv_sharpe criterion and b_MVE drop at least one factor direction
2026-09-06 17:44:33,789 narrative_ipca.oos WARNING run_oos: refit 3/8 (lam=0.0003919, K=3, 4 selected): Sigma_ff is singular at rcond=1.0e-06, b_MVE drops at least one factor direction; the OOS MVE of this block is fragile
2026-09-06 17:44:41,884 narrative_ipca.tuning WARNING loocv_sharpe(lam=0.0002011, K=3): 16 of 16 fold fits have a singular Sigma_ff at rcond=1.0e-06; their b_MVE drop a factor direction and the stitched Sharpe is fragile
2026-09-06 17:44:42,708 narrative_ipca.sparse_ipca WARNING fit_sparse_ipca(lam=1.112e-06, K=3) did not converge in 500 sweeps
2026-09-06 17:44:46,037 narrative_ipca.tuning WARNING loocv_sharpe(lam=0.0003265, K=3): 16 of 16 fold fits have a singular Sigma_ff at rcond=1.0e-06; their b_MVE drop a factor direction and the stitched Sharpe is fragile
2026-09-06 17:44:48,886 narrative_ipca.tuning WARNING loocv_sharpe(lam=0.0002088, K=3): 16 of 16 fold fits have a singular Sigma_ff at rcond=1.0e-06; their b_MVE drop a factor direction and the stitched Sharpe is fragile
2026-09-06 17:44:50,316 narrative_ipca.tuning WARNING loocv_sharpe(lam=0.0005301, K=3): 16 of 16 fold fits have a singular Sigma_ff at rcond=1.0e-06; their b_MVE drop a factor direction and the stitched Sharpe is fragile
2026-09-06 17:44:53,646 narrative_ipca.tuning WARNING loocv_sharpe(lam=0.0003391, K=3): 16 of 16 fold fits have a singular Sigma_ff at rcond=1.0e-06; their b_MVE drop a factor direction and the stitched Sharpe is fragile
2026-09-06 17:44:54,303 narrative_ipca.tuning WARNING loocv_sharpe(lam=0.0008608, K=3): 16 of 16 fold fits have a singular Sigma_ff at rcond=1.0e-06; their b_MVE drop a factor direction and the stitched Sharpe is fragile
2026-09-06 17:44:58,070 narrative_ipca.tuning WARNING loocv_sharpe(lam=0.0005507, K=3): 16 of 16 fold fits have a singular Sigma_ff at rcond=1.0e-06; their b_MVE drop a factor direction and the stitched Sharpe is fragile
2026-09-06 17:44:58,090 narrative_ipca.tuning WARNING loocv_sharpe(lam=0.001398, K=3): 16 of 16 fold fits have a singular Sigma_ff at rcond=1.0e-06; their b_MVE drop a factor direction and the stitched Sharpe is fragile
2026-09-06 17:45:01,981 narrative_ipca.tuning WARNING loocv_sharpe(lam=0.00227, K=3): 16 of 16 fold fits have a singular Sigma_ff at rcond=1.0e-06; their b_MVE drop a factor direction and the stitched Sharpe is fragile
2026-09-06 17:45:02,530 narrative_ipca.tuning WARNING loocv_sharpe(lam=0.0008941, K=3): 16 of 16 fold fits have a singular Sigma_ff at rcond=1.0e-06; their b_MVE drop a factor direction and the stitched Sharpe is fragile
2026-09-06 17:45:05,743 narrative_ipca.tuning WARNING loocv_sharpe(lam=0.003686, K=3): 16 of 16 fold fits have a singular Sigma_ff at rcond=1.0e-06; their b_MVE drop a factor direction and the stitched Sharpe is fragile
2026-09-06 17:45:06,912 narrative_ipca.tuning WARNING loocv_sharpe(lam=0.001452, K=3): 16 of 16 fold fits have a singular Sigma_ff at rcond=1.0e-06; their b_MVE drop a factor direction and the stitched Sharpe is fragile
2026-09-06 17:45:09,818 narrative_ipca.tuning WARNING loocv_sharpe(lam=0.005984, K=3): 16 of 16 fold fits have a singular Sigma_ff at rcond=1.0e-06; their b_MVE drop a factor direction and the stitched Sharpe is fragile
2026-09-06 17:45:11,217 narrative_ipca.tuning WARNING loocv_sharpe(lam=0.002358, K=3): 16 of 16 fold fits have a singular Sigma_ff at rcond=1.0e-06; their b_MVE drop a factor direction and the stitched Sharpe is fragile
2026-09-06 17:45:13,975 narrative_ipca.tuning WARNING loocv_sharpe(lam=0.0001575, K=3): 16 of 16 fold fits have a singular Sigma_ff at rcond=1.0e-06; their b_MVE drop a factor direction and the stitched Sharpe is fragile
2026-09-06 17:45:15,196 narrative_ipca.tuning WARNING loocv_sharpe(lam=0.003828, K=3): 16 of 16 fold fits have a singular Sigma_ff at rcond=1.0e-06; their b_MVE drop a factor direction and the stitched Sharpe is fragile
2026-09-06 17:45:18,143 narrative_ipca.tuning WARNING loocv_sharpe(lam=0.0002557, K=3): 16 of 16 fold fits have a singular Sigma_ff at rcond=1.0e-06; their b_MVE drop a factor direction and the stitched Sharpe is fragile
2026-09-06 17:45:19,065 narrative_ipca.sparse_ipca WARNING fit_sparse_ipca(lam=5.781e-07, K=3) did not converge in 500 sweeps
2026-09-06 17:45:19,119 narrative_ipca.tuning WARNING loocv_sharpe(lam=0.006216, K=3): 16 of 16 fold fits have a singular Sigma_ff at rcond=1.0e-06; their b_MVE drop a factor direction and the stitched Sharpe is fragile
2026-09-06 17:45:22,629 narrative_ipca.tuning WARNING loocv_sharpe(lam=0.0004153, K=3): 16 of 16 fold fits have a singular Sigma_ff at rcond=1.0e-06; their b_MVE drop a factor direction and the stitched Sharpe is fragile
2026-09-06 17:45:22,874 narrative_ipca.tuning WARNING loocv_sharpe(lam=0.01009, K=3): 16 of 16 fold fits have a singular Sigma_ff at rcond=1.0e-06; their b_MVE drop a factor direction and the stitched Sharpe is fragile
2026-09-06 17:45:26,747 narrative_ipca.tuning WARNING loocv_sharpe(lam=0.0006743, K=3): 16 of 16 fold fits have a singular Sigma_ff at rcond=1.0e-06; their b_MVE drop a factor direction and the stitched Sharpe is fragile
2026-09-06 17:45:31,182 narrative_ipca.tuning WARNING loocv_sharpe(lam=0.001095, K=3): 16 of 16 fold fits have a singular Sigma_ff at rcond=1.0e-06; their b_MVE drop a factor direction and the stitched Sharpe is fragile
2026-09-06 17:45:32,615 narrative_ipca.sparse_ipca WARNING fit_sparse_ipca(lam=9.911e-07, K=3) did not converge in 500 sweeps
2026-09-06 17:45:35,126 narrative_ipca.tuning WARNING loocv_sharpe(lam=0.001778, K=3): 16 of 16 fold fits have a singular Sigma_ff at rcond=1.0e-06; their b_MVE drop a factor direction and the stitched Sharpe is fragile
2026-09-06 17:45:39,016 narrative_ipca.tuning WARNING loocv_sharpe(lam=0.002887, K=3): 16 of 16 fold fits have a singular Sigma_ff at rcond=1.0e-06; their b_MVE drop a factor direction and the stitched Sharpe is fragile
2026-09-06 17:45:43,270 narrative_ipca.tuning WARNING loocv_sharpe(lam=0.004688, K=3): 16 of 16 fold fits have a singular Sigma_ff at rcond=1.0e-06; their b_MVE drop a factor direction and the stitched Sharpe is fragile
2026-09-06 17:45:43,275 narrative_ipca.tuning WARNING tune: the chosen point (lam=0.0006743, K=3, 20 selected) has a singular Sigma_ff at rcond=1.0e-06; its loocv_sharpe criterion and b_MVE drop at least one factor direction
2026-09-06 17:45:43,276 narrative_ipca.oos WARNING run_oos: refit 4/8 (lam=0.0006743, K=3, 20 selected): Sigma_ff is singular at rcond=1.0e-06, b_MVE drops at least one factor direction; the OOS MVE of this block is fragile
2026-09-06 17:45:52,748 narrative_ipca.sparse_ipca WARNING fit_sparse_ipca(lam=4.626e-07, K=3) did not converge in 500 sweeps
2026-09-06 17:46:19,147 narrative_ipca.tuning WARNING loocv_sharpe(lam=0.0001394, K=3): 16 of 16 fold fits have a singular Sigma_ff at rcond=1.0e-06; their b_MVE drop a factor direction and the stitched Sharpe is fragile
2026-09-06 17:46:23,910 narrative_ipca.tuning WARNING loocv_sharpe(lam=0.0002263, K=3): 16 of 16 fold fits have a singular Sigma_ff at rcond=1.0e-06; their b_MVE drop a factor direction and the stitched Sharpe is fragile
2026-09-06 17:46:29,208 narrative_ipca.tuning WARNING loocv_sharpe(lam=0.0003674, K=3): 16 of 16 fold fits have a singular Sigma_ff at rcond=1.0e-06; their b_MVE drop a factor direction and the stitched Sharpe is fragile
2026-09-06 17:46:33,636 narrative_ipca.tuning WARNING loocv_sharpe(lam=0.0005966, K=3): 16 of 16 fold fits have a singular Sigma_ff at rcond=1.0e-06; their b_MVE drop a factor direction and the stitched Sharpe is fragile
2026-09-06 17:46:38,094 narrative_ipca.tuning WARNING loocv_sharpe(lam=0.0009688, K=3): 16 of 16 fold fits have a singular Sigma_ff at rcond=1.0e-06; their b_MVE drop a factor direction and the stitched Sharpe is fragile
2026-09-06 17:46:42,668 narrative_ipca.tuning WARNING loocv_sharpe(lam=0.001573, K=3): 16 of 16 fold fits have a singular Sigma_ff at rcond=1.0e-06; their b_MVE drop a factor direction and the stitched Sharpe is fragile
2026-09-06 17:46:46,982 narrative_ipca.tuning WARNING loocv_sharpe(lam=0.002554, K=3): 16 of 16 fold fits have a singular Sigma_ff at rcond=1.0e-06; their b_MVE drop a factor direction and the stitched Sharpe is fragile
2026-09-06 17:46:51,134 narrative_ipca.tuning WARNING loocv_sharpe(lam=0.004148, K=3): 16 of 16 fold fits have a singular Sigma_ff at rcond=1.0e-06; their b_MVE drop a factor direction and the stitched Sharpe is fragile
2026-09-06 17:46:55,115 narrative_ipca.tuning WARNING loocv_sharpe(lam=0.006735, K=3): 16 of 16 fold fits have a singular Sigma_ff at rcond=1.0e-06; their b_MVE drop a factor direction and the stitched Sharpe is fragile
2026-09-06 17:46:59,072 narrative_ipca.tuning WARNING loocv_sharpe(lam=0.01094, K=3): 16 of 16 fold fits have a singular Sigma_ff at rcond=1.0e-06; their b_MVE drop a factor direction and the stitched Sharpe is fragile
2026-09-06 17:47:08,797 narrative_ipca.sparse_ipca WARNING fit_sparse_ipca(lam=1.086e-06, K=3) did not converge in 500 sweeps
2026-09-06 17:47:23,952 narrative_ipca.sparse_ipca WARNING fit_sparse_ipca(lam=2.305e-06, K=3) did not converge in 500 sweeps
2026-09-06 17:47:44,712 narrative_ipca.sparse_ipca WARNING fit_sparse_ipca(lam=2.305e-06, K=3) did not converge in 500 sweeps
2026-09-06 17:47:51,147 narrative_ipca.tuning WARNING loocv_sharpe(lam=0.00023, K=3): 16 of 16 fold fits have a singular Sigma_ff at rcond=1.0e-06; their b_MVE drop a factor direction and the stitched Sharpe is fragile
2026-09-06 17:47:55,467 narrative_ipca.tuning WARNING loocv_sharpe(lam=0.0003735, K=3): 16 of 16 fold fits have a singular Sigma_ff at rcond=1.0e-06; their b_MVE drop a factor direction and the stitched Sharpe is fragile
2026-09-06 17:47:59,871 narrative_ipca.tuning WARNING loocv_sharpe(lam=0.0006065, K=3): 16 of 16 fold fits have a singular Sigma_ff at rcond=1.0e-06; their b_MVE drop a factor direction and the stitched Sharpe is fragile
2026-09-06 17:48:04,274 narrative_ipca.tuning WARNING loocv_sharpe(lam=0.0009848, K=3): 16 of 16 fold fits have a singular Sigma_ff at rcond=1.0e-06; their b_MVE drop a factor direction and the stitched Sharpe is fragile
2026-09-06 17:48:08,525 narrative_ipca.tuning WARNING loocv_sharpe(lam=0.001599, K=3): 16 of 16 fold fits have a singular Sigma_ff at rcond=1.0e-06; their b_MVE drop a factor direction and the stitched Sharpe is fragile
2026-09-06 17:48:12,523 narrative_ipca.tuning WARNING loocv_sharpe(lam=0.002597, K=3): 16 of 16 fold fits have a singular Sigma_ff at rcond=1.0e-06; their b_MVE drop a factor direction and the stitched Sharpe is fragile
2026-09-06 17:48:16,608 narrative_ipca.tuning WARNING loocv_sharpe(lam=0.004216, K=3): 16 of 16 fold fits have a singular Sigma_ff at rcond=1.0e-06; their b_MVE drop a factor direction and the stitched Sharpe is fragile
2026-09-06 17:48:20,428 narrative_ipca.tuning WARNING loocv_sharpe(lam=0.006847, K=3): 16 of 16 fold fits have a singular Sigma_ff at rcond=1.0e-06; their b_MVE drop a factor direction and the stitched Sharpe is fragile
2026-09-06 17:48:24,061 narrative_ipca.tuning WARNING loocv_sharpe(lam=0.01112, K=3): 16 of 16 fold fits have a singular Sigma_ff at rcond=1.0e-06; their b_MVE drop a factor direction and the stitched Sharpe is fragile
2026-09-06 17:48:33,374 narrative_ipca.tuning WARNING loocv_sharpe(lam=0.0001554, K=3): 9 of 16 fold fits have a singular Sigma_ff at rcond=1.0e-06; their b_MVE drop a factor direction and the stitched Sharpe is fragile
2026-09-06 17:48:33,491 narrative_ipca.sparse_ipca WARNING fit_sparse_ipca(lam=1.112e-06, K=3) did not converge in 500 sweeps
2026-09-06 17:48:37,952 narrative_ipca.tuning WARNING loocv_sharpe(lam=0.0002524, K=3): 16 of 16 fold fits have a singular Sigma_ff at rcond=1.0e-06; their b_MVE drop a factor direction and the stitched Sharpe is fragile
2026-09-06 17:48:44,086 narrative_ipca.tuning WARNING loocv_sharpe(lam=0.0004098, K=3): 16 of 16 fold fits have a singular Sigma_ff at rcond=1.0e-06; their b_MVE drop a factor direction and the stitched Sharpe is fragile
2026-09-06 17:48:48,404 narrative_ipca.tuning WARNING loocv_sharpe(lam=0.0006654, K=3): 16 of 16 fold fits have a singular Sigma_ff at rcond=1.0e-06; their b_MVE drop a factor direction and the stitched Sharpe is fragile
2026-09-06 17:48:51,559 narrative_ipca.tuning WARNING loocv_sharpe(lam=0.0002051, K=3): 16 of 16 fold fits have a singular Sigma_ff at rcond=1.0e-06; their b_MVE drop a factor direction and the stitched Sharpe is fragile
2026-09-06 17:48:53,114 narrative_ipca.tuning WARNING loocv_sharpe(lam=0.001081, K=3): 16 of 16 fold fits have a singular Sigma_ff at rcond=1.0e-06; their b_MVE drop a factor direction and the stitched Sharpe is fragile
2026-09-06 17:48:56,572 narrative_ipca.tuning WARNING loocv_sharpe(lam=0.000333, K=3): 16 of 16 fold fits have a singular Sigma_ff at rcond=1.0e-06; their b_MVE drop a factor direction and the stitched Sharpe is fragile
2026-09-06 17:48:57,806 narrative_ipca.tuning WARNING loocv_sharpe(lam=0.001755, K=3): 16 of 16 fold fits have a singular Sigma_ff at rcond=1.0e-06; their b_MVE drop a factor direction and the stitched Sharpe is fragile
2026-09-06 17:49:01,487 narrative_ipca.tuning WARNING loocv_sharpe(lam=0.0005407, K=3): 16 of 16 fold fits have a singular Sigma_ff at rcond=1.0e-06; their b_MVE drop a factor direction and the stitched Sharpe is fragile
2026-09-06 17:49:02,459 narrative_ipca.tuning WARNING loocv_sharpe(lam=0.002849, K=3): 16 of 16 fold fits have a singular Sigma_ff at rcond=1.0e-06; their b_MVE drop a factor direction and the stitched Sharpe is fragile
2026-09-06 17:49:06,476 narrative_ipca.tuning WARNING loocv_sharpe(lam=0.000878, K=3): 16 of 16 fold fits have a singular Sigma_ff at rcond=1.0e-06; their b_MVE drop a factor direction and the stitched Sharpe is fragile
2026-09-06 17:49:07,575 narrative_ipca.tuning WARNING loocv_sharpe(lam=0.004626, K=3): 16 of 16 fold fits have a singular Sigma_ff at rcond=1.0e-06; their b_MVE drop a factor direction and the stitched Sharpe is fragile
2026-09-06 17:49:07,580 narrative_ipca.tuning WARNING tune: the chosen point (lam=0.001081, K=3, 13 selected) has a singular Sigma_ff at rcond=1.0e-06; its loocv_sharpe criterion and b_MVE drop at least one factor direction
2026-09-06 17:49:07,580 narrative_ipca.oos WARNING run_oos: refit 5/8 (lam=0.001081, K=3, 13 selected): Sigma_ff is singular at rcond=1.0e-06, b_MVE drops at least one factor direction; the OOS MVE of this block is fragile
2026-09-06 17:49:11,492 narrative_ipca.tuning WARNING loocv_sharpe(lam=0.001426, K=3): 16 of 16 fold fits have a singular Sigma_ff at rcond=1.0e-06; their b_MVE drop a factor direction and the stitched Sharpe is fragile
2026-09-06 17:49:16,314 narrative_ipca.tuning WARNING loocv_sharpe(lam=0.002315, K=3): 16 of 16 fold fits have a singular Sigma_ff at rcond=1.0e-06; their b_MVE drop a factor direction and the stitched Sharpe is fragile
2026-09-06 17:49:17,496 narrative_ipca.sparse_ipca WARNING fit_sparse_ipca(lam=4.455e-07, K=3) did not converge in 500 sweeps
2026-09-06 17:49:20,944 narrative_ipca.tuning WARNING loocv_sharpe(lam=0.003759, K=3): 16 of 16 fold fits have a singular Sigma_ff at rcond=1.0e-06; their b_MVE drop a factor direction and the stitched Sharpe is fragile
2026-09-06 17:49:25,337 narrative_ipca.tuning WARNING loocv_sharpe(lam=0.006104, K=3): 16 of 16 fold fits have a singular Sigma_ff at rcond=1.0e-06; their b_MVE drop a factor direction and the stitched Sharpe is fragile
2026-09-06 17:49:29,774 narrative_ipca.tuning WARNING loocv_sharpe(lam=0.009911, K=3): 16 of 16 fold fits have a singular Sigma_ff at rcond=1.0e-06; their b_MVE drop a factor direction and the stitched Sharpe is fragile
2026-09-06 17:49:39,970 narrative_ipca.sparse_ipca WARNING fit_sparse_ipca(lam=9.851e-07, K=3) did not converge in 500 sweeps
2026-09-06 17:50:10,537 narrative_ipca.tuning WARNING loocv_sharpe(lam=0.0001942, K=3): 16 of 16 fold fits have a singular Sigma_ff at rcond=1.0e-06; their b_MVE drop a factor direction and the stitched Sharpe is fragile
2026-09-06 17:50:15,470 narrative_ipca.tuning WARNING loocv_sharpe(lam=0.0003154, K=3): 16 of 16 fold fits have a singular Sigma_ff at rcond=1.0e-06; their b_MVE drop a factor direction and the stitched Sharpe is fragile
2026-09-06 17:50:20,026 narrative_ipca.tuning WARNING loocv_sharpe(lam=0.0005121, K=3): 16 of 16 fold fits have a singular Sigma_ff at rcond=1.0e-06; their b_MVE drop a factor direction and the stitched Sharpe is fragile
2026-09-06 17:50:24,426 narrative_ipca.tuning WARNING loocv_sharpe(lam=0.0008316, K=3): 16 of 16 fold fits have a singular Sigma_ff at rcond=1.0e-06; their b_MVE drop a factor direction and the stitched Sharpe is fragile
2026-09-06 17:50:28,721 narrative_ipca.tuning WARNING loocv_sharpe(lam=0.00135, K=3): 16 of 16 fold fits have a singular Sigma_ff at rcond=1.0e-06; their b_MVE drop a factor direction and the stitched Sharpe is fragile
2026-09-06 17:50:32,987 narrative_ipca.tuning WARNING loocv_sharpe(lam=0.002193, K=3): 16 of 16 fold fits have a singular Sigma_ff at rcond=1.0e-06; their b_MVE drop a factor direction and the stitched Sharpe is fragile
2026-09-06 17:50:37,127 narrative_ipca.tuning WARNING loocv_sharpe(lam=0.00356, K=3): 16 of 16 fold fits have a singular Sigma_ff at rcond=1.0e-06; their b_MVE drop a factor direction and the stitched Sharpe is fragile
2026-09-06 17:50:41,617 narrative_ipca.tuning WARNING loocv_sharpe(lam=0.005781, K=3): 16 of 16 fold fits have a singular Sigma_ff at rcond=1.0e-06; their b_MVE drop a factor direction and the stitched Sharpe is fragile
2026-09-06 17:50:41,623 narrative_ipca.tuning WARNING tune: the chosen point (lam=0.0003154, K=3, 30 selected) has a singular Sigma_ff at rcond=1.0e-06; its loocv_sharpe criterion and b_MVE drop at least one factor direction
2026-09-06 17:50:41,624 narrative_ipca.oos WARNING run_oos: refit 3/8 (lam=0.0003154, K=3, 30 selected): Sigma_ff is singular at rcond=1.0e-06, b_MVE drops at least one factor direction; the OOS MVE of this block is fragile
2026-09-06 17:50:51,562 narrative_ipca.sparse_ipca WARNING fit_sparse_ipca(lam=5.537e-07, K=3) did not converge in 500 sweeps
2026-09-06 17:51:03,079 narrative_ipca.tuning WARNING loocv_sharpe(lam=0.0001383, K=3): 16 of 16 fold fits have a singular Sigma_ff at rcond=1.0e-06; their b_MVE drop a factor direction and the stitched Sharpe is fragile
2026-09-06 17:51:07,985 narrative_ipca.tuning WARNING loocv_sharpe(lam=0.0002246, K=3): 16 of 16 fold fits have a singular Sigma_ff at rcond=1.0e-06; their b_MVE drop a factor direction and the stitched Sharpe is fragile
2026-09-06 17:51:17,244 narrative_ipca.tuning WARNING loocv_sharpe(lam=0.0003648, K=3): 16 of 16 fold fits have a singular Sigma_ff at rcond=1.0e-06; their b_MVE drop a factor direction and the stitched Sharpe is fragile
2026-09-06 17:51:22,250 narrative_ipca.tuning WARNING loocv_sharpe(lam=0.0005923, K=3): 16 of 16 fold fits have a singular Sigma_ff at rcond=1.0e-06; their b_MVE drop a factor direction and the stitched Sharpe is fragile
2026-09-06 17:51:27,199 narrative_ipca.tuning WARNING loocv_sharpe(lam=0.0009618, K=3): 16 of 16 fold fits have a singular Sigma_ff at rcond=1.0e-06; their b_MVE drop a factor direction and the stitched Sharpe is fragile
2026-09-06 17:51:31,948 narrative_ipca.tuning WARNING loocv_sharpe(lam=0.001562, K=3): 16 of 16 fold fits have a singular Sigma_ff at rcond=1.0e-06; their b_MVE drop a factor direction and the stitched Sharpe is fragile
2026-09-06 17:51:36,661 narrative_ipca.tuning WARNING loocv_sharpe(lam=0.002536, K=3): 16 of 16 fold fits have a singular Sigma_ff at rcond=1.0e-06; their b_MVE drop a factor direction and the stitched Sharpe is fragile
2026-09-06 17:51:41,034 narrative_ipca.tuning WARNING loocv_sharpe(lam=0.004118, K=3): 16 of 16 fold fits have a singular Sigma_ff at rcond=1.0e-06; their b_MVE drop a factor direction and the stitched Sharpe is fragile
2026-09-06 17:51:45,271 narrative_ipca.tuning WARNING loocv_sharpe(lam=0.006686, K=3): 16 of 16 fold fits have a singular Sigma_ff at rcond=1.0e-06; their b_MVE drop a factor direction and the stitched Sharpe is fragile
2026-09-06 17:51:46,468 narrative_ipca.tuning WARNING loocv_sharpe(lam=0.00023, K=3): 16 of 16 fold fits have a singular Sigma_ff at rcond=1.0e-06; their b_MVE drop a factor direction and the stitched Sharpe is fragile
2026-09-06 17:51:49,550 narrative_ipca.tuning WARNING loocv_sharpe(lam=0.01086, K=3): 16 of 16 fold fits have a singular Sigma_ff at rcond=1.0e-06; their b_MVE drop a factor direction and the stitched Sharpe is fragile
2026-09-06 17:51:51,120 narrative_ipca.tuning WARNING loocv_sharpe(lam=0.0003735, K=3): 16 of 16 fold fits have a singular Sigma_ff at rcond=1.0e-06; their b_MVE drop a factor direction and the stitched Sharpe is fragile
2026-09-06 17:51:55,983 narrative_ipca.tuning WARNING loocv_sharpe(lam=0.0006065, K=3): 16 of 16 fold fits have a singular Sigma_ff at rcond=1.0e-06; their b_MVE drop a factor direction and the stitched Sharpe is fragile
2026-09-06 17:51:59,727 narrative_ipca.sparse_ipca WARNING fit_sparse_ipca(lam=1.077e-06, K=3) did not converge in 500 sweeps
2026-09-06 17:52:00,898 narrative_ipca.tuning WARNING loocv_sharpe(lam=0.0009848, K=3): 16 of 16 fold fits have a singular Sigma_ff at rcond=1.0e-06; their b_MVE drop a factor direction and the stitched Sharpe is fragile
2026-09-06 17:52:05,228 narrative_ipca.tuning WARNING loocv_sharpe(lam=0.001599, K=3): 16 of 16 fold fits have a singular Sigma_ff at rcond=1.0e-06; their b_MVE drop a factor direction and the stitched Sharpe is fragile
2026-09-06 17:52:06,434 narrative_ipca.tuning WARNING loocv_sharpe(lam=0.0001497, K=3): 1 of 16 fold fits have a singular Sigma_ff at rcond=1.0e-06; their b_MVE drop a factor direction and the stitched Sharpe is fragile
2026-09-06 17:52:09,774 narrative_ipca.tuning WARNING loocv_sharpe(lam=0.002596, K=3): 16 of 16 fold fits have a singular Sigma_ff at rcond=1.0e-06; their b_MVE drop a factor direction and the stitched Sharpe is fragile
2026-09-06 17:52:11,398 narrative_ipca.tuning WARNING loocv_sharpe(lam=0.000243, K=3): 16 of 16 fold fits have a singular Sigma_ff at rcond=1.0e-06; their b_MVE drop a factor direction and the stitched Sharpe is fragile
2026-09-06 17:52:14,028 narrative_ipca.tuning WARNING loocv_sharpe(lam=0.004216, K=3): 16 of 16 fold fits have a singular Sigma_ff at rcond=1.0e-06; their b_MVE drop a factor direction and the stitched Sharpe is fragile
2026-09-06 17:52:16,851 narrative_ipca.tuning WARNING loocv_sharpe(lam=0.0003946, K=3): 16 of 16 fold fits have a singular Sigma_ff at rcond=1.0e-06; their b_MVE drop a factor direction and the stitched Sharpe is fragile
2026-09-06 17:52:18,285 narrative_ipca.tuning WARNING loocv_sharpe(lam=0.006846, K=3): 16 of 16 fold fits have a singular Sigma_ff at rcond=1.0e-06; their b_MVE drop a factor direction and the stitched Sharpe is fragile
2026-09-06 17:52:21,826 narrative_ipca.tuning WARNING loocv_sharpe(lam=0.0006408, K=3): 16 of 16 fold fits have a singular Sigma_ff at rcond=1.0e-06; their b_MVE drop a factor direction and the stitched Sharpe is fragile
2026-09-06 17:52:22,509 narrative_ipca.tuning WARNING loocv_sharpe(lam=0.01112, K=3): 16 of 16 fold fits have a singular Sigma_ff at rcond=1.0e-06; their b_MVE drop a factor direction and the stitched Sharpe is fragile
2026-09-06 17:52:26,529 narrative_ipca.tuning WARNING loocv_sharpe(lam=0.00104, K=3): 16 of 16 fold fits have a singular Sigma_ff at rcond=1.0e-06; their b_MVE drop a factor direction and the stitched Sharpe is fragile
2026-09-06 17:52:31,704 narrative_ipca.tuning WARNING loocv_sharpe(lam=0.001689, K=3): 16 of 16 fold fits have a singular Sigma_ff at rcond=1.0e-06; their b_MVE drop a factor direction and the stitched Sharpe is fragile
2026-09-06 17:52:32,694 narrative_ipca.sparse_ipca WARNING fit_sparse_ipca(lam=1.112e-06, K=3) did not converge in 500 sweeps
2026-09-06 17:52:36,199 narrative_ipca.tuning WARNING loocv_sharpe(lam=0.002743, K=3): 16 of 16 fold fits have a singular Sigma_ff at rcond=1.0e-06; their b_MVE drop a factor direction and the stitched Sharpe is fragile
2026-09-06 17:52:41,354 narrative_ipca.tuning WARNING loocv_sharpe(lam=0.004455, K=3): 16 of 16 fold fits have a singular Sigma_ff at rcond=1.0e-06; their b_MVE drop a factor direction and the stitched Sharpe is fragile
2026-09-06 17:52:41,360 narrative_ipca.tuning WARNING tune: the chosen point (lam=0.0006408, K=3, 23 selected) has a singular Sigma_ff at rcond=1.0e-06; its loocv_sharpe criterion and b_MVE drop at least one factor direction
2026-09-06 17:52:41,361 narrative_ipca.oos WARNING run_oos: refit 6/8 (lam=0.0006408, K=3, 23 selected): Sigma_ff is singular at rcond=1.0e-06, b_MVE drops at least one factor direction; the OOS MVE of this block is fragile
2026-09-06 17:52:51,612 narrative_ipca.sparse_ipca WARNING fit_sparse_ipca(lam=4.487e-07, K=3) did not converge in 500 sweeps
2026-09-06 17:53:16,466 narrative_ipca.tuning WARNING loocv_sharpe(lam=0.0002038, K=3): 16 of 16 fold fits have a singular Sigma_ff at rcond=1.0e-06; their b_MVE drop a factor direction and the stitched Sharpe is fragile
2026-09-06 17:53:21,806 narrative_ipca.tuning WARNING loocv_sharpe(lam=0.000331, K=3): 16 of 16 fold fits have a singular Sigma_ff at rcond=1.0e-06; their b_MVE drop a factor direction and the stitched Sharpe is fragile
2026-09-06 17:53:27,281 narrative_ipca.tuning WARNING loocv_sharpe(lam=0.0005374, K=3): 16 of 16 fold fits have a singular Sigma_ff at rcond=1.0e-06; their b_MVE drop a factor direction and the stitched Sharpe is fragile
2026-09-06 17:53:32,798 narrative_ipca.tuning WARNING loocv_sharpe(lam=0.0008727, K=3): 16 of 16 fold fits have a singular Sigma_ff at rcond=1.0e-06; their b_MVE drop a factor direction and the stitched Sharpe is fragile
2026-09-06 17:53:38,054 narrative_ipca.tuning WARNING loocv_sharpe(lam=0.001417, K=3): 16 of 16 fold fits have a singular Sigma_ff at rcond=1.0e-06; their b_MVE drop a factor direction and the stitched Sharpe is fragile
2026-09-06 17:53:43,394 narrative_ipca.tuning WARNING loocv_sharpe(lam=0.002301, K=3): 16 of 16 fold fits have a singular Sigma_ff at rcond=1.0e-06; their b_MVE drop a factor direction and the stitched Sharpe is fragile
2026-09-06 17:53:48,472 narrative_ipca.tuning WARNING loocv_sharpe(lam=0.003736, K=3): 16 of 16 fold fits have a singular Sigma_ff at rcond=1.0e-06; their b_MVE drop a factor direction and the stitched Sharpe is fragile
2026-09-06 17:53:53,326 narrative_ipca.tuning WARNING loocv_sharpe(lam=0.006067, K=3): 16 of 16 fold fits have a singular Sigma_ff at rcond=1.0e-06; their b_MVE drop a factor direction and the stitched Sharpe is fragile
2026-09-06 17:53:57,847 narrative_ipca.tuning WARNING loocv_sharpe(lam=0.009851, K=3): 16 of 16 fold fits have a singular Sigma_ff at rcond=1.0e-06; their b_MVE drop a factor direction and the stitched Sharpe is fragile
2026-09-06 17:53:57,854 narrative_ipca.tuning WARNING tune: the chosen point (lam=0.0005374, K=3, 3 selected) has a singular Sigma_ff at rcond=1.0e-06; its loocv_sharpe criterion and b_MVE drop at least one factor direction
2026-09-06 17:53:57,855 narrative_ipca.oos WARNING run_oos: refit 5/8 (lam=0.0005374, K=3, 3 selected): Sigma_ff is singular at rcond=1.0e-06, b_MVE drops at least one factor direction; the OOS MVE of this block is fragile
2026-09-06 17:54:08,455 narrative_ipca.sparse_ipca WARNING fit_sparse_ipca(lam=9.424e-07, K=3) did not converge in 500 sweeps
2026-09-06 17:55:20,123 narrative_ipca.tuning WARNING loocv_sharpe(lam=0.000186, K=3): 16 of 16 fold fits have a singular Sigma_ff at rcond=1.0e-06; their b_MVE drop a factor direction and the stitched Sharpe is fragile
2026-09-06 17:55:24,710 narrative_ipca.tuning WARNING loocv_sharpe(lam=0.0003021, K=3): 16 of 16 fold fits have a singular Sigma_ff at rcond=1.0e-06; their b_MVE drop a factor direction and the stitched Sharpe is fragile
2026-09-06 17:55:29,465 narrative_ipca.tuning WARNING loocv_sharpe(lam=0.0004905, K=3): 16 of 16 fold fits have a singular Sigma_ff at rcond=1.0e-06; their b_MVE drop a factor direction and the stitched Sharpe is fragile
2026-09-06 17:55:34,082 narrative_ipca.tuning WARNING loocv_sharpe(lam=0.0007964, K=3): 16 of 16 fold fits have a singular Sigma_ff at rcond=1.0e-06; their b_MVE drop a factor direction and the stitched Sharpe is fragile
2026-09-06 17:55:38,753 narrative_ipca.tuning WARNING loocv_sharpe(lam=0.001293, K=3): 16 of 16 fold fits have a singular Sigma_ff at rcond=1.0e-06; their b_MVE drop a factor direction and the stitched Sharpe is fragile
2026-09-06 17:55:43,222 narrative_ipca.tuning WARNING loocv_sharpe(lam=0.0021, K=3): 16 of 16 fold fits have a singular Sigma_ff at rcond=1.0e-06; their b_MVE drop a factor direction and the stitched Sharpe is fragile
2026-09-06 17:55:47,464 narrative_ipca.tuning WARNING loocv_sharpe(lam=0.00341, K=3): 16 of 16 fold fits have a singular Sigma_ff at rcond=1.0e-06; their b_MVE drop a factor direction and the stitched Sharpe is fragile
2026-09-06 17:55:49,429 narrative_ipca.tuning WARNING loocv_sharpe(lam=0.0001508, K=3): 16 of 16 fold fits have a singular Sigma_ff at rcond=1.0e-06; their b_MVE drop a factor direction and the stitched Sharpe is fragile
2026-09-06 17:55:52,083 narrative_ipca.tuning WARNING loocv_sharpe(lam=0.005537, K=3): 16 of 16 fold fits have a singular Sigma_ff at rcond=1.0e-06; their b_MVE drop a factor direction and the stitched Sharpe is fragile
2026-09-06 17:55:54,449 narrative_ipca.tuning WARNING loocv_sharpe(lam=0.0002448, K=3): 16 of 16 fold fits have a singular Sigma_ff at rcond=1.0e-06; their b_MVE drop a factor direction and the stitched Sharpe is fragile
2026-09-06 17:55:59,729 narrative_ipca.tuning WARNING loocv_sharpe(lam=0.0003975, K=3): 16 of 16 fold fits have a singular Sigma_ff at rcond=1.0e-06; their b_MVE drop a factor direction and the stitched Sharpe is fragile
2026-09-06 17:56:00,101 narrative_ipca.tuning WARNING loocv_sharpe(lam=0.0002302, K=3): 16 of 16 fold fits have a singular Sigma_ff at rcond=1.0e-06; their b_MVE drop a factor direction and the stitched Sharpe is fragile
2026-09-06 17:56:02,149 narrative_ipca.sparse_ipca WARNING fit_sparse_ipca(lam=5.358e-07, K=3) did not converge in 500 sweeps
2026-09-06 17:56:04,671 narrative_ipca.tuning WARNING loocv_sharpe(lam=0.0006455, K=3): 16 of 16 fold fits have a singular Sigma_ff at rcond=1.0e-06; their b_MVE drop a factor direction and the stitched Sharpe is fragile
2026-09-06 17:56:04,845 narrative_ipca.tuning WARNING loocv_sharpe(lam=0.0003738, K=3): 16 of 16 fold fits have a singular Sigma_ff at rcond=1.0e-06; their b_MVE drop a factor direction and the stitched Sharpe is fragile
2026-09-06 17:56:06,889 narrative_ipca.tuning WARNING loocv_sharpe(lam=0.0001372, K=3): 16 of 16 fold fits have a singular Sigma_ff at rcond=1.0e-06; their b_MVE drop a factor direction and the stitched Sharpe is fragile
2026-09-06 17:56:09,541 narrative_ipca.tuning WARNING loocv_sharpe(lam=0.001048, K=3): 16 of 16 fold fits have a singular Sigma_ff at rcond=1.0e-06; their b_MVE drop a factor direction and the stitched Sharpe is fragile
2026-09-06 17:56:09,686 narrative_ipca.tuning WARNING loocv_sharpe(lam=0.0006069, K=3): 16 of 16 fold fits have a singular Sigma_ff at rcond=1.0e-06; their b_MVE drop a factor direction and the stitched Sharpe is fragile
2026-09-06 17:56:12,060 narrative_ipca.tuning WARNING loocv_sharpe(lam=0.0002229, K=3): 16 of 16 fold fits have a singular Sigma_ff at rcond=1.0e-06; their b_MVE drop a factor direction and the stitched Sharpe is fragile
2026-09-06 17:56:14,450 narrative_ipca.tuning WARNING loocv_sharpe(lam=0.001702, K=3): 16 of 16 fold fits have a singular Sigma_ff at rcond=1.0e-06; their b_MVE drop a factor direction and the stitched Sharpe is fragile
2026-09-06 17:56:14,641 narrative_ipca.tuning WARNING loocv_sharpe(lam=0.0009855, K=3): 16 of 16 fold fits have a singular Sigma_ff at rcond=1.0e-06; their b_MVE drop a factor direction and the stitched Sharpe is fragile
2026-09-06 17:56:19,038 narrative_ipca.tuning WARNING loocv_sharpe(lam=0.002764, K=3): 16 of 16 fold fits have a singular Sigma_ff at rcond=1.0e-06; their b_MVE drop a factor direction and the stitched Sharpe is fragile
2026-09-06 17:56:19,100 narrative_ipca.tuning WARNING loocv_sharpe(lam=0.0016, K=3): 16 of 16 fold fits have a singular Sigma_ff at rcond=1.0e-06; their b_MVE drop a factor direction and the stitched Sharpe is fragile
2026-09-06 17:56:19,377 narrative_ipca.tuning WARNING loocv_sharpe(lam=0.0003619, K=3): 16 of 16 fold fits have a singular Sigma_ff at rcond=1.0e-06; their b_MVE drop a factor direction and the stitched Sharpe is fragile
2026-09-06 17:56:23,384 narrative_ipca.tuning WARNING loocv_sharpe(lam=0.002598, K=3): 16 of 16 fold fits have a singular Sigma_ff at rcond=1.0e-06; their b_MVE drop a factor direction and the stitched Sharpe is fragile
2026-09-06 17:56:23,926 narrative_ipca.tuning WARNING loocv_sharpe(lam=0.004487, K=3): 16 of 16 fold fits have a singular Sigma_ff at rcond=1.0e-06; their b_MVE drop a factor direction and the stitched Sharpe is fragile
2026-09-06 17:56:23,931 narrative_ipca.tuning WARNING tune: the chosen point (lam=0.0002448, K=3, 45 selected) has a singular Sigma_ff at rcond=1.0e-06; its loocv_sharpe criterion and b_MVE drop at least one factor direction
2026-09-06 17:56:23,932 narrative_ipca.oos WARNING run_oos: refit 7/8 (lam=0.0002448, K=3, 45 selected): Sigma_ff is singular at rcond=1.0e-06, b_MVE drops at least one factor direction; the OOS MVE of this block is fragile
2026-09-06 17:56:24,276 narrative_ipca.tuning WARNING loocv_sharpe(lam=0.0005876, K=3): 16 of 16 fold fits have a singular Sigma_ff at rcond=1.0e-06; their b_MVE drop a factor direction and the stitched Sharpe is fragile
2026-09-06 17:56:27,879 narrative_ipca.tuning WARNING loocv_sharpe(lam=0.004219, K=3): 16 of 16 fold fits have a singular Sigma_ff at rcond=1.0e-06; their b_MVE drop a factor direction and the stitched Sharpe is fragile
2026-09-06 17:56:29,461 narrative_ipca.tuning WARNING loocv_sharpe(lam=0.0009541, K=3): 16 of 16 fold fits have a singular Sigma_ff at rcond=1.0e-06; their b_MVE drop a factor direction and the stitched Sharpe is fragile
2026-09-06 17:56:32,533 narrative_ipca.tuning WARNING loocv_sharpe(lam=0.006851, K=3): 16 of 16 fold fits have a singular Sigma_ff at rcond=1.0e-06; their b_MVE drop a factor direction and the stitched Sharpe is fragile
2026-09-06 17:56:34,232 narrative_ipca.sparse_ipca WARNING fit_sparse_ipca(lam=4.488e-07, K=3) did not converge in 500 sweeps
2026-09-06 17:56:34,644 narrative_ipca.tuning WARNING loocv_sharpe(lam=0.001549, K=3): 16 of 16 fold fits have a singular Sigma_ff at rcond=1.0e-06; their b_MVE drop a factor direction and the stitched Sharpe is fragile
2026-09-06 17:56:37,125 narrative_ipca.tuning WARNING loocv_sharpe(lam=0.01112, K=3): 16 of 16 fold fits have a singular Sigma_ff at rcond=1.0e-06; their b_MVE drop a factor direction and the stitched Sharpe is fragile
2026-09-06 17:56:37,131 narrative_ipca.tuning WARNING tune: the chosen point (lam=0.0002302, K=3, 7 selected) has a singular Sigma_ff at rcond=1.0e-06; its loocv_sharpe criterion and b_MVE drop at least one factor direction
2026-09-06 17:56:37,132 narrative_ipca.oos WARNING run_oos: refit 6/8 (lam=0.0002302, K=3, 7 selected): Sigma_ff is singular at rcond=1.0e-06, b_MVE drops at least one factor direction; the OOS MVE of this block is fragile
2026-09-06 17:56:39,706 narrative_ipca.tuning WARNING loocv_sharpe(lam=0.002516, K=3): 16 of 16 fold fits have a singular Sigma_ff at rcond=1.0e-06; their b_MVE drop a factor direction and the stitched Sharpe is fragile
2026-09-06 17:56:44,595 narrative_ipca.tuning WARNING loocv_sharpe(lam=0.004085, K=3): 16 of 16 fold fits have a singular Sigma_ff at rcond=1.0e-06; their b_MVE drop a factor direction and the stitched Sharpe is fragile
2026-09-06 17:56:47,412 narrative_ipca.sparse_ipca WARNING fit_sparse_ipca(lam=1.104e-06, K=3) did not converge in 500 sweeps
2026-09-06 17:56:49,248 narrative_ipca.tuning WARNING loocv_sharpe(lam=0.006633, K=3): 16 of 16 fold fits have a singular Sigma_ff at rcond=1.0e-06; their b_MVE drop a factor direction and the stitched Sharpe is fragile
2026-09-06 17:56:53,980 narrative_ipca.tuning WARNING loocv_sharpe(lam=0.01077, K=3): 16 of 16 fold fits have a singular Sigma_ff at rcond=1.0e-06; their b_MVE drop a factor direction and the stitched Sharpe is fragile
2026-09-06 17:56:53,987 narrative_ipca.tuning WARNING tune: the chosen point (lam=0.0005876, K=3, 6 selected) has a singular Sigma_ff at rcond=1.0e-06; its loocv_sharpe criterion and b_MVE drop at least one factor direction
2026-09-06 17:56:53,987 narrative_ipca.oos WARNING run_oos: refit 5/8 (lam=0.0005876, K=3, 6 selected): Sigma_ff is singular at rcond=1.0e-06, b_MVE drops at least one factor direction; the OOS MVE of this block is fragile
2026-09-06 17:57:04,459 narrative_ipca.sparse_ipca WARNING fit_sparse_ipca(lam=1.058e-06, K=3) did not converge in 500 sweeps
2026-09-06 17:57:46,423 narrative_ipca.tuning WARNING loocv_sharpe(lam=0.000195, K=3): 16 of 16 fold fits have a singular Sigma_ff at rcond=1.0e-06; their b_MVE drop a factor direction and the stitched Sharpe is fragile
2026-09-06 17:57:52,120 narrative_ipca.tuning WARNING loocv_sharpe(lam=0.0003166, K=3): 16 of 16 fold fits have a singular Sigma_ff at rcond=1.0e-06; their b_MVE drop a factor direction and the stitched Sharpe is fragile
2026-09-06 17:57:57,839 narrative_ipca.tuning WARNING loocv_sharpe(lam=0.0005141, K=3): 16 of 16 fold fits have a singular Sigma_ff at rcond=1.0e-06; their b_MVE drop a factor direction and the stitched Sharpe is fragile
2026-09-06 17:58:03,243 narrative_ipca.tuning WARNING loocv_sharpe(lam=0.0008349, K=3): 16 of 16 fold fits have a singular Sigma_ff at rcond=1.0e-06; their b_MVE drop a factor direction and the stitched Sharpe is fragile
2026-09-06 17:58:08,432 narrative_ipca.tuning WARNING loocv_sharpe(lam=0.001356, K=3): 16 of 16 fold fits have a singular Sigma_ff at rcond=1.0e-06; their b_MVE drop a factor direction and the stitched Sharpe is fragile
2026-09-06 17:58:13,904 narrative_ipca.tuning WARNING loocv_sharpe(lam=0.002201, K=3): 16 of 16 fold fits have a singular Sigma_ff at rcond=1.0e-06; their b_MVE drop a factor direction and the stitched Sharpe is fragile
2026-09-06 17:58:19,148 narrative_ipca.tuning WARNING loocv_sharpe(lam=0.003574, K=3): 16 of 16 fold fits have a singular Sigma_ff at rcond=1.0e-06; their b_MVE drop a factor direction and the stitched Sharpe is fragile
2026-09-06 17:58:24,249 narrative_ipca.tuning WARNING loocv_sharpe(lam=0.005804, K=3): 16 of 16 fold fits have a singular Sigma_ff at rcond=1.0e-06; their b_MVE drop a factor direction and the stitched Sharpe is fragile
2026-09-06 17:58:29,480 narrative_ipca.tuning WARNING loocv_sharpe(lam=0.009424, K=3): 16 of 16 fold fits have a singular Sigma_ff at rcond=1.0e-06; their b_MVE drop a factor direction and the stitched Sharpe is fragile
2026-09-06 17:58:32,417 narrative_ipca.sparse_ipca WARNING fit_sparse_ipca(lam=1.413e-06, K=3) did not converge in 500 sweeps
2026-09-06 17:58:40,844 narrative_ipca.sparse_ipca WARNING fit_sparse_ipca(lam=9.512e-07, K=3) did not converge in 500 sweeps
2026-09-06 17:59:12,476 narrative_ipca.sparse_ipca WARNING fit_sparse_ipca(lam=2.294e-06, K=3) did not converge in 500 sweeps
2026-09-06 17:59:51,112 narrative_ipca.tuning WARNING loocv_sharpe(lam=0.0002449, K=3): 16 of 16 fold fits have a singular Sigma_ff at rcond=1.0e-06; their b_MVE drop a factor direction and the stitched Sharpe is fragile
2026-09-06 17:59:59,345 narrative_ipca.tuning WARNING loocv_sharpe(lam=0.0003976, K=3): 16 of 16 fold fits have a singular Sigma_ff at rcond=1.0e-06; their b_MVE drop a factor direction and the stitched Sharpe is fragile
2026-09-06 18:00:04,725 narrative_ipca.tuning WARNING loocv_sharpe(lam=0.0006456, K=3): 16 of 16 fold fits have a singular Sigma_ff at rcond=1.0e-06; their b_MVE drop a factor direction and the stitched Sharpe is fragile
2026-09-06 18:00:09,937 narrative_ipca.tuning WARNING loocv_sharpe(lam=0.001048, K=3): 16 of 16 fold fits have a singular Sigma_ff at rcond=1.0e-06; their b_MVE drop a factor direction and the stitched Sharpe is fragile
2026-09-06 18:00:15,149 narrative_ipca.tuning WARNING loocv_sharpe(lam=0.001702, K=3): 16 of 16 fold fits have a singular Sigma_ff at rcond=1.0e-06; their b_MVE drop a factor direction and the stitched Sharpe is fragile
2026-09-06 18:00:20,176 narrative_ipca.tuning WARNING loocv_sharpe(lam=0.002764, K=3): 16 of 16 fold fits have a singular Sigma_ff at rcond=1.0e-06; their b_MVE drop a factor direction and the stitched Sharpe is fragile
2026-09-06 18:00:25,599 narrative_ipca.tuning WARNING loocv_sharpe(lam=0.004488, K=3): 16 of 16 fold fits have a singular Sigma_ff at rcond=1.0e-06; their b_MVE drop a factor direction and the stitched Sharpe is fragile
2026-09-06 18:00:25,892 run_full_study INFO variant loocv: topic_null seed 1 done in 1891s -> pass (n_selected 39.0, oos_sharpe 0.1899479017542345)
2026-09-06 18:00:33,965 narrative_ipca.tuning WARNING loocv_sharpe(lam=0.0002284, K=3): 16 of 16 fold fits have a singular Sigma_ff at rcond=1.0e-06; their b_MVE drop a factor direction and the stitched Sharpe is fragile
2026-09-06 18:00:37,705 narrative_ipca.sparse_ipca WARNING fit_sparse_ipca(lam=5.282e-07, K=3) did not converge in 500 sweeps
2026-09-06 18:00:39,526 narrative_ipca.tuning WARNING loocv_sharpe(lam=0.0003709, K=3): 16 of 16 fold fits have a singular Sigma_ff at rcond=1.0e-06; their b_MVE drop a factor direction and the stitched Sharpe is fragile
2026-09-06 18:00:45,079 narrative_ipca.tuning WARNING loocv_sharpe(lam=0.0006023, K=3): 16 of 16 fold fits have a singular Sigma_ff at rcond=1.0e-06; their b_MVE drop a factor direction and the stitched Sharpe is fragile
2026-09-06 18:00:50,703 narrative_ipca.tuning WARNING loocv_sharpe(lam=0.000978, K=3): 16 of 16 fold fits have a singular Sigma_ff at rcond=1.0e-06; their b_MVE drop a factor direction and the stitched Sharpe is fragile
2026-09-06 18:00:55,908 narrative_ipca.tuning WARNING loocv_sharpe(lam=0.001588, K=3): 16 of 16 fold fits have a singular Sigma_ff at rcond=1.0e-06; their b_MVE drop a factor direction and the stitched Sharpe is fragile
2026-09-06 18:01:00,728 narrative_ipca.tuning WARNING loocv_sharpe(lam=0.002579, K=3): 16 of 16 fold fits have a singular Sigma_ff at rcond=1.0e-06; their b_MVE drop a factor direction and the stitched Sharpe is fragile
2026-09-06 18:01:01,006 narrative_ipca.tuning WARNING loocv_sharpe(lam=0.0001348, K=3): 16 of 16 fold fits have a singular Sigma_ff at rcond=1.0e-06; their b_MVE drop a factor direction and the stitched Sharpe is fragile
2026-09-06 18:01:05,670 narrative_ipca.tuning WARNING loocv_sharpe(lam=0.004187, K=3): 16 of 16 fold fits have a singular Sigma_ff at rcond=1.0e-06; their b_MVE drop a factor direction and the stitched Sharpe is fragile
2026-09-06 18:01:06,741 narrative_ipca.tuning WARNING loocv_sharpe(lam=0.0002189, K=3): 16 of 16 fold fits have a singular Sigma_ff at rcond=1.0e-06; their b_MVE drop a factor direction and the stitched Sharpe is fragile
2026-09-06 18:01:10,865 narrative_ipca.tuning WARNING loocv_sharpe(lam=0.006799, K=3): 16 of 16 fold fits have a singular Sigma_ff at rcond=1.0e-06; their b_MVE drop a factor direction and the stitched Sharpe is fragile
2026-09-06 18:01:12,951 narrative_ipca.tuning WARNING loocv_sharpe(lam=0.0003555, K=3): 16 of 16 fold fits have a singular Sigma_ff at rcond=1.0e-06; their b_MVE drop a factor direction and the stitched Sharpe is fragile
2026-09-06 18:01:15,754 narrative_ipca.tuning WARNING loocv_sharpe(lam=0.01104, K=3): 16 of 16 fold fits have a singular Sigma_ff at rcond=1.0e-06; their b_MVE drop a factor direction and the stitched Sharpe is fragile
2026-09-06 18:01:15,760 narrative_ipca.tuning WARNING tune: the chosen point (lam=0.006799, K=3, 2 selected) has a singular Sigma_ff at rcond=1.0e-06; its loocv_sharpe criterion and b_MVE drop at least one factor direction
2026-09-06 18:01:15,762 narrative_ipca.oos WARNING run_oos: refit 7/8 (lam=0.006799, K=3, 2 selected): Sigma_ff is singular at rcond=1.0e-06, b_MVE drops at least one factor direction; the OOS MVE of this block is fragile
2026-09-06 18:01:18,588 narrative_ipca.tuning WARNING loocv_sharpe(lam=0.0005772, K=3): 16 of 16 fold fits have a singular Sigma_ff at rcond=1.0e-06; their b_MVE drop a factor direction and the stitched Sharpe is fragile
2026-09-06 18:01:24,080 narrative_ipca.tuning WARNING loocv_sharpe(lam=0.0009373, K=3): 16 of 16 fold fits have a singular Sigma_ff at rcond=1.0e-06; their b_MVE drop a factor direction and the stitched Sharpe is fragile
2026-09-06 18:01:26,314 narrative_ipca.sparse_ipca WARNING fit_sparse_ipca(lam=1.127e-06, K=3) did not converge in 500 sweeps
2026-09-06 18:01:30,052 narrative_ipca.tuning WARNING loocv_sharpe(lam=0.001522, K=3): 16 of 16 fold fits have a singular Sigma_ff at rcond=1.0e-06; their b_MVE drop a factor direction and the stitched Sharpe is fragile
2026-09-06 18:01:35,528 narrative_ipca.tuning WARNING loocv_sharpe(lam=0.002471, K=3): 16 of 16 fold fits have a singular Sigma_ff at rcond=1.0e-06; their b_MVE drop a factor direction and the stitched Sharpe is fragile
2026-09-06 18:01:40,953 narrative_ipca.tuning WARNING loocv_sharpe(lam=0.004013, K=3): 16 of 16 fold fits have a singular Sigma_ff at rcond=1.0e-06; their b_MVE drop a factor direction and the stitched Sharpe is fragile
2026-09-06 18:01:46,321 narrative_ipca.tuning WARNING loocv_sharpe(lam=0.006516, K=3): 16 of 16 fold fits have a singular Sigma_ff at rcond=1.0e-06; their b_MVE drop a factor direction and the stitched Sharpe is fragile
2026-09-06 18:01:51,568 narrative_ipca.tuning WARNING loocv_sharpe(lam=0.01058, K=3): 16 of 16 fold fits have a singular Sigma_ff at rcond=1.0e-06; their b_MVE drop a factor direction and the stitched Sharpe is fragile
2026-09-06 18:01:51,576 narrative_ipca.tuning WARNING tune: the chosen point (lam=0.0005772, K=3, 6 selected) has a singular Sigma_ff at rcond=1.0e-06; its loocv_sharpe criterion and b_MVE drop at least one factor direction
2026-09-06 18:01:51,577 narrative_ipca.oos WARNING run_oos: refit 6/8 (lam=0.0005772, K=3, 6 selected): Sigma_ff is singular at rcond=1.0e-06, b_MVE drops at least one factor direction; the OOS MVE of this block is fragile
2026-09-06 18:02:03,166 narrative_ipca.sparse_ipca WARNING fit_sparse_ipca(lam=1.055e-06, K=3) did not converge in 500 sweeps
2026-09-06 18:02:26,518 narrative_ipca.tuning WARNING loocv_sharpe(lam=0.00018, K=3): 16 of 16 fold fits have a singular Sigma_ff at rcond=1.0e-06; their b_MVE drop a factor direction and the stitched Sharpe is fragile
2026-09-06 18:02:32,139 narrative_ipca.tuning WARNING loocv_sharpe(lam=0.0002923, K=3): 16 of 16 fold fits have a singular Sigma_ff at rcond=1.0e-06; their b_MVE drop a factor direction and the stitched Sharpe is fragile
2026-09-06 18:02:35,610 narrative_ipca.tuning WARNING loocv_sharpe(lam=0.0001968, K=3): 16 of 16 fold fits have a singular Sigma_ff at rcond=1.0e-06; their b_MVE drop a factor direction and the stitched Sharpe is fragile
2026-09-06 18:02:37,555 narrative_ipca.tuning WARNING loocv_sharpe(lam=0.0004747, K=3): 16 of 16 fold fits have a singular Sigma_ff at rcond=1.0e-06; their b_MVE drop a factor direction and the stitched Sharpe is fragile
2026-09-06 18:02:41,592 narrative_ipca.tuning WARNING loocv_sharpe(lam=0.0003196, K=3): 16 of 16 fold fits have a singular Sigma_ff at rcond=1.0e-06; their b_MVE drop a factor direction and the stitched Sharpe is fragile
2026-09-06 18:02:42,648 narrative_ipca.tuning WARNING loocv_sharpe(lam=0.0007707, K=3): 16 of 16 fold fits have a singular Sigma_ff at rcond=1.0e-06; their b_MVE drop a factor direction and the stitched Sharpe is fragile
2026-09-06 18:02:47,015 narrative_ipca.tuning WARNING loocv_sharpe(lam=0.0005189, K=3): 16 of 16 fold fits have a singular Sigma_ff at rcond=1.0e-06; their b_MVE drop a factor direction and the stitched Sharpe is fragile
2026-09-06 18:02:47,448 narrative_ipca.tuning WARNING loocv_sharpe(lam=0.001252, K=3): 16 of 16 fold fits have a singular Sigma_ff at rcond=1.0e-06; their b_MVE drop a factor direction and the stitched Sharpe is fragile
2026-09-06 18:02:52,168 narrative_ipca.tuning WARNING loocv_sharpe(lam=0.002032, K=3): 16 of 16 fold fits have a singular Sigma_ff at rcond=1.0e-06; their b_MVE drop a factor direction and the stitched Sharpe is fragile
2026-09-06 18:02:52,560 narrative_ipca.tuning WARNING loocv_sharpe(lam=0.0008426, K=3): 16 of 16 fold fits have a singular Sigma_ff at rcond=1.0e-06; their b_MVE drop a factor direction and the stitched Sharpe is fragile
2026-09-06 18:02:56,691 narrative_ipca.tuning WARNING loocv_sharpe(lam=0.0033, K=3): 16 of 16 fold fits have a singular Sigma_ff at rcond=1.0e-06; their b_MVE drop a factor direction and the stitched Sharpe is fragile
2026-09-06 18:02:57,972 narrative_ipca.tuning WARNING loocv_sharpe(lam=0.001368, K=3): 16 of 16 fold fits have a singular Sigma_ff at rcond=1.0e-06; their b_MVE drop a factor direction and the stitched Sharpe is fragile
2026-09-06 18:03:01,736 narrative_ipca.tuning WARNING loocv_sharpe(lam=0.005358, K=3): 16 of 16 fold fits have a singular Sigma_ff at rcond=1.0e-06; their b_MVE drop a factor direction and the stitched Sharpe is fragile
2026-09-06 18:03:03,657 narrative_ipca.tuning WARNING loocv_sharpe(lam=0.002222, K=3): 16 of 16 fold fits have a singular Sigma_ff at rcond=1.0e-06; their b_MVE drop a factor direction and the stitched Sharpe is fragile
2026-09-06 18:03:09,387 narrative_ipca.tuning WARNING loocv_sharpe(lam=0.003607, K=3): 16 of 16 fold fits have a singular Sigma_ff at rcond=1.0e-06; their b_MVE drop a factor direction and the stitched Sharpe is fragile
2026-09-06 18:03:12,541 narrative_ipca.sparse_ipca WARNING fit_sparse_ipca(lam=5.109e-07, K=3) did not converge in 500 sweeps
2026-09-06 18:03:15,135 narrative_ipca.tuning WARNING loocv_sharpe(lam=0.005858, K=3): 16 of 16 fold fits have a singular Sigma_ff at rcond=1.0e-06; their b_MVE drop a factor direction and the stitched Sharpe is fragile
2026-09-06 18:03:20,670 narrative_ipca.tuning WARNING loocv_sharpe(lam=0.009512, K=3): 16 of 16 fold fits have a singular Sigma_ff at rcond=1.0e-06; their b_MVE drop a factor direction and the stitched Sharpe is fragile
2026-09-06 18:03:32,513 narrative_ipca.sparse_ipca WARNING fit_sparse_ipca(lam=9.759e-07, K=3) did not converge in 500 sweeps
2026-09-06 18:04:09,312 narrative_ipca.tuning WARNING loocv_sharpe(lam=0.0002882, K=3): 16 of 16 fold fits have a singular Sigma_ff at rcond=1.0e-06; their b_MVE drop a factor direction and the stitched Sharpe is fragile
2026-09-06 18:04:14,999 narrative_ipca.tuning WARNING loocv_sharpe(lam=0.000468, K=3): 16 of 16 fold fits have a singular Sigma_ff at rcond=1.0e-06; their b_MVE drop a factor direction and the stitched Sharpe is fragile
2026-09-06 18:04:20,521 narrative_ipca.tuning WARNING loocv_sharpe(lam=0.0007599, K=3): 16 of 16 fold fits have a singular Sigma_ff at rcond=1.0e-06; their b_MVE drop a factor direction and the stitched Sharpe is fragile
2026-09-06 18:04:26,062 narrative_ipca.tuning WARNING loocv_sharpe(lam=0.001234, K=3): 16 of 16 fold fits have a singular Sigma_ff at rcond=1.0e-06; their b_MVE drop a factor direction and the stitched Sharpe is fragile
2026-09-06 18:04:31,442 narrative_ipca.tuning WARNING loocv_sharpe(lam=0.002003, K=3): 16 of 16 fold fits have a singular Sigma_ff at rcond=1.0e-06; their b_MVE drop a factor direction and the stitched Sharpe is fragile
2026-09-06 18:04:36,772 narrative_ipca.tuning WARNING loocv_sharpe(lam=0.003253, K=3): 16 of 16 fold fits have a singular Sigma_ff at rcond=1.0e-06; their b_MVE drop a factor direction and the stitched Sharpe is fragile
2026-09-06 18:04:42,841 narrative_ipca.tuning WARNING loocv_sharpe(lam=0.005282, K=3): 16 of 16 fold fits have a singular Sigma_ff at rcond=1.0e-06; their b_MVE drop a factor direction and the stitched Sharpe is fragile
2026-09-06 18:04:51,251 narrative_ipca.sparse_ipca WARNING fit_sparse_ipca(lam=6.297e-07, K=3) did not converge in 500 sweeps
2026-09-06 18:05:20,376 narrative_ipca.tuning WARNING loocv_sharpe(lam=0.0002332, K=3): 16 of 16 fold fits have a singular Sigma_ff at rcond=1.0e-06; their b_MVE drop a factor direction and the stitched Sharpe is fragile
2026-09-06 18:05:26,098 narrative_ipca.tuning WARNING loocv_sharpe(lam=0.0003786, K=3): 16 of 16 fold fits have a singular Sigma_ff at rcond=1.0e-06; their b_MVE drop a factor direction and the stitched Sharpe is fragile
2026-09-06 18:05:31,914 narrative_ipca.tuning WARNING loocv_sharpe(lam=0.0006148, K=3): 16 of 16 fold fits have a singular Sigma_ff at rcond=1.0e-06; their b_MVE drop a factor direction and the stitched Sharpe is fragile
2026-09-06 18:05:37,719 narrative_ipca.tuning WARNING loocv_sharpe(lam=0.0009983, K=3): 16 of 16 fold fits have a singular Sigma_ff at rcond=1.0e-06; their b_MVE drop a factor direction and the stitched Sharpe is fragile
2026-09-06 18:05:43,536 narrative_ipca.tuning WARNING loocv_sharpe(lam=0.001621, K=3): 16 of 16 fold fits have a singular Sigma_ff at rcond=1.0e-06; their b_MVE drop a factor direction and the stitched Sharpe is fragile
2026-09-06 18:05:47,593 narrative_ipca.sparse_ipca WARNING fit_sparse_ipca(lam=1.347e-06, K=3) did not converge in 500 sweeps
2026-09-06 18:05:49,038 narrative_ipca.tuning WARNING loocv_sharpe(lam=0.002632, K=3): 16 of 16 fold fits have a singular Sigma_ff at rcond=1.0e-06; their b_MVE drop a factor direction and the stitched Sharpe is fragile
2026-09-06 18:05:54,005 narrative_ipca.sparse_ipca WARNING fit_sparse_ipca(lam=6.297e-07, K=3) did not converge in 500 sweeps
2026-09-06 18:05:54,428 narrative_ipca.tuning WARNING loocv_sharpe(lam=0.004274, K=3): 16 of 16 fold fits have a singular Sigma_ff at rcond=1.0e-06; their b_MVE drop a factor direction and the stitched Sharpe is fragile
2026-09-06 18:05:59,381 narrative_ipca.tuning WARNING loocv_sharpe(lam=0.00694, K=3): 16 of 16 fold fits have a singular Sigma_ff at rcond=1.0e-06; their b_MVE drop a factor direction and the stitched Sharpe is fragile
2026-09-06 18:06:04,337 narrative_ipca.tuning WARNING loocv_sharpe(lam=0.01127, K=3): 16 of 16 fold fits have a singular Sigma_ff at rcond=1.0e-06; their b_MVE drop a factor direction and the stitched Sharpe is fragile
2026-09-06 18:06:04,644 run_full_study INFO variant loocv: baseline seed 0 done in 2230s -> FAIL (n_selected 7.0, oos_sharpe 0.8160110524744746)
2026-09-06 18:06:16,457 narrative_ipca.sparse_ipca WARNING fit_sparse_ipca(lam=1.117e-06, K=3) did not converge in 500 sweeps
2026-09-06 18:06:21,543 narrative_ipca.tuning WARNING loocv_sharpe(lam=0.0001344, K=3): 16 of 16 fold fits have a singular Sigma_ff at rcond=1.0e-06; their b_MVE drop a factor direction and the stitched Sharpe is fragile
2026-09-06 18:06:27,820 narrative_ipca.tuning WARNING loocv_sharpe(lam=0.0002183, K=3): 16 of 16 fold fits have a singular Sigma_ff at rcond=1.0e-06; their b_MVE drop a factor direction and the stitched Sharpe is fragile
2026-09-06 18:06:34,711 narrative_ipca.tuning WARNING loocv_sharpe(lam=0.0003545, K=3): 16 of 16 fold fits have a singular Sigma_ff at rcond=1.0e-06; their b_MVE drop a factor direction and the stitched Sharpe is fragile
2026-09-06 18:06:40,877 narrative_ipca.tuning WARNING loocv_sharpe(lam=0.0005756, K=3): 16 of 16 fold fits have a singular Sigma_ff at rcond=1.0e-06; their b_MVE drop a factor direction and the stitched Sharpe is fragile
2026-09-06 18:06:47,081 narrative_ipca.tuning WARNING loocv_sharpe(lam=0.0009346, K=3): 16 of 16 fold fits have a singular Sigma_ff at rcond=1.0e-06; their b_MVE drop a factor direction and the stitched Sharpe is fragile
2026-09-06 18:06:53,108 narrative_ipca.tuning WARNING loocv_sharpe(lam=0.001518, K=3): 16 of 16 fold fits have a singular Sigma_ff at rcond=1.0e-06; their b_MVE drop a factor direction and the stitched Sharpe is fragile
2026-09-06 18:06:58,647 narrative_ipca.tuning WARNING loocv_sharpe(lam=0.002464, K=3): 16 of 16 fold fits have a singular Sigma_ff at rcond=1.0e-06; their b_MVE drop a factor direction and the stitched Sharpe is fragile
2026-09-06 18:07:04,327 narrative_ipca.tuning WARNING loocv_sharpe(lam=0.004001, K=3): 16 of 16 fold fits have a singular Sigma_ff at rcond=1.0e-06; their b_MVE drop a factor direction and the stitched Sharpe is fragile
2026-09-06 18:07:09,596 narrative_ipca.tuning WARNING loocv_sharpe(lam=0.006497, K=3): 16 of 16 fold fits have a singular Sigma_ff at rcond=1.0e-06; their b_MVE drop a factor direction and the stitched Sharpe is fragile
2026-09-06 18:07:10,604 narrative_ipca.sparse_ipca WARNING fit_sparse_ipca(lam=1.66e-06, K=3) did not converge in 500 sweeps
2026-09-06 18:07:14,772 narrative_ipca.tuning WARNING loocv_sharpe(lam=0.01055, K=3): 16 of 16 fold fits have a singular Sigma_ff at rcond=1.0e-06; their b_MVE drop a factor direction and the stitched Sharpe is fragile
2026-09-06 18:07:26,340 narrative_ipca.sparse_ipca WARNING fit_sparse_ipca(lam=1.053e-06, K=3) did not converge in 500 sweeps
2026-09-06 18:07:40,294 narrative_ipca.tuning WARNING loocv_sharpe(lam=0.0002019, K=3): 16 of 16 fold fits have a singular Sigma_ff at rcond=1.0e-06; their b_MVE drop a factor direction and the stitched Sharpe is fragile
2026-09-06 18:07:42,191 narrative_ipca.sparse_ipca WARNING fit_sparse_ipca(lam=2.696e-06, K=3) did not converge in 500 sweeps
2026-09-06 18:07:46,707 narrative_ipca.tuning WARNING loocv_sharpe(lam=0.0003279, K=3): 16 of 16 fold fits have a singular Sigma_ff at rcond=1.0e-06; their b_MVE drop a factor direction and the stitched Sharpe is fragile
2026-09-06 18:07:52,858 narrative_ipca.tuning WARNING loocv_sharpe(lam=0.0005324, K=3): 16 of 16 fold fits have a singular Sigma_ff at rcond=1.0e-06; their b_MVE drop a factor direction and the stitched Sharpe is fragile
2026-09-06 18:07:57,128 run_full_study INFO variant loocv: no_factor seed 0 done in 2342s -> FAIL (n_selected 96.0, oos_sharpe -0.36139740371810053)
2026-09-06 18:07:59,056 narrative_ipca.tuning WARNING loocv_sharpe(lam=0.0008645, K=3): 16 of 16 fold fits have a singular Sigma_ff at rcond=1.0e-06; their b_MVE drop a factor direction and the stitched Sharpe is fragile
2026-09-06 18:08:05,511 narrative_ipca.tuning WARNING loocv_sharpe(lam=0.001404, K=3): 16 of 16 fold fits have a singular Sigma_ff at rcond=1.0e-06; their b_MVE drop a factor direction and the stitched Sharpe is fragile
2026-09-06 18:08:06,961 narrative_ipca.sparse_ipca WARNING fit_sparse_ipca(lam=4.378e-06, K=3) did not converge in 500 sweeps
2026-09-06 18:08:09,060 narrative_ipca.sparse_ipca WARNING fit_sparse_ipca(lam=9.741e-07, K=3) did not converge in 500 sweeps
2026-09-06 18:08:11,185 narrative_ipca.tuning WARNING loocv_sharpe(lam=0.002279, K=3): 16 of 16 fold fits have a singular Sigma_ff at rcond=1.0e-06; their b_MVE drop a factor direction and the stitched Sharpe is fragile
2026-09-06 18:08:16,819 narrative_ipca.tuning WARNING loocv_sharpe(lam=0.003701, K=3): 16 of 16 fold fits have a singular Sigma_ff at rcond=1.0e-06; their b_MVE drop a factor direction and the stitched Sharpe is fragile
2026-09-06 18:08:22,408 narrative_ipca.tuning WARNING loocv_sharpe(lam=0.00601, K=3): 16 of 16 fold fits have a singular Sigma_ff at rcond=1.0e-06; their b_MVE drop a factor direction and the stitched Sharpe is fragile
2026-09-06 18:08:28,021 narrative_ipca.tuning WARNING loocv_sharpe(lam=0.009759, K=3): 16 of 16 fold fits have a singular Sigma_ff at rcond=1.0e-06; their b_MVE drop a factor direction and the stitched Sharpe is fragile
2026-09-06 18:08:28,029 narrative_ipca.tuning WARNING tune: the chosen point (lam=0.009759, K=3, 1 selected) has a singular Sigma_ff at rcond=1.0e-06; its loocv_sharpe criterion and b_MVE drop at least one factor direction
2026-09-06 18:08:28,030 narrative_ipca.oos WARNING run_oos: refit 8/8 (lam=0.009759, K=3, 1 selected): Sigma_ff is singular at rcond=1.0e-06, b_MVE drops at least one factor direction; the OOS MVE of this block is fragile
2026-09-06 18:08:28,334 run_full_study INFO variant loocv: baseline seed 1 done in 2374s -> FAIL (n_selected 3.0, oos_sharpe 0.4460909842082422)
2026-09-06 18:08:31,129 narrative_ipca.tuning WARNING loocv_sharpe(lam=0.0001717, K=3): 16 of 16 fold fits have a singular Sigma_ff at rcond=1.0e-06; their b_MVE drop a factor direction and the stitched Sharpe is fragile
2026-09-06 18:08:36,719 narrative_ipca.tuning WARNING loocv_sharpe(lam=0.0002788, K=3): 16 of 16 fold fits have a singular Sigma_ff at rcond=1.0e-06; their b_MVE drop a factor direction and the stitched Sharpe is fragile
2026-09-06 18:08:41,063 narrative_ipca.sparse_ipca WARNING fit_sparse_ipca(lam=1.051e-06, K=3) did not converge in 500 sweeps
2026-09-06 18:08:42,427 narrative_ipca.tuning WARNING loocv_sharpe(lam=0.0004526, K=3): 16 of 16 fold fits have a singular Sigma_ff at rcond=1.0e-06; their b_MVE drop a factor direction and the stitched Sharpe is fragile
2026-09-06 18:08:48,115 narrative_ipca.tuning WARNING loocv_sharpe(lam=0.000735, K=3): 16 of 16 fold fits have a singular Sigma_ff at rcond=1.0e-06; their b_MVE drop a factor direction and the stitched Sharpe is fragile
2026-09-06 18:08:54,015 narrative_ipca.tuning WARNING loocv_sharpe(lam=0.001193, K=3): 16 of 16 fold fits have a singular Sigma_ff at rcond=1.0e-06; their b_MVE drop a factor direction and the stitched Sharpe is fragile
2026-09-06 18:08:59,373 narrative_ipca.tuning WARNING loocv_sharpe(lam=0.001938, K=3): 16 of 16 fold fits have a singular Sigma_ff at rcond=1.0e-06; their b_MVE drop a factor direction and the stitched Sharpe is fragile
2026-09-06 18:09:04,532 narrative_ipca.tuning WARNING loocv_sharpe(lam=0.003147, K=3): 16 of 16 fold fits have a singular Sigma_ff at rcond=1.0e-06; their b_MVE drop a factor direction and the stitched Sharpe is fragile
2026-09-06 18:09:09,922 narrative_ipca.tuning WARNING loocv_sharpe(lam=0.005109, K=3): 16 of 16 fold fits have a singular Sigma_ff at rcond=1.0e-06; their b_MVE drop a factor direction and the stitched Sharpe is fragile
2026-09-06 18:09:21,065 narrative_ipca.sparse_ipca WARNING fit_sparse_ipca(lam=4.901e-07, K=3) did not converge in 500 sweeps
2026-09-06 18:10:02,130 narrative_ipca.tuning WARNING loocv_sharpe(lam=0.0002116, K=3): 16 of 16 fold fits have a singular Sigma_ff at rcond=1.0e-06; their b_MVE drop a factor direction and the stitched Sharpe is fragile
2026-09-06 18:10:06,334 narrative_ipca.tuning WARNING loocv_sharpe(lam=0.0003435, K=3): 16 of 16 fold fits have a singular Sigma_ff at rcond=1.0e-06; their b_MVE drop a factor direction and the stitched Sharpe is fragile
2026-09-06 18:10:10,318 narrative_ipca.tuning WARNING loocv_sharpe(lam=0.0005578, K=3): 16 of 16 fold fits have a singular Sigma_ff at rcond=1.0e-06; their b_MVE drop a factor direction and the stitched Sharpe is fragile
2026-09-06 18:10:13,830 narrative_ipca.tuning WARNING loocv_sharpe(lam=0.0009058, K=3): 16 of 16 fold fits have a singular Sigma_ff at rcond=1.0e-06; their b_MVE drop a factor direction and the stitched Sharpe is fragile
2026-09-06 18:10:17,062 narrative_ipca.tuning WARNING loocv_sharpe(lam=0.001471, K=3): 16 of 16 fold fits have a singular Sigma_ff at rcond=1.0e-06; their b_MVE drop a factor direction and the stitched Sharpe is fragile
2026-09-06 18:10:20,211 narrative_ipca.tuning WARNING loocv_sharpe(lam=0.002388, K=3): 16 of 16 fold fits have a singular Sigma_ff at rcond=1.0e-06; their b_MVE drop a factor direction and the stitched Sharpe is fragile
2026-09-06 18:10:23,088 run_full_study INFO variant loocv: no_factor seed 1 done in 2488s -> FAIL (n_selected 6.0, oos_sharpe -0.5041050964099513)
2026-09-06 18:10:23,127 narrative_ipca.tuning WARNING loocv_sharpe(lam=0.003878, K=3): 16 of 16 fold fits have a singular Sigma_ff at rcond=1.0e-06; their b_MVE drop a factor direction and the stitched Sharpe is fragile
2026-09-06 18:10:24,037 narrative_ipca.tuning WARNING loocv_sharpe(lam=0.0002311, K=3): 16 of 16 fold fits have a singular Sigma_ff at rcond=1.0e-06; their b_MVE drop a factor direction and the stitched Sharpe is fragile
2026-09-06 18:10:27,727 narrative_ipca.tuning WARNING loocv_sharpe(lam=0.006297, K=3): 16 of 16 fold fits have a singular Sigma_ff at rcond=1.0e-06; their b_MVE drop a factor direction and the stitched Sharpe is fragile
2026-09-06 18:10:29,927 narrative_ipca.tuning WARNING loocv_sharpe(lam=0.0003752, K=3): 16 of 16 fold fits have a singular Sigma_ff at rcond=1.0e-06; their b_MVE drop a factor direction and the stitched Sharpe is fragile
2026-09-06 18:10:35,477 narrative_ipca.tuning WARNING loocv_sharpe(lam=0.0006092, K=3): 16 of 16 fold fits have a singular Sigma_ff at rcond=1.0e-06; their b_MVE drop a factor direction and the stitched Sharpe is fragile
2026-09-06 18:10:35,481 narrative_ipca.sparse_ipca WARNING fit_sparse_ipca(lam=1.057e-06, K=3) did not converge in 500 sweeps
2026-09-06 18:10:36,069 narrative_ipca.sparse_ipca WARNING fit_sparse_ipca(lam=5.999e-07, K=3) did not converge in 500 sweeps
2026-09-06 18:10:41,158 narrative_ipca.tuning WARNING loocv_sharpe(lam=0.0009892, K=3): 16 of 16 fold fits have a singular Sigma_ff at rcond=1.0e-06; their b_MVE drop a factor direction and the stitched Sharpe is fragile
2026-09-06 18:10:46,483 narrative_ipca.tuning WARNING loocv_sharpe(lam=0.001606, K=3): 16 of 16 fold fits have a singular Sigma_ff at rcond=1.0e-06; their b_MVE drop a factor direction and the stitched Sharpe is fragile
2026-09-06 18:10:51,646 narrative_ipca.tuning WARNING loocv_sharpe(lam=0.002608, K=3): 16 of 16 fold fits have a singular Sigma_ff at rcond=1.0e-06; their b_MVE drop a factor direction and the stitched Sharpe is fragile
2026-09-06 18:10:56,812 narrative_ipca.tuning WARNING loocv_sharpe(lam=0.004235, K=3): 16 of 16 fold fits have a singular Sigma_ff at rcond=1.0e-06; their b_MVE drop a factor direction and the stitched Sharpe is fragile
2026-09-06 18:11:01,680 narrative_ipca.tuning WARNING loocv_sharpe(lam=0.006877, K=3): 16 of 16 fold fits have a singular Sigma_ff at rcond=1.0e-06; their b_MVE drop a factor direction and the stitched Sharpe is fragile
2026-09-06 18:11:06,672 narrative_ipca.tuning WARNING loocv_sharpe(lam=0.01117, K=3): 16 of 16 fold fits have a singular Sigma_ff at rcond=1.0e-06; their b_MVE drop a factor direction and the stitched Sharpe is fragile
2026-09-06 18:11:06,679 narrative_ipca.tuning WARNING tune: the chosen point (lam=0.0002311, K=3, 7 selected) has a singular Sigma_ff at rcond=1.0e-06; its loocv_sharpe criterion and b_MVE drop at least one factor direction
2026-09-06 18:11:06,685 narrative_ipca.wrapup WARNING recover_A: rank deficient (non-zero rows 7, rank(Gamma_tilde) 2, rank(Sigma_ff) 2, K 3); A is a minimum-norm solution
2026-09-06 18:11:06,690 narrative_ipca.pipeline WARNING step 7 wrapup: rank deficient (7 narratives selected for K=3); A and the states are minimum-norm solutions, continuing
2026-09-06 18:11:14,611 narrative_ipca.sparse_ipca WARNING fit_sparse_ipca(lam=1.227e-06, K=3) did not converge in 500 sweeps
2026-09-06 18:11:24,157 narrative_ipca.sparse_ipca WARNING fit_sparse_ipca(lam=7.958e-07, K=3) did not converge in 500 sweeps
2026-09-06 18:11:44,608 narrative_ipca.tuning WARNING loocv_sharpe(lam=0.0002015, K=3): 16 of 16 fold fits have a singular Sigma_ff at rcond=1.0e-06; their b_MVE drop a factor direction and the stitched Sharpe is fragile
2026-09-06 18:11:44,898 narrative_ipca.tuning WARNING loocv_sharpe(lam=0.0001342, K=3): 16 of 16 fold fits have a singular Sigma_ff at rcond=1.0e-06; their b_MVE drop a factor direction and the stitched Sharpe is fragile
2026-09-06 18:11:49,463 narrative_ipca.tuning WARNING loocv_sharpe(lam=0.0003273, K=3): 16 of 16 fold fits have a singular Sigma_ff at rcond=1.0e-06; their b_MVE drop a factor direction and the stitched Sharpe is fragile
2026-09-06 18:11:50,348 narrative_ipca.tuning WARNING loocv_sharpe(lam=0.0002179, K=3): 16 of 16 fold fits have a singular Sigma_ff at rcond=1.0e-06; their b_MVE drop a factor direction and the stitched Sharpe is fragile
2026-09-06 18:11:54,104 narrative_ipca.tuning WARNING loocv_sharpe(lam=0.0005314, K=3): 16 of 16 fold fits have a singular Sigma_ff at rcond=1.0e-06; their b_MVE drop a factor direction and the stitched Sharpe is fragile
2026-09-06 18:11:55,919 narrative_ipca.tuning WARNING loocv_sharpe(lam=0.0003538, K=3): 16 of 16 fold fits have a singular Sigma_ff at rcond=1.0e-06; their b_MVE drop a factor direction and the stitched Sharpe is fragile
2026-09-06 18:11:58,917 narrative_ipca.tuning WARNING loocv_sharpe(lam=0.0008629, K=3): 16 of 16 fold fits have a singular Sigma_ff at rcond=1.0e-06; their b_MVE drop a factor direction and the stitched Sharpe is fragile
2026-09-06 18:12:01,227 narrative_ipca.tuning WARNING loocv_sharpe(lam=0.0005745, K=3): 16 of 16 fold fits have a singular Sigma_ff at rcond=1.0e-06; their b_MVE drop a factor direction and the stitched Sharpe is fragile
2026-09-06 18:12:03,602 narrative_ipca.tuning WARNING loocv_sharpe(lam=0.001401, K=3): 16 of 16 fold fits have a singular Sigma_ff at rcond=1.0e-06; their b_MVE drop a factor direction and the stitched Sharpe is fragile
2026-09-06 18:12:06,627 narrative_ipca.tuning WARNING loocv_sharpe(lam=0.0009328, K=3): 16 of 16 fold fits have a singular Sigma_ff at rcond=1.0e-06; their b_MVE drop a factor direction and the stitched Sharpe is fragile
2026-09-06 18:12:08,538 narrative_ipca.tuning WARNING loocv_sharpe(lam=0.002275, K=3): 16 of 16 fold fits have a singular Sigma_ff at rcond=1.0e-06; their b_MVE drop a factor direction and the stitched Sharpe is fragile
2026-09-06 18:12:11,975 narrative_ipca.tuning WARNING loocv_sharpe(lam=0.001515, K=3): 16 of 16 fold fits have a singular Sigma_ff at rcond=1.0e-06; their b_MVE drop a factor direction and the stitched Sharpe is fragile
2026-09-06 18:12:13,132 narrative_ipca.tuning WARNING loocv_sharpe(lam=0.003694, K=3): 16 of 16 fold fits have a singular Sigma_ff at rcond=1.0e-06; their b_MVE drop a factor direction and the stitched Sharpe is fragile
2026-09-06 18:12:17,209 narrative_ipca.tuning WARNING loocv_sharpe(lam=0.00246, K=3): 16 of 16 fold fits have a singular Sigma_ff at rcond=1.0e-06; their b_MVE drop a factor direction and the stitched Sharpe is fragile
2026-09-06 18:12:17,502 narrative_ipca.tuning WARNING loocv_sharpe(lam=0.005999, K=3): 16 of 16 fold fits have a singular Sigma_ff at rcond=1.0e-06; their b_MVE drop a factor direction and the stitched Sharpe is fragile
2026-09-06 18:12:21,879 narrative_ipca.tuning WARNING loocv_sharpe(lam=0.009741, K=3): 16 of 16 fold fits have a singular Sigma_ff at rcond=1.0e-06; their b_MVE drop a factor direction and the stitched Sharpe is fragile
2026-09-06 18:12:21,884 narrative_ipca.tuning WARNING tune: the chosen point (lam=0.0005314, K=3, 4 selected) has a singular Sigma_ff at rcond=1.0e-06; its loocv_sharpe criterion and b_MVE drop at least one factor direction
2026-09-06 18:12:21,888 narrative_ipca.wrapup WARNING recover_A: rank deficient (non-zero rows 4, rank(Gamma_tilde) 1, rank(Sigma_ff) 1, K 3); A is a minimum-norm solution
2026-09-06 18:12:21,891 narrative_ipca.pipeline WARNING step 7 wrapup: rank deficient (4 narratives selected for K=3); A and the states are minimum-norm solutions, continuing
2026-09-06 18:12:22,264 narrative_ipca.tuning WARNING loocv_sharpe(lam=0.003994, K=3): 16 of 16 fold fits have a singular Sigma_ff at rcond=1.0e-06; their b_MVE drop a factor direction and the stitched Sharpe is fragile
2026-09-06 18:12:27,188 narrative_ipca.tuning WARNING loocv_sharpe(lam=0.006485, K=3): 16 of 16 fold fits have a singular Sigma_ff at rcond=1.0e-06; their b_MVE drop a factor direction and the stitched Sharpe is fragile
2026-09-06 18:12:29,510 narrative_ipca.sparse_ipca WARNING fit_sparse_ipca(lam=9.542e-07, K=3) did not converge in 500 sweeps
2026-09-06 18:12:31,954 narrative_ipca.tuning WARNING loocv_sharpe(lam=0.01053, K=3): 16 of 16 fold fits have a singular Sigma_ff at rcond=1.0e-06; their b_MVE drop a factor direction and the stitched Sharpe is fragile
2026-09-06 18:12:32,234 run_full_study INFO variant loocv: baseline seed 2 done in 2617s -> FAIL (n_selected 118.0, oos_sharpe 0.5953403549547219)
2026-09-06 18:12:43,979 narrative_ipca.sparse_ipca WARNING fit_sparse_ipca(lam=9.39e-07, K=3) did not converge in 500 sweeps
2026-09-06 18:12:48,851 narrative_ipca.tuning WARNING loocv_sharpe(lam=0.000134, K=3): 16 of 16 fold fits have a singular Sigma_ff at rcond=1.0e-06; their b_MVE drop a factor direction and the stitched Sharpe is fragile
2026-09-06 18:12:54,876 narrative_ipca.tuning WARNING loocv_sharpe(lam=0.0002175, K=3): 16 of 16 fold fits have a singular Sigma_ff at rcond=1.0e-06; their b_MVE drop a factor direction and the stitched Sharpe is fragile
2026-09-06 18:13:00,772 narrative_ipca.tuning WARNING loocv_sharpe(lam=0.0003532, K=3): 16 of 16 fold fits have a singular Sigma_ff at rcond=1.0e-06; their b_MVE drop a factor direction and the stitched Sharpe is fragile
2026-09-06 18:13:06,147 narrative_ipca.tuning WARNING loocv_sharpe(lam=0.0005735, K=3): 16 of 16 fold fits have a singular Sigma_ff at rcond=1.0e-06; their b_MVE drop a factor direction and the stitched Sharpe is fragile
2026-09-06 18:13:11,925 narrative_ipca.tuning WARNING loocv_sharpe(lam=0.0009313, K=3): 16 of 16 fold fits have a singular Sigma_ff at rcond=1.0e-06; their b_MVE drop a factor direction and the stitched Sharpe is fragile
2026-09-06 18:13:17,880 narrative_ipca.tuning WARNING loocv_sharpe(lam=0.001512, K=3): 16 of 16 fold fits have a singular Sigma_ff at rcond=1.0e-06; their b_MVE drop a factor direction and the stitched Sharpe is fragile
2026-09-06 18:13:23,788 narrative_ipca.tuning WARNING loocv_sharpe(lam=0.002455, K=3): 16 of 16 fold fits have a singular Sigma_ff at rcond=1.0e-06; their b_MVE drop a factor direction and the stitched Sharpe is fragile
2026-09-06 18:13:28,118 narrative_ipca.tuning WARNING loocv_sharpe(lam=0.0001647, K=3): 16 of 16 fold fits have a singular Sigma_ff at rcond=1.0e-06; their b_MVE drop a factor direction and the stitched Sharpe is fragile
2026-09-06 18:13:29,040 narrative_ipca.tuning WARNING loocv_sharpe(lam=0.003987, K=3): 16 of 16 fold fits have a singular Sigma_ff at rcond=1.0e-06; their b_MVE drop a factor direction and the stitched Sharpe is fragile
2026-09-06 18:13:33,419 narrative_ipca.tuning WARNING loocv_sharpe(lam=0.0002674, K=3): 16 of 16 fold fits have a singular Sigma_ff at rcond=1.0e-06; their b_MVE drop a factor direction and the stitched Sharpe is fragile
2026-09-06 18:13:34,483 narrative_ipca.tuning WARNING loocv_sharpe(lam=0.006474, K=3): 16 of 16 fold fits have a singular Sigma_ff at rcond=1.0e-06; their b_MVE drop a factor direction and the stitched Sharpe is fragile
2026-09-06 18:13:38,611 narrative_ipca.tuning WARNING loocv_sharpe(lam=0.0004341, K=3): 16 of 16 fold fits have a singular Sigma_ff at rcond=1.0e-06; their b_MVE drop a factor direction and the stitched Sharpe is fragile
2026-09-06 18:13:39,785 narrative_ipca.tuning WARNING loocv_sharpe(lam=0.01051, K=3): 16 of 16 fold fits have a singular Sigma_ff at rcond=1.0e-06; their b_MVE drop a factor direction and the stitched Sharpe is fragile
2026-09-06 18:13:43,799 narrative_ipca.tuning WARNING loocv_sharpe(lam=0.0007049, K=3): 16 of 16 fold fits have a singular Sigma_ff at rcond=1.0e-06; their b_MVE drop a factor direction and the stitched Sharpe is fragile
2026-09-06 18:13:48,029 narrative_ipca.sparse_ipca WARNING fit_sparse_ipca(lam=1.141e-06, K=3) did not converge in 500 sweeps
2026-09-06 18:13:48,934 narrative_ipca.tuning WARNING loocv_sharpe(lam=0.001145, K=3): 16 of 16 fold fits have a singular Sigma_ff at rcond=1.0e-06; their b_MVE drop a factor direction and the stitched Sharpe is fragile
2026-09-06 18:13:53,166 narrative_ipca.tuning WARNING loocv_sharpe(lam=0.0001564, K=3): 16 of 16 fold fits have a singular Sigma_ff at rcond=1.0e-06; their b_MVE drop a factor direction and the stitched Sharpe is fragile
2026-09-06 18:13:54,115 narrative_ipca.tuning WARNING loocv_sharpe(lam=0.001859, K=3): 16 of 16 fold fits have a singular Sigma_ff at rcond=1.0e-06; their b_MVE drop a factor direction and the stitched Sharpe is fragile
2026-09-06 18:13:57,057 narrative_ipca.tuning WARNING loocv_sharpe(lam=0.0002539, K=3): 16 of 16 fold fits have a singular Sigma_ff at rcond=1.0e-06; their b_MVE drop a factor direction and the stitched Sharpe is fragile
2026-09-06 18:13:59,271 narrative_ipca.tuning WARNING loocv_sharpe(lam=0.003018, K=3): 16 of 16 fold fits have a singular Sigma_ff at rcond=1.0e-06; their b_MVE drop a factor direction and the stitched Sharpe is fragile
2026-09-06 18:14:00,593 narrative_ipca.tuning WARNING loocv_sharpe(lam=0.0004123, K=3): 16 of 16 fold fits have a singular Sigma_ff at rcond=1.0e-06; their b_MVE drop a factor direction and the stitched Sharpe is fragile
2026-09-06 18:14:04,136 narrative_ipca.tuning WARNING loocv_sharpe(lam=0.0006695, K=3): 16 of 16 fold fits have a singular Sigma_ff at rcond=1.0e-06; their b_MVE drop a factor direction and the stitched Sharpe is fragile
2026-09-06 18:14:04,156 narrative_ipca.tuning WARNING loocv_sharpe(lam=0.004901, K=3): 16 of 16 fold fits have a singular Sigma_ff at rcond=1.0e-06; their b_MVE drop a factor direction and the stitched Sharpe is fragile
2026-09-06 18:14:07,549 narrative_ipca.tuning WARNING loocv_sharpe(lam=0.001087, K=3): 16 of 16 fold fits have a singular Sigma_ff at rcond=1.0e-06; their b_MVE drop a factor direction and the stitched Sharpe is fragile
2026-09-06 18:14:11,076 narrative_ipca.tuning WARNING loocv_sharpe(lam=0.001765, K=3): 16 of 16 fold fits have a singular Sigma_ff at rcond=1.0e-06; their b_MVE drop a factor direction and the stitched Sharpe is fragile
2026-09-06 18:14:14,457 narrative_ipca.tuning WARNING loocv_sharpe(lam=0.002866, K=3): 16 of 16 fold fits have a singular Sigma_ff at rcond=1.0e-06; their b_MVE drop a factor direction and the stitched Sharpe is fragile
2026-09-06 18:14:14,719 narrative_ipca.sparse_ipca WARNING fit_sparse_ipca(lam=4.74e-07, K=3) did not converge in 500 sweeps
2026-09-06 18:14:17,488 narrative_ipca.tuning WARNING loocv_sharpe(lam=0.004654, K=3): 16 of 16 fold fits have a singular Sigma_ff at rcond=1.0e-06; their b_MVE drop a factor direction and the stitched Sharpe is fragile
2026-09-06 18:14:20,409 narrative_ipca.tuning WARNING loocv_sharpe(lam=0.007557, K=3): 16 of 16 fold fits have a singular Sigma_ff at rcond=1.0e-06; their b_MVE drop a factor direction and the stitched Sharpe is fragile
2026-09-06 18:14:23,118 narrative_ipca.tuning WARNING loocv_sharpe(lam=0.01227, K=3): 16 of 16 fold fits have a singular Sigma_ff at rcond=1.0e-06; their b_MVE drop a factor direction and the stitched Sharpe is fragile
2026-09-06 18:14:31,130 narrative_ipca.sparse_ipca WARNING fit_sparse_ipca(lam=1.205e-06, K=3) did not converge in 500 sweeps
2026-09-06 18:14:32,110 narrative_ipca.tuning WARNING loocv_sharpe(lam=0.0001347, K=3): 16 of 16 fold fits have a singular Sigma_ff at rcond=1.0e-06; their b_MVE drop a factor direction and the stitched Sharpe is fragile
2026-09-06 18:14:38,009 narrative_ipca.tuning WARNING loocv_sharpe(lam=0.0002187, K=3): 16 of 16 fold fits have a singular Sigma_ff at rcond=1.0e-06; their b_MVE drop a factor direction and the stitched Sharpe is fragile
2026-09-06 18:14:43,925 narrative_ipca.tuning WARNING loocv_sharpe(lam=0.0003551, K=3): 16 of 16 fold fits have a singular Sigma_ff at rcond=1.0e-06; their b_MVE drop a factor direction and the stitched Sharpe is fragile
2026-09-06 18:14:49,800 narrative_ipca.tuning WARNING loocv_sharpe(lam=0.0005766, K=3): 16 of 16 fold fits have a singular Sigma_ff at rcond=1.0e-06; their b_MVE drop a factor direction and the stitched Sharpe is fragile
2026-09-06 18:14:50,774 narrative_ipca.tuning WARNING loocv_sharpe(lam=0.0002016, K=3): 16 of 16 fold fits have a singular Sigma_ff at rcond=1.0e-06; their b_MVE drop a factor direction and the stitched Sharpe is fragile
2026-09-06 18:14:54,270 narrative_ipca.tuning WARNING loocv_sharpe(lam=0.0003273, K=3): 16 of 16 fold fits have a singular Sigma_ff at rcond=1.0e-06; their b_MVE drop a factor direction and the stitched Sharpe is fragile
2026-09-06 18:14:55,401 narrative_ipca.tuning WARNING loocv_sharpe(lam=0.0009363, K=3): 16 of 16 fold fits have a singular Sigma_ff at rcond=1.0e-06; their b_MVE drop a factor direction and the stitched Sharpe is fragile
2026-09-06 18:14:57,499 narrative_ipca.tuning WARNING loocv_sharpe(lam=0.0005315, K=3): 16 of 16 fold fits have a singular Sigma_ff at rcond=1.0e-06; their b_MVE drop a factor direction and the stitched Sharpe is fragile
2026-09-06 18:14:58,880 run_full_study INFO variant loocv: no_factor seed 2 done in 2764s -> FAIL (n_selected 120.0, oos_sharpe 0.038008153229865414)
2026-09-06 18:15:00,494 narrative_ipca.tuning WARNING loocv_sharpe(lam=0.000863, K=3): 16 of 16 fold fits have a singular Sigma_ff at rcond=1.0e-06; their b_MVE drop a factor direction and the stitched Sharpe is fragile
2026-09-06 18:15:00,716 narrative_ipca.tuning WARNING loocv_sharpe(lam=0.00152, K=3): 16 of 16 fold fits have a singular Sigma_ff at rcond=1.0e-06; their b_MVE drop a factor direction and the stitched Sharpe is fragile
2026-09-06 18:15:03,610 narrative_ipca.tuning WARNING loocv_sharpe(lam=0.001401, K=3): 16 of 16 fold fits have a singular Sigma_ff at rcond=1.0e-06; their b_MVE drop a factor direction and the stitched Sharpe is fragile
2026-09-06 18:15:04,204 narrative_ipca.tuning WARNING loocv_sharpe(lam=0.0001974, K=3): 16 of 16 fold fits have a singular Sigma_ff at rcond=1.0e-06; their b_MVE drop a factor direction and the stitched Sharpe is fragile
2026-09-06 18:15:06,089 narrative_ipca.tuning WARNING loocv_sharpe(lam=0.002469, K=3): 16 of 16 fold fits have a singular Sigma_ff at rcond=1.0e-06; their b_MVE drop a factor direction and the stitched Sharpe is fragile
2026-09-06 18:15:06,558 narrative_ipca.tuning WARNING loocv_sharpe(lam=0.002275, K=3): 16 of 16 fold fits have a singular Sigma_ff at rcond=1.0e-06; their b_MVE drop a factor direction and the stitched Sharpe is fragile
2026-09-06 18:15:07,370 narrative_ipca.tuning WARNING loocv_sharpe(lam=0.0003206, K=3): 16 of 16 fold fits have a singular Sigma_ff at rcond=1.0e-06; their b_MVE drop a factor direction and the stitched Sharpe is fragile
2026-09-06 18:15:09,267 narrative_ipca.sparse_ipca WARNING fit_sparse_ipca(lam=9.964e-07, K=3) did not converge in 500 sweeps
2026-09-06 18:15:09,364 narrative_ipca.tuning WARNING loocv_sharpe(lam=0.003695, K=3): 16 of 16 fold fits have a singular Sigma_ff at rcond=1.0e-06; their b_MVE drop a factor direction and the stitched Sharpe is fragile
2026-09-06 18:15:10,340 narrative_ipca.tuning WARNING loocv_sharpe(lam=0.0005205, K=3): 16 of 16 fold fits have a singular Sigma_ff at rcond=1.0e-06; their b_MVE drop a factor direction and the stitched Sharpe is fragile
2026-09-06 18:15:11,086 narrative_ipca.tuning WARNING loocv_sharpe(lam=0.004008, K=3): 16 of 16 fold fits have a singular Sigma_ff at rcond=1.0e-06; their b_MVE drop a factor direction and the stitched Sharpe is fragile
2026-09-06 18:15:12,665 narrative_ipca.tuning WARNING loocv_sharpe(lam=0.005999, K=3): 16 of 16 fold fits have a singular Sigma_ff at rcond=1.0e-06; their b_MVE drop a factor direction and the stitched Sharpe is fragile
2026-09-06 18:15:13,349 narrative_ipca.tuning WARNING loocv_sharpe(lam=0.0008453, K=3): 16 of 16 fold fits have a singular Sigma_ff at rcond=1.0e-06; their b_MVE drop a factor direction and the stitched Sharpe is fragile
2026-09-06 18:15:15,879 narrative_ipca.tuning WARNING loocv_sharpe(lam=0.006509, K=3): 16 of 16 fold fits have a singular Sigma_ff at rcond=1.0e-06; their b_MVE drop a factor direction and the stitched Sharpe is fragile
2026-09-06 18:15:16,232 narrative_ipca.tuning WARNING loocv_sharpe(lam=0.001373, K=3): 16 of 16 fold fits have a singular Sigma_ff at rcond=1.0e-06; their b_MVE drop a factor direction and the stitched Sharpe is fragile
2026-09-06 18:15:18,970 narrative_ipca.tuning WARNING loocv_sharpe(lam=0.002229, K=3): 16 of 16 fold fits have a singular Sigma_ff at rcond=1.0e-06; their b_MVE drop a factor direction and the stitched Sharpe is fragile
2026-09-06 18:15:20,618 narrative_ipca.tuning WARNING loocv_sharpe(lam=0.01057, K=3): 16 of 16 fold fits have a singular Sigma_ff at rcond=1.0e-06; their b_MVE drop a factor direction and the stitched Sharpe is fragile
2026-09-06 18:15:20,624 narrative_ipca.tuning WARNING tune: the chosen point (lam=0.0001347, K=3, 10 selected) has a singular Sigma_ff at rcond=1.0e-06; its loocv_sharpe criterion and b_MVE drop at least one factor direction
2026-09-06 18:15:20,628 narrative_ipca.wrapup WARNING recover_A: rank deficient (non-zero rows 10, rank(Gamma_tilde) 2, rank(Sigma_ff) 2, K 3); A is a minimum-norm solution
2026-09-06 18:15:20,636 narrative_ipca.pipeline WARNING step 7 wrapup: rank deficient (10 narratives selected for K=3); A and the states are minimum-norm solutions, continuing
2026-09-06 18:15:20,642 narrative_ipca.sparse_ipca WARNING fit_sparse_ipca(lam=5.841e-07, K=3) did not converge in 500 sweeps
2026-09-06 18:15:21,706 narrative_ipca.tuning WARNING loocv_sharpe(lam=0.003619, K=3): 16 of 16 fold fits have a singular Sigma_ff at rcond=1.0e-06; their b_MVE drop a factor direction and the stitched Sharpe is fragile
2026-09-06 18:15:24,414 narrative_ipca.tuning WARNING loocv_sharpe(lam=0.005876, K=3): 16 of 16 fold fits have a singular Sigma_ff at rcond=1.0e-06; their b_MVE drop a factor direction and the stitched Sharpe is fragile
2026-09-06 18:15:27,222 narrative_ipca.tuning WARNING loocv_sharpe(lam=0.009542, K=3): 16 of 16 fold fits have a singular Sigma_ff at rcond=1.0e-06; their b_MVE drop a factor direction and the stitched Sharpe is fragile
2026-09-06 18:15:28,639 narrative_ipca.sparse_ipca WARNING fit_sparse_ipca(lam=1.174e-06, K=3) did not converge in 500 sweeps
2026-09-06 18:15:35,205 narrative_ipca.sparse_ipca WARNING fit_sparse_ipca(lam=9.988e-07, K=3) did not converge in 500 sweeps
2026-09-06 18:16:26,046 narrative_ipca.tuning WARNING loocv_sharpe(lam=0.0001197, K=3): 16 of 16 fold fits have a singular Sigma_ff at rcond=1.0e-06; their b_MVE drop a factor direction and the stitched Sharpe is fragile
2026-09-06 18:16:31,092 narrative_ipca.tuning WARNING loocv_sharpe(lam=0.0001943, K=3): 16 of 16 fold fits have a singular Sigma_ff at rcond=1.0e-06; their b_MVE drop a factor direction and the stitched Sharpe is fragile
2026-09-06 18:16:35,811 narrative_ipca.tuning WARNING loocv_sharpe(lam=0.0003155, K=3): 16 of 16 fold fits have a singular Sigma_ff at rcond=1.0e-06; their b_MVE drop a factor direction and the stitched Sharpe is fragile
2026-09-06 18:16:40,624 narrative_ipca.tuning WARNING loocv_sharpe(lam=0.0005123, K=3): 16 of 16 fold fits have a singular Sigma_ff at rcond=1.0e-06; their b_MVE drop a factor direction and the stitched Sharpe is fragile
2026-09-06 18:16:45,461 narrative_ipca.tuning WARNING loocv_sharpe(lam=0.0008318, K=3): 16 of 16 fold fits have a singular Sigma_ff at rcond=1.0e-06; their b_MVE drop a factor direction and the stitched Sharpe is fragile
2026-09-06 18:16:45,717 narrative_ipca.tuning WARNING loocv_sharpe(lam=0.0001454, K=3): 16 of 16 fold fits have a singular Sigma_ff at rcond=1.0e-06; their b_MVE drop a factor direction and the stitched Sharpe is fragile
2026-09-06 18:16:49,313 narrative_ipca.tuning WARNING loocv_sharpe(lam=0.0002361, K=3): 16 of 16 fold fits have a singular Sigma_ff at rcond=1.0e-06; their b_MVE drop a factor direction and the stitched Sharpe is fragile
2026-09-06 18:16:50,378 narrative_ipca.tuning WARNING loocv_sharpe(lam=0.001351, K=3): 16 of 16 fold fits have a singular Sigma_ff at rcond=1.0e-06; their b_MVE drop a factor direction and the stitched Sharpe is fragile
2026-09-06 18:16:52,918 narrative_ipca.tuning WARNING loocv_sharpe(lam=0.0003833, K=3): 16 of 16 fold fits have a singular Sigma_ff at rcond=1.0e-06; their b_MVE drop a factor direction and the stitched Sharpe is fragile
2026-09-06 18:16:55,318 narrative_ipca.tuning WARNING loocv_sharpe(lam=0.002193, K=3): 16 of 16 fold fits have a singular Sigma_ff at rcond=1.0e-06; their b_MVE drop a factor direction and the stitched Sharpe is fragile
2026-09-06 18:16:56,465 narrative_ipca.tuning WARNING loocv_sharpe(lam=0.0006225, K=3): 16 of 16 fold fits have a singular Sigma_ff at rcond=1.0e-06; their b_MVE drop a factor direction and the stitched Sharpe is fragile
2026-09-06 18:16:59,852 narrative_ipca.tuning WARNING loocv_sharpe(lam=0.001011, K=3): 16 of 16 fold fits have a singular Sigma_ff at rcond=1.0e-06; their b_MVE drop a factor direction and the stitched Sharpe is fragile
2026-09-06 18:17:00,227 narrative_ipca.tuning WARNING loocv_sharpe(lam=0.003561, K=3): 16 of 16 fold fits have a singular Sigma_ff at rcond=1.0e-06; their b_MVE drop a factor direction and the stitched Sharpe is fragile
2026-09-06 18:17:03,147 narrative_ipca.tuning WARNING loocv_sharpe(lam=0.001641, K=3): 16 of 16 fold fits have a singular Sigma_ff at rcond=1.0e-06; their b_MVE drop a factor direction and the stitched Sharpe is fragile
2026-09-06 18:17:04,955 narrative_ipca.tuning WARNING loocv_sharpe(lam=0.005783, K=3): 16 of 16 fold fits have a singular Sigma_ff at rcond=1.0e-06; their b_MVE drop a factor direction and the stitched Sharpe is fragile
2026-09-06 18:17:06,323 narrative_ipca.tuning WARNING loocv_sharpe(lam=0.002665, K=3): 16 of 16 fold fits have a singular Sigma_ff at rcond=1.0e-06; their b_MVE drop a factor direction and the stitched Sharpe is fragile
2026-09-06 18:17:09,274 narrative_ipca.tuning WARNING loocv_sharpe(lam=0.004327, K=3): 16 of 16 fold fits have a singular Sigma_ff at rcond=1.0e-06; their b_MVE drop a factor direction and the stitched Sharpe is fragile
2026-09-06 18:17:09,464 narrative_ipca.tuning WARNING loocv_sharpe(lam=0.00939, K=3): 16 of 16 fold fits have a singular Sigma_ff at rcond=1.0e-06; their b_MVE drop a factor direction and the stitched Sharpe is fragile
2026-09-06 18:17:09,470 narrative_ipca.tuning WARNING tune: the chosen point (lam=0.0008318, K=3, 2 selected) has a singular Sigma_ff at rcond=1.0e-06; its loocv_sharpe criterion and b_MVE drop at least one factor direction
2026-09-06 18:17:09,476 narrative_ipca.wrapup WARNING recover_A: rank deficient (non-zero rows 2, rank(Gamma_tilde) 1, rank(Sigma_ff) 1, K 3); A is a minimum-norm solution
2026-09-06 18:17:09,481 narrative_ipca.pipeline WARNING step 7 wrapup: rank deficient (2 narratives selected for K=3); A and the states are minimum-norm solutions, continuing
2026-09-06 18:17:11,673 narrative_ipca.tuning WARNING loocv_sharpe(lam=0.0001536, K=3): 16 of 16 fold fits have a singular Sigma_ff at rcond=1.0e-06; their b_MVE drop a factor direction and the stitched Sharpe is fragile
2026-09-06 18:17:12,071 narrative_ipca.tuning WARNING loocv_sharpe(lam=0.007026, K=3): 16 of 16 fold fits have a singular Sigma_ff at rcond=1.0e-06; their b_MVE drop a factor direction and the stitched Sharpe is fragile
2026-09-06 18:17:14,995 narrative_ipca.tuning WARNING loocv_sharpe(lam=0.01141, K=3): 16 of 16 fold fits have a singular Sigma_ff at rcond=1.0e-06; their b_MVE drop a factor direction and the stitched Sharpe is fragile
2026-09-06 18:17:15,001 narrative_ipca.tuning WARNING tune: the chosen point (lam=0.0006225, K=3, 6 selected) has a singular Sigma_ff at rcond=1.0e-06; its loocv_sharpe criterion and b_MVE drop at least one factor direction
2026-09-06 18:17:15,001 narrative_ipca.oos WARNING run_oos: refit 1/8 (lam=0.0006225, K=3, 6 selected): Sigma_ff is singular at rcond=1.0e-06, b_MVE drops at least one factor direction; the OOS MVE of this block is fragile
2026-09-06 18:17:15,099 narrative_ipca.tuning WARNING loocv_sharpe(lam=0.0002493, K=3): 16 of 16 fold fits have a singular Sigma_ff at rcond=1.0e-06; their b_MVE drop a factor direction and the stitched Sharpe is fragile
2026-09-06 18:17:17,208 narrative_ipca.sparse_ipca WARNING fit_sparse_ipca(lam=8.849e-07, K=3) did not converge in 500 sweeps
2026-09-06 18:17:18,417 narrative_ipca.tuning WARNING loocv_sharpe(lam=0.0004049, K=3): 16 of 16 fold fits have a singular Sigma_ff at rcond=1.0e-06; their b_MVE drop a factor direction and the stitched Sharpe is fragile
2026-09-06 18:17:21,802 narrative_ipca.tuning WARNING loocv_sharpe(lam=0.0006574, K=3): 16 of 16 fold fits have a singular Sigma_ff at rcond=1.0e-06; their b_MVE drop a factor direction and the stitched Sharpe is fragile
2026-09-06 18:17:23,055 narrative_ipca.sparse_ipca WARNING fit_sparse_ipca(lam=1.102e-06, K=3) did not converge in 500 sweeps
2026-09-06 18:17:25,235 narrative_ipca.tuning WARNING loocv_sharpe(lam=0.001067, K=3): 16 of 16 fold fits have a singular Sigma_ff at rcond=1.0e-06; their b_MVE drop a factor direction and the stitched Sharpe is fragile
2026-09-06 18:17:28,772 narrative_ipca.tuning WARNING loocv_sharpe(lam=0.001733, K=3): 16 of 16 fold fits have a singular Sigma_ff at rcond=1.0e-06; their b_MVE drop a factor direction and the stitched Sharpe is fragile
2026-09-06 18:17:31,841 narrative_ipca.tuning WARNING loocv_sharpe(lam=0.002815, K=3): 16 of 16 fold fits have a singular Sigma_ff at rcond=1.0e-06; their b_MVE drop a factor direction and the stitched Sharpe is fragile
2026-09-06 18:17:34,947 narrative_ipca.tuning WARNING loocv_sharpe(lam=0.00457, K=3): 16 of 16 fold fits have a singular Sigma_ff at rcond=1.0e-06; their b_MVE drop a factor direction and the stitched Sharpe is fragile
2026-09-06 18:17:37,794 narrative_ipca.tuning WARNING loocv_sharpe(lam=0.007421, K=3): 16 of 16 fold fits have a singular Sigma_ff at rcond=1.0e-06; their b_MVE drop a factor direction and the stitched Sharpe is fragile
2026-09-06 18:17:40,652 narrative_ipca.tuning WARNING loocv_sharpe(lam=0.01205, K=3): 16 of 16 fold fits have a singular Sigma_ff at rcond=1.0e-06; their b_MVE drop a factor direction and the stitched Sharpe is fragile
2026-09-06 18:17:48,855 narrative_ipca.sparse_ipca WARNING fit_sparse_ipca(lam=1.168e-06, K=3) did not converge in 500 sweeps
2026-09-06 18:17:50,900 narrative_ipca.sparse_ipca WARNING fit_sparse_ipca(lam=2.501e-06, K=3) did not converge in 500 sweeps
2026-09-06 18:17:58,320 narrative_ipca.tuning WARNING loocv_sharpe(lam=0.0002586, K=3): 16 of 16 fold fits have a singular Sigma_ff at rcond=1.0e-06; their b_MVE drop a factor direction and the stitched Sharpe is fragile
2026-09-06 18:18:03,122 narrative_ipca.tuning WARNING loocv_sharpe(lam=0.0004199, K=3): 16 of 16 fold fits have a singular Sigma_ff at rcond=1.0e-06; their b_MVE drop a factor direction and the stitched Sharpe is fragile
2026-09-06 18:18:07,989 narrative_ipca.tuning WARNING loocv_sharpe(lam=0.0006819, K=3): 16 of 16 fold fits have a singular Sigma_ff at rcond=1.0e-06; their b_MVE drop a factor direction and the stitched Sharpe is fragile
2026-09-06 18:18:11,720 narrative_ipca.tuning WARNING loocv_sharpe(lam=0.0001496, K=3): 16 of 16 fold fits have a singular Sigma_ff at rcond=1.0e-06; their b_MVE drop a factor direction and the stitched Sharpe is fragile
2026-09-06 18:18:12,876 narrative_ipca.tuning WARNING loocv_sharpe(lam=0.001107, K=3): 16 of 16 fold fits have a singular Sigma_ff at rcond=1.0e-06; their b_MVE drop a factor direction and the stitched Sharpe is fragile
2026-09-06 18:18:15,163 narrative_ipca.tuning WARNING loocv_sharpe(lam=0.0002429, K=3): 16 of 16 fold fits have a singular Sigma_ff at rcond=1.0e-06; their b_MVE drop a factor direction and the stitched Sharpe is fragile
2026-09-06 18:18:17,552 narrative_ipca.tuning WARNING loocv_sharpe(lam=0.001798, K=3): 16 of 16 fold fits have a singular Sigma_ff at rcond=1.0e-06; their b_MVE drop a factor direction and the stitched Sharpe is fragile
2026-09-06 18:18:17,727 narrative_ipca.tuning WARNING loocv_sharpe(lam=0.0002067, K=3): 16 of 16 fold fits have a singular Sigma_ff at rcond=1.0e-06; their b_MVE drop a factor direction and the stitched Sharpe is fragile
2026-09-06 18:18:18,520 narrative_ipca.tuning WARNING loocv_sharpe(lam=0.0003944, K=3): 16 of 16 fold fits have a singular Sigma_ff at rcond=1.0e-06; their b_MVE drop a factor direction and the stitched Sharpe is fragile
2026-09-06 18:18:21,222 narrative_ipca.tuning WARNING loocv_sharpe(lam=0.0003356, K=3): 16 of 16 fold fits have a singular Sigma_ff at rcond=1.0e-06; their b_MVE drop a factor direction and the stitched Sharpe is fragile
2026-09-06 18:18:21,890 narrative_ipca.tuning WARNING loocv_sharpe(lam=0.0006404, K=3): 16 of 16 fold fits have a singular Sigma_ff at rcond=1.0e-06; their b_MVE drop a factor direction and the stitched Sharpe is fragile
2026-09-06 18:18:22,074 narrative_ipca.tuning WARNING loocv_sharpe(lam=0.002919, K=3): 16 of 16 fold fits have a singular Sigma_ff at rcond=1.0e-06; their b_MVE drop a factor direction and the stitched Sharpe is fragile
2026-09-06 18:18:24,457 narrative_ipca.tuning WARNING loocv_sharpe(lam=0.0005449, K=3): 16 of 16 fold fits have a singular Sigma_ff at rcond=1.0e-06; their b_MVE drop a factor direction and the stitched Sharpe is fragile
2026-09-06 18:18:25,187 narrative_ipca.tuning WARNING loocv_sharpe(lam=0.00104, K=3): 16 of 16 fold fits have a singular Sigma_ff at rcond=1.0e-06; their b_MVE drop a factor direction and the stitched Sharpe is fragile
2026-09-06 18:18:26,675 narrative_ipca.tuning WARNING loocv_sharpe(lam=0.00474, K=3): 16 of 16 fold fits have a singular Sigma_ff at rcond=1.0e-06; their b_MVE drop a factor direction and the stitched Sharpe is fragile
2026-09-06 18:18:26,974 run_full_study INFO variant loocv: topic_null seed 0 done in 2972s -> pass (n_selected 118.0, oos_sharpe 1.0791776361032326)
2026-09-06 18:18:27,600 narrative_ipca.tuning WARNING loocv_sharpe(lam=0.0008848, K=3): 16 of 16 fold fits have a singular Sigma_ff at rcond=1.0e-06; their b_MVE drop a factor direction and the stitched Sharpe is fragile
2026-09-06 18:18:28,286 narrative_ipca.tuning WARNING loocv_sharpe(lam=0.001689, K=3): 16 of 16 fold fits have a singular Sigma_ff at rcond=1.0e-06; their b_MVE drop a factor direction and the stitched Sharpe is fragile
2026-09-06 18:18:30,428 narrative_ipca.tuning WARNING loocv_sharpe(lam=0.001437, K=3): 16 of 16 fold fits have a singular Sigma_ff at rcond=1.0e-06; their b_MVE drop a factor direction and the stitched Sharpe is fragile
2026-09-06 18:18:30,974 narrative_ipca.tuning WARNING loocv_sharpe(lam=0.002742, K=3): 16 of 16 fold fits have a singular Sigma_ff at rcond=1.0e-06; their b_MVE drop a factor direction and the stitched Sharpe is fragile
2026-09-06 18:18:33,165 narrative_ipca.tuning WARNING loocv_sharpe(lam=0.002333, K=3): 16 of 16 fold fits have a singular Sigma_ff at rcond=1.0e-06; their b_MVE drop a factor direction and the stitched Sharpe is fragile
2026-09-06 18:18:33,444 narrative_ipca.tuning WARNING loocv_sharpe(lam=0.004452, K=3): 16 of 16 fold fits have a singular Sigma_ff at rcond=1.0e-06; their b_MVE drop a factor direction and the stitched Sharpe is fragile
2026-09-06 18:18:35,721 narrative_ipca.tuning WARNING loocv_sharpe(lam=0.003788, K=3): 16 of 16 fold fits have a singular Sigma_ff at rcond=1.0e-06; their b_MVE drop a factor direction and the stitched Sharpe is fragile
2026-09-06 18:18:35,803 narrative_ipca.tuning WARNING loocv_sharpe(lam=0.007229, K=3): 16 of 16 fold fits have a singular Sigma_ff at rcond=1.0e-06; their b_MVE drop a factor direction and the stitched Sharpe is fragile
2026-09-06 18:18:38,077 narrative_ipca.tuning WARNING loocv_sharpe(lam=0.006151, K=3): 16 of 16 fold fits have a singular Sigma_ff at rcond=1.0e-06; their b_MVE drop a factor direction and the stitched Sharpe is fragile
2026-09-06 18:18:38,175 narrative_ipca.tuning WARNING loocv_sharpe(lam=0.01174, K=3): 16 of 16 fold fits have a singular Sigma_ff at rcond=1.0e-06; their b_MVE drop a factor direction and the stitched Sharpe is fragile
2026-09-06 18:18:40,428 narrative_ipca.tuning WARNING loocv_sharpe(lam=0.009988, K=3): 16 of 16 fold fits have a singular Sigma_ff at rcond=1.0e-06; their b_MVE drop a factor direction and the stitched Sharpe is fragile
2026-09-06 18:18:44,402 narrative_ipca.tuning WARNING loocv_sharpe(lam=0.000127, K=3): 16 of 16 fold fits have a singular Sigma_ff at rcond=1.0e-06; their b_MVE drop a factor direction and the stitched Sharpe is fragile
2026-09-06 18:18:45,462 narrative_ipca.sparse_ipca WARNING fit_sparse_ipca(lam=1.152e-06, K=3) did not converge in 500 sweeps
2026-09-06 18:18:47,615 narrative_ipca.sparse_ipca WARNING fit_sparse_ipca(lam=1.01e-06, K=3) did not converge in 500 sweeps
2026-09-06 18:18:48,184 narrative_ipca.tuning WARNING loocv_sharpe(lam=0.0002062, K=3): 16 of 16 fold fits have a singular Sigma_ff at rcond=1.0e-06; their b_MVE drop a factor direction and the stitched Sharpe is fragile
2026-09-06 18:18:54,675 narrative_ipca.tuning WARNING loocv_sharpe(lam=0.0003348, K=3): 16 of 16 fold fits have a singular Sigma_ff at rcond=1.0e-06; their b_MVE drop a factor direction and the stitched Sharpe is fragile
2026-09-06 18:18:58,514 narrative_ipca.tuning WARNING loocv_sharpe(lam=0.0005436, K=3): 16 of 16 fold fits have a singular Sigma_ff at rcond=1.0e-06; their b_MVE drop a factor direction and the stitched Sharpe is fragile
2026-09-06 18:19:02,415 narrative_ipca.tuning WARNING loocv_sharpe(lam=0.0008826, K=3): 16 of 16 fold fits have a singular Sigma_ff at rcond=1.0e-06; their b_MVE drop a factor direction and the stitched Sharpe is fragile
2026-09-06 18:19:06,416 narrative_ipca.tuning WARNING loocv_sharpe(lam=0.001433, K=3): 16 of 16 fold fits have a singular Sigma_ff at rcond=1.0e-06; their b_MVE drop a factor direction and the stitched Sharpe is fragile
2026-09-06 18:19:10,541 narrative_ipca.tuning WARNING loocv_sharpe(lam=0.002327, K=3): 16 of 16 fold fits have a singular Sigma_ff at rcond=1.0e-06; their b_MVE drop a factor direction and the stitched Sharpe is fragile
2026-09-06 18:19:14,220 narrative_ipca.tuning WARNING loocv_sharpe(lam=0.003779, K=3): 16 of 16 fold fits have a singular Sigma_ff at rcond=1.0e-06; their b_MVE drop a factor direction and the stitched Sharpe is fragile
2026-09-06 18:19:14,306 narrative_ipca.tuning WARNING loocv_sharpe(lam=0.0001962, K=3): 16 of 16 fold fits have a singular Sigma_ff at rcond=1.0e-06; their b_MVE drop a factor direction and the stitched Sharpe is fragile
2026-09-06 18:19:17,159 narrative_ipca.tuning WARNING loocv_sharpe(lam=0.0003186, K=3): 16 of 16 fold fits have a singular Sigma_ff at rcond=1.0e-06; their b_MVE drop a factor direction and the stitched Sharpe is fragile
2026-09-06 18:19:17,640 narrative_ipca.tuning WARNING loocv_sharpe(lam=0.006136, K=3): 16 of 16 fold fits have a singular Sigma_ff at rcond=1.0e-06; their b_MVE drop a factor direction and the stitched Sharpe is fragile
2026-09-06 18:19:19,965 narrative_ipca.tuning WARNING loocv_sharpe(lam=0.0005174, K=3): 16 of 16 fold fits have a singular Sigma_ff at rcond=1.0e-06; their b_MVE drop a factor direction and the stitched Sharpe is fragile
2026-09-06 18:19:21,025 narrative_ipca.tuning WARNING loocv_sharpe(lam=0.009964, K=3): 16 of 16 fold fits have a singular Sigma_ff at rcond=1.0e-06; their b_MVE drop a factor direction and the stitched Sharpe is fragile
2026-09-06 18:19:21,031 narrative_ipca.tuning WARNING tune: the chosen point (lam=0.003779, K=3, 4 selected) has a singular Sigma_ff at rcond=1.0e-06; its loocv_sharpe criterion and b_MVE drop at least one factor direction
2026-09-06 18:19:21,036 narrative_ipca.wrapup WARNING recover_A: rank deficient (non-zero rows 4, rank(Gamma_tilde) 1, rank(Sigma_ff) 1, K 3); A is a minimum-norm solution
2026-09-06 18:19:21,039 narrative_ipca.pipeline WARNING step 7 wrapup: rank deficient (4 narratives selected for K=3); A and the states are minimum-norm solutions, continuing
2026-09-06 18:19:22,655 narrative_ipca.tuning WARNING loocv_sharpe(lam=0.0008402, K=3): 16 of 16 fold fits have a singular Sigma_ff at rcond=1.0e-06; their b_MVE drop a factor direction and the stitched Sharpe is fragile
2026-09-06 18:19:25,239 narrative_ipca.tuning WARNING loocv_sharpe(lam=0.001364, K=3): 16 of 16 fold fits have a singular Sigma_ff at rcond=1.0e-06; their b_MVE drop a factor direction and the stitched Sharpe is fragile
2026-09-06 18:19:27,684 narrative_ipca.sparse_ipca WARNING fit_sparse_ipca(lam=1.059e-06, K=3) did not converge in 500 sweeps
2026-09-06 18:19:27,957 narrative_ipca.tuning WARNING loocv_sharpe(lam=0.002215, K=3): 16 of 16 fold fits have a singular Sigma_ff at rcond=1.0e-06; their b_MVE drop a factor direction and the stitched Sharpe is fragile
2026-09-06 18:19:30,435 narrative_ipca.tuning WARNING loocv_sharpe(lam=0.003597, K=3): 16 of 16 fold fits have a singular Sigma_ff at rcond=1.0e-06; their b_MVE drop a factor direction and the stitched Sharpe is fragile
2026-09-06 18:19:33,216 narrative_ipca.tuning WARNING loocv_sharpe(lam=0.005841, K=3): 16 of 16 fold fits have a singular Sigma_ff at rcond=1.0e-06; their b_MVE drop a factor direction and the stitched Sharpe is fragile
2026-09-06 18:19:40,611 narrative_ipca.sparse_ipca WARNING fit_sparse_ipca(lam=5.702e-07, K=3) did not converge in 500 sweeps
2026-09-06 18:19:51,264 narrative_ipca.tuning WARNING loocv_sharpe(lam=0.0001831, K=3): 16 of 16 fold fits have a singular Sigma_ff at rcond=1.0e-06; their b_MVE drop a factor direction and the stitched Sharpe is fragile
2026-09-06 18:19:53,951 narrative_ipca.tuning WARNING loocv_sharpe(lam=0.0002973, K=3): 16 of 16 fold fits have a singular Sigma_ff at rcond=1.0e-06; their b_MVE drop a factor direction and the stitched Sharpe is fragile
2026-09-06 18:19:56,580 narrative_ipca.tuning WARNING loocv_sharpe(lam=0.0004828, K=3): 16 of 16 fold fits have a singular Sigma_ff at rcond=1.0e-06; their b_MVE drop a factor direction and the stitched Sharpe is fragile
2026-09-06 18:19:59,223 narrative_ipca.tuning WARNING loocv_sharpe(lam=0.0007839, K=3): 16 of 16 fold fits have a singular Sigma_ff at rcond=1.0e-06; their b_MVE drop a factor direction and the stitched Sharpe is fragile
2026-09-06 18:20:01,854 narrative_ipca.tuning WARNING loocv_sharpe(lam=0.001273, K=3): 16 of 16 fold fits have a singular Sigma_ff at rcond=1.0e-06; their b_MVE drop a factor direction and the stitched Sharpe is fragile
2026-09-06 18:20:04,515 narrative_ipca.tuning WARNING loocv_sharpe(lam=0.002067, K=3): 16 of 16 fold fits have a singular Sigma_ff at rcond=1.0e-06; their b_MVE drop a factor direction and the stitched Sharpe is fragile
2026-09-06 18:20:06,952 narrative_ipca.tuning WARNING loocv_sharpe(lam=0.003356, K=3): 16 of 16 fold fits have a singular Sigma_ff at rcond=1.0e-06; their b_MVE drop a factor direction and the stitched Sharpe is fragile
2026-09-06 18:20:09,331 narrative_ipca.tuning WARNING loocv_sharpe(lam=0.00545, K=3): 16 of 16 fold fits have a singular Sigma_ff at rcond=1.0e-06; their b_MVE drop a factor direction and the stitched Sharpe is fragile
2026-09-06 18:20:11,536 narrative_ipca.tuning WARNING loocv_sharpe(lam=0.008849, K=3): 16 of 16 fold fits have a singular Sigma_ff at rcond=1.0e-06; their b_MVE drop a factor direction and the stitched Sharpe is fragile
2026-09-06 18:20:16,542 narrative_ipca.tuning WARNING loocv_sharpe(lam=0.0001405, K=3): 16 of 16 fold fits have a singular Sigma_ff at rcond=1.0e-06; their b_MVE drop a factor direction and the stitched Sharpe is fragile
2026-09-06 18:20:18,641 narrative_ipca.sparse_ipca WARNING fit_sparse_ipca(lam=9.408e-07, K=3) did not converge in 500 sweeps
2026-09-06 18:20:19,494 narrative_ipca.tuning WARNING loocv_sharpe(lam=0.0002281, K=3): 16 of 16 fold fits have a singular Sigma_ff at rcond=1.0e-06; their b_MVE drop a factor direction and the stitched Sharpe is fragile
2026-09-06 18:20:22,534 narrative_ipca.tuning WARNING loocv_sharpe(lam=0.0003704, K=3): 16 of 16 fold fits have a singular Sigma_ff at rcond=1.0e-06; their b_MVE drop a factor direction and the stitched Sharpe is fragile
2026-09-06 18:20:25,236 narrative_ipca.tuning WARNING loocv_sharpe(lam=0.0006014, K=3): 16 of 16 fold fits have a singular Sigma_ff at rcond=1.0e-06; their b_MVE drop a factor direction and the stitched Sharpe is fragile
2026-09-06 18:20:28,117 narrative_ipca.tuning WARNING loocv_sharpe(lam=0.0009765, K=3): 16 of 16 fold fits have a singular Sigma_ff at rcond=1.0e-06; their b_MVE drop a factor direction and the stitched Sharpe is fragile
2026-09-06 18:20:29,927 narrative_ipca.tuning WARNING loocv_sharpe(lam=0.0001488, K=3): 1 of 16 fold fits have a singular Sigma_ff at rcond=1.0e-06; their b_MVE drop a factor direction and the stitched Sharpe is fragile
2026-09-06 18:20:30,879 narrative_ipca.tuning WARNING loocv_sharpe(lam=0.001586, K=3): 16 of 16 fold fits have a singular Sigma_ff at rcond=1.0e-06; their b_MVE drop a factor direction and the stitched Sharpe is fragile
2026-09-06 18:20:33,053 narrative_ipca.tuning WARNING loocv_sharpe(lam=0.0002417, K=3): 16 of 16 fold fits have a singular Sigma_ff at rcond=1.0e-06; their b_MVE drop a factor direction and the stitched Sharpe is fragile
2026-09-06 18:20:33,572 narrative_ipca.tuning WARNING loocv_sharpe(lam=0.002575, K=3): 16 of 16 fold fits have a singular Sigma_ff at rcond=1.0e-06; their b_MVE drop a factor direction and the stitched Sharpe is fragile
2026-09-06 18:20:36,224 narrative_ipca.tuning WARNING loocv_sharpe(lam=0.004181, K=3): 16 of 16 fold fits have a singular Sigma_ff at rcond=1.0e-06; their b_MVE drop a factor direction and the stitched Sharpe is fragile
2026-09-06 18:20:36,233 narrative_ipca.tuning WARNING loocv_sharpe(lam=0.0003924, K=3): 16 of 16 fold fits have a singular Sigma_ff at rcond=1.0e-06; their b_MVE drop a factor direction and the stitched Sharpe is fragile
2026-09-06 18:20:38,816 narrative_ipca.tuning WARNING loocv_sharpe(lam=0.006789, K=3): 16 of 16 fold fits have a singular Sigma_ff at rcond=1.0e-06; their b_MVE drop a factor direction and the stitched Sharpe is fragile
2026-09-06 18:20:39,319 narrative_ipca.tuning WARNING loocv_sharpe(lam=0.0006372, K=3): 16 of 16 fold fits have a singular Sigma_ff at rcond=1.0e-06; their b_MVE drop a factor direction and the stitched Sharpe is fragile
2026-09-06 18:20:41,714 narrative_ipca.tuning WARNING loocv_sharpe(lam=0.01102, K=3): 16 of 16 fold fits have a singular Sigma_ff at rcond=1.0e-06; their b_MVE drop a factor direction and the stitched Sharpe is fragile
2026-09-06 18:20:41,719 narrative_ipca.tuning WARNING tune: the chosen point (lam=0.0003704, K=3, 6 selected) has a singular Sigma_ff at rcond=1.0e-06; its loocv_sharpe criterion and b_MVE drop at least one factor direction
2026-09-06 18:20:41,720 narrative_ipca.oos WARNING run_oos: refit 2/8 (lam=0.0003704, K=3, 6 selected): Sigma_ff is singular at rcond=1.0e-06, b_MVE drops at least one factor direction; the OOS MVE of this block is fragile
2026-09-06 18:20:42,488 narrative_ipca.tuning WARNING loocv_sharpe(lam=0.001035, K=3): 16 of 16 fold fits have a singular Sigma_ff at rcond=1.0e-06; their b_MVE drop a factor direction and the stitched Sharpe is fragile
2026-09-06 18:20:45,310 narrative_ipca.tuning WARNING loocv_sharpe(lam=0.00168, K=3): 16 of 16 fold fits have a singular Sigma_ff at rcond=1.0e-06; their b_MVE drop a factor direction and the stitched Sharpe is fragile
2026-09-06 18:20:47,994 narrative_ipca.tuning WARNING loocv_sharpe(lam=0.002728, K=3): 16 of 16 fold fits have a singular Sigma_ff at rcond=1.0e-06; their b_MVE drop a factor direction and the stitched Sharpe is fragile
2026-09-06 18:20:49,238 narrative_ipca.sparse_ipca WARNING fit_sparse_ipca(lam=1.08e-06, K=3) did not converge in 500 sweeps
2026-09-06 18:20:50,718 narrative_ipca.tuning WARNING loocv_sharpe(lam=0.00443, K=3): 16 of 16 fold fits have a singular Sigma_ff at rcond=1.0e-06; their b_MVE drop a factor direction and the stitched Sharpe is fragile
2026-09-06 18:20:53,315 narrative_ipca.tuning WARNING loocv_sharpe(lam=0.007193, K=3): 16 of 16 fold fits have a singular Sigma_ff at rcond=1.0e-06; their b_MVE drop a factor direction and the stitched Sharpe is fragile
2026-09-06 18:20:55,822 narrative_ipca.tuning WARNING loocv_sharpe(lam=0.01168, K=3): 16 of 16 fold fits have a singular Sigma_ff at rcond=1.0e-06; their b_MVE drop a factor direction and the stitched Sharpe is fragile
2026-09-06 18:20:55,827 narrative_ipca.tuning WARNING tune: the chosen point (lam=0.01168, K=3, 1 selected) has a singular Sigma_ff at rcond=1.0e-06; its loocv_sharpe criterion and b_MVE drop at least one factor direction
2026-09-06 18:20:55,828 narrative_ipca.oos WARNING run_oos: refit 3/8 (lam=0.01168, K=3, 1 selected): Sigma_ff is singular at rcond=1.0e-06, b_MVE drops at least one factor direction; the OOS MVE of this block is fragile
2026-09-06 18:21:03,340 narrative_ipca.sparse_ipca WARNING fit_sparse_ipca(lam=1.114e-06, K=3) did not converge in 500 sweeps
2026-09-06 18:21:11,887 narrative_ipca.tuning WARNING loocv_sharpe(lam=0.0001468, K=3): 16 of 16 fold fits have a singular Sigma_ff at rcond=1.0e-06; their b_MVE drop a factor direction and the stitched Sharpe is fragile
2026-09-06 18:21:15,070 narrative_ipca.tuning WARNING loocv_sharpe(lam=0.0002384, K=3): 16 of 16 fold fits have a singular Sigma_ff at rcond=1.0e-06; their b_MVE drop a factor direction and the stitched Sharpe is fragile
2026-09-06 18:21:16,980 narrative_ipca.tuning WARNING loocv_sharpe(lam=0.000209, K=3): 16 of 16 fold fits have a singular Sigma_ff at rcond=1.0e-06; their b_MVE drop a factor direction and the stitched Sharpe is fragile
2026-09-06 18:21:18,055 narrative_ipca.tuning WARNING loocv_sharpe(lam=0.0003872, K=3): 16 of 16 fold fits have a singular Sigma_ff at rcond=1.0e-06; their b_MVE drop a factor direction and the stitched Sharpe is fragile
2026-09-06 18:21:20,283 narrative_ipca.tuning WARNING loocv_sharpe(lam=0.0003393, K=3): 16 of 16 fold fits have a singular Sigma_ff at rcond=1.0e-06; their b_MVE drop a factor direction and the stitched Sharpe is fragile
2026-09-06 18:21:21,186 narrative_ipca.tuning WARNING loocv_sharpe(lam=0.0006287, K=3): 16 of 16 fold fits have a singular Sigma_ff at rcond=1.0e-06; their b_MVE drop a factor direction and the stitched Sharpe is fragile
2026-09-06 18:21:23,604 narrative_ipca.tuning WARNING loocv_sharpe(lam=0.000551, K=3): 16 of 16 fold fits have a singular Sigma_ff at rcond=1.0e-06; their b_MVE drop a factor direction and the stitched Sharpe is fragile
2026-09-06 18:21:24,352 narrative_ipca.tuning WARNING loocv_sharpe(lam=0.001021, K=3): 16 of 16 fold fits have a singular Sigma_ff at rcond=1.0e-06; their b_MVE drop a factor direction and the stitched Sharpe is fragile
2026-09-06 18:21:26,846 narrative_ipca.tuning WARNING loocv_sharpe(lam=0.0008946, K=3): 16 of 16 fold fits have a singular Sigma_ff at rcond=1.0e-06; their b_MVE drop a factor direction and the stitched Sharpe is fragile
2026-09-06 18:21:27,505 narrative_ipca.tuning WARNING loocv_sharpe(lam=0.001658, K=3): 16 of 16 fold fits have a singular Sigma_ff at rcond=1.0e-06; their b_MVE drop a factor direction and the stitched Sharpe is fragile
2026-09-06 18:21:29,862 narrative_ipca.tuning WARNING loocv_sharpe(lam=0.001453, K=3): 16 of 16 fold fits have a singular Sigma_ff at rcond=1.0e-06; their b_MVE drop a factor direction and the stitched Sharpe is fragile
2026-09-06 18:21:30,315 narrative_ipca.tuning WARNING loocv_sharpe(lam=0.002692, K=3): 16 of 16 fold fits have a singular Sigma_ff at rcond=1.0e-06; their b_MVE drop a factor direction and the stitched Sharpe is fragile
2026-09-06 18:21:32,673 narrative_ipca.tuning WARNING loocv_sharpe(lam=0.002359, K=3): 16 of 16 fold fits have a singular Sigma_ff at rcond=1.0e-06; their b_MVE drop a factor direction and the stitched Sharpe is fragile
2026-09-06 18:21:32,928 narrative_ipca.tuning WARNING loocv_sharpe(lam=0.004371, K=3): 16 of 16 fold fits have a singular Sigma_ff at rcond=1.0e-06; their b_MVE drop a factor direction and the stitched Sharpe is fragile
2026-09-06 18:21:35,332 narrative_ipca.tuning WARNING loocv_sharpe(lam=0.00383, K=3): 16 of 16 fold fits have a singular Sigma_ff at rcond=1.0e-06; their b_MVE drop a factor direction and the stitched Sharpe is fragile
2026-09-06 18:21:35,511 narrative_ipca.tuning WARNING loocv_sharpe(lam=0.007097, K=3): 16 of 16 fold fits have a singular Sigma_ff at rcond=1.0e-06; their b_MVE drop a factor direction and the stitched Sharpe is fragile
2026-09-06 18:21:37,943 narrative_ipca.tuning WARNING loocv_sharpe(lam=0.006219, K=3): 16 of 16 fold fits have a singular Sigma_ff at rcond=1.0e-06; their b_MVE drop a factor direction and the stitched Sharpe is fragile
2026-09-06 18:21:38,081 narrative_ipca.tuning WARNING loocv_sharpe(lam=0.01152, K=3): 16 of 16 fold fits have a singular Sigma_ff at rcond=1.0e-06; their b_MVE drop a factor direction and the stitched Sharpe is fragile
2026-09-06 18:21:40,417 narrative_ipca.tuning WARNING loocv_sharpe(lam=0.0101, K=3): 16 of 16 fold fits have a singular Sigma_ff at rcond=1.0e-06; their b_MVE drop a factor direction and the stitched Sharpe is fragile
2026-09-06 18:21:45,570 narrative_ipca.sparse_ipca WARNING fit_sparse_ipca(lam=1.118e-06, K=3) did not converge in 500 sweeps
2026-09-06 18:21:47,932 narrative_ipca.sparse_ipca WARNING fit_sparse_ipca(lam=9.912e-07, K=3) did not converge in 500 sweeps
2026-09-06 18:22:11,481 narrative_ipca.tuning WARNING loocv_sharpe(lam=0.0001349, K=3): 16 of 16 fold fits have a singular Sigma_ff at rcond=1.0e-06; their b_MVE drop a factor direction and the stitched Sharpe is fragile
2026-09-06 18:22:14,357 narrative_ipca.tuning WARNING loocv_sharpe(lam=0.000219, K=3): 16 of 16 fold fits have a singular Sigma_ff at rcond=1.0e-06; their b_MVE drop a factor direction and the stitched Sharpe is fragile
2026-09-06 18:22:17,221 narrative_ipca.tuning WARNING loocv_sharpe(lam=0.0003556, K=3): 16 of 16 fold fits have a singular Sigma_ff at rcond=1.0e-06; their b_MVE drop a factor direction and the stitched Sharpe is fragile
2026-09-06 18:22:19,994 narrative_ipca.tuning WARNING loocv_sharpe(lam=0.0005775, K=3): 16 of 16 fold fits have a singular Sigma_ff at rcond=1.0e-06; their b_MVE drop a factor direction and the stitched Sharpe is fragile
2026-09-06 18:22:22,628 narrative_ipca.tuning WARNING loocv_sharpe(lam=0.0009377, K=3): 16 of 16 fold fits have a singular Sigma_ff at rcond=1.0e-06; their b_MVE drop a factor direction and the stitched Sharpe is fragile
2026-09-06 18:22:25,178 narrative_ipca.tuning WARNING loocv_sharpe(lam=0.001523, K=3): 16 of 16 fold fits have a singular Sigma_ff at rcond=1.0e-06; their b_MVE drop a factor direction and the stitched Sharpe is fragile
2026-09-06 18:22:27,813 narrative_ipca.tuning WARNING loocv_sharpe(lam=0.002472, K=3): 16 of 16 fold fits have a singular Sigma_ff at rcond=1.0e-06; their b_MVE drop a factor direction and the stitched Sharpe is fragile
2026-09-06 18:22:30,323 narrative_ipca.tuning WARNING loocv_sharpe(lam=0.004015, K=3): 16 of 16 fold fits have a singular Sigma_ff at rcond=1.0e-06; their b_MVE drop a factor direction and the stitched Sharpe is fragile
2026-09-06 18:22:32,593 narrative_ipca.tuning WARNING loocv_sharpe(lam=0.006519, K=3): 16 of 16 fold fits have a singular Sigma_ff at rcond=1.0e-06; their b_MVE drop a factor direction and the stitched Sharpe is fragile
2026-09-06 18:22:34,854 narrative_ipca.tuning WARNING loocv_sharpe(lam=0.01059, K=3): 16 of 16 fold fits have a singular Sigma_ff at rcond=1.0e-06; their b_MVE drop a factor direction and the stitched Sharpe is fragile
2026-09-06 18:22:34,858 narrative_ipca.tuning WARNING tune: the chosen point (lam=0.01059, K=3, 2 selected) has a singular Sigma_ff at rcond=1.0e-06; its loocv_sharpe criterion and b_MVE drop at least one factor direction
2026-09-06 18:22:34,859 narrative_ipca.oos WARNING run_oos: refit 1/8 (lam=0.01059, K=3, 2 selected): Sigma_ff is singular at rcond=1.0e-06, b_MVE drops at least one factor direction; the OOS MVE of this block is fragile
2026-09-06 18:22:37,862 narrative_ipca.tuning WARNING loocv_sharpe(lam=0.0001916, K=3): 16 of 16 fold fits have a singular Sigma_ff at rcond=1.0e-06; their b_MVE drop a factor direction and the stitched Sharpe is fragile
2026-09-06 18:22:41,036 narrative_ipca.tuning WARNING loocv_sharpe(lam=0.0003111, K=3): 16 of 16 fold fits have a singular Sigma_ff at rcond=1.0e-06; their b_MVE drop a factor direction and the stitched Sharpe is fragile
2026-09-06 18:22:41,900 narrative_ipca.sparse_ipca WARNING fit_sparse_ipca(lam=1.031e-06, K=3) did not converge in 500 sweeps
2026-09-06 18:22:44,187 narrative_ipca.tuning WARNING loocv_sharpe(lam=0.0005051, K=3): 16 of 16 fold fits have a singular Sigma_ff at rcond=1.0e-06; their b_MVE drop a factor direction and the stitched Sharpe is fragile
2026-09-06 18:22:47,201 narrative_ipca.tuning WARNING loocv_sharpe(lam=0.0008202, K=3): 16 of 16 fold fits have a singular Sigma_ff at rcond=1.0e-06; their b_MVE drop a factor direction and the stitched Sharpe is fragile
2026-09-06 18:22:50,122 narrative_ipca.tuning WARNING loocv_sharpe(lam=0.001332, K=3): 16 of 16 fold fits have a singular Sigma_ff at rcond=1.0e-06; their b_MVE drop a factor direction and the stitched Sharpe is fragile
2026-09-06 18:22:52,985 narrative_ipca.tuning WARNING loocv_sharpe(lam=0.002163, K=3): 16 of 16 fold fits have a singular Sigma_ff at rcond=1.0e-06; their b_MVE drop a factor direction and the stitched Sharpe is fragile
2026-09-06 18:22:55,154 narrative_ipca.tuning WARNING loocv_sharpe(lam=0.0001199, K=3): 16 of 16 fold fits have a singular Sigma_ff at rcond=1.0e-06; their b_MVE drop a factor direction and the stitched Sharpe is fragile
2026-09-06 18:22:55,734 narrative_ipca.tuning WARNING loocv_sharpe(lam=0.003511, K=3): 16 of 16 fold fits have a singular Sigma_ff at rcond=1.0e-06; their b_MVE drop a factor direction and the stitched Sharpe is fragile
2026-09-06 18:22:58,381 narrative_ipca.tuning WARNING loocv_sharpe(lam=0.0001947, K=3): 16 of 16 fold fits have a singular Sigma_ff at rcond=1.0e-06; their b_MVE drop a factor direction and the stitched Sharpe is fragile
2026-09-06 18:22:58,880 narrative_ipca.tuning WARNING loocv_sharpe(lam=0.005702, K=3): 16 of 16 fold fits have a singular Sigma_ff at rcond=1.0e-06; their b_MVE drop a factor direction and the stitched Sharpe is fragile
2026-09-06 18:22:58,884 narrative_ipca.tuning WARNING tune: the chosen point (lam=0.005702, K=3, 2 selected) has a singular Sigma_ff at rcond=1.0e-06; its loocv_sharpe criterion and b_MVE drop at least one factor direction
2026-09-06 18:22:58,885 narrative_ipca.oos WARNING run_oos: refit 4/8 (lam=0.005702, K=3, 2 selected): Sigma_ff is singular at rcond=1.0e-06, b_MVE drops at least one factor direction; the OOS MVE of this block is fragile
2026-09-06 18:23:01,489 narrative_ipca.tuning WARNING loocv_sharpe(lam=0.0003161, K=3): 16 of 16 fold fits have a singular Sigma_ff at rcond=1.0e-06; their b_MVE drop a factor direction and the stitched Sharpe is fragile
2026-09-06 18:23:04,632 narrative_ipca.tuning WARNING loocv_sharpe(lam=0.0005133, K=3): 16 of 16 fold fits have a singular Sigma_ff at rcond=1.0e-06; their b_MVE drop a factor direction and the stitched Sharpe is fragile
2026-09-06 18:23:06,758 narrative_ipca.sparse_ipca WARNING fit_sparse_ipca(lam=5.519e-07, K=3) did not converge in 500 sweeps
2026-09-06 18:23:07,599 narrative_ipca.tuning WARNING loocv_sharpe(lam=0.0008334, K=3): 16 of 16 fold fits have a singular Sigma_ff at rcond=1.0e-06; their b_MVE drop a factor direction and the stitched Sharpe is fragile
2026-09-06 18:23:10,486 narrative_ipca.tuning WARNING loocv_sharpe(lam=0.001353, K=3): 16 of 16 fold fits have a singular Sigma_ff at rcond=1.0e-06; their b_MVE drop a factor direction and the stitched Sharpe is fragile
2026-09-06 18:23:13,285 narrative_ipca.tuning WARNING loocv_sharpe(lam=0.002198, K=3): 16 of 16 fold fits have a singular Sigma_ff at rcond=1.0e-06; their b_MVE drop a factor direction and the stitched Sharpe is fragile
2026-09-06 18:23:15,969 narrative_ipca.tuning WARNING loocv_sharpe(lam=0.003568, K=3): 16 of 16 fold fits have a singular Sigma_ff at rcond=1.0e-06; their b_MVE drop a factor direction and the stitched Sharpe is fragile
2026-09-06 18:23:18,586 narrative_ipca.tuning WARNING loocv_sharpe(lam=0.005794, K=3): 16 of 16 fold fits have a singular Sigma_ff at rcond=1.0e-06; their b_MVE drop a factor direction and the stitched Sharpe is fragile
2026-09-06 18:23:21,034 narrative_ipca.tuning WARNING loocv_sharpe(lam=0.009408, K=3): 16 of 16 fold fits have a singular Sigma_ff at rcond=1.0e-06; their b_MVE drop a factor direction and the stitched Sharpe is fragile
2026-09-06 18:23:28,671 narrative_ipca.sparse_ipca WARNING fit_sparse_ipca(lam=9.555e-07, K=3) did not converge in 500 sweeps
2026-09-06 18:23:40,354 narrative_ipca.tuning WARNING loocv_sharpe(lam=0.0002305, K=3): 16 of 16 fold fits have a singular Sigma_ff at rcond=1.0e-06; their b_MVE drop a factor direction and the stitched Sharpe is fragile
2026-09-06 18:23:43,557 narrative_ipca.tuning WARNING loocv_sharpe(lam=0.0003743, K=3): 16 of 16 fold fits have a singular Sigma_ff at rcond=1.0e-06; their b_MVE drop a factor direction and the stitched Sharpe is fragile
2026-09-06 18:23:46,772 narrative_ipca.tuning WARNING loocv_sharpe(lam=0.0006078, K=3): 16 of 16 fold fits have a singular Sigma_ff at rcond=1.0e-06; their b_MVE drop a factor direction and the stitched Sharpe is fragile
2026-09-06 18:23:50,187 narrative_ipca.tuning WARNING loocv_sharpe(lam=0.0009869, K=3): 16 of 16 fold fits have a singular Sigma_ff at rcond=1.0e-06; their b_MVE drop a factor direction and the stitched Sharpe is fragile
2026-09-06 18:23:53,588 narrative_ipca.tuning WARNING loocv_sharpe(lam=0.001602, K=3): 16 of 16 fold fits have a singular Sigma_ff at rcond=1.0e-06; their b_MVE drop a factor direction and the stitched Sharpe is fragile
2026-09-06 18:23:54,614 narrative_ipca.tuning WARNING loocv_sharpe(lam=0.0001376, K=3): 16 of 16 fold fits have a singular Sigma_ff at rcond=1.0e-06; their b_MVE drop a factor direction and the stitched Sharpe is fragile
2026-09-06 18:23:56,829 narrative_ipca.tuning WARNING loocv_sharpe(lam=0.002602, K=3): 16 of 16 fold fits have a singular Sigma_ff at rcond=1.0e-06; their b_MVE drop a factor direction and the stitched Sharpe is fragile
2026-09-06 18:23:57,974 narrative_ipca.tuning WARNING loocv_sharpe(lam=0.0002235, K=3): 16 of 16 fold fits have a singular Sigma_ff at rcond=1.0e-06; their b_MVE drop a factor direction and the stitched Sharpe is fragile
2026-09-06 18:23:59,767 narrative_ipca.tuning WARNING loocv_sharpe(lam=0.004225, K=3): 16 of 16 fold fits have a singular Sigma_ff at rcond=1.0e-06; their b_MVE drop a factor direction and the stitched Sharpe is fragile
2026-09-06 18:24:01,568 narrative_ipca.tuning WARNING loocv_sharpe(lam=0.0003629, K=3): 16 of 16 fold fits have a singular Sigma_ff at rcond=1.0e-06; their b_MVE drop a factor direction and the stitched Sharpe is fragile
2026-09-06 18:24:02,656 narrative_ipca.tuning WARNING loocv_sharpe(lam=0.006861, K=3): 16 of 16 fold fits have a singular Sigma_ff at rcond=1.0e-06; their b_MVE drop a factor direction and the stitched Sharpe is fragile
2026-09-06 18:24:04,788 narrative_ipca.tuning WARNING loocv_sharpe(lam=0.0005892, K=3): 16 of 16 fold fits have a singular Sigma_ff at rcond=1.0e-06; their b_MVE drop a factor direction and the stitched Sharpe is fragile
2026-09-06 18:24:05,503 narrative_ipca.tuning WARNING loocv_sharpe(lam=0.01114, K=3): 16 of 16 fold fits have a singular Sigma_ff at rcond=1.0e-06; their b_MVE drop a factor direction and the stitched Sharpe is fragile
2026-09-06 18:24:08,023 narrative_ipca.tuning WARNING loocv_sharpe(lam=0.0009568, K=3): 16 of 16 fold fits have a singular Sigma_ff at rcond=1.0e-06; their b_MVE drop a factor direction and the stitched Sharpe is fragile
2026-09-06 18:24:11,229 narrative_ipca.tuning WARNING loocv_sharpe(lam=0.001554, K=3): 16 of 16 fold fits have a singular Sigma_ff at rcond=1.0e-06; their b_MVE drop a factor direction and the stitched Sharpe is fragile
2026-09-06 18:24:13,243 narrative_ipca.sparse_ipca WARNING fit_sparse_ipca(lam=1.116e-06, K=3) did not converge in 500 sweeps
2026-09-06 18:24:14,245 narrative_ipca.tuning WARNING loocv_sharpe(lam=0.002523, K=3): 16 of 16 fold fits have a singular Sigma_ff at rcond=1.0e-06; their b_MVE drop a factor direction and the stitched Sharpe is fragile
2026-09-06 18:24:17,183 narrative_ipca.tuning WARNING loocv_sharpe(lam=0.004096, K=3): 16 of 16 fold fits have a singular Sigma_ff at rcond=1.0e-06; their b_MVE drop a factor direction and the stitched Sharpe is fragile
2026-09-06 18:24:20,004 narrative_ipca.tuning WARNING loocv_sharpe(lam=0.006652, K=3): 16 of 16 fold fits have a singular Sigma_ff at rcond=1.0e-06; their b_MVE drop a factor direction and the stitched Sharpe is fragile
2026-09-06 18:24:20,172 narrative_ipca.tuning WARNING loocv_sharpe(lam=0.0002051, K=3): 16 of 16 fold fits have a singular Sigma_ff at rcond=1.0e-06; their b_MVE drop a factor direction and the stitched Sharpe is fragile
2026-09-06 18:24:23,057 narrative_ipca.tuning WARNING loocv_sharpe(lam=0.0108, K=3): 16 of 16 fold fits have a singular Sigma_ff at rcond=1.0e-06; their b_MVE drop a factor direction and the stitched Sharpe is fragile
2026-09-06 18:24:23,063 narrative_ipca.tuning WARNING tune: the chosen point (lam=0.0003629, K=3, 6 selected) has a singular Sigma_ff at rcond=1.0e-06; its loocv_sharpe criterion and b_MVE drop at least one factor direction
2026-09-06 18:24:23,064 narrative_ipca.oos WARNING run_oos: refit 3/8 (lam=0.0003629, K=3, 6 selected): Sigma_ff is singular at rcond=1.0e-06, b_MVE drops at least one factor direction; the OOS MVE of this block is fragile
2026-09-06 18:24:23,649 narrative_ipca.tuning WARNING loocv_sharpe(lam=0.000333, K=3): 16 of 16 fold fits have a singular Sigma_ff at rcond=1.0e-06; their b_MVE drop a factor direction and the stitched Sharpe is fragile
2026-09-06 18:24:27,023 narrative_ipca.tuning WARNING loocv_sharpe(lam=0.0005407, K=3): 16 of 16 fold fits have a singular Sigma_ff at rcond=1.0e-06; their b_MVE drop a factor direction and the stitched Sharpe is fragile
2026-09-06 18:24:28,758 narrative_ipca.tuning WARNING loocv_sharpe(lam=0.0001425, K=3): 16 of 16 fold fits have a singular Sigma_ff at rcond=1.0e-06; their b_MVE drop a factor direction and the stitched Sharpe is fragile
2026-09-06 18:24:30,546 narrative_ipca.tuning WARNING loocv_sharpe(lam=0.000878, K=3): 16 of 16 fold fits have a singular Sigma_ff at rcond=1.0e-06; their b_MVE drop a factor direction and the stitched Sharpe is fragile
2026-09-06 18:24:31,094 narrative_ipca.sparse_ipca WARNING fit_sparse_ipca(lam=1.07e-06, K=3) did not converge in 500 sweeps
2026-09-06 18:24:32,268 narrative_ipca.tuning WARNING loocv_sharpe(lam=0.0002314, K=3): 16 of 16 fold fits have a singular Sigma_ff at rcond=1.0e-06; their b_MVE drop a factor direction and the stitched Sharpe is fragile
2026-09-06 18:24:33,846 narrative_ipca.tuning WARNING loocv_sharpe(lam=0.001426, K=3): 16 of 16 fold fits have a singular Sigma_ff at rcond=1.0e-06; their b_MVE drop a factor direction and the stitched Sharpe is fragile
2026-09-06 18:24:35,715 narrative_ipca.tuning WARNING loocv_sharpe(lam=0.0003758, K=3): 16 of 16 fold fits have a singular Sigma_ff at rcond=1.0e-06; their b_MVE drop a factor direction and the stitched Sharpe is fragile
2026-09-06 18:24:37,055 narrative_ipca.tuning WARNING loocv_sharpe(lam=0.002315, K=3): 16 of 16 fold fits have a singular Sigma_ff at rcond=1.0e-06; their b_MVE drop a factor direction and the stitched Sharpe is fragile
2026-09-06 18:24:39,165 narrative_ipca.tuning WARNING loocv_sharpe(lam=0.0006101, K=3): 16 of 16 fold fits have a singular Sigma_ff at rcond=1.0e-06; their b_MVE drop a factor direction and the stitched Sharpe is fragile
2026-09-06 18:24:40,067 narrative_ipca.tuning WARNING loocv_sharpe(lam=0.003759, K=3): 16 of 16 fold fits have a singular Sigma_ff at rcond=1.0e-06; their b_MVE drop a factor direction and the stitched Sharpe is fragile
2026-09-06 18:24:42,434 narrative_ipca.tuning WARNING loocv_sharpe(lam=0.0009907, K=3): 16 of 16 fold fits have a singular Sigma_ff at rcond=1.0e-06; their b_MVE drop a factor direction and the stitched Sharpe is fragile
2026-09-06 18:24:42,911 narrative_ipca.tuning WARNING loocv_sharpe(lam=0.006104, K=3): 16 of 16 fold fits have a singular Sigma_ff at rcond=1.0e-06; their b_MVE drop a factor direction and the stitched Sharpe is fragile
2026-09-06 18:24:45,638 narrative_ipca.tuning WARNING loocv_sharpe(lam=0.001609, K=3): 16 of 16 fold fits have a singular Sigma_ff at rcond=1.0e-06; their b_MVE drop a factor direction and the stitched Sharpe is fragile
2026-09-06 18:24:45,728 narrative_ipca.tuning WARNING loocv_sharpe(lam=0.009912, K=3): 16 of 16 fold fits have a singular Sigma_ff at rcond=1.0e-06; their b_MVE drop a factor direction and the stitched Sharpe is fragile
2026-09-06 18:24:48,686 narrative_ipca.tuning WARNING loocv_sharpe(lam=0.002612, K=3): 16 of 16 fold fits have a singular Sigma_ff at rcond=1.0e-06; their b_MVE drop a factor direction and the stitched Sharpe is fragile
2026-09-06 18:24:51,766 narrative_ipca.tuning WARNING loocv_sharpe(lam=0.004242, K=3): 16 of 16 fold fits have a singular Sigma_ff at rcond=1.0e-06; their b_MVE drop a factor direction and the stitched Sharpe is fragile
2026-09-06 18:24:53,748 narrative_ipca.sparse_ipca WARNING fit_sparse_ipca(lam=9.814e-07, K=3) did not converge in 500 sweeps
2026-09-06 18:24:54,803 narrative_ipca.tuning WARNING loocv_sharpe(lam=0.006888, K=3): 16 of 16 fold fits have a singular Sigma_ff at rcond=1.0e-06; their b_MVE drop a factor direction and the stitched Sharpe is fragile
2026-09-06 18:24:57,733 narrative_ipca.tuning WARNING loocv_sharpe(lam=0.01118, K=3): 16 of 16 fold fits have a singular Sigma_ff at rcond=1.0e-06; their b_MVE drop a factor direction and the stitched Sharpe is fragile
2026-09-06 18:24:57,737 narrative_ipca.tuning WARNING tune: the chosen point (lam=0.0009907, K=3, 3 selected) has a singular Sigma_ff at rcond=1.0e-06; its loocv_sharpe criterion and b_MVE drop at least one factor direction
2026-09-06 18:24:57,738 narrative_ipca.oos WARNING run_oos: refit 3/8 (lam=0.0009907, K=3, 3 selected): Sigma_ff is singular at rcond=1.0e-06, b_MVE drops at least one factor direction; the OOS MVE of this block is fragile
2026-09-06 18:25:05,824 narrative_ipca.sparse_ipca WARNING fit_sparse_ipca(lam=1.066e-06, K=3) did not converge in 500 sweeps
2026-09-06 18:25:53,324 narrative_ipca.tuning WARNING loocv_sharpe(lam=0.0001313, K=3): 16 of 16 fold fits have a singular Sigma_ff at rcond=1.0e-06; their b_MVE drop a factor direction and the stitched Sharpe is fragile
2026-09-06 18:25:56,265 narrative_ipca.tuning WARNING loocv_sharpe(lam=0.0002132, K=3): 16 of 16 fold fits have a singular Sigma_ff at rcond=1.0e-06; their b_MVE drop a factor direction and the stitched Sharpe is fragile
2026-09-06 18:25:59,006 narrative_ipca.tuning WARNING loocv_sharpe(lam=0.0003462, K=3): 16 of 16 fold fits have a singular Sigma_ff at rcond=1.0e-06; their b_MVE drop a factor direction and the stitched Sharpe is fragile
2026-09-06 18:26:00,149 narrative_ipca.tuning WARNING loocv_sharpe(lam=0.0001854, K=3): 8 of 16 fold fits have a singular Sigma_ff at rcond=1.0e-06; their b_MVE drop a factor direction and the stitched Sharpe is fragile
2026-09-06 18:26:01,818 narrative_ipca.tuning WARNING loocv_sharpe(lam=0.0005622, K=3): 16 of 16 fold fits have a singular Sigma_ff at rcond=1.0e-06; their b_MVE drop a factor direction and the stitched Sharpe is fragile
2026-09-06 18:26:03,681 narrative_ipca.tuning WARNING loocv_sharpe(lam=0.0003011, K=3): 16 of 16 fold fits have a singular Sigma_ff at rcond=1.0e-06; their b_MVE drop a factor direction and the stitched Sharpe is fragile
2026-09-06 18:26:04,494 narrative_ipca.tuning WARNING loocv_sharpe(lam=0.0009129, K=3): 16 of 16 fold fits have a singular Sigma_ff at rcond=1.0e-06; their b_MVE drop a factor direction and the stitched Sharpe is fragile
2026-09-06 18:26:05,248 narrative_ipca.tuning WARNING loocv_sharpe(lam=0.0001218, K=3): 16 of 16 fold fits have a singular Sigma_ff at rcond=1.0e-06; their b_MVE drop a factor direction and the stitched Sharpe is fragile
2026-09-06 18:26:07,159 narrative_ipca.tuning WARNING loocv_sharpe(lam=0.0004889, K=3): 16 of 16 fold fits have a singular Sigma_ff at rcond=1.0e-06; their b_MVE drop a factor direction and the stitched Sharpe is fragile
2026-09-06 18:26:07,277 narrative_ipca.tuning WARNING loocv_sharpe(lam=0.001482, K=3): 16 of 16 fold fits have a singular Sigma_ff at rcond=1.0e-06; their b_MVE drop a factor direction and the stitched Sharpe is fragile
2026-09-06 18:26:08,766 narrative_ipca.tuning WARNING loocv_sharpe(lam=0.0001977, K=3): 16 of 16 fold fits have a singular Sigma_ff at rcond=1.0e-06; their b_MVE drop a factor direction and the stitched Sharpe is fragile
2026-09-06 18:26:09,916 narrative_ipca.tuning WARNING loocv_sharpe(lam=0.002407, K=3): 16 of 16 fold fits have a singular Sigma_ff at rcond=1.0e-06; their b_MVE drop a factor direction and the stitched Sharpe is fragile
2026-09-06 18:26:10,457 narrative_ipca.tuning WARNING loocv_sharpe(lam=0.0007939, K=3): 16 of 16 fold fits have a singular Sigma_ff at rcond=1.0e-06; their b_MVE drop a factor direction and the stitched Sharpe is fragile
2026-09-06 18:26:12,095 narrative_ipca.tuning WARNING loocv_sharpe(lam=0.000321, K=3): 16 of 16 fold fits have a singular Sigma_ff at rcond=1.0e-06; their b_MVE drop a factor direction and the stitched Sharpe is fragile
2026-09-06 18:26:12,411 narrative_ipca.tuning WARNING loocv_sharpe(lam=0.003908, K=3): 16 of 16 fold fits have a singular Sigma_ff at rcond=1.0e-06; their b_MVE drop a factor direction and the stitched Sharpe is fragile
2026-09-06 18:26:13,709 narrative_ipca.tuning WARNING loocv_sharpe(lam=0.001289, K=3): 16 of 16 fold fits have a singular Sigma_ff at rcond=1.0e-06; their b_MVE drop a factor direction and the stitched Sharpe is fragile
2026-09-06 18:26:14,872 narrative_ipca.tuning WARNING loocv_sharpe(lam=0.006346, K=3): 16 of 16 fold fits have a singular Sigma_ff at rcond=1.0e-06; their b_MVE drop a factor direction and the stitched Sharpe is fragile
2026-09-06 18:26:15,383 narrative_ipca.tuning WARNING loocv_sharpe(lam=0.0005213, K=3): 16 of 16 fold fits have a singular Sigma_ff at rcond=1.0e-06; their b_MVE drop a factor direction and the stitched Sharpe is fragile
2026-09-06 18:26:16,728 narrative_ipca.tuning WARNING loocv_sharpe(lam=0.002093, K=3): 16 of 16 fold fits have a singular Sigma_ff at rcond=1.0e-06; their b_MVE drop a factor direction and the stitched Sharpe is fragile
2026-09-06 18:26:17,462 narrative_ipca.tuning WARNING loocv_sharpe(lam=0.01031, K=3): 16 of 16 fold fits have a singular Sigma_ff at rcond=1.0e-06; their b_MVE drop a factor direction and the stitched Sharpe is fragile
2026-09-06 18:26:17,467 narrative_ipca.tuning WARNING tune: the chosen point (lam=0.0002132, K=3, 8 selected) has a singular Sigma_ff at rcond=1.0e-06; its loocv_sharpe criterion and b_MVE drop at least one factor direction
2026-09-06 18:26:17,468 narrative_ipca.oos WARNING run_oos: refit 2/8 (lam=0.0002132, K=3, 8 selected): Sigma_ff is singular at rcond=1.0e-06, b_MVE drops at least one factor direction; the OOS MVE of this block is fragile
2026-09-06 18:26:18,713 narrative_ipca.tuning WARNING loocv_sharpe(lam=0.0008464, K=3): 16 of 16 fold fits have a singular Sigma_ff at rcond=1.0e-06; their b_MVE drop a factor direction and the stitched Sharpe is fragile
2026-09-06 18:26:19,726 narrative_ipca.tuning WARNING loocv_sharpe(lam=0.003399, K=3): 16 of 16 fold fits have a singular Sigma_ff at rcond=1.0e-06; their b_MVE drop a factor direction and the stitched Sharpe is fragile
2026-09-06 18:26:21,954 narrative_ipca.tuning WARNING loocv_sharpe(lam=0.001374, K=3): 16 of 16 fold fits have a singular Sigma_ff at rcond=1.0e-06; their b_MVE drop a factor direction and the stitched Sharpe is fragile
2026-09-06 18:26:23,577 narrative_ipca.tuning WARNING loocv_sharpe(lam=0.005519, K=3): 16 of 16 fold fits have a singular Sigma_ff at rcond=1.0e-06; their b_MVE drop a factor direction and the stitched Sharpe is fragile
2026-09-06 18:26:24,845 narrative_ipca.sparse_ipca WARNING fit_sparse_ipca(lam=1.021e-06, K=3) did not converge in 500 sweeps
2026-09-06 18:26:25,079 narrative_ipca.tuning WARNING loocv_sharpe(lam=0.002232, K=3): 16 of 16 fold fits have a singular Sigma_ff at rcond=1.0e-06; their b_MVE drop a factor direction and the stitched Sharpe is fragile
2026-09-06 18:26:28,243 narrative_ipca.tuning WARNING loocv_sharpe(lam=0.003624, K=3): 16 of 16 fold fits have a singular Sigma_ff at rcond=1.0e-06; their b_MVE drop a factor direction and the stitched Sharpe is fragile
2026-09-06 18:26:31,161 narrative_ipca.tuning WARNING loocv_sharpe(lam=0.005884, K=3): 16 of 16 fold fits have a singular Sigma_ff at rcond=1.0e-06; their b_MVE drop a factor direction and the stitched Sharpe is fragile
2026-09-06 18:26:31,734 narrative_ipca.sparse_ipca WARNING fit_sparse_ipca(lam=5.396e-07, K=3) did not converge in 500 sweeps
2026-09-06 18:26:33,917 narrative_ipca.tuning WARNING loocv_sharpe(lam=0.009555, K=3): 16 of 16 fold fits have a singular Sigma_ff at rcond=1.0e-06; their b_MVE drop a factor direction and the stitched Sharpe is fragile
2026-09-06 18:26:42,001 narrative_ipca.sparse_ipca WARNING fit_sparse_ipca(lam=9.401e-07, K=3) did not converge in 500 sweeps
2026-09-06 18:26:58,658 narrative_ipca.tuning WARNING loocv_sharpe(lam=0.0002309, K=3): 16 of 16 fold fits have a singular Sigma_ff at rcond=1.0e-06; their b_MVE drop a factor direction and the stitched Sharpe is fragile
2026-09-06 18:27:02,286 narrative_ipca.tuning WARNING loocv_sharpe(lam=0.0003749, K=3): 16 of 16 fold fits have a singular Sigma_ff at rcond=1.0e-06; their b_MVE drop a factor direction and the stitched Sharpe is fragile
2026-09-06 18:27:06,009 narrative_ipca.tuning WARNING loocv_sharpe(lam=0.0006088, K=3): 16 of 16 fold fits have a singular Sigma_ff at rcond=1.0e-06; their b_MVE drop a factor direction and the stitched Sharpe is fragile
2026-09-06 18:27:09,677 narrative_ipca.tuning WARNING loocv_sharpe(lam=0.0009886, K=3): 16 of 16 fold fits have a singular Sigma_ff at rcond=1.0e-06; their b_MVE drop a factor direction and the stitched Sharpe is fragile
2026-09-06 18:27:13,177 narrative_ipca.tuning WARNING loocv_sharpe(lam=0.001605, K=3): 16 of 16 fold fits have a singular Sigma_ff at rcond=1.0e-06; their b_MVE drop a factor direction and the stitched Sharpe is fragile
2026-09-06 18:27:16,570 narrative_ipca.tuning WARNING loocv_sharpe(lam=0.002607, K=3): 16 of 16 fold fits have a singular Sigma_ff at rcond=1.0e-06; their b_MVE drop a factor direction and the stitched Sharpe is fragile
2026-09-06 18:27:19,813 narrative_ipca.tuning WARNING loocv_sharpe(lam=0.004233, K=3): 16 of 16 fold fits have a singular Sigma_ff at rcond=1.0e-06; their b_MVE drop a factor direction and the stitched Sharpe is fragile
2026-09-06 18:27:23,043 narrative_ipca.tuning WARNING loocv_sharpe(lam=0.006873, K=3): 16 of 16 fold fits have a singular Sigma_ff at rcond=1.0e-06; their b_MVE drop a factor direction and the stitched Sharpe is fragile
2026-09-06 18:27:26,155 narrative_ipca.tuning WARNING loocv_sharpe(lam=0.01116, K=3): 16 of 16 fold fits have a singular Sigma_ff at rcond=1.0e-06; their b_MVE drop a factor direction and the stitched Sharpe is fragile
2026-09-06 18:27:31,980 narrative_ipca.tuning WARNING loocv_sharpe(lam=0.0001363, K=3): 16 of 16 fold fits have a singular Sigma_ff at rcond=1.0e-06; their b_MVE drop a factor direction and the stitched Sharpe is fragile
2026-09-06 18:27:34,508 narrative_ipca.sparse_ipca WARNING fit_sparse_ipca(lam=1.118e-06, K=3) did not converge in 500 sweeps
2026-09-06 18:27:35,682 narrative_ipca.tuning WARNING loocv_sharpe(lam=0.0002213, K=3): 16 of 16 fold fits have a singular Sigma_ff at rcond=1.0e-06; their b_MVE drop a factor direction and the stitched Sharpe is fragile
2026-09-06 18:27:35,940 narrative_ipca.tuning WARNING loocv_sharpe(lam=0.0002031, K=3): 16 of 16 fold fits have a singular Sigma_ff at rcond=1.0e-06; their b_MVE drop a factor direction and the stitched Sharpe is fragile
2026-09-06 18:27:39,802 narrative_ipca.tuning WARNING loocv_sharpe(lam=0.0003297, K=3): 16 of 16 fold fits have a singular Sigma_ff at rcond=1.0e-06; their b_MVE drop a factor direction and the stitched Sharpe is fragile
2026-09-06 18:27:40,253 narrative_ipca.tuning WARNING loocv_sharpe(lam=0.0003594, K=3): 16 of 16 fold fits have a singular Sigma_ff at rcond=1.0e-06; their b_MVE drop a factor direction and the stitched Sharpe is fragile
2026-09-06 18:27:43,524 narrative_ipca.tuning WARNING loocv_sharpe(lam=0.0005354, K=3): 16 of 16 fold fits have a singular Sigma_ff at rcond=1.0e-06; their b_MVE drop a factor direction and the stitched Sharpe is fragile
2026-09-06 18:27:43,898 narrative_ipca.tuning WARNING loocv_sharpe(lam=0.0005835, K=3): 16 of 16 fold fits have a singular Sigma_ff at rcond=1.0e-06; their b_MVE drop a factor direction and the stitched Sharpe is fragile
2026-09-06 18:27:47,164 narrative_ipca.tuning WARNING loocv_sharpe(lam=0.0008694, K=3): 16 of 16 fold fits have a singular Sigma_ff at rcond=1.0e-06; their b_MVE drop a factor direction and the stitched Sharpe is fragile
2026-09-06 18:27:47,395 narrative_ipca.tuning WARNING loocv_sharpe(lam=0.0009475, K=3): 16 of 16 fold fits have a singular Sigma_ff at rcond=1.0e-06; their b_MVE drop a factor direction and the stitched Sharpe is fragile
2026-09-06 18:27:47,879 narrative_ipca.tuning WARNING loocv_sharpe(lam=0.0001359, K=3): 16 of 16 fold fits have a singular Sigma_ff at rcond=1.0e-06; their b_MVE drop a factor direction and the stitched Sharpe is fragile
2026-09-06 18:27:50,629 narrative_ipca.tuning WARNING loocv_sharpe(lam=0.001412, K=3): 16 of 16 fold fits have a singular Sigma_ff at rcond=1.0e-06; their b_MVE drop a factor direction and the stitched Sharpe is fragile
2026-09-06 18:27:50,786 narrative_ipca.tuning WARNING loocv_sharpe(lam=0.001539, K=3): 16 of 16 fold fits have a singular Sigma_ff at rcond=1.0e-06; their b_MVE drop a factor direction and the stitched Sharpe is fragile
2026-09-06 18:27:51,299 narrative_ipca.tuning WARNING loocv_sharpe(lam=0.0002206, K=3): 16 of 16 fold fits have a singular Sigma_ff at rcond=1.0e-06; their b_MVE drop a factor direction and the stitched Sharpe is fragile
2026-09-06 18:27:54,101 narrative_ipca.tuning WARNING loocv_sharpe(lam=0.002292, K=3): 16 of 16 fold fits have a singular Sigma_ff at rcond=1.0e-06; their b_MVE drop a factor direction and the stitched Sharpe is fragile
2026-09-06 18:27:54,125 narrative_ipca.tuning WARNING loocv_sharpe(lam=0.002498, K=3): 16 of 16 fold fits have a singular Sigma_ff at rcond=1.0e-06; their b_MVE drop a factor direction and the stitched Sharpe is fragile
2026-09-06 18:27:54,680 narrative_ipca.tuning WARNING loocv_sharpe(lam=0.0003583, K=3): 16 of 16 fold fits have a singular Sigma_ff at rcond=1.0e-06; their b_MVE drop a factor direction and the stitched Sharpe is fragile
2026-09-06 18:27:57,476 narrative_ipca.tuning WARNING loocv_sharpe(lam=0.004057, K=3): 16 of 16 fold fits have a singular Sigma_ff at rcond=1.0e-06; their b_MVE drop a factor direction and the stitched Sharpe is fragile
2026-09-06 18:27:57,487 narrative_ipca.tuning WARNING loocv_sharpe(lam=0.003722, K=3): 16 of 16 fold fits have a singular Sigma_ff at rcond=1.0e-06; their b_MVE drop a factor direction and the stitched Sharpe is fragile
2026-09-06 18:27:58,315 narrative_ipca.tuning WARNING loocv_sharpe(lam=0.0005818, K=3): 16 of 16 fold fits have a singular Sigma_ff at rcond=1.0e-06; their b_MVE drop a factor direction and the stitched Sharpe is fragile
2026-09-06 18:28:00,735 narrative_ipca.tuning WARNING loocv_sharpe(lam=0.006587, K=3): 16 of 16 fold fits have a singular Sigma_ff at rcond=1.0e-06; their b_MVE drop a factor direction and the stitched Sharpe is fragile
2026-09-06 18:28:00,782 narrative_ipca.tuning WARNING loocv_sharpe(lam=0.006044, K=3): 16 of 16 fold fits have a singular Sigma_ff at rcond=1.0e-06; their b_MVE drop a factor direction and the stitched Sharpe is fragile
2026-09-06 18:28:01,887 narrative_ipca.tuning WARNING loocv_sharpe(lam=0.0009446, K=3): 16 of 16 fold fits have a singular Sigma_ff at rcond=1.0e-06; their b_MVE drop a factor direction and the stitched Sharpe is fragile
2026-09-06 18:28:03,827 narrative_ipca.tuning WARNING loocv_sharpe(lam=0.009814, K=3): 16 of 16 fold fits have a singular Sigma_ff at rcond=1.0e-06; their b_MVE drop a factor direction and the stitched Sharpe is fragile
2026-09-06 18:28:03,832 narrative_ipca.tuning WARNING tune: the chosen point (lam=0.009814, K=3, 1 selected) has a singular Sigma_ff at rcond=1.0e-06; its loocv_sharpe criterion and b_MVE drop at least one factor direction
2026-09-06 18:28:03,832 narrative_ipca.oos WARNING run_oos: refit 5/8 (lam=0.009814, K=3, 1 selected): Sigma_ff is singular at rcond=1.0e-06, b_MVE drops at least one factor direction; the OOS MVE of this block is fragile
2026-09-06 18:28:03,917 narrative_ipca.tuning WARNING loocv_sharpe(lam=0.0107, K=3): 16 of 16 fold fits have a singular Sigma_ff at rcond=1.0e-06; their b_MVE drop a factor direction and the stitched Sharpe is fragile
2026-09-06 18:28:05,282 narrative_ipca.tuning WARNING loocv_sharpe(lam=0.001534, K=3): 16 of 16 fold fits have a singular Sigma_ff at rcond=1.0e-06; their b_MVE drop a factor direction and the stitched Sharpe is fragile
2026-09-06 18:28:08,595 narrative_ipca.tuning WARNING loocv_sharpe(lam=0.002491, K=3): 16 of 16 fold fits have a singular Sigma_ff at rcond=1.0e-06; their b_MVE drop a factor direction and the stitched Sharpe is fragile
2026-09-06 18:28:11,815 narrative_ipca.tuning WARNING loocv_sharpe(lam=0.004044, K=3): 16 of 16 fold fits have a singular Sigma_ff at rcond=1.0e-06; their b_MVE drop a factor direction and the stitched Sharpe is fragile
2026-09-06 18:28:12,266 narrative_ipca.sparse_ipca WARNING fit_sparse_ipca(lam=9.413e-07, K=3) did not converge in 500 sweeps
2026-09-06 18:28:12,360 narrative_ipca.sparse_ipca WARNING fit_sparse_ipca(lam=1.062e-06, K=3) did not converge in 500 sweeps
2026-09-06 18:28:14,927 narrative_ipca.tuning WARNING loocv_sharpe(lam=0.006567, K=3): 16 of 16 fold fits have a singular Sigma_ff at rcond=1.0e-06; their b_MVE drop a factor direction and the stitched Sharpe is fragile
2026-09-06 18:28:17,971 narrative_ipca.tuning WARNING loocv_sharpe(lam=0.01066, K=3): 16 of 16 fold fits have a singular Sigma_ff at rcond=1.0e-06; their b_MVE drop a factor direction and the stitched Sharpe is fragile
2026-09-06 18:28:26,503 narrative_ipca.sparse_ipca WARNING fit_sparse_ipca(lam=1.063e-06, K=3) did not converge in 500 sweeps
2026-09-06 18:29:24,009 narrative_ipca.tuning WARNING loocv_sharpe(lam=0.0001198, K=3): 16 of 16 fold fits have a singular Sigma_ff at rcond=1.0e-06; their b_MVE drop a factor direction and the stitched Sharpe is fragile
2026-09-06 18:29:26,984 narrative_ipca.tuning WARNING loocv_sharpe(lam=0.0001301, K=3): 16 of 16 fold fits have a singular Sigma_ff at rcond=1.0e-06; their b_MVE drop a factor direction and the stitched Sharpe is fragile
2026-09-06 18:29:27,647 narrative_ipca.tuning WARNING loocv_sharpe(lam=0.0001945, K=3): 16 of 16 fold fits have a singular Sigma_ff at rcond=1.0e-06; their b_MVE drop a factor direction and the stitched Sharpe is fragile
2026-09-06 18:29:27,980 narrative_ipca.tuning WARNING loocv_sharpe(lam=0.0002944, K=3): 16 of 16 fold fits have a singular Sigma_ff at rcond=1.0e-06; their b_MVE drop a factor direction and the stitched Sharpe is fragile
2026-09-06 18:29:30,615 narrative_ipca.tuning WARNING loocv_sharpe(lam=0.0002112, K=3): 16 of 16 fold fits have a singular Sigma_ff at rcond=1.0e-06; their b_MVE drop a factor direction and the stitched Sharpe is fragile
2026-09-06 18:29:31,188 narrative_ipca.tuning WARNING loocv_sharpe(lam=0.0003159, K=3): 16 of 16 fold fits have a singular Sigma_ff at rcond=1.0e-06; their b_MVE drop a factor direction and the stitched Sharpe is fragile
2026-09-06 18:29:31,761 narrative_ipca.tuning WARNING loocv_sharpe(lam=0.000478, K=3): 16 of 16 fold fits have a singular Sigma_ff at rcond=1.0e-06; their b_MVE drop a factor direction and the stitched Sharpe is fragile
2026-09-06 18:29:33,870 narrative_ipca.tuning WARNING loocv_sharpe(lam=0.000343, K=3): 16 of 16 fold fits have a singular Sigma_ff at rcond=1.0e-06; their b_MVE drop a factor direction and the stitched Sharpe is fragile
2026-09-06 18:29:34,611 narrative_ipca.tuning WARNING loocv_sharpe(lam=0.0005129, K=3): 16 of 16 fold fits have a singular Sigma_ff at rcond=1.0e-06; their b_MVE drop a factor direction and the stitched Sharpe is fragile
2026-09-06 18:29:35,357 narrative_ipca.tuning WARNING loocv_sharpe(lam=0.0007761, K=3): 16 of 16 fold fits have a singular Sigma_ff at rcond=1.0e-06; their b_MVE drop a factor direction and the stitched Sharpe is fragile
2026-09-06 18:29:37,106 narrative_ipca.tuning WARNING loocv_sharpe(lam=0.000557, K=3): 16 of 16 fold fits have a singular Sigma_ff at rcond=1.0e-06; their b_MVE drop a factor direction and the stitched Sharpe is fragile
2026-09-06 18:29:37,954 narrative_ipca.tuning WARNING loocv_sharpe(lam=0.0008328, K=3): 16 of 16 fold fits have a singular Sigma_ff at rcond=1.0e-06; their b_MVE drop a factor direction and the stitched Sharpe is fragile
2026-09-06 18:29:38,819 narrative_ipca.tuning WARNING loocv_sharpe(lam=0.00126, K=3): 16 of 16 fold fits have a singular Sigma_ff at rcond=1.0e-06; their b_MVE drop a factor direction and the stitched Sharpe is fragile
2026-09-06 18:29:40,244 narrative_ipca.tuning WARNING loocv_sharpe(lam=0.0009044, K=3): 16 of 16 fold fits have a singular Sigma_ff at rcond=1.0e-06; their b_MVE drop a factor direction and the stitched Sharpe is fragile
2026-09-06 18:29:41,277 narrative_ipca.tuning WARNING loocv_sharpe(lam=0.001352, K=3): 16 of 16 fold fits have a singular Sigma_ff at rcond=1.0e-06; their b_MVE drop a factor direction and the stitched Sharpe is fragile
2026-09-06 18:29:42,239 narrative_ipca.tuning WARNING loocv_sharpe(lam=0.002046, K=3): 16 of 16 fold fits have a singular Sigma_ff at rcond=1.0e-06; their b_MVE drop a factor direction and the stitched Sharpe is fragile
2026-09-06 18:29:43,313 narrative_ipca.tuning WARNING loocv_sharpe(lam=0.001469, K=3): 16 of 16 fold fits have a singular Sigma_ff at rcond=1.0e-06; their b_MVE drop a factor direction and the stitched Sharpe is fragile
2026-09-06 18:29:44,557 narrative_ipca.tuning WARNING loocv_sharpe(lam=0.002196, K=3): 16 of 16 fold fits have a singular Sigma_ff at rcond=1.0e-06; their b_MVE drop a factor direction and the stitched Sharpe is fragile
2026-09-06 18:29:45,527 narrative_ipca.tuning WARNING loocv_sharpe(lam=0.003323, K=3): 16 of 16 fold fits have a singular Sigma_ff at rcond=1.0e-06; their b_MVE drop a factor direction and the stitched Sharpe is fragile
2026-09-06 18:29:46,297 narrative_ipca.tuning WARNING loocv_sharpe(lam=0.002385, K=3): 16 of 16 fold fits have a singular Sigma_ff at rcond=1.0e-06; their b_MVE drop a factor direction and the stitched Sharpe is fragile
2026-09-06 18:29:47,777 narrative_ipca.tuning WARNING loocv_sharpe(lam=0.003565, K=3): 16 of 16 fold fits have a singular Sigma_ff at rcond=1.0e-06; their b_MVE drop a factor direction and the stitched Sharpe is fragile
2026-09-06 18:29:49,190 narrative_ipca.tuning WARNING loocv_sharpe(lam=0.003872, K=3): 16 of 16 fold fits have a singular Sigma_ff at rcond=1.0e-06; their b_MVE drop a factor direction and the stitched Sharpe is fragile
2026-09-06 18:29:49,644 narrative_ipca.tuning WARNING loocv_sharpe(lam=0.005396, K=3): 16 of 16 fold fits have a singular Sigma_ff at rcond=1.0e-06; their b_MVE drop a factor direction and the stitched Sharpe is fragile
2026-09-06 18:29:49,650 narrative_ipca.tuning WARNING tune: the chosen point (lam=0.000478, K=3, 25 selected) has a singular Sigma_ff at rcond=1.0e-06; its loocv_sharpe criterion and b_MVE drop at least one factor direction
2026-09-06 18:29:49,651 narrative_ipca.oos WARNING run_oos: refit 6/8 (lam=0.000478, K=3, 25 selected): Sigma_ff is singular at rcond=1.0e-06, b_MVE drops at least one factor direction; the OOS MVE of this block is fragile
2026-09-06 18:29:50,950 narrative_ipca.tuning WARNING loocv_sharpe(lam=0.00579, K=3): 16 of 16 fold fits have a singular Sigma_ff at rcond=1.0e-06; their b_MVE drop a factor direction and the stitched Sharpe is fragile
2026-09-06 18:29:51,918 narrative_ipca.tuning WARNING loocv_sharpe(lam=0.006287, K=3): 16 of 16 fold fits have a singular Sigma_ff at rcond=1.0e-06; their b_MVE drop a factor direction and the stitched Sharpe is fragile
2026-09-06 18:29:53,999 narrative_ipca.tuning WARNING loocv_sharpe(lam=0.009401, K=3): 16 of 16 fold fits have a singular Sigma_ff at rcond=1.0e-06; their b_MVE drop a factor direction and the stitched Sharpe is fragile
2026-09-06 18:29:54,808 narrative_ipca.tuning WARNING loocv_sharpe(lam=0.01021, K=3): 16 of 16 fold fits have a singular Sigma_ff at rcond=1.0e-06; their b_MVE drop a factor direction and the stitched Sharpe is fragile
2026-09-06 18:29:58,001 narrative_ipca.sparse_ipca WARNING fit_sparse_ipca(lam=5.343e-07, K=3) did not converge in 500 sweeps
2026-09-06 18:30:02,441 narrative_ipca.sparse_ipca WARNING fit_sparse_ipca(lam=9.337e-07, K=3) did not converge in 500 sweeps
2026-09-06 18:30:02,751 narrative_ipca.sparse_ipca WARNING fit_sparse_ipca(lam=1.014e-06, K=3) did not converge in 500 sweeps
2026-09-06 18:30:33,708 narrative_ipca.tuning WARNING loocv_sharpe(lam=0.0002314, K=3): 16 of 16 fold fits have a singular Sigma_ff at rcond=1.0e-06; their b_MVE drop a factor direction and the stitched Sharpe is fragile
2026-09-06 18:30:37,502 narrative_ipca.tuning WARNING loocv_sharpe(lam=0.0003757, K=3): 16 of 16 fold fits have a singular Sigma_ff at rcond=1.0e-06; their b_MVE drop a factor direction and the stitched Sharpe is fragile
2026-09-06 18:30:41,435 narrative_ipca.tuning WARNING loocv_sharpe(lam=0.0006101, K=3): 16 of 16 fold fits have a singular Sigma_ff at rcond=1.0e-06; their b_MVE drop a factor direction and the stitched Sharpe is fragile
2026-09-06 18:30:45,165 narrative_ipca.tuning WARNING loocv_sharpe(lam=0.0009906, K=3): 16 of 16 fold fits have a singular Sigma_ff at rcond=1.0e-06; their b_MVE drop a factor direction and the stitched Sharpe is fragile
2026-09-06 18:30:48,791 narrative_ipca.tuning WARNING loocv_sharpe(lam=0.001609, K=3): 16 of 16 fold fits have a singular Sigma_ff at rcond=1.0e-06; their b_MVE drop a factor direction and the stitched Sharpe is fragile
2026-09-06 18:30:52,397 narrative_ipca.tuning WARNING loocv_sharpe(lam=0.002612, K=3): 16 of 16 fold fits have a singular Sigma_ff at rcond=1.0e-06; their b_MVE drop a factor direction and the stitched Sharpe is fragile
2026-09-06 18:30:55,862 narrative_ipca.tuning WARNING loocv_sharpe(lam=0.004241, K=3): 16 of 16 fold fits have a singular Sigma_ff at rcond=1.0e-06; their b_MVE drop a factor direction and the stitched Sharpe is fragile
2026-09-06 18:30:56,585 narrative_ipca.tuning WARNING loocv_sharpe(lam=0.0001948, K=3): 16 of 16 fold fits have a singular Sigma_ff at rcond=1.0e-06; their b_MVE drop a factor direction and the stitched Sharpe is fragile
2026-09-06 18:30:59,296 narrative_ipca.tuning WARNING loocv_sharpe(lam=0.006887, K=3): 16 of 16 fold fits have a singular Sigma_ff at rcond=1.0e-06; their b_MVE drop a factor direction and the stitched Sharpe is fragile
2026-09-06 18:31:00,455 narrative_ipca.tuning WARNING loocv_sharpe(lam=0.0003162, K=3): 16 of 16 fold fits have a singular Sigma_ff at rcond=1.0e-06; their b_MVE drop a factor direction and the stitched Sharpe is fragile
2026-09-06 18:31:02,679 narrative_ipca.tuning WARNING loocv_sharpe(lam=0.01118, K=3): 16 of 16 fold fits have a singular Sigma_ff at rcond=1.0e-06; their b_MVE drop a factor direction and the stitched Sharpe is fragile
2026-09-06 18:31:02,684 narrative_ipca.tuning WARNING tune: the chosen point (lam=0.0002314, K=3, 7 selected) has a singular Sigma_ff at rcond=1.0e-06; its loocv_sharpe criterion and b_MVE drop at least one factor direction
2026-09-06 18:31:02,685 narrative_ipca.oos WARNING run_oos: refit 6/8 (lam=0.0002314, K=3, 7 selected): Sigma_ff is singular at rcond=1.0e-06, b_MVE drops at least one factor direction; the OOS MVE of this block is fragile
2026-09-06 18:31:04,157 narrative_ipca.tuning WARNING loocv_sharpe(lam=0.0005135, K=3): 16 of 16 fold fits have a singular Sigma_ff at rcond=1.0e-06; their b_MVE drop a factor direction and the stitched Sharpe is fragile
2026-09-06 18:31:08,009 narrative_ipca.tuning WARNING loocv_sharpe(lam=0.0008338, K=3): 16 of 16 fold fits have a singular Sigma_ff at rcond=1.0e-06; their b_MVE drop a factor direction and the stitched Sharpe is fragile
2026-09-06 18:31:11,210 narrative_ipca.sparse_ipca WARNING fit_sparse_ipca(lam=1.11e-06, K=3) did not converge in 500 sweeps
2026-09-06 18:31:11,833 narrative_ipca.tuning WARNING loocv_sharpe(lam=0.001354, K=3): 16 of 16 fold fits have a singular Sigma_ff at rcond=1.0e-06; their b_MVE drop a factor direction and the stitched Sharpe is fragile
2026-09-06 18:31:15,475 narrative_ipca.tuning WARNING loocv_sharpe(lam=0.0001354, K=3): 16 of 16 fold fits have a singular Sigma_ff at rcond=1.0e-06; their b_MVE drop a factor direction and the stitched Sharpe is fragile
2026-09-06 18:31:15,586 narrative_ipca.tuning WARNING loocv_sharpe(lam=0.002199, K=3): 16 of 16 fold fits have a singular Sigma_ff at rcond=1.0e-06; their b_MVE drop a factor direction and the stitched Sharpe is fragile
2026-09-06 18:31:19,101 narrative_ipca.tuning WARNING loocv_sharpe(lam=0.00357, K=3): 16 of 16 fold fits have a singular Sigma_ff at rcond=1.0e-06; their b_MVE drop a factor direction and the stitched Sharpe is fragile
2026-09-06 18:31:19,266 narrative_ipca.tuning WARNING loocv_sharpe(lam=0.0002199, K=3): 16 of 16 fold fits have a singular Sigma_ff at rcond=1.0e-06; their b_MVE drop a factor direction and the stitched Sharpe is fragile
2026-09-06 18:31:22,517 narrative_ipca.tuning WARNING loocv_sharpe(lam=0.005797, K=3): 16 of 16 fold fits have a singular Sigma_ff at rcond=1.0e-06; their b_MVE drop a factor direction and the stitched Sharpe is fragile
2026-09-06 18:31:23,111 narrative_ipca.tuning WARNING loocv_sharpe(lam=0.0003571, K=3): 16 of 16 fold fits have a singular Sigma_ff at rcond=1.0e-06; their b_MVE drop a factor direction and the stitched Sharpe is fragile
2026-09-06 18:31:25,907 narrative_ipca.tuning WARNING loocv_sharpe(lam=0.009413, K=3): 16 of 16 fold fits have a singular Sigma_ff at rcond=1.0e-06; their b_MVE drop a factor direction and the stitched Sharpe is fragile
2026-09-06 18:31:27,066 narrative_ipca.tuning WARNING loocv_sharpe(lam=0.0005798, K=3): 16 of 16 fold fits have a singular Sigma_ff at rcond=1.0e-06; their b_MVE drop a factor direction and the stitched Sharpe is fragile
2026-09-06 18:31:31,013 narrative_ipca.tuning WARNING loocv_sharpe(lam=0.0009415, K=3): 16 of 16 fold fits have a singular Sigma_ff at rcond=1.0e-06; their b_MVE drop a factor direction and the stitched Sharpe is fragile
2026-09-06 18:31:33,558 narrative_ipca.tuning WARNING loocv_sharpe(lam=0.0001353, K=3): 16 of 16 fold fits have a singular Sigma_ff at rcond=1.0e-06; their b_MVE drop a factor direction and the stitched Sharpe is fragile
2026-09-06 18:31:34,826 narrative_ipca.sparse_ipca WARNING fit_sparse_ipca(lam=9.473e-07, K=3) did not converge in 500 sweeps
2026-09-06 18:31:34,909 narrative_ipca.tuning WARNING loocv_sharpe(lam=0.001529, K=3): 16 of 16 fold fits have a singular Sigma_ff at rcond=1.0e-06; their b_MVE drop a factor direction and the stitched Sharpe is fragile
2026-09-06 18:31:37,688 narrative_ipca.tuning WARNING loocv_sharpe(lam=0.0002198, K=3): 16 of 16 fold fits have a singular Sigma_ff at rcond=1.0e-06; their b_MVE drop a factor direction and the stitched Sharpe is fragile
2026-09-06 18:31:38,769 narrative_ipca.tuning WARNING loocv_sharpe(lam=0.002482, K=3): 16 of 16 fold fits have a singular Sigma_ff at rcond=1.0e-06; their b_MVE drop a factor direction and the stitched Sharpe is fragile
2026-09-06 18:31:41,746 narrative_ipca.tuning WARNING loocv_sharpe(lam=0.0003568, K=3): 16 of 16 fold fits have a singular Sigma_ff at rcond=1.0e-06; their b_MVE drop a factor direction and the stitched Sharpe is fragile
2026-09-06 18:31:42,164 narrative_ipca.tuning WARNING loocv_sharpe(lam=0.004031, K=3): 16 of 16 fold fits have a singular Sigma_ff at rcond=1.0e-06; their b_MVE drop a factor direction and the stitched Sharpe is fragile
2026-09-06 18:31:45,399 narrative_ipca.tuning WARNING loocv_sharpe(lam=0.0005794, K=3): 16 of 16 fold fits have a singular Sigma_ff at rcond=1.0e-06; their b_MVE drop a factor direction and the stitched Sharpe is fragile
2026-09-06 18:31:45,505 narrative_ipca.tuning WARNING loocv_sharpe(lam=0.006545, K=3): 16 of 16 fold fits have a singular Sigma_ff at rcond=1.0e-06; their b_MVE drop a factor direction and the stitched Sharpe is fragile
2026-09-06 18:31:48,790 narrative_ipca.tuning WARNING loocv_sharpe(lam=0.01063, K=3): 16 of 16 fold fits have a singular Sigma_ff at rcond=1.0e-06; their b_MVE drop a factor direction and the stitched Sharpe is fragile
2026-09-06 18:31:48,938 narrative_ipca.tuning WARNING loocv_sharpe(lam=0.0009408, K=3): 16 of 16 fold fits have a singular Sigma_ff at rcond=1.0e-06; their b_MVE drop a factor direction and the stitched Sharpe is fragile
2026-09-06 18:31:52,599 narrative_ipca.tuning WARNING loocv_sharpe(lam=0.001528, K=3): 16 of 16 fold fits have a singular Sigma_ff at rcond=1.0e-06; their b_MVE drop a factor direction and the stitched Sharpe is fragile
2026-09-06 18:31:56,219 narrative_ipca.tuning WARNING loocv_sharpe(lam=0.002481, K=3): 16 of 16 fold fits have a singular Sigma_ff at rcond=1.0e-06; their b_MVE drop a factor direction and the stitched Sharpe is fragile
2026-09-06 18:31:57,605 narrative_ipca.sparse_ipca WARNING fit_sparse_ipca(lam=1.065e-06, K=3) did not converge in 500 sweeps
2026-09-06 18:31:59,891 narrative_ipca.tuning WARNING loocv_sharpe(lam=0.004028, K=3): 16 of 16 fold fits have a singular Sigma_ff at rcond=1.0e-06; their b_MVE drop a factor direction and the stitched Sharpe is fragile
2026-09-06 18:32:03,484 narrative_ipca.tuning WARNING loocv_sharpe(lam=0.006541, K=3): 16 of 16 fold fits have a singular Sigma_ff at rcond=1.0e-06; their b_MVE drop a factor direction and the stitched Sharpe is fragile
2026-09-06 18:32:06,908 narrative_ipca.tuning WARNING loocv_sharpe(lam=0.01062, K=3): 16 of 16 fold fits have a singular Sigma_ff at rcond=1.0e-06; their b_MVE drop a factor direction and the stitched Sharpe is fragile
2026-09-06 18:32:06,913 narrative_ipca.tuning WARNING tune: the chosen point (lam=0.01062, K=3, 3 selected) has a singular Sigma_ff at rcond=1.0e-06; its loocv_sharpe criterion and b_MVE drop at least one factor direction
2026-09-06 18:32:06,914 narrative_ipca.oos WARNING run_oos: refit 5/8 (lam=0.01062, K=3, 3 selected): Sigma_ff is singular at rcond=1.0e-06, b_MVE drops at least one factor direction; the OOS MVE of this block is fragile
2026-09-06 18:32:15,803 narrative_ipca.sparse_ipca WARNING fit_sparse_ipca(lam=1.049e-06, K=3) did not converge in 500 sweeps
2026-09-06 18:32:53,864 narrative_ipca.tuning WARNING loocv_sharpe(lam=0.0001795, K=3): 3 of 16 fold fits have a singular Sigma_ff at rcond=1.0e-06; their b_MVE drop a factor direction and the stitched Sharpe is fragile
2026-09-06 18:32:56,253 narrative_ipca.tuning WARNING loocv_sharpe(lam=0.000119, K=3): 16 of 16 fold fits have a singular Sigma_ff at rcond=1.0e-06; their b_MVE drop a factor direction and the stitched Sharpe is fragile
2026-09-06 18:32:58,088 narrative_ipca.tuning WARNING loocv_sharpe(lam=0.0002915, K=3): 16 of 16 fold fits have a singular Sigma_ff at rcond=1.0e-06; their b_MVE drop a factor direction and the stitched Sharpe is fragile
2026-09-06 18:33:00,390 narrative_ipca.tuning WARNING loocv_sharpe(lam=0.0001932, K=3): 16 of 16 fold fits have a singular Sigma_ff at rcond=1.0e-06; their b_MVE drop a factor direction and the stitched Sharpe is fragile
2026-09-06 18:33:02,418 narrative_ipca.tuning WARNING loocv_sharpe(lam=0.0004733, K=3): 16 of 16 fold fits have a singular Sigma_ff at rcond=1.0e-06; their b_MVE drop a factor direction and the stitched Sharpe is fragile
2026-09-06 18:33:04,298 narrative_ipca.tuning WARNING loocv_sharpe(lam=0.0003137, K=3): 16 of 16 fold fits have a singular Sigma_ff at rcond=1.0e-06; their b_MVE drop a factor direction and the stitched Sharpe is fragile
2026-09-06 18:33:06,423 narrative_ipca.tuning WARNING loocv_sharpe(lam=0.0007686, K=3): 16 of 16 fold fits have a singular Sigma_ff at rcond=1.0e-06; their b_MVE drop a factor direction and the stitched Sharpe is fragile
2026-09-06 18:33:08,085 narrative_ipca.tuning WARNING loocv_sharpe(lam=0.0005094, K=3): 16 of 16 fold fits have a singular Sigma_ff at rcond=1.0e-06; their b_MVE drop a factor direction and the stitched Sharpe is fragile
2026-09-06 18:33:10,330 narrative_ipca.tuning WARNING loocv_sharpe(lam=0.001248, K=3): 16 of 16 fold fits have a singular Sigma_ff at rcond=1.0e-06; their b_MVE drop a factor direction and the stitched Sharpe is fragile
2026-09-06 18:33:11,923 narrative_ipca.tuning WARNING loocv_sharpe(lam=0.0008272, K=3): 16 of 16 fold fits have a singular Sigma_ff at rcond=1.0e-06; their b_MVE drop a factor direction and the stitched Sharpe is fragile
2026-09-06 18:33:14,163 narrative_ipca.tuning WARNING loocv_sharpe(lam=0.002026, K=3): 16 of 16 fold fits have a singular Sigma_ff at rcond=1.0e-06; their b_MVE drop a factor direction and the stitched Sharpe is fragile
2026-09-06 18:33:15,674 narrative_ipca.tuning WARNING loocv_sharpe(lam=0.001343, K=3): 16 of 16 fold fits have a singular Sigma_ff at rcond=1.0e-06; their b_MVE drop a factor direction and the stitched Sharpe is fragile
2026-09-06 18:33:17,643 narrative_ipca.tuning WARNING loocv_sharpe(lam=0.00329, K=3): 16 of 16 fold fits have a singular Sigma_ff at rcond=1.0e-06; their b_MVE drop a factor direction and the stitched Sharpe is fragile
2026-09-06 18:33:19,325 narrative_ipca.tuning WARNING loocv_sharpe(lam=0.002181, K=3): 16 of 16 fold fits have a singular Sigma_ff at rcond=1.0e-06; their b_MVE drop a factor direction and the stitched Sharpe is fragile
2026-09-06 18:33:22,755 narrative_ipca.tuning WARNING loocv_sharpe(lam=0.005343, K=3): 16 of 16 fold fits have a singular Sigma_ff at rcond=1.0e-06; their b_MVE drop a factor direction and the stitched Sharpe is fragile
2026-09-06 18:33:22,760 narrative_ipca.tuning WARNING tune: the chosen point (lam=0.00329, K=3, 6 selected) has a singular Sigma_ff at rcond=1.0e-06; its loocv_sharpe criterion and b_MVE drop at least one factor direction
2026-09-06 18:33:22,761 narrative_ipca.oos WARNING run_oos: refit 7/8 (lam=0.00329, K=3, 6 selected): Sigma_ff is singular at rcond=1.0e-06, b_MVE drops at least one factor direction; the OOS MVE of this block is fragile
2026-09-06 18:33:23,135 narrative_ipca.tuning WARNING loocv_sharpe(lam=0.003541, K=3): 16 of 16 fold fits have a singular Sigma_ff at rcond=1.0e-06; their b_MVE drop a factor direction and the stitched Sharpe is fragile
2026-09-06 18:33:26,648 narrative_ipca.tuning WARNING loocv_sharpe(lam=0.00575, K=3): 16 of 16 fold fits have a singular Sigma_ff at rcond=1.0e-06; their b_MVE drop a factor direction and the stitched Sharpe is fragile
2026-09-06 18:33:30,114 narrative_ipca.tuning WARNING loocv_sharpe(lam=0.009337, K=3): 16 of 16 fold fits have a singular Sigma_ff at rcond=1.0e-06; their b_MVE drop a factor direction and the stitched Sharpe is fragile
2026-09-06 18:33:30,119 narrative_ipca.tuning WARNING tune: the chosen point (lam=0.0003137, K=3, 3 selected) has a singular Sigma_ff at rcond=1.0e-06; its loocv_sharpe criterion and b_MVE drop at least one factor direction
2026-09-06 18:33:30,120 narrative_ipca.oos WARNING run_oos: refit 5/8 (lam=0.0003137, K=3, 3 selected): Sigma_ff is singular at rcond=1.0e-06, b_MVE drops at least one factor direction; the OOS MVE of this block is fragile
2026-09-06 18:33:31,274 narrative_ipca.sparse_ipca WARNING fit_sparse_ipca(lam=5.304e-07, K=3) did not converge in 500 sweeps
2026-09-06 18:33:32,219 narrative_ipca.tuning WARNING loocv_sharpe(lam=0.0001292, K=3): 16 of 16 fold fits have a singular Sigma_ff at rcond=1.0e-06; their b_MVE drop a factor direction and the stitched Sharpe is fragile
2026-09-06 18:33:35,762 narrative_ipca.tuning WARNING loocv_sharpe(lam=0.0002098, K=3): 16 of 16 fold fits have a singular Sigma_ff at rcond=1.0e-06; their b_MVE drop a factor direction and the stitched Sharpe is fragile
2026-09-06 18:33:39,100 narrative_ipca.sparse_ipca WARNING fit_sparse_ipca(lam=8.916e-07, K=3) did not converge in 500 sweeps
2026-09-06 18:33:39,216 narrative_ipca.tuning WARNING loocv_sharpe(lam=0.0003407, K=3): 16 of 16 fold fits have a singular Sigma_ff at rcond=1.0e-06; their b_MVE drop a factor direction and the stitched Sharpe is fragile
2026-09-06 18:33:42,585 narrative_ipca.tuning WARNING loocv_sharpe(lam=0.0005533, K=3): 16 of 16 fold fits have a singular Sigma_ff at rcond=1.0e-06; their b_MVE drop a factor direction and the stitched Sharpe is fragile
2026-09-06 18:33:46,041 narrative_ipca.tuning WARNING loocv_sharpe(lam=0.0008984, K=3): 16 of 16 fold fits have a singular Sigma_ff at rcond=1.0e-06; their b_MVE drop a factor direction and the stitched Sharpe is fragile
2026-09-06 18:33:49,456 narrative_ipca.tuning WARNING loocv_sharpe(lam=0.001459, K=3): 16 of 16 fold fits have a singular Sigma_ff at rcond=1.0e-06; their b_MVE drop a factor direction and the stitched Sharpe is fragile
2026-09-06 18:33:52,828 narrative_ipca.tuning WARNING loocv_sharpe(lam=0.002369, K=3): 16 of 16 fold fits have a singular Sigma_ff at rcond=1.0e-06; their b_MVE drop a factor direction and the stitched Sharpe is fragile
2026-09-06 18:33:56,280 narrative_ipca.tuning WARNING loocv_sharpe(lam=0.003846, K=3): 16 of 16 fold fits have a singular Sigma_ff at rcond=1.0e-06; their b_MVE drop a factor direction and the stitched Sharpe is fragile
2026-09-06 18:33:59,507 narrative_ipca.tuning WARNING loocv_sharpe(lam=0.006245, K=3): 16 of 16 fold fits have a singular Sigma_ff at rcond=1.0e-06; their b_MVE drop a factor direction and the stitched Sharpe is fragile
2026-09-06 18:34:02,698 narrative_ipca.tuning WARNING loocv_sharpe(lam=0.01014, K=3): 16 of 16 fold fits have a singular Sigma_ff at rcond=1.0e-06; their b_MVE drop a factor direction and the stitched Sharpe is fragile
2026-09-06 18:34:02,702 narrative_ipca.tuning WARNING tune: the chosen point (lam=0.0005533, K=3, 5 selected) has a singular Sigma_ff at rcond=1.0e-06; its loocv_sharpe criterion and b_MVE drop at least one factor direction
2026-09-06 18:34:02,703 narrative_ipca.oos WARNING run_oos: refit 4/8 (lam=0.0005533, K=3, 5 selected): Sigma_ff is singular at rcond=1.0e-06, b_MVE drops at least one factor direction; the OOS MVE of this block is fragile
2026-09-06 18:34:11,260 narrative_ipca.sparse_ipca WARNING fit_sparse_ipca(lam=1.007e-06, K=3) did not converge in 500 sweeps
2026-09-06 18:34:25,017 narrative_ipca.tuning WARNING loocv_sharpe(lam=0.0002297, K=3): 16 of 16 fold fits have a singular Sigma_ff at rcond=1.0e-06; their b_MVE drop a factor direction and the stitched Sharpe is fragile
2026-09-06 18:34:29,394 narrative_ipca.tuning WARNING loocv_sharpe(lam=0.000373, K=3): 16 of 16 fold fits have a singular Sigma_ff at rcond=1.0e-06; their b_MVE drop a factor direction and the stitched Sharpe is fragile
2026-09-06 18:34:29,445 narrative_ipca.tuning WARNING loocv_sharpe(lam=0.000196, K=3): 16 of 16 fold fits have a singular Sigma_ff at rcond=1.0e-06; their b_MVE drop a factor direction and the stitched Sharpe is fragile
2026-09-06 18:34:33,592 narrative_ipca.tuning WARNING loocv_sharpe(lam=0.0003183, K=3): 16 of 16 fold fits have a singular Sigma_ff at rcond=1.0e-06; their b_MVE drop a factor direction and the stitched Sharpe is fragile
2026-09-06 18:34:33,671 narrative_ipca.tuning WARNING loocv_sharpe(lam=0.0006056, K=3): 16 of 16 fold fits have a singular Sigma_ff at rcond=1.0e-06; their b_MVE drop a factor direction and the stitched Sharpe is fragile
2026-09-06 18:34:37,733 narrative_ipca.tuning WARNING loocv_sharpe(lam=0.0005168, K=3): 16 of 16 fold fits have a singular Sigma_ff at rcond=1.0e-06; their b_MVE drop a factor direction and the stitched Sharpe is fragile
2026-09-06 18:34:37,898 narrative_ipca.tuning WARNING loocv_sharpe(lam=0.0009834, K=3): 16 of 16 fold fits have a singular Sigma_ff at rcond=1.0e-06; their b_MVE drop a factor direction and the stitched Sharpe is fragile
2026-09-06 18:34:41,682 narrative_ipca.tuning WARNING loocv_sharpe(lam=0.0008392, K=3): 16 of 16 fold fits have a singular Sigma_ff at rcond=1.0e-06; their b_MVE drop a factor direction and the stitched Sharpe is fragile
2026-09-06 18:34:41,920 narrative_ipca.tuning WARNING loocv_sharpe(lam=0.001597, K=3): 16 of 16 fold fits have a singular Sigma_ff at rcond=1.0e-06; their b_MVE drop a factor direction and the stitched Sharpe is fragile
2026-09-06 18:34:45,574 narrative_ipca.tuning WARNING loocv_sharpe(lam=0.001363, K=3): 16 of 16 fold fits have a singular Sigma_ff at rcond=1.0e-06; their b_MVE drop a factor direction and the stitched Sharpe is fragile
2026-09-06 18:34:45,825 narrative_ipca.tuning WARNING loocv_sharpe(lam=0.002593, K=3): 16 of 16 fold fits have a singular Sigma_ff at rcond=1.0e-06; their b_MVE drop a factor direction and the stitched Sharpe is fragile
2026-09-06 18:34:49,341 narrative_ipca.tuning WARNING loocv_sharpe(lam=0.002213, K=3): 16 of 16 fold fits have a singular Sigma_ff at rcond=1.0e-06; their b_MVE drop a factor direction and the stitched Sharpe is fragile
2026-09-06 18:34:49,564 narrative_ipca.tuning WARNING loocv_sharpe(lam=0.00421, K=3): 16 of 16 fold fits have a singular Sigma_ff at rcond=1.0e-06; their b_MVE drop a factor direction and the stitched Sharpe is fragile
2026-09-06 18:34:52,973 narrative_ipca.tuning WARNING loocv_sharpe(lam=0.003593, K=3): 16 of 16 fold fits have a singular Sigma_ff at rcond=1.0e-06; their b_MVE drop a factor direction and the stitched Sharpe is fragile
2026-09-06 18:34:53,122 narrative_ipca.tuning WARNING loocv_sharpe(lam=0.006836, K=3): 16 of 16 fold fits have a singular Sigma_ff at rcond=1.0e-06; their b_MVE drop a factor direction and the stitched Sharpe is fragile
2026-09-06 18:34:56,587 narrative_ipca.tuning WARNING loocv_sharpe(lam=0.005834, K=3): 16 of 16 fold fits have a singular Sigma_ff at rcond=1.0e-06; their b_MVE drop a factor direction and the stitched Sharpe is fragile
2026-09-06 18:34:56,648 narrative_ipca.tuning WARNING loocv_sharpe(lam=0.0111, K=3): 16 of 16 fold fits have a singular Sigma_ff at rcond=1.0e-06; their b_MVE drop a factor direction and the stitched Sharpe is fragile
2026-09-06 18:34:56,654 narrative_ipca.tuning WARNING tune: the chosen point (lam=0.0111, K=3, 1 selected) has a singular Sigma_ff at rcond=1.0e-06; its loocv_sharpe criterion and b_MVE drop at least one factor direction
2026-09-06 18:34:56,655 narrative_ipca.oos WARNING run_oos: refit 7/8 (lam=0.0111, K=3, 1 selected): Sigma_ff is singular at rcond=1.0e-06, b_MVE drops at least one factor direction; the OOS MVE of this block is fragile
2026-09-06 18:35:00,245 narrative_ipca.tuning WARNING loocv_sharpe(lam=0.009473, K=3): 16 of 16 fold fits have a singular Sigma_ff at rcond=1.0e-06; their b_MVE drop a factor direction and the stitched Sharpe is fragile
2026-09-06 18:35:03,060 narrative_ipca.tuning WARNING loocv_sharpe(lam=0.0001357, K=3): 16 of 16 fold fits have a singular Sigma_ff at rcond=1.0e-06; their b_MVE drop a factor direction and the stitched Sharpe is fragile
2026-09-06 18:35:05,632 narrative_ipca.sparse_ipca WARNING fit_sparse_ipca(lam=1.133e-06, K=3) did not converge in 500 sweeps
2026-09-06 18:35:07,060 narrative_ipca.tuning WARNING loocv_sharpe(lam=0.0002204, K=3): 16 of 16 fold fits have a singular Sigma_ff at rcond=1.0e-06; their b_MVE drop a factor direction and the stitched Sharpe is fragile
2026-09-06 18:35:09,188 narrative_ipca.sparse_ipca WARNING fit_sparse_ipca(lam=9.732e-07, K=3) did not converge in 500 sweeps
2026-09-06 18:35:11,028 narrative_ipca.tuning WARNING loocv_sharpe(lam=0.0003579, K=3): 16 of 16 fold fits have a singular Sigma_ff at rcond=1.0e-06; their b_MVE drop a factor direction and the stitched Sharpe is fragile
2026-09-06 18:35:15,021 narrative_ipca.tuning WARNING loocv_sharpe(lam=0.0005811, K=3): 16 of 16 fold fits have a singular Sigma_ff at rcond=1.0e-06; their b_MVE drop a factor direction and the stitched Sharpe is fragile
2026-09-06 18:35:19,051 narrative_ipca.tuning WARNING loocv_sharpe(lam=0.0009436, K=3): 16 of 16 fold fits have a singular Sigma_ff at rcond=1.0e-06; their b_MVE drop a factor direction and the stitched Sharpe is fragile
2026-09-06 18:35:23,021 narrative_ipca.tuning WARNING loocv_sharpe(lam=0.001532, K=3): 16 of 16 fold fits have a singular Sigma_ff at rcond=1.0e-06; their b_MVE drop a factor direction and the stitched Sharpe is fragile
2026-09-06 18:35:26,318 narrative_ipca.tuning WARNING loocv_sharpe(lam=0.0001336, K=3): 16 of 16 fold fits have a singular Sigma_ff at rcond=1.0e-06; their b_MVE drop a factor direction and the stitched Sharpe is fragile
2026-09-06 18:35:27,035 narrative_ipca.tuning WARNING loocv_sharpe(lam=0.002488, K=3): 16 of 16 fold fits have a singular Sigma_ff at rcond=1.0e-06; their b_MVE drop a factor direction and the stitched Sharpe is fragile
2026-09-06 18:35:30,719 narrative_ipca.tuning WARNING loocv_sharpe(lam=0.000217, K=3): 16 of 16 fold fits have a singular Sigma_ff at rcond=1.0e-06; their b_MVE drop a factor direction and the stitched Sharpe is fragile
2026-09-06 18:35:31,069 narrative_ipca.tuning WARNING loocv_sharpe(lam=0.00404, K=3): 16 of 16 fold fits have a singular Sigma_ff at rcond=1.0e-06; their b_MVE drop a factor direction and the stitched Sharpe is fragile
2026-09-06 18:35:35,037 narrative_ipca.tuning WARNING loocv_sharpe(lam=0.00656, K=3): 16 of 16 fold fits have a singular Sigma_ff at rcond=1.0e-06; their b_MVE drop a factor direction and the stitched Sharpe is fragile
2026-09-06 18:35:35,288 narrative_ipca.tuning WARNING loocv_sharpe(lam=0.0003524, K=3): 16 of 16 fold fits have a singular Sigma_ff at rcond=1.0e-06; their b_MVE drop a factor direction and the stitched Sharpe is fragile
2026-09-06 18:35:39,026 narrative_ipca.tuning WARNING loocv_sharpe(lam=0.01065, K=3): 16 of 16 fold fits have a singular Sigma_ff at rcond=1.0e-06; their b_MVE drop a factor direction and the stitched Sharpe is fragile
2026-09-06 18:35:39,033 narrative_ipca.tuning WARNING tune: the chosen point (lam=0.0001357, K=3, 9 selected) has a singular Sigma_ff at rcond=1.0e-06; its loocv_sharpe criterion and b_MVE drop at least one factor direction
2026-09-06 18:35:39,034 narrative_ipca.oos WARNING run_oos: refit 6/8 (lam=0.0001357, K=3, 9 selected): Sigma_ff is singular at rcond=1.0e-06, b_MVE drops at least one factor direction; the OOS MVE of this block is fragile
2026-09-06 18:35:39,666 narrative_ipca.tuning WARNING loocv_sharpe(lam=0.0005721, K=3): 16 of 16 fold fits have a singular Sigma_ff at rcond=1.0e-06; their b_MVE drop a factor direction and the stitched Sharpe is fragile
2026-09-06 18:35:43,954 narrative_ipca.tuning WARNING loocv_sharpe(lam=0.000929, K=3): 16 of 16 fold fits have a singular Sigma_ff at rcond=1.0e-06; their b_MVE drop a factor direction and the stitched Sharpe is fragile
2026-09-06 18:35:48,016 narrative_ipca.tuning WARNING loocv_sharpe(lam=0.001509, K=3): 16 of 16 fold fits have a singular Sigma_ff at rcond=1.0e-06; their b_MVE drop a factor direction and the stitched Sharpe is fragile
2026-09-06 18:35:48,419 narrative_ipca.sparse_ipca WARNING fit_sparse_ipca(lam=1.056e-06, K=3) did not converge in 500 sweeps
2026-09-06 18:35:51,886 narrative_ipca.tuning WARNING loocv_sharpe(lam=0.00245, K=3): 16 of 16 fold fits have a singular Sigma_ff at rcond=1.0e-06; their b_MVE drop a factor direction and the stitched Sharpe is fragile
2026-09-06 18:35:55,701 narrative_ipca.tuning WARNING loocv_sharpe(lam=0.003978, K=3): 16 of 16 fold fits have a singular Sigma_ff at rcond=1.0e-06; their b_MVE drop a factor direction and the stitched Sharpe is fragile
2026-09-06 18:35:59,336 narrative_ipca.tuning WARNING loocv_sharpe(lam=0.006459, K=3): 16 of 16 fold fits have a singular Sigma_ff at rcond=1.0e-06; their b_MVE drop a factor direction and the stitched Sharpe is fragile
2026-09-06 18:36:02,936 narrative_ipca.tuning WARNING loocv_sharpe(lam=0.01049, K=3): 16 of 16 fold fits have a singular Sigma_ff at rcond=1.0e-06; their b_MVE drop a factor direction and the stitched Sharpe is fragile
2026-09-06 18:36:02,943 narrative_ipca.tuning WARNING tune: the chosen point (lam=0.0005721, K=3, 6 selected) has a singular Sigma_ff at rcond=1.0e-06; its loocv_sharpe criterion and b_MVE drop at least one factor direction
2026-09-06 18:36:02,944 narrative_ipca.oos WARNING run_oos: refit 6/8 (lam=0.0005721, K=3, 6 selected): Sigma_ff is singular at rcond=1.0e-06, b_MVE drops at least one factor direction; the OOS MVE of this block is fragile
2026-09-06 18:36:12,141 narrative_ipca.sparse_ipca WARNING fit_sparse_ipca(lam=1.047e-06, K=3) did not converge in 500 sweeps
2026-09-06 18:36:14,658 narrative_ipca.tuning WARNING loocv_sharpe(lam=0.0002894, K=3): 16 of 16 fold fits have a singular Sigma_ff at rcond=1.0e-06; their b_MVE drop a factor direction and the stitched Sharpe is fragile
2026-09-06 18:36:19,004 narrative_ipca.tuning WARNING loocv_sharpe(lam=0.0004699, K=3): 16 of 16 fold fits have a singular Sigma_ff at rcond=1.0e-06; their b_MVE drop a factor direction and the stitched Sharpe is fragile
2026-09-06 18:36:23,010 narrative_ipca.tuning WARNING loocv_sharpe(lam=0.000763, K=3): 16 of 16 fold fits have a singular Sigma_ff at rcond=1.0e-06; their b_MVE drop a factor direction and the stitched Sharpe is fragile
2026-09-06 18:36:27,164 narrative_ipca.tuning WARNING loocv_sharpe(lam=0.001239, K=3): 16 of 16 fold fits have a singular Sigma_ff at rcond=1.0e-06; their b_MVE drop a factor direction and the stitched Sharpe is fragile
2026-09-06 18:36:31,275 narrative_ipca.tuning WARNING loocv_sharpe(lam=0.002012, K=3): 16 of 16 fold fits have a singular Sigma_ff at rcond=1.0e-06; their b_MVE drop a factor direction and the stitched Sharpe is fragile
2026-09-06 18:36:35,175 narrative_ipca.tuning WARNING loocv_sharpe(lam=0.003267, K=3): 16 of 16 fold fits have a singular Sigma_ff at rcond=1.0e-06; their b_MVE drop a factor direction and the stitched Sharpe is fragile
2026-09-06 18:36:35,486 narrative_ipca.tuning WARNING loocv_sharpe(lam=0.0001136, K=3): 16 of 16 fold fits have a singular Sigma_ff at rcond=1.0e-06; their b_MVE drop a factor direction and the stitched Sharpe is fragile
2026-09-06 18:36:39,967 narrative_ipca.tuning WARNING loocv_sharpe(lam=0.0001845, K=3): 16 of 16 fold fits have a singular Sigma_ff at rcond=1.0e-06; their b_MVE drop a factor direction and the stitched Sharpe is fragile
2026-09-06 18:36:39,983 narrative_ipca.tuning WARNING loocv_sharpe(lam=0.005304, K=3): 16 of 16 fold fits have a singular Sigma_ff at rcond=1.0e-06; their b_MVE drop a factor direction and the stitched Sharpe is fragile
2026-09-06 18:36:40,208 run_full_study INFO variant loocv: topic_null seed 2 done in 2174s -> pass (n_selected 114.0, oos_sharpe 0.3059223605461527)
2026-09-06 18:36:44,406 narrative_ipca.tuning WARNING loocv_sharpe(lam=0.0002996, K=3): 16 of 16 fold fits have a singular Sigma_ff at rcond=1.0e-06; their b_MVE drop a factor direction and the stitched Sharpe is fragile
2026-09-06 18:36:47,795 narrative_ipca.tuning WARNING loocv_sharpe(lam=0.0004864, K=3): 16 of 16 fold fits have a singular Sigma_ff at rcond=1.0e-06; their b_MVE drop a factor direction and the stitched Sharpe is fragile
2026-09-06 18:36:51,303 narrative_ipca.tuning WARNING loocv_sharpe(lam=0.0007899, K=3): 16 of 16 fold fits have a singular Sigma_ff at rcond=1.0e-06; their b_MVE drop a factor direction and the stitched Sharpe is fragile
2026-09-06 18:36:54,726 narrative_ipca.tuning WARNING loocv_sharpe(lam=0.001283, K=3): 16 of 16 fold fits have a singular Sigma_ff at rcond=1.0e-06; their b_MVE drop a factor direction and the stitched Sharpe is fragile
2026-09-06 18:36:58,096 narrative_ipca.tuning WARNING loocv_sharpe(lam=0.002083, K=3): 16 of 16 fold fits have a singular Sigma_ff at rcond=1.0e-06; their b_MVE drop a factor direction and the stitched Sharpe is fragile
2026-09-06 18:37:01,306 narrative_ipca.tuning WARNING loocv_sharpe(lam=0.003382, K=3): 16 of 16 fold fits have a singular Sigma_ff at rcond=1.0e-06; their b_MVE drop a factor direction and the stitched Sharpe is fragile
2026-09-06 18:37:04,526 narrative_ipca.tuning WARNING loocv_sharpe(lam=0.005491, K=3): 16 of 16 fold fits have a singular Sigma_ff at rcond=1.0e-06; their b_MVE drop a factor direction and the stitched Sharpe is fragile
2026-09-06 18:37:07,578 narrative_ipca.tuning WARNING loocv_sharpe(lam=0.008916, K=3): 16 of 16 fold fits have a singular Sigma_ff at rcond=1.0e-06; their b_MVE drop a factor direction and the stitched Sharpe is fragile
2026-09-06 18:37:16,000 narrative_ipca.sparse_ipca WARNING fit_sparse_ipca(lam=9.088e-07, K=3) did not converge in 500 sweeps
2026-09-06 18:37:33,083 narrative_ipca.tuning WARNING loocv_sharpe(lam=0.0001283, K=3): 16 of 16 fold fits have a singular Sigma_ff at rcond=1.0e-06; their b_MVE drop a factor direction and the stitched Sharpe is fragile
2026-09-06 18:37:36,084 narrative_ipca.tuning WARNING loocv_sharpe(lam=0.0002084, K=3): 16 of 16 fold fits have a singular Sigma_ff at rcond=1.0e-06; their b_MVE drop a factor direction and the stitched Sharpe is fragile
2026-09-06 18:37:39,139 narrative_ipca.tuning WARNING loocv_sharpe(lam=0.0003384, K=3): 16 of 16 fold fits have a singular Sigma_ff at rcond=1.0e-06; their b_MVE drop a factor direction and the stitched Sharpe is fragile
2026-09-06 18:37:42,191 narrative_ipca.tuning WARNING loocv_sharpe(lam=0.0005494, K=3): 16 of 16 fold fits have a singular Sigma_ff at rcond=1.0e-06; their b_MVE drop a factor direction and the stitched Sharpe is fragile
2026-09-06 18:37:45,157 narrative_ipca.tuning WARNING loocv_sharpe(lam=0.0008921, K=3): 16 of 16 fold fits have a singular Sigma_ff at rcond=1.0e-06; their b_MVE drop a factor direction and the stitched Sharpe is fragile
2026-09-06 18:37:47,980 narrative_ipca.tuning WARNING loocv_sharpe(lam=0.001449, K=3): 16 of 16 fold fits have a singular Sigma_ff at rcond=1.0e-06; their b_MVE drop a factor direction and the stitched Sharpe is fragile
2026-09-06 18:37:50,717 narrative_ipca.tuning WARNING loocv_sharpe(lam=0.002352, K=3): 16 of 16 fold fits have a singular Sigma_ff at rcond=1.0e-06; their b_MVE drop a factor direction and the stitched Sharpe is fragile
2026-09-06 18:37:53,376 narrative_ipca.tuning WARNING loocv_sharpe(lam=0.003819, K=3): 16 of 16 fold fits have a singular Sigma_ff at rcond=1.0e-06; their b_MVE drop a factor direction and the stitched Sharpe is fragile
2026-09-06 18:37:55,983 narrative_ipca.tuning WARNING loocv_sharpe(lam=0.006202, K=3): 16 of 16 fold fits have a singular Sigma_ff at rcond=1.0e-06; their b_MVE drop a factor direction and the stitched Sharpe is fragile
2026-09-06 18:37:56,219 narrative_ipca.tuning WARNING loocv_sharpe(lam=0.0002014, K=3): 16 of 16 fold fits have a singular Sigma_ff at rcond=1.0e-06; their b_MVE drop a factor direction and the stitched Sharpe is fragile
2026-09-06 18:37:58,590 narrative_ipca.tuning WARNING loocv_sharpe(lam=0.01007, K=3): 16 of 16 fold fits have a singular Sigma_ff at rcond=1.0e-06; their b_MVE drop a factor direction and the stitched Sharpe is fragile
2026-09-06 18:37:58,595 narrative_ipca.tuning WARNING tune: the chosen point (lam=0.0005494, K=3, 5 selected) has a singular Sigma_ff at rcond=1.0e-06; its loocv_sharpe criterion and b_MVE drop at least one factor direction
2026-09-06 18:37:58,596 narrative_ipca.oos WARNING run_oos: refit 5/8 (lam=0.0005494, K=3, 5 selected): Sigma_ff is singular at rcond=1.0e-06, b_MVE drops at least one factor direction; the OOS MVE of this block is fragile
2026-09-06 18:37:59,851 narrative_ipca.tuning WARNING loocv_sharpe(lam=0.000327, K=3): 16 of 16 fold fits have a singular Sigma_ff at rcond=1.0e-06; their b_MVE drop a factor direction and the stitched Sharpe is fragile
2026-09-06 18:38:03,192 narrative_ipca.tuning WARNING loocv_sharpe(lam=0.0005309, K=3): 16 of 16 fold fits have a singular Sigma_ff at rcond=1.0e-06; their b_MVE drop a factor direction and the stitched Sharpe is fragile
2026-09-06 18:38:06,033 narrative_ipca.sparse_ipca WARNING fit_sparse_ipca(lam=9.908e-07, K=3) did not converge in 500 sweeps
2026-09-06 18:38:06,622 narrative_ipca.tuning WARNING loocv_sharpe(lam=0.0008621, K=3): 16 of 16 fold fits have a singular Sigma_ff at rcond=1.0e-06; their b_MVE drop a factor direction and the stitched Sharpe is fragile
2026-09-06 18:38:08,254 narrative_ipca.tuning WARNING loocv_sharpe(lam=0.0002345, K=3): 16 of 16 fold fits have a singular Sigma_ff at rcond=1.0e-06; their b_MVE drop a factor direction and the stitched Sharpe is fragile
2026-09-06 18:38:09,926 narrative_ipca.tuning WARNING loocv_sharpe(lam=0.0014, K=3): 16 of 16 fold fits have a singular Sigma_ff at rcond=1.0e-06; their b_MVE drop a factor direction and the stitched Sharpe is fragile
2026-09-06 18:38:11,707 narrative_ipca.tuning WARNING loocv_sharpe(lam=0.0003807, K=3): 16 of 16 fold fits have a singular Sigma_ff at rcond=1.0e-06; their b_MVE drop a factor direction and the stitched Sharpe is fragile
2026-09-06 18:38:13,166 narrative_ipca.tuning WARNING loocv_sharpe(lam=0.002273, K=3): 16 of 16 fold fits have a singular Sigma_ff at rcond=1.0e-06; their b_MVE drop a factor direction and the stitched Sharpe is fragile
2026-09-06 18:38:15,196 narrative_ipca.tuning WARNING loocv_sharpe(lam=0.0006182, K=3): 16 of 16 fold fits have a singular Sigma_ff at rcond=1.0e-06; their b_MVE drop a factor direction and the stitched Sharpe is fragile
2026-09-06 18:38:16,336 narrative_ipca.tuning WARNING loocv_sharpe(lam=0.003691, K=3): 16 of 16 fold fits have a singular Sigma_ff at rcond=1.0e-06; their b_MVE drop a factor direction and the stitched Sharpe is fragile
2026-09-06 18:38:18,660 narrative_ipca.tuning WARNING loocv_sharpe(lam=0.001004, K=3): 16 of 16 fold fits have a singular Sigma_ff at rcond=1.0e-06; their b_MVE drop a factor direction and the stitched Sharpe is fragile
2026-09-06 18:38:19,382 narrative_ipca.tuning WARNING loocv_sharpe(lam=0.005993, K=3): 16 of 16 fold fits have a singular Sigma_ff at rcond=1.0e-06; their b_MVE drop a factor direction and the stitched Sharpe is fragile
2026-09-06 18:38:22,019 narrative_ipca.tuning WARNING loocv_sharpe(lam=0.00163, K=3): 16 of 16 fold fits have a singular Sigma_ff at rcond=1.0e-06; their b_MVE drop a factor direction and the stitched Sharpe is fragile
2026-09-06 18:38:22,467 narrative_ipca.tuning WARNING loocv_sharpe(lam=0.009732, K=3): 16 of 16 fold fits have a singular Sigma_ff at rcond=1.0e-06; their b_MVE drop a factor direction and the stitched Sharpe is fragile
2026-09-06 18:38:22,472 narrative_ipca.tuning WARNING tune: the chosen point (lam=0.009732, K=3, 1 selected) has a singular Sigma_ff at rcond=1.0e-06; its loocv_sharpe criterion and b_MVE drop at least one factor direction
2026-09-06 18:38:22,473 narrative_ipca.oos WARNING run_oos: refit 8/8 (lam=0.009732, K=3, 1 selected): Sigma_ff is singular at rcond=1.0e-06, b_MVE drops at least one factor direction; the OOS MVE of this block is fragile
2026-09-06 18:38:22,649 run_full_study INFO variant loocv: softmax seed 1 done in 1826s -> FAIL (n_selected 4.0, oos_sharpe 0.41112545371546416)
2026-09-06 18:38:24,929 narrative_ipca.tuning WARNING loocv_sharpe(lam=0.002647, K=3): 16 of 16 fold fits have a singular Sigma_ff at rcond=1.0e-06; their b_MVE drop a factor direction and the stitched Sharpe is fragile
2026-09-06 18:38:27,841 narrative_ipca.tuning WARNING loocv_sharpe(lam=0.004298, K=3): 16 of 16 fold fits have a singular Sigma_ff at rcond=1.0e-06; their b_MVE drop a factor direction and the stitched Sharpe is fragile
2026-09-06 18:38:30,569 narrative_ipca.tuning WARNING loocv_sharpe(lam=0.006979, K=3): 16 of 16 fold fits have a singular Sigma_ff at rcond=1.0e-06; their b_MVE drop a factor direction and the stitched Sharpe is fragile
2026-09-06 18:38:33,124 narrative_ipca.tuning WARNING loocv_sharpe(lam=0.01133, K=3): 16 of 16 fold fits have a singular Sigma_ff at rcond=1.0e-06; their b_MVE drop a factor direction and the stitched Sharpe is fragile
2026-09-06 18:38:33,285 run_full_study INFO variant loocv: softmax seed 0 done in 1949s -> FAIL (n_selected 7.0, oos_sharpe 0.7654349454728464)
2026-09-06 18:38:40,239 narrative_ipca.tuning WARNING loocv_sharpe(lam=0.0001346, K=3): 16 of 16 fold fits have a singular Sigma_ff at rcond=1.0e-06; their b_MVE drop a factor direction and the stitched Sharpe is fragile
2026-09-06 18:38:42,725 narrative_ipca.tuning WARNING loocv_sharpe(lam=0.0002186, K=3): 16 of 16 fold fits have a singular Sigma_ff at rcond=1.0e-06; their b_MVE drop a factor direction and the stitched Sharpe is fragile
2026-09-06 18:38:45,225 narrative_ipca.tuning WARNING loocv_sharpe(lam=0.0003549, K=3): 16 of 16 fold fits have a singular Sigma_ff at rcond=1.0e-06; their b_MVE drop a factor direction and the stitched Sharpe is fragile
2026-09-06 18:38:47,763 narrative_ipca.tuning WARNING loocv_sharpe(lam=0.0005763, K=3): 16 of 16 fold fits have a singular Sigma_ff at rcond=1.0e-06; their b_MVE drop a factor direction and the stitched Sharpe is fragile
2026-09-06 18:38:50,385 narrative_ipca.tuning WARNING loocv_sharpe(lam=0.0009358, K=3): 16 of 16 fold fits have a singular Sigma_ff at rcond=1.0e-06; their b_MVE drop a factor direction and the stitched Sharpe is fragile
2026-09-06 18:38:53,101 narrative_ipca.tuning WARNING loocv_sharpe(lam=0.00152, K=3): 16 of 16 fold fits have a singular Sigma_ff at rcond=1.0e-06; their b_MVE drop a factor direction and the stitched Sharpe is fragile
2026-09-06 18:38:55,725 narrative_ipca.tuning WARNING loocv_sharpe(lam=0.002467, K=3): 16 of 16 fold fits have a singular Sigma_ff at rcond=1.0e-06; their b_MVE drop a factor direction and the stitched Sharpe is fragile
2026-09-06 18:38:58,074 narrative_ipca.tuning WARNING loocv_sharpe(lam=0.004006, K=3): 16 of 16 fold fits have a singular Sigma_ff at rcond=1.0e-06; their b_MVE drop a factor direction and the stitched Sharpe is fragile
2026-09-06 18:39:00,311 narrative_ipca.tuning WARNING loocv_sharpe(lam=0.006506, K=3): 16 of 16 fold fits have a singular Sigma_ff at rcond=1.0e-06; their b_MVE drop a factor direction and the stitched Sharpe is fragile
2026-09-06 18:39:02,571 narrative_ipca.tuning WARNING loocv_sharpe(lam=0.01056, K=3): 16 of 16 fold fits have a singular Sigma_ff at rcond=1.0e-06; their b_MVE drop a factor direction and the stitched Sharpe is fragile
2026-09-06 18:39:02,575 narrative_ipca.tuning WARNING tune: the chosen point (lam=0.002467, K=3, 3 selected) has a singular Sigma_ff at rcond=1.0e-06; its loocv_sharpe criterion and b_MVE drop at least one factor direction
2026-09-06 18:39:02,576 narrative_ipca.oos WARNING run_oos: refit 7/8 (lam=0.002467, K=3, 3 selected): Sigma_ff is singular at rcond=1.0e-06, b_MVE drops at least one factor direction; the OOS MVE of this block is fragile
2026-09-06 18:39:03,880 narrative_ipca.tuning WARNING loocv_sharpe(lam=0.0001334, K=3): 16 of 16 fold fits have a singular Sigma_ff at rcond=1.0e-06; their b_MVE drop a factor direction and the stitched Sharpe is fragile
2026-09-06 18:39:06,681 narrative_ipca.tuning WARNING loocv_sharpe(lam=0.0002166, K=3): 16 of 16 fold fits have a singular Sigma_ff at rcond=1.0e-06; their b_MVE drop a factor direction and the stitched Sharpe is fragile
2026-09-06 18:39:09,005 narrative_ipca.sparse_ipca WARNING fit_sparse_ipca(lam=1.072e-06, K=3) did not converge in 500 sweeps
2026-09-06 18:39:09,396 narrative_ipca.tuning WARNING loocv_sharpe(lam=0.0003517, K=3): 16 of 16 fold fits have a singular Sigma_ff at rcond=1.0e-06; their b_MVE drop a factor direction and the stitched Sharpe is fragile
2026-09-06 18:39:12,021 narrative_ipca.tuning WARNING loocv_sharpe(lam=0.0005711, K=3): 16 of 16 fold fits have a singular Sigma_ff at rcond=1.0e-06; their b_MVE drop a factor direction and the stitched Sharpe is fragile
2026-09-06 18:39:14,588 narrative_ipca.tuning WARNING loocv_sharpe(lam=0.0009273, K=3): 16 of 16 fold fits have a singular Sigma_ff at rcond=1.0e-06; their b_MVE drop a factor direction and the stitched Sharpe is fragile
2026-09-06 18:39:17,110 narrative_ipca.tuning WARNING loocv_sharpe(lam=0.001506, K=3): 16 of 16 fold fits have a singular Sigma_ff at rcond=1.0e-06; their b_MVE drop a factor direction and the stitched Sharpe is fragile
2026-09-06 18:39:19,499 narrative_ipca.tuning WARNING loocv_sharpe(lam=0.002445, K=3): 16 of 16 fold fits have a singular Sigma_ff at rcond=1.0e-06; their b_MVE drop a factor direction and the stitched Sharpe is fragile
2026-09-06 18:39:21,873 narrative_ipca.tuning WARNING loocv_sharpe(lam=0.00397, K=3): 16 of 16 fold fits have a singular Sigma_ff at rcond=1.0e-06; their b_MVE drop a factor direction and the stitched Sharpe is fragile
2026-09-06 18:39:24,153 narrative_ipca.tuning WARNING loocv_sharpe(lam=0.006447, K=3): 16 of 16 fold fits have a singular Sigma_ff at rcond=1.0e-06; their b_MVE drop a factor direction and the stitched Sharpe is fragile
2026-09-06 18:39:26,562 narrative_ipca.tuning WARNING loocv_sharpe(lam=0.01047, K=3): 16 of 16 fold fits have a singular Sigma_ff at rcond=1.0e-06; their b_MVE drop a factor direction and the stitched Sharpe is fragile
2026-09-06 18:39:33,282 narrative_ipca.sparse_ipca WARNING fit_sparse_ipca(lam=1.047e-06, K=3) did not converge in 500 sweeps
2026-09-06 18:39:36,816 narrative_ipca.tuning WARNING loocv_sharpe(lam=0.0001158, K=3): 16 of 16 fold fits have a singular Sigma_ff at rcond=1.0e-06; their b_MVE drop a factor direction and the stitched Sharpe is fragile
2026-09-06 18:39:39,407 narrative_ipca.tuning WARNING loocv_sharpe(lam=0.000188, K=3): 16 of 16 fold fits have a singular Sigma_ff at rcond=1.0e-06; their b_MVE drop a factor direction and the stitched Sharpe is fragile
2026-09-06 18:39:41,839 narrative_ipca.tuning WARNING loocv_sharpe(lam=0.0003053, K=3): 16 of 16 fold fits have a singular Sigma_ff at rcond=1.0e-06; their b_MVE drop a factor direction and the stitched Sharpe is fragile
2026-09-06 18:39:44,280 narrative_ipca.tuning WARNING loocv_sharpe(lam=0.0004958, K=3): 16 of 16 fold fits have a singular Sigma_ff at rcond=1.0e-06; their b_MVE drop a factor direction and the stitched Sharpe is fragile
2026-09-06 18:39:46,819 narrative_ipca.tuning WARNING loocv_sharpe(lam=0.000805, K=3): 16 of 16 fold fits have a singular Sigma_ff at rcond=1.0e-06; their b_MVE drop a factor direction and the stitched Sharpe is fragile
2026-09-06 18:39:49,464 narrative_ipca.tuning WARNING loocv_sharpe(lam=0.001307, K=3): 16 of 16 fold fits have a singular Sigma_ff at rcond=1.0e-06; their b_MVE drop a factor direction and the stitched Sharpe is fragile
2026-09-06 18:39:52,081 narrative_ipca.tuning WARNING loocv_sharpe(lam=0.002123, K=3): 16 of 16 fold fits have a singular Sigma_ff at rcond=1.0e-06; their b_MVE drop a factor direction and the stitched Sharpe is fragile
2026-09-06 18:39:54,594 narrative_ipca.tuning WARNING loocv_sharpe(lam=0.003447, K=3): 16 of 16 fold fits have a singular Sigma_ff at rcond=1.0e-06; their b_MVE drop a factor direction and the stitched Sharpe is fragile
2026-09-06 18:39:56,884 narrative_ipca.tuning WARNING loocv_sharpe(lam=0.005597, K=3): 16 of 16 fold fits have a singular Sigma_ff at rcond=1.0e-06; their b_MVE drop a factor direction and the stitched Sharpe is fragile
2026-09-06 18:39:59,138 narrative_ipca.tuning WARNING loocv_sharpe(lam=0.009088, K=3): 16 of 16 fold fits have a singular Sigma_ff at rcond=1.0e-06; their b_MVE drop a factor direction and the stitched Sharpe is fragile
2026-09-06 18:39:59,143 narrative_ipca.tuning WARNING tune: the chosen point (lam=0.009088, K=3, 1 selected) has a singular Sigma_ff at rcond=1.0e-06; its loocv_sharpe criterion and b_MVE drop at least one factor direction
2026-09-06 18:39:59,144 narrative_ipca.oos WARNING run_oos: refit 7/8 (lam=0.009088, K=3, 1 selected): Sigma_ff is singular at rcond=1.0e-06, b_MVE drops at least one factor direction; the OOS MVE of this block is fragile
2026-09-06 18:40:05,680 narrative_ipca.sparse_ipca WARNING fit_sparse_ipca(lam=9.383e-07, K=3) did not converge in 500 sweeps
2026-09-06 18:40:45,367 narrative_ipca.tuning WARNING loocv_sharpe(lam=0.0001263, K=3): 16 of 16 fold fits have a singular Sigma_ff at rcond=1.0e-06; their b_MVE drop a factor direction and the stitched Sharpe is fragile
2026-09-06 18:40:47,565 narrative_ipca.tuning WARNING loocv_sharpe(lam=0.000205, K=3): 16 of 16 fold fits have a singular Sigma_ff at rcond=1.0e-06; their b_MVE drop a factor direction and the stitched Sharpe is fragile
2026-09-06 18:40:49,885 narrative_ipca.tuning WARNING loocv_sharpe(lam=0.0003329, K=3): 16 of 16 fold fits have a singular Sigma_ff at rcond=1.0e-06; their b_MVE drop a factor direction and the stitched Sharpe is fragile
2026-09-06 18:40:52,018 narrative_ipca.tuning WARNING loocv_sharpe(lam=0.0005406, K=3): 16 of 16 fold fits have a singular Sigma_ff at rcond=1.0e-06; their b_MVE drop a factor direction and the stitched Sharpe is fragile
2026-09-06 18:40:54,176 narrative_ipca.tuning WARNING loocv_sharpe(lam=0.0008777, K=3): 16 of 16 fold fits have a singular Sigma_ff at rcond=1.0e-06; their b_MVE drop a factor direction and the stitched Sharpe is fragile
2026-09-06 18:40:56,292 narrative_ipca.tuning WARNING loocv_sharpe(lam=0.001425, K=3): 16 of 16 fold fits have a singular Sigma_ff at rcond=1.0e-06; their b_MVE drop a factor direction and the stitched Sharpe is fragile
2026-09-06 18:40:58,393 narrative_ipca.tuning WARNING loocv_sharpe(lam=0.002314, K=3): 16 of 16 fold fits have a singular Sigma_ff at rcond=1.0e-06; their b_MVE drop a factor direction and the stitched Sharpe is fragile
2026-09-06 18:41:00,414 narrative_ipca.tuning WARNING loocv_sharpe(lam=0.003758, K=3): 16 of 16 fold fits have a singular Sigma_ff at rcond=1.0e-06; their b_MVE drop a factor direction and the stitched Sharpe is fragile
2026-09-06 18:41:02,422 narrative_ipca.tuning WARNING loocv_sharpe(lam=0.006102, K=3): 16 of 16 fold fits have a singular Sigma_ff at rcond=1.0e-06; their b_MVE drop a factor direction and the stitched Sharpe is fragile
2026-09-06 18:41:04,360 narrative_ipca.tuning WARNING loocv_sharpe(lam=0.009908, K=3): 16 of 16 fold fits have a singular Sigma_ff at rcond=1.0e-06; their b_MVE drop a factor direction and the stitched Sharpe is fragile
2026-09-06 18:41:04,365 narrative_ipca.tuning WARNING tune: the chosen point (lam=0.0005406, K=3, 5 selected) has a singular Sigma_ff at rcond=1.0e-06; its loocv_sharpe criterion and b_MVE drop at least one factor direction
2026-09-06 18:41:04,366 narrative_ipca.oos WARNING run_oos: refit 6/8 (lam=0.0005406, K=3, 5 selected): Sigma_ff is singular at rcond=1.0e-06, b_MVE drops at least one factor direction; the OOS MVE of this block is fragile
2026-09-06 18:41:10,233 narrative_ipca.sparse_ipca WARNING fit_sparse_ipca(lam=9.924e-07, K=3) did not converge in 500 sweeps
2026-09-06 18:41:19,637 narrative_ipca.tuning WARNING loocv_sharpe(lam=0.0001366, K=3): 16 of 16 fold fits have a singular Sigma_ff at rcond=1.0e-06; their b_MVE drop a factor direction and the stitched Sharpe is fragile
2026-09-06 18:41:22,252 narrative_ipca.tuning WARNING loocv_sharpe(lam=0.0002218, K=3): 16 of 16 fold fits have a singular Sigma_ff at rcond=1.0e-06; their b_MVE drop a factor direction and the stitched Sharpe is fragile
2026-09-06 18:41:24,838 narrative_ipca.tuning WARNING loocv_sharpe(lam=0.0003601, K=3): 16 of 16 fold fits have a singular Sigma_ff at rcond=1.0e-06; their b_MVE drop a factor direction and the stitched Sharpe is fragile
2026-09-06 18:41:27,644 narrative_ipca.tuning WARNING loocv_sharpe(lam=0.0005847, K=3): 16 of 16 fold fits have a singular Sigma_ff at rcond=1.0e-06; their b_MVE drop a factor direction and the stitched Sharpe is fragile
2026-09-06 18:41:30,332 narrative_ipca.tuning WARNING loocv_sharpe(lam=0.0009494, K=3): 16 of 16 fold fits have a singular Sigma_ff at rcond=1.0e-06; their b_MVE drop a factor direction and the stitched Sharpe is fragile
2026-09-06 18:41:32,838 narrative_ipca.tuning WARNING loocv_sharpe(lam=0.001542, K=3): 16 of 16 fold fits have a singular Sigma_ff at rcond=1.0e-06; their b_MVE drop a factor direction and the stitched Sharpe is fragile
2026-09-06 18:41:35,341 narrative_ipca.tuning WARNING loocv_sharpe(lam=0.002503, K=3): 16 of 16 fold fits have a singular Sigma_ff at rcond=1.0e-06; their b_MVE drop a factor direction and the stitched Sharpe is fragile
2026-09-06 18:41:37,747 narrative_ipca.tuning WARNING loocv_sharpe(lam=0.004065, K=3): 16 of 16 fold fits have a singular Sigma_ff at rcond=1.0e-06; their b_MVE drop a factor direction and the stitched Sharpe is fragile
2026-09-06 18:41:40,099 narrative_ipca.tuning WARNING loocv_sharpe(lam=0.0066, K=3): 16 of 16 fold fits have a singular Sigma_ff at rcond=1.0e-06; their b_MVE drop a factor direction and the stitched Sharpe is fragile
2026-09-06 18:41:42,379 narrative_ipca.tuning WARNING loocv_sharpe(lam=0.01072, K=3): 16 of 16 fold fits have a singular Sigma_ff at rcond=1.0e-06; their b_MVE drop a factor direction and the stitched Sharpe is fragile
2026-09-06 18:41:42,384 narrative_ipca.tuning WARNING tune: the chosen point (lam=0.001542, K=3, 4 selected) has a singular Sigma_ff at rcond=1.0e-06; its loocv_sharpe criterion and b_MVE drop at least one factor direction
2026-09-06 18:41:42,384 narrative_ipca.oos WARNING run_oos: refit 8/8 (lam=0.001542, K=3, 4 selected): Sigma_ff is singular at rcond=1.0e-06, b_MVE drops at least one factor direction; the OOS MVE of this block is fragile
2026-09-06 18:41:42,520 run_full_study INFO variant loocv: weak seed 0 done in 1879s -> FAIL (n_selected 10.0, oos_sharpe 0.5281810908437967)
2026-09-06 18:41:49,311 narrative_ipca.tuning WARNING loocv_sharpe(lam=0.0001334, K=3): 16 of 16 fold fits have a singular Sigma_ff at rcond=1.0e-06; their b_MVE drop a factor direction and the stitched Sharpe is fragile
2026-09-06 18:41:51,432 narrative_ipca.tuning WARNING loocv_sharpe(lam=0.0002166, K=3): 16 of 16 fold fits have a singular Sigma_ff at rcond=1.0e-06; their b_MVE drop a factor direction and the stitched Sharpe is fragile
2026-09-06 18:41:53,582 narrative_ipca.tuning WARNING loocv_sharpe(lam=0.0003516, K=3): 16 of 16 fold fits have a singular Sigma_ff at rcond=1.0e-06; their b_MVE drop a factor direction and the stitched Sharpe is fragile
2026-09-06 18:41:55,664 narrative_ipca.tuning WARNING loocv_sharpe(lam=0.000571, K=3): 16 of 16 fold fits have a singular Sigma_ff at rcond=1.0e-06; their b_MVE drop a factor direction and the stitched Sharpe is fragile
2026-09-06 18:41:57,793 narrative_ipca.tuning WARNING loocv_sharpe(lam=0.0009271, K=3): 16 of 16 fold fits have a singular Sigma_ff at rcond=1.0e-06; their b_MVE drop a factor direction and the stitched Sharpe is fragile
2026-09-06 18:41:59,914 narrative_ipca.tuning WARNING loocv_sharpe(lam=0.001505, K=3): 16 of 16 fold fits have a singular Sigma_ff at rcond=1.0e-06; their b_MVE drop a factor direction and the stitched Sharpe is fragile
2026-09-06 18:42:02,093 narrative_ipca.tuning WARNING loocv_sharpe(lam=0.002445, K=3): 16 of 16 fold fits have a singular Sigma_ff at rcond=1.0e-06; their b_MVE drop a factor direction and the stitched Sharpe is fragile
2026-09-06 18:42:04,116 narrative_ipca.tuning WARNING loocv_sharpe(lam=0.003969, K=3): 16 of 16 fold fits have a singular Sigma_ff at rcond=1.0e-06; their b_MVE drop a factor direction and the stitched Sharpe is fragile
2026-09-06 18:42:06,088 narrative_ipca.tuning WARNING loocv_sharpe(lam=0.006445, K=3): 16 of 16 fold fits have a singular Sigma_ff at rcond=1.0e-06; their b_MVE drop a factor direction and the stitched Sharpe is fragile
2026-09-06 18:42:08,099 narrative_ipca.tuning WARNING loocv_sharpe(lam=0.01047, K=3): 16 of 16 fold fits have a singular Sigma_ff at rcond=1.0e-06; their b_MVE drop a factor direction and the stitched Sharpe is fragile
2026-09-06 18:42:08,229 run_full_study INFO variant loocv: softmax seed 2 done in 2020s -> FAIL (n_selected 78.0, oos_sharpe 0.5459251352637331)
2026-09-06 18:42:10,262 narrative_ipca.tuning WARNING loocv_sharpe(lam=0.0001196, K=3): 16 of 16 fold fits have a singular Sigma_ff at rcond=1.0e-06; their b_MVE drop a factor direction and the stitched Sharpe is fragile
2026-09-06 18:42:12,131 narrative_ipca.tuning WARNING loocv_sharpe(lam=0.0001942, K=3): 16 of 16 fold fits have a singular Sigma_ff at rcond=1.0e-06; their b_MVE drop a factor direction and the stitched Sharpe is fragile
2026-09-06 18:42:13,895 narrative_ipca.tuning WARNING loocv_sharpe(lam=0.0003153, K=3): 16 of 16 fold fits have a singular Sigma_ff at rcond=1.0e-06; their b_MVE drop a factor direction and the stitched Sharpe is fragile
2026-09-06 18:42:15,644 narrative_ipca.tuning WARNING loocv_sharpe(lam=0.0005119, K=3): 16 of 16 fold fits have a singular Sigma_ff at rcond=1.0e-06; their b_MVE drop a factor direction and the stitched Sharpe is fragile
2026-09-06 18:42:17,412 narrative_ipca.tuning WARNING loocv_sharpe(lam=0.0008312, K=3): 16 of 16 fold fits have a singular Sigma_ff at rcond=1.0e-06; their b_MVE drop a factor direction and the stitched Sharpe is fragile
2026-09-06 18:42:19,154 narrative_ipca.tuning WARNING loocv_sharpe(lam=0.00135, K=3): 16 of 16 fold fits have a singular Sigma_ff at rcond=1.0e-06; their b_MVE drop a factor direction and the stitched Sharpe is fragile
2026-09-06 18:42:20,867 narrative_ipca.tuning WARNING loocv_sharpe(lam=0.002192, K=3): 16 of 16 fold fits have a singular Sigma_ff at rcond=1.0e-06; their b_MVE drop a factor direction and the stitched Sharpe is fragile
2026-09-06 18:42:22,562 narrative_ipca.tuning WARNING loocv_sharpe(lam=0.003559, K=3): 16 of 16 fold fits have a singular Sigma_ff at rcond=1.0e-06; their b_MVE drop a factor direction and the stitched Sharpe is fragile
2026-09-06 18:42:24,206 narrative_ipca.tuning WARNING loocv_sharpe(lam=0.005779, K=3): 16 of 16 fold fits have a singular Sigma_ff at rcond=1.0e-06; their b_MVE drop a factor direction and the stitched Sharpe is fragile
2026-09-06 18:42:25,813 narrative_ipca.tuning WARNING loocv_sharpe(lam=0.009383, K=3): 16 of 16 fold fits have a singular Sigma_ff at rcond=1.0e-06; their b_MVE drop a factor direction and the stitched Sharpe is fragile
2026-09-06 18:42:25,817 narrative_ipca.tuning WARNING tune: the chosen point (lam=0.009383, K=3, 1 selected) has a singular Sigma_ff at rcond=1.0e-06; its loocv_sharpe criterion and b_MVE drop at least one factor direction
2026-09-06 18:42:25,818 narrative_ipca.oos WARNING run_oos: refit 8/8 (lam=0.009383, K=3, 1 selected): Sigma_ff is singular at rcond=1.0e-06, b_MVE drops at least one factor direction; the OOS MVE of this block is fragile
2026-09-06 18:42:25,919 run_full_study INFO variant loocv: weak seed 1 done in 1794s -> FAIL (n_selected 2.0, oos_sharpe 0.11249127873376617)
2026-09-06 18:43:02,715 narrative_ipca.tuning WARNING loocv_sharpe(lam=0.0001265, K=3): 16 of 16 fold fits have a singular Sigma_ff at rcond=1.0e-06; their b_MVE drop a factor direction and the stitched Sharpe is fragile
2026-09-06 18:43:04,346 narrative_ipca.tuning WARNING loocv_sharpe(lam=0.0002053, K=3): 16 of 16 fold fits have a singular Sigma_ff at rcond=1.0e-06; their b_MVE drop a factor direction and the stitched Sharpe is fragile
2026-09-06 18:43:05,968 narrative_ipca.tuning WARNING loocv_sharpe(lam=0.0003334, K=3): 16 of 16 fold fits have a singular Sigma_ff at rcond=1.0e-06; their b_MVE drop a factor direction and the stitched Sharpe is fragile
2026-09-06 18:43:07,466 narrative_ipca.tuning WARNING loocv_sharpe(lam=0.0005414, K=3): 16 of 16 fold fits have a singular Sigma_ff at rcond=1.0e-06; their b_MVE drop a factor direction and the stitched Sharpe is fragile
2026-09-06 18:43:08,962 narrative_ipca.tuning WARNING loocv_sharpe(lam=0.0008792, K=3): 16 of 16 fold fits have a singular Sigma_ff at rcond=1.0e-06; their b_MVE drop a factor direction and the stitched Sharpe is fragile
2026-09-06 18:43:10,452 narrative_ipca.tuning WARNING loocv_sharpe(lam=0.001428, K=3): 16 of 16 fold fits have a singular Sigma_ff at rcond=1.0e-06; their b_MVE drop a factor direction and the stitched Sharpe is fragile
2026-09-06 18:43:11,898 narrative_ipca.tuning WARNING loocv_sharpe(lam=0.002318, K=3): 16 of 16 fold fits have a singular Sigma_ff at rcond=1.0e-06; their b_MVE drop a factor direction and the stitched Sharpe is fragile
2026-09-06 18:43:13,293 narrative_ipca.tuning WARNING loocv_sharpe(lam=0.003764, K=3): 16 of 16 fold fits have a singular Sigma_ff at rcond=1.0e-06; their b_MVE drop a factor direction and the stitched Sharpe is fragile
2026-09-06 18:43:14,621 narrative_ipca.tuning WARNING loocv_sharpe(lam=0.006112, K=3): 16 of 16 fold fits have a singular Sigma_ff at rcond=1.0e-06; their b_MVE drop a factor direction and the stitched Sharpe is fragile
2026-09-06 18:43:15,950 narrative_ipca.tuning WARNING loocv_sharpe(lam=0.009924, K=3): 16 of 16 fold fits have a singular Sigma_ff at rcond=1.0e-06; their b_MVE drop a factor direction and the stitched Sharpe is fragile
2026-09-06 18:43:19,876 narrative_ipca.sparse_ipca WARNING fit_sparse_ipca(lam=9.909e-07, K=3) did not converge in 500 sweeps
2026-09-06 18:44:53,367 narrative_ipca.tuning WARNING loocv_sharpe(lam=0.0001263, K=3): 16 of 16 fold fits have a singular Sigma_ff at rcond=1.0e-06; their b_MVE drop a factor direction and the stitched Sharpe is fragile
2026-09-06 18:44:54,891 narrative_ipca.tuning WARNING loocv_sharpe(lam=0.000205, K=3): 16 of 16 fold fits have a singular Sigma_ff at rcond=1.0e-06; their b_MVE drop a factor direction and the stitched Sharpe is fragile
2026-09-06 18:44:56,647 narrative_ipca.tuning WARNING loocv_sharpe(lam=0.0003329, K=3): 16 of 16 fold fits have a singular Sigma_ff at rcond=1.0e-06; their b_MVE drop a factor direction and the stitched Sharpe is fragile
2026-09-06 18:44:58,155 narrative_ipca.tuning WARNING loocv_sharpe(lam=0.0005406, K=3): 16 of 16 fold fits have a singular Sigma_ff at rcond=1.0e-06; their b_MVE drop a factor direction and the stitched Sharpe is fragile
2026-09-06 18:44:59,674 narrative_ipca.tuning WARNING loocv_sharpe(lam=0.0008778, K=3): 16 of 16 fold fits have a singular Sigma_ff at rcond=1.0e-06; their b_MVE drop a factor direction and the stitched Sharpe is fragile
2026-09-06 18:45:01,203 narrative_ipca.tuning WARNING loocv_sharpe(lam=0.001425, K=3): 16 of 16 fold fits have a singular Sigma_ff at rcond=1.0e-06; their b_MVE drop a factor direction and the stitched Sharpe is fragile
2026-09-06 18:45:02,682 narrative_ipca.tuning WARNING loocv_sharpe(lam=0.002315, K=3): 16 of 16 fold fits have a singular Sigma_ff at rcond=1.0e-06; their b_MVE drop a factor direction and the stitched Sharpe is fragile
2026-09-06 18:45:04,127 narrative_ipca.tuning WARNING loocv_sharpe(lam=0.003758, K=3): 16 of 16 fold fits have a singular Sigma_ff at rcond=1.0e-06; their b_MVE drop a factor direction and the stitched Sharpe is fragile
2026-09-06 18:45:05,525 narrative_ipca.tuning WARNING loocv_sharpe(lam=0.006103, K=3): 16 of 16 fold fits have a singular Sigma_ff at rcond=1.0e-06; their b_MVE drop a factor direction and the stitched Sharpe is fragile
2026-09-06 18:45:06,916 narrative_ipca.tuning WARNING loocv_sharpe(lam=0.009909, K=3): 16 of 16 fold fits have a singular Sigma_ff at rcond=1.0e-06; their b_MVE drop a factor direction and the stitched Sharpe is fragile
2026-09-06 18:45:07,009 run_full_study INFO variant loocv: weak seed 2 done in 1808s -> FAIL (n_selected 4.0, oos_sharpe 0.4260001272843748)
2026-09-06 18:45:07,382 narrative_ipca.harness INFO write_report: reports\simulation\full\loocv\harness_2026-09-06.md

  scenario  seed  n_selected  selection_recall  selection_precision  placebo_selected  mve_sharpe_is  oos_sharpe  oos_sharpe_true_mve  factor_canonical_corr  gamma_subspace_cos  instrument_beta_r2_relevant  instrument_beta_r2_noise  oos_selection_stability  runtime_seconds
  baseline     0         9.0              0.45                1.000               0.0          1.033       0.931                1.070                  0.995               0.610                        0.839                     0.106                    0.582          415.186
  baseline     1        11.0              0.55                1.000               0.0          0.937       0.375                0.561                  0.993               0.842                        0.795                     0.108                    0.817          391.559
  baseline     2        83.0              0.85                0.205              14.0          1.325       0.765                1.219                  0.994               0.465                        0.786                     0.101                    0.795          391.058
 no_factor     0         3.0              0.00                0.000               1.0          0.600      -0.152                  NaN                  0.161                 NaN                        0.000                     0.000                    0.531          262.053
 no_factor     1         6.0              0.00                0.000               2.0          0.235      -0.646                  NaN                  0.326                 NaN                        0.000                     0.000                    0.554          249.126
 no_factor     2         3.0              0.00                0.000               0.0          0.578       0.064                  NaN                  0.098                 NaN                        0.000                     0.000                    0.297          293.778
topic_null     0        95.0              0.65                0.137              16.0          1.033       0.572                1.070                  0.975                 NaN                        0.100                     0.106                    0.898          392.259
topic_null     1        67.0              0.40                0.119              13.0          0.781       0.181                0.561                  0.980                 NaN                        0.110                     0.108                    0.606          388.303
topic_null     2        91.0              0.75                0.165              15.0          1.122       0.405                1.219                  0.974                 NaN                        0.094                     0.101                    0.690          335.585
   softmax     0        11.0              0.55                1.000               0.0          1.032       0.881                1.070                  0.995               0.518                        0.817                     0.209                    0.771          355.693
   softmax     1        13.0              0.65                1.000               0.0          0.920       0.302                0.561                  0.993               0.762                        0.782                     0.170                    0.826          349.806
   softmax     2        48.0              0.75                0.312               6.0          1.301       0.714                1.219                  0.994               0.533                        0.778                     0.124                    0.661          304.233
      weak     0        11.0              0.55                1.000               0.0          0.717       0.358                0.701                  0.994               0.627                        0.652                     0.107                    0.694          303.734
      weak     1       112.0              0.95                0.170              18.0          0.565      -0.013                0.135                  0.992               0.677                        0.566                     0.108                    0.906          299.096
      weak     2        47.0              0.85                0.362               6.0          0.972       0.415                0.828                  0.994               0.577                        0.582                     0.101                    0.799          302.563

=== variant loocv: report reports\simulation\full\loocv\harness_2026-09-06.md
            selection_recall  selection_recall_strong  selection_precision  beta_canonical_corr  placebo_selected  gamma_subspace_cos  factor_canonical_corr  state_canonical_corr  impact_spearman  oos_sharpe_ratio_to_true  systematic_r2_recovered  null_selection_lift  null_oos_sharpe_abs  all
scenario                                                                                                                                                                                                                                                                                             
baseline                0.33                     0.33                 0.67                  1.0              0.67                 0.0                    1.0                  0.67             0.67                      0.67                      1.0                  NaN                  NaN  0.0
no_factor                NaN                      NaN                  NaN                  NaN              0.00                 NaN                    NaN                   NaN              NaN                       NaN                      NaN                 0.33                  1.0  0.0
topic_null               NaN                      NaN                  NaN                  NaN               NaN                 NaN                    NaN                   NaN              NaN                       NaN                      NaN                  NaN                  NaN  1.0
softmax                 0.33                     0.33                 0.67                  1.0              0.67                 0.0                    1.0                  0.67             0.33                      0.67                      1.0                  NaN                  NaN  0.0
weak                    0.33                     0.33                 1.00                  1.0              1.00                 0.0                    1.0                  0.00             0.00                      1.00                      1.0                  NaN                  NaN  0.0
  scenario  seed  n_selected  selection_recall  selection_precision  placebo_selected  mve_sharpe_is  oos_sharpe  oos_sharpe_true_mve  factor_canonical_corr  gamma_subspace_cos  instrument_beta_r2_relevant  instrument_beta_r2_noise  oos_selection_stability  runtime_seconds
  baseline     0         7.0              0.35                1.000               0.0          0.894       0.816                1.070                  0.995                 NaN                        0.839                     0.106                    0.248         2229.464
  baseline     1         3.0              0.15                1.000               0.0          0.677       0.446                0.561                  0.994                 NaN                        0.795                     0.108                    0.225         2373.164
  baseline     2       118.0              1.00                0.169              19.0          1.331       0.595                1.219                  0.992               0.507                        0.786                     0.101                    0.573         2617.051
 no_factor     0        96.0              0.80                0.167              17.0          0.424      -0.361                  NaN                  0.204                 NaN                        0.000                     0.000                    0.591         2341.837
 no_factor     1         6.0              0.00                0.000               2.0          0.235      -0.504                  NaN                  0.326                 NaN                        0.000                     0.000                    0.498         2487.692
 no_factor     2       120.0              1.00                0.167              20.0          0.478       0.038                  NaN                  0.115                 NaN                        0.000                     0.000                    0.243         2763.505
topic_null     0       118.0              1.00                0.169              19.0          0.994       1.079                1.070                  0.969                 NaN                        0.100                     0.106                    0.587         2971.512
topic_null     1        39.0              0.30                0.154               9.0          0.688       0.190                0.561                  0.983                 NaN                        0.110                     0.108                    0.584         1890.407
topic_null     2       114.0              0.90                0.158              20.0          1.086       0.306                1.219                  0.963                 NaN                        0.094                     0.101                    0.305         2173.930
   softmax     0         7.0              0.35                1.000               0.0          0.890       0.765                1.070                  0.995                 NaN                        0.817                     0.209                    0.188         1948.304
   softmax     1         4.0              0.20                1.000               0.0          0.669       0.411                0.561                  0.993                 NaN                        0.782                     0.170                    0.402         1825.144
   softmax     2        78.0              0.80                0.205              14.0          1.315       0.546                1.219                  0.994               0.559                        0.778                     0.124                    0.431         2019.572
      weak     0        10.0              0.50                1.000               0.0          0.614       0.528                0.701                  0.995                 NaN                        0.652                     0.107                    0.307         1879.100
      weak     1         2.0              0.10                1.000               0.0          0.412       0.112                0.135                  0.994                 NaN                        0.566                     0.108                    0.449         1793.395
      weak     2         4.0              0.20                1.000               0.0          0.732       0.426                0.828                  0.994                 NaN                        0.582                     0.101                    0.443         1807.865

reports: {
 "bks": "reports\\simulation\\full\\bks\\harness_2026-09-06.md",
 "tol02": "reports\\simulation\\full\\tol02\\harness_2026-09-06.md",
 "loocv": "reports\\simulation\\full\\loocv\\harness_2026-09-06.md"
}
